pdb_id	state	chain	family_gene	ref_n_pos	n_protein_res	n_protein_chains	min_protein_dist	n_snrna_contacts	n_other_rna_contacts	paralog_family	family_ref_pos
3JCR	tri-snRNP	M	RNU4-2	1	0	0	5.5	0	0	U4	1.0
3JCR	tri-snRNP	M	RNU4-2	2	0	0	5.5	0	0	U4	2.0
3JCR	tri-snRNP	M	RNU4-2	3	0	0	5.5	0	0	U4	3.0
3JCR	tri-snRNP	M	RNU4-2	4	0	0	5.5	0	0	U4	4.0
3JCR	tri-snRNP	M	RNU4-2	5	0	0	5.5	0	0	U4	5.0
3JCR	tri-snRNP	M	RNU4-2	6	0	0	5.5	0	0	U4	6.0
3JCR	tri-snRNP	M	RNU4-2	7	0	0	5.5	0	0	U4	7.0
3JCR	tri-snRNP	M	RNU4-2	8	0	0	5.5	0	0	U4	8.0
3JCR	tri-snRNP	M	RNU4-2	9	0	0	5.5	0	0	U4	9.0
3JCR	tri-snRNP	M	RNU4-2	10	0	0	5.5	0	0	U4	10.0
3JCR	tri-snRNP	M	RNU4-2	11	0	0	5.5	0	0	U4	11.0
3JCR	tri-snRNP	M	RNU4-2	12	0	0	5.5	0	0	U4	12.0
3JCR	tri-snRNP	M	RNU4-2	13	0	0	5.5	0	0	U4	13.0
3JCR	tri-snRNP	M	RNU4-2	14	0	0	5.5	0	0	U4	14.0
3JCR	tri-snRNP	M	RNU4-2	15	0	0	5.5	0	0	U4	15.0
3JCR	tri-snRNP	M	RNU4-2	16	0	0	5.5	0	0	U4	16.0
3JCR	tri-snRNP	M	RNU4-2	21	0	0	5.5	0	0	U4	21.0
3JCR	tri-snRNP	M	RNU4-2	22	0	0	5.5	0	0	U4	22.0
3JCR	tri-snRNP	M	RNU4-2	23	0	0	5.5	0	0	U4	23.0
3JCR	tri-snRNP	M	RNU4-2	24	0	0	5.5	0	0	U4	24.0
3JCR	tri-snRNP	M	RNU4-2	25	0	0	5.5	0	0	U4	25.0
3JCR	tri-snRNP	M	RNU4-2	26	0	0	5.5	0	0	U4	26.0
3JCR	tri-snRNP	M	RNU4-2	27	0	0	5.5	0	0	U4	27.0
3JCR	tri-snRNP	M	RNU4-2	28	0	0	5.5	0	0	U4	28.0
3JCR	tri-snRNP	M	RNU4-2	29	0	0	5.5	0	0	U4	29.0
3JCR	tri-snRNP	M	RNU4-2	30	0	0	5.5	0	0	U4	30.0
3JCR	tri-snRNP	M	RNU4-2	31	1	1	4.151051192168066	0	0	U4	31.0
3JCR	tri-snRNP	M	RNU4-2	32	2	1	3.666088651410372	0	0	U4	32.0
3JCR	tri-snRNP	M	RNU4-2	33	1	1	4.3916311320510415	0	0	U4	33.0
3JCR	tri-snRNP	M	RNU4-2	34	1	1	4.260076173027881	0	0	U4	34.0
3JCR	tri-snRNP	M	RNU4-2	35	0	0	5.5	0	0	U4	35.0
3JCR	tri-snRNP	M	RNU4-2	36	0	0	5.5	0	0	U4	36.0
3JCR	tri-snRNP	M	RNU4-2	37	0	0	5.5	0	0	U4	37.0
3JCR	tri-snRNP	M	RNU4-2	38	0	0	5.5	0	0	U4	38.0
3JCR	tri-snRNP	M	RNU4-2	39	0	0	5.5	0	0	U4	39.0
3JCR	tri-snRNP	M	RNU4-2	40	0	0	5.5	0	0	U4	40.0
3JCR	tri-snRNP	M	RNU4-2	41	0	0	5.5	0	0	U4	41.0
3JCR	tri-snRNP	M	RNU4-2	42	0	0	5.5	0	0	U4	42.0
3JCR	tri-snRNP	M	RNU4-2	43	0	0	5.5	0	0	U4	43.0
3JCR	tri-snRNP	M	RNU4-2	44	0	0	5.5	0	0	U4	44.0
3JCR	tri-snRNP	M	RNU4-2	45	0	0	5.5	0	0	U4	45.0
3JCR	tri-snRNP	M	RNU4-2	46	0	0	5.5	0	0	U4	46.0
3JCR	tri-snRNP	M	RNU4-2	47	0	0	5.5	0	0	U4	47.0
3JCR	tri-snRNP	M	RNU4-2	48	0	0	5.5	0	0	U4	48.0
3JCR	tri-snRNP	M	RNU4-2	49	0	0	5.5	0	0	U4	49.0
3JCR	tri-snRNP	M	RNU4-2	50	0	0	5.5	0	0	U4	50.0
3JCR	tri-snRNP	M	RNU4-2	54	0	0	5.5	0	0	U4	54.0
3JCR	tri-snRNP	M	RNU4-2	55	0	0	5.5	0	0	U4	55.0
3JCR	tri-snRNP	M	RNU4-2	56	0	0	5.5	0	0	U4	56.0
3JCR	tri-snRNP	M	RNU4-2	57	0	0	5.5	0	0	U4	57.0
3JCR	tri-snRNP	M	RNU4-2	58	0	0	5.5	0	0	U4	58.0
3JCR	tri-snRNP	M	RNU4-2	59	0	0	5.5	0	0	U4	59.0
3JCR	tri-snRNP	M	RNU4-2	60	0	0	5.5	0	0	U4	60.0
3JCR	tri-snRNP	M	RNU4-2	61	0	0	5.5	0	0	U4	61.0
3JCR	tri-snRNP	M	RNU4-2	62	0	0	5.5	0	0	U4	62.0
3JCR	tri-snRNP	M	RNU4-2	83	0	0	5.5	0	0	U4	83.0
3JCR	tri-snRNP	M	RNU4-2	84	0	0	5.5	0	0	U4	84.0
3JCR	tri-snRNP	M	RNU4-2	85	0	0	5.5	0	0	U4	85.0
3JCR	tri-snRNP	M	RNU4-2	89	0	0	5.5	0	0	U4	89.0
3JCR	tri-snRNP	M	RNU4-2	90	0	0	5.5	0	0	U4	90.0
3JCR	tri-snRNP	M	RNU4-2	91	0	0	5.5	0	0	U4	91.0
3JCR	tri-snRNP	M	RNU4-2	92	0	0	5.5	0	0	U4	92.0
3JCR	tri-snRNP	M	RNU4-2	93	0	0	5.5	0	0	U4	93.0
3JCR	tri-snRNP	M	RNU4-2	94	0	0	5.5	0	0	U4	94.0
3JCR	tri-snRNP	M	RNU4-2	95	0	0	5.5	0	0	U4	95.0
3JCR	tri-snRNP	M	RNU4-2	104	0	0	5.5	0	0	U4	104.0
3JCR	tri-snRNP	M	RNU4-2	105	0	0	5.5	0	0	U4	105.0
3JCR	tri-snRNP	M	RNU4-2	106	0	0	5.5	0	0	U4	106.0
3JCR	tri-snRNP	M	RNU4-2	107	0	0	5.5	0	0	U4	107.0
3JCR	tri-snRNP	M	RNU4-2	108	0	0	5.5	0	0	U4	108.0
3JCR	tri-snRNP	M	RNU4-2	109	0	0	5.5	0	0	U4	109.0
3JCR	tri-snRNP	M	RNU4-2	110	0	0	5.5	0	0	U4	110.0
3JCR	tri-snRNP	M	RNU4-2	111	0	0	5.5	0	0	U4	111.0
3JCR	tri-snRNP	M	RNU4-2	112	0	0	5.5	0	0	U4	112.0
3JCR	tri-snRNP	M	RNU4-2	113	0	0	5.5	0	0	U4	113.0
3JCR	tri-snRNP	M	RNU4-2	114	0	0	5.5	0	0	U4	114.0
3JCR	tri-snRNP	M	RNU4-2	115	0	0	5.5	0	0	U4	115.0
3JCR	tri-snRNP	M	RNU4-2	116	0	0	5.5	0	0	U4	116.0
3JCR	tri-snRNP	M	RNU4-2	117	0	0	5.5	0	0	U4	117.0
3JCR	tri-snRNP	M	RNU4-2	118	0	0	5.5	0	0	U4	118.0
3JCR	tri-snRNP	M	RNU4-2	119	1	1	4.25994330948195	0	0	U4	119.0
3JCR	tri-snRNP	M	RNU4-2	120	0	0	5.5	0	0	U4	120.0
3JCR	tri-snRNP	M	RNU4-2	121	0	0	5.5	0	0	U4	121.0
3JCR	tri-snRNP	M	RNU4-2	122	0	0	5.5	0	0	U4	122.0
3JCR	tri-snRNP	M	RNU4-2	123	1	1	3.9552553647015265	0	0	U4	123.0
3JCR	tri-snRNP	M	RNU4-2	124	0	0	5.5	0	0	U4	124.0
3JCR	tri-snRNP	M	RNU4-2	125	0	0	5.5	0	0	U4	125.0
3JCR	tri-snRNP	M	RNU4-2	126	0	0	5.5	0	0	U4	126.0
3JCR	tri-snRNP	M	RNU4-2	127	0	0	5.5	0	0	U4	127.0
3JCR	tri-snRNP	M	RNU4-2	128	0	0	5.5	0	0	U4	128.0
3JCR	tri-snRNP	M	RNU4-2	129	0	0	5.5	0	0	U4	129.0
3JCR	tri-snRNP	M	RNU4-2	130	0	0	5.5	0	0	U4	130.0
3JCR	tri-snRNP	M	RNU4-2	131	0	0	5.5	0	0	U4	131.0
3JCR	tri-snRNP	M	RNU4-2	132	0	0	5.5	0	0	U4	132.0
3JCR	tri-snRNP	M	RNU4-2	133	0	0	5.5	0	0	U4	133.0
3JCR	tri-snRNP	M	RNU4-2	138	0	0	5.5	0	0	U4	138.0
3JCR	tri-snRNP	M	RNU4-2	139	0	0	5.5	0	0	U4	139.0
3JCR	tri-snRNP	M	RNU4-2	140	0	0	5.5	0	0	U4	140.0
3JCR	tri-snRNP	M	RNU4-2	141	0	0	5.5	0	0	U4	141.0
3JCR	tri-snRNP	N	RNU6-7	50	0	0	5.5	0	0	U6	50.0
3JCR	tri-snRNP	N	RNU6-7	51	0	0	5.5	0	0	U6	51.0
3JCR	tri-snRNP	N	RNU6-7	52	0	0	5.5	0	0	U6	52.0
3JCR	tri-snRNP	N	RNU6-7	53	0	0	5.5	0	0	U6	53.0
3JCR	tri-snRNP	N	RNU6-7	54	0	0	5.5	0	0	U6	54.0
3JCR	tri-snRNP	N	RNU6-7	55	0	0	5.5	0	0	U6	55.0
3JCR	tri-snRNP	N	RNU6-7	56	0	0	5.5	0	0	U6	56.0
3JCR	tri-snRNP	N	RNU6-7	59	0	0	5.5	0	0	U6	59.0
3JCR	tri-snRNP	N	RNU6-7	60	0	0	5.5	0	0	U6	60.0
3JCR	tri-snRNP	N	RNU6-7	61	0	0	5.5	0	0	U6	61.0
3JCR	tri-snRNP	N	RNU6-7	62	0	0	5.5	0	0	U6	62.0
3JCR	tri-snRNP	N	RNU6-7	63	0	0	5.5	0	0	U6	63.0
3JCR	tri-snRNP	N	RNU6-7	64	0	0	5.5	0	0	U6	64.0
3JCR	tri-snRNP	N	RNU6-7	65	0	0	5.5	0	0	U6	65.0
3JCR	tri-snRNP	N	RNU6-7	66	0	0	5.5	0	0	U6	66.0
3JCR	tri-snRNP	N	RNU6-7	67	0	0	5.5	0	0	U6	67.0
3JCR	tri-snRNP	N	RNU6-7	68	0	0	5.5	0	0	U6	68.0
3JCR	tri-snRNP	N	RNU6-7	69	0	0	5.5	0	0	U6	69.0
3JCR	tri-snRNP	N	RNU6-7	70	0	0	5.5	0	0	U6	70.0
3JCR	tri-snRNP	N	RNU6-7	71	0	0	5.5	0	0	U6	71.0
3JCR	tri-snRNP	N	RNU6-7	72	0	0	5.5	0	0	U6	72.0
3JCR	tri-snRNP	N	RNU6-7	73	0	0	5.5	0	0	U6	73.0
3JCR	tri-snRNP	N	RNU6-7	74	0	0	5.5	0	0	U6	74.0
3JCR	tri-snRNP	N	RNU6-7	75	0	0	5.5	0	0	U6	75.0
3JCR	tri-snRNP	N	RNU6-7	76	0	0	5.5	0	0	U6	76.0
3JCR	tri-snRNP	N	RNU6-7	77	0	0	5.5	0	0	U6	77.0
3JCR	tri-snRNP	N	RNU6-7	78	1	1	3.7363182412637292	0	0	U6	78.0
3JCR	tri-snRNP	N	RNU6-7	79	0	0	5.5	0	0	U6	79.0
3JCR	tri-snRNP	N	RNU6-7	80	0	0	5.5	0	0	U6	80.0
3JCR	tri-snRNP	N	RNU6-7	81	1	1	4.086787613762182	0	0	U6	81.0
3JCR	tri-snRNP	N	RNU6-7	82	0	0	5.5	0	0	U6	82.0
3JCR	tri-snRNP	N	RNU6-7	83	0	0	5.5	0	0	U6	83.0
3JCR	tri-snRNP	N	RNU6-7	84	0	0	5.5	0	0	U6	84.0
3JCR	tri-snRNP	N	RNU6-7	85	0	0	5.5	0	0	U6	85.0
3JCR	tri-snRNP	N	RNU6-7	86	0	0	5.5	0	0	U6	86.0
3JCR	tri-snRNP	N	RNU6-7	88	0	0	5.5	0	0	U6	88.0
3JCR	tri-snRNP	N	RNU6-7	89	0	0	5.5	0	0	U6	89.0
3JCR	tri-snRNP	H	RNU5A-1	3	0	0	5.5	0	0	U5	3.0
3JCR	tri-snRNP	H	RNU5A-1	4	0	0	5.5	0	0	U5	4.0
3JCR	tri-snRNP	H	RNU5A-1	5	0	0	5.5	0	0	U5	5.0
3JCR	tri-snRNP	H	RNU5A-1	6	0	0	5.5	0	0	U5	6.0
3JCR	tri-snRNP	H	RNU5A-1	10	0	0	5.5	0	0	U5	10.0
3JCR	tri-snRNP	H	RNU5A-1	11	0	0	5.5	0	0	U5	11.0
3JCR	tri-snRNP	H	RNU5A-1	12	0	0	5.5	0	0	U5	12.0
3JCR	tri-snRNP	H	RNU5A-1	13	0	0	5.5	0	0	U5	13.0
3JCR	tri-snRNP	H	RNU5A-1	14	1	1	3.9434898250154	0	0	U5	14.0
3JCR	tri-snRNP	H	RNU5A-1	15	0	0	5.5	0	0	U5	15.0
3JCR	tri-snRNP	H	RNU5A-1	16	1	1	4.134237656448878	0	0	U5	16.0
3JCR	tri-snRNP	H	RNU5A-1	17	0	0	5.5	0	0	U5	17.0
3JCR	tri-snRNP	H	RNU5A-1	18	0	0	5.5	0	0	U5	18.0
3JCR	tri-snRNP	H	RNU5A-1	19	0	0	5.5	0	0	U5	19.0
3JCR	tri-snRNP	H	RNU5A-1	28	3	1	3.1172382007155037	0	0	U5	28.0
3JCR	tri-snRNP	H	RNU5A-1	29	0	0	5.5	0	0	U5	29.0
3JCR	tri-snRNP	H	RNU5A-1	30	0	0	5.5	0	0	U5	30.0
3JCR	tri-snRNP	H	RNU5A-1	31	0	0	5.5	0	0	U5	31.0
3JCR	tri-snRNP	H	RNU5A-1	32	0	0	5.5	0	0	U5	32.0
3JCR	tri-snRNP	H	RNU5A-1	33	0	0	5.5	0	0	U5	33.0
3JCR	tri-snRNP	H	RNU5A-1	34	0	0	5.5	0	0	U5	34.0
3JCR	tri-snRNP	H	RNU5A-1	35	0	0	5.5	0	0	U5	35.0
3JCR	tri-snRNP	H	RNU5A-1	36	0	0	5.5	0	0	U5	36.0
3JCR	tri-snRNP	H	RNU5A-1	37	0	0	5.5	0	0	U5	37.0
3JCR	tri-snRNP	H	RNU5A-1	38	0	0	5.5	0	0	U5	38.0
3JCR	tri-snRNP	H	RNU5A-1	39	0	0	5.5	0	0	U5	39.0
3JCR	tri-snRNP	H	RNU5A-1	40	0	0	5.5	0	0	U5	40.0
3JCR	tri-snRNP	H	RNU5A-1	41	0	0	5.5	0	0	U5	41.0
3JCR	tri-snRNP	H	RNU5A-1	42	0	0	5.5	0	0	U5	42.0
3JCR	tri-snRNP	H	RNU5A-1	43	0	0	5.5	0	0	U5	43.0
3JCR	tri-snRNP	H	RNU5A-1	44	0	0	5.5	0	0	U5	44.0
3JCR	tri-snRNP	H	RNU5A-1	45	0	0	5.5	0	0	U5	45.0
3JCR	tri-snRNP	H	RNU5A-1	46	0	0	5.5	0	0	U5	46.0
3JCR	tri-snRNP	H	RNU5A-1	47	0	0	5.5	0	0	U5	47.0
3JCR	tri-snRNP	H	RNU5A-1	48	0	0	5.5	0	0	U5	48.0
3JCR	tri-snRNP	H	RNU5A-1	49	0	0	5.5	0	0	U5	49.0
3JCR	tri-snRNP	H	RNU5A-1	50	0	0	5.5	0	0	U5	50.0
3JCR	tri-snRNP	H	RNU5A-1	51	0	0	5.5	0	0	U5	51.0
3JCR	tri-snRNP	H	RNU5A-1	52	0	0	5.5	0	0	U5	52.0
3JCR	tri-snRNP	H	RNU5A-1	53	0	0	5.5	0	0	U5	53.0
3JCR	tri-snRNP	H	RNU5A-1	54	0	0	5.5	0	0	U5	54.0
3JCR	tri-snRNP	H	RNU5A-1	58	0	0	5.5	0	0	U5	58.0
3JCR	tri-snRNP	H	RNU5A-1	59	0	0	5.5	0	0	U5	59.0
3JCR	tri-snRNP	H	RNU5A-1	60	0	0	5.5	0	0	U5	60.0
3JCR	tri-snRNP	H	RNU5A-1	61	0	0	5.5	0	0	U5	61.0
3JCR	tri-snRNP	H	RNU5A-1	62	0	0	5.5	0	0	U5	62.0
3JCR	tri-snRNP	H	RNU5A-1	63	0	0	5.5	0	0	U5	63.0
3JCR	tri-snRNP	H	RNU5A-1	64	0	0	5.5	0	0	U5	64.0
3JCR	tri-snRNP	H	RNU5A-1	65	0	0	5.5	0	0	U5	65.0
3JCR	tri-snRNP	H	RNU5A-1	66	0	0	5.5	0	0	U5	66.0
3JCR	tri-snRNP	H	RNU5A-1	67	0	0	5.5	0	0	U5	67.0
3JCR	tri-snRNP	H	RNU5A-1	75	0	0	5.5	0	0	U5	75.0
3JCR	tri-snRNP	H	RNU5A-1	76	0	0	5.5	0	0	U5	76.0
3JCR	tri-snRNP	H	RNU5A-1	77	0	0	5.5	0	0	U5	77.0
3JCR	tri-snRNP	H	RNU5A-1	78	0	0	5.5	0	0	U5	78.0
3JCR	tri-snRNP	H	RNU5A-1	86	0	0	5.5	0	0	U5	86.0
3JCR	tri-snRNP	H	RNU5A-1	87	0	0	5.5	0	0	U5	87.0
3JCR	tri-snRNP	H	RNU5A-1	88	0	0	5.5	0	0	U5	88.0
3JCR	tri-snRNP	H	RNU5A-1	89	0	0	5.5	0	0	U5	89.0
3JCR	tri-snRNP	H	RNU5A-1	90	0	0	5.5	0	0	U5	90.0
3JCR	tri-snRNP	H	RNU5A-1	91	0	0	5.5	0	0	U5	91.0
3JCR	tri-snRNP	H	RNU5A-1	92	0	0	5.5	0	0	U5	92.0
3JCR	tri-snRNP	H	RNU5A-1	93	0	0	5.5	0	0	U5	93.0
5O9Z	B	2	RNU2-1	67	0	0	5.5	1	0	U2	67.0
5O9Z	B	2	RNU2-1	68	0	0	5.5	2	0	U2	68.0
5O9Z	B	2	RNU2-1	70	0	0	5.5	2	0	U2	70.0
5O9Z	B	2	RNU2-1	71	0	0	5.5	2	0	U2	71.0
5O9Z	B	2	RNU2-1	72	0	0	5.5	2	0	U2	72.0
5O9Z	B	2	RNU2-1	73	0	0	5.5	2	0	U2	73.0
5O9Z	B	2	RNU2-1	74	0	0	5.5	2	0	U2	74.0
5O9Z	B	2	RNU2-1	75	0	0	5.5	2	0	U2	75.0
5O9Z	B	2	RNU2-1	76	0	0	5.5	2	0	U2	76.0
5O9Z	B	2	RNU2-1	77	0	0	5.5	2	0	U2	77.0
5O9Z	B	2	RNU2-1	78	0	0	5.5	1	0	U2	78.0
5O9Z	B	2	RNU2-1	79	0	0	5.5	0	1	U2	79.0
5O9Z	B	2	RNU2-1	80	0	0	5.5	0	3	U2	80.0
5O9Z	B	2	RNU2-1	81	1	1	4.3549877152525	0	2	U2	81.0
5O9Z	B	2	RNU2-1	82	1	1	3.8961475844736704	0	1	U2	82.0
5O9Z	B	2	RNU2-1	83	0	0	5.5	0	2	U2	83.0
5O9Z	B	2	RNU2-1	84	0	0	5.5	0	2	U2	84.0
5O9Z	B	2	RNU2-1	85	1	1	3.5756031659008447	0	1	U2	85.0
5O9Z	B	2	RNU2-1	86	0	0	5.5	0	2	U2	86.0
5O9Z	B	2	RNU2-1	87	0	0	5.5	0	0	U2	87.0
5O9Z	B	2	RNU2-1	88	0	0	5.5	0	3	U2	88.0
5O9Z	B	2	RNU2-1	89	0	0	5.5	0	2	U2	89.0
5O9Z	B	2	RNU2-1	90	0	0	5.5	0	3	U2	90.0
5O9Z	B	2	RNU2-1	91	0	0	5.5	0	3	U2	91.0
5O9Z	B	2	RNU2-1	92	0	0	5.5	0	3	U2	92.0
5O9Z	B	2	RNU2-1	95	0	0	5.5	0	2	U2	95.0
5O9Z	B	2	RNU2-1	96	0	0	5.5	0	2	U2	96.0
5O9Z	B	2	RNU2-1	97	0	0	5.5	0	0	U2	97.0
5O9Z	B	2	RNU2-1	98	2	2	4.42553928917144	0	0	U2	98.0
5O9Z	B	2	RNU2-1	99	2	1	3.587412716708229	0	0	U2	99.0
5O9Z	B	2	RNU2-1	100	2	1	3.549212166101108	0	0	U2	100.0
5O9Z	B	2	RNU2-1	101	5	2	3.1475941606248927	0	0	U2	101.0
5O9Z	B	2	RNU2-1	102	3	1	3.87467185707385	0	0	U2	102.0
5O9Z	B	2	RNU2-1	103	4	2	3.690404178406487	0	0	U2	103.0
5O9Z	B	2	RNU2-1	104	3	1	3.4980100057032533	0	0	U2	104.0
5O9Z	B	2	RNU2-1	105	2	1	3.8299040457954034	0	0	U2	105.0
5O9Z	B	2	RNU2-1	106	2	1	4.190231616509975	0	0	U2	106.0
5O9Z	B	2	RNU2-1	107	0	0	5.5	0	0	U2	107.0
5O9Z	B	2	RNU2-1	108	0	0	5.5	0	0	U2	108.0
5O9Z	B	2	RNU2-1	109	0	0	5.5	0	0	U2	109.0
5O9Z	B	2	RNU2-1	110	0	0	5.5	0	0	U2	110.0
5O9Z	B	2	RNU2-1	111	0	0	5.5	0	0	U2	111.0
5O9Z	B	2	RNU2-1	112	0	0	5.5	0	0	U2	112.0
5O9Z	B	2	RNU2-1	113	0	0	5.5	0	0	U2	113.0
5O9Z	B	2	RNU2-1	114	0	0	5.5	0	0	U2	114.0
5O9Z	B	2	RNU2-1	115	0	0	5.5	0	0	U2	115.0
5O9Z	B	2	RNU2-1	116	0	0	5.5	0	0	U2	116.0
5O9Z	B	2	RNU2-1	117	0	0	5.5	0	0	U2	117.0
5O9Z	B	2	RNU2-1	118	0	0	5.5	0	0	U2	118.0
5O9Z	B	2	RNU2-1	119	0	0	5.5	0	0	U2	119.0
5O9Z	B	2	RNU2-1	120	0	0	5.5	0	0	U2	120.0
5O9Z	B	2	RNU2-1	137	0	0	5.5	0	0	U2	137.0
5O9Z	B	2	RNU2-1	138	0	0	5.5	0	0	U2	138.0
5O9Z	B	2	RNU2-1	139	0	0	5.5	0	0	U2	139.0
5O9Z	B	2	RNU2-1	140	0	0	5.5	0	0	U2	140.0
5O9Z	B	2	RNU2-1	141	0	0	5.5	0	0	U2	141.0
5O9Z	B	2	RNU2-1	142	0	0	5.5	0	0	U2	142.0
5O9Z	B	2	RNU2-1	143	0	0	5.5	0	0	U2	143.0
5O9Z	B	2	RNU2-1	144	0	0	5.5	0	0	U2	144.0
5O9Z	B	2	RNU2-1	145	0	0	5.5	0	0	U2	145.0
5O9Z	B	2	RNU2-1	146	0	0	5.5	0	0	U2	146.0
5O9Z	B	2	RNU2-1	147	0	0	5.5	0	0	U2	147.0
5O9Z	B	2	RNU2-1	148	0	0	5.5	0	0	U2	148.0
5O9Z	B	2	RNU2-1	149	0	0	5.5	0	0	U2	149.0
5O9Z	B	2	RNU2-1	150	0	0	5.5	0	0	U2	150.0
5O9Z	B	2	RNU2-1	151	2	1	1.443090087277995	0	0	U2	151.0
5O9Z	B	2	RNU2-1	152	2	1	2.7957358601985263	0	0	U2	152.0
5O9Z	B	2	RNU2-1	153	0	0	5.5	0	0	U2	153.0
5O9Z	B	2	RNU2-1	154	1	1	4.375438492311409	0	0	U2	154.0
5O9Z	B	2	RNU2-1	155	0	0	5.5	0	0	U2	155.0
5O9Z	B	2	RNU2-1	156	0	0	5.5	0	0	U2	156.0
5O9Z	B	2	RNU2-1	157	0	0	5.5	0	0	U2	157.0
5O9Z	B	2	RNU2-1	158	0	0	5.5	0	0	U2	158.0
5O9Z	B	2	RNU2-1	159	0	0	5.5	0	0	U2	159.0
5O9Z	B	2	RNU2-1	160	0	0	5.5	0	0	U2	160.0
5O9Z	B	2	RNU2-1	161	0	0	5.5	0	0	U2	161.0
5O9Z	B	2	RNU2-1	162	1	1	3.796610857067121	0	0	U2	162.0
5O9Z	B	2	RNU2-1	163	4	1	3.5493707893090014	0	0	U2	163.0
5O9Z	B	2	RNU2-1	164	2	1	3.556054274051502	0	0	U2	164.0
5O9Z	B	2	RNU2-1	165	2	1	3.5431964382461225	0	0	U2	165.0
5O9Z	B	2	RNU2-1	166	2	1	3.2043036685058515	0	0	U2	166.0
5O9Z	B	2	RNU2-1	167	3	1	3.3440085227164165	0	0	U2	167.0
5O9Z	B	2	RNU2-1	168	2	1	3.320179061436313	0	0	U2	168.0
5O9Z	B	2	RNU2-1	169	0	0	5.5	0	0	U2	169.0
5O9Z	B	2	RNU2-1	170	0	0	5.5	0	0	U2	170.0
5O9Z	B	2	RNU2-1	171	0	0	5.5	0	0	U2	171.0
5O9Z	B	2	RNU2-1	172	0	0	5.5	0	0	U2	172.0
5O9Z	B	2	RNU2-1	173	0	0	5.5	0	0	U2	173.0
5O9Z	B	2	RNU2-1	174	0	0	5.5	0	0	U2	174.0
5O9Z	B	2	RNU2-1	175	0	0	5.5	0	0	U2	175.0
5O9Z	B	2	RNU2-1	176	0	0	5.5	0	0	U2	176.0
5O9Z	B	2	RNU2-1	177	0	0	5.5	0	0	U2	177.0
5O9Z	B	2	RNU2-1	178	0	0	5.5	0	0	U2	178.0
5O9Z	B	2	RNU2-1	179	0	0	5.5	0	0	U2	179.0
5O9Z	B	2	RNU2-1	180	0	0	5.5	0	0	U2	180.0
5O9Z	B	2	RNU2-1	181	0	0	5.5	0	0	U2	181.0
5O9Z	B	2	RNU2-1	182	0	0	5.5	0	0	U2	182.0
5O9Z	B	2	RNU2-1	183	2	1	3.3301282257594838	0	0	U2	183.0
5O9Z	B	2	RNU2-1	184	0	0	5.5	0	0	U2	184.0
5O9Z	B	4	RNU4-2	1	0	0	5.5	2	0	U4	1.0
5O9Z	B	4	RNU4-2	2	1	1	4.259180789776365	2	0	U4	2.0
5O9Z	B	4	RNU4-2	3	0	0	5.5	2	0	U4	3.0
5O9Z	B	4	RNU4-2	4	0	0	5.5	3	0	U4	4.0
5O9Z	B	4	RNU4-2	5	0	0	5.5	2	0	U4	5.0
5O9Z	B	4	RNU4-2	6	1	1	3.642655212890724	2	0	U4	6.0
5O9Z	B	4	RNU4-2	7	1	1	4.370342091873372	3	0	U4	7.0
5O9Z	B	4	RNU4-2	8	0	0	5.5	2	0	U4	8.0
5O9Z	B	4	RNU4-2	9	1	1	3.2316641223988687	3	0	U4	9.0
5O9Z	B	4	RNU4-2	10	0	0	5.5	2	0	U4	10.0
5O9Z	B	4	RNU4-2	11	1	1	3.2434908663352355	3	0	U4	11.0
5O9Z	B	4	RNU4-2	12	1	1	4.190340678274268	2	0	U4	12.0
5O9Z	B	4	RNU4-2	13	0	0	5.5	2	0	U4	13.0
5O9Z	B	4	RNU4-2	14	0	0	5.5	2	0	U4	14.0
5O9Z	B	4	RNU4-2	15	0	0	5.5	3	0	U4	15.0
5O9Z	B	4	RNU4-2	16	0	0	5.5	2	0	U4	16.0
5O9Z	B	4	RNU4-2	17	0	0	5.5	2	0	U4	17.0
5O9Z	B	4	RNU4-2	18	5	1	3.2650122511255883	1	0	U4	18.0
5O9Z	B	4	RNU4-2	19	2	1	3.3913969098293513	0	0	U4	19.0
5O9Z	B	4	RNU4-2	20	3	1	3.207081227533846	0	0	U4	20.0
5O9Z	B	4	RNU4-2	21	0	0	5.5	2	0	U4	21.0
5O9Z	B	4	RNU4-2	22	0	0	5.5	1	0	U4	22.0
5O9Z	B	4	RNU4-2	23	4	2	3.2618713953802403	0	0	U4	23.0
5O9Z	B	4	RNU4-2	24	1	1	3.6406738387282185	0	0	U4	24.0
5O9Z	B	4	RNU4-2	25	4	2	3.363519882504046	0	0	U4	25.0
5O9Z	B	4	RNU4-2	26	0	0	5.5	0	0	U4	26.0
5O9Z	B	4	RNU4-2	27	0	0	5.5	0	0	U4	27.0
5O9Z	B	4	RNU4-2	28	0	0	5.5	0	0	U4	28.0
5O9Z	B	4	RNU4-2	29	1	1	4.3057915648577	0	0	U4	29.0
5O9Z	B	4	RNU4-2	30	9	1	3.075849638717718	0	0	U4	30.0
5O9Z	B	4	RNU4-2	31	7	1	2.8086073061216776	0	0	U4	31.0
5O9Z	B	4	RNU4-2	32	7	2	2.5864388645394376	0	0	U4	32.0
5O9Z	B	4	RNU4-2	33	2	1	3.4807941622567	0	0	U4	33.0
5O9Z	B	4	RNU4-2	34	0	0	5.5	0	0	U4	34.0
5O9Z	B	4	RNU4-2	35	0	0	5.5	0	0	U4	35.0
5O9Z	B	4	RNU4-2	36	0	0	5.5	0	0	U4	36.0
5O9Z	B	4	RNU4-2	37	1	1	3.8108715538574773	0	0	U4	37.0
5O9Z	B	4	RNU4-2	38	2	1	3.1699250779789674	0	0	U4	38.0
5O9Z	B	4	RNU4-2	39	5	1	2.9083978407363844	0	0	U4	39.0
5O9Z	B	4	RNU4-2	40	7	2	2.4601453209109208	0	0	U4	40.0
5O9Z	B	4	RNU4-2	41	4	2	3.1661689784343516	0	0	U4	41.0
5O9Z	B	4	RNU4-2	42	1	1	4.393834316402962	0	0	U4	42.0
5O9Z	B	4	RNU4-2	43	0	0	5.5	0	0	U4	43.0
5O9Z	B	4	RNU4-2	44	0	0	5.5	0	0	U4	44.0
5O9Z	B	4	RNU4-2	45	0	0	5.5	0	0	U4	45.0
5O9Z	B	4	RNU4-2	46	0	0	5.5	0	0	U4	46.0
5O9Z	B	4	RNU4-2	47	0	0	5.5	0	0	U4	47.0
5O9Z	B	4	RNU4-2	48	2	1	3.245110321699391	0	0	U4	48.0
5O9Z	B	4	RNU4-2	49	3	1	2.7495610558778205	0	0	U4	49.0
5O9Z	B	4	RNU4-2	50	1	1	4.383044147621611	0	0	U4	50.0
5O9Z	B	4	RNU4-2	51	0	0	5.5	0	0	U4	51.0
5O9Z	B	4	RNU4-2	52	0	0	5.5	0	0	U4	52.0
5O9Z	B	4	RNU4-2	53	2	1	2.493135174835116	0	0	U4	53.0
5O9Z	B	4	RNU4-2	54	1	1	4.0167377310449535	0	0	U4	54.0
5O9Z	B	4	RNU4-2	55	0	0	5.5	3	0	U4	55.0
5O9Z	B	4	RNU4-2	56	0	0	5.5	2	0	U4	56.0
5O9Z	B	4	RNU4-2	57	1	1	4.119197130509792	2	0	U4	57.0
5O9Z	B	4	RNU4-2	58	3	1	2.9934443372142456	2	0	U4	58.0
5O9Z	B	4	RNU4-2	59	1	1	4.170207428893687	2	0	U4	59.0
5O9Z	B	4	RNU4-2	60	0	0	5.5	3	0	U4	60.0
5O9Z	B	4	RNU4-2	61	0	0	5.5	1	0	U4	61.0
5O9Z	B	4	RNU4-2	62	0	0	5.5	1	0	U4	62.0
5O9Z	B	4	RNU4-2	63	0	0	5.5	0	0	U4	63.0
5O9Z	B	4	RNU4-2	68	1	1	3.6711815536690633	0	0	U4	68.0
5O9Z	B	4	RNU4-2	69	1	1	3.850265705117003	0	0	U4	69.0
5O9Z	B	4	RNU4-2	70	4	1	3.1464433889710905	0	0	U4	70.0
5O9Z	B	4	RNU4-2	71	5	1	3.14395594752853	0	0	U4	71.0
5O9Z	B	4	RNU4-2	72	2	1	4.097022943553042	0	0	U4	72.0
5O9Z	B	4	RNU4-2	73	3	1	3.24109395112205	0	0	U4	73.0
5O9Z	B	4	RNU4-2	74	6	1	2.922185996818136	0	0	U4	74.0
5O9Z	B	4	RNU4-2	75	6	1	3.340553397268202	0	0	U4	75.0
5O9Z	B	4	RNU4-2	76	3	1	2.824422418831858	0	0	U4	76.0
5O9Z	B	4	RNU4-2	77	1	1	3.0235887617200596	0	0	U4	77.0
5O9Z	B	4	RNU4-2	78	2	1	3.268770563988854	0	0	U4	78.0
5O9Z	B	4	RNU4-2	79	1	1	3.4814930705087104	0	0	U4	79.0
5O9Z	B	4	RNU4-2	80	0	0	5.5	0	0	U4	80.0
5O9Z	B	4	RNU4-2	81	0	0	5.5	0	0	U4	81.0
5O9Z	B	4	RNU4-2	82	0	0	5.5	0	0	U4	82.0
5O9Z	B	4	RNU4-2	83	1	1	3.543124609719514	0	0	U4	83.0
5O9Z	B	4	RNU4-2	84	0	0	5.5	0	0	U4	84.0
5O9Z	B	4	RNU4-2	85	0	0	5.5	0	0	U4	85.0
5O9Z	B	4	RNU4-2	86	0	0	5.5	0	0	U4	86.0
5O9Z	B	4	RNU4-2	87	0	0	5.5	0	0	U4	87.0
5O9Z	B	4	RNU4-2	88	0	0	5.5	0	0	U4	88.0
5O9Z	B	4	RNU4-2	89	0	0	5.5	0	0	U4	89.0
5O9Z	B	4	RNU4-2	90	0	0	5.5	0	0	U4	90.0
5O9Z	B	4	RNU4-2	91	0	0	5.5	0	0	U4	91.0
5O9Z	B	4	RNU4-2	92	0	0	5.5	0	0	U4	92.0
5O9Z	B	4	RNU4-2	93	2	1	3.144149169489261	0	0	U4	93.0
5O9Z	B	4	RNU4-2	94	2	1	3.6132448021134644	0	0	U4	94.0
5O9Z	B	4	RNU4-2	95	0	0	5.5	0	0	U4	95.0
5O9Z	B	4	RNU4-2	96	0	0	5.5	0	0	U4	96.0
5O9Z	B	4	RNU4-2	97	0	0	5.5	0	0	U4	97.0
5O9Z	B	4	RNU4-2	98	0	0	5.5	0	0	U4	98.0
5O9Z	B	4	RNU4-2	99	0	0	5.5	0	0	U4	99.0
5O9Z	B	4	RNU4-2	100	0	0	5.5	0	0	U4	100.0
5O9Z	B	4	RNU4-2	101	0	0	5.5	0	0	U4	101.0
5O9Z	B	4	RNU4-2	102	0	0	5.5	0	0	U4	102.0
5O9Z	B	4	RNU4-2	103	0	0	5.5	0	0	U4	103.0
5O9Z	B	4	RNU4-2	104	0	0	5.5	0	0	U4	104.0
5O9Z	B	4	RNU4-2	105	0	0	5.5	0	0	U4	105.0
5O9Z	B	4	RNU4-2	106	0	0	5.5	0	0	U4	106.0
5O9Z	B	4	RNU4-2	107	0	0	5.5	0	0	U4	107.0
5O9Z	B	4	RNU4-2	108	0	0	5.5	0	0	U4	108.0
5O9Z	B	4	RNU4-2	109	0	0	5.5	0	0	U4	109.0
5O9Z	B	4	RNU4-2	110	0	0	5.5	0	0	U4	110.0
5O9Z	B	4	RNU4-2	111	0	0	5.5	0	0	U4	111.0
5O9Z	B	4	RNU4-2	112	0	0	5.5	0	0	U4	112.0
5O9Z	B	4	RNU4-2	113	0	0	5.5	0	0	U4	113.0
5O9Z	B	4	RNU4-2	114	0	0	5.5	0	0	U4	114.0
5O9Z	B	4	RNU4-2	115	0	0	5.5	0	0	U4	115.0
5O9Z	B	4	RNU4-2	116	0	0	5.5	0	0	U4	116.0
5O9Z	B	4	RNU4-2	117	0	0	5.5	0	0	U4	117.0
5O9Z	B	4	RNU4-2	118	2	1	2.931420645352681	0	0	U4	118.0
5O9Z	B	4	RNU4-2	119	8	2	2.847609523793598	0	0	U4	119.0
5O9Z	B	4	RNU4-2	120	7	2	3.103035449362448	0	0	U4	120.0
5O9Z	B	4	RNU4-2	121	6	2	3.2521792693515748	0	0	U4	121.0
5O9Z	B	4	RNU4-2	122	4	1	3.358873769584062	0	0	U4	122.0
5O9Z	B	4	RNU4-2	123	3	2	3.24367908400322	0	0	U4	123.0
5O9Z	B	4	RNU4-2	124	6	2	3.1583017588571054	0	0	U4	124.0
5O9Z	B	4	RNU4-2	125	7	2	3.0961797428443902	0	0	U4	125.0
5O9Z	B	4	RNU4-2	126	6	2	3.0220215088579394	0	0	U4	126.0
5O9Z	B	4	RNU4-2	127	4	2	2.4716818160920297	0	0	U4	127.0
5O9Z	B	4	RNU4-2	128	0	0	5.5	0	0	U4	128.0
5O9Z	B	4	RNU4-2	129	0	0	5.5	0	0	U4	129.0
5O9Z	B	4	RNU4-2	130	0	0	5.5	0	0	U4	130.0
5O9Z	B	4	RNU4-2	131	0	0	5.5	0	0	U4	131.0
5O9Z	B	4	RNU4-2	132	0	0	5.5	0	0	U4	132.0
5O9Z	B	4	RNU4-2	133	0	0	5.5	0	0	U4	133.0
5O9Z	B	4	RNU4-2	138	4	2	2.8695821995544852	0	0	U4	138.0
5O9Z	B	4	RNU4-2	139	3	1	2.892214030807535	0	0	U4	139.0
5O9Z	B	4	RNU4-2	140	1	1	4.014279761053018	0	0	U4	140.0
5O9Z	B	4	RNU4-2	141	0	0	5.5	0	0	U4	141.0
5O9Z	B	5	RNU5A-1	3	0	0	5.5	0	0	U5	3.0
5O9Z	B	5	RNU5A-1	4	0	0	5.5	0	0	U5	4.0
5O9Z	B	5	RNU5A-1	5	0	0	5.5	0	0	U5	5.0
5O9Z	B	5	RNU5A-1	6	0	0	5.5	0	0	U5	6.0
5O9Z	B	5	RNU5A-1	7	2	1	3.986011164058612	0	0	U5	7.0
5O9Z	B	5	RNU5A-1	8	0	0	5.5	0	0	U5	8.0
5O9Z	B	5	RNU5A-1	9	0	0	5.5	0	0	U5	9.0
5O9Z	B	5	RNU5A-1	10	0	0	5.5	0	0	U5	10.0
5O9Z	B	5	RNU5A-1	11	2	1	3.1937390312923233	0	0	U5	11.0
5O9Z	B	5	RNU5A-1	12	2	1	3.2642407999410628	0	0	U5	12.0
5O9Z	B	5	RNU5A-1	13	0	0	5.5	0	0	U5	13.0
5O9Z	B	5	RNU5A-1	14	1	1	3.97172015630506	0	0	U5	14.0
5O9Z	B	5	RNU5A-1	15	0	0	5.5	0	0	U5	15.0
5O9Z	B	5	RNU5A-1	16	0	0	5.5	0	0	U5	16.0
5O9Z	B	5	RNU5A-1	17	0	0	5.5	0	0	U5	17.0
5O9Z	B	5	RNU5A-1	18	0	0	5.5	0	0	U5	18.0
5O9Z	B	5	RNU5A-1	19	3	1	3.7206469867484206	0	0	U5	19.0
5O9Z	B	5	RNU5A-1	20	1	1	3.4548554238925733	0	0	U5	20.0
5O9Z	B	5	RNU5A-1	21	1	1	3.9285938960396494	0	0	U5	21.0
5O9Z	B	5	RNU5A-1	22	0	0	5.5	0	0	U5	22.0
5O9Z	B	5	RNU5A-1	23	0	0	5.5	0	0	U5	23.0
5O9Z	B	5	RNU5A-1	24	4	1	2.4721122547327896	0	0	U5	24.0
5O9Z	B	5	RNU5A-1	25	3	1	4.037463807887309	0	0	U5	25.0
5O9Z	B	5	RNU5A-1	26	4	1	2.9721187728622276	0	0	U5	26.0
5O9Z	B	5	RNU5A-1	27	3	1	3.207862216492491	0	0	U5	27.0
5O9Z	B	5	RNU5A-1	28	3	1	2.350847719440798	0	0	U5	28.0
5O9Z	B	5	RNU5A-1	29	2	1	2.9159742797219486	0	0	U5	29.0
5O9Z	B	5	RNU5A-1	30	0	0	5.5	0	0	U5	30.0
5O9Z	B	5	RNU5A-1	31	0	0	5.5	0	0	U5	31.0
5O9Z	B	5	RNU5A-1	32	0	0	5.5	0	0	U5	32.0
5O9Z	B	5	RNU5A-1	33	0	0	5.5	0	0	U5	33.0
5O9Z	B	5	RNU5A-1	34	0	0	5.5	0	0	U5	34.0
5O9Z	B	5	RNU5A-1	35	0	0	5.5	0	0	U5	35.0
5O9Z	B	5	RNU5A-1	36	0	0	5.5	0	0	U5	36.0
5O9Z	B	5	RNU5A-1	37	0	0	5.5	0	0	U5	37.0
5O9Z	B	5	RNU5A-1	38	0	0	5.5	0	0	U5	38.0
5O9Z	B	5	RNU5A-1	39	0	0	5.5	0	0	U5	39.0
5O9Z	B	5	RNU5A-1	40	7	1	2.9808532335558167	0	0	U5	40.0
5O9Z	B	5	RNU5A-1	41	2	2	4.239466239988276	0	1	U5	41.0
5O9Z	B	5	RNU5A-1	42	0	0	5.5	0	2	U5	42.0
5O9Z	B	5	RNU5A-1	43	0	0	5.5	0	2	U5	43.0
5O9Z	B	5	RNU5A-1	44	3	1	3.647561925451038	0	1	U5	44.0
5O9Z	B	5	RNU5A-1	45	3	1	3.245128348771445	0	0	U5	45.0
5O9Z	B	5	RNU5A-1	46	0	0	5.5	0	0	U5	46.0
5O9Z	B	5	RNU5A-1	47	1	1	3.894732468347484	0	0	U5	47.0
5O9Z	B	5	RNU5A-1	48	4	1	3.0445782959221135	0	0	U5	48.0
5O9Z	B	5	RNU5A-1	49	1	1	4.33605304395601	0	0	U5	49.0
5O9Z	B	5	RNU5A-1	50	0	0	5.5	0	0	U5	50.0
5O9Z	B	5	RNU5A-1	51	0	0	5.5	0	0	U5	51.0
5O9Z	B	5	RNU5A-1	52	0	0	5.5	0	0	U5	52.0
5O9Z	B	5	RNU5A-1	53	0	0	5.5	0	0	U5	53.0
5O9Z	B	5	RNU5A-1	54	1	1	3.6621148261626386	0	0	U5	54.0
5O9Z	B	5	RNU5A-1	55	3	1	3.1560597269380164	0	0	U5	55.0
5O9Z	B	5	RNU5A-1	56	1	1	3.9513705217303743	0	0	U5	56.0
5O9Z	B	5	RNU5A-1	57	2	1	3.434174427719113	0	0	U5	57.0
5O9Z	B	5	RNU5A-1	58	0	0	5.5	0	0	U5	58.0
5O9Z	B	5	RNU5A-1	59	0	0	5.5	0	0	U5	59.0
5O9Z	B	5	RNU5A-1	60	0	0	5.5	0	0	U5	60.0
5O9Z	B	5	RNU5A-1	61	0	0	5.5	0	0	U5	61.0
5O9Z	B	5	RNU5A-1	62	0	0	5.5	0	0	U5	62.0
5O9Z	B	5	RNU5A-1	63	0	0	5.5	0	0	U5	63.0
5O9Z	B	5	RNU5A-1	64	0	0	5.5	0	0	U5	64.0
5O9Z	B	5	RNU5A-1	65	0	0	5.5	0	0	U5	65.0
5O9Z	B	5	RNU5A-1	66	0	0	5.5	0	0	U5	66.0
5O9Z	B	5	RNU5A-1	67	0	0	5.5	0	0	U5	67.0
5O9Z	B	5	RNU5A-1	68	0	0	5.5	0	0	U5	68.0
5O9Z	B	5	RNU5A-1	69	0	0	5.5	0	0	U5	69.0
5O9Z	B	5	RNU5A-1	70	0	0	5.5	0	0	U5	70.0
5O9Z	B	5	RNU5A-1	71	0	0	5.5	0	0	U5	71.0
5O9Z	B	5	RNU5A-1	72	0	0	5.5	0	0	U5	72.0
5O9Z	B	5	RNU5A-1	73	0	0	5.5	0	0	U5	73.0
5O9Z	B	5	RNU5A-1	74	1	1	3.7193832822122377	0	0	U5	74.0
5O9Z	B	5	RNU5A-1	75	2	1	3.132408657886133	0	0	U5	75.0
5O9Z	B	5	RNU5A-1	76	0	0	5.5	0	0	U5	76.0
5O9Z	B	5	RNU5A-1	77	0	0	5.5	0	0	U5	77.0
5O9Z	B	5	RNU5A-1	78	2	1	3.5923415761867643	0	0	U5	78.0
5O9Z	B	5	RNU5A-1	79	0	0	5.5	0	0	U5	79.0
5O9Z	B	5	RNU5A-1	80	0	0	5.5	0	0	U5	80.0
5O9Z	B	5	RNU5A-1	81	0	0	5.5	0	0	U5	81.0
5O9Z	B	5	RNU5A-1	82	0	0	5.5	0	0	U5	82.0
5O9Z	B	5	RNU5A-1	83	0	0	5.5	0	0	U5	83.0
5O9Z	B	5	RNU5A-1	84	0	0	5.5	0	0	U5	84.0
5O9Z	B	5	RNU5A-1	85	0	0	5.5	0	0	U5	85.0
5O9Z	B	5	RNU5A-1	86	1	1	3.5456838550553593	0	0	U5	86.0
5O9Z	B	5	RNU5A-1	87	2	1	3.630024242343279	0	0	U5	87.0
5O9Z	B	5	RNU5A-1	88	4	1	3.9136131643278405	0	0	U5	88.0
5O9Z	B	5	RNU5A-1	89	3	1	2.929877130529542	0	0	U5	89.0
5O9Z	B	5	RNU5A-1	90	6	2	2.7444995900892395	0	0	U5	90.0
5O9Z	B	5	RNU5A-1	91	8	2	3.194386326041349	0	0	U5	91.0
5O9Z	B	5	RNU5A-1	92	7	2	3.1716388508150963	0	0	U5	92.0
5O9Z	B	5	RNU5A-1	93	9	2	3.3157374745296186	0	0	U5	93.0
5O9Z	B	5	RNU5A-1	94	3	2	3.246783947231494	0	0	U5	94.0
5O9Z	B	5	RNU5A-1	95	6	2	3.2102189956449996	0	0	U5	95.0
5O9Z	B	5	RNU5A-1	96	0	0	5.5	0	0	U5	96.0
5O9Z	B	5	RNU5A-1	98	0	0	5.5	0	0	U5	98.0
5O9Z	B	5	RNU5A-1	99	0	0	5.5	0	0	U5	99.0
5O9Z	B	5	RNU5A-1	100	0	0	5.5	0	0	U5	100.0
5O9Z	B	5	RNU5A-1	101	0	0	5.5	0	0	U5	101.0
5O9Z	B	5	RNU5A-1	102	0	0	5.5	0	0	U5	102.0
5O9Z	B	5	RNU5A-1	103	0	0	5.5	0	0	U5	103.0
5O9Z	B	5	RNU5A-1	104	0	0	5.5	0	0	U5	104.0
5O9Z	B	5	RNU5A-1	105	0	0	5.5	0	0	U5	105.0
5O9Z	B	5	RNU5A-1	106	0	0	5.5	0	0	U5	106.0
5O9Z	B	5	RNU5A-1	107	0	0	5.5	0	0	U5	107.0
5O9Z	B	5	RNU5A-1	108	0	0	5.5	0	0	U5	108.0
5O9Z	B	5	RNU5A-1	109	1	1	4.29512991654503	0	0	U5	109.0
5O9Z	B	5	RNU5A-1	110	0	0	5.5	0	0	U5	110.0
5O9Z	B	5	RNU5A-1	111	0	0	5.5	0	0	U5	111.0
5O9Z	B	5	RNU5A-1	112	0	0	5.5	0	0	U5	112.0
5O9Z	B	5	RNU5A-1	113	0	0	5.5	0	0	U5	113.0
5O9Z	B	5	RNU5A-1	114	0	0	5.5	0	0	U5	114.0
5O9Z	B	5	RNU5A-1	115	0	0	5.5	0	0	U5	115.0
5O9Z	B	5	RNU5A-1	116	4	1	3.762757632375507	0	0	U5	116.0
5O9Z	B	6	RNU6-7	1	0	0	5.5	0	0	U6	1.0
5O9Z	B	6	RNU6-7	2	0	0	5.5	0	0	U6	2.0
5O9Z	B	6	RNU6-7	3	0	0	5.5	0	0	U6	3.0
5O9Z	B	6	RNU6-7	4	0	0	5.5	0	0	U6	4.0
5O9Z	B	6	RNU6-7	5	0	0	5.5	0	0	U6	5.0
5O9Z	B	6	RNU6-7	6	0	0	5.5	0	0	U6	6.0
5O9Z	B	6	RNU6-7	7	0	0	5.5	0	0	U6	7.0
5O9Z	B	6	RNU6-7	8	0	0	5.5	0	0	U6	8.0
5O9Z	B	6	RNU6-7	9	0	0	5.5	0	0	U6	9.0
5O9Z	B	6	RNU6-7	10	0	0	5.5	0	0	U6	10.0
5O9Z	B	6	RNU6-7	11	0	0	5.5	0	0	U6	11.0
5O9Z	B	6	RNU6-7	12	0	0	5.5	0	0	U6	12.0
5O9Z	B	6	RNU6-7	13	0	0	5.5	0	0	U6	13.0
5O9Z	B	6	RNU6-7	14	0	0	5.5	0	0	U6	14.0
5O9Z	B	6	RNU6-7	15	0	0	5.5	0	0	U6	15.0
5O9Z	B	6	RNU6-7	16	0	0	5.5	0	0	U6	16.0
5O9Z	B	6	RNU6-7	17	0	0	5.5	0	0	U6	17.0
5O9Z	B	6	RNU6-7	18	0	0	5.5	0	0	U6	18.0
5O9Z	B	6	RNU6-7	19	0	0	5.5	0	0	U6	19.0
5O9Z	B	6	RNU6-7	20	0	0	5.5	0	0	U6	20.0
5O9Z	B	6	RNU6-7	21	0	0	5.5	0	0	U6	21.0
5O9Z	B	6	RNU6-7	22	0	0	5.5	0	0	U6	22.0
5O9Z	B	6	RNU6-7	23	0	0	5.5	0	0	U6	23.0
5O9Z	B	6	RNU6-7	24	0	0	5.5	0	0	U6	24.0
5O9Z	B	6	RNU6-7	25	0	0	5.5	0	0	U6	25.0
5O9Z	B	6	RNU6-7	26	0	0	5.5	0	0	U6	26.0
5O9Z	B	6	RNU6-7	27	0	0	5.5	0	0	U6	27.0
5O9Z	B	6	RNU6-7	28	2	1	3.3663645078927256	0	0	U6	28.0
5O9Z	B	6	RNU6-7	29	0	0	5.5	0	0	U6	29.0
5O9Z	B	6	RNU6-7	30	0	0	5.5	0	1	U6	30.0
5O9Z	B	6	RNU6-7	31	0	0	5.5	0	1	U6	31.0
5O9Z	B	6	RNU6-7	32	0	0	5.5	0	1	U6	32.0
5O9Z	B	6	RNU6-7	33	0	0	5.5	0	1	U6	33.0
5O9Z	B	6	RNU6-7	34	0	0	5.5	0	4	U6	34.0
5O9Z	B	6	RNU6-7	35	0	0	5.5	0	3	U6	35.0
5O9Z	B	6	RNU6-7	36	0	0	5.5	0	3	U6	36.0
5O9Z	B	6	RNU6-7	37	2	1	3.7132118172816533	0	1	U6	37.0
5O9Z	B	6	RNU6-7	38	0	0	5.5	0	3	U6	38.0
5O9Z	B	6	RNU6-7	39	1	1	4.410285024802794	0	3	U6	39.0
5O9Z	B	6	RNU6-7	40	1	1	3.239106821332077	0	1	U6	40.0
5O9Z	B	6	RNU6-7	41	1	1	4.461861606997691	0	2	U6	41.0
5O9Z	B	6	RNU6-7	42	2	1	3.508998290110747	0	2	U6	42.0
5O9Z	B	6	RNU6-7	43	0	0	5.5	0	2	U6	43.0
5O9Z	B	6	RNU6-7	44	2	1	4.168656738087234	0	1	U6	44.0
5O9Z	B	6	RNU6-7	45	3	2	2.8280975937898503	0	1	U6	45.0
5O9Z	B	6	RNU6-7	46	3	1	3.3889970492757793	0	0	U6	46.0
5O9Z	B	6	RNU6-7	47	5	1	3.31486922818986	0	1	U6	47.0
5O9Z	B	6	RNU6-7	48	0	0	5.5	0	0	U6	48.0
5O9Z	B	6	RNU6-7	49	4	1	3.1082710628257413	0	0	U6	49.0
5O9Z	B	6	RNU6-7	50	3	1	3.1721402869355946	1	0	U6	50.0
5O9Z	B	6	RNU6-7	51	1	1	4.38816590388283	2	0	U6	51.0
5O9Z	B	6	RNU6-7	52	0	0	5.5	1	0	U6	52.0
5O9Z	B	6	RNU6-7	53	2	2	3.713158897758076	2	0	U6	53.0
5O9Z	B	6	RNU6-7	54	5	2	3.266361125166614	2	0	U6	54.0
5O9Z	B	6	RNU6-7	55	6	2	3.2287311749354375	2	0	U6	55.0
5O9Z	B	6	RNU6-7	56	0	0	5.5	3	0	U6	56.0
5O9Z	B	6	RNU6-7	57	0	0	5.5	2	0	U6	57.0
5O9Z	B	6	RNU6-7	58	1	1	4.038382473218729	4	0	U6	58.0
5O9Z	B	6	RNU6-7	59	0	0	5.5	5	0	U6	59.0
5O9Z	B	6	RNU6-7	60	0	0	5.5	2	0	U6	60.0
5O9Z	B	6	RNU6-7	61	0	0	5.5	2	0	U6	61.0
5O9Z	B	6	RNU6-7	62	0	0	5.5	2	0	U6	62.0
5O9Z	B	6	RNU6-7	63	0	0	5.5	3	0	U6	63.0
5O9Z	B	6	RNU6-7	64	0	0	5.5	2	0	U6	64.0
5O9Z	B	6	RNU6-7	65	1	1	3.5800034916184105	3	0	U6	65.0
5O9Z	B	6	RNU6-7	66	4	1	3.005641362504861	2	0	U6	66.0
5O9Z	B	6	RNU6-7	67	2	1	3.353819762599061	3	0	U6	67.0
5O9Z	B	6	RNU6-7	68	0	0	5.5	2	0	U6	68.0
5O9Z	B	6	RNU6-7	69	0	0	5.5	2	0	U6	69.0
5O9Z	B	6	RNU6-7	70	0	0	5.5	3	0	U6	70.0
5O9Z	B	6	RNU6-7	71	2	1	3.4731278410101654	2	0	U6	71.0
5O9Z	B	6	RNU6-7	72	1	1	3.2245450841940495	2	0	U6	72.0
5O9Z	B	6	RNU6-7	73	0	0	5.5	2	0	U6	73.0
5O9Z	B	6	RNU6-7	74	0	0	5.5	2	0	U6	74.0
5O9Z	B	6	RNU6-7	75	1	1	3.6637577703773156	1	0	U6	75.0
5O9Z	B	6	RNU6-7	76	4	1	2.879404973254042	0	0	U6	76.0
5O9Z	B	6	RNU6-7	77	1	1	3.1235622292504397	0	0	U6	77.0
5O9Z	B	6	RNU6-7	84	2	1	3.378248362687365	0	0	U6	84.0
5O9Z	B	6	RNU6-7	85	0	0	5.5	2	0	U6	85.0
5O9Z	B	6	RNU6-7	86	0	0	5.5	2	0	U6	86.0
5O9Z	B	6	RNU6-7	87	0	0	5.5	2	0	U6	87.0
5O9Z	B	6	RNU6-7	88	0	0	5.5	2	0	U6	88.0
5O9Z	B	6	RNU6-7	89	0	0	5.5	2	0	U6	89.0
5O9Z	B	6	RNU6-7	90	0	0	5.5	2	0	U6	90.0
5O9Z	B	6	RNU6-7	91	0	0	5.5	2	0	U6	91.0
5O9Z	B	6	RNU6-7	92	0	0	5.5	2	0	U6	92.0
5O9Z	B	6	RNU6-7	93	0	0	5.5	2	0	U6	93.0
5O9Z	B	6	RNU6-7	94	0	0	5.5	2	0	U6	94.0
5O9Z	B	6	RNU6-7	95	0	0	5.5	2	0	U6	95.0
5O9Z	B	6	RNU6-7	96	0	0	5.5	0	0	U6	96.0
5XJC	C*	B	RNU5A-1	8	0	0	5.5	0	0	U5	8.0
5XJC	C*	B	RNU5A-1	9	0	0	5.5	0	0	U5	9.0
5XJC	C*	B	RNU5A-1	10	0	0	5.5	0	0	U5	10.0
5XJC	C*	B	RNU5A-1	11	1	1	4.2468263444600645	0	0	U5	11.0
5XJC	C*	B	RNU5A-1	12	4	1	2.887177168100349	0	0	U5	12.0
5XJC	C*	B	RNU5A-1	13	3	1	2.1876142255891304	0	0	U5	13.0
5XJC	C*	B	RNU5A-1	14	4	2	3.9214836478047395	0	0	U5	14.0
5XJC	C*	B	RNU5A-1	15	1	1	3.3698103804220048	0	0	U5	15.0
5XJC	C*	B	RNU5A-1	16	1	1	4.194669712861812	0	0	U5	16.0
5XJC	C*	B	RNU5A-1	17	0	0	5.5	0	0	U5	17.0
5XJC	C*	B	RNU5A-1	18	1	1	3.741585359175983	0	0	U5	18.0
5XJC	C*	B	RNU5A-1	19	2	1	2.662304640720158	0	0	U5	19.0
5XJC	C*	B	RNU5A-1	20	4	1	3.1426495191159844	0	0	U5	20.0
5XJC	C*	B	RNU5A-1	21	0	0	5.5	0	0	U5	21.0
5XJC	C*	B	RNU5A-1	22	0	0	5.5	0	0	U5	22.0
5XJC	C*	B	RNU5A-1	23	1	1	2.882870964854288	0	0	U5	23.0
5XJC	C*	B	RNU5A-1	24	2	1	3.6159593471166054	0	0	U5	24.0
5XJC	C*	B	RNU5A-1	25	2	1	3.091315254062613	0	0	U5	25.0
5XJC	C*	B	RNU5A-1	26	8	1	2.9063645676342964	0	0	U5	26.0
5XJC	C*	B	RNU5A-1	27	7	1	3.240040277527391	0	0	U5	27.0
5XJC	C*	B	RNU5A-1	28	8	1	2.6820764344067483	0	0	U5	28.0
5XJC	C*	B	RNU5A-1	29	7	1	3.051929717408334	0	0	U5	29.0
5XJC	C*	B	RNU5A-1	30	5	2	2.8125861764575	0	0	U5	30.0
5XJC	C*	B	RNU5A-1	31	2	1	2.6957770679341984	0	0	U5	31.0
5XJC	C*	B	RNU5A-1	32	2	2	3.5511154585566485	0	0	U5	32.0
5XJC	C*	B	RNU5A-1	33	2	1	3.4067893976587644	0	0	U5	33.0
5XJC	C*	B	RNU5A-1	34	2	1	4.333819216349462	0	0	U5	34.0
5XJC	C*	B	RNU5A-1	35	1	1	2.620238347937062	0	0	U5	35.0
5XJC	C*	B	RNU5A-1	36	1	1	3.1768119239262744	0	0	U5	36.0
5XJC	C*	B	RNU5A-1	37	2	1	2.8809376945709673	0	0	U5	37.0
5XJC	C*	B	RNU5A-1	38	3	2	2.4988445329791658	0	0	U5	38.0
5XJC	C*	B	RNU5A-1	39	4	1	2.6487457409121293	0	0	U5	39.0
5XJC	C*	B	RNU5A-1	40	3	1	3.6517493068391107	0	1	U5	40.0
5XJC	C*	B	RNU5A-1	41	3	1	3.31738692346854	0	2	U5	41.0
5XJC	C*	B	RNU5A-1	42	0	0	5.5	2	2	U5	42.0
5XJC	C*	B	RNU5A-1	43	0	0	5.5	3	2	U5	43.0
5XJC	C*	B	RNU5A-1	44	5	1	3.3808410196281335	2	2	U5	44.0
5XJC	C*	B	RNU5A-1	45	3	1	2.8686007041761976	0	1	U5	45.0
5XJC	C*	B	RNU5A-1	46	2	2	3.3308522933327334	0	0	U5	46.0
5XJC	C*	B	RNU5A-1	47	3	2	2.7206653597971457	0	0	U5	47.0
5XJC	C*	B	RNU5A-1	48	7	1	2.7320728394389144	0	0	U5	48.0
5XJC	C*	B	RNU5A-1	49	2	1	2.6813705450757848	0	0	U5	49.0
5XJC	C*	B	RNU5A-1	50	1	1	3.5306023565391635	0	0	U5	50.0
5XJC	C*	B	RNU5A-1	51	4	3	3.28418361240657	0	0	U5	51.0
5XJC	C*	B	RNU5A-1	52	5	2	2.822131641153532	0	0	U5	52.0
5XJC	C*	B	RNU5A-1	53	6	2	3.145721220960314	0	0	U5	53.0
5XJC	C*	B	RNU5A-1	54	1	1	3.6465147744112936	0	0	U5	54.0
5XJC	C*	B	RNU5A-1	55	3	1	2.4386326086558974	0	0	U5	55.0
5XJC	C*	B	RNU5A-1	56	6	1	2.8006515313405136	0	0	U5	56.0
5XJC	C*	B	RNU5A-1	57	5	1	3.2331350110999035	0	0	U5	57.0
5XJC	C*	B	RNU5A-1	58	5	1	2.5860852654156545	0	0	U5	58.0
5XJC	C*	B	RNU5A-1	59	3	1	2.60364302468677	0	0	U5	59.0
5XJC	C*	B	RNU5A-1	60	1	1	4.350239188826283	0	0	U5	60.0
5XJC	C*	B	RNU5A-1	61	0	0	5.5	0	0	U5	61.0
5XJC	C*	B	RNU5A-1	62	1	1	4.056664393316248	0	0	U5	62.0
5XJC	C*	B	RNU5A-1	63	2	1	3.8999867948494686	0	0	U5	63.0
5XJC	C*	B	RNU5A-1	64	4	2	3.5063489558228778	0	0	U5	64.0
5XJC	C*	B	RNU5A-1	65	3	1	3.4556721488011695	0	0	U5	65.0
5XJC	C*	B	RNU5A-1	66	0	0	5.5	0	0	U5	66.0
5XJC	C*	B	RNU5A-1	67	0	0	5.5	0	0	U5	67.0
5XJC	C*	B	RNU5A-1	68	0	0	5.5	0	0	U5	68.0
5XJC	C*	B	RNU5A-1	82	0	0	5.5	0	0	U5	82.0
5XJC	C*	B	RNU5A-1	83	0	0	5.5	0	0	U5	83.0
5XJC	C*	B	RNU5A-1	84	0	0	5.5	0	0	U5	84.0
5XJC	C*	B	RNU5A-1	85	0	0	5.5	0	0	U5	85.0
5XJC	C*	B	RNU5A-1	86	2	2	4.101283945303003	0	0	U5	86.0
5XJC	C*	B	RNU5A-1	87	6	2	2.958068795684101	0	0	U5	87.0
5XJC	C*	B	RNU5A-1	88	7	2	2.5769311205385326	0	0	U5	88.0
5XJC	C*	B	RNU5A-1	89	7	3	2.4309358280300177	0	0	U5	89.0
5XJC	C*	B	RNU5A-1	90	12	3	2.8499366659629572	0	0	U5	90.0
5XJC	C*	B	RNU5A-1	91	8	3	2.5060426971621763	0	0	U5	91.0
5XJC	C*	B	RNU5A-1	92	10	3	2.96029086408756	0	0	U5	92.0
5XJC	C*	B	RNU5A-1	93	8	3	2.4166770574489136	0	0	U5	93.0
5XJC	C*	B	RNU5A-1	94	7	3	2.7059211001062136	0	0	U5	94.0
5XJC	C*	B	RNU5A-1	95	8	3	2.7158252889315024	0	0	U5	95.0
5XJC	C*	B	RNU5A-1	96	3	3	3.0317138717233796	0	0	U5	96.0
5XJC	C*	B	RNU5A-1	97	4	2	2.9043458816057064	0	0	U5	97.0
5XJC	C*	B	RNU5A-1	98	1	1	3.6683321823411936	0	0	U5	98.0
5XJC	C*	B	RNU5A-1	99	0	0	5.5	0	0	U5	99.0
5XJC	C*	B	RNU5A-1	100	2	1	3.435356895578683	0	0	U5	100.0
5XJC	C*	B	RNU5A-1	101	1	1	3.5618415180914513	0	0	U5	101.0
5XJC	C*	B	RNU5A-1	102	0	0	5.5	0	0	U5	102.0
5XJC	C*	B	RNU5A-1	103	0	0	5.5	0	0	U5	103.0
5XJC	C*	B	RNU5A-1	104	0	0	5.5	0	0	U5	104.0
5XJC	C*	F	RNU6-7	1	5	1	2.2729793223872394	0	0	U6	1.0
5XJC	C*	F	RNU6-7	2	2	1	2.735223756843323	0	0	U6	2.0
5XJC	C*	F	RNU6-7	3	1	1	4.470358934134938	0	0	U6	3.0
5XJC	C*	F	RNU6-7	4	0	0	5.5	0	0	U6	4.0
5XJC	C*	F	RNU6-7	5	0	0	5.5	0	0	U6	5.0
5XJC	C*	F	RNU6-7	6	0	0	5.5	0	0	U6	6.0
5XJC	C*	F	RNU6-7	7	0	0	5.5	0	0	U6	7.0
5XJC	C*	F	RNU6-7	8	0	0	5.5	0	0	U6	8.0
5XJC	C*	F	RNU6-7	9	0	0	5.5	0	0	U6	9.0
5XJC	C*	F	RNU6-7	10	0	0	5.5	0	0	U6	10.0
5XJC	C*	F	RNU6-7	11	0	0	5.5	0	0	U6	11.0
5XJC	C*	F	RNU6-7	12	0	0	5.5	0	0	U6	12.0
5XJC	C*	F	RNU6-7	13	0	0	5.5	0	0	U6	13.0
5XJC	C*	F	RNU6-7	14	0	0	5.5	0	0	U6	14.0
5XJC	C*	F	RNU6-7	15	0	0	5.5	0	0	U6	15.0
5XJC	C*	F	RNU6-7	16	1	1	4.155420195359267	0	0	U6	16.0
5XJC	C*	F	RNU6-7	17	2	2	3.7998951301318895	0	0	U6	17.0
5XJC	C*	F	RNU6-7	18	3	3	3.287869522958587	0	0	U6	18.0
5XJC	C*	F	RNU6-7	19	2	1	3.051072598284047	0	0	U6	19.0
5XJC	C*	F	RNU6-7	20	5	1	2.7339080086937897	0	0	U6	20.0
5XJC	C*	F	RNU6-7	21	11	3	2.9720891642075795	0	0	U6	21.0
5XJC	C*	F	RNU6-7	22	14	3	2.2416469391944935	0	0	U6	22.0
5XJC	C*	F	RNU6-7	23	13	3	2.8267820927690956	0	0	U6	23.0
5XJC	C*	F	RNU6-7	24	6	2	3.1194661402233765	0	0	U6	24.0
5XJC	C*	F	RNU6-7	25	6	3	2.5792993234597796	0	0	U6	25.0
5XJC	C*	F	RNU6-7	26	5	2	3.3660537725948654	0	0	U6	26.0
5XJC	C*	F	RNU6-7	27	7	2	2.067896757577639	0	2	U6	27.0
5XJC	C*	F	RNU6-7	28	10	2	2.427559680007898	0	0	U6	28.0
5XJC	C*	F	RNU6-7	29	3	1	2.6982412790556842	0	2	U6	29.0
5XJC	C*	F	RNU6-7	30	2	1	3.7742625769811182	0	3	U6	30.0
5XJC	C*	F	RNU6-7	31	0	0	5.5	0	1	U6	31.0
5XJC	C*	F	RNU6-7	32	0	0	5.5	0	3	U6	32.0
5XJC	C*	F	RNU6-7	33	0	0	5.5	0	2	U6	33.0
5XJC	C*	F	RNU6-7	34	1	1	4.33067719877616	0	2	U6	34.0
5XJC	C*	F	RNU6-7	35	1	1	3.9525037634390383	0	0	U6	35.0
5XJC	C*	F	RNU6-7	36	0	0	5.5	0	2	U6	36.0
5XJC	C*	F	RNU6-7	37	3	1	2.483355995422352	0	0	U6	37.0
5XJC	C*	F	RNU6-7	38	3	1	2.9920242311852845	0	3	U6	38.0
5XJC	C*	F	RNU6-7	39	0	0	5.5	0	3	U6	39.0
5XJC	C*	F	RNU6-7	40	2	1	3.332791322600346	0	2	U6	40.0
5XJC	C*	F	RNU6-7	41	3	2	3.0683798656619956	0	3	U6	41.0
5XJC	C*	F	RNU6-7	42	2	2	2.7551538976979364	0	3	U6	42.0
5XJC	C*	F	RNU6-7	43	3	1	2.8912983242827135	0	2	U6	43.0
5XJC	C*	F	RNU6-7	44	4	1	2.8410915155974696	0	4	U6	44.0
5XJC	C*	F	RNU6-7	45	1	1	3.9993604488717853	0	3	U6	45.0
5XJC	C*	F	RNU6-7	46	4	2	2.929381846055525	0	0	U6	46.0
5XJC	C*	F	RNU6-7	47	3	2	3.254197443303055	2	0	U6	47.0
5XJC	C*	F	RNU6-7	48	12	2	2.767978504251798	0	0	U6	48.0
5XJC	C*	F	RNU6-7	49	7	1	2.8027135065860915	1	0	U6	49.0
5XJC	C*	F	RNU6-7	50	0	0	5.5	3	0	U6	50.0
5XJC	C*	F	RNU6-7	51	0	0	5.5	2	0	U6	51.0
5XJC	C*	F	RNU6-7	52	0	0	5.5	2	0	U6	52.0
5XJC	C*	F	RNU6-7	53	0	0	5.5	3	0	U6	53.0
5XJC	C*	F	RNU6-7	54	0	0	5.5	3	1	U6	54.0
5XJC	C*	F	RNU6-7	55	3	1	2.843211212695972	2	0	U6	55.0
5XJC	C*	F	RNU6-7	56	7	2	2.4672537364446665	1	0	U6	56.0
5XJC	C*	F	RNU6-7	57	6	2	1.9949671676496543	0	0	U6	57.0
5XJC	C*	F	RNU6-7	58	3	1	2.408503684863322	0	0	U6	58.0
5XJC	C*	F	RNU6-7	59	4	3	4.163998799231378	0	0	U6	59.0
5XJC	C*	F	RNU6-7	60	9	4	3.139484989612193	0	0	U6	60.0
5XJC	C*	F	RNU6-7	61	2	2	3.0005129561460193	0	0	U6	61.0
5XJC	C*	F	RNU6-7	62	1	1	3.7346782993987686	0	0	U6	62.0
5XJC	C*	F	RNU6-7	63	1	1	3.6176271228527765	0	0	U6	63.0
5XJC	C*	F	RNU6-7	64	5	1	2.288889687162747	0	0	U6	64.0
5XJC	C*	F	RNU6-7	65	7	1	2.6888239064691652	0	0	U6	65.0
5XJC	C*	F	RNU6-7	66	9	1	3.026415866995152	2	0	U6	66.0
5XJC	C*	F	RNU6-7	67	2	2	2.167601900718855	2	0	U6	67.0
5XJC	C*	F	RNU6-7	68	8	3	2.824534651938258	0	0	U6	68.0
5XJC	C*	F	RNU6-7	69	4	1	3.146015416363965	2	0	U6	69.0
5XJC	C*	F	RNU6-7	70	4	1	2.2802361719786943	1	1	U6	70.0
5XJC	C*	F	RNU6-7	71	2	1	3.1725535456474137	0	2	U6	71.0
5XJC	C*	F	RNU6-7	72	1	1	2.740487182965809	0	1	U6	72.0
5XJC	C*	F	RNU6-7	73	2	2	3.2305573822484983	0	2	U6	73.0
5XJC	C*	F	RNU6-7	74	1	1	4.171995925213751	0	1	U6	74.0
5XJC	C*	F	RNU6-7	75	0	0	5.5	0	0	U6	75.0
5XJC	C*	F	RNU6-7	76	0	0	5.5	0	0	U6	76.0
5XJC	C*	F	RNU6-7	77	2	1	2.487443265684662	0	0	U6	77.0
5XJC	C*	F	RNU6-7	78	5	3	2.769091728347003	0	0	U6	78.0
5XJC	C*	F	RNU6-7	79	8	3	2.9852787139562227	0	0	U6	79.0
5XJC	C*	F	RNU6-7	80	4	3	2.364938265579023	1	0	U6	80.0
5XJC	C*	F	RNU6-7	81	4	1	3.348659582579277	0	0	U6	81.0
5XJC	C*	F	RNU6-7	82	5	4	2.767522538300294	2	0	U6	82.0
5XJC	C*	F	RNU6-7	83	4	3	2.25760470410562	1	0	U6	83.0
5XJC	C*	F	RNU6-7	84	6	1	3.1672551207630493	0	0	U6	84.0
5XJC	C*	F	RNU6-7	85	6	2	2.7787540373339907	0	0	U6	85.0
5XJC	C*	F	RNU6-7	86	9	2	3.101852994582455	0	0	U6	86.0
5XJC	C*	F	RNU6-7	87	9	1	2.3742030241746326	2	0	U6	87.0
5XJC	C*	F	RNU6-7	88	7	1	2.6800809689261422	2	0	U6	88.0
5XJC	C*	F	RNU6-7	89	2	1	2.6761808608538042	2	0	U6	89.0
5XJC	C*	F	RNU6-7	90	0	0	5.5	2	0	U6	90.0
5XJC	C*	F	RNU6-7	91	0	0	5.5	2	0	U6	91.0
5XJC	C*	F	RNU6-7	92	0	0	5.5	2	0	U6	92.0
5XJC	C*	F	RNU6-7	93	0	0	5.5	3	0	U6	93.0
5XJC	C*	F	RNU6-7	94	0	0	5.5	2	0	U6	94.0
5XJC	C*	F	RNU6-7	95	0	0	5.5	3	0	U6	95.0
5XJC	C*	F	RNU6-7	96	0	0	5.5	3	0	U6	96.0
5XJC	C*	F	RNU6-7	97	1	1	3.2924624523295525	2	0	U6	97.0
5XJC	C*	H	RNU2-1	1	3	1	4.042648884085819	2	0	U2	1.0
5XJC	C*	H	RNU2-1	2	2	1	3.697862355469737	3	0	U2	2.0
5XJC	C*	H	RNU2-1	3	0	0	5.5	2	0	U2	3.0
5XJC	C*	H	RNU2-1	4	0	0	5.5	3	0	U2	4.0
5XJC	C*	H	RNU2-1	5	0	0	5.5	2	0	U2	5.0
5XJC	C*	H	RNU2-1	6	0	0	5.5	2	0	U2	6.0
5XJC	C*	H	RNU2-1	7	0	0	5.5	2	0	U2	7.0
5XJC	C*	H	RNU2-1	8	2	1	3.269192102033772	2	0	U2	8.0
5XJC	C*	H	RNU2-1	9	0	0	5.5	2	0	U2	9.0
5XJC	C*	H	RNU2-1	10	1	1	2.65789691297464	2	0	U2	10.0
5XJC	C*	H	RNU2-1	11	3	1	2.404007903481164	2	0	U2	11.0
5XJC	C*	H	RNU2-1	12	6	1	2.8466120213334554	1	0	U2	12.0
5XJC	C*	H	RNU2-1	13	5	2	2.450787016450073	0	0	U2	13.0
5XJC	C*	H	RNU2-1	14	4	3	3.0763632750375973	0	0	U2	14.0
5XJC	C*	H	RNU2-1	15	8	3	2.59226657579808	0	0	U2	15.0
5XJC	C*	H	RNU2-1	16	3	2	2.675442580209863	1	0	U2	16.0
5XJC	C*	H	RNU2-1	17	5	2	2.3502710481985334	1	0	U2	17.0
5XJC	C*	H	RNU2-1	18	11	3	2.1666391023887517	0	0	U2	18.0
5XJC	C*	H	RNU2-1	19	9	4	3.0960968977084624	2	0	U2	19.0
5XJC	C*	H	RNU2-1	20	6	2	2.9577974913776632	3	0	U2	20.0
5XJC	C*	H	RNU2-1	21	5	1	2.596833071262023	2	0	U2	21.0
5XJC	C*	H	RNU2-1	22	6	1	3.126096767536151	3	0	U2	22.0
5XJC	C*	H	RNU2-1	23	8	1	2.191397955643829	1	0	U2	23.0
5XJC	C*	H	RNU2-1	24	6	3	2.399835411023046	0	0	U2	24.0
5XJC	C*	H	RNU2-1	25	1	1	3.5651431948801386	3	0	U2	25.0
5XJC	C*	H	RNU2-1	26	1	1	2.5588399715496104	3	0	U2	26.0
5XJC	C*	H	RNU2-1	27	1	1	3.9692470318688593	2	0	U2	27.0
5XJC	C*	H	RNU2-1	28	2	2	3.347396301605194	2	0	U2	28.0
5XJC	C*	H	RNU2-1	29	4	1	3.2312194292557797	0	0	U2	29.0
5XJC	C*	H	RNU2-1	30	1	1	2.703665844737486	0	0	U2	30.0
5XJC	C*	H	RNU2-1	31	0	0	5.5	0	2	U2	31.0
5XJC	C*	H	RNU2-1	32	0	0	5.5	0	2	U2	32.0
5XJC	C*	H	RNU2-1	33	2	1	3.5468435262921263	0	3	U2	33.0
5XJC	C*	H	RNU2-1	34	5	1	2.8315836558364382	0	2	U2	34.0
5XJC	C*	H	RNU2-1	35	5	1	2.9986106782975077	0	3	U2	35.0
5XJC	C*	H	RNU2-1	36	5	3	2.854414826194675	0	3	U2	36.0
5XJC	C*	H	RNU2-1	37	3	2	2.8543388025951195	0	2	U2	37.0
5XJC	C*	H	RNU2-1	38	1	1	3.4245202583719676	0	3	U2	38.0
5XJC	C*	H	RNU2-1	39	0	0	5.5	0	1	U2	39.0
5XJC	C*	H	RNU2-1	40	0	0	5.5	0	1	U2	40.0
5XJC	C*	H	RNU2-1	41	0	0	5.5	0	2	U2	41.0
5XJC	C*	H	RNU2-1	42	0	0	5.5	0	1	U2	42.0
5XJC	C*	H	RNU2-1	43	0	0	5.5	0	0	U2	43.0
5XJC	C*	H	RNU2-1	44	0	0	5.5	0	1	U2	44.0
5XJC	C*	H	RNU2-1	45	0	0	5.5	0	2	U2	45.0
5XJC	C*	H	RNU2-1	46	0	0	5.5	0	2	U2	46.0
5XJC	C*	H	RNU2-1	53	0	0	5.5	0	1	U2	53.0
5XJC	C*	H	RNU2-1	54	0	0	5.5	0	0	U2	54.0
5XJC	C*	H	RNU2-1	55	0	0	5.5	0	0	U2	55.0
5XJC	C*	H	RNU2-1	56	0	0	5.5	0	0	U2	56.0
5XJC	C*	H	RNU2-1	57	0	0	5.5	0	0	U2	57.0
5XJC	C*	H	RNU2-1	58	0	0	5.5	0	0	U2	58.0
5XJC	C*	H	RNU2-1	59	0	0	5.5	0	0	U2	59.0
5XJC	C*	H	RNU2-1	60	0	0	5.5	0	0	U2	60.0
5XJC	C*	H	RNU2-1	67	0	0	5.5	0	0	U2	67.0
5XJC	C*	H	RNU2-1	68	0	0	5.5	0	0	U2	68.0
5XJC	C*	H	RNU2-1	69	0	0	5.5	0	0	U2	69.0
5XJC	C*	H	RNU2-1	70	0	0	5.5	0	0	U2	70.0
5XJC	C*	H	RNU2-1	71	0	0	5.5	0	0	U2	71.0
5XJC	C*	H	RNU2-1	72	0	0	5.5	0	0	U2	72.0
5XJC	C*	H	RNU2-1	73	0	0	5.5	0	0	U2	73.0
5XJC	C*	H	RNU2-1	74	0	0	5.5	0	0	U2	74.0
5XJC	C*	H	RNU2-1	75	0	0	5.5	0	0	U2	75.0
5XJC	C*	H	RNU2-1	77	0	0	5.5	0	0	U2	77.0
5XJC	C*	H	RNU2-1	78	0	0	5.5	0	0	U2	78.0
5XJC	C*	H	RNU2-1	79	0	0	5.5	0	0	U2	79.0
5XJC	C*	H	RNU2-1	80	0	0	5.5	0	0	U2	80.0
5XJC	C*	H	RNU2-1	81	0	0	5.5	0	0	U2	81.0
5XJC	C*	H	RNU2-1	82	0	0	5.5	0	0	U2	82.0
5XJC	C*	H	RNU2-1	83	0	0	5.5	0	0	U2	83.0
5XJC	C*	H	RNU2-1	84	0	0	5.5	0	0	U2	84.0
5XJC	C*	H	RNU2-1	85	0	0	5.5	0	0	U2	85.0
5XJC	C*	H	RNU2-1	88	0	0	5.5	0	0	U2	88.0
5XJC	C*	H	RNU2-1	89	0	0	5.5	0	0	U2	89.0
5XJC	C*	H	RNU2-1	90	0	0	5.5	0	0	U2	90.0
5XJC	C*	H	RNU2-1	91	0	0	5.5	0	0	U2	91.0
5XJC	C*	H	RNU2-1	92	0	0	5.5	0	0	U2	92.0
5XJC	C*	H	RNU2-1	93	1	1	3.826298080390515	0	0	U2	93.0
5XJC	C*	H	RNU2-1	94	0	0	5.5	0	0	U2	94.0
5XJC	C*	H	RNU2-1	97	3	2	4.104070662159738	0	0	U2	97.0
5XJC	C*	H	RNU2-1	98	6	2	2.5010693712889935	0	0	U2	98.0
5XJC	C*	H	RNU2-1	99	7	2	2.5765407041224955	0	0	U2	99.0
5XJC	C*	H	RNU2-1	100	7	3	2.4314987147847766	0	0	U2	100.0
5XJC	C*	H	RNU2-1	101	12	3	2.8507525322272307	0	0	U2	101.0
5XJC	C*	H	RNU2-1	102	8	3	2.5067470953408972	0	0	U2	102.0
5XJC	C*	H	RNU2-1	103	10	3	2.9614722689905406	0	0	U2	103.0
5XJC	C*	H	RNU2-1	104	8	3	2.4166296778778538	0	0	U2	104.0
5XJC	C*	H	RNU2-1	105	7	3	2.629076834175844	0	0	U2	105.0
5XJC	C*	H	RNU2-1	106	7	3	2.746460449378442	0	0	U2	106.0
5XJC	C*	H	RNU2-1	107	2	2	2.763016648520254	0	0	U2	107.0
5XJC	C*	H	RNU2-1	108	4	2	2.9046056530964615	0	0	U2	108.0
5XJC	C*	H	RNU2-1	109	1	1	3.6683289110983432	0	0	U2	109.0
5XJC	C*	H	RNU2-1	110	0	0	5.5	0	0	U2	110.0
5XJC	C*	H	RNU2-1	111	0	0	5.5	0	0	U2	111.0
5XJC	C*	H	RNU2-1	112	0	0	5.5	0	0	U2	112.0
5XJC	C*	H	RNU2-1	113	0	0	5.5	0	0	U2	113.0
5XJC	C*	H	RNU2-1	114	0	0	5.5	0	0	U2	114.0
5XJC	C*	H	RNU2-1	115	0	0	5.5	0	0	U2	115.0
5XJC	C*	H	RNU2-1	143	0	0	5.5	0	0	U2	143.0
5XJC	C*	H	RNU2-1	144	0	0	5.5	0	0	U2	144.0
5XJC	C*	H	RNU2-1	145	0	0	5.5	0	0	U2	145.0
5XJC	C*	H	RNU2-1	146	0	0	5.5	0	0	U2	146.0
5XJC	C*	H	RNU2-1	147	0	0	5.5	0	0	U2	147.0
5XJC	C*	H	RNU2-1	148	0	0	5.5	0	0	U2	148.0
5XJC	C*	H	RNU2-1	149	0	0	5.5	0	0	U2	149.0
5XJC	C*	H	RNU2-1	150	0	0	5.5	0	0	U2	150.0
5XJC	C*	H	RNU2-1	151	1	1	3.9775225957875016	0	0	U2	151.0
5XJC	C*	H	RNU2-1	152	1	1	3.953644521198124	0	0	U2	152.0
5XJC	C*	H	RNU2-1	153	0	0	5.5	0	0	U2	153.0
5XJC	C*	H	RNU2-1	154	1	1	2.2456489039918814	0	0	U2	154.0
5XJC	C*	H	RNU2-1	155	1	1	3.0702913542528654	0	0	U2	155.0
5XJC	C*	H	RNU2-1	156	1	1	3.3506784387642936	0	0	U2	156.0
5XJC	C*	H	RNU2-1	157	0	0	5.5	0	0	U2	157.0
5XJC	C*	H	RNU2-1	158	1	1	2.583460857067505	0	0	U2	158.0
5XJC	C*	H	RNU2-1	159	1	1	2.5926384244625864	0	0	U2	159.0
5XJC	C*	H	RNU2-1	160	3	1	2.61637038662344	0	0	U2	160.0
5XJC	C*	H	RNU2-1	161	2	1	2.7380819929286293	0	0	U2	161.0
5XJC	C*	H	RNU2-1	162	3	1	2.5798769350494246	0	0	U2	162.0
5XJC	C*	H	RNU2-1	163	8	1	2.965244509311177	0	0	U2	163.0
5XJC	C*	H	RNU2-1	164	9	1	2.6137838472222645	0	0	U2	164.0
5XJC	C*	H	RNU2-1	165	9	1	2.6886838787778804	0	0	U2	165.0
5XJC	C*	H	RNU2-1	166	5	1	2.8776379202394406	0	0	U2	166.0
5XJC	C*	H	RNU2-1	167	7	2	2.575725334735844	0	0	U2	167.0
5XJC	C*	H	RNU2-1	168	4	1	2.4720378233352416	0	0	U2	168.0
5XJC	C*	H	RNU2-1	169	1	1	3.1002209598672112	0	0	U2	169.0
5XJC	C*	H	RNU2-1	170	4	1	2.8429190983916426	0	0	U2	170.0
5XJC	C*	H	RNU2-1	171	3	1	2.8123177274269744	0	0	U2	171.0
5XJC	C*	H	RNU2-1	172	1	1	4.18995465369259	0	0	U2	172.0
5XJC	C*	H	RNU2-1	173	0	0	5.5	0	0	U2	173.0
5XJC	C*	H	RNU2-1	174	0	0	5.5	0	0	U2	174.0
5XJC	C*	H	RNU2-1	175	0	0	5.5	0	0	U2	175.0
5XJC	C*	H	RNU2-1	176	2	1	2.747864261567517	0	0	U2	176.0
5XJC	C*	H	RNU2-1	177	4	1	3.072629655523099	0	0	U2	177.0
5XJC	C*	H	RNU2-1	178	0	0	5.5	0	0	U2	178.0
5XJC	C*	H	RNU2-1	179	0	0	5.5	0	0	U2	179.0
5XJC	C*	H	RNU2-1	180	0	0	5.5	0	0	U2	180.0
5XJC	C*	H	RNU2-1	181	0	0	5.5	0	0	U2	181.0
5XJC	C*	H	RNU2-1	182	0	0	5.5	0	0	U2	182.0
5XJC	C*	H	RNU2-1	183	1	1	4.1926527402111295	0	0	U2	183.0
5XJC	C*	H	RNU2-1	184	0	0	5.5	0	0	U2	184.0
5Z56	Bact-mature	B	RNU5A-1	8	0	0	5.5	0	0	U5	8.0
5Z56	Bact-mature	B	RNU5A-1	9	0	0	5.5	0	0	U5	9.0
5Z56	Bact-mature	B	RNU5A-1	10	0	0	5.5	0	0	U5	10.0
5Z56	Bact-mature	B	RNU5A-1	11	0	0	5.5	0	0	U5	11.0
5Z56	Bact-mature	B	RNU5A-1	12	3	1	2.7638418912810385	0	0	U5	12.0
5Z56	Bact-mature	B	RNU5A-1	13	2	1	3.360343137240563	0	0	U5	13.0
5Z56	Bact-mature	B	RNU5A-1	14	1	1	4.274745606465956	0	0	U5	14.0
5Z56	Bact-mature	B	RNU5A-1	15	1	1	3.8727377912789342	0	0	U5	15.0
5Z56	Bact-mature	B	RNU5A-1	16	0	0	5.5	0	0	U5	16.0
5Z56	Bact-mature	B	RNU5A-1	17	0	0	5.5	0	0	U5	17.0
5Z56	Bact-mature	B	RNU5A-1	18	0	0	5.5	0	0	U5	18.0
5Z56	Bact-mature	B	RNU5A-1	19	1	1	4.17366457684372	0	0	U5	19.0
5Z56	Bact-mature	B	RNU5A-1	20	4	1	2.9213211052535915	0	0	U5	20.0
5Z56	Bact-mature	B	RNU5A-1	21	0	0	5.5	0	0	U5	21.0
5Z56	Bact-mature	B	RNU5A-1	22	0	0	5.5	0	0	U5	22.0
5Z56	Bact-mature	B	RNU5A-1	23	1	1	2.6862449627686678	0	0	U5	23.0
5Z56	Bact-mature	B	RNU5A-1	24	1	1	4.475735917142574	0	0	U5	24.0
5Z56	Bact-mature	B	RNU5A-1	25	1	1	3.723577983606605	0	0	U5	25.0
5Z56	Bact-mature	B	RNU5A-1	26	6	1	2.1232074792634243	0	0	U5	26.0
5Z56	Bact-mature	B	RNU5A-1	27	7	1	2.200135904893181	0	0	U5	27.0
5Z56	Bact-mature	B	RNU5A-1	28	6	1	2.12188241898553	0	0	U5	28.0
5Z56	Bact-mature	B	RNU5A-1	29	4	1	2.7994945972443066	0	0	U5	29.0
5Z56	Bact-mature	B	RNU5A-1	30	5	2	3.2986350207320636	0	0	U5	30.0
5Z56	Bact-mature	B	RNU5A-1	31	3	2	2.3821320282469833	0	0	U5	31.0
5Z56	Bact-mature	B	RNU5A-1	32	2	2	2.4137578586096455	0	0	U5	32.0
5Z56	Bact-mature	B	RNU5A-1	33	2	1	3.71806145726508	0	0	U5	33.0
5Z56	Bact-mature	B	RNU5A-1	34	0	0	5.5	0	0	U5	34.0
5Z56	Bact-mature	B	RNU5A-1	35	1	1	3.0857532305743094	0	0	U5	35.0
5Z56	Bact-mature	B	RNU5A-1	36	2	2	2.8817930182440215	0	0	U5	36.0
5Z56	Bact-mature	B	RNU5A-1	37	1	1	2.842643488023056	0	0	U5	37.0
5Z56	Bact-mature	B	RNU5A-1	38	3	1	1.897601117200367	0	2	U5	38.0
5Z56	Bact-mature	B	RNU5A-1	39	4	1	2.8706706533491944	0	0	U5	39.0
5Z56	Bact-mature	B	RNU5A-1	40	1	1	3.57177350905681	0	1	U5	40.0
5Z56	Bact-mature	B	RNU5A-1	41	1	1	3.809202803737279	2	3	U5	41.0
5Z56	Bact-mature	B	RNU5A-1	42	0	0	5.5	2	2	U5	42.0
5Z56	Bact-mature	B	RNU5A-1	43	1	1	3.478631627522482	3	2	U5	43.0
5Z56	Bact-mature	B	RNU5A-1	44	8	1	2.653999623210216	2	2	U5	44.0
5Z56	Bact-mature	B	RNU5A-1	45	4	1	2.3119009494353566	0	1	U5	45.0
5Z56	Bact-mature	B	RNU5A-1	46	2	2	3.093891562417808	0	0	U5	46.0
5Z56	Bact-mature	B	RNU5A-1	47	4	2	3.2287094945194394	0	0	U5	47.0
5Z56	Bact-mature	B	RNU5A-1	48	8	1	2.095284467560444	0	0	U5	48.0
5Z56	Bact-mature	B	RNU5A-1	49	2	1	2.2942567423895475	0	0	U5	49.0
5Z56	Bact-mature	B	RNU5A-1	50	1	1	3.512162439295771	0	0	U5	50.0
5Z56	Bact-mature	B	RNU5A-1	51	4	3	2.6226364597480827	0	0	U5	51.0
5Z56	Bact-mature	B	RNU5A-1	52	4	2	2.5939672318670666	0	0	U5	52.0
5Z56	Bact-mature	B	RNU5A-1	53	5	1	3.000031499834615	0	0	U5	53.0
5Z56	Bact-mature	B	RNU5A-1	54	1	1	4.157267131181228	0	0	U5	54.0
5Z56	Bact-mature	B	RNU5A-1	55	4	1	2.5926976298828124	0	0	U5	55.0
5Z56	Bact-mature	B	RNU5A-1	56	4	1	2.2839109001885443	0	0	U5	56.0
5Z56	Bact-mature	B	RNU5A-1	57	6	1	2.265840682837183	0	0	U5	57.0
5Z56	Bact-mature	B	RNU5A-1	58	5	1	2.7793470456206135	0	0	U5	58.0
5Z56	Bact-mature	B	RNU5A-1	59	2	1	4.008043163440242	0	0	U5	59.0
5Z56	Bact-mature	B	RNU5A-1	60	0	0	5.5	0	0	U5	60.0
5Z56	Bact-mature	B	RNU5A-1	61	0	0	5.5	0	0	U5	61.0
5Z56	Bact-mature	B	RNU5A-1	62	0	0	5.5	0	0	U5	62.0
5Z56	Bact-mature	B	RNU5A-1	63	1	1	2.8106529490493513	0	0	U5	63.0
5Z56	Bact-mature	B	RNU5A-1	64	1	1	4.099662181204676	0	0	U5	64.0
5Z56	Bact-mature	B	RNU5A-1	65	0	0	5.5	0	0	U5	65.0
5Z56	Bact-mature	B	RNU5A-1	66	0	0	5.5	0	0	U5	66.0
5Z56	Bact-mature	B	RNU5A-1	67	0	0	5.5	0	0	U5	67.0
5Z56	Bact-mature	B	RNU5A-1	68	0	0	5.5	0	0	U5	68.0
5Z56	Bact-mature	B	RNU5A-1	82	0	0	5.5	0	0	U5	82.0
5Z56	Bact-mature	B	RNU5A-1	83	0	0	5.5	0	0	U5	83.0
5Z56	Bact-mature	B	RNU5A-1	84	0	0	5.5	0	0	U5	84.0
5Z56	Bact-mature	B	RNU5A-1	85	3	1	2.636841481773238	0	0	U5	85.0
5Z56	Bact-mature	B	RNU5A-1	86	0	0	5.5	0	0	U5	86.0
5Z56	Bact-mature	B	RNU5A-1	87	2	2	3.359041976516529	0	0	U5	87.0
5Z56	Bact-mature	B	RNU5A-1	88	4	2	2.827655919662075	0	0	U5	88.0
5Z56	Bact-mature	B	RNU5A-1	89	4	1	2.7690756580490676	0	0	U5	89.0
5Z56	Bact-mature	B	RNU5A-1	90	7	2	2.85026770672511	0	0	U5	90.0
5Z56	Bact-mature	B	RNU5A-1	91	4	1	3.031698698749627	0	0	U5	91.0
5Z56	Bact-mature	B	RNU5A-1	92	7	2	2.992477903009447	0	0	U5	92.0
5Z56	Bact-mature	B	RNU5A-1	93	4	1	2.852101155288859	0	0	U5	93.0
5Z56	Bact-mature	B	RNU5A-1	94	4	2	2.7949701250639327	0	0	U5	94.0
5Z56	Bact-mature	B	RNU5A-1	95	6	2	2.7160962795895305	0	0	U5	95.0
5Z56	Bact-mature	B	RNU5A-1	96	0	0	5.5	0	0	U5	96.0
5Z56	Bact-mature	B	RNU5A-1	97	2	2	3.7195572317145564	0	0	U5	97.0
5Z56	Bact-mature	B	RNU5A-1	98	0	0	5.5	0	0	U5	98.0
5Z56	Bact-mature	B	RNU5A-1	99	0	0	5.5	0	0	U5	99.0
5Z56	Bact-mature	B	RNU5A-1	100	0	0	5.5	0	0	U5	100.0
5Z56	Bact-mature	B	RNU5A-1	101	0	0	5.5	0	0	U5	101.0
5Z56	Bact-mature	B	RNU5A-1	102	0	0	5.5	0	0	U5	102.0
5Z56	Bact-mature	B	RNU5A-1	103	0	0	5.5	0	0	U5	103.0
5Z56	Bact-mature	B	RNU5A-1	104	0	0	5.5	0	0	U5	104.0
5Z56	Bact-mature	F	RNU6-7	1	5	1	2.1993510406481094	0	0	U6	1.0
5Z56	Bact-mature	F	RNU6-7	2	2	1	2.6332567288435733	0	0	U6	2.0
5Z56	Bact-mature	F	RNU6-7	3	0	0	5.5	0	0	U6	3.0
5Z56	Bact-mature	F	RNU6-7	4	0	0	5.5	0	0	U6	4.0
5Z56	Bact-mature	F	RNU6-7	5	0	0	5.5	0	0	U6	5.0
5Z56	Bact-mature	F	RNU6-7	6	0	0	5.5	0	0	U6	6.0
5Z56	Bact-mature	F	RNU6-7	7	0	0	5.5	0	0	U6	7.0
5Z56	Bact-mature	F	RNU6-7	8	0	0	5.5	0	0	U6	8.0
5Z56	Bact-mature	F	RNU6-7	9	0	0	5.5	0	0	U6	9.0
5Z56	Bact-mature	F	RNU6-7	10	0	0	5.5	0	0	U6	10.0
5Z56	Bact-mature	F	RNU6-7	11	0	0	5.5	0	0	U6	11.0
5Z56	Bact-mature	F	RNU6-7	12	0	0	5.5	0	0	U6	12.0
5Z56	Bact-mature	F	RNU6-7	13	0	0	5.5	0	0	U6	13.0
5Z56	Bact-mature	F	RNU6-7	14	0	0	5.5	0	0	U6	14.0
5Z56	Bact-mature	F	RNU6-7	15	0	0	5.5	0	0	U6	15.0
5Z56	Bact-mature	F	RNU6-7	16	1	1	3.6798615463084583	0	0	U6	16.0
5Z56	Bact-mature	F	RNU6-7	17	1	1	3.884272132588037	0	0	U6	17.0
5Z56	Bact-mature	F	RNU6-7	18	3	3	2.9057661640262773	0	0	U6	18.0
5Z56	Bact-mature	F	RNU6-7	19	2	1	2.997549665977214	0	0	U6	19.0
5Z56	Bact-mature	F	RNU6-7	20	5	1	2.8735665991934223	0	0	U6	20.0
5Z56	Bact-mature	F	RNU6-7	21	11	3	3.123322589807214	0	0	U6	21.0
5Z56	Bact-mature	F	RNU6-7	22	11	3	2.295345072097015	0	0	U6	22.0
5Z56	Bact-mature	F	RNU6-7	23	11	2	2.7840195760806226	0	0	U6	23.0
5Z56	Bact-mature	F	RNU6-7	24	5	2	2.9939762858112156	0	0	U6	24.0
5Z56	Bact-mature	F	RNU6-7	25	5	2	3.0224061606607306	0	0	U6	25.0
5Z56	Bact-mature	F	RNU6-7	26	5	2	3.1205795936011422	0	0	U6	26.0
5Z56	Bact-mature	F	RNU6-7	27	9	2	2.0854738070759797	0	2	U6	27.0
5Z56	Bact-mature	F	RNU6-7	28	11	2	2.1741490289306125	0	0	U6	28.0
5Z56	Bact-mature	F	RNU6-7	29	3	1	2.4949414822797067	0	2	U6	29.0
5Z56	Bact-mature	F	RNU6-7	30	3	2	3.5795487145728235	0	3	U6	30.0
5Z56	Bact-mature	F	RNU6-7	31	0	0	5.5	0	1	U6	31.0
5Z56	Bact-mature	F	RNU6-7	32	0	0	5.5	0	2	U6	32.0
5Z56	Bact-mature	F	RNU6-7	33	0	0	5.5	0	2	U6	33.0
5Z56	Bact-mature	F	RNU6-7	34	0	0	5.5	0	1	U6	34.0
5Z56	Bact-mature	F	RNU6-7	35	0	0	5.5	0	3	U6	35.0
5Z56	Bact-mature	F	RNU6-7	36	1	1	4.410254981290753	0	3	U6	36.0
5Z56	Bact-mature	F	RNU6-7	37	1	1	4.221706171679889	0	1	U6	37.0
5Z56	Bact-mature	F	RNU6-7	38	0	0	5.5	0	3	U6	38.0
5Z56	Bact-mature	F	RNU6-7	39	0	0	5.5	0	3	U6	39.0
5Z56	Bact-mature	F	RNU6-7	40	0	0	5.5	0	2	U6	40.0
5Z56	Bact-mature	F	RNU6-7	41	1	1	4.092572540591052	0	2	U6	41.0
5Z56	Bact-mature	F	RNU6-7	42	1	1	2.320271104849609	0	2	U6	42.0
5Z56	Bact-mature	F	RNU6-7	43	1	1	3.256340737699298	0	2	U6	43.0
5Z56	Bact-mature	F	RNU6-7	44	4	1	2.9804430878646277	0	2	U6	44.0
5Z56	Bact-mature	F	RNU6-7	45	4	1	2.527507072195859	0	1	U6	45.0
5Z56	Bact-mature	F	RNU6-7	46	0	0	5.5	0	0	U6	46.0
5Z56	Bact-mature	F	RNU6-7	47	0	0	5.5	1	0	U6	47.0
5Z56	Bact-mature	F	RNU6-7	48	1	1	2.5734515732766305	2	0	U6	48.0
5Z56	Bact-mature	F	RNU6-7	49	4	2	2.1526936614391214	1	0	U6	49.0
5Z56	Bact-mature	F	RNU6-7	50	1	1	4.3226341506076595	3	0	U6	50.0
5Z56	Bact-mature	F	RNU6-7	51	2	1	3.7900461738611972	2	0	U6	51.0
5Z56	Bact-mature	F	RNU6-7	52	1	1	3.438773182400957	2	0	U6	52.0
5Z56	Bact-mature	F	RNU6-7	53	0	0	5.5	2	0	U6	53.0
5Z56	Bact-mature	F	RNU6-7	54	0	0	5.5	2	0	U6	54.0
5Z56	Bact-mature	F	RNU6-7	55	3	1	2.0966978800008627	2	0	U6	55.0
5Z56	Bact-mature	F	RNU6-7	56	3	1	2.2792310106700517	1	0	U6	56.0
5Z56	Bact-mature	F	RNU6-7	57	1	1	3.6203792619006014	0	0	U6	57.0
5Z56	Bact-mature	F	RNU6-7	58	0	0	5.5	0	0	U6	58.0
5Z56	Bact-mature	F	RNU6-7	59	1	1	3.1757123610302123	0	0	U6	59.0
5Z56	Bact-mature	F	RNU6-7	60	7	4	2.758930589920659	0	0	U6	60.0
5Z56	Bact-mature	F	RNU6-7	61	2	2	3.649934930926853	0	0	U6	61.0
5Z56	Bact-mature	F	RNU6-7	62	1	1	3.949596941461224	0	0	U6	62.0
5Z56	Bact-mature	F	RNU6-7	63	1	1	3.353771011861149	0	0	U6	63.0
5Z56	Bact-mature	F	RNU6-7	64	5	1	2.848989996472448	0	0	U6	64.0
5Z56	Bact-mature	F	RNU6-7	65	6	1	2.4893318380641722	0	0	U6	65.0
5Z56	Bact-mature	F	RNU6-7	66	9	1	2.138798494482354	2	0	U6	66.0
5Z56	Bact-mature	F	RNU6-7	67	3	2	2.6669617545064335	2	0	U6	67.0
5Z56	Bact-mature	F	RNU6-7	68	7	3	2.376803315379716	0	0	U6	68.0
5Z56	Bact-mature	F	RNU6-7	69	5	1	2.344203489460752	2	0	U6	69.0
5Z56	Bact-mature	F	RNU6-7	70	3	1	2.077457580794392	2	0	U6	70.0
5Z56	Bact-mature	F	RNU6-7	71	2	1	3.091186503593724	1	2	U6	71.0
5Z56	Bact-mature	F	RNU6-7	72	1	1	3.0227012753495486	0	1	U6	72.0
5Z56	Bact-mature	F	RNU6-7	73	1	1	3.0111371606088895	0	2	U6	73.0
5Z56	Bact-mature	F	RNU6-7	74	0	0	5.5	0	0	U6	74.0
5Z56	Bact-mature	F	RNU6-7	75	0	0	5.5	0	0	U6	75.0
5Z56	Bact-mature	F	RNU6-7	76	0	0	5.5	0	1	U6	76.0
5Z56	Bact-mature	F	RNU6-7	77	0	0	5.5	0	0	U6	77.0
5Z56	Bact-mature	F	RNU6-7	78	0	0	5.5	0	0	U6	78.0
5Z56	Bact-mature	F	RNU6-7	79	2	1	4.195790032878179	1	0	U6	79.0
5Z56	Bact-mature	F	RNU6-7	84	0	0	5.5	0	0	U6	84.0
5Z56	Bact-mature	F	RNU6-7	85	0	0	5.5	0	0	U6	85.0
5Z56	Bact-mature	F	RNU6-7	86	0	0	5.5	1	0	U6	86.0
5Z56	Bact-mature	F	RNU6-7	87	0	0	5.5	2	0	U6	87.0
5Z56	Bact-mature	F	RNU6-7	88	0	0	5.5	2	0	U6	88.0
5Z56	Bact-mature	F	RNU6-7	89	0	0	5.5	2	0	U6	89.0
5Z56	Bact-mature	F	RNU6-7	90	0	0	5.5	2	0	U6	90.0
5Z56	Bact-mature	F	RNU6-7	91	0	0	5.5	2	0	U6	91.0
5Z56	Bact-mature	F	RNU6-7	92	1	1	3.71861197222835	2	0	U6	92.0
5Z56	Bact-mature	F	RNU6-7	93	5	1	3.102016279776758	3	0	U6	93.0
5Z56	Bact-mature	F	RNU6-7	94	4	1	2.246004007120188	2	0	U6	94.0
5Z56	Bact-mature	F	RNU6-7	95	3	1	3.507776076091513	2	0	U6	95.0
5Z56	Bact-mature	F	RNU6-7	96	0	0	5.5	2	0	U6	96.0
5Z56	Bact-mature	F	RNU6-7	97	0	0	5.5	2	0	U6	97.0
5Z56	Bact-mature	H	RNU2-1	1	0	0	5.5	1	0	U2	1.0
5Z56	Bact-mature	H	RNU2-1	2	0	0	5.5	2	0	U2	2.0
5Z56	Bact-mature	H	RNU2-1	3	0	0	5.5	2	0	U2	3.0
5Z56	Bact-mature	H	RNU2-1	4	0	0	5.5	3	0	U2	4.0
5Z56	Bact-mature	H	RNU2-1	5	0	0	5.5	2	0	U2	5.0
5Z56	Bact-mature	H	RNU2-1	6	0	0	5.5	2	0	U2	6.0
5Z56	Bact-mature	H	RNU2-1	7	1	1	3.127733524455038	2	0	U2	7.0
5Z56	Bact-mature	H	RNU2-1	8	3	1	4.017421810066716	2	0	U2	8.0
5Z56	Bact-mature	H	RNU2-1	9	1	1	3.909810992874197	2	0	U2	9.0
5Z56	Bact-mature	H	RNU2-1	10	1	1	4.124368315269604	2	0	U2	10.0
5Z56	Bact-mature	H	RNU2-1	11	0	0	5.5	2	0	U2	11.0
5Z56	Bact-mature	H	RNU2-1	12	0	0	5.5	1	0	U2	12.0
5Z56	Bact-mature	H	RNU2-1	13	0	0	5.5	1	0	U2	13.0
5Z56	Bact-mature	H	RNU2-1	14	0	0	5.5	0	0	U2	14.0
5Z56	Bact-mature	H	RNU2-1	19	0	0	5.5	1	0	U2	19.0
5Z56	Bact-mature	H	RNU2-1	20	3	1	2.7467981360121834	2	0	U2	20.0
5Z56	Bact-mature	H	RNU2-1	21	6	1	2.896321287426555	2	0	U2	21.0
5Z56	Bact-mature	H	RNU2-1	22	7	1	2.928619811447007	2	0	U2	22.0
5Z56	Bact-mature	H	RNU2-1	23	8	1	2.6990422375353824	0	0	U2	23.0
5Z56	Bact-mature	H	RNU2-1	24	6	3	2.692233645135617	0	0	U2	24.0
5Z56	Bact-mature	H	RNU2-1	25	1	1	3.31191621270827	4	0	U2	25.0
5Z56	Bact-mature	H	RNU2-1	26	1	1	2.6252517974472154	4	0	U2	26.0
5Z56	Bact-mature	H	RNU2-1	27	0	0	5.5	2	0	U2	27.0
5Z56	Bact-mature	H	RNU2-1	28	2	2	3.5299865438837146	2	0	U2	28.0
5Z56	Bact-mature	H	RNU2-1	29	3	2	2.985905055422879	0	0	U2	29.0
5Z56	Bact-mature	H	RNU2-1	30	5	2	3.2053539586136233	0	0	U2	30.0
5Z56	Bact-mature	H	RNU2-1	31	1	1	2.8932518037668666	0	2	U2	31.0
5Z56	Bact-mature	H	RNU2-1	32	0	0	5.5	0	2	U2	32.0
5Z56	Bact-mature	H	RNU2-1	33	2	1	3.229687600991758	0	2	U2	33.0
5Z56	Bact-mature	H	RNU2-1	34	1	1	4.020658030720809	0	1	U2	34.0
5Z56	Bact-mature	H	RNU2-1	35	3	1	3.7832204535289695	0	2	U2	35.0
5Z56	Bact-mature	H	RNU2-1	36	4	1	3.313291263985105	0	2	U2	36.0
5Z56	Bact-mature	H	RNU2-1	37	3	1	2.8398558061986106	0	2	U2	37.0
5Z56	Bact-mature	H	RNU2-1	38	1	1	4.353757687331694	0	3	U2	38.0
5Z56	Bact-mature	H	RNU2-1	39	2	1	2.0679393124557732	0	2	U2	39.0
5Z56	Bact-mature	H	RNU2-1	40	4	1	2.843851261933386	0	3	U2	40.0
5Z56	Bact-mature	H	RNU2-1	41	3	1	2.4028836842427634	0	2	U2	41.0
5Z56	Bact-mature	H	RNU2-1	42	2	1	2.102913692950795	0	3	U2	42.0
5Z56	Bact-mature	H	RNU2-1	43	0	0	5.5	0	3	U2	43.0
5Z56	Bact-mature	H	RNU2-1	44	1	1	4.422187354692268	0	2	U2	44.0
5Z56	Bact-mature	H	RNU2-1	45	2	1	1.9466969461115526	0	1	U2	45.0
5Z56	Bact-mature	H	RNU2-1	46	3	1	3.4156037533648056	0	0	U2	46.0
5Z56	Bact-mature	H	RNU2-1	47	0	0	5.5	0	0	U2	47.0
5Z56	Bact-mature	H	RNU2-1	48	0	0	5.5	0	0	U2	48.0
5Z56	Bact-mature	H	RNU2-1	49	0	0	5.5	0	0	U2	49.0
5Z56	Bact-mature	H	RNU2-1	50	0	0	5.5	0	0	U2	50.0
5Z56	Bact-mature	H	RNU2-1	51	0	0	5.5	0	0	U2	51.0
5Z56	Bact-mature	H	RNU2-1	52	0	0	5.5	0	0	U2	52.0
5Z56	Bact-mature	H	RNU2-1	53	0	0	5.5	0	0	U2	53.0
5Z56	Bact-mature	H	RNU2-1	54	0	0	5.5	0	0	U2	54.0
5Z56	Bact-mature	H	RNU2-1	55	1	1	4.11513802927679	0	0	U2	55.0
5Z56	Bact-mature	H	RNU2-1	56	7	2	2.8479822682032236	0	0	U2	56.0
5Z56	Bact-mature	H	RNU2-1	57	2	1	3.2275422537900655	0	0	U2	57.0
5Z56	Bact-mature	H	RNU2-1	58	1	1	4.191983062942902	0	0	U2	58.0
5Z56	Bact-mature	H	RNU2-1	59	0	0	5.5	0	0	U2	59.0
5Z56	Bact-mature	H	RNU2-1	60	0	0	5.5	0	0	U2	60.0
5Z56	Bact-mature	H	RNU2-1	61	0	0	5.5	0	0	U2	61.0
5Z56	Bact-mature	H	RNU2-1	62	0	0	5.5	0	0	U2	62.0
5Z56	Bact-mature	H	RNU2-1	63	0	0	5.5	0	0	U2	63.0
5Z56	Bact-mature	H	RNU2-1	64	0	0	5.5	0	0	U2	64.0
5Z56	Bact-mature	H	RNU2-1	65	0	0	5.5	0	0	U2	65.0
5Z56	Bact-mature	H	RNU2-1	68	0	0	5.5	0	0	U2	68.0
5Z56	Bact-mature	H	RNU2-1	69	0	0	5.5	0	0	U2	69.0
5Z56	Bact-mature	H	RNU2-1	70	0	0	5.5	0	0	U2	70.0
5Z56	Bact-mature	H	RNU2-1	71	0	0	5.5	0	0	U2	71.0
5Z56	Bact-mature	H	RNU2-1	72	0	0	5.5	0	0	U2	72.0
5Z56	Bact-mature	H	RNU2-1	73	0	0	5.5	0	0	U2	73.0
5Z56	Bact-mature	H	RNU2-1	74	0	0	5.5	0	0	U2	74.0
5Z56	Bact-mature	H	RNU2-1	78	0	0	5.5	0	0	U2	78.0
5Z56	Bact-mature	H	RNU2-1	79	0	0	5.5	0	0	U2	79.0
5Z56	Bact-mature	H	RNU2-1	80	0	0	5.5	0	0	U2	80.0
5Z56	Bact-mature	H	RNU2-1	81	0	0	5.5	0	0	U2	81.0
5Z56	Bact-mature	H	RNU2-1	82	0	0	5.5	0	0	U2	82.0
5Z56	Bact-mature	H	RNU2-1	83	0	0	5.5	0	0	U2	83.0
5Z56	Bact-mature	H	RNU2-1	84	0	0	5.5	0	0	U2	84.0
5Z56	Bact-mature	H	RNU2-1	97	0	0	5.5	0	0	U2	97.0
5Z56	Bact-mature	H	RNU2-1	98	3	2	3.37616957512503	0	0	U2	98.0
5Z56	Bact-mature	H	RNU2-1	99	4	2	2.8304851174312793	0	0	U2	99.0
5Z56	Bact-mature	H	RNU2-1	100	4	1	2.770251432632068	0	0	U2	100.0
5Z56	Bact-mature	H	RNU2-1	101	7	2	2.8502747236012156	0	0	U2	101.0
5Z56	Bact-mature	H	RNU2-1	102	4	1	3.033787401912004	0	0	U2	102.0
5Z56	Bact-mature	H	RNU2-1	103	7	2	2.991383960644279	0	0	U2	103.0
5Z56	Bact-mature	H	RNU2-1	104	4	1	2.8514983780461876	0	0	U2	104.0
5Z56	Bact-mature	H	RNU2-1	105	5	3	3.2692768313496994	0	0	U2	105.0
5Z56	Bact-mature	H	RNU2-1	106	5	2	3.3932334137220828	0	0	U2	106.0
5Z56	Bact-mature	H	RNU2-1	107	0	0	5.5	0	0	U2	107.0
5Z56	Bact-mature	H	RNU2-1	108	2	2	3.720359794428517	0	0	U2	108.0
5Z56	Bact-mature	H	RNU2-1	109	0	0	5.5	0	0	U2	109.0
5Z56	Bact-mature	H	RNU2-1	110	0	0	5.5	0	0	U2	110.0
5Z56	Bact-mature	H	RNU2-1	111	0	0	5.5	0	0	U2	111.0
5Z56	Bact-mature	H	RNU2-1	112	0	0	5.5	0	0	U2	112.0
5Z56	Bact-mature	H	RNU2-1	113	0	0	5.5	0	0	U2	113.0
5Z56	Bact-mature	H	RNU2-1	114	0	0	5.5	0	0	U2	114.0
5Z56	Bact-mature	H	RNU2-1	115	0	0	5.5	0	0	U2	115.0
5Z56	Bact-mature	H	RNU2-1	143	0	0	5.5	0	0	U2	143.0
5Z56	Bact-mature	H	RNU2-1	144	0	0	5.5	0	0	U2	144.0
5Z56	Bact-mature	H	RNU2-1	145	0	0	5.5	0	0	U2	145.0
5Z56	Bact-mature	H	RNU2-1	146	0	0	5.5	0	0	U2	146.0
5Z56	Bact-mature	H	RNU2-1	147	0	0	5.5	0	0	U2	147.0
5Z56	Bact-mature	H	RNU2-1	148	0	0	5.5	0	0	U2	148.0
5Z56	Bact-mature	H	RNU2-1	149	0	0	5.5	0	0	U2	149.0
5Z56	Bact-mature	H	RNU2-1	150	0	0	5.5	0	0	U2	150.0
5Z56	Bact-mature	H	RNU2-1	151	0	0	5.5	0	0	U2	151.0
5Z56	Bact-mature	H	RNU2-1	152	0	0	5.5	0	0	U2	152.0
5Z56	Bact-mature	H	RNU2-1	153	0	0	5.5	0	0	U2	153.0
5Z56	Bact-mature	H	RNU2-1	154	1	1	3.0689975562062966	0	0	U2	154.0
5Z56	Bact-mature	H	RNU2-1	155	0	0	5.5	0	0	U2	155.0
5Z56	Bact-mature	H	RNU2-1	156	0	0	5.5	0	0	U2	156.0
5Z56	Bact-mature	H	RNU2-1	157	0	0	5.5	0	0	U2	157.0
5Z56	Bact-mature	H	RNU2-1	158	0	0	5.5	0	0	U2	158.0
5Z56	Bact-mature	H	RNU2-1	159	0	0	5.5	0	0	U2	159.0
5Z56	Bact-mature	H	RNU2-1	160	0	0	5.5	0	0	U2	160.0
5Z56	Bact-mature	H	RNU2-1	161	0	0	5.5	0	0	U2	161.0
5Z56	Bact-mature	H	RNU2-1	162	1	1	3.8640126811385813	0	0	U2	162.0
5Z56	Bact-mature	H	RNU2-1	163	5	1	2.831371045977576	0	0	U2	163.0
5Z56	Bact-mature	H	RNU2-1	164	6	1	2.5732924435438482	0	0	U2	164.0
5Z56	Bact-mature	H	RNU2-1	165	5	1	3.5770022365103435	0	0	U2	165.0
5Z56	Bact-mature	H	RNU2-1	166	4	1	3.5061303455519233	0	0	U2	166.0
5Z56	Bact-mature	H	RNU2-1	167	5	2	3.07378902984575	0	0	U2	167.0
5Z56	Bact-mature	H	RNU2-1	168	1	1	2.8848987850529526	0	0	U2	168.0
5Z56	Bact-mature	H	RNU2-1	169	0	0	5.5	0	0	U2	169.0
5Z56	Bact-mature	H	RNU2-1	170	3	1	2.627789375121218	0	0	U2	170.0
5Z56	Bact-mature	H	RNU2-1	171	0	0	5.5	0	0	U2	171.0
5Z56	Bact-mature	H	RNU2-1	172	0	0	5.5	0	0	U2	172.0
5Z56	Bact-mature	H	RNU2-1	173	0	0	5.5	0	0	U2	173.0
5Z56	Bact-mature	H	RNU2-1	174	0	0	5.5	0	0	U2	174.0
5Z56	Bact-mature	H	RNU2-1	175	0	0	5.5	0	0	U2	175.0
5Z56	Bact-mature	H	RNU2-1	176	0	0	5.5	0	0	U2	176.0
5Z56	Bact-mature	H	RNU2-1	177	0	0	5.5	0	0	U2	177.0
5Z56	Bact-mature	H	RNU2-1	178	0	0	5.5	0	0	U2	178.0
5Z56	Bact-mature	H	RNU2-1	179	0	0	5.5	0	0	U2	179.0
5Z56	Bact-mature	H	RNU2-1	180	0	0	5.5	0	0	U2	180.0
5Z56	Bact-mature	H	RNU2-1	181	0	0	5.5	0	0	U2	181.0
5Z56	Bact-mature	H	RNU2-1	182	0	0	5.5	0	0	U2	182.0
5Z56	Bact-mature	H	RNU2-1	183	0	0	5.5	0	0	U2	183.0
5Z56	Bact-mature	H	RNU2-1	184	0	0	5.5	0	0	U2	184.0
6FF7	Bact	2	RNU2-2P	3	0	0	5.5	1	0	U2	3.0
6FF7	Bact	2	RNU2-2P	4	0	0	5.5	2	0	U2	4.0
6FF7	Bact	2	RNU2-2P	5	0	0	5.5	2	0	U2	5.0
6FF7	Bact	2	RNU2-2P	6	0	0	5.5	2	0	U2	6.0
6FF7	Bact	2	RNU2-2P	7	0	0	5.5	2	0	U2	7.0
6FF7	Bact	2	RNU2-2P	8	0	0	5.5	2	0	U2	8.0
6FF7	Bact	2	RNU2-2P	9	0	0	5.5	2	0	U2	9.0
6FF7	Bact	2	RNU2-2P	10	0	0	5.5	2	0	U2	10.0
6FF7	Bact	2	RNU2-2P	11	0	0	5.5	3	0	U2	11.0
6FF7	Bact	2	RNU2-2P	12	0	0	5.5	2	0	U2	12.0
6FF7	Bact	2	RNU2-2P	13	0	0	5.5	4	0	U2	13.0
6FF7	Bact	2	RNU2-2P	14	0	0	5.5	3	0	U2	14.0
6FF7	Bact	2	RNU2-2P	15	2	1	4.054036260321319	1	0	U2	15.0
6FF7	Bact	2	RNU2-2P	16	2	1	2.9880286143208212	3	0	U2	16.0
6FF7	Bact	2	RNU2-2P	17	4	1	2.852473488045081	2	0	U2	17.0
6FF7	Bact	2	RNU2-2P	18	0	0	5.5	2	0	U2	18.0
6FF7	Bact	2	RNU2-2P	19	2	1	3.69945185128823	3	0	U2	19.0
6FF7	Bact	2	RNU2-2P	20	4	2	2.928829117582671	5	0	U2	20.0
6FF7	Bact	2	RNU2-2P	21	3	1	3.243491482954733	3	0	U2	21.0
6FF7	Bact	2	RNU2-2P	22	0	0	5.5	3	0	U2	22.0
6FF7	Bact	2	RNU2-2P	23	5	1	3.639064440209846	0	0	U2	23.0
6FF7	Bact	2	RNU2-2P	24	2	2	3.112368390791827	0	0	U2	24.0
6FF7	Bact	2	RNU2-2P	25	0	0	5.5	4	0	U2	25.0
6FF7	Bact	2	RNU2-2P	26	0	0	5.5	3	0	U2	26.0
6FF7	Bact	2	RNU2-2P	27	0	0	5.5	3	0	U2	27.0
6FF7	Bact	2	RNU2-2P	28	4	2	3.667537184542227	2	0	U2	28.0
6FF7	Bact	2	RNU2-2P	29	4	2	2.8561950213526885	1	0	U2	29.0
6FF7	Bact	2	RNU2-2P	30	1	1	3.4116573684940836	0	0	U2	30.0
6FF7	Bact	2	RNU2-2P	31	0	0	5.5	0	0	U2	31.0
6FF7	Bact	2	RNU2-2P	32	0	0	5.5	0	2	U2	32.0
6FF7	Bact	2	RNU2-2P	33	1	1	3.8436992598276847	0	2	U2	33.0
6FF7	Bact	2	RNU2-2P	34	2	2	2.7768219244308665	0	2	U2	34.0
6FF7	Bact	2	RNU2-2P	35	1	1	3.912086272054833	0	2	U2	35.0
6FF7	Bact	2	RNU2-2P	36	1	1	4.435956041261052	0	2	U2	36.0
6FF7	Bact	2	RNU2-2P	37	1	1	3.7693409238220723	0	2	U2	37.0
6FF7	Bact	2	RNU2-2P	38	0	0	5.5	0	3	U2	38.0
6FF7	Bact	2	RNU2-2P	39	2	1	3.437961169065186	0	2	U2	39.0
6FF7	Bact	2	RNU2-2P	40	3	1	3.0852748661990765	0	3	U2	40.0
6FF7	Bact	2	RNU2-2P	41	1	1	4.480327220192747	0	3	U2	41.0
6FF7	Bact	2	RNU2-2P	42	3	1	3.3123176176206184	0	3	U2	42.0
6FF7	Bact	2	RNU2-2P	43	0	0	5.5	0	2	U2	43.0
6FF7	Bact	2	RNU2-2P	44	0	0	5.5	0	2	U2	44.0
6FF7	Bact	2	RNU2-2P	45	0	0	5.5	0	2	U2	45.0
6FF7	Bact	2	RNU2-2P	48	0	0	5.5	0	0	U2	48.0
6FF7	Bact	2	RNU2-2P	49	1	1	3.2711381811228835	0	0	U2	49.0
6FF7	Bact	2	RNU2-2P	50	6	1	0.8555530375142909	0	0	U2	50.0
6FF7	Bact	2	RNU2-2P	51	9	1	0.45895969321933255	0	0	U2	51.0
6FF7	Bact	2	RNU2-2P	52	14	1	0.5351018594622786	0	0	U2	52.0
6FF7	Bact	2	RNU2-2P	53	11	1	1.1886584875396737	0	0	U2	53.0
6FF7	Bact	2	RNU2-2P	54	6	1	3.185271417006773	0	0	U2	54.0
6FF7	Bact	2	RNU2-2P	55	0	0	5.5	0	0	U2	55.0
6FF7	Bact	2	RNU2-2P	56	7	2	2.8866321206555323	0	0	U2	56.0
6FF7	Bact	2	RNU2-2P	57	1	1	4.308258464855599	0	0	U2	57.0
6FF7	Bact	2	RNU2-2P	58	0	0	5.5	0	0	U2	58.0
6FF7	Bact	2	RNU2-2P	59	2	1	2.0913978578931207	0	0	U2	59.0
6FF7	Bact	2	RNU2-2P	60	11	1	0.5342256077726018	0	0	U2	60.0
6FF7	Bact	2	RNU2-2P	61	17	1	0.8015622246588294	0	0	U2	61.0
6FF7	Bact	2	RNU2-2P	62	15	1	0.7024877223126395	0	0	U2	62.0
6FF7	Bact	2	RNU2-2P	63	9	1	1.646503264497212	0	0	U2	63.0
6FF7	Bact	2	RNU2-2P	64	0	0	5.5	0	0	U2	64.0
6FF7	Bact	5	RNU5A-1	5	0	0	5.5	0	0	U5	5.0
6FF7	Bact	5	RNU5A-1	6	0	0	5.5	0	0	U5	6.0
6FF7	Bact	5	RNU5A-1	7	0	0	5.5	0	0	U5	7.0
6FF7	Bact	5	RNU5A-1	8	0	0	5.5	0	0	U5	8.0
6FF7	Bact	5	RNU5A-1	9	0	0	5.5	0	0	U5	9.0
6FF7	Bact	5	RNU5A-1	10	0	0	5.5	0	0	U5	10.0
6FF7	Bact	5	RNU5A-1	11	3	1	3.8361055772749806	0	0	U5	11.0
6FF7	Bact	5	RNU5A-1	12	4	1	3.283561176527705	0	0	U5	12.0
6FF7	Bact	5	RNU5A-1	13	2	1	3.2989243701546185	0	0	U5	13.0
6FF7	Bact	5	RNU5A-1	14	1	1	3.2974397644232947	0	0	U5	14.0
6FF7	Bact	5	RNU5A-1	15	0	0	5.5	0	0	U5	15.0
6FF7	Bact	5	RNU5A-1	16	0	0	5.5	0	0	U5	16.0
6FF7	Bact	5	RNU5A-1	17	0	0	5.5	0	0	U5	17.0
6FF7	Bact	5	RNU5A-1	18	0	0	5.5	0	0	U5	18.0
6FF7	Bact	5	RNU5A-1	19	4	1	3.0493130373905544	0	0	U5	19.0
6FF7	Bact	5	RNU5A-1	20	3	1	3.360923236255196	0	0	U5	20.0
6FF7	Bact	5	RNU5A-1	21	0	0	5.5	0	0	U5	21.0
6FF7	Bact	5	RNU5A-1	22	0	0	5.5	0	0	U5	22.0
6FF7	Bact	5	RNU5A-1	23	1	1	3.453440458441403	0	0	U5	23.0
6FF7	Bact	5	RNU5A-1	24	1	1	3.946807063944212	0	0	U5	24.0
6FF7	Bact	5	RNU5A-1	25	1	1	3.3215919376106373	0	0	U5	25.0
6FF7	Bact	5	RNU5A-1	26	3	1	3.7699880636416006	0	0	U5	26.0
6FF7	Bact	5	RNU5A-1	27	1	1	3.388177238575337	0	0	U5	27.0
6FF7	Bact	5	RNU5A-1	28	3	1	2.4846772426212658	0	0	U5	28.0
6FF7	Bact	5	RNU5A-1	29	2	1	3.8962408806438047	0	0	U5	29.0
6FF7	Bact	5	RNU5A-1	30	1	1	4.13439354682159	0	0	U5	30.0
6FF7	Bact	5	RNU5A-1	31	0	0	5.5	0	0	U5	31.0
6FF7	Bact	5	RNU5A-1	32	1	1	3.007080477805672	0	0	U5	32.0
6FF7	Bact	5	RNU5A-1	33	2	1	3.6959715907999167	0	0	U5	33.0
6FF7	Bact	5	RNU5A-1	34	2	1	3.219458805451597	0	0	U5	34.0
6FF7	Bact	5	RNU5A-1	35	0	0	5.5	0	0	U5	35.0
6FF7	Bact	5	RNU5A-1	36	0	0	5.5	0	0	U5	36.0
6FF7	Bact	5	RNU5A-1	37	2	1	3.1348306174337286	0	0	U5	37.0
6FF7	Bact	5	RNU5A-1	38	1	1	4.348542399471371	0	0	U5	38.0
6FF7	Bact	5	RNU5A-1	39	5	1	3.005990186278069	0	0	U5	39.0
6FF7	Bact	5	RNU5A-1	40	8	2	2.9453719629276383	0	1	U5	40.0
6FF7	Bact	5	RNU5A-1	41	3	1	3.2837845544432414	0	2	U5	41.0
6FF7	Bact	5	RNU5A-1	42	0	0	5.5	2	2	U5	42.0
6FF7	Bact	5	RNU5A-1	43	0	0	5.5	3	2	U5	43.0
6FF7	Bact	5	RNU5A-1	44	4	1	3.40387338189891	2	1	U5	44.0
6FF7	Bact	5	RNU5A-1	45	3	1	2.6825381637546206	0	0	U5	45.0
6FF7	Bact	5	RNU5A-1	46	1	1	3.996755809403429	0	0	U5	46.0
6FF7	Bact	5	RNU5A-1	47	1	1	3.661385666656849	0	0	U5	47.0
6FF7	Bact	5	RNU5A-1	48	5	1	2.7849822261551194	0	0	U5	48.0
6FF7	Bact	5	RNU5A-1	49	0	0	5.5	0	0	U5	49.0
6FF7	Bact	5	RNU5A-1	50	0	0	5.5	0	0	U5	50.0
6FF7	Bact	5	RNU5A-1	51	0	0	5.5	0	0	U5	51.0
6FF7	Bact	5	RNU5A-1	52	3	1	2.718215223266926	0	0	U5	52.0
6FF7	Bact	5	RNU5A-1	53	5	1	3.2129873949332683	0	0	U5	53.0
6FF7	Bact	5	RNU5A-1	54	1	1	3.97210989273965	0	0	U5	54.0
6FF7	Bact	5	RNU5A-1	55	3	2	2.9970754077934343	0	0	U5	55.0
6FF7	Bact	5	RNU5A-1	56	1	1	4.448631362565344	0	0	U5	56.0
6FF7	Bact	5	RNU5A-1	57	0	0	5.5	0	0	U5	57.0
6FF7	Bact	5	RNU5A-1	58	1	1	3.7532005009058986	0	0	U5	58.0
6FF7	Bact	5	RNU5A-1	59	0	0	5.5	0	0	U5	59.0
6FF7	Bact	5	RNU5A-1	60	0	0	5.5	0	0	U5	60.0
6FF7	Bact	5	RNU5A-1	61	0	0	5.5	0	0	U5	61.0
6FF7	Bact	5	RNU5A-1	62	0	0	5.5	0	0	U5	62.0
6FF7	Bact	5	RNU5A-1	63	0	0	5.5	0	0	U5	63.0
6FF7	Bact	5	RNU5A-1	64	0	0	5.5	0	0	U5	64.0
6FF7	Bact	5	RNU5A-1	65	1	1	4.305451079736036	0	0	U5	65.0
6FF7	Bact	5	RNU5A-1	66	0	0	5.5	0	0	U5	66.0
6FF7	Bact	5	RNU5A-1	67	0	0	5.5	0	0	U5	67.0
6FF7	Bact	5	RNU5A-1	68	0	0	5.5	0	0	U5	68.0
6FF7	Bact	5	RNU5A-1	69	0	0	5.5	0	0	U5	69.0
6FF7	Bact	5	RNU5A-1	70	0	0	5.5	0	0	U5	70.0
6FF7	Bact	5	RNU5A-1	71	0	0	5.5	0	0	U5	71.0
6FF7	Bact	5	RNU5A-1	72	0	0	5.5	0	0	U5	72.0
6FF7	Bact	5	RNU5A-1	73	0	0	5.5	0	0	U5	73.0
6FF7	Bact	5	RNU5A-1	74	0	0	5.5	0	0	U5	74.0
6FF7	Bact	6	RNU6-7	1	4	1	3.6279695423197764	0	0	U6	1.0
6FF7	Bact	6	RNU6-7	2	2	1	3.9095337317894936	0	0	U6	2.0
6FF7	Bact	6	RNU6-7	3	0	0	5.5	0	0	U6	3.0
6FF7	Bact	6	RNU6-7	4	0	0	5.5	0	0	U6	4.0
6FF7	Bact	6	RNU6-7	5	0	0	5.5	0	0	U6	5.0
6FF7	Bact	6	RNU6-7	6	0	0	5.5	0	0	U6	6.0
6FF7	Bact	6	RNU6-7	7	0	0	5.5	0	0	U6	7.0
6FF7	Bact	6	RNU6-7	8	0	0	5.5	0	0	U6	8.0
6FF7	Bact	6	RNU6-7	9	0	0	5.5	0	0	U6	9.0
6FF7	Bact	6	RNU6-7	10	0	0	5.5	0	0	U6	10.0
6FF7	Bact	6	RNU6-7	11	0	0	5.5	0	0	U6	11.0
6FF7	Bact	6	RNU6-7	12	0	0	5.5	0	0	U6	12.0
6FF7	Bact	6	RNU6-7	13	0	0	5.5	0	0	U6	13.0
6FF7	Bact	6	RNU6-7	14	0	0	5.5	0	0	U6	14.0
6FF7	Bact	6	RNU6-7	15	1	1	4.283039341402343	0	0	U6	15.0
6FF7	Bact	6	RNU6-7	16	1	1	4.018524231605423	0	0	U6	16.0
6FF7	Bact	6	RNU6-7	17	0	0	5.5	0	0	U6	17.0
6FF7	Bact	6	RNU6-7	18	2	2	3.2237906259557323	0	0	U6	18.0
6FF7	Bact	6	RNU6-7	19	2	1	3.664957980659558	0	0	U6	19.0
6FF7	Bact	6	RNU6-7	20	4	2	3.352193013536076	0	0	U6	20.0
6FF7	Bact	6	RNU6-7	21	6	1	3.2751990779187845	0	0	U6	21.0
6FF7	Bact	6	RNU6-7	22	8	1	3.189588374696664	0	0	U6	22.0
6FF7	Bact	6	RNU6-7	23	2	1	4.059371379906001	0	0	U6	23.0
6FF7	Bact	6	RNU6-7	24	0	0	5.5	0	1	U6	24.0
6FF7	Bact	6	RNU6-7	25	4	1	3.3233777997693967	0	0	U6	25.0
6FF7	Bact	6	RNU6-7	26	4	2	3.1344468411507544	0	0	U6	26.0
6FF7	Bact	6	RNU6-7	27	7	2	3.141846113354355	0	0	U6	27.0
6FF7	Bact	6	RNU6-7	28	2	2	3.415937060310093	0	2	U6	28.0
6FF7	Bact	6	RNU6-7	29	1	1	4.251874410186675	0	2	U6	29.0
6FF7	Bact	6	RNU6-7	30	0	0	5.5	0	1	U6	30.0
6FF7	Bact	6	RNU6-7	31	0	0	5.5	0	1	U6	31.0
6FF7	Bact	6	RNU6-7	32	0	0	5.5	0	2	U6	32.0
6FF7	Bact	6	RNU6-7	33	0	0	5.5	0	2	U6	33.0
6FF7	Bact	6	RNU6-7	34	0	0	5.5	0	4	U6	34.0
6FF7	Bact	6	RNU6-7	35	0	0	5.5	0	3	U6	35.0
6FF7	Bact	6	RNU6-7	36	1	1	3.7666356340904663	0	3	U6	36.0
6FF7	Bact	6	RNU6-7	37	0	0	5.5	0	2	U6	37.0
6FF7	Bact	6	RNU6-7	38	1	1	3.714235587573846	0	2	U6	38.0
6FF7	Bact	6	RNU6-7	39	0	0	5.5	0	2	U6	39.0
6FF7	Bact	6	RNU6-7	40	0	0	5.5	0	2	U6	40.0
6FF7	Bact	6	RNU6-7	41	0	0	5.5	0	2	U6	41.0
6FF7	Bact	6	RNU6-7	42	0	0	5.5	0	2	U6	42.0
6FF7	Bact	6	RNU6-7	43	0	0	5.5	0	2	U6	43.0
6FF7	Bact	6	RNU6-7	44	0	0	5.5	0	2	U6	44.0
6FF7	Bact	6	RNU6-7	45	1	1	3.115030818467129	0	1	U6	45.0
6FF7	Bact	6	RNU6-7	46	0	0	5.5	2	0	U6	46.0
6FF7	Bact	6	RNU6-7	47	0	0	5.5	3	0	U6	47.0
6FF7	Bact	6	RNU6-7	48	4	2	3.57594994372125	1	0	U6	48.0
6FF7	Bact	6	RNU6-7	49	3	1	3.3569600831704878	3	0	U6	49.0
6FF7	Bact	6	RNU6-7	50	2	2	3.5974693883339506	3	0	U6	50.0
6FF7	Bact	6	RNU6-7	51	6	3	3.2814356614140583	3	0	U6	51.0
6FF7	Bact	6	RNU6-7	52	4	1	3.1873029350847784	2	0	U6	52.0
6FF7	Bact	6	RNU6-7	53	2	1	3.4456427557133544	2	0	U6	53.0
6FF7	Bact	6	RNU6-7	54	0	0	5.5	3	1	U6	54.0
6FF7	Bact	6	RNU6-7	55	3	1	3.208738848831419	2	0	U6	55.0
6FF7	Bact	6	RNU6-7	56	2	1	2.7049817004926298	1	0	U6	56.0
6FF7	Bact	6	RNU6-7	57	0	0	5.5	0	0	U6	57.0
6FF7	Bact	6	RNU6-7	58	1	1	4.310386757589172	0	0	U6	58.0
6FF7	Bact	6	RNU6-7	59	1	1	4.495043492559317	0	0	U6	59.0
6FF7	Bact	6	RNU6-7	60	5	2	3.2686621116291463	0	0	U6	60.0
6FF7	Bact	6	RNU6-7	61	0	0	5.5	0	0	U6	61.0
6FF7	Bact	6	RNU6-7	62	0	0	5.5	0	0	U6	62.0
6FF7	Bact	6	RNU6-7	63	2	1	4.4484526523275365	0	0	U6	63.0
6FF7	Bact	6	RNU6-7	64	3	1	2.933326780295709	0	0	U6	64.0
6FF7	Bact	6	RNU6-7	65	5	1	2.9609648765225094	0	0	U6	65.0
6FF7	Bact	6	RNU6-7	66	6	1	3.0132923854149807	2	0	U6	66.0
6FF7	Bact	6	RNU6-7	67	2	1	4.1853563767019955	2	0	U6	67.0
6FF7	Bact	6	RNU6-7	68	9	3	3.1046993413211488	0	0	U6	68.0
6FF7	Bact	6	RNU6-7	69	3	1	3.0937136260488156	2	0	U6	69.0
6FF7	Bact	6	RNU6-7	70	1	1	3.467013123713257	1	1	U6	70.0
6FF7	Bact	6	RNU6-7	71	0	0	5.5	0	2	U6	71.0
6FF7	Bact	6	RNU6-7	72	0	0	5.5	0	2	U6	72.0
6FF7	Bact	6	RNU6-7	73	0	0	5.5	0	2	U6	73.0
6FF7	Bact	6	RNU6-7	74	0	0	5.5	1	0	U6	74.0
6FF7	Bact	6	RNU6-7	75	0	0	5.5	0	0	U6	75.0
6FF7	Bact	6	RNU6-7	76	0	0	5.5	0	1	U6	76.0
6FF7	Bact	6	RNU6-7	77	0	0	5.5	0	0	U6	77.0
6FF7	Bact	6	RNU6-7	78	0	0	5.5	1	0	U6	78.0
6FF7	Bact	6	RNU6-7	79	0	0	5.5	2	0	U6	79.0
6FF7	Bact	6	RNU6-7	80	0	0	5.5	3	0	U6	80.0
6FF7	Bact	6	RNU6-7	81	0	0	5.5	1	0	U6	81.0
6FF7	Bact	6	RNU6-7	82	0	0	5.5	3	0	U6	82.0
6FF7	Bact	6	RNU6-7	83	0	0	5.5	1	0	U6	83.0
6FF7	Bact	6	RNU6-7	84	0	0	5.5	2	0	U6	84.0
6FF7	Bact	6	RNU6-7	85	0	0	5.5	2	0	U6	85.0
6FF7	Bact	6	RNU6-7	86	0	0	5.5	3	0	U6	86.0
6FF7	Bact	6	RNU6-7	87	0	0	5.5	2	0	U6	87.0
6FF7	Bact	6	RNU6-7	88	0	0	5.5	2	0	U6	88.0
6FF7	Bact	6	RNU6-7	89	0	0	5.5	2	0	U6	89.0
6FF7	Bact	6	RNU6-7	90	0	0	5.5	2	0	U6	90.0
6FF7	Bact	6	RNU6-7	91	0	0	5.5	2	0	U6	91.0
6FF7	Bact	6	RNU6-7	92	1	1	3.8163282091560333	2	0	U6	92.0
6FF7	Bact	6	RNU6-7	93	3	1	3.66320638239234	2	0	U6	93.0
6FF7	Bact	6	RNU6-7	94	2	1	4.276800907220252	2	0	U6	94.0
6FF7	Bact	6	RNU6-7	95	0	0	5.5	2	0	U6	95.0
6QDV	P	2	RNU2-1	1	1	1	3.4274376726645213	2	0	U2	1.0
6QDV	P	2	RNU2-1	2	2	1	3.291189906401641	3	0	U2	2.0
6QDV	P	2	RNU2-1	3	2	1	3.3433185609510985	2	0	U2	3.0
6QDV	P	2	RNU2-1	4	0	0	5.5	3	0	U2	4.0
6QDV	P	2	RNU2-1	5	0	0	5.5	2	0	U2	5.0
6QDV	P	2	RNU2-1	6	0	0	5.5	2	0	U2	6.0
6QDV	P	2	RNU2-1	7	1	1	4.301544141352021	2	0	U2	7.0
6QDV	P	2	RNU2-1	8	2	1	3.0141476407103847	2	0	U2	8.0
6QDV	P	2	RNU2-1	9	2	1	3.141403030494493	2	0	U2	9.0
6QDV	P	2	RNU2-1	10	3	2	3.1335117679689772	2	0	U2	10.0
6QDV	P	2	RNU2-1	11	3	1	2.853389037618232	2	0	U2	11.0
6QDV	P	2	RNU2-1	12	8	2	2.5291690334969648	1	0	U2	12.0
6QDV	P	2	RNU2-1	13	8	3	2.63199734042417	0	0	U2	13.0
6QDV	P	2	RNU2-1	14	5	3	3.4189866919893084	0	0	U2	14.0
6QDV	P	2	RNU2-1	15	8	3	2.406922308675537	0	0	U2	15.0
6QDV	P	2	RNU2-1	16	3	2	2.9634474856153523	2	0	U2	16.0
6QDV	P	2	RNU2-1	17	6	2	2.662602486290448	1	0	U2	17.0
6QDV	P	2	RNU2-1	18	14	3	2.4212928364822006	1	0	U2	18.0
6QDV	P	2	RNU2-1	19	9	4	2.755553846325635	2	0	U2	19.0
6QDV	P	2	RNU2-1	20	8	2	2.4764791539603546	3	0	U2	20.0
6QDV	P	2	RNU2-1	21	6	1	3.111984254458894	2	0	U2	21.0
6QDV	P	2	RNU2-1	22	6	1	2.428141882180702	3	0	U2	22.0
6QDV	P	2	RNU2-1	23	10	1	2.6410823538844843	1	0	U2	23.0
6QDV	P	2	RNU2-1	24	6	3	2.7148241195333425	0	0	U2	24.0
6QDV	P	2	RNU2-1	25	1	1	3.8735344325305574	3	0	U2	25.0
6QDV	P	2	RNU2-1	26	1	1	2.5002971823365496	3	0	U2	26.0
6QDV	P	2	RNU2-1	27	0	0	5.5	2	0	U2	27.0
6QDV	P	2	RNU2-1	28	3	2	3.1060746932422374	2	0	U2	28.0
6QDV	P	2	RNU2-1	29	5	1	2.9624397040277612	0	0	U2	29.0
6QDV	P	2	RNU2-1	30	1	1	3.1342528615285543	0	0	U2	30.0
6QDV	P	2	RNU2-1	31	0	0	5.5	0	3	U2	31.0
6QDV	P	2	RNU2-1	32	0	0	5.5	0	2	U2	32.0
6QDV	P	2	RNU2-1	33	4	2	3.105294994038383	0	2	U2	33.0
6QDV	P	2	RNU2-1	34	3	1	3.67056208229745	0	2	U2	34.0
6QDV	P	2	RNU2-1	35	4	1	3.131839874578513	0	3	U2	35.0
6QDV	P	2	RNU2-1	36	4	2	2.7514630653526932	0	3	U2	36.0
6QDV	P	2	RNU2-1	37	2	1	2.3870754072714124	0	2	U2	37.0
6QDV	P	2	RNU2-1	38	1	1	3.279465047839367	0	2	U2	38.0
6QDV	P	2	RNU2-1	39	2	1	2.4567920139889408	0	2	U2	39.0
6QDV	P	2	RNU2-1	40	0	0	5.5	0	3	U2	40.0
6QDV	P	2	RNU2-1	41	1	1	4.402638640633578	0	2	U2	41.0
6QDV	P	2	RNU2-1	42	0	0	5.5	0	2	U2	42.0
6QDV	P	2	RNU2-1	43	0	0	5.5	0	2	U2	43.0
6QDV	P	2	RNU2-1	44	0	0	5.5	0	2	U2	44.0
6QDV	P	2	RNU2-1	45	0	0	5.5	0	2	U2	45.0
6QDV	P	2	RNU2-1	46	1	1	4.229384588802474	0	2	U2	46.0
6QDV	P	2	RNU2-1	47	7	1	2.5398505861565948	0	0	U2	47.0
6QDV	P	2	RNU2-1	48	5	2	3.13275038903519	0	0	U2	48.0
6QDV	P	2	RNU2-1	49	3	1	3.4179104727889063	0	0	U2	49.0
6QDV	P	2	RNU2-1	50	7	2	2.803440386382414	0	0	U2	50.0
6QDV	P	2	RNU2-1	51	5	2	2.796920091815275	0	0	U2	51.0
6QDV	P	2	RNU2-1	52	2	1	2.8767825778115355	0	0	U2	52.0
6QDV	P	2	RNU2-1	53	3	2	3.293201026357156	0	0	U2	53.0
6QDV	P	2	RNU2-1	54	0	0	5.5	0	0	U2	54.0
6QDV	P	2	RNU2-1	55	0	0	5.5	0	0	U2	55.0
6QDV	P	2	RNU2-1	56	0	0	5.5	0	0	U2	56.0
6QDV	P	2	RNU2-1	57	0	0	5.5	0	0	U2	57.0
6QDV	P	2	RNU2-1	58	0	0	5.5	0	0	U2	58.0
6QDV	P	2	RNU2-1	86	0	0	5.5	0	0	U2	86.0
6QDV	P	2	RNU2-1	87	0	0	5.5	0	0	U2	87.0
6QDV	P	2	RNU2-1	88	0	0	5.5	0	0	U2	88.0
6QDV	P	2	RNU2-1	89	0	0	5.5	0	0	U2	89.0
6QDV	P	2	RNU2-1	90	0	0	5.5	0	0	U2	90.0
6QDV	P	2	RNU2-1	91	0	0	5.5	0	0	U2	91.0
6QDV	P	2	RNU2-1	92	0	0	5.5	0	0	U2	92.0
6QDV	P	2	RNU2-1	93	0	0	5.5	0	0	U2	93.0
6QDV	P	2	RNU2-1	94	0	0	5.5	0	0	U2	94.0
6QDV	P	2	RNU2-1	95	2	1	2.7654411944570176	0	0	U2	95.0
6QDV	P	2	RNU2-1	97	7	3	2.758032813437862	0	0	U2	97.0
6QDV	P	2	RNU2-1	98	7	3	2.4347967060927136	0	0	U2	98.0
6QDV	P	2	RNU2-1	99	9	3	2.4947106044589633	0	0	U2	99.0
6QDV	P	2	RNU2-1	100	9	4	2.5739840714347775	0	0	U2	100.0
6QDV	P	2	RNU2-1	101	12	3	2.4866191907890025	0	0	U2	101.0
6QDV	P	2	RNU2-1	102	9	3	2.3321897435672105	0	0	U2	102.0
6QDV	P	2	RNU2-1	103	10	3	2.613107154327967	0	0	U2	103.0
6QDV	P	2	RNU2-1	104	9	3	2.378140660263797	0	0	U2	104.0
6QDV	P	2	RNU2-1	105	9	4	2.5371239622848463	0	0	U2	105.0
6QDV	P	2	RNU2-1	106	8	3	2.9266567957312604	0	0	U2	106.0
6QDV	P	2	RNU2-1	107	2	2	3.2326999551458595	0	0	U2	107.0
6QDV	P	2	RNU2-1	140	6	2	2.3514134047419053	0	0	U2	140.0
6QDV	P	2	RNU2-1	141	1	1	3.0849479736294025	0	0	U2	141.0
6QDV	P	2	RNU2-1	142	1	1	4.17817149001808	0	0	U2	142.0
6QDV	P	2	RNU2-1	147	1	1	4.116393688655162	0	0	U2	147.0
6QDV	P	2	RNU2-1	148	1	1	3.2455834606430902	0	0	U2	148.0
6QDV	P	2	RNU2-1	149	4	2	3.365440387230177	0	0	U2	149.0
6QDV	P	2	RNU2-1	150	6	2	2.3783250408638263	0	0	U2	150.0
6QDV	P	2	RNU2-1	151	7	2	2.6797645418954117	0	0	U2	151.0
6QDV	P	2	RNU2-1	152	1	1	2.523685796607799	0	0	U2	152.0
6QDV	P	2	RNU2-1	153	1	1	3.3318220240582828	0	0	U2	153.0
6QDV	P	2	RNU2-1	154	1	1	4.457048911555697	0	0	U2	154.0
6QDV	P	2	RNU2-1	155	4	1	3.2750697702491935	0	0	U2	155.0
6QDV	P	2	RNU2-1	156	3	1	2.972891017175044	0	0	U2	156.0
6QDV	P	2	RNU2-1	157	1	1	3.3777593164699966	0	0	U2	157.0
6QDV	P	2	RNU2-1	158	0	0	5.5	0	0	U2	158.0
6QDV	P	2	RNU2-1	159	1	1	4.265176666915485	0	0	U2	159.0
6QDV	P	2	RNU2-1	160	3	1	3.358303291842481	0	0	U2	160.0
6QDV	P	2	RNU2-1	161	3	1	2.791113039631329	0	0	U2	161.0
6QDV	P	2	RNU2-1	162	3	1	2.393777558588097	0	0	U2	162.0
6QDV	P	2	RNU2-1	163	9	1	2.8474088220696148	0	0	U2	163.0
6QDV	P	2	RNU2-1	164	9	1	2.8018156613168026	0	0	U2	164.0
6QDV	P	2	RNU2-1	165	9	1	2.404289915962719	0	0	U2	165.0
6QDV	P	2	RNU2-1	166	5	1	3.1507646690922604	0	0	U2	166.0
6QDV	P	2	RNU2-1	167	6	1	3.07024770987619	0	0	U2	167.0
6QDV	P	2	RNU2-1	168	4	1	2.715799145739611	0	0	U2	168.0
6QDV	P	2	RNU2-1	169	1	1	2.7601161207456624	0	0	U2	169.0
6QDV	P	2	RNU2-1	170	4	1	2.8284375545519866	0	0	U2	170.0
6QDV	P	2	RNU2-1	171	5	1	2.6307105504026636	0	0	U2	171.0
6QDV	P	2	RNU2-1	172	1	1	2.9906489262365707	0	0	U2	172.0
6QDV	P	2	RNU2-1	173	1	1	3.1989065319262084	0	0	U2	173.0
6QDV	P	2	RNU2-1	174	1	1	3.8134826602464047	0	0	U2	174.0
6QDV	P	2	RNU2-1	175	2	1	2.3731870975547125	0	0	U2	175.0
6QDV	P	2	RNU2-1	176	2	1	3.9843126132370976	0	0	U2	176.0
6QDV	P	2	RNU2-1	177	2	1	3.3315793552008057	0	0	U2	177.0
6QDV	P	2	RNU2-1	178	2	1	3.4572062420399337	0	0	U2	178.0
6QDV	P	2	RNU2-1	179	0	0	5.5	0	0	U2	179.0
6QDV	P	2	RNU2-1	180	2	1	4.010199246920298	0	0	U2	180.0
6QDV	P	2	RNU2-1	181	7	2	2.735098901319622	0	0	U2	181.0
6QDV	P	2	RNU2-1	182	6	2	2.3647972428942214	0	0	U2	182.0
6QDV	P	2	RNU2-1	183	1	1	3.4339046288445627	0	0	U2	183.0
6QDV	P	2	RNU2-1	184	0	0	5.5	0	0	U2	184.0
6QDV	P	5	RNU5A-1	9	0	0	5.5	0	0	U5	9.0
6QDV	P	5	RNU5A-1	10	1	1	3.5144585642741824	0	0	U5	10.0
6QDV	P	5	RNU5A-1	11	4	1	2.473016781180423	0	0	U5	11.0
6QDV	P	5	RNU5A-1	12	5	1	2.3057228801397445	0	0	U5	12.0
6QDV	P	5	RNU5A-1	13	2	1	3.3060299454179254	0	0	U5	13.0
6QDV	P	5	RNU5A-1	14	3	1	3.140233430813707	0	0	U5	14.0
6QDV	P	5	RNU5A-1	15	3	2	2.637814625784	0	0	U5	15.0
6QDV	P	5	RNU5A-1	16	2	2	2.9483829466336307	0	0	U5	16.0
6QDV	P	5	RNU5A-1	17	2	1	2.9077597906292243	0	0	U5	17.0
6QDV	P	5	RNU5A-1	18	1	1	4.213694934377643	0	0	U5	18.0
6QDV	P	5	RNU5A-1	19	4	1	3.003852359887238	0	0	U5	19.0
6QDV	P	5	RNU5A-1	20	1	1	3.3524016764104885	0	0	U5	20.0
6QDV	P	5	RNU5A-1	21	1	1	4.273632997813435	0	0	U5	21.0
6QDV	P	5	RNU5A-1	22	1	1	2.4530120260610135	0	0	U5	22.0
6QDV	P	5	RNU5A-1	23	3	1	3.396342297236807	0	0	U5	23.0
6QDV	P	5	RNU5A-1	24	5	1	3.0198034704265195	0	0	U5	24.0
6QDV	P	5	RNU5A-1	25	4	2	2.343012163860888	0	0	U5	25.0
6QDV	P	5	RNU5A-1	26	10	1	2.875648622485024	0	0	U5	26.0
6QDV	P	5	RNU5A-1	27	9	1	2.600598584941515	0	0	U5	27.0
6QDV	P	5	RNU5A-1	28	9	1	2.4026508277317387	0	0	U5	28.0
6QDV	P	5	RNU5A-1	29	7	1	2.954192613896394	0	0	U5	29.0
6QDV	P	5	RNU5A-1	30	5	2	3.089166392410724	0	0	U5	30.0
6QDV	P	5	RNU5A-1	31	3	1	3.4131741824876083	0	0	U5	31.0
6QDV	P	5	RNU5A-1	32	4	2	3.090856515595632	0	0	U5	32.0
6QDV	P	5	RNU5A-1	33	3	1	3.0014864650702613	0	0	U5	33.0
6QDV	P	5	RNU5A-1	34	2	1	3.3212482593145634	0	0	U5	34.0
6QDV	P	5	RNU5A-1	35	1	1	3.618049198117673	0	0	U5	35.0
6QDV	P	5	RNU5A-1	36	4	2	2.3933275998074564	0	0	U5	36.0
6QDV	P	5	RNU5A-1	37	3	2	3.004629428066006	0	0	U5	37.0
6QDV	P	5	RNU5A-1	38	5	2	3.3447182243053115	0	1	U5	38.0
6QDV	P	5	RNU5A-1	39	7	1	3.483935992523438	0	0	U5	39.0
6QDV	P	5	RNU5A-1	40	5	1	2.7281878601005567	0	2	U5	40.0
6QDV	P	5	RNU5A-1	41	1	1	3.588735153226035	0	3	U5	41.0
6QDV	P	5	RNU5A-1	42	1	1	3.324972932220649	2	2	U5	42.0
6QDV	P	5	RNU5A-1	43	0	0	5.5	3	2	U5	43.0
6QDV	P	5	RNU5A-1	44	5	1	3.2860132379526434	2	2	U5	44.0
6QDV	P	5	RNU5A-1	45	3	1	2.8687647167378634	0	1	U5	45.0
6QDV	P	5	RNU5A-1	46	3	2	2.826221682741824	0	0	U5	46.0
6QDV	P	5	RNU5A-1	47	3	2	2.9991928914293244	0	0	U5	47.0
6QDV	P	5	RNU5A-1	48	8	1	2.5962041522191406	0	0	U5	48.0
6QDV	P	5	RNU5A-1	49	4	2	3.242380144276749	0	0	U5	49.0
6QDV	P	5	RNU5A-1	50	2	2	4.253983074719455	0	0	U5	50.0
6QDV	P	5	RNU5A-1	51	4	3	2.614808788420279	0	0	U5	51.0
6QDV	P	5	RNU5A-1	52	5	2	2.6508977724537104	0	0	U5	52.0
6QDV	P	5	RNU5A-1	53	6	2	2.32740241471043	0	0	U5	53.0
6QDV	P	5	RNU5A-1	54	6	3	3.0489135769975553	0	0	U5	54.0
6QDV	P	5	RNU5A-1	55	5	2	2.816935391520334	0	0	U5	55.0
6QDV	P	5	RNU5A-1	56	7	1	2.5865577511434004	0	0	U5	56.0
6QDV	P	5	RNU5A-1	57	6	1	3.1171182204080767	0	0	U5	57.0
6QDV	P	5	RNU5A-1	58	6	1	3.2706117164836024	0	0	U5	58.0
6QDV	P	5	RNU5A-1	59	3	1	3.2386680904347265	0	0	U5	59.0
6QDV	P	5	RNU5A-1	60	1	1	3.5424075146713374	0	0	U5	60.0
6QDV	P	5	RNU5A-1	61	1	1	4.311203776209102	0	0	U5	61.0
6QDV	P	5	RNU5A-1	62	0	0	5.5	0	0	U5	62.0
6QDV	P	5	RNU5A-1	63	2	1	3.2815432345163393	0	0	U5	63.0
6QDV	P	5	RNU5A-1	64	6	2	2.6783760004898336	0	0	U5	64.0
6QDV	P	5	RNU5A-1	65	6	1	2.697906781191677	0	0	U5	65.0
6QDV	P	5	RNU5A-1	66	4	2	3.9936443256754632	0	0	U5	66.0
6QDV	P	5	RNU5A-1	67	3	1	3.247209417330518	0	0	U5	67.0
6QDV	P	5	RNU5A-1	68	2	1	2.609884288622766	0	0	U5	68.0
6QDV	P	5	RNU5A-1	69	0	0	5.5	0	0	U5	69.0
6QDV	P	5	RNU5A-1	70	0	0	5.5	0	0	U5	70.0
6QDV	P	5	RNU5A-1	85	0	0	5.5	0	0	U5	85.0
6QDV	P	5	RNU5A-1	86	3	3	3.40088032720944	0	0	U5	86.0
6QDV	P	5	RNU5A-1	87	7	2	2.6059487715609415	0	0	U5	87.0
6QDV	P	5	RNU5A-1	88	6	2	2.393446469006597	0	0	U5	88.0
6QDV	P	5	RNU5A-1	89	8	3	2.518794354448142	0	0	U5	89.0
6QDV	P	5	RNU5A-1	90	10	3	2.7515773658031333	0	0	U5	90.0
6QDV	P	5	RNU5A-1	91	10	3	2.3610779317930444	0	0	U5	91.0
6QDV	P	5	RNU5A-1	92	11	3	2.4299102864097653	0	0	U5	92.0
6QDV	P	5	RNU5A-1	93	8	3	2.358694978160543	0	0	U5	93.0
6QDV	P	5	RNU5A-1	94	8	3	2.3665113564063165	0	0	U5	94.0
6QDV	P	5	RNU5A-1	95	9	3	2.55118129500826	0	0	U5	95.0
6QDV	P	5	RNU5A-1	96	4	3	2.9209801437188996	0	0	U5	96.0
6QDV	P	5	RNU5A-1	97	4	2	3.070020358238693	0	0	U5	97.0
6QDV	P	6	RNU6-7	1	10	2	2.833649413741911	0	0	U6	1.0
6QDV	P	6	RNU6-7	2	2	1	2.440875662544095	0	0	U6	2.0
6QDV	P	6	RNU6-7	3	0	0	5.5	0	0	U6	3.0
6QDV	P	6	RNU6-7	4	0	0	5.5	0	0	U6	4.0
6QDV	P	6	RNU6-7	5	0	0	5.5	0	0	U6	5.0
6QDV	P	6	RNU6-7	6	0	0	5.5	0	0	U6	6.0
6QDV	P	6	RNU6-7	7	0	0	5.5	0	0	U6	7.0
6QDV	P	6	RNU6-7	8	0	0	5.5	0	0	U6	8.0
6QDV	P	6	RNU6-7	9	0	0	5.5	0	0	U6	9.0
6QDV	P	6	RNU6-7	10	0	0	5.5	0	0	U6	10.0
6QDV	P	6	RNU6-7	11	0	0	5.5	0	0	U6	11.0
6QDV	P	6	RNU6-7	12	0	0	5.5	0	0	U6	12.0
6QDV	P	6	RNU6-7	13	0	0	5.5	0	0	U6	13.0
6QDV	P	6	RNU6-7	14	0	0	5.5	0	0	U6	14.0
6QDV	P	6	RNU6-7	15	0	0	5.5	0	0	U6	15.0
6QDV	P	6	RNU6-7	16	2	1	3.243820895179017	0	0	U6	16.0
6QDV	P	6	RNU6-7	17	3	2	3.2797088285394995	0	0	U6	17.0
6QDV	P	6	RNU6-7	18	4	3	3.384056293858016	0	0	U6	18.0
6QDV	P	6	RNU6-7	19	4	2	3.060729814929785	0	0	U6	19.0
6QDV	P	6	RNU6-7	20	8	2	2.3739882055309605	0	0	U6	20.0
6QDV	P	6	RNU6-7	21	11	3	2.3102300751223765	0	0	U6	21.0
6QDV	P	6	RNU6-7	22	15	3	2.4520744279079434	0	0	U6	22.0
6QDV	P	6	RNU6-7	23	12	2	2.492797023425682	0	0	U6	23.0
6QDV	P	6	RNU6-7	24	7	3	2.793222869733108	0	0	U6	24.0
6QDV	P	6	RNU6-7	25	7	4	2.508635087054317	0	0	U6	25.0
6QDV	P	6	RNU6-7	26	6	1	2.9286437133936345	0	2	U6	26.0
6QDV	P	6	RNU6-7	27	11	2	2.353420701872062	0	1	U6	27.0
6QDV	P	6	RNU6-7	28	13	3	2.7869657335532256	0	0	U6	28.0
6QDV	P	6	RNU6-7	29	3	1	2.6771509109499374	0	2	U6	29.0
6QDV	P	6	RNU6-7	30	3	2	3.0812648376924576	0	2	U6	30.0
6QDV	P	6	RNU6-7	31	1	1	4.109408959935707	0	3	U6	31.0
6QDV	P	6	RNU6-7	32	0	0	5.5	0	2	U6	32.0
6QDV	P	6	RNU6-7	33	0	0	5.5	0	2	U6	33.0
6QDV	P	6	RNU6-7	34	1	1	3.089758728444652	0	1	U6	34.0
6QDV	P	6	RNU6-7	35	5	1	2.806370431714243	0	2	U6	35.0
6QDV	P	6	RNU6-7	36	2	2	2.873526926966262	0	3	U6	36.0
6QDV	P	6	RNU6-7	37	2	2	3.183151425867133	0	1	U6	37.0
6QDV	P	6	RNU6-7	38	2	1	3.4083102851706637	0	3	U6	38.0
6QDV	P	6	RNU6-7	39	0	0	5.5	0	3	U6	39.0
6QDV	P	6	RNU6-7	40	1	1	3.618222906345032	0	2	U6	40.0
6QDV	P	6	RNU6-7	41	6	2	2.5662720042894933	0	2	U6	41.0
6QDV	P	6	RNU6-7	42	2	2	3.2249844960867633	0	2	U6	42.0
6QDV	P	6	RNU6-7	43	5	1	3.322273619074745	0	3	U6	43.0
6QDV	P	6	RNU6-7	44	5	1	2.9193672259584167	0	4	U6	44.0
6QDV	P	6	RNU6-7	45	3	2	4.293826498590738	0	4	U6	45.0
6QDV	P	6	RNU6-7	46	5	2	2.3845993374149743	0	0	U6	46.0
6QDV	P	6	RNU6-7	47	3	2	2.9503010015928988	2	0	U6	47.0
6QDV	P	6	RNU6-7	48	14	3	2.6344817327132874	0	0	U6	48.0
6QDV	P	6	RNU6-7	49	7	1	2.548555277014806	1	0	U6	49.0
6QDV	P	6	RNU6-7	50	1	1	4.063457025735599	3	0	U6	50.0
6QDV	P	6	RNU6-7	51	2	1	3.5466990286744178	2	0	U6	51.0
6QDV	P	6	RNU6-7	52	0	0	5.5	2	2	U6	52.0
6QDV	P	6	RNU6-7	53	0	0	5.5	3	1	U6	53.0
6QDV	P	6	RNU6-7	54	0	0	5.5	3	3	U6	54.0
6QDV	P	6	RNU6-7	55	3	1	2.736799042677402	2	0	U6	55.0
6QDV	P	6	RNU6-7	56	6	2	2.451674733727968	1	0	U6	56.0
6QDV	P	6	RNU6-7	57	4	2	3.279550274046735	0	0	U6	57.0
6QDV	P	6	RNU6-7	58	4	2	3.0943718263970825	0	0	U6	58.0
6QDV	P	6	RNU6-7	59	5	3	3.0952287476049314	0	0	U6	59.0
6QDV	P	6	RNU6-7	60	13	5	2.96694539889091	0	0	U6	60.0
6QDV	P	6	RNU6-7	61	2	2	3.152281396068576	0	0	U6	61.0
6QDV	P	6	RNU6-7	62	2	2	3.4742947485784774	0	0	U6	62.0
6QDV	P	6	RNU6-7	63	2	1	3.2626792671054785	0	0	U6	63.0
6QDV	P	6	RNU6-7	64	6	1	2.279279272050731	0	0	U6	64.0
6QDV	P	6	RNU6-7	65	8	1	2.4356259975620267	0	0	U6	65.0
6QDV	P	6	RNU6-7	66	9	1	2.6627318678379663	2	0	U6	66.0
6QDV	P	6	RNU6-7	67	3	2	2.9453210351335035	2	0	U6	67.0
6QDV	P	6	RNU6-7	68	7	3	3.0617233709138474	0	0	U6	68.0
6QDV	P	6	RNU6-7	69	4	1	2.8994601221606864	2	0	U6	69.0
6QDV	P	6	RNU6-7	70	4	1	2.5682558283784798	1	1	U6	70.0
6QDV	P	6	RNU6-7	71	1	1	3.5408267396188626	0	2	U6	71.0
6QDV	P	6	RNU6-7	72	1	1	2.870524864898405	0	3	U6	72.0
6QDV	P	6	RNU6-7	73	2	2	3.071009443163606	0	2	U6	73.0
6QDV	P	6	RNU6-7	74	2	2	4.046243813711685	0	1	U6	74.0
6QDV	P	6	RNU6-7	75	0	0	5.5	0	0	U6	75.0
6QDV	P	6	RNU6-7	76	1	1	4.1342213293436565	0	1	U6	76.0
6QDV	P	6	RNU6-7	77	2	1	2.8172900099209035	0	0	U6	77.0
6QDV	P	6	RNU6-7	78	5	3	2.944789296367403	0	0	U6	78.0
6QDV	P	6	RNU6-7	79	9	3	2.5743255427393152	0	0	U6	79.0
6QDV	P	6	RNU6-7	80	4	3	3.2460623838737575	1	0	U6	80.0
6QDV	P	6	RNU6-7	81	3	1	2.5952899645319127	0	0	U6	81.0
6QDV	P	6	RNU6-7	82	5	5	2.437507333322292	4	0	U6	82.0
6QDV	P	6	RNU6-7	83	5	3	2.8208640520237664	1	0	U6	83.0
6QDV	P	6	RNU6-7	84	6	1	3.2315315254535393	0	0	U6	84.0
6QDV	P	6	RNU6-7	85	6	2	2.8017414227583446	0	0	U6	85.0
6QDV	P	6	RNU6-7	86	10	2	2.7449830600570033	0	0	U6	86.0
6QDV	P	6	RNU6-7	87	10	1	2.603996543776499	2	0	U6	87.0
6QDV	P	6	RNU6-7	88	7	1	2.4502769231252173	2	0	U6	88.0
6QDV	P	6	RNU6-7	89	3	1	3.853453775510999	2	0	U6	89.0
6QDV	P	6	RNU6-7	90	1	1	4.183918378744964	2	0	U6	90.0
6QDV	P	6	RNU6-7	91	0	0	5.5	2	0	U6	91.0
6QDV	P	6	RNU6-7	92	0	0	5.5	2	0	U6	92.0
6QDV	P	6	RNU6-7	93	0	0	5.5	3	0	U6	93.0
6QDV	P	6	RNU6-7	94	0	0	5.5	2	0	U6	94.0
6QDV	P	6	RNU6-7	95	0	0	5.5	3	0	U6	95.0
6QDV	P	6	RNU6-7	96	0	0	5.5	3	0	U6	96.0
6QDV	P	6	RNU6-7	97	0	0	5.5	2	0	U6	97.0
6QW6	tri-snRNP	4	RNU4-2	1	1	1	3.747096075629767	2	0	U4	1.0
6QW6	tri-snRNP	4	RNU4-2	2	2	1	3.800077630785975	3	0	U4	2.0
6QW6	tri-snRNP	4	RNU4-2	3	0	0	5.5	2	0	U4	3.0
6QW6	tri-snRNP	4	RNU4-2	4	0	0	5.5	2	0	U4	4.0
6QW6	tri-snRNP	4	RNU4-2	5	2	1	2.973070298529792	3	0	U4	5.0
6QW6	tri-snRNP	4	RNU4-2	6	2	1	3.142717772883834	2	0	U4	6.0
6QW6	tri-snRNP	4	RNU4-2	7	3	2	3.5368649960098733	3	0	U4	7.0
6QW6	tri-snRNP	4	RNU4-2	8	2	1	3.779834520187345	2	0	U4	8.0
6QW6	tri-snRNP	4	RNU4-2	9	3	1	3.214184344433257	3	0	U4	9.0
6QW6	tri-snRNP	4	RNU4-2	10	3	1	3.1603218190557674	2	0	U4	10.0
6QW6	tri-snRNP	4	RNU4-2	11	2	1	2.459127690869266	2	0	U4	11.0
6QW6	tri-snRNP	4	RNU4-2	12	3	1	3.2758536292087386	3	0	U4	12.0
6QW6	tri-snRNP	4	RNU4-2	13	2	1	2.3814545975096677	2	0	U4	13.0
6QW6	tri-snRNP	4	RNU4-2	14	1	1	4.194418434062114	2	0	U4	14.0
6QW6	tri-snRNP	4	RNU4-2	15	1	1	3.465438788955869	3	0	U4	15.0
6QW6	tri-snRNP	4	RNU4-2	16	0	0	5.5	2	0	U4	16.0
6QW6	tri-snRNP	4	RNU4-2	17	2	1	1.9930514293414576	2	0	U4	17.0
6QW6	tri-snRNP	4	RNU4-2	18	3	1	3.084961750168045	0	0	U4	18.0
6QW6	tri-snRNP	4	RNU4-2	19	1	1	4.497323982103112	0	0	U4	19.0
6QW6	tri-snRNP	4	RNU4-2	20	0	0	5.5	0	0	U4	20.0
6QW6	tri-snRNP	4	RNU4-2	21	0	0	5.5	2	0	U4	21.0
6QW6	tri-snRNP	4	RNU4-2	22	1	1	3.595887790240429	1	0	U4	22.0
6QW6	tri-snRNP	4	RNU4-2	23	3	1	3.9411612501901083	0	0	U4	23.0
6QW6	tri-snRNP	4	RNU4-2	24	1	1	3.5888551099201242	0	0	U4	24.0
6QW6	tri-snRNP	4	RNU4-2	25	0	0	5.5	0	0	U4	25.0
6QW6	tri-snRNP	4	RNU4-2	26	0	0	5.5	0	0	U4	26.0
6QW6	tri-snRNP	4	RNU4-2	27	1	1	3.440486157507405	0	0	U4	27.0
6QW6	tri-snRNP	4	RNU4-2	28	2	1	3.383016553314524	0	0	U4	28.0
6QW6	tri-snRNP	4	RNU4-2	29	4	2	2.920886680444838	0	0	U4	29.0
6QW6	tri-snRNP	4	RNU4-2	30	8	1	2.8729359547334368	0	0	U4	30.0
6QW6	tri-snRNP	4	RNU4-2	31	12	2	2.5234494248944084	0	0	U4	31.0
6QW6	tri-snRNP	4	RNU4-2	32	8	2	2.3713654294519864	0	0	U4	32.0
6QW6	tri-snRNP	4	RNU4-2	33	2	1	4.012935210042649	0	0	U4	33.0
6QW6	tri-snRNP	4	RNU4-2	34	2	1	3.405845856758652	0	0	U4	34.0
6QW6	tri-snRNP	4	RNU4-2	35	3	1	3.1425540568143018	0	0	U4	35.0
6QW6	tri-snRNP	4	RNU4-2	36	2	1	3.3149030151725367	0	0	U4	36.0
6QW6	tri-snRNP	4	RNU4-2	37	1	1	3.1805864239162	0	0	U4	37.0
6QW6	tri-snRNP	4	RNU4-2	38	1	1	3.643046664537795	0	0	U4	38.0
6QW6	tri-snRNP	4	RNU4-2	39	4	2	2.9968316602705682	0	0	U4	39.0
6QW6	tri-snRNP	4	RNU4-2	40	9	2	3.106315663289892	0	0	U4	40.0
6QW6	tri-snRNP	4	RNU4-2	41	7	3	2.7093530593113675	0	0	U4	41.0
6QW6	tri-snRNP	4	RNU4-2	42	3	2	2.538323856406029	0	0	U4	42.0
6QW6	tri-snRNP	4	RNU4-2	43	3	2	2.5990961890626396	0	0	U4	43.0
6QW6	tri-snRNP	4	RNU4-2	44	1	1	4.233061539831437	0	0	U4	44.0
6QW6	tri-snRNP	4	RNU4-2	45	0	0	5.5	0	0	U4	45.0
6QW6	tri-snRNP	4	RNU4-2	46	0	0	5.5	0	0	U4	46.0
6QW6	tri-snRNP	4	RNU4-2	47	0	0	5.5	0	0	U4	47.0
6QW6	tri-snRNP	4	RNU4-2	48	0	0	5.5	0	0	U4	48.0
6QW6	tri-snRNP	4	RNU4-2	49	0	0	5.5	0	0	U4	49.0
6QW6	tri-snRNP	4	RNU4-2	50	0	0	5.5	0	0	U4	50.0
6QW6	tri-snRNP	4	RNU4-2	51	1	1	3.1284523330234615	0	0	U4	51.0
6QW6	tri-snRNP	4	RNU4-2	52	2	1	3.280839679106542	0	0	U4	52.0
6QW6	tri-snRNP	4	RNU4-2	55	4	2	3.66451374673367	2	0	U4	55.0
6QW6	tri-snRNP	4	RNU4-2	56	4	2	2.642732676605798	2	0	U4	56.0
6QW6	tri-snRNP	4	RNU4-2	57	4	2	3.2693152188187637	3	0	U4	57.0
6QW6	tri-snRNP	4	RNU4-2	58	2	1	3.89727148143415	3	0	U4	58.0
6QW6	tri-snRNP	4	RNU4-2	59	1	1	3.838269141162476	2	0	U4	59.0
6QW6	tri-snRNP	4	RNU4-2	60	3	2	2.8801850634985264	2	0	U4	60.0
6QW6	tri-snRNP	4	RNU4-2	61	2	2	2.734298813224336	3	0	U4	61.0
6QW6	tri-snRNP	4	RNU4-2	62	2	1	3.316827550536823	2	0	U4	62.0
6QW6	tri-snRNP	4	RNU4-2	63	3	2	2.647287101921494	1	0	U4	63.0
6QW6	tri-snRNP	4	RNU4-2	64	5	2	3.328963051762484	1	0	U4	64.0
6QW6	tri-snRNP	4	RNU4-2	65	8	2	2.834118205015489	0	0	U4	65.0
6QW6	tri-snRNP	4	RNU4-2	66	6	1	2.743808484570303	1	0	U4	66.0
6QW6	tri-snRNP	4	RNU4-2	67	3	1	2.405463364925761	3	0	U4	67.0
6QW6	tri-snRNP	4	RNU4-2	68	7	2	2.6140193189798526	1	0	U4	68.0
6QW6	tri-snRNP	4	RNU4-2	69	8	1	2.9490844341930935	0	0	U4	69.0
6QW6	tri-snRNP	4	RNU4-2	72	7	1	2.6008417868067024	0	0	U4	72.0
6QW6	tri-snRNP	4	RNU4-2	73	0	0	5.5	1	0	U4	73.0
6QW6	tri-snRNP	4	RNU4-2	74	1	1	3.017389766006387	2	0	U4	74.0
6QW6	tri-snRNP	4	RNU4-2	75	1	1	4.0888821210692585	2	0	U4	75.0
6QW6	tri-snRNP	4	RNU4-2	76	1	1	3.491569274695794	2	0	U4	76.0
6QW6	tri-snRNP	4	RNU4-2	77	0	0	5.5	2	0	U4	77.0
6QW6	tri-snRNP	4	RNU4-2	78	0	0	5.5	2	0	U4	78.0
6QW6	tri-snRNP	4	RNU4-2	79	0	0	5.5	1	0	U4	79.0
6QW6	tri-snRNP	4	RNU4-2	80	0	0	5.5	1	0	U4	80.0
6QW6	tri-snRNP	4	RNU4-2	85	4	2	2.992157749852092	0	0	U4	85.0
6QW6	tri-snRNP	4	RNU4-2	86	1	1	3.9023362233410617	0	0	U4	86.0
6QW6	tri-snRNP	4	RNU4-2	87	0	0	5.5	0	0	U4	87.0
6QW6	tri-snRNP	4	RNU4-2	88	0	0	5.5	0	0	U4	88.0
6QW6	tri-snRNP	4	RNU4-2	89	0	0	5.5	0	0	U4	89.0
6QW6	tri-snRNP	4	RNU4-2	90	0	0	5.5	0	0	U4	90.0
6QW6	tri-snRNP	4	RNU4-2	91	0	0	5.5	0	0	U4	91.0
6QW6	tri-snRNP	4	RNU4-2	92	0	0	5.5	0	0	U4	92.0
6QW6	tri-snRNP	4	RNU4-2	93	0	0	5.5	0	0	U4	93.0
6QW6	tri-snRNP	4	RNU4-2	94	0	0	5.5	0	0	U4	94.0
6QW6	tri-snRNP	4	RNU4-2	95	0	0	5.5	0	0	U4	95.0
6QW6	tri-snRNP	4	RNU4-2	104	0	0	5.5	0	0	U4	104.0
6QW6	tri-snRNP	4	RNU4-2	105	0	0	5.5	0	0	U4	105.0
6QW6	tri-snRNP	4	RNU4-2	106	0	0	5.5	0	0	U4	106.0
6QW6	tri-snRNP	4	RNU4-2	107	0	0	5.5	0	0	U4	107.0
6QW6	tri-snRNP	4	RNU4-2	108	0	0	5.5	0	0	U4	108.0
6QW6	tri-snRNP	4	RNU4-2	109	1	1	4.3048848997389095	0	0	U4	109.0
6QW6	tri-snRNP	4	RNU4-2	110	0	0	5.5	0	0	U4	110.0
6QW6	tri-snRNP	4	RNU4-2	111	0	0	5.5	0	0	U4	111.0
6QW6	tri-snRNP	4	RNU4-2	112	0	0	5.5	0	0	U4	112.0
6QW6	tri-snRNP	4	RNU4-2	113	0	0	5.5	0	0	U4	113.0
6QW6	tri-snRNP	4	RNU4-2	114	0	0	5.5	0	0	U4	114.0
6QW6	tri-snRNP	4	RNU4-2	115	0	0	5.5	0	0	U4	115.0
6QW6	tri-snRNP	4	RNU4-2	116	3	1	2.5964156061770978	0	0	U4	116.0
6QW6	tri-snRNP	4	RNU4-2	117	7	3	3.161855626052526	0	0	U4	117.0
6QW6	tri-snRNP	4	RNU4-2	118	11	3	2.484580648721195	0	0	U4	118.0
6QW6	tri-snRNP	4	RNU4-2	119	11	3	2.430996092140019	0	0	U4	119.0
6QW6	tri-snRNP	4	RNU4-2	120	9	3	2.531137688866441	0	0	U4	120.0
6QW6	tri-snRNP	4	RNU4-2	121	12	3	2.6559896460641577	0	0	U4	121.0
6QW6	tri-snRNP	4	RNU4-2	122	9	4	2.3185696021469866	0	0	U4	122.0
6QW6	tri-snRNP	4	RNU4-2	123	10	3	2.380880719397735	0	0	U4	123.0
6QW6	tri-snRNP	4	RNU4-2	124	9	4	2.3189312193336047	0	0	U4	124.0
6QW6	tri-snRNP	4	RNU4-2	125	8	3	2.435963464422227	0	0	U4	125.0
6QW6	tri-snRNP	4	RNU4-2	126	8	3	2.413018441703243	0	0	U4	126.0
6QW6	tri-snRNP	4	RNU4-2	127	3	3	2.506179163587454	0	0	U4	127.0
6QW6	tri-snRNP	4	RNU4-2	128	5	3	2.876597121600466	0	0	U4	128.0
6QW6	tri-snRNP	4	RNU4-2	129	2	1	2.9527714100485234	0	0	U4	129.0
6QW6	tri-snRNP	4	RNU4-2	130	0	0	5.5	0	0	U4	130.0
6QW6	tri-snRNP	4	RNU4-2	131	1	1	3.2410692680039968	0	0	U4	131.0
6QW6	tri-snRNP	4	RNU4-2	132	1	1	3.2405499533258015	0	0	U4	132.0
6QW6	tri-snRNP	4	RNU4-2	133	0	0	5.5	0	0	U4	133.0
6QW6	tri-snRNP	4	RNU4-2	138	3	1	3.362388139403303	0	0	U4	138.0
6QW6	tri-snRNP	4	RNU4-2	139	2	2	3.0507890782550016	0	0	U4	139.0
6QW6	tri-snRNP	4	RNU4-2	140	2	1	2.923652168093885	0	0	U4	140.0
6QW6	tri-snRNP	4	RNU4-2	141	0	0	5.5	0	0	U4	141.0
6QW6	tri-snRNP	5	RNU5A-1	3	0	0	5.5	0	0	U5	3.0
6QW6	tri-snRNP	5	RNU5A-1	4	0	0	5.5	0	0	U5	4.0
6QW6	tri-snRNP	5	RNU5A-1	5	1	1	4.277860329650777	0	0	U5	5.0
6QW6	tri-snRNP	5	RNU5A-1	6	3	1	2.653610747641786	0	0	U5	6.0
6QW6	tri-snRNP	5	RNU5A-1	7	2	1	1.7451664677044427	0	0	U5	7.0
6QW6	tri-snRNP	5	RNU5A-1	8	1	1	4.193711959589032	0	0	U5	8.0
6QW6	tri-snRNP	5	RNU5A-1	9	0	0	5.5	0	0	U5	9.0
6QW6	tri-snRNP	5	RNU5A-1	10	0	0	5.5	0	0	U5	10.0
6QW6	tri-snRNP	5	RNU5A-1	11	4	1	2.8655095532906736	0	0	U5	11.0
6QW6	tri-snRNP	5	RNU5A-1	12	5	1	2.427814861145725	0	0	U5	12.0
6QW6	tri-snRNP	5	RNU5A-1	13	2	1	3.2298575819995605	0	0	U5	13.0
6QW6	tri-snRNP	5	RNU5A-1	14	1	1	3.238418904342066	0	0	U5	14.0
6QW6	tri-snRNP	5	RNU5A-1	15	4	2	3.2228595997964145	0	0	U5	15.0
6QW6	tri-snRNP	5	RNU5A-1	16	3	2	2.601834160741246	0	0	U5	16.0
6QW6	tri-snRNP	5	RNU5A-1	17	4	2	2.386003772000366	0	0	U5	17.0
6QW6	tri-snRNP	5	RNU5A-1	18	5	2	2.505816832891014	0	0	U5	18.0
6QW6	tri-snRNP	5	RNU5A-1	19	4	2	3.159466727155085	0	0	U5	19.0
6QW6	tri-snRNP	5	RNU5A-1	20	4	1	3.5554939178685108	0	0	U5	20.0
6QW6	tri-snRNP	5	RNU5A-1	21	0	0	5.5	0	0	U5	21.0
6QW6	tri-snRNP	5	RNU5A-1	22	0	0	5.5	0	0	U5	22.0
6QW6	tri-snRNP	5	RNU5A-1	23	5	1	2.6646346841546436	0	0	U5	23.0
6QW6	tri-snRNP	5	RNU5A-1	24	4	1	2.8862718167213526	0	0	U5	24.0
6QW6	tri-snRNP	5	RNU5A-1	25	5	2	3.059133700902909	0	0	U5	25.0
6QW6	tri-snRNP	5	RNU5A-1	26	10	1	2.500408766581982	0	0	U5	26.0
6QW6	tri-snRNP	5	RNU5A-1	27	9	1	2.989620878974445	0	0	U5	27.0
6QW6	tri-snRNP	5	RNU5A-1	28	8	1	2.4871923930408157	0	0	U5	28.0
6QW6	tri-snRNP	5	RNU5A-1	29	7	1	2.7944350055064713	0	0	U5	29.0
6QW6	tri-snRNP	5	RNU5A-1	30	4	1	2.436671089827272	0	0	U5	30.0
6QW6	tri-snRNP	5	RNU5A-1	31	0	0	5.5	0	0	U5	31.0
6QW6	tri-snRNP	5	RNU5A-1	32	0	0	5.5	0	0	U5	32.0
6QW6	tri-snRNP	5	RNU5A-1	33	0	0	5.5	0	0	U5	33.0
6QW6	tri-snRNP	5	RNU5A-1	34	0	0	5.5	0	0	U5	34.0
6QW6	tri-snRNP	5	RNU5A-1	35	1	1	2.981971495504269	0	0	U5	35.0
6QW6	tri-snRNP	5	RNU5A-1	36	1	1	3.477011504151216	0	0	U5	36.0
6QW6	tri-snRNP	5	RNU5A-1	37	0	0	5.5	0	0	U5	37.0
6QW6	tri-snRNP	5	RNU5A-1	38	0	0	5.5	0	0	U5	38.0
6QW6	tri-snRNP	5	RNU5A-1	44	0	0	5.5	0	0	U5	44.0
6QW6	tri-snRNP	5	RNU5A-1	45	8	2	1.9189791556971112	0	0	U5	45.0
6QW6	tri-snRNP	5	RNU5A-1	46	5	2	2.9398459143295383	0	0	U5	46.0
6QW6	tri-snRNP	5	RNU5A-1	47	3	2	3.2420959270200647	0	0	U5	47.0
6QW6	tri-snRNP	5	RNU5A-1	48	7	1	2.874245814122382	0	0	U5	48.0
6QW6	tri-snRNP	5	RNU5A-1	49	5	1	2.883636939699592	0	0	U5	49.0
6QW6	tri-snRNP	5	RNU5A-1	50	2	1	3.4703119456325564	0	0	U5	50.0
6QW6	tri-snRNP	5	RNU5A-1	51	2	2	3.8151640855931643	0	0	U5	51.0
6QW6	tri-snRNP	5	RNU5A-1	52	3	2	3.243297396169527	0	0	U5	52.0
6QW6	tri-snRNP	5	RNU5A-1	53	5	2	3.017600371155881	0	0	U5	53.0
6QW6	tri-snRNP	5	RNU5A-1	54	4	2	3.1847789562228797	0	0	U5	54.0
6QW6	tri-snRNP	5	RNU5A-1	55	6	2	2.6543146007962255	0	0	U5	55.0
6QW6	tri-snRNP	5	RNU5A-1	56	8	2	2.5662768751636884	0	0	U5	56.0
6QW6	tri-snRNP	5	RNU5A-1	57	8	1	2.73250873740599	0	0	U5	57.0
6QW6	tri-snRNP	5	RNU5A-1	58	5	1	3.04101101609318	0	0	U5	58.0
6QW6	tri-snRNP	5	RNU5A-1	59	4	1	3.253855866506699	0	0	U5	59.0
6QW6	tri-snRNP	5	RNU5A-1	60	2	1	3.343528824460764	0	0	U5	60.0
6QW6	tri-snRNP	5	RNU5A-1	61	1	1	3.9951312869541686	0	0	U5	61.0
6QW6	tri-snRNP	5	RNU5A-1	62	0	0	5.5	0	0	U5	62.0
6QW6	tri-snRNP	5	RNU5A-1	63	1	1	2.951012538096039	0	0	U5	63.0
6QW6	tri-snRNP	5	RNU5A-1	64	2	2	3.8025854362525497	0	0	U5	64.0
6QW6	tri-snRNP	5	RNU5A-1	65	0	0	5.5	0	0	U5	65.0
6QW6	tri-snRNP	5	RNU5A-1	66	0	0	5.5	0	0	U5	66.0
6QW6	tri-snRNP	5	RNU5A-1	67	0	0	5.5	0	0	U5	67.0
6QW6	tri-snRNP	5	RNU5A-1	68	0	0	5.5	0	0	U5	68.0
6QW6	tri-snRNP	5	RNU5A-1	69	0	0	5.5	0	0	U5	69.0
6QW6	tri-snRNP	5	RNU5A-1	70	0	0	5.5	0	0	U5	70.0
6QW6	tri-snRNP	5	RNU5A-1	71	0	0	5.5	0	0	U5	71.0
6QW6	tri-snRNP	5	RNU5A-1	72	1	1	2.388023031714721	0	0	U5	72.0
6QW6	tri-snRNP	5	RNU5A-1	73	1	1	3.384255605003865	0	0	U5	73.0
6QW6	tri-snRNP	5	RNU5A-1	74	2	1	3.6435364688719676	0	0	U5	74.0
6QW6	tri-snRNP	5	RNU5A-1	75	0	0	5.5	0	0	U5	75.0
6QW6	tri-snRNP	5	RNU5A-1	76	1	1	4.163258579526374	0	0	U5	76.0
6QW6	tri-snRNP	5	RNU5A-1	77	3	1	1.1057513282831757	0	0	U5	77.0
6QW6	tri-snRNP	5	RNU5A-1	78	2	1	2.197562740856328	0	0	U5	78.0
6QW6	tri-snRNP	5	RNU5A-1	85	3	1	3.2679189096426566	0	0	U5	85.0
6QW6	tri-snRNP	5	RNU5A-1	86	1	1	4.146549047099299	0	0	U5	86.0
6QW6	tri-snRNP	5	RNU5A-1	87	8	2	2.5854086717577185	0	0	U5	87.0
6QW6	tri-snRNP	5	RNU5A-1	88	9	3	2.394257713781025	0	0	U5	88.0
6QW6	tri-snRNP	5	RNU5A-1	89	9	3	2.4848152848853764	0	0	U5	89.0
6QW6	tri-snRNP	5	RNU5A-1	90	11	3	2.4916793533679384	0	0	U5	90.0
6QW6	tri-snRNP	5	RNU5A-1	91	9	3	2.4180177832265692	0	0	U5	91.0
6QW6	tri-snRNP	5	RNU5A-1	92	10	3	2.52237665704391	0	0	U5	92.0
6QW6	tri-snRNP	5	RNU5A-1	93	9	3	2.295054247724879	0	0	U5	93.0
6QW6	tri-snRNP	5	RNU5A-1	94	7	3	2.538106774743709	0	0	U5	94.0
6QW6	tri-snRNP	5	RNU5A-1	95	7	2	2.5258937032266418	0	0	U5	95.0
6QW6	tri-snRNP	5	RNU5A-1	96	3	2	2.8496892813077146	0	0	U5	96.0
6QW6	tri-snRNP	5	RNU5A-1	97	5	2	3.775170194838904	0	0	U5	97.0
6QW6	tri-snRNP	5	RNU5A-1	98	0	0	5.5	0	0	U5	98.0
6QW6	tri-snRNP	5	RNU5A-1	99	2	1	3.2904276317828347	0	0	U5	99.0
6QW6	tri-snRNP	5	RNU5A-1	100	0	0	5.5	0	0	U5	100.0
6QW6	tri-snRNP	5	RNU5A-1	101	0	0	5.5	0	0	U5	101.0
6QW6	tri-snRNP	5	RNU5A-1	102	0	0	5.5	0	0	U5	102.0
6QW6	tri-snRNP	5	RNU5A-1	103	0	0	5.5	0	0	U5	103.0
6QW6	tri-snRNP	5	RNU5A-1	104	0	0	5.5	0	0	U5	104.0
6QW6	tri-snRNP	5	RNU5A-1	105	0	0	5.5	0	0	U5	105.0
6QW6	tri-snRNP	5	RNU5A-1	106	1	1	4.276002104770297	0	0	U5	106.0
6QW6	tri-snRNP	5	RNU5A-1	107	0	0	5.5	0	0	U5	107.0
6QW6	tri-snRNP	5	RNU5A-1	108	0	0	5.5	0	0	U5	108.0
6QW6	tri-snRNP	5	RNU5A-1	109	1	1	2.4791629635826764	0	0	U5	109.0
6QW6	tri-snRNP	5	RNU5A-1	110	2	1	2.9077592747681096	0	0	U5	110.0
6QW6	tri-snRNP	5	RNU5A-1	111	1	1	3.5690913409437997	0	0	U5	111.0
6QW6	tri-snRNP	5	RNU5A-1	112	0	0	5.5	0	0	U5	112.0
6QW6	tri-snRNP	5	RNU5A-1	113	1	1	3.2149754275888243	0	0	U5	113.0
6QW6	tri-snRNP	5	RNU5A-1	114	1	1	4.076942604452507	0	0	U5	114.0
6QW6	tri-snRNP	5	RNU5A-1	115	0	0	5.5	0	0	U5	115.0
6QW6	tri-snRNP	5	RNU5A-1	116	2	1	3.3109214729437557	0	0	U5	116.0
6QW6	tri-snRNP	6	RNU6-7	41	0	0	5.5	3	0	U6	41.0
6QW6	tri-snRNP	6	RNU6-7	42	0	0	5.5	2	0	U6	42.0
6QW6	tri-snRNP	6	RNU6-7	43	0	0	5.5	2	0	U6	43.0
6QW6	tri-snRNP	6	RNU6-7	44	0	0	5.5	2	0	U6	44.0
6QW6	tri-snRNP	6	RNU6-7	45	0	0	5.5	2	0	U6	45.0
6QW6	tri-snRNP	6	RNU6-7	46	4	2	2.8196710801084692	2	0	U6	46.0
6QW6	tri-snRNP	6	RNU6-7	47	2	1	3.5082593974790632	3	0	U6	47.0
6QW6	tri-snRNP	6	RNU6-7	48	8	2	2.807019950053787	0	0	U6	48.0
6QW6	tri-snRNP	6	RNU6-7	49	4	1	2.9152775168069374	2	0	U6	49.0
6QW6	tri-snRNP	6	RNU6-7	50	1	1	3.4275031728650327	4	0	U6	50.0
6QW6	tri-snRNP	6	RNU6-7	51	1	1	3.4172882524013097	2	0	U6	51.0
6QW6	tri-snRNP	6	RNU6-7	52	2	2	3.932091809711477	2	0	U6	52.0
6QW6	tri-snRNP	6	RNU6-7	53	6	2	2.410109955997867	3	0	U6	53.0
6QW6	tri-snRNP	6	RNU6-7	54	6	2	2.1339421266753864	3	0	U6	54.0
6QW6	tri-snRNP	6	RNU6-7	55	5	1	2.995569061130109	2	0	U6	55.0
6QW6	tri-snRNP	6	RNU6-7	56	3	2	3.1546323082096377	2	0	U6	56.0
6QW6	tri-snRNP	6	RNU6-7	57	3	1	3.0663765261298033	2	0	U6	57.0
6QW6	tri-snRNP	6	RNU6-7	58	3	2	1.6498790864787476	2	0	U6	58.0
6QW6	tri-snRNP	6	RNU6-7	59	4	2	2.447325274662152	4	0	U6	59.0
6QW6	tri-snRNP	6	RNU6-7	60	3	1	2.58117686337064	4	0	U6	60.0
6QW6	tri-snRNP	6	RNU6-7	61	1	1	2.964092609889243	2	0	U6	61.0
6QW6	tri-snRNP	6	RNU6-7	62	0	0	5.5	3	0	U6	62.0
6QW6	tri-snRNP	6	RNU6-7	63	0	0	5.5	2	0	U6	63.0
6QW6	tri-snRNP	6	RNU6-7	64	0	0	5.5	2	0	U6	64.0
6QW6	tri-snRNP	6	RNU6-7	65	2	1	3.0281126134937715	3	0	U6	65.0
6QW6	tri-snRNP	6	RNU6-7	66	5	1	2.6454213275014906	2	0	U6	66.0
6QW6	tri-snRNP	6	RNU6-7	67	3	1	2.8799815971634066	3	0	U6	67.0
6QW6	tri-snRNP	6	RNU6-7	68	2	1	2.3718577107406684	2	0	U6	68.0
6QW6	tri-snRNP	6	RNU6-7	69	1	1	3.4627961245213688	3	0	U6	69.0
6QW6	tri-snRNP	6	RNU6-7	70	3	1	2.5620441057873604	2	0	U6	70.0
6QW6	tri-snRNP	6	RNU6-7	71	4	2	2.9061551920019757	2	0	U6	71.0
6QW6	tri-snRNP	6	RNU6-7	72	4	2	3.354518147215819	3	0	U6	72.0
6QW6	tri-snRNP	6	RNU6-7	73	2	2	3.002914750704698	2	0	U6	73.0
6QW6	tri-snRNP	6	RNU6-7	74	2	1	2.856328762590197	2	0	U6	74.0
6QW6	tri-snRNP	6	RNU6-7	75	2	1	3.1153471716648165	1	0	U6	75.0
6QW6	tri-snRNP	6	RNU6-7	76	5	1	3.260230359959259	0	0	U6	76.0
6QW6	tri-snRNP	6	RNU6-7	81	3	1	2.8711354896626102	0	0	U6	81.0
6QW6	tri-snRNP	6	RNU6-7	82	3	1	2.7297774634574203	0	0	U6	82.0
6QW6	tri-snRNP	6	RNU6-7	83	9	3	1.8665583301895141	0	0	U6	83.0
6QW6	tri-snRNP	6	RNU6-7	84	9	3	2.782813504351319	0	0	U6	84.0
6QW6	tri-snRNP	6	RNU6-7	85	8	3	2.48391364584198	0	0	U6	85.0
6QW6	tri-snRNP	6	RNU6-7	86	10	4	2.3431621796196676	0	0	U6	86.0
6QX9	pre-B	1	RNU1-1	1	1	1	1.5067149697272182	0	2	U1	1.0
6QX9	pre-B	1	RNU1-1	2	1	1	4.04968616067961	0	2	U1	2.0
6QX9	pre-B	1	RNU1-1	3	0	0	5.5	0	3	U1	3.0
6QX9	pre-B	1	RNU1-1	4	1	1	4.20289590639595	0	3	U1	4.0
6QX9	pre-B	1	RNU1-1	5	0	0	5.5	0	3	U1	5.0
6QX9	pre-B	1	RNU1-1	6	2	1	0.9783762057613732	0	2	U1	6.0
6QX9	pre-B	1	RNU1-1	7	8	1	1.3131203295966287	0	3	U1	7.0
6QX9	pre-B	1	RNU1-1	8	12	1	1.2519400944134673	0	3	U1	8.0
6QX9	pre-B	1	RNU1-1	9	11	2	0.7278708676681508	0	2	U1	9.0
6QX9	pre-B	1	RNU1-1	10	11	2	0.9436206865048993	0	2	U1	10.0
6QX9	pre-B	1	RNU1-1	11	6	2	2.284733025979178	0	1	U1	11.0
6QX9	pre-B	1	RNU1-1	12	1	1	2.349971276420221	0	0	U1	12.0
6QX9	pre-B	1	RNU1-1	13	0	0	5.5	0	0	U1	13.0
6QX9	pre-B	1	RNU1-1	14	0	0	5.5	0	0	U1	14.0
6QX9	pre-B	1	RNU1-1	15	0	0	5.5	0	0	U1	15.0
6QX9	pre-B	1	RNU1-1	16	0	0	5.5	0	0	U1	16.0
6QX9	pre-B	1	RNU1-1	17	0	0	5.5	0	0	U1	17.0
6QX9	pre-B	1	RNU1-1	18	0	0	5.5	0	0	U1	18.0
6QX9	pre-B	1	RNU1-1	19	1	1	4.13608740236469	0	0	U1	19.0
6QX9	pre-B	1	RNU1-1	20	1	1	2.8350527331956132	0	0	U1	20.0
6QX9	pre-B	1	RNU1-1	21	2	1	3.331311753649005	0	0	U1	21.0
6QX9	pre-B	1	RNU1-1	22	1	1	4.133278238880124	0	0	U1	22.0
6QX9	pre-B	1	RNU1-1	23	0	0	5.5	0	0	U1	23.0
6QX9	pre-B	1	RNU1-1	24	0	0	5.5	0	0	U1	24.0
6QX9	pre-B	1	RNU1-1	25	0	0	5.5	0	0	U1	25.0
6QX9	pre-B	1	RNU1-1	26	0	0	5.5	0	0	U1	26.0
6QX9	pre-B	1	RNU1-1	27	0	0	5.5	0	0	U1	27.0
6QX9	pre-B	1	RNU1-1	28	2	1	2.171485436285479	0	0	U1	28.0
6QX9	pre-B	1	RNU1-1	29	3	1	1.4887024551601713	0	0	U1	29.0
6QX9	pre-B	1	RNU1-1	30	7	1	1.018491531629011	0	0	U1	30.0
6QX9	pre-B	1	RNU1-1	31	9	1	0.9248789109932225	0	0	U1	31.0
6QX9	pre-B	1	RNU1-1	32	8	1	1.2408730797305738	0	0	U1	32.0
6QX9	pre-B	1	RNU1-1	33	5	1	2.0505894274574223	0	0	U1	33.0
6QX9	pre-B	1	RNU1-1	34	4	1	1.382978307855895	0	0	U1	34.0
6QX9	pre-B	1	RNU1-1	35	3	1	3.6933223525709176	0	0	U1	35.0
6QX9	pre-B	1	RNU1-1	36	3	1	3.4503085369282864	0	0	U1	36.0
6QX9	pre-B	1	RNU1-1	37	5	1	2.13366023537021	0	0	U1	37.0
6QX9	pre-B	1	RNU1-1	38	2	1	3.3281497862926943	0	0	U1	38.0
6QX9	pre-B	1	RNU1-1	39	0	0	5.5	0	0	U1	39.0
6QX9	pre-B	1	RNU1-1	40	0	0	5.5	0	0	U1	40.0
6QX9	pre-B	1	RNU1-1	41	0	0	5.5	0	0	U1	41.0
6QX9	pre-B	1	RNU1-1	42	0	0	5.5	0	0	U1	42.0
6QX9	pre-B	1	RNU1-1	43	0	0	5.5	0	0	U1	43.0
6QX9	pre-B	1	RNU1-1	44	0	0	5.5	0	0	U1	44.0
6QX9	pre-B	1	RNU1-1	45	0	0	5.5	0	0	U1	45.0
6QX9	pre-B	1	RNU1-1	46	0	0	5.5	0	0	U1	46.0
6QX9	pre-B	1	RNU1-1	47	1	1	3.273225015179959	0	0	U1	47.0
6QX9	pre-B	1	RNU1-1	48	0	0	5.5	0	0	U1	48.0
6QX9	pre-B	1	RNU1-1	49	0	0	5.5	0	0	U1	49.0
6QX9	pre-B	1	RNU1-1	50	0	0	5.5	0	0	U1	50.0
6QX9	pre-B	1	RNU1-1	51	0	0	5.5	0	0	U1	51.0
6QX9	pre-B	1	RNU1-1	52	0	0	5.5	0	0	U1	52.0
6QX9	pre-B	1	RNU1-1	53	0	0	5.5	0	0	U1	53.0
6QX9	pre-B	1	RNU1-1	54	0	0	5.5	0	0	U1	54.0
6QX9	pre-B	1	RNU1-1	55	0	0	5.5	0	0	U1	55.0
6QX9	pre-B	1	RNU1-1	56	0	0	5.5	0	0	U1	56.0
6QX9	pre-B	1	RNU1-1	57	0	0	5.5	0	0	U1	57.0
6QX9	pre-B	1	RNU1-1	58	0	0	5.5	0	0	U1	58.0
6QX9	pre-B	1	RNU1-1	59	0	0	5.5	0	0	U1	59.0
6QX9	pre-B	1	RNU1-1	60	1	1	4.390747658429048	0	0	U1	60.0
6QX9	pre-B	1	RNU1-1	61	0	0	5.5	0	0	U1	61.0
6QX9	pre-B	1	RNU1-1	62	0	0	5.5	0	0	U1	62.0
6QX9	pre-B	1	RNU1-1	63	0	0	5.5	0	0	U1	63.0
6QX9	pre-B	1	RNU1-1	64	0	0	5.5	0	0	U1	64.0
6QX9	pre-B	1	RNU1-1	65	2	1	2.9844160232782584	0	0	U1	65.0
6QX9	pre-B	1	RNU1-1	66	2	1	3.0885449648661343	0	0	U1	66.0
6QX9	pre-B	1	RNU1-1	67	3	1	2.6742038067432046	0	0	U1	67.0
6QX9	pre-B	1	RNU1-1	68	9	1	2.70216672320566	0	0	U1	68.0
6QX9	pre-B	1	RNU1-1	69	8	1	3.019914071625179	0	0	U1	69.0
6QX9	pre-B	1	RNU1-1	70	8	1	2.8676122471491725	0	0	U1	70.0
6QX9	pre-B	1	RNU1-1	71	5	1	3.062830227093898	0	0	U1	71.0
6QX9	pre-B	1	RNU1-1	72	1	1	4.410357015027238	0	0	U1	72.0
6QX9	pre-B	1	RNU1-1	73	0	0	5.5	0	0	U1	73.0
6QX9	pre-B	1	RNU1-1	74	3	1	3.071797031055274	0	0	U1	74.0
6QX9	pre-B	1	RNU1-1	75	3	1	3.05830819244888	0	0	U1	75.0
6QX9	pre-B	1	RNU1-1	76	0	0	5.5	0	0	U1	76.0
6QX9	pre-B	1	RNU1-1	77	0	0	5.5	0	0	U1	77.0
6QX9	pre-B	1	RNU1-1	78	0	0	5.5	0	0	U1	78.0
6QX9	pre-B	1	RNU1-1	79	0	0	5.5	0	0	U1	79.0
6QX9	pre-B	1	RNU1-1	80	0	0	5.5	0	0	U1	80.0
6QX9	pre-B	1	RNU1-1	81	0	0	5.5	0	0	U1	81.0
6QX9	pre-B	1	RNU1-1	82	1	1	3.560562034286162	0	0	U1	82.0
6QX9	pre-B	1	RNU1-1	83	0	0	5.5	0	0	U1	83.0
6QX9	pre-B	1	RNU1-1	84	0	0	5.5	0	0	U1	84.0
6QX9	pre-B	1	RNU1-1	85	0	0	5.5	0	0	U1	85.0
6QX9	pre-B	1	RNU1-1	86	0	0	5.5	0	0	U1	86.0
6QX9	pre-B	1	RNU1-1	87	0	0	5.5	0	0	U1	87.0
6QX9	pre-B	1	RNU1-1	88	0	0	5.5	0	0	U1	88.0
6QX9	pre-B	1	RNU1-1	89	0	0	5.5	0	0	U1	89.0
6QX9	pre-B	1	RNU1-1	90	0	0	5.5	0	0	U1	90.0
6QX9	pre-B	1	RNU1-1	91	0	0	5.5	0	0	U1	91.0
6QX9	pre-B	1	RNU1-1	92	0	0	5.5	0	0	U1	92.0
6QX9	pre-B	1	RNU1-1	93	0	0	5.5	0	0	U1	93.0
6QX9	pre-B	1	RNU1-1	94	0	0	5.5	0	0	U1	94.0
6QX9	pre-B	1	RNU1-1	95	0	0	5.5	0	0	U1	95.0
6QX9	pre-B	1	RNU1-1	96	0	0	5.5	0	0	U1	96.0
6QX9	pre-B	1	RNU1-1	97	0	0	5.5	0	0	U1	97.0
6QX9	pre-B	1	RNU1-1	98	0	0	5.5	0	0	U1	98.0
6QX9	pre-B	1	RNU1-1	99	0	0	5.5	0	0	U1	99.0
6QX9	pre-B	1	RNU1-1	100	0	0	5.5	0	0	U1	100.0
6QX9	pre-B	1	RNU1-1	101	0	0	5.5	0	0	U1	101.0
6QX9	pre-B	1	RNU1-1	102	0	0	5.5	0	0	U1	102.0
6QX9	pre-B	1	RNU1-1	103	0	0	5.5	0	0	U1	103.0
6QX9	pre-B	1	RNU1-1	104	1	1	3.0227174859718384	0	0	U1	104.0
6QX9	pre-B	1	RNU1-1	105	5	1	1.6439054109041231	0	0	U1	105.0
6QX9	pre-B	1	RNU1-1	106	0	0	5.5	0	0	U1	106.0
6QX9	pre-B	1	RNU1-1	107	0	0	5.5	0	0	U1	107.0
6QX9	pre-B	1	RNU1-1	108	0	0	5.5	0	0	U1	108.0
6QX9	pre-B	1	RNU1-1	109	0	0	5.5	0	0	U1	109.0
6QX9	pre-B	1	RNU1-1	110	0	0	5.5	0	0	U1	110.0
6QX9	pre-B	1	RNU1-1	111	0	0	5.5	0	0	U1	111.0
6QX9	pre-B	1	RNU1-1	112	0	0	5.5	0	0	U1	112.0
6QX9	pre-B	1	RNU1-1	113	0	0	5.5	0	0	U1	113.0
6QX9	pre-B	1	RNU1-1	114	0	0	5.5	0	0	U1	114.0
6QX9	pre-B	1	RNU1-1	115	0	0	5.5	0	0	U1	115.0
6QX9	pre-B	1	RNU1-1	116	1	1	3.8986050069223506	0	0	U1	116.0
6QX9	pre-B	1	RNU1-1	117	2	1	3.580188263206308	0	0	U1	117.0
6QX9	pre-B	1	RNU1-1	118	6	2	1.1428923833852414	0	0	U1	118.0
6QX9	pre-B	1	RNU1-1	119	0	0	5.5	0	0	U1	119.0
6QX9	pre-B	1	RNU1-1	120	0	0	5.5	0	0	U1	120.0
6QX9	pre-B	1	RNU1-1	121	3	2	3.6983009612523587	0	0	U1	121.0
6QX9	pre-B	1	RNU1-1	122	3	2	3.277939596758917	0	0	U1	122.0
6QX9	pre-B	1	RNU1-1	123	5	1	0.6877601326043995	0	0	U1	123.0
6QX9	pre-B	1	RNU1-1	124	2	2	3.760410881805338	0	0	U1	124.0
6QX9	pre-B	1	RNU1-1	125	7	2	2.7285140644680435	0	0	U1	125.0
6QX9	pre-B	1	RNU1-1	126	7	2	2.7840980586179223	0	0	U1	126.0
6QX9	pre-B	1	RNU1-1	127	8	3	2.627230290629278	0	0	U1	127.0
6QX9	pre-B	1	RNU1-1	128	11	3	2.562634191608308	0	0	U1	128.0
6QX9	pre-B	1	RNU1-1	129	9	3	2.597227367790489	0	0	U1	129.0
6QX9	pre-B	1	RNU1-1	130	6	2	2.60241772204235	0	0	U1	130.0
6QX9	pre-B	1	RNU1-1	131	8	3	2.6771038455764105	0	0	U1	131.0
6QX9	pre-B	1	RNU1-1	132	8	4	2.458313649638696	0	0	U1	132.0
6QX9	pre-B	1	RNU1-1	133	9	3	2.7885168100622995	0	0	U1	133.0
6QX9	pre-B	1	RNU1-1	134	7	3	2.9975665130235236	0	0	U1	134.0
6QX9	pre-B	1	RNU1-1	135	11	3	2.6915337634887684	0	0	U1	135.0
6QX9	pre-B	1	RNU1-1	136	11	3	2.9466993399395243	0	0	U1	136.0
6QX9	pre-B	1	RNU1-1	137	5	1	0.5295564181463586	0	0	U1	137.0
6QX9	pre-B	1	RNU1-1	138	2	2	3.01875553829722	0	0	U1	138.0
6QX9	pre-B	1	RNU1-1	139	3	1	3.8673905931519483	0	0	U1	139.0
6QX9	pre-B	1	RNU1-1	140	4	1	2.5545028870603934	0	0	U1	140.0
6QX9	pre-B	1	RNU1-1	141	1	1	3.713845581065549	0	0	U1	141.0
6QX9	pre-B	1	RNU1-1	142	0	0	5.5	0	0	U1	142.0
6QX9	pre-B	1	RNU1-1	143	0	0	5.5	0	0	U1	143.0
6QX9	pre-B	1	RNU1-1	144	0	0	5.5	0	0	U1	144.0
6QX9	pre-B	1	RNU1-1	145	0	0	5.5	0	0	U1	145.0
6QX9	pre-B	1	RNU1-1	146	0	0	5.5	0	0	U1	146.0
6QX9	pre-B	1	RNU1-1	147	0	0	5.5	0	0	U1	147.0
6QX9	pre-B	1	RNU1-1	148	0	0	5.5	0	0	U1	148.0
6QX9	pre-B	1	RNU1-1	149	0	0	5.5	0	0	U1	149.0
6QX9	pre-B	1	RNU1-1	150	0	0	5.5	0	0	U1	150.0
6QX9	pre-B	1	RNU1-1	151	0	0	5.5	0	0	U1	151.0
6QX9	pre-B	1	RNU1-1	152	0	0	5.5	0	0	U1	152.0
6QX9	pre-B	1	RNU1-1	153	0	0	5.5	0	0	U1	153.0
6QX9	pre-B	1	RNU1-1	154	0	0	5.5	0	0	U1	154.0
6QX9	pre-B	1	RNU1-1	155	0	0	5.5	0	0	U1	155.0
6QX9	pre-B	1	RNU1-1	156	0	0	5.5	0	0	U1	156.0
6QX9	pre-B	1	RNU1-1	157	0	0	5.5	0	0	U1	157.0
6QX9	pre-B	1	RNU1-1	158	0	0	5.5	0	0	U1	158.0
6QX9	pre-B	1	RNU1-1	159	0	0	5.5	0	0	U1	159.0
6QX9	pre-B	1	RNU1-1	160	0	0	5.5	0	0	U1	160.0
6QX9	pre-B	1	RNU1-1	161	0	0	5.5	0	0	U1	161.0
6QX9	pre-B	1	RNU1-1	162	0	0	5.5	0	0	U1	162.0
6QX9	pre-B	1	RNU1-1	163	0	0	5.5	0	0	U1	163.0
6QX9	pre-B	1	RNU1-1	164	6	1	1.1149789235676248	0	0	U1	164.0
6QX9	pre-B	6	RNU6-7	41	0	0	5.5	3	0	U6	41.0
6QX9	pre-B	6	RNU6-7	42	0	0	5.5	2	0	U6	42.0
6QX9	pre-B	6	RNU6-7	43	0	0	5.5	2	0	U6	43.0
6QX9	pre-B	6	RNU6-7	44	0	0	5.5	2	0	U6	44.0
6QX9	pre-B	6	RNU6-7	45	0	0	5.5	2	0	U6	45.0
6QX9	pre-B	6	RNU6-7	46	4	2	2.820247861447648	2	0	U6	46.0
6QX9	pre-B	6	RNU6-7	47	2	1	3.5088439691727564	3	0	U6	47.0
6QX9	pre-B	6	RNU6-7	48	8	2	2.8077232769630145	0	0	U6	48.0
6QX9	pre-B	6	RNU6-7	49	4	1	2.9144242999261656	2	0	U6	49.0
6QX9	pre-B	6	RNU6-7	50	1	1	3.427672388079107	4	0	U6	50.0
6QX9	pre-B	6	RNU6-7	51	1	1	3.4173365359589623	2	0	U6	51.0
6QX9	pre-B	6	RNU6-7	52	2	2	4.018935306769684	2	0	U6	52.0
6QX9	pre-B	6	RNU6-7	53	6	2	2.4094418440792533	3	0	U6	53.0
6QX9	pre-B	6	RNU6-7	54	6	2	2.1344341170436767	3	0	U6	54.0
6QX9	pre-B	6	RNU6-7	55	5	1	2.9958786691053	2	0	U6	55.0
6QX9	pre-B	6	RNU6-7	56	3	2	3.1551584746253	2	0	U6	56.0
6QX9	pre-B	6	RNU6-7	57	3	1	3.066238901325221	2	0	U6	57.0
6QX9	pre-B	6	RNU6-7	58	3	2	2.3729121349093787	2	0	U6	58.0
6QX9	pre-B	6	RNU6-7	59	3	1	2.447325274662105	4	0	U6	59.0
6QX9	pre-B	6	RNU6-7	60	3	1	2.581963206554255	4	0	U6	60.0
6QX9	pre-B	6	RNU6-7	61	1	1	2.9632644161465045	2	0	U6	61.0
6QX9	pre-B	6	RNU6-7	62	0	0	5.5	3	0	U6	62.0
6QX9	pre-B	6	RNU6-7	63	3	1	3.553610136185462	2	0	U6	63.0
6QX9	pre-B	6	RNU6-7	64	2	1	1.9454670390423063	2	0	U6	64.0
6QX9	pre-B	6	RNU6-7	65	3	2	3.028534629156502	3	0	U6	65.0
6QX9	pre-B	6	RNU6-7	66	5	1	2.6454137672583244	2	0	U6	66.0
6QX9	pre-B	6	RNU6-7	67	3	1	2.879263968447496	3	0	U6	67.0
6QX9	pre-B	6	RNU6-7	68	2	1	2.3726274465242247	2	0	U6	68.0
6QX9	pre-B	6	RNU6-7	69	1	1	3.4628453618375463	3	0	U6	69.0
6QX9	pre-B	6	RNU6-7	70	3	1	2.5623598498259437	2	0	U6	70.0
6QX9	pre-B	6	RNU6-7	71	4	2	2.9055464202108547	2	0	U6	71.0
6QX9	pre-B	6	RNU6-7	72	4	2	3.353622817193376	3	0	U6	72.0
6QX9	pre-B	6	RNU6-7	73	2	2	3.0032151105106957	2	0	U6	73.0
6QX9	pre-B	6	RNU6-7	74	2	1	2.8569152945091068	2	0	U6	74.0
6QX9	pre-B	6	RNU6-7	75	2	1	3.1158592715333078	1	0	U6	75.0
6QX9	pre-B	6	RNU6-7	76	5	1	3.2607108120776522	0	0	U6	76.0
6QX9	pre-B	6	RNU6-7	77	3	1	2.8720377783030586	0	0	U6	77.0
6QX9	pre-B	6	RNU6-7	85	0	0	5.5	1	0	U6	85.0
6QX9	pre-B	6	RNU6-7	86	0	0	5.5	2	0	U6	86.0
6QX9	pre-B	6	RNU6-7	87	0	0	5.5	2	0	U6	87.0
6QX9	pre-B	6	RNU6-7	88	0	0	5.5	2	0	U6	88.0
6QX9	pre-B	6	RNU6-7	89	0	0	5.5	2	0	U6	89.0
6QX9	pre-B	6	RNU6-7	90	0	0	5.5	2	0	U6	90.0
6QX9	pre-B	6	RNU6-7	91	0	0	5.5	2	0	U6	91.0
6QX9	pre-B	6	RNU6-7	92	0	0	5.5	2	0	U6	92.0
6QX9	pre-B	6	RNU6-7	93	0	0	5.5	2	0	U6	93.0
6QX9	pre-B	6	RNU6-7	94	0	0	5.5	2	0	U6	94.0
6QX9	pre-B	6	RNU6-7	95	0	0	5.5	2	0	U6	95.0
6QX9	pre-B	6	RNU6-7	102	3	1	2.7298053044127224	0	0	U6	102.0
6QX9	pre-B	6	RNU6-7	103	9	3	1.8665942247848049	0	0	U6	103.0
6QX9	pre-B	6	RNU6-7	104	9	3	2.7830380881331918	0	0	U6	104.0
6QX9	pre-B	6	RNU6-7	105	8	3	2.483480823360658	0	0	U6	105.0
6QX9	pre-B	6	RNU6-7	106	10	4	2.343758519984555	0	0	U6	106.0
6QX9	pre-B	5	RNU5A-1	3	0	0	5.5	0	0	U5	3.0
6QX9	pre-B	5	RNU5A-1	4	0	0	5.5	0	0	U5	4.0
6QX9	pre-B	5	RNU5A-1	5	1	1	4.277790200559176	0	0	U5	5.0
6QX9	pre-B	5	RNU5A-1	6	3	1	2.6528891797434944	0	0	U5	6.0
6QX9	pre-B	5	RNU5A-1	7	2	1	1.7450389680462686	0	0	U5	7.0
6QX9	pre-B	5	RNU5A-1	8	1	1	4.19406413875612	0	0	U5	8.0
6QX9	pre-B	5	RNU5A-1	9	0	0	5.5	0	0	U5	9.0
6QX9	pre-B	5	RNU5A-1	10	0	0	5.5	0	0	U5	10.0
6QX9	pre-B	5	RNU5A-1	11	4	1	2.8653046958395385	0	0	U5	11.0
6QX9	pre-B	5	RNU5A-1	12	5	1	2.42811305338114	0	0	U5	12.0
6QX9	pre-B	5	RNU5A-1	13	2	1	3.229705249709336	0	0	U5	13.0
6QX9	pre-B	5	RNU5A-1	14	1	1	3.2385705179909188	0	0	U5	14.0
6QX9	pre-B	5	RNU5A-1	15	4	2	3.2232162508897866	0	0	U5	15.0
6QX9	pre-B	5	RNU5A-1	16	3	2	2.6017157800190205	0	0	U5	16.0
6QX9	pre-B	5	RNU5A-1	17	4	2	2.385976320083671	0	0	U5	17.0
6QX9	pre-B	5	RNU5A-1	18	5	2	2.5060927756170743	0	0	U5	18.0
6QX9	pre-B	5	RNU5A-1	19	4	2	3.1594667271550763	0	0	U5	19.0
6QX9	pre-B	5	RNU5A-1	20	4	1	3.5558049721546623	0	0	U5	20.0
6QX9	pre-B	5	RNU5A-1	21	0	0	5.5	0	0	U5	21.0
6QX9	pre-B	5	RNU5A-1	22	0	0	5.5	0	0	U5	22.0
6QX9	pre-B	5	RNU5A-1	23	5	1	2.66442188851539	0	0	U5	23.0
6QX9	pre-B	5	RNU5A-1	24	4	1	2.8864225262424874	0	0	U5	24.0
6QX9	pre-B	5	RNU5A-1	25	5	2	3.0586647413536427	0	0	U5	25.0
6QX9	pre-B	5	RNU5A-1	26	10	1	2.5007562856064234	0	0	U5	26.0
6QX9	pre-B	5	RNU5A-1	27	9	1	2.9899479928587263	0	0	U5	27.0
6QX9	pre-B	5	RNU5A-1	28	8	1	2.4864418352336504	0	0	U5	28.0
6QX9	pre-B	5	RNU5A-1	29	7	1	2.794592814704864	0	0	U5	29.0
6QX9	pre-B	5	RNU5A-1	30	4	1	2.4358466700513	0	0	U5	30.0
6QX9	pre-B	5	RNU5A-1	31	0	0	5.5	0	0	U5	31.0
6QX9	pre-B	5	RNU5A-1	32	0	0	5.5	0	0	U5	32.0
6QX9	pre-B	5	RNU5A-1	33	0	0	5.5	0	0	U5	33.0
6QX9	pre-B	5	RNU5A-1	34	0	0	5.5	0	0	U5	34.0
6QX9	pre-B	5	RNU5A-1	35	1	1	2.9819411463005343	0	0	U5	35.0
6QX9	pre-B	5	RNU5A-1	36	1	1	3.4770788026732995	0	0	U5	36.0
6QX9	pre-B	5	RNU5A-1	37	0	0	5.5	0	0	U5	37.0
6QX9	pre-B	5	RNU5A-1	38	0	0	5.5	0	0	U5	38.0
6QX9	pre-B	5	RNU5A-1	44	0	0	5.5	0	0	U5	44.0
6QX9	pre-B	5	RNU5A-1	45	8	2	1.91847595762887	0	0	U5	45.0
6QX9	pre-B	5	RNU5A-1	46	5	2	2.939498086408621	0	0	U5	46.0
6QX9	pre-B	5	RNU5A-1	47	3	2	3.2418977466909764	0	0	U5	47.0
6QX9	pre-B	5	RNU5A-1	48	7	1	2.874191886426519	0	0	U5	48.0
6QX9	pre-B	5	RNU5A-1	49	5	1	2.8838401481358216	0	0	U5	49.0
6QX9	pre-B	5	RNU5A-1	50	2	1	3.470231836635705	0	0	U5	50.0
6QX9	pre-B	5	RNU5A-1	51	2	2	3.8145246099612553	0	0	U5	51.0
6QX9	pre-B	5	RNU5A-1	52	3	2	3.243354128059413	0	0	U5	52.0
6QX9	pre-B	5	RNU5A-1	53	5	2	3.016909842869039	0	0	U5	53.0
6QX9	pre-B	5	RNU5A-1	54	4	2	3.1850731545758904	0	0	U5	54.0
6QX9	pre-B	5	RNU5A-1	55	6	2	2.6542047773297415	0	0	U5	55.0
6QX9	pre-B	5	RNU5A-1	56	8	2	2.566629112279395	0	0	U5	56.0
6QX9	pre-B	5	RNU5A-1	57	8	1	2.7328340600922125	0	0	U5	57.0
6QX9	pre-B	5	RNU5A-1	58	5	1	3.041375511179121	0	0	U5	58.0
6QX9	pre-B	5	RNU5A-1	59	4	1	3.254225099774143	0	0	U5	59.0
6QX9	pre-B	5	RNU5A-1	60	2	1	3.3433163176702223	0	0	U5	60.0
6QX9	pre-B	5	RNU5A-1	61	1	1	3.9954565446266503	0	0	U5	61.0
6QX9	pre-B	5	RNU5A-1	62	0	0	5.5	0	0	U5	62.0
6QX9	pre-B	5	RNU5A-1	63	1	1	2.9502725297843355	0	0	U5	63.0
6QX9	pre-B	5	RNU5A-1	64	2	2	3.802679055613292	0	0	U5	64.0
6QX9	pre-B	5	RNU5A-1	65	0	0	5.5	0	0	U5	65.0
6QX9	pre-B	5	RNU5A-1	66	0	0	5.5	0	0	U5	66.0
6QX9	pre-B	5	RNU5A-1	67	0	0	5.5	0	0	U5	67.0
6QX9	pre-B	5	RNU5A-1	68	0	0	5.5	0	0	U5	68.0
6QX9	pre-B	5	RNU5A-1	69	0	0	5.5	0	0	U5	69.0
6QX9	pre-B	5	RNU5A-1	70	0	0	5.5	0	0	U5	70.0
6QX9	pre-B	5	RNU5A-1	71	0	0	5.5	0	0	U5	71.0
6QX9	pre-B	5	RNU5A-1	72	1	1	2.3878756249017585	0	0	U5	72.0
6QX9	pre-B	5	RNU5A-1	73	1	1	3.3839246445510667	0	0	U5	73.0
6QX9	pre-B	5	RNU5A-1	74	2	1	3.644052963391189	0	0	U5	74.0
6QX9	pre-B	5	RNU5A-1	75	0	0	5.5	0	0	U5	75.0
6QX9	pre-B	5	RNU5A-1	76	1	1	4.163517863537989	0	0	U5	76.0
6QX9	pre-B	5	RNU5A-1	77	3	1	1.1049936651402215	0	0	U5	77.0
6QX9	pre-B	5	RNU5A-1	78	2	1	2.197562740856328	0	0	U5	78.0
6QX9	pre-B	5	RNU5A-1	85	3	1	3.267493840851116	0	0	U5	85.0
6QX9	pre-B	5	RNU5A-1	86	1	1	4.146615125617519	0	0	U5	86.0
6QX9	pre-B	5	RNU5A-1	87	8	2	2.585078915623274	0	0	U5	87.0
6QX9	pre-B	5	RNU5A-1	88	9	3	2.3949308967066285	0	0	U5	88.0
6QX9	pre-B	5	RNU5A-1	89	9	3	2.4846361906725942	0	0	U5	89.0
6QX9	pre-B	5	RNU5A-1	90	11	3	2.491557143635294	0	0	U5	90.0
6QX9	pre-B	5	RNU5A-1	91	9	3	2.4183521248982625	0	0	U5	91.0
6QX9	pre-B	5	RNU5A-1	92	10	3	2.522769509883927	0	0	U5	92.0
6QX9	pre-B	5	RNU5A-1	93	9	3	2.2953095651785222	0	0	U5	93.0
6QX9	pre-B	5	RNU5A-1	94	7	3	2.5379661148250117	0	0	U5	94.0
6QX9	pre-B	5	RNU5A-1	95	7	2	2.526739796654974	0	0	U5	95.0
6QX9	pre-B	5	RNU5A-1	96	3	2	2.849483637433294	0	0	U5	96.0
6QX9	pre-B	5	RNU5A-1	97	5	2	3.7756045873475577	0	0	U5	97.0
6QX9	pre-B	5	RNU5A-1	98	0	0	5.5	0	0	U5	98.0
6QX9	pre-B	5	RNU5A-1	99	2	1	3.2902683781114255	0	0	U5	99.0
6QX9	pre-B	5	RNU5A-1	100	0	0	5.5	0	0	U5	100.0
6QX9	pre-B	5	RNU5A-1	101	0	0	5.5	0	0	U5	101.0
6QX9	pre-B	5	RNU5A-1	102	0	0	5.5	0	0	U5	102.0
6QX9	pre-B	5	RNU5A-1	103	0	0	5.5	0	0	U5	103.0
6QX9	pre-B	5	RNU5A-1	104	0	0	5.5	0	0	U5	104.0
6QX9	pre-B	5	RNU5A-1	105	0	0	5.5	0	0	U5	105.0
6QX9	pre-B	5	RNU5A-1	106	1	1	4.277046761493267	0	0	U5	106.0
6QX9	pre-B	5	RNU5A-1	107	0	0	5.5	0	0	U5	107.0
6QX9	pre-B	5	RNU5A-1	108	0	0	5.5	0	0	U5	108.0
6QX9	pre-B	5	RNU5A-1	109	1	1	2.4788961252944897	0	0	U5	109.0
6QX9	pre-B	5	RNU5A-1	110	2	1	2.907313192623036	0	0	U5	110.0
6QX9	pre-B	5	RNU5A-1	111	1	1	3.569253283251261	0	0	U5	111.0
6QX9	pre-B	5	RNU5A-1	112	0	0	5.5	0	0	U5	112.0
6QX9	pre-B	5	RNU5A-1	113	1	1	3.2147995271867154	0	0	U5	113.0
6QX9	pre-B	5	RNU5A-1	114	1	1	4.077223810388652	0	0	U5	114.0
6QX9	pre-B	5	RNU5A-1	115	0	0	5.5	0	0	U5	115.0
6QX9	pre-B	5	RNU5A-1	116	2	1	3.3102543708905556	0	0	U5	116.0
6QX9	pre-B	2	RNU2-1	3	0	0	5.5	1	0	U2	3.0
6QX9	pre-B	2	RNU2-1	4	0	0	5.5	2	0	U2	4.0
6QX9	pre-B	2	RNU2-1	5	0	0	5.5	2	0	U2	5.0
6QX9	pre-B	2	RNU2-1	6	0	0	5.5	2	0	U2	6.0
6QX9	pre-B	2	RNU2-1	7	0	0	5.5	2	0	U2	7.0
6QX9	pre-B	2	RNU2-1	8	0	0	5.5	2	0	U2	8.0
6QX9	pre-B	2	RNU2-1	9	0	0	5.5	2	0	U2	9.0
6QX9	pre-B	2	RNU2-1	10	0	0	5.5	2	0	U2	10.0
6QX9	pre-B	2	RNU2-1	11	0	0	5.5	2	0	U2	11.0
6QX9	pre-B	2	RNU2-1	12	0	0	5.5	2	0	U2	12.0
6QX9	pre-B	2	RNU2-1	13	0	0	5.5	2	0	U2	13.0
6QX9	pre-B	2	RNU2-1	32	1	1	4.38757769161981	0	1	U2	32.0
6QX9	pre-B	2	RNU2-1	33	2	2	2.8275418652956654	0	2	U2	33.0
6QX9	pre-B	2	RNU2-1	34	3	2	3.4024867376670387	0	2	U2	34.0
6QX9	pre-B	2	RNU2-1	35	6	2	2.8756573161626777	0	2	U2	35.0
6QX9	pre-B	2	RNU2-1	36	4	1	3.255339460025677	0	2	U2	36.0
6QX9	pre-B	2	RNU2-1	37	4	1	2.4557900968934683	0	2	U2	37.0
6QX9	pre-B	2	RNU2-1	38	4	2	3.6678946277122155	0	3	U2	38.0
6QX9	pre-B	2	RNU2-1	39	5	2	2.847740507841247	0	2	U2	39.0
6QX9	pre-B	2	RNU2-1	40	7	2	2.607687289534555	0	2	U2	40.0
6QX9	pre-B	2	RNU2-1	41	4	1	2.590374490300556	0	2	U2	41.0
6QX9	pre-B	2	RNU2-1	42	2	1	3.258580979506266	0	3	U2	42.0
6QX9	pre-B	2	RNU2-1	43	0	0	5.5	0	3	U2	43.0
6QX9	pre-B	2	RNU2-1	44	1	1	4.3886257530119686	0	2	U2	44.0
6QX9	pre-B	2	RNU2-1	45	2	1	3.15494041148163	0	1	U2	45.0
6QX9	pre-B	2	RNU2-1	46	2	1	3.850615924758024	0	0	U2	46.0
6QX9	pre-B	2	RNU2-1	47	0	0	5.5	0	0	U2	47.0
6QX9	pre-B	2	RNU2-1	48	0	0	5.5	0	0	U2	48.0
6QX9	pre-B	2	RNU2-1	49	0	0	5.5	0	0	U2	49.0
6QX9	pre-B	2	RNU2-1	50	0	0	5.5	0	0	U2	50.0
6QX9	pre-B	2	RNU2-1	51	0	0	5.5	0	0	U2	51.0
6QX9	pre-B	2	RNU2-1	52	0	0	5.5	0	0	U2	52.0
6QX9	pre-B	2	RNU2-1	53	0	0	5.5	0	0	U2	53.0
6QX9	pre-B	2	RNU2-1	54	0	0	5.5	0	0	U2	54.0
6QX9	pre-B	2	RNU2-1	55	0	0	5.5	0	0	U2	55.0
6QX9	pre-B	2	RNU2-1	56	8	2	2.453495873238819	0	0	U2	56.0
6QX9	pre-B	2	RNU2-1	57	3	1	3.7824000317258686	0	0	U2	57.0
6QX9	pre-B	2	RNU2-1	58	1	1	3.7770407728802438	0	0	U2	58.0
6QX9	pre-B	2	RNU2-1	59	1	1	3.841540576383398	0	0	U2	59.0
6QX9	pre-B	2	RNU2-1	60	0	0	5.5	0	0	U2	60.0
6QX9	pre-B	2	RNU2-1	61	0	0	5.5	0	0	U2	61.0
6QX9	pre-B	2	RNU2-1	62	0	0	5.5	0	0	U2	62.0
6QX9	pre-B	2	RNU2-1	63	0	0	5.5	0	0	U2	63.0
6QX9	pre-B	2	RNU2-1	64	0	0	5.5	0	0	U2	64.0
6QX9	pre-B	2	RNU2-1	65	0	0	5.5	0	0	U2	65.0
6QX9	pre-B	2	RNU2-1	66	7	3	2.7583397180187887	0	0	U2	66.0
6QX9	pre-B	2	RNU2-1	98	7	3	2.4360677330484926	0	0	U2	98.0
6QX9	pre-B	2	RNU2-1	99	7	2	2.4954907333027965	0	0	U2	99.0
6QX9	pre-B	2	RNU2-1	100	8	3	2.573792143899722	0	0	U2	100.0
6QX9	pre-B	2	RNU2-1	101	12	3	2.486533530841665	0	0	U2	101.0
6QX9	pre-B	2	RNU2-1	102	9	3	2.333429664678105	0	0	U2	102.0
6QX9	pre-B	2	RNU2-1	103	10	3	2.614250944343338	0	0	U2	103.0
6QX9	pre-B	2	RNU2-1	104	9	3	2.3786550821840358	0	0	U2	104.0
6QX9	pre-B	2	RNU2-1	105	9	4	2.5373974856139814	0	0	U2	105.0
6QX9	pre-B	2	RNU2-1	106	8	3	2.927178163351172	0	0	U2	106.0
6QX9	pre-B	2	RNU2-1	107	2	2	3.233116607856905	0	0	U2	107.0
6QX9	pre-B	2	RNU2-1	147	0	0	5.5	0	0	U2	147.0
6QX9	pre-B	2	RNU2-1	148	0	0	5.5	0	0	U2	148.0
6QX9	pre-B	2	RNU2-1	149	1	1	4.117987493910092	0	0	U2	149.0
6QX9	pre-B	2	RNU2-1	150	3	1	2.5868175428506612	0	0	U2	150.0
6QX9	pre-B	2	RNU2-1	151	3	1	3.272297205328384	0	0	U2	151.0
6QX9	pre-B	2	RNU2-1	152	0	0	5.5	0	0	U2	152.0
6QX9	pre-B	2	RNU2-1	153	1	1	3.333432765183674	0	0	U2	153.0
6QX9	pre-B	2	RNU2-1	154	1	1	4.456754424466304	0	0	U2	154.0
6QX9	pre-B	2	RNU2-1	155	4	1	3.2741059848453347	0	0	U2	155.0
6QX9	pre-B	2	RNU2-1	156	3	1	2.9733946929393364	0	0	U2	156.0
6QX9	pre-B	2	RNU2-1	157	1	1	3.378574107519313	0	0	U2	157.0
6QX9	pre-B	2	RNU2-1	158	0	0	5.5	0	0	U2	158.0
6QX9	pre-B	2	RNU2-1	159	1	1	4.265435616675031	0	0	U2	159.0
6QX9	pre-B	2	RNU2-1	160	3	1	3.357823997770023	0	0	U2	160.0
6QX9	pre-B	2	RNU2-1	161	3	1	2.7902971167959847	0	0	U2	161.0
6QX9	pre-B	2	RNU2-1	162	3	1	2.393729725762695	0	0	U2	162.0
6QX9	pre-B	2	RNU2-1	163	9	1	2.848151856906496	0	0	U2	163.0
6QX9	pre-B	2	RNU2-1	164	9	1	2.8011415530101256	0	0	U2	164.0
6QX9	pre-B	2	RNU2-1	165	9	1	2.4043452331144413	0	0	U2	165.0
6QX9	pre-B	2	RNU2-1	166	5	1	3.1508529004064947	0	0	U2	166.0
6QX9	pre-B	2	RNU2-1	167	6	1	3.070028338631396	0	0	U2	167.0
6QX9	pre-B	2	RNU2-1	168	4	1	2.7160609345152964	0	0	U2	168.0
6QX9	pre-B	2	RNU2-1	169	1	1	2.760442174724925	0	0	U2	169.0
6QX9	pre-B	2	RNU2-1	170	4	1	2.828296130181553	0	0	U2	170.0
6QX9	pre-B	2	RNU2-1	171	5	1	2.6296165119651747	0	0	U2	171.0
6QX9	pre-B	2	RNU2-1	172	1	1	2.9905785393465316	0	0	U2	172.0
6QX9	pre-B	2	RNU2-1	173	0	0	5.5	0	0	U2	173.0
6QX9	pre-B	2	RNU2-1	174	0	0	5.5	0	0	U2	174.0
6QX9	pre-B	2	RNU2-1	175	0	0	5.5	0	0	U2	175.0
6QX9	pre-B	2	RNU2-1	176	0	0	5.5	0	0	U2	176.0
6QX9	pre-B	2	RNU2-1	177	0	0	5.5	0	0	U2	177.0
6QX9	pre-B	2	RNU2-1	178	0	0	5.5	0	0	U2	178.0
6QX9	pre-B	2	RNU2-1	179	0	0	5.5	0	0	U2	179.0
6QX9	pre-B	2	RNU2-1	180	2	1	4.009726923370209	0	0	U2	180.0
6QX9	pre-B	2	RNU2-1	181	7	2	2.735007495419336	0	0	U2	181.0
6QX9	pre-B	2	RNU2-1	182	6	2	2.3633776676612483	0	0	U2	182.0
6QX9	pre-B	2	RNU2-1	183	1	1	3.434376362602094	0	0	U2	183.0
6QX9	pre-B	2	RNU2-1	184	0	0	5.5	0	0	U2	184.0
6QX9	pre-B	4	RNU4-2	1	1	1	3.7474333883339432	2	0	U4	1.0
6QX9	pre-B	4	RNU4-2	2	2	1	3.800737033787025	3	0	U4	2.0
6QX9	pre-B	4	RNU4-2	3	1	1	4.278320347987047	2	0	U4	3.0
6QX9	pre-B	4	RNU4-2	4	1	1	2.6247076027626237	2	0	U4	4.0
6QX9	pre-B	4	RNU4-2	5	5	2	2.9732576410395235	3	0	U4	5.0
6QX9	pre-B	4	RNU4-2	6	4	2	2.7452121958056575	2	0	U4	6.0
6QX9	pre-B	4	RNU4-2	7	3	2	3.536924370127233	3	0	U4	7.0
6QX9	pre-B	4	RNU4-2	8	2	1	3.7801355795791456	2	0	U4	8.0
6QX9	pre-B	4	RNU4-2	9	3	1	3.21442887617695	3	0	U4	9.0
6QX9	pre-B	4	RNU4-2	10	3	1	3.1599052200976065	2	0	U4	10.0
6QX9	pre-B	4	RNU4-2	11	2	1	2.4595180422188627	2	0	U4	11.0
6QX9	pre-B	4	RNU4-2	12	3	1	3.276330416792568	3	0	U4	12.0
6QX9	pre-B	4	RNU4-2	13	2	1	2.381569440516062	2	0	U4	13.0
6QX9	pre-B	4	RNU4-2	14	1	1	4.1945857959993935	2	0	U4	14.0
6QX9	pre-B	4	RNU4-2	15	1	1	3.4658310691665184	3	0	U4	15.0
6QX9	pre-B	4	RNU4-2	16	0	0	5.5	2	0	U4	16.0
6QX9	pre-B	4	RNU4-2	17	2	1	1.4471606683433473	2	0	U4	17.0
6QX9	pre-B	4	RNU4-2	18	3	1	3.0845231398062207	0	0	U4	18.0
6QX9	pre-B	4	RNU4-2	19	1	1	4.497303636624942	0	0	U4	19.0
6QX9	pre-B	4	RNU4-2	20	0	0	5.5	0	0	U4	20.0
6QX9	pre-B	4	RNU4-2	21	0	0	5.5	2	0	U4	21.0
6QX9	pre-B	4	RNU4-2	22	1	1	3.595705355003386	1	0	U4	22.0
6QX9	pre-B	4	RNU4-2	23	5	2	2.863126438004453	0	0	U4	23.0
6QX9	pre-B	4	RNU4-2	24	3	2	3.588100611744308	0	0	U4	24.0
6QX9	pre-B	4	RNU4-2	25	3	1	3.490859206556452	0	0	U4	25.0
6QX9	pre-B	4	RNU4-2	26	0	0	5.5	0	0	U4	26.0
6QX9	pre-B	4	RNU4-2	27	1	1	3.4405678310418337	0	0	U4	27.0
6QX9	pre-B	4	RNU4-2	28	2	1	3.3828453999554826	0	0	U4	28.0
6QX9	pre-B	4	RNU4-2	29	4	2	2.9208954106575034	0	0	U4	29.0
6QX9	pre-B	4	RNU4-2	30	8	1	2.873163587406723	0	0	U4	30.0
6QX9	pre-B	4	RNU4-2	31	12	2	2.5231589327666084	0	0	U4	31.0
6QX9	pre-B	4	RNU4-2	32	8	2	2.370600978654982	0	0	U4	32.0
6QX9	pre-B	4	RNU4-2	33	2	1	4.012537725679351	0	0	U4	33.0
6QX9	pre-B	4	RNU4-2	34	2	1	3.4060707567518342	0	0	U4	34.0
6QX9	pre-B	4	RNU4-2	35	3	1	3.142716022805749	0	0	U4	35.0
6QX9	pre-B	4	RNU4-2	36	2	1	3.314640553664897	0	0	U4	36.0
6QX9	pre-B	4	RNU4-2	37	1	1	3.180801314134545	0	0	U4	37.0
6QX9	pre-B	4	RNU4-2	38	1	1	3.6430730160127114	0	0	U4	38.0
6QX9	pre-B	4	RNU4-2	39	4	2	2.996899397710916	0	0	U4	39.0
6QX9	pre-B	4	RNU4-2	40	9	2	3.105979555631353	0	0	U4	40.0
6QX9	pre-B	4	RNU4-2	41	7	3	2.7096269115876668	0	0	U4	41.0
6QX9	pre-B	4	RNU4-2	42	3	2	2.5387071512878574	0	0	U4	42.0
6QX9	pre-B	4	RNU4-2	43	3	2	2.5990332818184343	0	0	U4	43.0
6QX9	pre-B	4	RNU4-2	44	1	1	4.2334392637665115	0	0	U4	44.0
6QX9	pre-B	4	RNU4-2	45	0	0	5.5	0	0	U4	45.0
6QX9	pre-B	4	RNU4-2	46	0	0	5.5	0	0	U4	46.0
6QX9	pre-B	4	RNU4-2	47	0	0	5.5	0	0	U4	47.0
6QX9	pre-B	4	RNU4-2	48	0	0	5.5	0	0	U4	48.0
6QX9	pre-B	4	RNU4-2	49	0	0	5.5	0	0	U4	49.0
6QX9	pre-B	4	RNU4-2	50	0	0	5.5	0	0	U4	50.0
6QX9	pre-B	4	RNU4-2	51	1	1	3.1291725743397305	0	0	U4	51.0
6QX9	pre-B	4	RNU4-2	52	2	1	2.774007209795955	0	0	U4	52.0
6QX9	pre-B	4	RNU4-2	55	4	2	3.6648587967341912	2	0	U4	55.0
6QX9	pre-B	4	RNU4-2	56	4	2	2.6416884751991163	2	0	U4	56.0
6QX9	pre-B	4	RNU4-2	57	4	2	3.2696733781831844	3	0	U4	57.0
6QX9	pre-B	4	RNU4-2	58	2	1	3.8973254932068597	3	0	U4	58.0
6QX9	pre-B	4	RNU4-2	59	1	1	3.838804501404037	2	0	U4	59.0
6QX9	pre-B	4	RNU4-2	60	3	2	2.8801850634985486	2	0	U4	60.0
6QX9	pre-B	4	RNU4-2	61	2	2	2.7342284103563648	3	0	U4	61.0
6QX9	pre-B	4	RNU4-2	62	2	1	3.316664589614058	2	0	U4	62.0
6QX9	pre-B	4	RNU4-2	63	3	2	2.647152998978352	1	0	U4	63.0
6QX9	pre-B	4	RNU4-2	64	5	2	3.328326005667133	1	0	U4	64.0
6QX9	pre-B	4	RNU4-2	65	8	2	2.834400289302827	0	0	U4	65.0
6QX9	pre-B	4	RNU4-2	66	6	1	2.7437075281450984	1	0	U4	66.0
6QX9	pre-B	4	RNU4-2	67	3	1	2.40557539894304	3	0	U4	67.0
6QX9	pre-B	4	RNU4-2	68	7	2	2.6143285944961083	1	0	U4	68.0
6QX9	pre-B	4	RNU4-2	69	8	1	2.949092402757147	0	0	U4	69.0
6QX9	pre-B	4	RNU4-2	72	7	1	2.600539174863549	0	0	U4	72.0
6QX9	pre-B	4	RNU4-2	73	0	0	5.5	1	0	U4	73.0
6QX9	pre-B	4	RNU4-2	74	1	1	3.017889660010782	2	0	U4	74.0
6QX9	pre-B	4	RNU4-2	75	1	1	4.051639914898627	2	0	U4	75.0
6QX9	pre-B	4	RNU4-2	76	1	1	3.482889748470369	2	0	U4	76.0
6QX9	pre-B	4	RNU4-2	77	0	0	5.5	2	0	U4	77.0
6QX9	pre-B	4	RNU4-2	78	0	0	5.5	2	0	U4	78.0
6QX9	pre-B	4	RNU4-2	79	0	0	5.5	1	0	U4	79.0
6QX9	pre-B	4	RNU4-2	80	0	0	5.5	1	0	U4	80.0
6QX9	pre-B	4	RNU4-2	85	4	2	2.9920589900602077	0	0	U4	85.0
6QX9	pre-B	4	RNU4-2	86	1	1	3.9027673515084436	0	0	U4	86.0
6QX9	pre-B	4	RNU4-2	87	0	0	5.5	0	0	U4	87.0
6QX9	pre-B	4	RNU4-2	88	0	0	5.5	0	0	U4	88.0
6QX9	pre-B	4	RNU4-2	89	0	0	5.5	0	0	U4	89.0
6QX9	pre-B	4	RNU4-2	90	0	0	5.5	0	0	U4	90.0
6QX9	pre-B	4	RNU4-2	91	0	0	5.5	0	0	U4	91.0
6QX9	pre-B	4	RNU4-2	92	0	0	5.5	0	0	U4	92.0
6QX9	pre-B	4	RNU4-2	93	0	0	5.5	0	0	U4	93.0
6QX9	pre-B	4	RNU4-2	94	0	0	5.5	0	0	U4	94.0
6QX9	pre-B	4	RNU4-2	95	0	0	5.5	0	0	U4	95.0
6QX9	pre-B	4	RNU4-2	104	0	0	5.5	0	0	U4	104.0
6QX9	pre-B	4	RNU4-2	105	0	0	5.5	0	0	U4	105.0
6QX9	pre-B	4	RNU4-2	106	0	0	5.5	0	0	U4	106.0
6QX9	pre-B	4	RNU4-2	107	0	0	5.5	0	0	U4	107.0
6QX9	pre-B	4	RNU4-2	108	0	0	5.5	0	0	U4	108.0
6QX9	pre-B	4	RNU4-2	109	1	1	4.3055250550890936	0	0	U4	109.0
6QX9	pre-B	4	RNU4-2	110	0	0	5.5	0	0	U4	110.0
6QX9	pre-B	4	RNU4-2	111	0	0	5.5	0	0	U4	111.0
6QX9	pre-B	4	RNU4-2	112	0	0	5.5	0	0	U4	112.0
6QX9	pre-B	4	RNU4-2	113	0	0	5.5	0	0	U4	113.0
6QX9	pre-B	4	RNU4-2	114	0	0	5.5	0	0	U4	114.0
6QX9	pre-B	4	RNU4-2	115	0	0	5.5	0	0	U4	115.0
6QX9	pre-B	4	RNU4-2	116	3	1	2.543151784695526	0	0	U4	116.0
6QX9	pre-B	4	RNU4-2	117	7	3	3.1274184241959095	0	0	U4	117.0
6QX9	pre-B	4	RNU4-2	118	11	3	2.484827156966858	0	0	U4	118.0
6QX9	pre-B	4	RNU4-2	119	11	3	2.4314699257856325	0	0	U4	119.0
6QX9	pre-B	4	RNU4-2	120	9	3	2.5311376888664094	0	0	U4	120.0
6QX9	pre-B	4	RNU4-2	121	12	3	2.6556771264594485	0	0	U4	121.0
6QX9	pre-B	4	RNU4-2	122	9	4	2.318367313434157	0	0	U4	122.0
6QX9	pre-B	4	RNU4-2	123	10	3	2.3809567404722127	0	0	U4	123.0
6QX9	pre-B	4	RNU4-2	124	9	4	2.319618503116391	0	0	U4	124.0
6QX9	pre-B	4	RNU4-2	125	8	3	2.436214686763062	0	0	U4	125.0
6QX9	pre-B	4	RNU4-2	126	8	3	2.4129492327854876	0	0	U4	126.0
6QX9	pre-B	4	RNU4-2	127	3	3	2.5061791635875	0	0	U4	127.0
6QX9	pre-B	4	RNU4-2	128	5	3	2.876471623360869	0	0	U4	128.0
6QX9	pre-B	4	RNU4-2	129	2	1	2.953405153378058	0	0	U4	129.0
6QX9	pre-B	4	RNU4-2	130	0	0	5.5	0	0	U4	130.0
6QX9	pre-B	4	RNU4-2	131	1	1	3.2410692680039794	0	0	U4	131.0
6QX9	pre-B	4	RNU4-2	132	1	1	3.2403118677065823	0	0	U4	132.0
6QX9	pre-B	4	RNU4-2	133	0	0	5.5	0	0	U4	133.0
6QX9	pre-B	4	RNU4-2	138	3	1	3.3622941572682503	0	0	U4	138.0
6QX9	pre-B	4	RNU4-2	139	2	2	3.0511332320959283	0	0	U4	139.0
6QX9	pre-B	4	RNU4-2	140	2	1	2.9239399788641416	0	0	U4	140.0
6QX9	pre-B	4	RNU4-2	141	0	0	5.5	0	0	U4	141.0
6Y5Q	U2-snRNP	2	RNU2-1	12	1	1	3.5854869962112628	0	0	U2	12.0
6Y5Q	U2-snRNP	2	RNU2-1	13	0	0	5.5	0	0	U2	13.0
6Y5Q	U2-snRNP	2	RNU2-1	14	0	0	5.5	0	0	U2	14.0
6Y5Q	U2-snRNP	2	RNU2-1	19	0	0	5.5	0	0	U2	19.0
6Y5Q	U2-snRNP	2	RNU2-1	20	0	0	5.5	0	0	U2	20.0
6Y5Q	U2-snRNP	2	RNU2-1	21	0	0	5.5	0	0	U2	21.0
6Y5Q	U2-snRNP	2	RNU2-1	22	1	1	3.9647673323916295	0	0	U2	22.0
6Y5Q	U2-snRNP	2	RNU2-1	23	0	0	5.5	0	0	U2	23.0
6Y5Q	U2-snRNP	2	RNU2-1	24	2	1	3.252610490052574	0	0	U2	24.0
6Y5Q	U2-snRNP	2	RNU2-1	25	1	1	4.180664181682147	0	0	U2	25.0
6Y5Q	U2-snRNP	2	RNU2-1	26	0	0	5.5	0	0	U2	26.0
6Y5Q	U2-snRNP	2	RNU2-1	27	0	0	5.5	0	0	U2	27.0
6Y5Q	U2-snRNP	2	RNU2-1	28	0	0	5.5	0	0	U2	28.0
6Y5Q	U2-snRNP	2	RNU2-1	29	0	0	5.5	0	0	U2	29.0
6Y5Q	U2-snRNP	2	RNU2-1	30	0	0	5.5	0	0	U2	30.0
6Y5Q	U2-snRNP	2	RNU2-1	31	0	0	5.5	0	0	U2	31.0
6Y5Q	U2-snRNP	2	RNU2-1	32	1	1	4.318116487544062	0	0	U2	32.0
6Y5Q	U2-snRNP	2	RNU2-1	33	0	0	5.5	0	0	U2	33.0
6Y5Q	U2-snRNP	2	RNU2-1	34	1	1	4.080612208970589	0	0	U2	34.0
6Y5Q	U2-snRNP	2	RNU2-1	35	4	2	3.353739107324843	0	0	U2	35.0
6Y5Q	U2-snRNP	2	RNU2-1	36	3	2	4.020881868446261	0	0	U2	36.0
6Y5Q	U2-snRNP	2	RNU2-1	37	0	0	5.5	0	0	U2	37.0
6Y5Q	U2-snRNP	2	RNU2-1	38	0	0	5.5	0	0	U2	38.0
6Y5Q	U2-snRNP	2	RNU2-1	39	0	0	5.5	0	0	U2	39.0
6Y5Q	U2-snRNP	2	RNU2-1	40	0	0	5.5	0	0	U2	40.0
6Y5Q	U2-snRNP	2	RNU2-1	41	0	0	5.5	0	0	U2	41.0
6Y5Q	U2-snRNP	2	RNU2-1	42	0	0	5.5	0	0	U2	42.0
6Y5Q	U2-snRNP	2	RNU2-1	43	0	0	5.5	0	0	U2	43.0
6Y5Q	U2-snRNP	2	RNU2-1	44	0	0	5.5	0	0	U2	44.0
6Y5Q	U2-snRNP	2	RNU2-1	45	1	1	4.462532128735885	0	0	U2	45.0
6Y5Q	U2-snRNP	2	RNU2-1	46	2	1	3.6612742317395495	0	0	U2	46.0
6Y5Q	U2-snRNP	2	RNU2-1	47	0	0	5.5	0	0	U2	47.0
6Y5Q	U2-snRNP	2	RNU2-1	48	0	0	5.5	0	0	U2	48.0
6Y5Q	U2-snRNP	2	RNU2-1	49	0	0	5.5	0	0	U2	49.0
6Y5Q	U2-snRNP	2	RNU2-1	50	0	0	5.5	0	0	U2	50.0
6Y5Q	U2-snRNP	2	RNU2-1	51	0	0	5.5	0	0	U2	51.0
6Y5Q	U2-snRNP	2	RNU2-1	52	0	0	5.5	0	0	U2	52.0
6Y5Q	U2-snRNP	2	RNU2-1	53	0	0	5.5	0	0	U2	53.0
6Y5Q	U2-snRNP	2	RNU2-1	54	0	0	5.5	0	0	U2	54.0
6Y5Q	U2-snRNP	2	RNU2-1	55	0	0	5.5	0	0	U2	55.0
6Y5Q	U2-snRNP	2	RNU2-1	56	8	2	2.2614820361877794	0	0	U2	56.0
6Y5Q	U2-snRNP	2	RNU2-1	57	0	0	5.5	0	0	U2	57.0
6Y5Q	U2-snRNP	2	RNU2-1	58	1	1	3.9215289110243514	0	0	U2	58.0
6Y5Q	U2-snRNP	2	RNU2-1	59	1	1	4.352930162545681	0	0	U2	59.0
6Y5Q	U2-snRNP	2	RNU2-1	60	0	0	5.5	0	0	U2	60.0
6Y5Q	U2-snRNP	2	RNU2-1	61	0	0	5.5	0	0	U2	61.0
6Y5Q	U2-snRNP	2	RNU2-1	62	0	0	5.5	0	0	U2	62.0
6Y5Q	U2-snRNP	2	RNU2-1	63	0	0	5.5	0	0	U2	63.0
6Y5Q	U2-snRNP	2	RNU2-1	64	0	0	5.5	0	0	U2	64.0
6Y5Q	U2-snRNP	2	RNU2-1	65	0	0	5.5	0	0	U2	65.0
6Y5Q	U2-snRNP	2	RNU2-1	69	0	0	5.5	0	0	U2	69.0
6Y5Q	U2-snRNP	2	RNU2-1	70	0	0	5.5	0	0	U2	70.0
6Y5Q	U2-snRNP	2	RNU2-1	71	0	0	5.5	0	0	U2	71.0
6Y5Q	U2-snRNP	2	RNU2-1	72	0	0	5.5	0	0	U2	72.0
6Y5Q	U2-snRNP	2	RNU2-1	78	0	0	5.5	0	0	U2	78.0
6Y5Q	U2-snRNP	2	RNU2-1	79	0	0	5.5	0	0	U2	79.0
6Y5Q	U2-snRNP	2	RNU2-1	80	1	1	3.401105408539993	0	0	U2	80.0
6Y5Q	U2-snRNP	2	RNU2-1	81	1	1	3.4199290928321733	0	0	U2	81.0
6Y5Q	U2-snRNP	2	RNU2-1	82	0	0	5.5	0	0	U2	82.0
6Y5Q	U2-snRNP	2	RNU2-1	83	0	0	5.5	0	0	U2	83.0
6Y5Q	U2-snRNP	2	RNU2-1	97	0	0	5.5	0	0	U2	97.0
6Y5Q	U2-snRNP	2	RNU2-1	98	3	2	3.6828812090535754	0	0	U2	98.0
6Y5Q	U2-snRNP	2	RNU2-1	99	3	1	3.0828671719683243	0	0	U2	99.0
6Y5Q	U2-snRNP	2	RNU2-1	100	4	1	3.114111430247827	0	0	U2	100.0
6Y5Q	U2-snRNP	2	RNU2-1	101	8	2	2.9690991899901116	0	0	U2	101.0
6Y5Q	U2-snRNP	2	RNU2-1	102	4	2	3.8247856149070687	0	0	U2	102.0
6Y5Q	U2-snRNP	2	RNU2-1	103	6	2	2.9226729204616873	0	0	U2	103.0
6Y5Q	U2-snRNP	2	RNU2-1	104	4	1	3.073538839839178	0	0	U2	104.0
6Y5Q	U2-snRNP	2	RNU2-1	105	3	1	3.0264320577208026	0	0	U2	105.0
6Y5Q	U2-snRNP	2	RNU2-1	106	4	2	3.1902466989247085	0	0	U2	106.0
6Y5Q	U2-snRNP	2	RNU2-1	107	2	2	4.109532576826706	0	0	U2	107.0
6Y5Q	U2-snRNP	2	RNU2-1	108	2	2	3.449362404851054	0	0	U2	108.0
6Y5Q	U2-snRNP	2	RNU2-1	109	0	0	5.5	0	0	U2	109.0
6Y5Q	U2-snRNP	2	RNU2-1	110	0	0	5.5	0	0	U2	110.0
6Y5Q	U2-snRNP	2	RNU2-1	111	0	0	5.5	0	0	U2	111.0
6Y5Q	U2-snRNP	2	RNU2-1	112	0	0	5.5	0	0	U2	112.0
6Y5Q	U2-snRNP	2	RNU2-1	113	0	0	5.5	0	0	U2	113.0
6Y5Q	U2-snRNP	2	RNU2-1	114	0	0	5.5	0	0	U2	114.0
6Y5Q	U2-snRNP	2	RNU2-1	115	0	0	5.5	0	0	U2	115.0
6Y5Q	U2-snRNP	2	RNU2-1	116	0	0	5.5	0	0	U2	116.0
6Y5Q	U2-snRNP	2	RNU2-1	117	0	0	5.5	0	0	U2	117.0
6Y5Q	U2-snRNP	2	RNU2-1	118	0	0	5.5	0	0	U2	118.0
6Y5Q	U2-snRNP	2	RNU2-1	119	0	0	5.5	0	0	U2	119.0
6Y5Q	U2-snRNP	2	RNU2-1	120	3	1	3.3019336758935407	0	0	U2	120.0
6Y5Q	U2-snRNP	2	RNU2-1	121	0	0	5.5	0	0	U2	121.0
6Y5Q	U2-snRNP	2	RNU2-1	122	0	0	5.5	0	0	U2	122.0
6Y5Q	U2-snRNP	2	RNU2-1	123	0	0	5.5	0	0	U2	123.0
6Y5Q	U2-snRNP	2	RNU2-1	124	0	0	5.5	0	0	U2	124.0
6Y5Q	U2-snRNP	2	RNU2-1	125	0	0	5.5	0	0	U2	125.0
6Y5Q	U2-snRNP	2	RNU2-1	126	0	0	5.5	0	0	U2	126.0
6Y5Q	U2-snRNP	2	RNU2-1	127	0	0	5.5	0	0	U2	127.0
6Y5Q	U2-snRNP	2	RNU2-1	128	0	0	5.5	0	0	U2	128.0
6Y5Q	U2-snRNP	2	RNU2-1	129	0	0	5.5	0	0	U2	129.0
6Y5Q	U2-snRNP	2	RNU2-1	130	0	0	5.5	0	0	U2	130.0
6Y5Q	U2-snRNP	2	RNU2-1	131	0	0	5.5	0	0	U2	131.0
6Y5Q	U2-snRNP	2	RNU2-1	132	0	0	5.5	0	0	U2	132.0
6Y5Q	U2-snRNP	2	RNU2-1	133	0	0	5.5	0	0	U2	133.0
6Y5Q	U2-snRNP	2	RNU2-1	134	0	0	5.5	0	0	U2	134.0
6Y5Q	U2-snRNP	2	RNU2-1	135	0	0	5.5	0	0	U2	135.0
6Y5Q	U2-snRNP	2	RNU2-1	136	3	1	2.7772972473251656	0	0	U2	136.0
6Y5Q	U2-snRNP	2	RNU2-1	137	8	1	2.8503299808969538	0	0	U2	137.0
6Y5Q	U2-snRNP	2	RNU2-1	138	3	1	2.884990641232633	0	0	U2	138.0
6Y5Q	U2-snRNP	2	RNU2-1	139	0	0	5.5	0	0	U2	139.0
6Y5Q	U2-snRNP	2	RNU2-1	140	0	0	5.5	0	0	U2	140.0
6Y5Q	U2-snRNP	2	RNU2-1	141	0	0	5.5	0	0	U2	141.0
6Y5Q	U2-snRNP	2	RNU2-1	142	0	0	5.5	0	0	U2	142.0
6Y5Q	U2-snRNP	2	RNU2-1	143	0	0	5.5	0	0	U2	143.0
6Y5Q	U2-snRNP	2	RNU2-1	144	0	0	5.5	0	0	U2	144.0
6Y5Q	U2-snRNP	2	RNU2-1	145	0	0	5.5	0	0	U2	145.0
6Y5Q	U2-snRNP	2	RNU2-1	146	0	0	5.5	0	0	U2	146.0
6Y5Q	U2-snRNP	2	RNU2-1	147	0	0	5.5	0	0	U2	147.0
6Y5Q	U2-snRNP	2	RNU2-1	148	0	0	5.5	0	0	U2	148.0
6Y5Q	U2-snRNP	2	RNU2-1	149	0	0	5.5	0	0	U2	149.0
6Y5Q	U2-snRNP	2	RNU2-1	150	0	0	5.5	0	0	U2	150.0
6Y5Q	U2-snRNP	2	RNU2-1	151	4	1	2.310595161424867	0	0	U2	151.0
6Y5Q	U2-snRNP	2	RNU2-1	152	1	1	2.9808532335557714	0	0	U2	152.0
6Y5Q	U2-snRNP	2	RNU2-1	153	0	0	5.5	0	0	U2	153.0
6Y5Q	U2-snRNP	2	RNU2-1	154	1	1	4.454909202217265	0	0	U2	154.0
6Y5Q	U2-snRNP	2	RNU2-1	155	0	0	5.5	0	0	U2	155.0
6Y5Q	U2-snRNP	2	RNU2-1	156	0	0	5.5	0	0	U2	156.0
6Y5Q	U2-snRNP	2	RNU2-1	157	0	0	5.5	0	0	U2	157.0
6Y5Q	U2-snRNP	2	RNU2-1	158	0	0	5.5	0	0	U2	158.0
6Y5Q	U2-snRNP	2	RNU2-1	159	0	0	5.5	0	0	U2	159.0
6Y5Q	U2-snRNP	2	RNU2-1	160	0	0	5.5	0	0	U2	160.0
6Y5Q	U2-snRNP	2	RNU2-1	161	0	0	5.5	0	0	U2	161.0
6Y5Q	U2-snRNP	2	RNU2-1	162	1	1	4.03902834850166	0	0	U2	162.0
6Y5Q	U2-snRNP	2	RNU2-1	163	6	1	2.685879744143435	0	0	U2	163.0
6Y5Q	U2-snRNP	2	RNU2-1	164	3	1	2.851718253965477	0	0	U2	164.0
6Y5Q	U2-snRNP	2	RNU2-1	165	2	1	4.111474066560566	0	0	U2	165.0
6Y5Q	U2-snRNP	2	RNU2-1	166	3	1	3.5803978829174756	0	0	U2	166.0
6Y5Q	U2-snRNP	2	RNU2-1	167	4	1	2.9293832115310616	0	0	U2	167.0
6Y5Q	U2-snRNP	2	RNU2-1	168	1	1	4.2404081171509835	0	0	U2	168.0
6Y5Q	U2-snRNP	2	RNU2-1	169	0	0	5.5	0	0	U2	169.0
6Y5Q	U2-snRNP	2	RNU2-1	170	2	1	3.319751496723802	0	0	U2	170.0
6Y5Q	U2-snRNP	2	RNU2-1	171	0	0	5.5	0	0	U2	171.0
6Y5Q	U2-snRNP	2	RNU2-1	172	0	0	5.5	0	0	U2	172.0
6Y5Q	U2-snRNP	2	RNU2-1	173	0	0	5.5	0	0	U2	173.0
6Y5Q	U2-snRNP	2	RNU2-1	174	0	0	5.5	0	0	U2	174.0
6Y5Q	U2-snRNP	2	RNU2-1	175	0	0	5.5	0	0	U2	175.0
6Y5Q	U2-snRNP	2	RNU2-1	176	0	0	5.5	0	0	U2	176.0
6Y5Q	U2-snRNP	2	RNU2-1	177	0	0	5.5	0	0	U2	177.0
6Y5Q	U2-snRNP	2	RNU2-1	178	0	0	5.5	0	0	U2	178.0
6Y5Q	U2-snRNP	2	RNU2-1	179	0	0	5.5	0	0	U2	179.0
6Y5Q	U2-snRNP	2	RNU2-1	180	3	1	2.6187939972437633	0	0	U2	180.0
6Y5Q	U2-snRNP	2	RNU2-1	181	2	1	3.271834195065527	0	0	U2	181.0
6Y5Q	U2-snRNP	2	RNU2-1	182	0	0	5.5	0	0	U2	182.0
6Y5Q	U2-snRNP	2	RNU2-1	183	3	1	3.5230603173945196	0	0	U2	183.0
6Y5Q	U2-snRNP	2	RNU2-1	184	0	0	5.5	0	0	U2	184.0
7DVQ	minor-Bact	B	RNU5A-1	8	0	0	5.5	0	0	U5	8.0
7DVQ	minor-Bact	B	RNU5A-1	9	0	0	5.5	0	0	U5	9.0
7DVQ	minor-Bact	B	RNU5A-1	10	0	0	5.5	0	0	U5	10.0
7DVQ	minor-Bact	B	RNU5A-1	11	4	1	3.6565215711110226	0	0	U5	11.0
7DVQ	minor-Bact	B	RNU5A-1	12	4	1	2.6740598347830353	0	0	U5	12.0
7DVQ	minor-Bact	B	RNU5A-1	13	2	1	3.1722296575122235	0	0	U5	13.0
7DVQ	minor-Bact	B	RNU5A-1	14	4	1	3.683144580382369	0	0	U5	14.0
7DVQ	minor-Bact	B	RNU5A-1	15	1	1	2.829033934048871	0	0	U5	15.0
7DVQ	minor-Bact	B	RNU5A-1	16	0	0	5.5	0	0	U5	16.0
7DVQ	minor-Bact	B	RNU5A-1	17	1	1	2.568195670115518	0	0	U5	17.0
7DVQ	minor-Bact	B	RNU5A-1	18	2	1	4.434676763869065	0	0	U5	18.0
7DVQ	minor-Bact	B	RNU5A-1	19	3	1	3.1944368830828513	0	0	U5	19.0
7DVQ	minor-Bact	B	RNU5A-1	20	1	1	3.9189205146315524	0	0	U5	20.0
7DVQ	minor-Bact	B	RNU5A-1	21	0	0	5.5	0	0	U5	21.0
7DVQ	minor-Bact	B	RNU5A-1	22	2	2	3.221441292341041	0	0	U5	22.0
7DVQ	minor-Bact	B	RNU5A-1	23	5	1	3.1376599560819005	0	0	U5	23.0
7DVQ	minor-Bact	B	RNU5A-1	24	5	1	2.769291245066153	0	0	U5	24.0
7DVQ	minor-Bact	B	RNU5A-1	25	3	2	3.501778262540324	0	0	U5	25.0
7DVQ	minor-Bact	B	RNU5A-1	26	8	1	2.487146155737487	0	0	U5	26.0
7DVQ	minor-Bact	B	RNU5A-1	27	6	1	2.656333939850161	0	0	U5	27.0
7DVQ	minor-Bact	B	RNU5A-1	28	8	1	2.8553535682993494	0	0	U5	28.0
7DVQ	minor-Bact	B	RNU5A-1	29	6	1	3.418169685665139	0	0	U5	29.0
7DVQ	minor-Bact	B	RNU5A-1	30	4	1	2.938367233686061	0	0	U5	30.0
7DVQ	minor-Bact	B	RNU5A-1	31	1	1	3.28139269213547	0	0	U5	31.0
7DVQ	minor-Bact	B	RNU5A-1	32	5	2	3.390976702957434	0	0	U5	32.0
7DVQ	minor-Bact	B	RNU5A-1	33	4	2	2.976688932354176	0	0	U5	33.0
7DVQ	minor-Bact	B	RNU5A-1	34	6	2	2.475304223726862	0	0	U5	34.0
7DVQ	minor-Bact	B	RNU5A-1	35	6	2	2.7745864556722353	0	0	U5	35.0
7DVQ	minor-Bact	B	RNU5A-1	36	6	3	2.51348423508085	0	0	U5	36.0
7DVQ	minor-Bact	B	RNU5A-1	37	5	2	2.5693152784351474	0	0	U5	37.0
7DVQ	minor-Bact	B	RNU5A-1	38	4	3	2.733840887835242	0	0	U5	38.0
7DVQ	minor-Bact	B	RNU5A-1	39	6	2	2.8766796832459	0	0	U5	39.0
7DVQ	minor-Bact	B	RNU5A-1	40	4	1	2.850511883855248	0	1	U5	40.0
7DVQ	minor-Bact	B	RNU5A-1	41	3	2	3.5705569593552413	0	2	U5	41.0
7DVQ	minor-Bact	B	RNU5A-1	42	1	1	2.486405035387441	2	2	U5	42.0
7DVQ	minor-Bact	B	RNU5A-1	43	2	2	2.7660724863965434	3	2	U5	43.0
7DVQ	minor-Bact	B	RNU5A-1	44	8	2	2.616856702228836	2	2	U5	44.0
7DVQ	minor-Bact	B	RNU5A-1	45	6	2	2.6920059435298276	0	1	U5	45.0
7DVQ	minor-Bact	B	RNU5A-1	46	3	3	2.987672170771043	0	0	U5	46.0
7DVQ	minor-Bact	B	RNU5A-1	47	4	3	2.4007727922484214	0	0	U5	47.0
7DVQ	minor-Bact	B	RNU5A-1	48	9	2	2.6647812292944395	0	0	U5	48.0
7DVQ	minor-Bact	B	RNU5A-1	49	4	2	2.8341240269261174	0	0	U5	49.0
7DVQ	minor-Bact	B	RNU5A-1	50	2	1	3.8437671625633216	0	0	U5	50.0
7DVQ	minor-Bact	B	RNU5A-1	51	1	1	4.490802823549452	0	0	U5	51.0
7DVQ	minor-Bact	B	RNU5A-1	52	0	0	5.5	0	0	U5	52.0
7DVQ	minor-Bact	B	RNU5A-1	53	1	1	4.337026746516543	0	0	U5	53.0
7DVQ	minor-Bact	B	RNU5A-1	54	2	1	3.6701189354024746	0	0	U5	54.0
7DVQ	minor-Bact	B	RNU5A-1	55	3	1	2.5146936195091296	0	0	U5	55.0
7DVQ	minor-Bact	B	RNU5A-1	56	6	1	3.259571751012688	0	0	U5	56.0
7DVQ	minor-Bact	B	RNU5A-1	57	4	1	2.895485796891433	0	0	U5	57.0
7DVQ	minor-Bact	B	RNU5A-1	58	4	1	3.040075985892485	0	0	U5	58.0
7DVQ	minor-Bact	B	RNU5A-1	59	2	1	3.070792243053933	0	0	U5	59.0
7DVQ	minor-Bact	B	RNU5A-1	60	0	0	5.5	0	0	U5	60.0
7DVQ	minor-Bact	B	RNU5A-1	61	0	0	5.5	0	0	U5	61.0
7DVQ	minor-Bact	B	RNU5A-1	62	0	0	5.5	0	0	U5	62.0
7DVQ	minor-Bact	B	RNU5A-1	63	0	0	5.5	0	0	U5	63.0
7DVQ	minor-Bact	B	RNU5A-1	64	1	1	3.7304039995689626	0	0	U5	64.0
7DVQ	minor-Bact	B	RNU5A-1	65	1	1	4.2470460322440315	0	0	U5	65.0
7DVQ	minor-Bact	B	RNU5A-1	66	0	0	5.5	0	0	U5	66.0
7DVQ	minor-Bact	B	RNU5A-1	67	0	0	5.5	0	0	U5	67.0
7DVQ	minor-Bact	B	RNU5A-1	68	1	1	3.6765343735643334	0	0	U5	68.0
7DVQ	minor-Bact	B	RNU5A-1	82	0	0	5.5	0	0	U5	82.0
7DVQ	minor-Bact	B	RNU5A-1	83	0	0	5.5	0	0	U5	83.0
7DVQ	minor-Bact	B	RNU5A-1	84	0	0	5.5	0	0	U5	84.0
7DVQ	minor-Bact	B	RNU5A-1	85	0	0	5.5	0	0	U5	85.0
7DVQ	minor-Bact	B	RNU5A-1	86	0	0	5.5	0	0	U5	86.0
7DVQ	minor-Bact	B	RNU5A-1	87	2	2	3.4781405952031736	0	0	U5	87.0
7DVQ	minor-Bact	B	RNU5A-1	88	2	2	2.9100848784872726	0	0	U5	88.0
7DVQ	minor-Bact	B	RNU5A-1	89	3	1	2.6892350213397074	0	0	U5	89.0
7DVQ	minor-Bact	B	RNU5A-1	90	7	2	3.052806249993609	0	0	U5	90.0
7DVQ	minor-Bact	B	RNU5A-1	91	4	2	3.4131343366471967	0	0	U5	91.0
7DVQ	minor-Bact	B	RNU5A-1	92	7	2	3.0814934690827918	0	0	U5	92.0
7DVQ	minor-Bact	B	RNU5A-1	93	4	1	2.997435737426251	0	0	U5	93.0
7DVQ	minor-Bact	B	RNU5A-1	94	3	3	3.4281512510389747	0	0	U5	94.0
7DVQ	minor-Bact	B	RNU5A-1	95	6	2	3.037984035507698	0	0	U5	95.0
7DVQ	minor-Bact	B	RNU5A-1	96	3	2	3.2709364102654295	0	0	U5	96.0
7DVQ	minor-Bact	B	RNU5A-1	97	3	2	3.855597100320486	0	0	U5	97.0
7DVQ	minor-Bact	B	RNU5A-1	98	0	0	5.5	0	0	U5	98.0
7DVQ	minor-Bact	B	RNU5A-1	99	0	0	5.5	0	0	U5	99.0
7DVQ	minor-Bact	B	RNU5A-1	100	0	0	5.5	0	0	U5	100.0
7DVQ	minor-Bact	B	RNU5A-1	101	0	0	5.5	0	0	U5	101.0
7DVQ	minor-Bact	B	RNU5A-1	102	0	0	5.5	0	0	U5	102.0
7DVQ	minor-Bact	B	RNU5A-1	109	0	0	5.5	0	0	U5	109.0
7DVQ	minor-Bact	B	RNU5A-1	110	0	0	5.5	0	0	U5	110.0
7DVQ	minor-Bact	B	RNU5A-1	111	0	0	5.5	0	0	U5	111.0
7DVQ	minor-Bact	B	RNU5A-1	112	0	0	5.5	0	0	U5	112.0
7DVQ	minor-Bact	B	RNU5A-1	113	1	1	4.33233193557466	0	0	U5	113.0
7DVQ	minor-Bact	B	RNU5A-1	114	0	0	5.5	0	0	U5	114.0
7DVQ	minor-Bact	B	RNU5A-1	115	0	0	5.5	0	0	U5	115.0
7DVQ	minor-Bact	B	RNU5A-1	116	0	0	5.5	0	0	U5	116.0
7DVQ	minor-Bact	F	RNU6ATAC	2	8	2	2.4712889349487543	0	0	U6	31.0
7DVQ	minor-Bact	F	RNU6ATAC	4	5	2	2.9498381311522643	0	0	U6	32.0
7DVQ	minor-Bact	F	RNU6ATAC	5	2	2	2.6011891511383767	0	0	U6	33.0
7DVQ	minor-Bact	F	RNU6ATAC	6	1	1	2.6442265409755987	0	2	U6	34.0
7DVQ	minor-Bact	F	RNU6ATAC	7	0	0	5.5	0	2	U6	35.0
7DVQ	minor-Bact	F	RNU6ATAC	8	1	1	4.331317351568698	0	3	U6	36.0
7DVQ	minor-Bact	F	RNU6ATAC	9	2	1	3.7333142112605437	0	3	U6	37.0
7DVQ	minor-Bact	F	RNU6ATAC	10	5	1	2.6919411211986213	0	3	U6	38.0
7DVQ	minor-Bact	F	RNU6ATAC	11	3	1	2.6719217802922017	0	3	U6	39.0
7DVQ	minor-Bact	F	RNU6ATAC	12	0	0	5.5	0	3	U6	40.0
7DVQ	minor-Bact	F	RNU6ATAC	13	0	0	5.5	0	3	U6	41.0
7DVQ	minor-Bact	F	RNU6ATAC	15	1	1	3.6868932721195184	0	2	U6	42.0
7DVQ	minor-Bact	F	RNU6ATAC	16	1	1	2.5715088955708367	0	3	U6	43.0
7DVQ	minor-Bact	F	RNU6ATAC	17	3	1	3.4050769447987035	0	2	U6	44.0
7DVQ	minor-Bact	F	RNU6ATAC	18	3	2	2.7573169930205927	0	1	U6	45.0
7DVQ	minor-Bact	F	RNU6ATAC	19	1	1	2.959856415436426	0	0	U6	46.0
7DVQ	minor-Bact	F	RNU6ATAC	20	1	1	4.408398688866514	1	0	U6	47.0
7DVQ	minor-Bact	F	RNU6ATAC	21	5	2	2.444125405947885	1	0	U6	48.0
7DVQ	minor-Bact	F	RNU6ATAC	22	5	2	2.297235077217826	2	0	U6	49.0
7DVQ	minor-Bact	F	RNU6ATAC	23	1	1	4.273005733672724	3	0	U6	50.0
7DVQ	minor-Bact	F	RNU6ATAC	24	4	3	2.586495698817239	2	0	U6	51.0
7DVQ	minor-Bact	F	RNU6ATAC	25	4	3	2.5069575185870208	2	0	U6	52.0
7DVQ	minor-Bact	F	RNU6ATAC	26	1	1	3.295381616747886	2	0	U6	53.0
7DVQ	minor-Bact	F	RNU6ATAC	27	0	0	5.5	3	1	U6	54.0
7DVQ	minor-Bact	F	RNU6ATAC	28	3	1	3.2029900093506325	2	0	U6	55.0
7DVQ	minor-Bact	F	RNU6ATAC	29	4	1	2.9456192897250246	2	0	U6	56.0
7DVQ	minor-Bact	F	RNU6ATAC	30	1	1	3.4510085482362984	1	0	U6	58.0
7DVQ	minor-Bact	F	RNU6ATAC	31	2	1	2.7596106609447286	0	0	U6	59.0
7DVQ	minor-Bact	F	RNU6ATAC	32	3	1	2.90449410397061	0	0	U6	60.0
7DVQ	minor-Bact	F	RNU6ATAC	33	1	1	3.690599002872	0	0	U6	61.0
7DVQ	minor-Bact	F	RNU6ATAC	34	1	1	4.338424829359129	0	0	U6	62.0
7DVQ	minor-Bact	F	RNU6ATAC	35	2	1	3.265945039341545	0	0	U6	63.0
7DVQ	minor-Bact	F	RNU6ATAC	36	3	1	3.200738977173865	0	0	U6	64.0
7DVQ	minor-Bact	F	RNU6ATAC	37	6	1	2.8963477001216646	0	0	U6	65.0
7DVQ	minor-Bact	F	RNU6ATAC	38	8	1	2.680690955705303	2	0	U6	66.0
7DVQ	minor-Bact	F	RNU6ATAC	39	2	1	2.5667257352510626	2	0	U6	67.0
7DVQ	minor-Bact	F	RNU6ATAC	40	5	2	2.664812939025966	0	0	U6	68.0
7DVQ	minor-Bact	F	RNU6ATAC	41	4	1	2.90118682611101	2	0	U6	69.0
7DVQ	minor-Bact	F	RNU6ATAC	42	4	1	2.583161241579786	1	0	U6	70.0
7DVQ	minor-Bact	F	RNU6ATAC	43	1	1	2.7246961298464276	0	2	U6	71.0
7DVQ	minor-Bact	F	RNU6ATAC	44	1	1	2.9435388565467084	0	2	U6	72.0
7DVQ	minor-Bact	F	RNU6ATAC	45	1	1	4.061258056317069	0	2	U6	73.0
7DVQ	minor-Bact	F	RNU6ATAC	46	0	0	5.5	0	0	U6	74.0
7DVQ	minor-Bact	F	RNU6ATAC	47	0	0	5.5	0	0	U6	75.0
7DVQ	minor-Bact	F	RNU6ATAC	50	1	1	4.197646245218856	0	0	U6	76.0
7DVQ	minor-Bact	F	RNU6ATAC	51	0	0	5.5	2	0	U6	77.0
7DVQ	minor-Bact	F	RNU6ATAC	52	1	1	2.7243472612719866	1	0	U6	78.0
7DVQ	minor-Bact	F	RNU6ATAC	53	1	1	2.979055387199112	0	0	U6	79.0
7DVQ	minor-Bact	F	RNU6ATAC	54	0	0	5.5	0	0	U6	80.0
7DVQ	minor-Bact	F	RNU6ATAC	55	0	0	5.5	0	0	U6	81.0
7DVQ	minor-Bact	F	RNU6ATAC	56	1	1	3.670355023700037	0	0	U6	84.0
7DVQ	minor-Bact	F	RNU6ATAC	65	0	0	5.5	0	0	U6	89.0
7DVQ	minor-Bact	H	RNU12	1	1	1	3.756311488681406	3	0	U2	38.0
7DVQ	minor-Bact	H	RNU12	2	0	0	5.5	3	0	U2	39.0
7DVQ	minor-Bact	H	RNU12	3	5	1	2.2287534632614565	3	0	U2	40.0
7DVQ	minor-Bact	H	RNU12	4	5	1	2.731171909638832	2	0	U2	41.0
7DVQ	minor-Bact	H	RNU12	5	6	1	2.279590752744846	2	0	U2	42.0
7DVQ	minor-Bact	H	RNU12	6	9	1	2.594022551945153	0	0	U2	43.0
7DVQ	minor-Bact	H	RNU12	7	6	3	2.848171518711603	0	0	U2	44.0
7DVQ	minor-Bact	H	RNU12	11	0	0	5.5	2	0	U2	45.0
7DVQ	minor-Bact	H	RNU12	12	3	2	2.953999661475925	2	0	U2	46.0
7DVQ	minor-Bact	H	RNU12	13	7	3	2.9541240664535415	1	0	U2	47.0
7DVQ	minor-Bact	H	RNU12	14	6	3	3.0923036720218433	0	0	U2	48.0
7DVQ	minor-Bact	H	RNU12	15	2	1	2.8163249102332033	0	0	U2	49.0
7DVQ	minor-Bact	H	RNU12	16	3	3	2.563874606918224	0	1	U2	50.0
7DVQ	minor-Bact	H	RNU12	17	2	1	3.0371680888617174	0	2	U2	51.0
7DVQ	minor-Bact	H	RNU12	18	5	2	3.4860618181552114	0	2	U2	52.0
7DVQ	minor-Bact	H	RNU12	19	6	2	3.1963641845071518	0	2	U2	53.0
7DVQ	minor-Bact	H	RNU12	24	3	1	3.0611522340452524	0	3	U2	54.0
7DVQ	minor-Bact	H	RNU12	25	5	1	3.383236024873183	0	3	U2	55.0
7DVQ	minor-Bact	H	RNU12	26	5	2	3.142455250278028	0	3	U2	56.0
7DVQ	minor-Bact	H	RNU12	27	2	1	3.3333780163672104	0	4	U2	57.0
7DVQ	minor-Bact	H	RNU12	28	1	1	3.5125524907110264	0	1	U2	58.0
7DVQ	minor-Bact	H	RNU12	29	0	0	5.5	0	3	U2	59.0
7DVQ	minor-Bact	H	RNU12	30	0	0	5.5	0	1	U2	60.0
7DVQ	minor-Bact	H	RNU12	31	0	0	5.5	0	0	U2	61.0
7DVQ	minor-Bact	H	RNU12	32	0	0	5.5	0	0	U2	63.0
7DVQ	minor-Bact	H	RNU12	33	0	0	5.5	0	0	U2	64.0
7DVQ	minor-Bact	H	RNU12	34	0	0	5.5	0	0	U2	65.0
7DVQ	minor-Bact	H	RNU12	35	0	0	5.5	0	0	U2	66.0
7DVQ	minor-Bact	H	RNU12	36	0	0	5.5	0	0	U2	67.0
7DVQ	minor-Bact	H	RNU12	40	0	0	5.5	0	0	U2	68.0
7DVQ	minor-Bact	H	RNU12	41	0	0	5.5	0	0	U2	69.0
7DVQ	minor-Bact	H	RNU12	46	0	0	5.5	0	0	U2	70.0
7DVQ	minor-Bact	H	RNU12	47	0	0	5.5	0	0	U2	71.0
7DVQ	minor-Bact	H	RNU12	48	0	0	5.5	0	0	U2	72.0
7DVQ	minor-Bact	H	RNU12	49	0	0	5.5	0	0	U2	73.0
7DVQ	minor-Bact	H	RNU12	50	0	0	5.5	0	0	U2	74.0
7DVQ	minor-Bact	H	RNU12	51	0	0	5.5	0	0	U2	75.0
7DVQ	minor-Bact	H	RNU12	73	0	0	5.5	0	0	U2	97.0
7DVQ	minor-Bact	H	RNU12	74	2	2	3.35031371665402	0	0	U2	98.0
7DVQ	minor-Bact	H	RNU12	75	4	2	2.8237522908357473	0	0	U2	99.0
7DVQ	minor-Bact	H	RNU12	76	4	1	2.7732603556103474	0	0	U2	100.0
7DVQ	minor-Bact	H	RNU12	77	7	2	2.8524673530121127	0	0	U2	101.0
7DVQ	minor-Bact	H	RNU12	78	4	1	3.029231915849311	0	0	U2	102.0
7DVQ	minor-Bact	H	RNU12	79	7	2	2.9856848460613143	0	0	U2	103.0
7DVQ	minor-Bact	H	RNU12	80	4	1	2.8516083181250305	0	0	U2	104.0
7DVQ	minor-Bact	H	RNU12	81	5	3	3.276472951208369	0	0	U2	113.0
7DVQ	minor-Bact	H	RNU12	82	5	2	3.0678363711254195	0	0	U2	114.0
7DVQ	minor-Bact	H	RNU12	83	1	1	4.368535109164135	0	0	U2	115.0
7DVQ	minor-Bact	H	RNU12	84	2	2	3.5551485201042694	0	0	U2	116.0
8Y6O	minor-preB	B	RNU5A-1	3	0	0	5.5	0	0	U5	3.0
8Y6O	minor-preB	B	RNU5A-1	4	0	0	5.5	0	0	U5	4.0
8Y6O	minor-preB	B	RNU5A-1	5	1	1	4.445233289716074	0	0	U5	5.0
8Y6O	minor-preB	B	RNU5A-1	6	2	1	2.8730217541814804	0	0	U5	6.0
8Y6O	minor-preB	B	RNU5A-1	7	4	1	2.877218795990321	0	0	U5	7.0
8Y6O	minor-preB	B	RNU5A-1	8	2	1	3.6594822038097012	0	0	U5	8.0
8Y6O	minor-preB	B	RNU5A-1	9	0	0	5.5	0	0	U5	9.0
8Y6O	minor-preB	B	RNU5A-1	10	1	1	3.969679332137542	0	0	U5	10.0
8Y6O	minor-preB	B	RNU5A-1	11	4	1	3.508474739826381	0	0	U5	11.0
8Y6O	minor-preB	B	RNU5A-1	12	4	1	2.4555622574066556	0	0	U5	12.0
8Y6O	minor-preB	B	RNU5A-1	13	2	1	2.926106628269065	0	0	U5	13.0
8Y6O	minor-preB	B	RNU5A-1	14	2	1	2.8727175287521707	0	0	U5	14.0
8Y6O	minor-preB	B	RNU5A-1	15	3	2	3.0658261529317063	0	0	U5	15.0
8Y6O	minor-preB	B	RNU5A-1	16	3	2	2.652182497491469	0	0	U5	16.0
8Y6O	minor-preB	B	RNU5A-1	17	3	1	2.5775918994286338	0	0	U5	17.0
8Y6O	minor-preB	B	RNU5A-1	18	4	2	2.842558354722031	0	0	U5	18.0
8Y6O	minor-preB	B	RNU5A-1	19	3	2	2.9080895790879673	0	0	U5	19.0
8Y6O	minor-preB	B	RNU5A-1	20	2	1	3.2630839707246193	0	0	U5	20.0
8Y6O	minor-preB	B	RNU5A-1	21	0	0	5.5	0	0	U5	21.0
8Y6O	minor-preB	B	RNU5A-1	22	1	1	4.124932726724148	0	0	U5	22.0
8Y6O	minor-preB	B	RNU5A-1	23	4	1	2.8984521731434465	0	0	U5	23.0
8Y6O	minor-preB	B	RNU5A-1	24	4	1	3.1864806605407368	0	0	U5	24.0
8Y6O	minor-preB	B	RNU5A-1	25	3	1	3.7738259101341622	0	0	U5	25.0
8Y6O	minor-preB	B	RNU5A-1	26	9	1	3.1123809214168885	0	0	U5	26.0
8Y6O	minor-preB	B	RNU5A-1	27	8	1	3.009803980328285	0	0	U5	27.0
8Y6O	minor-preB	B	RNU5A-1	28	8	1	2.8490807289369497	0	0	U5	28.0
8Y6O	minor-preB	B	RNU5A-1	29	7	1	3.143583305719765	0	0	U5	29.0
8Y6O	minor-preB	B	RNU5A-1	30	3	1	2.791305250236886	0	0	U5	30.0
8Y6O	minor-preB	B	RNU5A-1	31	0	0	5.5	0	0	U5	31.0
8Y6O	minor-preB	B	RNU5A-1	32	0	0	5.5	0	0	U5	32.0
8Y6O	minor-preB	B	RNU5A-1	33	0	0	5.5	0	0	U5	33.0
8Y6O	minor-preB	B	RNU5A-1	34	0	0	5.5	0	0	U5	34.0
8Y6O	minor-preB	B	RNU5A-1	35	1	1	3.7956882116422443	0	0	U5	35.0
8Y6O	minor-preB	B	RNU5A-1	36	1	1	3.8366872429219465	0	0	U5	36.0
8Y6O	minor-preB	B	RNU5A-1	37	0	0	5.5	0	0	U5	37.0
8Y6O	minor-preB	B	RNU5A-1	38	0	0	5.5	0	0	U5	38.0
8Y6O	minor-preB	B	RNU5A-1	39	0	0	5.5	0	0	U5	39.0
8Y6O	minor-preB	B	RNU5A-1	40	1	1	2.9370493696906115	0	0	U5	40.0
8Y6O	minor-preB	B	RNU5A-1	41	0	0	5.5	0	0	U5	41.0
8Y6O	minor-preB	B	RNU5A-1	42	0	0	5.5	0	0	U5	42.0
8Y6O	minor-preB	B	RNU5A-1	43	0	0	5.5	0	0	U5	43.0
8Y6O	minor-preB	B	RNU5A-1	44	0	0	5.5	0	0	U5	44.0
8Y6O	minor-preB	B	RNU5A-1	45	6	2	3.1167800692381133	0	0	U5	45.0
8Y6O	minor-preB	B	RNU5A-1	46	4	2	3.533375440000691	0	0	U5	46.0
8Y6O	minor-preB	B	RNU5A-1	47	1	1	3.0149953565469905	0	0	U5	47.0
8Y6O	minor-preB	B	RNU5A-1	48	7	1	2.831483533414969	0	0	U5	48.0
8Y6O	minor-preB	B	RNU5A-1	49	5	1	2.9359565732483004	0	0	U5	49.0
8Y6O	minor-preB	B	RNU5A-1	50	1	1	3.4532051778021846	0	0	U5	50.0
8Y6O	minor-preB	B	RNU5A-1	51	1	1	3.9999467496455714	0	0	U5	51.0
8Y6O	minor-preB	B	RNU5A-1	52	1	1	2.7981254439355845	0	0	U5	52.0
8Y6O	minor-preB	B	RNU5A-1	53	2	1	2.918807461961114	0	0	U5	53.0
8Y6O	minor-preB	B	RNU5A-1	54	4	2	2.8841036735873673	0	0	U5	54.0
8Y6O	minor-preB	B	RNU5A-1	55	7	2	2.8251346870547573	0	0	U5	55.0
8Y6O	minor-preB	B	RNU5A-1	56	7	2	2.889761581861043	0	0	U5	56.0
8Y6O	minor-preB	B	RNU5A-1	57	6	1	2.6342562517720323	0	0	U5	57.0
8Y6O	minor-preB	B	RNU5A-1	58	6	1	3.4009419283486806	0	0	U5	58.0
8Y6O	minor-preB	B	RNU5A-1	59	3	1	2.9443247103537935	0	0	U5	59.0
8Y6O	minor-preB	B	RNU5A-1	60	1	1	2.5200708323378214	0	0	U5	60.0
8Y6O	minor-preB	B	RNU5A-1	61	1	1	3.9506141294740273	0	0	U5	61.0
8Y6O	minor-preB	B	RNU5A-1	62	0	0	5.5	0	0	U5	62.0
8Y6O	minor-preB	B	RNU5A-1	63	0	0	5.5	0	0	U5	63.0
8Y6O	minor-preB	B	RNU5A-1	64	0	0	5.5	0	0	U5	64.0
8Y6O	minor-preB	B	RNU5A-1	65	1	1	2.7799404669884447	0	0	U5	65.0
8Y6O	minor-preB	B	RNU5A-1	66	0	0	5.5	0	0	U5	66.0
8Y6O	minor-preB	B	RNU5A-1	67	0	0	5.5	0	0	U5	67.0
8Y6O	minor-preB	B	RNU5A-1	68	0	0	5.5	0	0	U5	68.0
8Y6O	minor-preB	B	RNU5A-1	69	0	0	5.5	0	0	U5	69.0
8Y6O	minor-preB	B	RNU5A-1	70	0	0	5.5	0	0	U5	70.0
8Y6O	minor-preB	B	RNU5A-1	71	0	0	5.5	0	0	U5	71.0
8Y6O	minor-preB	B	RNU5A-1	72	0	0	5.5	0	0	U5	72.0
8Y6O	minor-preB	B	RNU5A-1	73	1	1	4.0174321400615955	0	0	U5	73.0
8Y6O	minor-preB	B	RNU5A-1	74	1	1	4.2807797186961585	0	0	U5	74.0
8Y6O	minor-preB	B	RNU5A-1	75	2	1	3.425191381514358	0	0	U5	75.0
8Y6O	minor-preB	B	RNU5A-1	76	0	0	5.5	0	0	U5	76.0
8Y6O	minor-preB	B	RNU5A-1	77	0	0	5.5	0	0	U5	77.0
8Y6O	minor-preB	B	RNU5A-1	78	0	0	5.5	0	0	U5	78.0
8Y6O	minor-preB	B	RNU5A-1	85	2	2	3.8640042701839508	0	0	U5	85.0
8Y6O	minor-preB	B	RNU5A-1	86	2	2	3.8197897847918223	0	0	U5	86.0
8Y6O	minor-preB	B	RNU5A-1	87	5	2	3.013380327804617	0	0	U5	87.0
8Y6O	minor-preB	B	RNU5A-1	88	6	2	2.4256928907015416	0	0	U5	88.0
8Y6O	minor-preB	B	RNU5A-1	89	8	3	2.5104344245568324	0	0	U5	89.0
8Y6O	minor-preB	B	RNU5A-1	90	11	3	2.515626959626555	0	0	U5	90.0
8Y6O	minor-preB	B	RNU5A-1	91	9	3	2.916609847065587	0	0	U5	91.0
8Y6O	minor-preB	B	RNU5A-1	92	10	3	2.7683065220455574	0	0	U5	92.0
8Y6O	minor-preB	B	RNU5A-1	93	7	3	2.580000968992066	0	0	U5	93.0
8Y6O	minor-preB	B	RNU5A-1	94	6	3	3.027063758826369	0	0	U5	94.0
8Y6O	minor-preB	B	RNU5A-1	95	8	3	2.572357284670981	0	0	U5	95.0
8Y6O	minor-preB	B	RNU5A-1	96	3	2	2.8794822451267175	0	0	U5	96.0
8Y6O	minor-preB	B	RNU5A-1	97	2	1	2.896630111008312	0	0	U5	97.0
8Y6O	minor-preB	B	RNU5A-1	98	1	1	4.052715015887476	0	0	U5	98.0
8Y6O	minor-preB	B	RNU5A-1	99	0	0	5.5	0	0	U5	99.0
8Y6O	minor-preB	B	RNU5A-1	100	0	0	5.5	0	0	U5	100.0
8Y6O	minor-preB	B	RNU5A-1	101	0	0	5.5	0	0	U5	101.0
8Y6O	minor-preB	B	RNU5A-1	102	0	0	5.5	0	0	U5	102.0
8Y6O	minor-preB	B	RNU5A-1	103	0	0	5.5	0	0	U5	103.0
8Y6O	minor-preB	B	RNU5A-1	104	0	0	5.5	0	0	U5	104.0
8Y6O	minor-preB	B	RNU5A-1	105	0	0	5.5	0	0	U5	105.0
8Y6O	minor-preB	B	RNU5A-1	106	0	0	5.5	0	0	U5	106.0
8Y6O	minor-preB	B	RNU5A-1	107	0	0	5.5	0	0	U5	107.0
8Y6O	minor-preB	B	RNU5A-1	108	0	0	5.5	0	0	U5	108.0
8Y6O	minor-preB	B	RNU5A-1	109	1	1	3.382900826214111	0	0	U5	109.0
8Y6O	minor-preB	B	RNU5A-1	110	3	2	3.452056054006093	0	0	U5	110.0
8Y6O	minor-preB	B	RNU5A-1	111	2	1	2.9268423257838876	0	0	U5	111.0
8Y6O	minor-preB	B	RNU5A-1	112	1	1	4.202235714473946	0	0	U5	112.0
8Y6O	minor-preB	B	RNU5A-1	113	2	1	2.8201960924729934	0	0	U5	113.0
8Y6O	minor-preB	B	RNU5A-1	114	0	0	5.5	0	0	U5	114.0
8Y6O	minor-preB	B	RNU5A-1	115	0	0	5.5	0	0	U5	115.0
8Y6O	minor-preB	B	RNU5A-1	116	2	1	2.8474191823473953	0	0	U5	116.0
8Y6O	minor-preB	J	RNU4ATAC	5	0	0	5.5	2	0	U4	1.0
8Y6O	minor-preB	J	RNU4ATAC	6	1	1	4.011483142180735	2	0	U4	2.0
8Y6O	minor-preB	J	RNU4ATAC	7	2	1	3.4988398077076712	2	0	U4	3.0
8Y6O	minor-preB	J	RNU4ATAC	8	2	1	2.988476702268217	2	0	U4	4.0
8Y6O	minor-preB	J	RNU4ATAC	9	1	1	2.8654552866865513	2	0	U4	5.0
8Y6O	minor-preB	J	RNU4ATAC	10	1	1	3.297634455181418	2	0	U4	6.0
8Y6O	minor-preB	J	RNU4ATAC	11	2	1	3.455883389236405	2	0	U4	7.0
8Y6O	minor-preB	J	RNU4ATAC	12	2	1	3.0837979830072557	2	0	U4	8.0
8Y6O	minor-preB	J	RNU4ATAC	15	0	0	5.5	2	0	U4	9.0
8Y6O	minor-preB	J	RNU4ATAC	16	0	0	5.5	2	0	U4	10.0
8Y6O	minor-preB	J	RNU4ATAC	17	0	0	5.5	3	0	U4	11.0
8Y6O	minor-preB	J	RNU4ATAC	18	1	1	3.658047976721982	3	0	U4	12.0
8Y6O	minor-preB	J	RNU4ATAC	19	3	1	2.908922480919668	2	0	U4	13.0
8Y6O	minor-preB	J	RNU4ATAC	20	3	1	3.0377613467814966	2	0	U4	14.0
8Y6O	minor-preB	J	RNU4ATAC	23	1	1	3.7251370444589247	0	0	U4	17.0
8Y6O	minor-preB	J	RNU4ATAC	24	0	0	5.5	0	0	U4	18.0
8Y6O	minor-preB	J	RNU4ATAC	25	0	0	5.5	1	0	U4	19.0
8Y6O	minor-preB	J	RNU4ATAC	26	1	1	2.417731995073091	2	0	U4	20.0
8Y6O	minor-preB	J	RNU4ATAC	27	2	1	2.746623017452537	0	0	U4	21.0
8Y6O	minor-preB	J	RNU4ATAC	28	1	1	2.6355819091805945	0	0	U4	22.0
8Y6O	minor-preB	J	RNU4ATAC	29	0	0	5.5	0	0	U4	23.0
8Y6O	minor-preB	J	RNU4ATAC	30	0	0	5.5	0	0	U4	24.0
8Y6O	minor-preB	J	RNU4ATAC	31	1	1	2.4091965465690057	0	0	U4	27.0
8Y6O	minor-preB	J	RNU4ATAC	32	2	1	3.379085083273269	0	0	U4	28.0
8Y6O	minor-preB	J	RNU4ATAC	33	3	2	2.9860780297908924	0	0	U4	29.0
8Y6O	minor-preB	J	RNU4ATAC	34	6	1	3.2911534452225286	0	0	U4	30.0
8Y6O	minor-preB	J	RNU4ATAC	35	10	2	3.073070614222869	0	0	U4	31.0
8Y6O	minor-preB	J	RNU4ATAC	36	7	2	2.489352325405116	0	0	U4	32.0
8Y6O	minor-preB	J	RNU4ATAC	37	1	1	3.806909639064169	0	0	U4	33.0
8Y6O	minor-preB	J	RNU4ATAC	38	2	1	2.7585130052258457	0	0	U4	34.0
8Y6O	minor-preB	J	RNU4ATAC	40	6	1	2.389083087713802	0	0	U4	35.0
8Y6O	minor-preB	J	RNU4ATAC	41	2	1	3.9733304670012077	0	0	U4	36.0
8Y6O	minor-preB	J	RNU4ATAC	42	0	0	5.5	0	0	U4	37.0
8Y6O	minor-preB	J	RNU4ATAC	43	4	2	3.128201560002189	0	0	U4	38.0
8Y6O	minor-preB	J	RNU4ATAC	44	9	2	2.496569446260191	0	0	U4	39.0
8Y6O	minor-preB	J	RNU4ATAC	45	4	2	2.678293113159976	0	0	U4	41.0
8Y6O	minor-preB	J	RNU4ATAC	46	2	2	3.1494388389045107	0	0	U4	42.0
8Y6O	minor-preB	J	RNU4ATAC	47	4	2	3.008077791547259	0	0	U4	43.0
8Y6O	minor-preB	J	RNU4ATAC	48	1	1	4.325716356859249	0	0	U4	44.0
8Y6O	minor-preB	J	RNU4ATAC	49	0	0	5.5	0	0	U4	45.0
8Y6O	minor-preB	J	RNU4ATAC	50	0	0	5.5	0	0	U4	46.0
8Y6O	minor-preB	J	RNU4ATAC	51	0	0	5.5	0	0	U4	48.0
8Y6O	minor-preB	J	RNU4ATAC	52	0	0	5.5	0	0	U4	49.0
8Y6O	minor-preB	J	RNU4ATAC	53	2	1	2.8431442102010642	0	0	U4	51.0
8Y6O	minor-preB	J	RNU4ATAC	54	3	1	2.693192343669514	0	0	U4	52.0
8Y6O	minor-preB	J	RNU4ATAC	55	2	2	3.773072355521404	0	0	U4	53.0
8Y6O	minor-preB	J	RNU4ATAC	56	0	0	5.5	0	0	U4	54.0
8Y6O	minor-preB	J	RNU4ATAC	57	0	0	5.5	0	0	U4	55.0
8Y6O	minor-preB	J	RNU4ATAC	58	2	1	3.275811655147439	2	0	U4	56.0
8Y6O	minor-preB	J	RNU4ATAC	59	3	1	2.9895131710698037	3	0	U4	57.0
8Y6O	minor-preB	J	RNU4ATAC	60	3	1	2.8260074309881205	2	0	U4	58.0
8Y6O	minor-preB	J	RNU4ATAC	61	0	0	5.5	2	0	U4	59.0
8Y6O	minor-preB	J	RNU4ATAC	62	0	0	5.5	2	0	U4	60.0
8Y6O	minor-preB	J	RNU4ATAC	63	1	1	2.832876453359759	2	0	U4	61.0
8Y6O	minor-preB	J	RNU4ATAC	80	2	1	3.7112342960260554	2	0	U4	83.0
8Y6O	minor-preB	J	RNU4ATAC	81	2	1	2.8862815178010464	0	0	U4	84.0
8Y6O	minor-preB	J	RNU4ATAC	82	1	1	3.702691048413309	0	0	U4	85.0
8Y6O	minor-preB	J	RNU4ATAC	83	2	2	3.422032729241473	0	0	U4	87.0
8Y6O	minor-preB	J	RNU4ATAC	84	2	2	2.3966923039889756	0	0	U4	88.0
8Y6O	minor-preB	J	RNU4ATAC	85	0	0	5.5	0	0	U4	89.0
8Y6O	minor-preB	J	RNU4ATAC	86	1	1	3.347895458343934	0	0	U4	92.0
8Y6O	minor-preB	J	RNU4ATAC	87	2	1	2.397325801804984	0	0	U4	93.0
8Y6O	minor-preB	J	RNU4ATAC	88	1	1	4.428196133867621	0	0	U4	94.0
8Y6O	minor-preB	J	RNU4ATAC	89	0	0	5.5	0	0	U4	95.0
8Y6O	minor-preB	J	RNU4ATAC	90	0	0	5.5	0	0	U4	96.0
8Y6O	minor-preB	J	RNU4ATAC	91	0	0	5.5	0	0	U4	97.0
8Y6O	minor-preB	J	RNU4ATAC	92	0	0	5.5	0	0	U4	98.0
8Y6O	minor-preB	J	RNU4ATAC	93	0	0	5.5	0	0	U4	99.0
8Y6O	minor-preB	J	RNU4ATAC	94	0	0	5.5	0	0	U4	100.0
8Y6O	minor-preB	J	RNU4ATAC	95	0	0	5.5	0	0	U4	101.0
8Y6O	minor-preB	J	RNU4ATAC	100	0	0	5.5	0	0	U4	106.0
8Y6O	minor-preB	J	RNU4ATAC	101	0	0	5.5	0	0	U4	108.0
8Y6O	minor-preB	J	RNU4ATAC	102	0	0	5.5	0	0	U4	109.0
8Y6O	minor-preB	J	RNU4ATAC	103	0	0	5.5	0	0	U4	110.0
8Y6O	minor-preB	J	RNU4ATAC	104	0	0	5.5	0	0	U4	111.0
8Y6O	minor-preB	J	RNU4ATAC	105	0	0	5.5	0	0	U4	112.0
8Y6O	minor-preB	J	RNU4ATAC	106	0	0	5.5	0	0	U4	113.0
8Y6O	minor-preB	J	RNU4ATAC	107	0	0	5.5	0	0	U4	114.0
8Y6O	minor-preB	J	RNU4ATAC	111	3	1	3.907056948650743	0	0	U4	115.0
8Y6O	minor-preB	J	RNU4ATAC	113	1	1	3.567555745885399	0	0	U4	116.0
8Y6O	minor-preB	J	RNU4ATAC	114	2	2	2.8536956740339674	0	0	U4	117.0
8Y6O	minor-preB	J	RNU4ATAC	115	8	3	2.625635542111663	0	0	U4	118.0
8Y6O	minor-preB	J	RNU4ATAC	116	7	2	2.4358801284135874	0	0	U4	119.0
8Y6O	minor-preB	J	RNU4ATAC	117	7	2	2.302208939258135	0	0	U4	120.0
8Y6O	minor-preB	J	RNU4ATAC	118	11	3	2.622155601790246	0	0	U4	121.0
8Y6O	minor-preB	J	RNU4ATAC	119	9	3	2.2795545617510236	0	0	U4	122.0
8Y6O	minor-preB	J	RNU4ATAC	120	10	3	2.3674042747279067	0	0	U4	123.0
8Y6O	minor-preB	J	RNU4ATAC	121	8	3	2.322719526761703	0	0	U4	124.0
8Y6O	minor-preB	J	RNU4ATAC	123	11	3	2.8065042312457176	0	0	U4	125.0
8Y6O	minor-preB	J	RNU4ATAC	124	3	3	2.5505628790524106	0	0	U4	126.0
8Y6O	minor-preB	J	RNU4ATAC	125	5	3	2.288333236222393	0	0	U4	127.0
8Y6O	minor-preB	J	RNU4ATAC	126	0	0	5.5	0	0	U4	128.0
8Y6O	minor-preB	J	RNU4ATAC	127	1	1	4.277348010157672	0	0	U4	129.0
8Y6O	minor-preB	K	RNU6ATAC	23	1	1	4.210746964613287	1	0	U6	50.0
8Y6O	minor-preB	K	RNU6ATAC	24	0	0	5.5	2	0	U6	51.0
8Y6O	minor-preB	K	RNU6ATAC	25	1	1	3.2737664852582182	2	0	U6	52.0
8Y6O	minor-preB	K	RNU6ATAC	26	5	1	2.6351525572536008	2	0	U6	53.0
8Y6O	minor-preB	K	RNU6ATAC	27	4	1	2.8861864111661566	3	0	U6	54.0
8Y6O	minor-preB	K	RNU6ATAC	28	2	1	2.6926325408417937	2	0	U6	55.0
8Y6O	minor-preB	K	RNU6ATAC	29	0	0	5.5	2	0	U6	56.0
8Y6O	minor-preB	K	RNU6ATAC	30	0	0	5.5	2	0	U6	58.0
8Y6O	minor-preB	K	RNU6ATAC	31	1	1	2.760798073021656	3	0	U6	59.0
8Y6O	minor-preB	K	RNU6ATAC	32	3	1	3.9849087818920115	5	0	U6	60.0
8Y6O	minor-preB	K	RNU6ATAC	33	1	1	3.3316935633397806	3	0	U6	61.0
8Y6O	minor-preB	K	RNU6ATAC	34	0	0	5.5	2	0	U6	62.0
8Y6O	minor-preB	K	RNU6ATAC	35	0	0	5.5	2	0	U6	63.0
8Y6O	minor-preB	K	RNU6ATAC	36	0	0	5.5	2	0	U6	64.0
8Y6O	minor-preB	K	RNU6ATAC	37	1	1	3.3367181481210078	2	0	U6	65.0
8Y6O	minor-preB	K	RNU6ATAC	38	0	0	5.5	2	0	U6	66.0
8Y6O	minor-preB	K	RNU6ATAC	39	0	0	5.5	2	0	U6	67.0
8Y6O	minor-preB	K	RNU6ATAC	40	0	0	5.5	2	0	U6	68.0
8Y6O	minor-preB	K	RNU6ATAC	41	1	1	4.015270601092794	2	0	U6	69.0
8Y6O	minor-preB	K	RNU6ATAC	42	1	1	3.473435619095276	2	0	U6	70.0
8Y6O	minor-preB	K	RNU6ATAC	43	1	1	3.988576312420235	2	0	U6	71.0
8Y6O	minor-preB	K	RNU6ATAC	44	1	1	3.3637205591428176	2	0	U6	72.0
8Y6O	minor-preB	K	RNU6ATAC	45	2	1	2.888866040507896	3	0	U6	73.0
8Y6O	minor-preB	K	RNU6ATAC	46	1	1	2.7816126617485994	2	0	U6	74.0
8Y6O	minor-preB	K	RNU6ATAC	47	2	1	2.9558702610229415	2	0	U6	75.0
8Y6O	minor-preB	K	RNU6ATAC	50	5	2	2.9722829609577914	0	0	U6	76.0
8Y6O	minor-preB	K	RNU6ATAC	51	1	1	2.7476684661726893	0	0	U6	77.0
8Y6O	minor-preB	K	RNU6ATAC	52	5	1	2.4846887128974338	0	0	U6	78.0
8Y6O	minor-preB	K	RNU6ATAC	53	1	1	3.6865471650312274	0	0	U6	79.0
8Y6O	minor-preB	K	RNU6ATAC	54	0	0	5.5	0	0	U6	80.0
8Y6O	minor-preB	K	RNU6ATAC	55	0	0	5.5	0	0	U6	81.0
8Y6O	minor-preB	K	RNU6ATAC	56	0	0	5.5	0	0	U6	84.0
8Y6O	minor-preB	K	RNU6ATAC	57	0	0	5.5	0	0	U6	85.0
8Y6O	minor-preB	K	RNU6ATAC	58	0	0	5.5	0	0	U6	86.0
8Y6O	minor-preB	K	RNU6ATAC	60	0	0	5.5	0	0	U6	88.0
8Y6O	minor-preB	K	RNU6ATAC	65	3	1	2.639696384056278	0	0	U6	89.0
8Y6O	minor-preB	K	RNU6ATAC	66	3	1	2.9897279140416364	0	0	U6	90.0
8Y6O	minor-preB	K	RNU6ATAC	67	3	1	2.7333252642156816	0	0	U6	91.0
8Y6O	minor-preB	P	RNU11	1	0	0	5.5	0	1	U1	32.0
8Y6O	minor-preB	P	RNU11	2	1	1	3.597408094725991	0	2	U1	33.0
8Y6O	minor-preB	P	RNU11	3	1	1	2.937897377377252	0	2	U1	34.0
8Y6O	minor-preB	P	RNU11	4	0	0	5.5	0	2	U1	35.0
8Y6O	minor-preB	P	RNU11	5	3	1	3.9547796398788333	0	2	U1	36.0
8Y6O	minor-preB	P	RNU11	6	1	1	2.90304064732137	0	3	U1	37.0
8Y6O	minor-preB	P	RNU11	7	7	1	2.5567444142893683	0	2	U1	38.0
8Y6O	minor-preB	P	RNU11	8	5	2	2.759955072098078	0	0	U1	40.0
8Y6O	minor-preB	P	RNU11	9	3	2	2.7699286994433576	0	0	U1	41.0
8Y6O	minor-preB	P	RNU11	10	1	1	3.919742466030146	0	0	U1	42.0
8Y6O	minor-preB	P	RNU11	11	0	0	5.5	0	0	U1	43.0
8Y6O	minor-preB	P	RNU11	12	0	0	5.5	0	0	U1	44.0
8Y6O	minor-preB	P	RNU11	13	0	0	5.5	0	0	U1	45.0
8Y6O	minor-preB	P	RNU11	14	0	0	5.5	0	0	U1	46.0
8Y6O	minor-preB	P	RNU11	15	0	0	5.5	0	0	U1	47.0
8Y6O	minor-preB	P	RNU11	16	0	0	5.5	0	0	U1	48.0
8Y6O	minor-preB	P	RNU11	17	0	0	5.5	0	0	U1	50.0
8Y6O	minor-preB	P	RNU11	18	1	1	3.152898824891161	0	0	U1	51.0
8Y6O	minor-preB	P	RNU11	19	6	2	2.746650687655761	0	0	U1	52.0
8Y6O	minor-preB	P	RNU11	20	5	2	3.734168046566733	0	0	U1	53.0
8Y6O	minor-preB	P	RNU11	21	4	1	2.597008086240766	0	0	U1	54.0
8Y6O	minor-preB	P	RNU11	22	2	2	3.2701055028851767	0	0	U1	55.0
8Y6O	minor-preB	P	RNU11	23	3	1	2.9759089367788247	0	0	U1	56.0
8Y6O	minor-preB	P	RNU11	24	1	1	3.8457069571146674	0	0	U1	57.0
8Y6O	minor-preB	P	RNU11	25	0	0	5.5	0	0	U1	58.0
8Y6O	minor-preB	P	RNU11	26	0	0	5.5	0	0	U1	59.0
8Y6O	minor-preB	P	RNU11	27	0	0	5.5	0	0	U1	60.0
8Y6O	minor-preB	P	RNU11	28	0	0	5.5	0	0	U1	61.0
8Y6O	minor-preB	P	RNU11	29	0	0	5.5	0	0	U1	62.0
8Y6O	minor-preB	P	RNU11	30	0	0	5.5	0	0	U1	63.0
8Y6O	minor-preB	P	RNU11	31	0	0	5.5	0	0	U1	64.0
8Y6O	minor-preB	P	RNU11	32	1	1	2.7152535793181825	0	0	U1	65.0
8Y6O	minor-preB	P	RNU11	33	1	1	3.122955170987903	0	0	U1	66.0
8Y6O	minor-preB	P	RNU11	34	0	0	5.5	0	0	U1	67.0
8Y6O	minor-preB	P	RNU11	35	0	0	5.5	0	0	U1	68.0
8Y6O	minor-preB	P	RNU11	36	0	0	5.5	0	0	U1	69.0
8Y6O	minor-preB	P	RNU11	38	0	0	5.5	0	0	U1	70.0
8Y6O	minor-preB	P	RNU11	39	0	0	5.5	0	0	U1	71.0
8Y6O	minor-preB	P	RNU11	43	0	0	5.5	0	0	U1	77.0
8Y6O	minor-preB	P	RNU11	44	0	0	5.5	0	0	U1	78.0
8Y6O	minor-preB	P	RNU11	45	0	0	5.5	0	0	U1	80.0
8Y6O	minor-preB	P	RNU11	46	0	0	5.5	0	0	U1	81.0
8Y6O	minor-preB	P	RNU11	47	0	0	5.5	0	0	U1	82.0
8Y6O	minor-preB	P	RNU11	48	0	0	5.5	0	0	U1	83.0
8Y6O	minor-preB	P	RNU11	49	0	0	5.5	0	0	U1	85.0
8Y6O	minor-preB	P	RNU11	50	0	0	5.5	0	0	U1	86.0
8Y6O	minor-preB	P	RNU11	51	2	1	2.889215291389667	0	0	U1	87.0
8Y6O	minor-preB	P	RNU11	52	2	1	2.646531503685556	0	0	U1	88.0
8Y6O	minor-preB	P	RNU11	53	1	1	4.379246624706106	0	0	U1	89.0
8Y6O	minor-preB	P	RNU11	54	2	1	3.079315508355717	0	0	U1	90.0
8Y6O	minor-preB	P	RNU11	55	0	0	5.5	0	0	U1	91.0
8Y6O	minor-preB	P	RNU11	56	0	0	5.5	0	0	U1	92.0
8Y6O	minor-preB	P	RNU11	57	0	0	5.5	0	0	U1	93.0
8Y6O	minor-preB	P	RNU11	58	0	0	5.5	0	0	U1	94.0
8Y6O	minor-preB	P	RNU11	59	0	0	5.5	0	0	U1	95.0
8Y6O	minor-preB	P	RNU11	60	0	0	5.5	0	1	U1	96.0
8Y6O	minor-preB	P	RNU11	61	0	0	5.5	0	2	U1	97.0
8Y6O	minor-preB	P	RNU11	62	2	2	2.566983054092892	0	2	U1	100.0
8Y6O	minor-preB	P	RNU11	63	3	2	2.5416138573748923	0	0	U1	101.0
8Y6O	minor-preB	P	RNU11	64	2	1	2.9080120357385466	0	0	U1	102.0
8Y6O	minor-preB	P	RNU11	65	4	3	2.602281498992744	0	0	U1	103.0
8Y6O	minor-preB	P	RNU11	66	6	1	2.668627737246231	0	0	U1	104.0
8Y6O	minor-preB	P	RNU11	67	14	1	2.4913767278354637	0	0	U1	105.0
8Y6O	minor-preB	P	RNU11	68	14	1	2.4971623895934476	0	0	U1	106.0
8Y6O	minor-preB	P	RNU11	69	13	1	2.2916528969283205	0	0	U1	107.0
8Y6O	minor-preB	P	RNU11	70	15	2	2.4194534506784677	0	0	U1	108.0
8Y6O	minor-preB	P	RNU11	71	5	2	3.0863527018148957	0	0	U1	109.0
8Y6O	minor-preB	P	RNU11	72	3	2	2.430930274606831	0	0	U1	110.0
8Y6O	minor-preB	P	RNU11	73	3	1	2.2872511886541957	0	0	U1	111.0
8Y6O	minor-preB	P	RNU11	74	6	1	2.519343168367492	0	0	U1	112.0
8Y6O	minor-preB	P	RNU11	75	5	2	2.536814537958976	0	2	U1	113.0
8Y6O	minor-preB	P	RNU11	76	3	1	2.958857211830233	0	2	U1	114.0
8Y6O	minor-preB	P	RNU11	77	3	1	2.7451444406442302	0	2	U1	115.0
8Y6O	minor-preB	P	RNU11	78	1	1	3.8032649132028604	0	1	U1	116.0
8Y6O	minor-preB	P	RNU11	79	1	1	3.955343853573294	0	0	U1	117.0
8Y6O	minor-preB	P	RNU11	80	1	1	3.748307484718926	0	0	U1	118.0
8Y6O	minor-preB	P	RNU11	81	0	0	5.5	0	0	U1	119.0
8Y6O	minor-preB	P	RNU11	82	0	0	5.5	0	0	U1	120.0
8Y6O	minor-preB	P	RNU11	83	2	1	3.1319696677969335	0	0	U1	121.0
8Y6O	minor-preB	P	RNU11	84	4	2	3.620572468546944	0	0	U1	122.0
8Y6O	minor-preB	P	RNU11	85	4	1	3.0866520697998854	0	0	U1	123.0
8Y6O	minor-preB	P	RNU11	86	2	2	3.0227750495198986	0	0	U1	124.0
8Y6O	minor-preB	P	RNU11	87	6	2	2.292565811487222	0	0	U1	125.0
8Y6O	minor-preB	P	RNU11	88	6	2	2.340128628943273	0	0	U1	126.0
8Y6O	minor-preB	P	RNU11	90	11	3	2.7802909919646854	0	0	U1	127.0
8Y6O	minor-preB	P	RNU11	91	8	3	2.6691693464447064	0	0	U1	128.0
8Y6O	minor-preB	P	RNU11	92	10	3	2.836614002644675	0	0	U1	129.0
8Y6O	minor-preB	P	RNU11	93	7	3	2.492087478400377	0	0	U1	130.0
8Y6O	minor-preB	P	RNU11	94	7	3	2.437318608635342	0	0	U1	131.0
8Y6O	minor-preB	P	RNU11	95	9	3	2.508575093554108	0	0	U1	132.0
8Y6O	minor-preB	P	RNU11	96	0	0	5.5	0	0	U1	133.0
8Y6O	minor-preB	P	RNU11	97	4	3	2.5899353273778627	0	0	U1	134.0
8Y6O	minor-preB	P	RNU11	98	7	2	3.035104611047191	0	0	U1	135.0
8Y6O	minor-preB	P	RNU11	99	0	0	5.5	0	0	U1	136.0
8Y6O	minor-preB	P	RNU11	100	0	0	5.5	0	0	U1	137.0
8Y6O	minor-preB	P	RNU11	101	1	1	2.8818081129735065	0	0	U1	138.0
8Y6O	minor-preB	P	RNU11	102	1	1	3.223651035704702	0	0	U1	139.0
8Y6O	minor-preB	P	RNU11	103	0	0	5.5	0	0	U1	140.0
8Y6O	minor-preB	P	RNU11	104	1	1	2.5072798008997426	0	0	U1	141.0
8Y6O	minor-preB	P	RNU11	105	2	1	3.2784534463676582	0	0	U1	142.0
8Y6O	minor-preB	P	RNU11	106	8	2	2.9504825029137067	0	0	U1	143.0
8Y6O	minor-preB	P	RNU11	108	8	2	2.523861723629088	0	0	U1	144.0
8Y6O	minor-preB	P	RNU11	109	3	2	2.8188877239081616	0	0	U1	145.0
8Y6O	minor-preB	P	RNU11	110	1	1	3.751280581348178	0	0	U1	146.0
8Y6O	minor-preB	P	RNU11	111	0	0	5.5	0	0	U1	148.0
8Y6O	minor-preB	P	RNU11	112	0	0	5.5	0	0	U1	149.0
8Y6O	minor-preB	P	RNU11	113	0	0	5.5	0	0	U1	150.0
8Y6O	minor-preB	P	RNU11	114	0	0	5.5	0	0	U1	151.0
8Y6O	minor-preB	P	RNU11	115	0	0	5.5	0	0	U1	152.0
8Y6O	minor-preB	P	RNU11	122	0	0	5.5	0	0	U1	159.0
8Y6O	minor-preB	P	RNU11	123	2	1	2.665916352776294	0	0	U1	160.0
8Y6O	minor-preB	P	RNU11	124	1	1	2.748120448597541	0	0	U1	161.0
8Y6O	minor-preB	P	RNU11	125	2	1	2.5866292737846828	0	0	U1	162.0
8Y6O	minor-preB	P	RNU11	126	2	1	2.9105671268671918	0	0	U1	163.0
8Y6O	minor-preB	P	RNU11	127	3	3	4.368948271609557	0	0	U1	164.0
