gene_id	gene_name	gene_type	chrom	start	end	strand	length	disease_modes	first_reported	evidence	is_disease_gene	paralog_group	likely_pseudogene
ENSG00000277428.1	Y_RNA	misc_RNA	GL000195.1	37434	37534	-	101				False		False
ENSG00000276932.1	Y_RNA	misc_RNA	GL000205.2	93050	93150	-	101				False		False
ENSG00000278793.1	U6	snRNA	GL000213.1	127840	127946	-	107				False		False
ENSG00000274202.1	U2	snRNA	GL000216.2	93197	93309	-	113				False		False
ENSG00000276197.1	pRNA	misc_RNA	GL000220.1	105287	105376	+	90				False		False
ENSG00000276711.1	U2	snRNA	GL000225.1	183252	183364	+	113				False		False
ENSG00000275405.1	U1	snRNA	KI270713.1	21861	22024	-	164				False		False
ENSG00000273532.1	H19_1	misc_RNA	KI270721.1	51722	51792	+	71				False		False
ENSG00000276351.1	H19_2	misc_RNA	KI270721.1	52666	52734	+	69				False		False
ENSG00000275661.1	H19_3	misc_RNA	KI270721.1	52895	53010	+	116				False		False
ENSG00000277890.1	U6	snRNA	KI270727.1	34890	34996	+	107				False		False
ENSG00000273739.1	pRNA	misc_RNA	KI270733.1	122136	122225	+	90				False		False
ENSG00000278625.1	U6	snRNA	KI270744.1	51009	51114	-	106				False		False
ENSG00000277374.1	U1	snRNA	KI270750.1	148668	148843	+	176				False		False
ENSG00000222623.1	RNU6-1100P	snRNA	chr1	157784	157887	-	104				False		True
ENSG00000278757.1	U6	snRNA	chr1	516376	516479	-	104				False		False
ENSG00000223181.1	RNU6-1199P	snRNA	chr1	758233	758336	-	104				False		True
ENSG00000264293.2	RN7SL657P	misc_RNA	chr1	1405460	1405752	-	293				False		True
ENSG00000276189.1	TP73-AS1	misc_RNA	chr1	3736943	3737103	+	161				False		False
ENSG00000266075.2	RN7SL574P	misc_RNA	chr1	3782815	3783111	+	297				False		True
ENSG00000253022.1	RNU6-731P	snRNA	chr1	6540854	6540964	+	111				False		True
ENSG00000207056.1	RNU1-8P	snRNA	chr1	7219360	7219524	+	165				False		True
ENSG00000200975.1	RNU1-7P	snRNA	chr1	8206434	8206597	-	164				False		True
ENSG00000251977.1	RNU6-991P	snRNA	chr1	8292157	8292263	-	107				False		True
ENSG00000221083.1	SNORA77	snoRNA	chr1	8511795	8511919	-	125				False		False
ENSG00000201725.1	RNU6-304P	snRNA	chr1	8883427	8883533	-	107				False		True
ENSG00000265141.2	RN7SL451P	misc_RNA	chr1	8979576	8979874	-	299				False		True
ENSG00000202415.1	RN7SKP269	misc_RNA	chr1	9947318	9947636	+	319				False		False
ENSG00000201746.1	RNU6-828P	snRNA	chr1	10163268	10163374	+	107				False		True
ENSG00000199562.1	RNU6-37P	snRNA	chr1	10298966	10299072	+	107				False		True
ENSG00000264501.2	RN7SL731P	misc_RNA	chr1	10306465	10306757	+	293				False		True
ENSG00000243267.3	RN7SL614P	misc_RNA	chr1	10616836	10617115	+	280				False		True
ENSG00000253086.1	RNU6-537P	snRNA	chr1	11152350	11152452	+	103				False		True
ENSG00000207451.1	RNU6-291P	snRNA	chr1	11226254	11226360	+	107				False		True
ENSG00000276470.1	NPPA-AS1_1	misc_RNA	chr1	11843812	11843984	+	173				False		False
ENSG00000278852.1	NPPA-AS1_2	misc_RNA	chr1	11845549	11845697	+	149				False		False
ENSG00000275915.1	NPPA-AS1_3	misc_RNA	chr1	11847442	11847549	+	108				False		False
ENSG00000199347.1	RNU5E-1	snRNA	chr1	11908152	11908271	+	120				False	U5	False
ENSG00000201801.1	RNU5E-4P	snRNA	chr1	11909808	11909927	-	120				False		True
ENSG00000243539.3	RN7SL649P	misc_RNA	chr1	12036740	12037014	-	275				False		True
ENSG00000201135.1	RNU6-777P	snRNA	chr1	12077881	12077984	-	104				False		True
ENSG00000252969.1	SNORA70	snoRNA	chr1	12221148	12221271	-	124				False		False
ENSG00000239149.1	SNORA59A	snoRNA	chr1	12507246	12507397	+	152				False		False
ENSG00000221340.1	RNU6ATAC18P	snRNA	chr1	12569972	12570072	-	101				False		True
ENSG00000207434.1	RNU6-1072P	snRNA	chr1	12922554	12922660	+	107				False		True
ENSG00000207511.1	RNU6-443P	snRNA	chr1	13279125	13279231	-	107				False		True
ENSG00000253085.1	SCARNA11	scaRNA	chr1	13696070	13696199	-	130				False		False
ENSG00000252151.1	RNU6-1265P	snRNA	chr1	14124233	14124335	-	103				False		True
ENSG00000251866.1	SCARNA21B	scaRNA	chr1	15542165	15542304	+	140				False		False
ENSG00000252417.1	RNU7-179P	snRNA	chr1	15608078	15608145	-	68				False		True
ENSG00000206652.1	RNU1-1	snRNA	chr1	16514122	16514285	-	164				False	U1	False
ENSG00000277344.1	RNU1-6P	snRNA	chr1	16534081	16534224	-	144				False		True
ENSG00000207513.1	RNU1-3	snRNA	chr1	16666785	16666948	-	164				False	U1	False
ENSG00000207389.1	RNU1-4	snRNA	chr1	16740516	16740679	+	164				False	U1	False
ENSG00000277234.1	RNU1-5P	snRNA	chr1	16873708	16873851	+	144				False		True
ENSG00000207005.1	RNU1-2	snRNA	chr1	16895980	16896143	+	164				False	U1	False
ENSG00000200403.1	RNU6-1099P	snRNA	chr1	19305076	19305182	-	107				False		True
ENSG00000240490.3	RN7SL277P	misc_RNA	chr1	19424384	19424671	+	288				False		True
ENSG00000201609.1	RNU4-28P	snRNA	chr1	19510593	19510733	+	141				False		True
ENSG00000242688.3	RN7SL304P	misc_RNA	chr1	19970969	19971269	+	301				False		True
ENSG00000251914.1	RNU7-200P	snRNA	chr1	20841241	20841302	+	62				False		True
ENSG00000273610.1	RN7SL386P	misc_RNA	chr1	21987481	21987777	+	297				False		True
ENSG00000201919.1	RNU6-1022P	snRNA	chr1	21987816	21987919	+	104				False		True
ENSG00000278124.1	RN7SL186P	misc_RNA	chr1	22010650	22010946	+	297				False		True
ENSG00000201273.1	RNU6-776P	snRNA	chr1	22010985	22011088	+	104				False		True
ENSG00000206935.1	RNU6-514P	snRNA	chr1	23162704	23162810	+	107				False		True
ENSG00000252578.1	RNU6-135P	snRNA	chr1	23163953	23164053	+	101				False		True
ENSG00000238482.1	RNU6-1208P	snRNA	chr1	24777873	24777979	-	107				False		True
ENSG00000207237.1	RNU6-110P	snRNA	chr1	25964197	25964300	+	104				False		True
ENSG00000252190.1	SCARNA17	scaRNA	chr1	26006006	26006130	+	125				False		False
ENSG00000252691.1	SCARNA18	scaRNA	chr1	26006216	26006299	+	84				False		False
ENSG00000243905.3	RN7SL679P	misc_RNA	chr1	26593243	26593546	-	304				False		True
ENSG00000252429.2	RNU7-29P	snRNA	chr1	26602369	26602432	-	64				False		True
ENSG00000241188.3	RN7SL165P	misc_RNA	chr1	26814822	26815112	+	291				False		True
ENSG00000206888.1	RNU6-48P	snRNA	chr1	27325219	27325325	+	107				False		True
ENSG00000206767.1	RNU6-949P	snRNA	chr1	27675603	27675709	-	107				False		True
ENSG00000207095.1	RNU6-424P	snRNA	chr1	27693731	27693835	+	105				False		True
ENSG00000223062.1	RNU6-1245P	snRNA	chr1	27824538	27824643	+	106				False		True
ENSG00000252947.1	SCARNA1	scaRNA	chr1	27834401	27834566	+	166				False		False
ENSG00000240750.3	RN7SL559P	misc_RNA	chr1	28031884	28032180	-	297				False		True
ENSG00000253005.1	RNU6-176P	snRNA	chr1	28142737	28142841	-	105				False		True
ENSG00000221216.1	RNU6ATAC27P	snRNA	chr1	28481362	28481480	+	119				False		True
ENSG00000274266.1	SNORA73A	snoRNA	chr1	28507366	28507571	+	206				False		False
ENSG00000200087.1	SNORA73B	snoRNA	chr1	28508559	28508762	+	204				False		False
ENSG00000221539.1	SNORD99	snoRNA	chr1	28578749	28578822	-	74				False		False
ENSG00000278274.1	SNORA61	snoRNA	chr1	28579764	28579893	-	130				False		False
ENSG00000273544.1	SNORA44	snoRNA	chr1	28580381	28580512	-	132				False		False
ENSG00000274582.1	SNORA16A	snoRNA	chr1	28580920	28581056	-	137				False		False
ENSG00000274978.1	RNU11	snRNA	chr1	28648600	28648733	+	134				False	U11	False
ENSG00000252777.1	SCARNA24	scaRNA	chr1	28689665	28689794	+	130				False		False
ENSG00000222784.1	RN7SKP91	misc_RNA	chr1	30843823	30844110	+	288				False		False
ENSG00000266210.2	RN7SL371P	misc_RNA	chr1	30918469	30918735	-	267				False		True
ENSG00000206981.1	RNU6-40P	snRNA	chr1	31497577	31497683	-	107				False		True
ENSG00000263529.2	RN7SL122P	misc_RNA	chr1	32457835	32458135	+	301				False		True
ENSG00000276645.1	Metazoa_SRP	misc_RNA	chr1	33029232	33029576	-	345				False		True
ENSG00000222112.1	RN7SKP16	misc_RNA	chr1	33336566	33336864	-	299				False		False
ENSG00000240374.3	RN7SL503P	misc_RNA	chr1	35292196	35292498	-	303				False		True
ENSG00000201542.1	SNORA62	snoRNA	chr1	35310274	35310425	+	152				False		False
ENSG00000264592.2	RN7SL131P	misc_RNA	chr1	36191915	36192170	+	256				False		True
ENSG00000222821.1	RNU4-27P	snRNA	chr1	36402721	36402859	-	139				False		True
ENSG00000201448.1	SNORA63C	snoRNA	chr1	36418450	36418578	-	129				False		False
ENSG00000207328.1	RNU6-636P	snRNA	chr1	37203610	37203716	+	107				False		True
ENSG00000222282.1	RNU6-584P	snRNA	chr1	37885023	37885117	+	95				False		True
ENSG00000212541.1	RNU6-510P	snRNA	chr1	37991462	37991569	+	108				False		True
ENSG00000200796.1	RNU6-753P	snRNA	chr1	38396659	38396765	+	107				False		True
ENSG00000199963.1	RNU6-605P	snRNA	chr1	38926870	38926977	+	108				False		True
ENSG00000206654.1	RNU6-608P	snRNA	chr1	39120940	39121043	-	104				False		True
ENSG00000201457.1	SNORA55	snoRNA	chr1	39567374	39567508	-	135				False		False
ENSG00000252413.1	RNU7-121P	snRNA	chr1	39723566	39723627	-	62				False		True
ENSG00000207508.1	RNU6-1237P	snRNA	chr1	40177843	40177949	+	107				False		True
ENSG00000264582.2	RN7SL326P	misc_RNA	chr1	40804846	40805141	+	296				False		True
ENSG00000200254.1	RNU6-536P	snRNA	chr1	42569033	42569139	+	107				False		True
ENSG00000207256.1	RNU6-880P	snRNA	chr1	42991438	42991544	+	107				False		True
ENSG00000239560.3	RN7SL479P	misc_RNA	chr1	44117098	44117397	-	300				False		True
ENSG00000199385.1	RNU6-369P	snRNA	chr1	44390722	44390823	+	102				False		True
ENSG00000199377.1	RNU5F-1	snRNA	chr1	44721786	44721902	-	117				False	U5	False
ENSG00000200169.1	RNU5D-1	snRNA	chr1	44731055	44731170	-	116				False	U5	False
ENSG00000264294.1	SNORD55	snoRNA	chr1	44775864	44775943	+	80				False		False
ENSG00000200913.1	SNORD46	snoRNA	chr1	44776490	44776593	+	104				False		False
ENSG00000202031.1	SNORD38A	snoRNA	chr1	44777843	44777912	+	70				False		False
ENSG00000281859.1	SNORD38B	snoRNA	chr1	44778390	44778458	+	69				False		False
ENSG00000202444.1	RNU5E-6P	snRNA	chr1	44819883	44819997	-	115				False		True
ENSG00000206700.1	RNU6-723P	snRNA	chr1	48344209	48344315	+	107				False		True
ENSG00000223175.1	RNU4-61P	snRNA	chr1	48447936	48448042	+	107				False		True
ENSG00000207194.1	RNU6-1026P	snRNA	chr1	50582404	50582511	+	108				False		True
ENSG00000206595.1	RNU6-877P	snRNA	chr1	51382308	51382414	+	107				False		True
ENSG00000252032.1	RNU6-1281P	snRNA	chr1	51538625	51538729	-	105				False		True
ENSG00000264613.2	RN7SL290P	misc_RNA	chr1	51995740	51996039	+	300				False		True
ENSG00000241745.3	RN7SL788P	misc_RNA	chr1	52150104	52150419	+	316				False		True
ENSG00000239640.3	RN7SL62P	misc_RNA	chr1	52714399	52714695	+	297				False		True
ENSG00000252018.1	RNU2-30P	snRNA	chr1	52754322	52754462	+	141				False		True
ENSG00000206627.1	RNU6-969P	snRNA	chr1	52805108	52805212	-	105				False		True
ENSG00000239007.1	RNU7-95P	snRNA	chr1	53688749	53688812	-	64				False		True
ENSG00000201003.1	SNORA58	snoRNA	chr1	53771018	53771153	-	136				False		False
ENSG00000199831.1	RN7SKP291	misc_RNA	chr1	55376526	55376852	-	327				False		False
ENSG00000252162.1	RNU6-830P	snRNA	chr1	55398514	55398620	+	107				False		True
ENSG00000264128.2	RN7SL713P	misc_RNA	chr1	58565631	58565932	-	302				False		True
ENSG00000265535.2	RN7SL475P	misc_RNA	chr1	59974757	59975054	-	298				False		True
ENSG00000200575.1	RNU6-414P	snRNA	chr1	61816419	61816522	+	104				False		True
ENSG00000212360.1	RNU6-1177P	snRNA	chr1	61852499	61852602	+	104				False		True
ENSG00000242860.3	RN7SL180P	misc_RNA	chr1	62072448	62072741	+	294				False		True
ENSG00000201153.1	RNU6-371P	snRNA	chr1	62298149	62298256	-	108				False		True
ENSG00000264271.2	RN7SL488P	misc_RNA	chr1	63529613	63529898	-	286				False		True
ENSG00000251720.1	RNU7-123P	snRNA	chr1	63536711	63536770	-	60				False		True
ENSG00000276884.1	DLEU2_6	misc_RNA	chr1	63548977	63549112	-	136				False		False
ENSG00000278287.1	DLEU2_5	misc_RNA	chr1	63549133	63549216	-	84				False		False
ENSG00000277565.1	DLEU2_4	misc_RNA	chr1	63549227	63549284	-	58				False		False
ENSG00000275823.1	DLEU2_3	misc_RNA	chr1	63549294	63549366	-	73				False		False
ENSG00000277689.1	DLEU2_2	misc_RNA	chr1	63549374	63549463	-	90				False		False
ENSG00000274199.1	DLEU2_1	misc_RNA	chr1	63549489	63549608	-	120				False		False
ENSG00000244256.3	RN7SL130P	misc_RNA	chr1	63655743	63656047	+	305				False		True
ENSG00000207190.1	RNU6-809P	snRNA	chr1	64028894	64029000	-	107				False		True
ENSG00000238653.1	RNU7-62P	snRNA	chr1	64384398	64384459	-	62				False		True
ENSG00000212257.1	RNU6-1176P	snRNA	chr1	65022968	65023074	-	107				False		True
ENSG00000222624.1	RNU2-15P	snRNA	chr1	65415816	65416006	+	191				False		True
ENSG00000239319.3	RN7SL854P	misc_RNA	chr1	65761058	65761352	-	295				False		True
ENSG00000223152.1	RNU4-88P	snRNA	chr1	66094461	66094546	-	86				False		True
ENSG00000252433.1	SNORA31	snoRNA	chr1	67102645	67102779	-	135				False		False
ENSG00000253074.1	RNU6-586P	snRNA	chr1	67196140	67196243	+	104				False		True
ENSG00000252116.1	RNU4ATAC4P	snRNA	chr1	67267601	67267726	-	126				False		True
ENSG00000223263.1	RNU6-387P	snRNA	chr1	67417214	67417318	+	105				False		True
ENSG00000207504.1	RNU6-1031P	snRNA	chr1	67541127	67541233	+	107				False		True
ENSG00000242482.3	RN7SL392P	misc_RNA	chr1	67656831	67657129	-	299				False		True
ENSG00000238778.1	RNU7-80P	snRNA	chr1	67772593	67772653	-	61				False		True
ENSG00000240692.3	RN7SL538P	misc_RNA	chr1	69879592	69879895	+	304				False		True
ENSG00000244389.3	RN7SL242P	misc_RNA	chr1	70180144	70180440	-	297				False		True
ENSG00000212366.1	RNU6-1246P	snRNA	chr1	72717663	72717769	-	107				False		True
ENSG00000251825.1	RN7SKP19	misc_RNA	chr1	73191604	73191855	-	252				False		False
ENSG00000252005.2	RNU4ATAC8P	snRNA	chr1	73883714	73883822	+	109				False		True
ENSG00000206999.1	RNU6-622P	snRNA	chr1	75183045	75183147	+	103				False		True
ENSG00000252338.1	RNU6-503P	snRNA	chr1	75538015	75538119	-	105				False		True
ENSG00000206620.1	SNORD45C	snoRNA	chr1	75787072	75787150	+	79				False		False
ENSG00000207241.1	SNORD45A	snoRNA	chr1	75787889	75787972	+	84				False		False
ENSG00000201487.1	SNORD45B	snoRNA	chr1	75789477	75789548	+	72				False		False
ENSG00000199921.1	RNU6-161P	snRNA	chr1	76753135	76753240	+	106				False		True
ENSG00000251767.1	RNU7-8P	snRNA	chr1	77420325	77420386	+	62				False		True
ENSG00000243437.3	RN7SL370P	misc_RNA	chr1	77645324	77645618	+	295				False		True
ENSG00000251958.1	RNU6-1102P	snRNA	chr1	78088988	78089083	-	96				False		True
ENSG00000223026.1	RN7SKP247	misc_RNA	chr1	81251789	81252096	+	308				False		False
ENSG00000199959.1	SNORA2	snoRNA	chr1	84277321	84277457	+	137				False		False
ENSG00000199934.1	SNORD81	snoRNA	chr1	85592280	85592356	+	77				False		False
ENSG00000239504.3	RN7SL583P	misc_RNA	chr1	88477828	88478114	-	287				False		True
ENSG00000274321.1	uc_338	misc_RNA	chr1	88520000	88520170	+	171				False		False
ENSG00000207234.1	RNU6-125P	snRNA	chr1	88816779	88816885	+	107				False		True
ENSG00000252797.1	RN7SKP272	misc_RNA	chr1	89987713	89987944	-	232				False		False
ENSG00000212459.1	RNU6-695P	snRNA	chr1	90253456	90253559	-	104				False		True
ENSG00000199666.2	SNORD3G	snoRNA	chr1	90657750	90657964	+	215				False		False
ENSG00000239794.3	RN7SL653P	misc_RNA	chr1	91829774	91830066	-	293				False		True
ENSG00000242764.3	RN7SL824P	misc_RNA	chr1	92402389	92402685	-	297				False		True
ENSG00000201317.1	RNU4-59P	snRNA	chr1	92700819	92700934	-	116				False		True
ENSG00000206680.1	SNORD21	snoRNA	chr1	92837289	92837383	+	95				False		False
ENSG00000207523.1	SNORA66	snoRNA	chr1	92840719	92840851	+	133				False		False
ENSG00000252121.1	RNU6-970P	snRNA	chr1	92969604	92969710	-	107				False		True
ENSG00000239710.3	RN7SL692P	misc_RNA	chr1	92974827	92975114	-	288				False		True
ENSG00000252752.1	RNU6-210P	snRNA	chr1	93010257	93010351	+	95				False		True
ENSG00000222664.1	RN7SKP123	misc_RNA	chr1	93026252	93026542	+	291				False		False
ENSG00000264963.2	RN7SL440P	misc_RNA	chr1	94150738	94151080	+	343				False		True
ENSG00000200800.1	RNU1-130P	snRNA	chr1	96225901	96226060	+	160				False		True
ENSG00000241992.3	RN7SL831P	misc_RNA	chr1	96583209	96583527	+	319				False		True
ENSG00000223229.1	RN7SKP270	misc_RNA	chr1	96695856	96696167	-	312				False		False
ENSG00000201491.1	RNU4-75P	snRNA	chr1	99784740	99784885	-	146				False		True
ENSG00000212248.1	RNU6-750P	snRNA	chr1	99978939	99979045	+	107				False		True
ENSG00000202259.1	RNU6-1318P	snRNA	chr1	100000637	100000739	-	103				False		True
ENSG00000252765.1	SCARNA16	scaRNA	chr1	101133153	101133339	+	187				False		False
ENSG00000252530.1	RNU6-965P	snRNA	chr1	101728642	101728737	-	96				False		True
ENSG00000252717.1	RNU6-352P	snRNA	chr1	101859851	101859957	+	107				False		True
ENSG00000222069.1	RN7SKP285	misc_RNA	chr1	103523562	103523879	+	318				False		False
ENSG00000278249.1	SCARNA2	scaRNA	chr1	109100193	109100612	+	420				False		False
ENSG00000206832.1	RNU6V	snRNA	chr1	109591534	109591640	-	107				False		False
ENSG00000200360.1	RNU6-792P	snRNA	chr1	111490317	111490423	-	107				False		True
ENSG00000201028.1	RNU6-151P	snRNA	chr1	111650431	111650537	-	107				False		True
ENSG00000238761.1	snoU13	snoRNA	chr1	112371004	112371107	+	104				False		False
ENSG00000252750.1	RNU7-70P	snRNA	chr1	112634719	112634784	-	66				False		True
ENSG00000242769.3	RN7SL432P	misc_RNA	chr1	114697627	114697924	-	298				False		True
ENSG00000201900.1	RNY1P13	misc_RNA	chr1	114727720	114727824	+	105				False		False
ENSG00000239984.3	RN7SL420P	misc_RNA	chr1	115606471	115606768	+	298				False		True
ENSG00000207502.1	SNORA42	snoRNA	chr1	115621872	115622005	-	134				False		False
ENSG00000221040.2	U3	snoRNA	chr1	116278606	116278821	+	216				False		False
ENSG00000212385.1	RNU6-817P	snRNA	chr1	116413766	116413869	-	104				False		True
ENSG00000212266.1	SNORA40	snoRNA	chr1	117688621	117688742	-	122				False		False
ENSG00000194297.2	RNU1-75P	snRNA	chr1	119331397	119331525	-	129				False		True
ENSG00000207149.1	RNU6-465P	snRNA	chr1	120126974	120127074	+	101				False		True
ENSG00000273694.1	U2	snRNA	chr1	120571120	120571264	+	145				False		False
ENSG00000275538.1	RNVU1-19	snRNA	chr1	120850819	120850985	-	167				False		True
ENSG00000277610.1	RNVU1-4	snRNA	chr1	120942600	120942763	+	164				False		True
ENSG00000202167.1	RNU1-114P	snRNA	chr1	143652050	143652215	-	166				False		True
ENSG00000207349.1	RNVU1-17	snRNA	chr1	143699456	143699619	-	164				False		True
ENSG00000252826.1	RNU1-92P	snRNA	chr1	143720510	143720644	-	135				False		True
ENSG00000206737.1	RNVU1-18	snRNA	chr1	143729407	143729570	-	164				False		True
ENSG00000252105.1	RNU1-143P	snRNA	chr1	143791542	143791687	-	146				False		True
ENSG00000207205.1	RNVU1-15	snRNA	chr1	144412576	144412740	+	165				False		True
ENSG00000207501.1	RNVU1-14	snRNA	chr1	145281116	145281279	+	164				False		True
ENSG00000270384.1	U1	snRNA	chr1	145431527	145431693	-	167				False		False
ENSG00000201558.1	RNVU1-6	snRNA	chr1	146052081	146052244	-	164				False		True
ENSG00000201789.1	RNU6-1071P	snRNA	chr1	146288596	146288696	+	101				False		True
ENSG00000201142.1	RNVU1-8	snRNA	chr1	147079746	147079870	+	125				False		True
ENSG00000277762.1	RN7SL261P	misc_RNA	chr1	147689256	147689537	+	282				False		True
ENSG00000206791.1	RNU1-129P	snRNA	chr1	148014417	148014583	-	167				False		True
ENSG00000206585.1	RNVU1-7	snRNA	chr1	148038753	148038916	-	164				False		True
ENSG00000199879.1	RNU1-120P	snRNA	chr1	148263476	148263632	+	157				False		True
ENSG00000202408.2	RNU1-122P	snRNA	chr1	148334612	148334767	-	156				False		True
ENSG00000207340.1	RNVU1-1	snRNA	chr1	148362370	148362533	-	164				False		True
ENSG00000252135.1	RNVU1-2	snRNA	chr1	148385829	148385963	-	135				False		True
ENSG00000238825.1	RNU1-13P	snRNA	chr1	148388490	148388651	-	162				False		True
ENSG00000201183.1	RNVU1-3	snRNA	chr1	148402715	148402875	+	161				False		True
ENSG00000252515.2	RNU6-1171P	snRNA	chr1	148739379	148739479	+	101				False		True
ENSG00000252656.1	RN7SKP88	misc_RNA	chr1	148839483	148839732	-	250				False		False
ENSG00000222788.1	RNU2-38P	snRNA	chr1	148939739	148939817	-	79				False		True
ENSG00000201699.1	RNU1-59P	snRNA	chr1	149162783	149162944	-	162				False		True
ENSG00000273591.1	7SK	misc_RNA	chr1	149290513	149290762	+	250				False		False
ENSG00000275229.1	RNU1-68P	snRNA	chr1	149700151	149700296	-	146				False		True
ENSG00000266187.2	RN7SL480P	misc_RNA	chr1	150211632	150211925	+	294				False		True
ENSG00000222222.1	RNU2-17P	snRNA	chr1	150236967	150237156	+	190				False		True
ENSG00000277452.1	RN7SL473P	misc_RNA	chr1	150566562	150566860	-	299				False		True
ENSG00000274963.1	RN7SL600P	misc_RNA	chr1	150568971	150569269	-	299				False		True
ENSG00000276103.1	U4	snRNA	chr1	150608507	150608623	-	117				False		False
ENSG00000206931.1	RNU6-1042P	snRNA	chr1	150701866	150701972	+	107				False		True
ENSG00000200175.1	RNU6-1309P	snRNA	chr1	150812591	150812698	-	108				False		True
ENSG00000200759.1	RNU6-884P	snRNA	chr1	151022746	151022852	-	107				False		True
ENSG00000265753.2	RN7SL444P	misc_RNA	chr1	151300665	151300964	-	300				False		True
ENSG00000238711.1	RNY4P25	misc_RNA	chr1	151439000	151439095	+	96				False		False
ENSG00000206635.1	RNU6-1062P	snRNA	chr1	151629324	151629430	+	107				False		True
ENSG00000206980.1	RNU6-662P	snRNA	chr1	151747597	151747700	-	104				False		True
ENSG00000207321.1	RNU6-160P	snRNA	chr1	153331622	153331728	+	107				False		True
ENSG00000263841.2	RN7SL44P	misc_RNA	chr1	153500463	153500764	-	302				False		True
ENSG00000242565.3	RN7SL372P	misc_RNA	chr1	153704088	153704385	+	298				False		True
ENSG00000200220.1	RNU6-179P	snRNA	chr1	154039916	154040022	-	107				False		True
ENSG00000264384.2	RN7SL431P	misc_RNA	chr1	154166245	154166549	-	305				False		True
ENSG00000201129.1	SNORA58B	snoRNA	chr1	154259727	154259862	+	136				False		False
ENSG00000252682.1	SNORD59	snoRNA	chr1	154288460	154288527	+	68				False		False
ENSG00000212292.1	RNU6-239P	snRNA	chr1	154295503	154295601	+	99				False		True
ENSG00000222457.1	RNU6-121P	snRNA	chr1	154297650	154297748	+	99				False		True
ENSG00000238365.3	RNU7-57P	snRNA	chr1	154338743	154338802	+	60				False		True
ENSG00000207134.1	RNU6-106P	snRNA	chr1	155358712	155358818	-	107				False		True
ENSG00000207144.1	RNU6-1297P	snRNA	chr1	155419397	155419500	+	104				False		True
ENSG00000207475.1	SNORA80E	snoRNA	chr1	155919909	155920045	-	137				False		False
ENSG00000281394.1	SCARNA4	scaRNA	chr1	155925958	155926086	-	129				False		False
ENSG00000252236.1	SNORA26	snoRNA	chr1	156192063	156192203	-	141				False		False
ENSG00000266160.2	RN7SL612P	misc_RNA	chr1	156985755	156986049	-	295				False		True
ENSG00000212161.1	SNORD64	snoRNA	chr1	159851906	159851972	-	67				False		False
ENSG00000201608.1	RNU4-42P	snRNA	chr1	160392768	160392909	-	142				False		True
ENSG00000238934.1	ACA64	snoRNA	chr1	161141208	161141336	-	129				False		False
ENSG00000206921.1	RNU6-481P	snRNA	chr1	161401289	161401395	+	107				False		True
ENSG00000241347.3	RN7SL466P	misc_RNA	chr1	161735808	161736102	+	295				False		True
ENSG00000243173.3	RN7SL861P	misc_RNA	chr1	162777730	162778014	+	285				False		True
ENSG00000199849.1	RNU5F-6P	snRNA	chr1	164351273	164351388	+	116				False		True
ENSG00000207082.1	RNU6-171P	snRNA	chr1	164639565	164639671	+	107				False		True
ENSG00000201270.1	RNU6-755P	snRNA	chr1	164980035	164980137	-	103				False		True
ENSG00000206880.1	RNU6-1310P	snRNA	chr1	168263375	168263481	-	107				False		True
ENSG00000239494.2	RN7SL333P	misc_RNA	chr1	169859756	169860052	+	297				False		True
ENSG00000243051.3	RN7SL269P	misc_RNA	chr1	169957942	169958246	-	305				False		True
ENSG00000206684.1	RNU6-157P	snRNA	chr1	172366540	172366646	+	107				False		True
ENSG00000251943.1	RNU6-693P	snRNA	chr1	172613428	172613534	-	107				False		True
ENSG00000200674.1	RN7SKP160	misc_RNA	chr1	173791548	173791887	+	340				False		False
ENSG00000252357.1	Y_RNA	misc_RNA	chr1	173808489	173808622	+	134				False		False
ENSG00000252552.1	RNU6-307P	snRNA	chr1	174996524	174996629	+	106				False		True
ENSG00000252906.1	SCARNA3	scaRNA	chr1	175968398	175968540	-	143				False		False
ENSG00000273629.1	U7	snRNA	chr1	176217541	176217602	+	62				False		False
ENSG00000253025.1	RNU2-12P	snRNA	chr1	176243862	176244029	-	168				False		True
ENSG00000201791.1	SNORA63	snoRNA	chr1	178753654	178753772	-	119				False		False
ENSG00000201619.1	SNORA67	snoRNA	chr1	179201487	179201627	+	141				False		False
ENSG00000251875.1	RNU5F-2P	snRNA	chr1	179576268	179576349	+	82				False		True
ENSG00000264916.2	RN7SL230P	misc_RNA	chr1	179900262	179900564	+	303				False		True
ENSG00000222397.1	RN7SKP229	misc_RNA	chr1	181839473	181839774	-	302				False		False
ENSG00000206764.1	RNU6-152P	snRNA	chr1	182327068	182327174	+	107				False		True
ENSG00000207472.1	RNU6-41P	snRNA	chr1	182982212	182982318	-	107				False		True
ENSG00000244568.3	RN7SL654P	misc_RNA	chr1	184335658	184335949	+	292				False		True
ENSG00000252222.1	RNU7-13P	snRNA	chr1	184821428	184821489	-	62				False		True
ENSG00000252407.1	RNU7-183P	snRNA	chr1	185434244	185434305	+	62				False		True
ENSG00000202025.1	RNU6-1240P	snRNA	chr1	186311825	186311928	-	104				False		True
ENSG00000222240.1	RN7SKP156	misc_RNA	chr1	188155839	188156180	-	342				False		False
ENSG00000223075.1	RN7SKP126	misc_RNA	chr1	192875686	192875985	-	300				False		False
ENSG00000238754.1	SCARNA18B	snoRNA	chr1	193057281	193057415	-	135				False		False
ENSG00000251813.1	RNU6-983P	snRNA	chr1	194488103	194488205	-	103				False		True
ENSG00000200139.1	RNU6-778P	snRNA	chr1	199888159	199888261	+	103				False		True
ENSG00000202491.1	RNU6-716P	snRNA	chr1	200008505	200008607	-	103				False		True
ENSG00000202329.1	RNU6-609P	snRNA	chr1	200014689	200014795	-	107				False		True
ENSG00000252860.1	RNU6-570P	snRNA	chr1	200054061	200054165	+	105				False		True
ENSG00000201032.1	RNU6-704P	snRNA	chr1	200933345	200933447	-	103				False		True
ENSG00000200942.1	RNU6-501P	snRNA	chr1	201733406	201733505	+	100				False		True
ENSG00000206637.1	SNORA70H	snoRNA	chr1	201978461	201978595	+	135				False		False
ENSG00000272262.1	RNU6-89P	snRNA	chr1	202410108	202410207	-	100				False		True
ENSG00000202300.1	RNU6-487P	snRNA	chr1	203318996	203319099	-	104				False		True
ENSG00000251861.1	SCARNA20	scaRNA	chr1	204727991	204728106	+	116				False		False
ENSG00000253097.1	RNU2-19P	snRNA	chr1	205566716	205566799	+	84				False		True
ENSG00000206762.1	RNU6-418P	snRNA	chr1	205595041	205595147	+	107				False		True
ENSG00000201944.1	SNORA72	snoRNA	chr1	205731221	205731352	-	132				False		False
ENSG00000252692.1	SNORD60	snoRNA	chr1	206080239	206080324	+	86				False		False
ENSG00000200972.1	RNU5A-8P	snRNA	chr1	210374154	210374267	-	114				False		True
ENSG00000241395.3	RN7SL344P	misc_RNA	chr1	211792111	211792406	-	296				False		True
ENSG00000252879.1	RN7SKP98	misc_RNA	chr1	212099521	212099676	-	156				False		False
ENSG00000201544.1	SNORA16B	snoRNA	chr1	212352816	212352950	+	135				False		False
ENSG00000202498.1	SNORD116	snoRNA	chr1	215630026	215630117	-	92				False		False
ENSG00000201493.1	RNU1-141P	snRNA	chr1	218129795	218129952	+	158				False		True
ENSG00000222370.1	SNORA36B	snoRNA	chr1	220200546	220200676	-	131				False		False
ENSG00000243872.3	RN7SL464P	misc_RNA	chr1	220571739	220572035	-	297				False		True
ENSG00000276642.1	U6atac	snRNA	chr1	220825776	220825893	+	118				False		False
ENSG00000200033.1	RNU6-403P	snRNA	chr1	221837334	221837437	-	104				False		True
ENSG00000222399.1	RNU6-791P	snRNA	chr1	222503632	222503735	-	104				False		True
ENSG00000251789.2	RNU4-57P	snRNA	chr1	223373822	223373956	+	135				False		True
ENSG00000212398.1	RNU6-1248P	snRNA	chr1	223690051	223690114	+	64				False		True
ENSG00000212157.1	RNU6-1319P	snRNA	chr1	223976146	223976249	-	104				False		True
ENSG00000252484.1	RN7SKP49	misc_RNA	chr1	224107282	224107541	-	260				False		False
ENSG00000206887.1	RNU6-1008P	snRNA	chr1	224305380	224305483	+	104				False		True
ENSG00000223306.2	RNU6-1304P	snRNA	chr1	225741275	225741380	+	106				False		True
ENSG00000223282.1	RN7SKP165	misc_RNA	chr1	226445937	226446292	+	356				False		False
ENSG00000206878.1	SNORA51	snoRNA	chr1	228652436	228652560	+	125				False		False
ENSG00000252506.1	RNU6-180P	snRNA	chr1	229383128	229383188	+	61				False		True
ENSG00000252051.1	RN7SKP276	misc_RNA	chr1	229410500	229410767	-	268				False		False
ENSG00000199672.1	RNU4-21P	snRNA	chr1	229535064	229535189	-	126				False		True
ENSG00000240502.2	RN7SL837P	misc_RNA	chr1	230894141	230894427	+	287				False		True
ENSG00000222986.1	RNU5A-5P	snRNA	chr1	231670635	231670750	+	116				False		True
ENSG00000274121.1	DISC2	misc_RNA	chr1	231814982	231815186	+	205				False		False
ENSG00000242794.2	RN7SL299P	misc_RNA	chr1	232222866	232223145	+	280				False		True
ENSG00000238382.1	RNU6-1211P	snRNA	chr1	232700204	232700308	+	105				False		True
ENSG00000206835.1	RNU1-74P	snRNA	chr1	232832017	232832187	-	171				False		True
ENSG00000252501.1	RNU4-77P	snRNA	chr1	233448626	233448781	-	156				False		True
ENSG00000212144.1	U8	snoRNA	chr1	234593275	234593402	+	128				False		False
ENSG00000201638.2	RNY4P16	misc_RNA	chr1	234837976	234838069	+	94				False		False
ENSG00000239690.3	RN7SL668P	misc_RNA	chr1	234904186	234904488	+	303				False		True
ENSG00000207181.1	SNORA14B	snoRNA	chr1	235127803	235127937	-	135				False		False
ENSG00000206803.1	RNU6-968P	snRNA	chr1	235915415	235915521	+	107				False		True
ENSG00000222650.1	RNU2-70P	snRNA	chr1	236267780	236267958	+	179				False		True
ENSG00000252396.1	RN7SKP195	misc_RNA	chr1	237120807	237121109	+	303				False		False
ENSG00000252290.1	SNORA25	snoRNA	chr1	237555040	237555171	-	132				False		False
ENSG00000252371.1	RNU6-725P	snRNA	chr1	238325687	238325788	-	102				False		True
ENSG00000251750.1	RNU5F-8P	snRNA	chr1	240653367	240653477	+	111				False		True
ENSG00000252084.1	RN7SKP12	misc_RNA	chr1	242188647	242188789	-	143				False		False
ENSG00000212230.1	RNU6-747P	snRNA	chr1	243081156	243081259	-	104				False		True
ENSG00000244066.3	RN7SL148P	misc_RNA	chr1	244103932	244104210	+	279				False		True
ENSG00000201758.1	RN7SKP55	misc_RNA	chr1	244943910	244944216	+	307				False		False
ENSG00000252073.1	RNU6-947P	snRNA	chr1	244954858	244954963	+	106				False		True
ENSG00000252282.1	RNU6-1089P	snRNA	chr1	245023015	245023118	+	104				False		True
ENSG00000251754.1	RNU6-999P	snRNA	chr1	245043928	245044032	+	105				False		True
ENSG00000201170.1	RNU1-132P	snRNA	chr1	245133927	245134090	-	164				False		True
ENSG00000202184.1	RNU6-1283P	snRNA	chr1	246189014	246189118	-	105				False		True
ENSG00000200495.1	RNU6-1205P	snRNA	chr1	248912690	248912795	-	106				False		True
ENSG00000239822.3	RN7SL754P	misc_RNA	chr10	430239	430504	-	266				False		True
ENSG00000252998.1	RNU6-889P	snRNA	chr10	2098167	2098269	+	103				False		True
ENSG00000212156.1	RNU6-576P	snRNA	chr10	2199387	2199488	+	102				False		True
ENSG00000207124.1	RNU6-163P	snRNA	chr10	4514952	4515057	+	106				False		True
ENSG00000239142.1	U8	snoRNA	chr10	5093408	5093543	-	136				False		False
ENSG00000240577.3	RN7SL445P	misc_RNA	chr10	5631463	5631755	+	293				False		True
ENSG00000251922.1	SNORA14	snoRNA	chr10	6017054	6017194	-	141				False		False
ENSG00000201581.1	RN7SKP78	misc_RNA	chr10	6149623	6149940	+	318				False		False
ENSG00000207453.1	RNU6-535P	snRNA	chr10	7486703	7486809	-	107				False		True
ENSG00000251957.1	RNU6-1095P	snRNA	chr10	11923181	11923288	+	108				False		True
ENSG00000272507.1	RNU6-88P	snRNA	chr10	12116280	12116379	-	100				False		True
ENSG00000264036.2	RN7SL198P	misc_RNA	chr10	12328132	12328389	-	258				False		True
ENSG00000252438.1	SNORD45	snoRNA	chr10	12415928	12416000	+	73				False		False
ENSG00000252118.1	RNU6ATAC39P	snRNA	chr10	12456483	12456631	+	149				False		True
ENSG00000272055.1	RNU6-6P	snRNA	chr10	13217269	13217375	+	107				False		True
ENSG00000278100.1	Metazoa_SRP	misc_RNA	chr10	14391875	14392196	+	322				False		True
ENSG00000201260.1	RNU6-1075P	snRNA	chr10	16207821	16207927	-	107				False		True
ENSG00000223156.1	RNU2-18P	snRNA	chr10	16476003	16476164	+	162				False		True
ENSG00000275001.1	uc_338	misc_RNA	chr10	16767235	16767416	+	182				False		False
ENSG00000200545.2	U3	snoRNA	chr10	19598247	19598463	+	217				False		False
ENSG00000252832.1	RNU6-1212P	snRNA	chr10	19792998	19793101	-	104				False		True
ENSG00000207264.1	RNU6-15P	snRNA	chr10	21321961	21322067	+	107				False		True
ENSG00000207347.1	RNU6-306P	snRNA	chr10	21564471	21564577	-	107				False		True
ENSG00000201390.1	RNU6-1141P	snRNA	chr10	21661635	21661741	-	107				False		True
ENSG00000252634.1	RN7SKP219	misc_RNA	chr10	21785292	21785587	+	296				False		False
ENSG00000201364.1	RN7SKP37	misc_RNA	chr10	21933143	21933438	+	296				False		False
ENSG00000206842.1	RNU6-413P	snRNA	chr10	22787393	22787499	+	107				False		True
ENSG00000277563.1	AC063961.1	misc_RNA	chr10	24255246	24255333	+	88				False		False
ENSG00000240294.2	RN7SKP241	misc_RNA	chr10	24908522	24908812	-	291				False		False
ENSG00000222543.1	RN7SKP220	misc_RNA	chr10	25393557	25393844	-	288				False		False
ENSG00000251711.1	RNU6-632P	snRNA	chr10	25819363	25819426	-	64				False		True
ENSG00000223027.1	SNORA57	snoRNA	chr10	26789017	26789157	+	141				False		False
ENSG00000206605.1	RNU6-946P	snRNA	chr10	26790540	26790646	-	107				False		True
ENSG00000199855.1	RNU6-490P	snRNA	chr10	27088321	27088427	-	107				False		True
ENSG00000252639.1	RNU2-24P	snRNA	chr10	27193358	27193500	-	143				False		True
ENSG00000251839.1	RNU7-12P	snRNA	chr10	27232255	27232316	-	62				False		True
ENSG00000200369.1	RNU6-666P	snRNA	chr10	27315120	27315226	+	107				False		True
ENSG00000207135.1	RNU6-452P	snRNA	chr10	27335501	27335607	-	107				False		True
ENSG00000251810.1	RN7SKP132	misc_RNA	chr10	27783846	27784053	-	208				False		False
ENSG00000222705.1	RN7SKP39	misc_RNA	chr10	28442575	28442896	-	322				False		False
ENSG00000252401.1	RNU4ATAC6P	snRNA	chr10	28652630	28652755	+	126				False		True
ENSG00000207483.1	RNU6-1067P	snRNA	chr10	28667919	28668025	+	107				False		True
ENSG00000201001.1	RNU6-270P	snRNA	chr10	28760699	28760803	-	105				False		True
ENSG00000212411.1	SNORD115	snoRNA	chr10	29575306	29575381	+	76				False		False
ENSG00000222092.1	RNU6-908P	snRNA	chr10	29711915	29712008	+	94				False		True
ENSG00000200887.1	RNU6-598P	snRNA	chr10	30299569	30299673	-	105				False		True
ENSG00000239625.3	RN7SL241P	misc_RNA	chr10	30366064	30366299	-	236				False		True
ENSG00000239744.3	RN7SL63P	misc_RNA	chr10	30555601	30555904	-	304				False		True
ENSG00000239731.3	RN7SL825P	misc_RNA	chr10	31992087	31992381	-	295				False		True
ENSG00000252482.1	RNU7-22P	snRNA	chr10	32173684	32173744	+	61				False		True
ENSG00000200484.1	RNU6-1244P	snRNA	chr10	32394558	32394665	-	108				False		True
ENSG00000265319.2	RN7SL847P	misc_RNA	chr10	33034655	33034924	-	270				False		True
ENSG00000244356.3	RN7SL398P	misc_RNA	chr10	33288304	33288601	-	298				False		True
ENSG00000223047.1	RNU6-847P	snRNA	chr10	34926775	34926882	+	108				False		True
ENSG00000222909.1	RNU6-193P	snRNA	chr10	34942969	34943075	+	107				False		True
ENSG00000253054.1	RNU7-77P	snRNA	chr10	35135443	35135502	+	60				False		True
ENSG00000253070.1	RNU6-794P	snRNA	chr10	35231331	35231394	-	64				False		True
ENSG00000200097.1	RNU6-1167P	snRNA	chr10	35250959	35251052	-	94				False		True
ENSG00000274458.1	SNORA40	snoRNA	chr10	36438661	36438788	+	128				False		False
ENSG00000206796.1	RNU6-811P	snRNA	chr10	37135237	37135343	+	107				False		True
ENSG00000244402.3	RN7SL314P	misc_RNA	chr10	37297398	37297689	+	292				False		True
ENSG00000252132.1	RNU6-795P	snRNA	chr10	38043873	38043975	-	103				False		True
ENSG00000222314.1	RNU6-1118P	snRNA	chr10	38423625	38423728	+	104				False		True
ENSG00000251783.1	RNU6-1170P	snRNA	chr10	42605158	42605263	+	106				False		True
ENSG00000252416.1	RNU6-885P	snRNA	chr10	42832447	42832550	-	104				False		True
ENSG00000221468.1	RNU6ATAC11P	snRNA	chr10	43341786	43341910	+	125				False		True
ENSG00000221400.2	SNORD3J	snoRNA	chr10	43417249	43417438	-	190				False		False
ENSG00000252532.1	RNU7-193P	snRNA	chr10	43458065	43458129	+	65				False		True
ENSG00000207071.1	RNU6-1207P	snRNA	chr10	45188790	45188896	-	107				False		True
ENSG00000265733.1	SNORA74C-1	snoRNA	chr10	45984610	45984810	+	201				False		False
ENSG00000274186.1	RN7SL248P	misc_RNA	chr10	46648948	46649276	+	329				False		True
ENSG00000276544.1	RN7SL453P	misc_RNA	chr10	47692399	47692727	-	329				False		True
ENSG00000223111.1	SNORA74C-2	snoRNA	chr10	49954214	49954414	+	201				False		False
ENSG00000238523.1	RNU7-107P	snRNA	chr10	50590652	50590712	-	61				False		True
ENSG00000252252.1	RNU6-687P	snRNA	chr10	54452423	54452511	-	89				False		True
ENSG00000238707.1	SNORD2	snoRNA	chr10	56595963	56596031	-	69				False		False
ENSG00000252076.1	RN7SKP196	misc_RNA	chr10	58869184	58869528	+	345				False		False
ENSG00000223107.1	RNU2-72P	snRNA	chr10	60912765	60912927	-	163				False		True
ENSG00000240940.3	RN7SL591P	misc_RNA	chr10	62350006	62350297	+	292				False		True
ENSG00000199446.1	RNU6-543P	snRNA	chr10	63110139	63110246	+	108				False		True
ENSG00000212520.1	RNU6-1250P	snRNA	chr10	67808502	67808608	+	107				False		True
ENSG00000239942.2	RN7SL394P	misc_RNA	chr10	67825310	67825600	-	291				False		True
ENSG00000252113.2	RNU6-523P	snRNA	chr10	67858818	67858871	-	54				False		True
ENSG00000266467.2	RN7SL220P	misc_RNA	chr10	68007718	68008017	-	300				False		True
ENSG00000222371.1	RN7SKP202	misc_RNA	chr10	68158079	68158408	+	330				False		False
ENSG00000283551.1	SNORD98	snoRNA	chr10	68755172	68755238	+	67				False		False
ENSG00000200218.1	RNU6-697P	snRNA	chr10	68846805	68846911	+	107				False		True
ENSG00000206855.1	RNU6-571P	snRNA	chr10	68911653	68911759	-	107				False		True
ENSG00000238446.1	RNU7-38P	snRNA	chr10	71844735	71844794	-	60				False		True
ENSG00000200294.1	SNORA36	snoRNA	chr10	72180858	72180989	+	132				False		False
ENSG00000202513.1	RNU6-805P	snRNA	chr10	72391964	72392069	+	106				False		True
ENSG00000272536.2	RN7SL840P	misc_RNA	chr10	72582803	72583086	+	284				False		True
ENSG00000221164.1	SNORA11F	snoRNA	chr10	73126080	73126207	-	128				False		False
ENSG00000200356.1	RNU6-833P	snRNA	chr10	73279062	73279168	+	107				False		True
ENSG00000207327.1	RNU6-883P	snRNA	chr10	73529051	73529157	-	107				False		True
ENSG00000265486.2	RN7SL518P	misc_RNA	chr10	76242022	76242301	-	280				False		True
ENSG00000201954.1	RNU6-673P	snRNA	chr10	76260800	76260903	-	104				False		True
ENSG00000252888.1	SNORA31	snoRNA	chr10	76835377	76835502	-	126				False		False
ENSG00000199664.1	RNU6-1266P	snRNA	chr10	77776951	77777055	-	105				False		True
ENSG00000243446.3	RN7SL284P	misc_RNA	chr10	77912271	77912545	-	275				False		True
ENSG00000201393.1	SNORA71	snoRNA	chr10	78367507	78367623	+	117				False		False
ENSG00000207275.1	RNU6-441P	snRNA	chr10	82340771	82340876	+	106				False		True
ENSG00000200774.1	RNU6-478P	snRNA	chr10	83067962	83068071	-	110				False		True
ENSG00000212324.1	RNU6-129P	snRNA	chr10	83764358	83764464	+	107				False		True
ENSG00000200789.1	RNU1-65P	snRNA	chr10	84003332	84003479	+	148				False		True
ENSG00000223064.1	RNU6-325P	snRNA	chr10	85537379	85537483	+	105				False		True
ENSG00000252292.1	RN7SKP238	misc_RNA	chr10	85650012	85650260	-	249				False		False
ENSG00000212332.1	RNU6-780P	snRNA	chr10	86488446	86488549	+	104				False		True
ENSG00000200176.1	RNU1-19P	snRNA	chr10	86889569	86889733	+	165				False		True
ENSG00000200253.1	RNU6-529P	snRNA	chr10	87041238	87041341	-	104				False		True
ENSG00000273946.1	RN7SL733P	misc_RNA	chr10	87154041	87154369	-	329				False		True
ENSG00000243782.3	RN7SL78P	misc_RNA	chr10	87832818	87833098	-	281				False		True
ENSG00000200891.1	SNORD74	snoRNA	chr10	87994618	87994695	-	78				False		False
ENSG00000275693.1	FAS-AS1	misc_RNA	chr10	88992370	88992539	+	170				False		False
ENSG00000222451.1	RN7SKP143	misc_RNA	chr10	90163651	90163960	-	310				False		False
ENSG00000222305.1	Y_RNA	misc_RNA	chr10	90880040	90880179	-	140				False		False
ENSG00000201604.1	RNU6-740P	snRNA	chr10	90922731	90922835	-	105				False		True
ENSG00000252993.1	SNORA25	snoRNA	chr10	92076242	92076365	+	124				False		False
ENSG00000202297.1	RNY3P12	misc_RNA	chr10	92334463	92334564	+	102				False		False
ENSG00000264313.2	RN7SL644P	misc_RNA	chr10	92659044	92659302	+	259				False		True
ENSG00000206631.1	RNU6-657P	snRNA	chr10	94155639	94155745	-	107				False		True
ENSG00000200728.1	RNU6-271P	snRNA	chr10	96112747	96112851	+	105				False		True
ENSG00000207287.1	RNU6-1274P	snRNA	chr10	96743167	96743273	+	107				False		True
ENSG00000278752.1	AL355301.1	misc_RNA	chr10	98076361	98076421	-	61				False		False
ENSG00000212464.1	SNORA12	snoRNA	chr10	100237156	100237302	-	147				False		False
ENSG00000207362.1	RNU6-422P	snRNA	chr10	100258571	100258677	+	107				False		True
ENSG00000222238.1	RNU2-43P	snRNA	chr10	101307529	101307718	+	190				False		True
ENSG00000222414.1	RNU2-59P	snRNA	chr10	101364845	101365035	-	191				False		True
ENSG00000222051.1	RNU6-1165P	snRNA	chr10	101622859	101622965	+	107				False		True
ENSG00000207029.1	RNU6-43P	snRNA	chr10	102591524	102591630	+	107				False		True
ENSG00000252994.1	RNU6-1231P	snRNA	chr10	102803929	102804031	+	103				False		True
ENSG00000283337.1	U6	snRNA	chr10	102868421	102868519	+	99				False		False
ENSG00000212413.1	RNU11-3P	snRNA	chr10	103312436	103312568	-	133				False		True
ENSG00000266754.2	RN7SL524P	misc_RNA	chr10	103974515	103974814	-	300				False		True
ENSG00000207068.1	RNU6-463P	snRNA	chr10	105534659	105534765	+	107				False		True
ENSG00000222436.1	RN7SKP278	misc_RNA	chr10	108940969	108941310	-	342				False		False
ENSG00000252574.2	RNU5B-6P	snRNA	chr10	109184934	109185001	-	68				False		True
ENSG00000200217.1	RNU6-839P	snRNA	chr10	109239639	109239746	+	108				False		True
ENSG00000272160.1	RNU4-5P	snRNA	chr10	109869858	109869992	+	135				False		True
ENSG00000252036.1	RN7SKP288	misc_RNA	chr10	110756456	110756723	+	268				False		False
ENSG00000238380.1	RNU7-165P	snRNA	chr10	113353425	113353484	+	60				False		True
ENSG00000212589.1	SNORA17	snoRNA	chr10	113820459	113820590	+	132				False		False
ENSG00000253066.1	RNU6-709P	snRNA	chr10	114111414	114111517	+	104				False		True
ENSG00000242912.3	RN7SL384P	misc_RNA	chr10	114423770	114424067	-	298				False		True
ENSG00000252611.1	RNU6-1121P	snRNA	chr10	114969460	114969568	-	109				False		True
ENSG00000200935.1	RNU6-1090P	snRNA	chr10	116538183	116538276	+	94				False		True
ENSG00000222588.1	SNORA19	snoRNA	chr10	119060983	119061111	-	129				False		False
ENSG00000242853.3	RN7SL749P	misc_RNA	chr10	119212857	119213146	+	290				False		True
ENSG00000242818.3	RN7SL846P	misc_RNA	chr10	119768247	119768538	+	292				False		True
ENSG00000222979.1	RN7SKP167	misc_RNA	chr10	121410916	121411200	+	285				False		False
ENSG00000273767.1	ZNRD1-AS1_2	misc_RNA	chr10	121949412	121949487	-	76				False		False
ENSG00000202245.1	RNU6-728P	snRNA	chr10	122345690	122345793	+	104				False		True
ENSG00000222629.1	RNU2-42P	snRNA	chr10	125890566	125890678	-	113				False		True
ENSG00000199321.1	SNORD60	snoRNA	chr10	126779702	126779774	-	73				False		False
ENSG00000222225.1	RNU6-447P	snRNA	chr11	152999	153102	-	104				False		True
ENSG00000243562.3	RN7SL838P	misc_RNA	chr11	440399	440693	-	295				False		True
ENSG00000199785.1	SNORA52	snoRNA	chr11	811681	811814	+	134				False		False
ENSG00000222561.1	RNU6-1025P	snRNA	chr11	948421	948524	+	104				False		True
ENSG00000275266.1	H19_1	misc_RNA	chr11	1996540	1996610	+	71				False		False
ENSG00000274866.1	H19_2	misc_RNA	chr11	1997484	1997552	+	69				False		False
ENSG00000207308.1	RNU6-878P	snRNA	chr11	2321718	2321827	+	110				False		True
ENSG00000275666.1	KCNQ1OT1_1	misc_RNA	chr11	2652099	2652562	+	464				False		False
ENSG00000276105.1	KCNQ1OT1_2	misc_RNA	chr11	2674097	2674292	+	196				False		False
ENSG00000276494.1	KCNQ1OT1_3	misc_RNA	chr11	2674625	2674740	+	116				False		False
ENSG00000276015.1	KCNQ1OT1_5	misc_RNA	chr11	2697851	2698076	+	226				False		False
ENSG00000274740.1	AC013791.1	misc_RNA	chr11	2871437	2871498	+	62				False		False
ENSG00000207008.1	SNORA54	snoRNA	chr11	2963771	2963893	-	123				False		False
ENSG00000201616.1	RNU1-91P	snRNA	chr11	3048359	3048521	-	163				False		True
ENSG00000251934.1	RNU6-1143P	snRNA	chr11	3714772	3714875	-	104				False		True
ENSG00000238304.1	RNU7-50P	snRNA	chr11	3781395	3781456	+	62				False		True
ENSG00000201980.1	SNORA62	snoRNA	chr11	4756645	4756797	+	153				False		False
ENSG00000252769.1	RNU6-943P	snRNA	chr11	7889182	7889279	-	98				False		True
ENSG00000252778.1	SCARNA20	scaRNA	chr11	8555016	8555146	+	131				False		False
ENSG00000200983.1	SNORA3A	snoRNA	chr11	8684227	8684356	+	130				False		False
ENSG00000212607.1	SNORA3B	snoRNA	chr11	8685439	8685569	+	131				False		False
ENSG00000201998.1	SNORA23	snoRNA	chr11	9428773	9428954	+	182				False		False
ENSG00000201564.1	RN7SKP50	misc_RNA	chr11	9680924	9681238	+	315				False		False
ENSG00000252568.1	RNU7-28P	snRNA	chr11	9843815	9843876	-	62				False		True
ENSG00000221574.1	RNU6ATAC33P	snRNA	chr11	10399192	10399317	-	126				False		True
ENSG00000238622.1	SNORD97	snoRNA	chr11	10801467	10801608	-	142				False		False
ENSG00000252329.1	SCARNA16	scaRNA	chr11	12904817	12904988	-	172				False		False
ENSG00000222162.1	RN7SKP151	misc_RNA	chr11	13353208	13353523	+	316				False		False
ENSG00000251991.1	RNU7-49P	snRNA	chr11	14478892	14478953	+	62				False		True
ENSG00000253072.1	snoMBII-202	snoRNA	chr11	15481808	15481893	-	86				False		False
ENSG00000241943.2	RN7SL188P	misc_RNA	chr11	16576851	16577135	+	285				False		True
ENSG00000199883.1	RN7SKP90	misc_RNA	chr11	16842253	16842587	+	335				False		False
ENSG00000272034.1	SNORD14A	snoRNA	chr11	17074654	17074744	-	91				False		False
ENSG00000201403.1	SNORD14B	snoRNA	chr11	17075779	17075868	-	90				False		False
ENSG00000201586.1	RNU6-593P	snRNA	chr11	17115652	17115763	-	112				False		True
ENSG00000274589.1	Metazoa_SRP	misc_RNA	chr11	18538885	18539189	+	305				False		True
ENSG00000207407.1	SNORA1	snoRNA	chr11	19591156	19591291	-	136				False		False
ENSG00000252519.1	RNU6-783P	snRNA	chr11	23849778	23849882	+	105				False		True
ENSG00000222385.1	RN7SKP158	misc_RNA	chr11	28261194	28261519	-	326				False		False
ENSG00000243505.3	RN7SL240P	misc_RNA	chr11	29721399	29721684	-	286				False		True
ENSG00000212551.2	U3	snoRNA	chr11	32081764	32081973	+	210				False		False
ENSG00000278822.1	WT1-AS_1	misc_RNA	chr11	32435738	32435846	+	109				False		False
ENSG00000273677.1	WT1-AS_2	misc_RNA	chr11	32436311	32436447	+	137				False		False
ENSG00000278045.1	WT1-AS_3	misc_RNA	chr11	32436797	32437030	+	234				False		False
ENSG00000276530.1	WT1-AS_6	misc_RNA	chr11	32439086	32439206	+	121				False		False
ENSG00000273908.1	WT1-AS_7	misc_RNA	chr11	32439716	32440009	+	294				False		False
ENSG00000277119.1	WT1-AS_8	misc_RNA	chr11	32440109	32440383	+	275				False		False
ENSG00000251838.1	SNORA31	snoRNA	chr11	37702125	37702220	-	96				False		False
ENSG00000201591.1	RNU6-99P	snRNA	chr11	39261107	39261213	+	107				False		True
ENSG00000252922.1	RNU6-365P	snRNA	chr11	41122907	41123012	-	106				False		True
ENSG00000252355.1	RN7SKP287	misc_RNA	chr11	43435132	43435397	-	266				False		False
ENSG00000212135.1	SNORD67	snoRNA	chr11	46762389	46762499	-	111				False		False
ENSG00000265559.2	RN7SL652P	misc_RNA	chr11	47557534	47557833	-	300				False		True
ENSG00000200376.1	RNU5E-10P	snRNA	chr11	47576471	47576588	-	118				False		True
ENSG00000222998.1	RN7SKP259	misc_RNA	chr11	57451690	57452022	+	333				False		False
ENSG00000265566.2	RN7SL605P	misc_RNA	chr11	57528085	57528365	-	281				False		True
ENSG00000200817.1	RNU6-899P	snRNA	chr11	58026706	58026812	-	107				False		True
ENSG00000263999.2	RN7SL42P	misc_RNA	chr11	59214406	59214699	-	294				False		True
ENSG00000263944.2	RN7SL435P	misc_RNA	chr11	59291052	59291333	-	282				False		True
ENSG00000223223.1	RN7SKP192	misc_RNA	chr11	59706057	59706383	-	327				False		False
ENSG00000207153.1	RNU6-933P	snRNA	chr11	60985061	60985167	-	107				False		True
ENSG00000240823.3	RN7SL23P	misc_RNA	chr11	61444149	61444423	+	275				False		True
ENSG00000200898.1	RNU6-1243P	snRNA	chr11	61937894	61938000	+	107				False		True
ENSG00000206597.1	SNORA57	snoRNA	chr11	62665422	62665570	+	149				False		False
ENSG00000252361.1	RNU6-118P	snRNA	chr11	62815966	62816067	-	102				False		True
ENSG00000222328.1	RNU2-2P	snRNA	chr11	62841619	62841809	-	191	AD-NDD;AR-NDD	2025.0	Nat Genet 2025 s41588-025-02159-5; Nat Genet 2025 s41588-025-02209-y; Nat Genet 2026 s41588-026-02539-5, s41588-026-02551-9, s41588-026-02547-5	True	U2	False
ENSG00000277194.1	SNORD22	snoRNA	chr11	62852910	62853035	-	126				False		False
ENSG00000277846.1	SNORD30	snoRNA	chr11	62853663	62853732	-	70				False		False
ENSG00000274544.1	SNORD28	snoRNA	chr11	62854621	62854695	-	75				False		False
ENSG00000275996.1	SNORD27	snoRNA	chr11	62855012	62855083	-	72				False		False
ENSG00000276788.1	SNORD26	snoRNA	chr11	62855292	62855366	-	75				False		False
ENSG00000275043.1	SNORD25	snoRNA	chr11	62855564	62855632	-	69				False		False
ENSG00000241082.3	RN7SL259P	misc_RNA	chr11	62935982	62936234	-	253				False		True
ENSG00000264519.2	RN7SL596P	misc_RNA	chr11	63797784	63798071	-	288				False		True
ENSG00000202089.1	RNU6-1306P	snRNA	chr11	63882587	63882685	-	99				False		True
ENSG00000207200.1	RNU6-45P	snRNA	chr11	63970470	63970576	+	107				False		True
ENSG00000222477.1	RNU2-23P	snRNA	chr11	65147584	65147778	+	195				False		True
ENSG00000278144.1	NEAT1_1	misc_RNA	chr11	65423273	65423392	+	120				False		False
ENSG00000278050.1	NEAT1_2	misc_RNA	chr11	65423638	65423742	+	105				False		False
ENSG00000277599.1	NEAT1_3	misc_RNA	chr11	65423960	65424118	+	159				False		False
ENSG00000278217.1	MALAT1	misc_RNA	chr11	65502914	65503008	+	95				False		False
ENSG00000239356.3	RN7SL309P	misc_RNA	chr11	65695552	65695837	+	286				False		True
ENSG00000202317.1	RNU1-84P	snRNA	chr11	66393449	66393612	+	164				False		True
ENSG00000201733.1	SNORA43	snoRNA	chr11	66432763	66432902	+	140				False		False
ENSG00000199325.1	RNU4-39P	snRNA	chr11	66614964	66615090	-	127				False		True
ENSG00000239553.3	RN7SL12P	misc_RNA	chr11	66712720	66713009	-	290				False		True
ENSG00000239099.1	RNU7-23P	snRNA	chr11	66919762	66919823	+	62				False		True
ENSG00000201684.1	RN7SKP239	misc_RNA	chr11	67362414	67362708	+	295				False		False
ENSG00000253024.1	RNU6-1238P	snRNA	chr11	67395210	67395311	-	102				False		True
ENSG00000206587.1	RNU6-46P	snRNA	chr11	67895631	67895737	+	107				False		True
ENSG00000202070.1	RNU6-1175P	snRNA	chr11	70075363	70075469	+	107				False		True
ENSG00000207012.2	RNU6-72P	snRNA	chr11	72047873	72047951	-	79				False		True
ENSG00000251919.1	RNU7-105P	snRNA	chr11	72621766	72621827	+	62				False		True
ENSG00000206638.1	RNU6-672P	snRNA	chr11	72869544	72869650	-	107				False		True
ENSG00000199975.1	RN7SKP243	misc_RNA	chr11	73832382	73832690	-	309				False		False
ENSG00000206913.1	SNORA7	snoRNA	chr11	74252414	74252552	-	139				False		False
ENSG00000223202.1	RN7SKP297	misc_RNA	chr11	74685224	74685505	+	282				False		False
ENSG00000242999.3	RN7SL239P	misc_RNA	chr11	74845910	74846209	+	300				False		True
ENSG00000200152.1	RNU6-216P	snRNA	chr11	74968189	74968292	-	104				False		True
ENSG00000206941.1	SNORD15A	snoRNA	chr11	75400391	75400538	+	148				False		False
ENSG00000207445.1	SNORD15B	snoRNA	chr11	75404421	75404566	+	146				False		False
ENSG00000263993.2	RN7SL786P	misc_RNA	chr11	75742129	75742426	+	298				False		True
ENSG00000238880.1	RNU7-59P	snRNA	chr11	77566934	77566994	-	61				False		True
ENSG00000252494.1	RNU6-126P	snRNA	chr11	78133420	78133522	-	103				False		True
ENSG00000252033.1	RNU6-311P	snRNA	chr11	78579255	78579356	-	102				False		True
ENSG00000200146.1	RNU6-544P	snRNA	chr11	80527960	80528066	+	107				False		True
ENSG00000207221.1	SNORA70E	snoRNA	chr11	83041464	83041598	-	135				False		False
ENSG00000274004.1	H19_3	misc_RNA	chr11	83386988	83387102	+	115				False		False
ENSG00000274006.1	DLG2-AS1_1	misc_RNA	chr11	84887207	84887419	+	213				False		False
ENSG00000276179.1	DLG2-AS1_2	misc_RNA	chr11	84890744	84890961	+	218				False		False
ENSG00000206583.1	RNU6-1292P	snRNA	chr11	85509938	85510044	+	107				False		True
ENSG00000200877.1	RNU6-560P	snRNA	chr11	86153227	86153334	+	108				False		True
ENSG00000239856.3	RN7SL225P	misc_RNA	chr11	86324012	86324309	-	298				False		True
ENSG00000223015.1	RNU6-1135P	snRNA	chr11	87606783	87606885	+	103				False		True
ENSG00000207113.1	RNU6-16P	snRNA	chr11	88612805	88612911	-	107				False		True
ENSG00000207299.1	SNORD56	snoRNA	chr11	90118391	90118461	+	71				False		False
ENSG00000240202.3	RN7SL223P	misc_RNA	chr11	93556913	93557206	+	294				False		True
ENSG00000275146.1	snoU2_19	snoRNA	chr11	93721542	93721621	+	80				False		False
ENSG00000273885.1	snoU2-30	snoRNA	chr11	93721797	93721866	+	70				False		False
ENSG00000207112.1	SNORA25	snoRNA	chr11	93730513	93730646	-	134				False		False
ENSG00000206799.1	SNORA32	snoRNA	chr11	93730979	93731099	-	121				False		False
ENSG00000202314.1	SNORD6	snoRNA	chr11	93731502	93731574	-	73				False		False
ENSG00000207304.1	SNORA8	snoRNA	chr11	93732361	93732499	-	139				False		False
ENSG00000239195.1	SNORD5	snoRNA	chr11	93733228	93733300	-	73				False		False
ENSG00000207145.1	SNORA18	snoRNA	chr11	93733466	93733597	-	132				False		False
ENSG00000210825.1	SNORA40	snoRNA	chr11	93735111	93735236	-	126				False		False
ENSG00000223269.1	RN7SKP53	misc_RNA	chr11	99120176	99120490	+	315				False		False
ENSG00000242165.3	RN7SL222P	misc_RNA	chr11	100641975	100642273	-	299				False		True
ENSG00000200047.1	RN7SKP115	misc_RNA	chr11	100839630	100839946	+	317				False		False
ENSG00000212466.1	RNU6-952P	snRNA	chr11	102313722	102313829	+	108				False		True
ENSG00000238562.1	RNU7-159P	snRNA	chr11	102903892	102903953	-	62				False		True
ENSG00000222663.1	RNU4-55P	snRNA	chr11	105824634	105824770	+	137				False		True
ENSG00000252081.1	RNU6-277P	snRNA	chr11	105974826	105974931	-	106				False		True
ENSG00000201243.1	RNU6-654P	snRNA	chr11	109005517	109005623	+	107				False		True
ENSG00000264997.1	SNORD39	snoRNA	chr11	109263494	109263564	-	71				False		False
ENSG00000253099.1	RNU2-60P	snRNA	chr11	111383092	111383219	+	128				False		True
ENSG00000223324.1	RN7SKP273	misc_RNA	chr11	111683111	111683424	+	314				False		False
ENSG00000238444.1	RNU6-893P	snRNA	chr11	112032499	112032598	-	100				False		True
ENSG00000206772.1	RNU6-44P	snRNA	chr11	112352556	112352662	-	107				False		True
ENSG00000212397.1	snosnR66	snoRNA	chr11	112602354	112602452	-	99				False		False
ENSG00000238998.1	RNU7-187P	snRNA	chr11	112977353	112977420	+	68				False		True
ENSG00000201687.1	RNU6-1107P	snRNA	chr11	113859346	113859449	+	104				False		True
ENSG00000238724.1	snoU13	snoRNA	chr11	114527129	114527232	+	104				False		False
ENSG00000252870.1	ACA59	snoRNA	chr11	115128218	115128373	-	156				False		False
ENSG00000200537.1	RNY4P6	misc_RNA	chr11	117015897	117015992	+	96				False		False
ENSG00000252992.1	SCARNA11	scaRNA	chr11	117263799	117263952	+	154				False		False
ENSG00000272075.2	RN7SL828P	misc_RNA	chr11	118067237	118067539	+	303				False		True
ENSG00000207185.1	RNU6-1157P	snRNA	chr11	118593988	118594093	+	106				False		True
ENSG00000207462.1	RNU6-376P	snRNA	chr11	118702342	118702447	+	106				False		True
ENSG00000239726.3	RN7SL688P	misc_RNA	chr11	118931216	118931490	+	275				False		True
ENSG00000222249.1	RNU6-262P	snRNA	chr11	119289562	119289677	-	116				False		True
ENSG00000252119.1	ACA64	snoRNA	chr11	119323293	119323409	-	117				False		False
ENSG00000199217.1	RNU6-1123P	snRNA	chr11	119656311	119656416	+	106				False		True
ENSG00000274303.1	7SK	misc_RNA	chr11	120365666	120365963	+	298				False		False
ENSG00000252556.1	RNU6-256P	snRNA	chr11	122004355	122004451	+	97				False		True
ENSG00000252776.1	RNU4ATAC10P	snRNA	chr11	122449210	122449331	+	122				False		True
ENSG00000253035.1	RNU4ATAC5P	snRNA	chr11	122451474	122451599	+	126				False		True
ENSG00000223265.1	RNU6-592P	snRNA	chr11	122579205	122579307	-	103				False		True
ENSG00000199709.1	RNU4-23P	snRNA	chr11	122927034	122927173	+	140				False		True
ENSG00000200879.1	SNORD14E	snoRNA	chr11	123058077	123058161	-	85				False		False
ENSG00000207118.1	SNORD14D	snoRNA	chr11	123058909	123058995	-	87				False		False
ENSG00000202252.1	SNORD14C	snoRNA	chr11	123059335	123059422	-	88				False		False
ENSG00000200496.1	U8	snoRNA	chr11	123301390	123301523	+	134				False		False
ENSG00000200197.1	RNU1-21P	snRNA	chr11	123763927	123764089	+	163				False		True
ENSG00000222844.1	RNU6-321P	snRNA	chr11	125277552	125277657	+	106				False		True
ENSG00000222297.1	RNU6-1156P	snRNA	chr11	125574719	125574818	+	100				False		True
ENSG00000252255.1	RNU2-35P	snRNA	chr11	125649746	125649887	+	142				False		True
ENSG00000222067.1	RNU4-86P	snRNA	chr11	126214260	126214478	-	219				False		True
ENSG00000240098.3	RN7SL351P	misc_RNA	chr11	126245035	126245282	+	248				False		True
ENSG00000222774.1	RN7SKP121	misc_RNA	chr11	127406028	127406332	-	305				False		False
ENSG00000223315.1	RN7SKP279	misc_RNA	chr11	127407851	127408148	+	298				False		False
ENSG00000212597.1	RNU6-876P	snRNA	chr11	128993237	128993340	-	104				False		True
ENSG00000206847.1	Y_RNA	misc_RNA	chr11	129030459	129030572	+	114				False		False
ENSG00000199260.1	RNU6-874P	snRNA	chr11	129202966	129203070	+	105				False		True
ENSG00000274197.1	U4	snRNA	chr11	130114251	130114335	-	85				False		False
ENSG00000272412.2	RN7SL778P	misc_RNA	chr11	130310180	130310476	+	297				False		True
ENSG00000242673.3	RN7SL167P	misc_RNA	chr11	131004128	131004429	-	302				False		True
ENSG00000252351.1	RNU6ATAC12P	snRNA	chr11	131385249	131385363	+	115				False		True
ENSG00000283489.1	U6	snRNA	chr11	132525809	132525887	+	79				False		False
ENSG00000238370.1	RNU7-103P	snRNA	chr12	589530	589589	-	60				False		True
ENSG00000221439.1	RNU4ATAC16P	snRNA	chr12	781133	781258	+	126				False		True
ENSG00000252996.1	RNU6-1315P	snRNA	chr12	2954240	2954338	-	99				False		True
ENSG00000222338.1	RNU6-174P	snRNA	chr12	3726222	3726327	-	106				False		True
ENSG00000240533.3	RN7SL69P	misc_RNA	chr12	6095699	6095970	-	272				False		True
ENSG00000265388.2	RN7SL391P	misc_RNA	chr12	6344554	6344837	+	284				False		True
ENSG00000239002.3	SCARNA10	snoRNA	chr12	6510222	6510551	+	330				False		False
ENSG00000251898.1	SCARNA11	scaRNA	chr12	6581474	6581609	-	136				False		False
ENSG00000252186.1	RNU6-781P	snRNA	chr12	6709452	6709552	+	101				False		True
ENSG00000244532.1	RN7SL380P	misc_RNA	chr12	6783854	6784161	-	308				False		True
ENSG00000238923.1	RNU7-1	snRNA	chr12	6943816	6943878	+	63	AR-other	2020.0	Aicardi-Goutieres syndrome	True	U7	False
ENSG00000238795.1	SCARNA12	snoRNA	chr12	6967337	6967606	-	270				False		False
ENSG00000200345.2	RNU6-485P	snRNA	chr12	7118785	7118891	+	107				False		True
ENSG00000201780.1	RNU6-275P	snRNA	chr12	8484746	8484852	+	107				False		True
ENSG00000212345.1	RNU6-700P	snRNA	chr12	9624122	9624228	-	107				False		True
ENSG00000223042.1	RN7SKP161	misc_RNA	chr12	10084186	10084490	+	305				False		False
ENSG00000251747.1	RNU7-60P	snRNA	chr12	11546479	11546540	+	62				False		True
ENSG00000199551.1	RNU6-545P	snRNA	chr12	12226674	12226777	+	104				False		True
ENSG00000207010.1	RNU6-318P	snRNA	chr12	12289227	12289329	-	103				False		True
ENSG00000221611.1	SNORD88	snoRNA	chr12	12972053	12972143	+	91				False		False
ENSG00000201909.1	RNU6-590P	snRNA	chr12	13459670	13459776	-	107				False		True
ENSG00000200475.1	RN7SKP162	misc_RNA	chr12	13683542	13683886	+	345				False		False
ENSG00000251908.1	RNU6-491P	snRNA	chr12	14250232	14250341	-	110				False		True
ENSG00000200830.1	RN7SKP134	misc_RNA	chr12	14553702	14553970	-	269				False		False
ENSG00000200105.1	RNU6-251P	snRNA	chr12	15671707	15671810	-	104				False		True
ENSG00000212358.1	RNU6-837P	snRNA	chr12	17071398	17071505	-	108				False		True
ENSG00000240993.3	RN7SL459P	misc_RNA	chr12	19176288	19176589	-	302				False		True
ENSG00000243854.3	RN7SL67P	misc_RNA	chr12	19303480	19303775	+	296				False		True
ENSG00000200247.1	RNU6-254P	snRNA	chr12	19445949	19446055	-	107				False		True
ENSG00000200885.1	RNU1-146P	snRNA	chr12	19724435	19724599	+	165				False		True
ENSG00000212172.1	RNU1-149P	snRNA	chr12	22195469	22195629	-	161				False		True
ENSG00000240481.3	RN7SL38P	misc_RNA	chr12	24706788	24707083	+	296				False		True
ENSG00000201439.1	RNU4-67P	snRNA	chr12	25404288	25404428	-	141				False		True
ENSG00000222950.1	RN7SKP262	misc_RNA	chr12	25779287	25779569	-	283				False		False
ENSG00000201612.1	RN7SKP15	misc_RNA	chr12	27806082	27806390	-	309				False		False
ENSG00000252237.1	RNU4-54P	snRNA	chr12	28319335	28319463	-	129				False		True
ENSG00000212533.1	SNORA75	snoRNA	chr12	31076867	31077016	-	150				False		False
ENSG00000283256.1	U6	snRNA	chr12	31366288	31366366	+	79				False		False
ENSG00000200388.1	RNU6-618P	snRNA	chr12	31396390	31396501	+	112				False		True
ENSG00000252390.1	RNU5F-4P	snRNA	chr12	31594093	31594206	-	114				False		True
ENSG00000252421.1	RNU6-1069P	snRNA	chr12	31802958	31803090	-	133				False		True
ENSG00000252204.1	SNORA25	snoRNA	chr12	31811088	31811190	+	103				False		False
ENSG00000253063.1	RNU6-494P	snRNA	chr12	32477382	32477471	-	90				False		True
ENSG00000212475.1	RNU6-400P	snRNA	chr12	33576095	33576200	+	106				False		True
ENSG00000207026.1	RNU6-472P	snRNA	chr12	33923374	33923480	-	107				False		True
ENSG00000274293.1	pRNA	misc_RNA	chr12	38150050	38150138	+	89				False		False
ENSG00000199571.1	SNORA22	snoRNA	chr12	39819750	39819883	-	134				False		False
ENSG00000207492.1	RNU6-713P	snRNA	chr12	40554161	40554267	-	107				False		True
ENSG00000252917.1	SNORA74	snoRNA	chr12	42347061	42347214	-	154				False		False
ENSG00000199886.1	RNU6-249P	snRNA	chr12	42398550	42398651	+	102				False		True
ENSG00000265093.2	RN7SL246P	misc_RNA	chr12	45874035	45874330	+	296				False		True
ENSG00000199566.1	SNORA64	snoRNA	chr12	47346166	47346297	-	132				False		False
ENSG00000222635.1	RNU6-1203P	snRNA	chr12	48081319	48081428	+	110				False		True
ENSG00000221491.2	SNORA2C	snoRNA	chr12	48654382	48654518	-	137				False		False
ENSG00000206612.1	SNORA2A	snoRNA	chr12	48656648	48656782	-	135				False		False
ENSG00000207313.1	SNORA2B	snoRNA	chr12	48667457	48667593	-	137				False		False
ENSG00000199394.1	RNU6-600P	snRNA	chr12	48892130	48892228	-	99				False		True
ENSG00000200303.1	RNU6-940P	snRNA	chr12	48975543	48975646	+	104				False		True
ENSG00000199237.1	RNU6-834P	snRNA	chr12	49593104	49593213	+	110				False		True
ENSG00000212496.1	RNU6-1093P	snRNA	chr12	50256238	50256344	-	107				False		True
ENSG00000207136.1	RNU6-769P	snRNA	chr12	50633273	50633376	+	104				False		True
ENSG00000200183.1	RNU6-238P	snRNA	chr12	50656973	50657078	+	106				False		True
ENSG00000243075.3	RN7SL519P	misc_RNA	chr12	50841498	50841785	-	288				False		True
ENSG00000272028.1	RNU6-87P	snRNA	chr12	51014134	51014241	-	108				False		True
ENSG00000199903.1	RNU6-1273P	snRNA	chr12	51037499	51037602	+	104				False		True
ENSG00000199824.1	RNU6-199P	snRNA	chr12	51162901	51163007	+	107				False		True
ENSG00000206992.1	RNU6-574P	snRNA	chr12	51987657	51987763	+	107				False		True
ENSG00000238669.1	RNU6-333P	snRNA	chr12	53138545	53138651	-	107				False		True
ENSG00000273658.1	uc_338	misc_RNA	chr12	53464720	53464901	+	182				False		False
ENSG00000253053.1	RN7SKP289	misc_RNA	chr12	53816185	53816479	+	295				False		False
ENSG00000275589.1	HOTAIR_2	misc_RNA	chr12	53963629	53963697	+	69				False		False
ENSG00000277994.1	HOTAIR_3	misc_RNA	chr12	53965965	53966061	+	97				False		False
ENSG00000274817.1	AC012531.4	misc_RNA	chr12	53968002	53968178	+	177				False		False
ENSG00000277129.1	AC012531.5	misc_RNA	chr12	53968351	53968501	+	151				False		False
ENSG00000241785.3	RN7SL390P	misc_RNA	chr12	54255627	54255910	-	284				False		True
ENSG00000207381.1	RNU6-950P	snRNA	chr12	54317781	54317887	-	107				False		True
ENSG00000264028.2	RN7SL744P	misc_RNA	chr12	54344610	54344876	+	267				False		True
ENSG00000252206.1	RNU7-40P	snRNA	chr12	56352387	56352450	-	64				False		True
ENSG00000201579.1	RNU6-343P	snRNA	chr12	56588518	56588621	+	104				False		True
ENSG00000207031.1	SNORD59A	snoRNA	chr12	56645027	56645101	-	75				False		False
ENSG00000241217.3	RN7SL809P	misc_RNA	chr12	56670450	56670746	-	297				False		True
ENSG00000212383.1	SNORA48	snoRNA	chr12	56861375	56861508	+	134				False		False
ENSG00000201198.1	RNU6-879P	snRNA	chr12	57415296	57415403	+	108				False		True
ENSG00000206749.1	RNU6-1083P	snRNA	chr12	57806154	57806260	-	107				False		True
ENSG00000222210.1	RN7SKP65	misc_RNA	chr12	57977965	57978277	-	313				False		False
ENSG00000212599.1	RNU6-279P	snRNA	chr12	59369051	59369151	-	101				False		True
ENSG00000251931.1	RNU6-871P	snRNA	chr12	59450673	59450772	-	100				False		True
ENSG00000202471.1	RNU4-20P	snRNA	chr12	59586793	59586943	-	151				False		True
ENSG00000251822.1	SNORA19	snoRNA	chr12	60363822	60363935	+	114				False		False
ENSG00000200814.1	RNU6-595P	snRNA	chr12	62334091	62334197	-	107				False		True
ENSG00000202034.1	RNU6-399P	snRNA	chr12	62545582	62545679	-	98				False		True
ENSG00000200296.1	RNU1-83P	snRNA	chr12	62850738	62850901	-	164				False		True
ENSG00000212298.1	RNU6-1009P	snRNA	chr12	64204793	64204899	+	107				False		True
ENSG00000251788.1	RNU5A-7P	snRNA	chr12	64228560	64228675	-	116				False		True
ENSG00000238440.1	snoU13	snoRNA	chr12	64355762	64355865	-	104				False		False
ENSG00000223294.1	SNORD83	snoRNA	chr12	64575665	64575741	+	77				False		False
ENSG00000221564.1	RNU6ATAC42P	snRNA	chr12	64939023	64939117	+	95				False		True
ENSG00000207099.1	RNU6-166P	snRNA	chr12	65095749	65095855	+	107				False		True
ENSG00000222744.1	RN7SKP166	misc_RNA	chr12	66292683	66292987	+	305				False		False
ENSG00000206650.1	SNORA70G	snoRNA	chr12	68627234	68627375	-	142				False		False
ENSG00000252770.1	RNU7-4P	snRNA	chr12	68911921	68911982	+	62				False		True
ENSG00000266185.2	RN7SL804P	misc_RNA	chr12	69400903	69401200	+	298				False		True
ENSG00000222405.1	RNU4-65P	snRNA	chr12	70443784	70443923	-	140				False		True
ENSG00000212461.1	SNORA17	snoRNA	chr12	71639355	71639483	+	129				False		False
ENSG00000252415.1	RNU6-1012P	snRNA	chr12	73679188	73679296	-	109				False		True
ENSG00000201809.1	U8	snoRNA	chr12	73764279	73764413	-	135				False		False
ENSG00000251893.2	SNORA70	snoRNA	chr12	75689152	75689304	-	153				False		False
ENSG00000243420.3	RN7SL734P	misc_RNA	chr12	75957833	75958130	-	298				False		True
ENSG00000252858.1	RNU6-1271P	snRNA	chr12	76139567	76139671	+	105				False		True
ENSG00000223273.1	RN7SKP172	misc_RNA	chr12	76315751	76316048	+	298				False		False
ENSG00000238842.1	RNU7-106P	snRNA	chr12	80068691	80068757	-	67				False		True
ENSG00000222880.1	RN7SKP261	misc_RNA	chr12	80343515	80343792	-	278				False		False
ENSG00000252220.1	RNU6-977P	snRNA	chr12	83021890	83021992	+	103				False		True
ENSG00000221148.1	SNORA3	snoRNA	chr12	84183324	84183448	-	125				False		False
ENSG00000252850.1	RNU1-117P	snRNA	chr12	88581639	88581796	+	158				False		True
ENSG00000238302.1	RNU7-120P	snRNA	chr12	89282223	89282285	-	63				False		True
ENSG00000252823.1	RNU6-148P	snRNA	chr12	89754059	89754152	+	94				False		True
ENSG00000274647.1	DLEU2_6	misc_RNA	chr12	91632912	91633023	-	112				False		False
ENSG00000202534.1	RNU6-1329P	snRNA	chr12	92952639	92952745	+	107				False		True
ENSG00000243015.2	RN7SL737P	misc_RNA	chr12	93509487	93509768	+	282				False		True
ENSG00000264978.2	RN7SL630P	misc_RNA	chr12	93831076	93831372	+	297				False		True
ENSG00000223126.1	RN7SKP263	misc_RNA	chr12	94008739	94009047	-	309				False		False
ENSG00000244391.3	RN7SL330P	misc_RNA	chr12	94361220	94361526	+	307				False		True
ENSG00000244091.1	RN7SL483P	misc_RNA	chr12	94515476	94515760	+	285				False		True
ENSG00000212535.1	RNU6-808P	snRNA	chr12	95290692	95290799	+	108				False		True
ENSG00000222544.1	RNU6-735P	snRNA	chr12	95438737	95438843	-	107				False		True
ENSG00000199506.1	RNU6-247P	snRNA	chr12	95792529	95792635	-	107				False		True
ENSG00000277062.1	RN7SL88P	misc_RNA	chr12	96101951	96102249	-	299				False		True
ENSG00000201435.1	RNU4-24P	snRNA	chr12	96303375	96303513	-	139				False		True
ENSG00000252827.1	RN7SKP11	misc_RNA	chr12	96427200	96427486	-	287				False		False
ENSG00000273942.1	RMST_2	misc_RNA	chr12	97492462	97492597	+	136				False		False
ENSG00000274230.1	RMST_3	misc_RNA	chr12	97493178	97493286	+	109				False		False
ENSG00000275231.1	RMST_4	misc_RNA	chr12	97493897	97494003	+	107				False		False
ENSG00000273570.1	RMST_5	misc_RNA	chr12	97495932	97496057	+	126				False		False
ENSG00000275971.1	RMST_6	misc_RNA	chr12	97530656	97530858	+	203				False		False
ENSG00000274819.1	RMST_7	misc_RNA	chr12	97532691	97532958	+	268				False		False
ENSG00000251844.1	snoMe28S-Am2634	snoRNA	chr12	97552137	97552228	-	92				False		False
ENSG00000278802.1	RMST_8	misc_RNA	chr12	97560557	97560721	+	165				False		False
ENSG00000276398.1	RMST_9	misc_RNA	chr12	97560856	97561048	+	193				False		False
ENSG00000277081.1	RMST_10	misc_RNA	chr12	97564174	97564327	+	154				False		False
ENSG00000206899.1	RNU6-36P	snRNA	chr12	97721716	97721822	+	107				False		True
ENSG00000201296.1	RNU4-41P	snRNA	chr12	98417896	98418038	-	143				False		True
ENSG00000212443.1	SNORA53	snoRNA	chr12	98599635	98599883	+	249				False		False
ENSG00000266610.2	RN7SL176P	misc_RNA	chr12	100158502	100158765	-	264				False		True
ENSG00000207414.1	RNU6-768P	snRNA	chr12	101199271	101199377	-	107				False		True
ENSG00000222890.1	RNU6-1068P	snRNA	chr12	101411357	101411459	+	103				False		True
ENSG00000202249.1	RNU5E-5P	snRNA	chr12	101466705	101466820	+	116				False		True
ENSG00000199933.1	RNY1P16	misc_RNA	chr12	101719808	101719918	+	111				False		False
ENSG00000222255.1	RNU6-101P	snRNA	chr12	101765406	101765509	-	104				False		True
ENSG00000222932.1	RNU6-172P	snRNA	chr12	101796410	101796502	-	93				False		True
ENSG00000252863.1	RNU6-1183P	snRNA	chr12	101871742	101871801	-	60				False		True
ENSG00000264554.2	RN7SL793P	misc_RNA	chr12	102217318	102217613	-	296				False		True
ENSG00000238609.1	RNU7-94P	snRNA	chr12	106282927	106282989	-	63				False		True
ENSG00000200897.1	SNORD74	snoRNA	chr12	107374747	107374827	+	81				False		False
ENSG00000238457.1	RNU7-169P	snRNA	chr12	108668448	108668508	+	61				False		True
ENSG00000200060.1	Y_RNA	misc_RNA	chr12	108738484	108738604	+	121				False		False
ENSG00000273499.1	SNORA40	snoRNA	chr12	108778144	108778271	-	128				False		False
ENSG00000201324.1	RNU6-361P	snRNA	chr12	108926435	108926541	-	107				False		True
ENSG00000200274.1	RNU4-32P	snRNA	chr12	109567975	109568115	-	141				False		True
ENSG00000200794.1	RN7SKP250	misc_RNA	chr12	109662863	109663183	-	321				False		False
ENSG00000241413.3	RN7SL441P	misc_RNA	chr12	109866214	109866509	-	296				False		True
ENSG00000276956.1	RN7SL769P	misc_RNA	chr12	110360452	110360746	-	295				False		True
ENSG00000202335.1	SNORD50	snoRNA	chr12	110496352	110496421	-	70				False		False
ENSG00000263537.2	RN7SL387P	misc_RNA	chr12	110625645	110625917	-	273				False		True
ENSG00000272215.1	U7	snRNA	chr12	111564821	111564883	-	63				False		False
ENSG00000201428.1	RN7SKP71	misc_RNA	chr12	112267077	112267394	+	318				False		False
ENSG00000222982.1	RN7SKP216	misc_RNA	chr12	114504876	114505187	-	312				False		False
ENSG00000252459.1	SNORA27	snoRNA	chr12	114737704	114737798	+	95				False		False
ENSG00000240205.3	RN7SL865P	misc_RNA	chr12	115717725	115718013	+	289				False		True
ENSG00000200112.1	SNORD56	snoRNA	chr12	115852648	115852718	-	71				False		False
ENSG00000200665.1	RNU6-1188P	snRNA	chr12	116082570	116082676	+	107				False		True
ENSG00000201382.1	RNU6-558P	snRNA	chr12	116782105	116782208	+	104				False		True
ENSG00000201042.1	SNORA38	snoRNA	chr12	118888434	118888564	-	131				False		False
ENSG00000244112.3	RN7SL508P	misc_RNA	chr12	118993857	118994159	+	303				False		True
ENSG00000252886.1	RN7SKP197	misc_RNA	chr12	119631090	119631386	-	297				False		False
ENSG00000278250.1	Metazoa_SRP	misc_RNA	chr12	120018900	120019261	+	362				False		True
ENSG00000202538.1	RNU4-2	snRNA	chr12	120291763	120291903	-	141	AD-NDD;AR-NDD;AD-RP	2024.0	Chen 2024 Nature s41586-024-07773-7; SGE Nature 2026 s41586-026-10334-9; biallelic Nat Genet 2026 s41588-026-02554-6; RP Nat Genet 2025 s41588-025-02451-4	True	U4	False
ENSG00000200795.1	RNU4-1	snRNA	chr12	120293097	120293237	-	141				False	U4	False
ENSG00000252659.1	RNU6-1088P	snRNA	chr12	120313238	120313341	-	104				False		True
ENSG00000252393.1	RNU6-1004P	snRNA	chr12	121604902	121605012	+	111				False		True
ENSG00000239082.1	RNU7-170P	snRNA	chr12	121908103	121908163	+	61				False		True
ENSG00000252192.1	SNORA9	snoRNA	chr12	122492113	122492241	-	129				False		False
ENSG00000206897.1	SNORA9B	snoRNA	chr12	123616708	123616840	+	133				False		False
ENSG00000252008.1	RNU6-927P	snRNA	chr12	124901512	124901611	+	100				False		True
ENSG00000253089.1	RNU1-104P	snRNA	chr12	127321355	127321529	+	175				False		True
ENSG00000222438.1	RNU6-1077P	snRNA	chr12	130869736	130869837	-	102				False		True
ENSG00000200483.1	RNU6-1017P	snRNA	chr12	131815263	131815368	-	106				False		True
ENSG00000208892.1	SNORA49	snoRNA	chr12	132031224	132031359	+	136				False		False
ENSG00000252079.1	RNU6-327P	snRNA	chr12	132835374	132835500	-	127				False		True
ENSG00000252269.1	RNU4ATAC12P	snRNA	chr12	132995190	132995302	-	113				False		True
ENSG00000239190.1	RNU6-717P	snRNA	chr12	133238335	133238438	-	104				False		True
ENSG00000276183.1	U6	snRNA	chr13	18418526	18418632	+	107				False		False
ENSG00000223024.1	RNU6-55P	snRNA	chr13	18869185	18869291	-	107				False		True
ENSG00000206787.1	RNU6-76P	snRNA	chr13	18880054	18880157	+	104				False		True
ENSG00000275014.1	RN7SL166P	misc_RNA	chr13	19736975	19737254	-	280				False		True
ENSG00000222726.1	RNU2-7P	snRNA	chr13	20612161	20612338	+	178				False		True
ENSG00000201821.1	RNU4-9P	snRNA	chr13	21038529	21038667	-	139				False		True
ENSG00000275689.1	FAS-AS1	misc_RNA	chr13	21126271	21126396	-	126				False		False
ENSG00000252128.1	SNORD27	snoRNA	chr13	21139886	21139957	-	72				False		False
ENSG00000207518.1	RNU6-59P	snRNA	chr13	21551304	21551410	-	107				False		True
ENSG00000244197.3	RN7SL766P	misc_RNA	chr13	21790537	21790845	+	309				False		True
ENSG00000253094.1	SNORD36	snoRNA	chr13	22803145	22803224	+	80				False		False
ENSG00000207157.1	RNY3P4	misc_RNA	chr13	23152586	23152686	-	101				False		False
ENSG00000252952.1	RNU6-58P	snRNA	chr13	23217432	23217534	-	103				False		True
ENSG00000207474.1	RNY1P7	misc_RNA	chr13	24703556	24703665	-	110				False		False
ENSG00000199767.1	RNU6-78P	snRNA	chr13	25517119	25517225	+	107				False		True
ENSG00000242381.3	RN7SL741P	misc_RNA	chr13	25944478	25944766	+	289				False		True
ENSG00000223158.1	RNY1P3	misc_RNA	chr13	25950704	25950821	-	118				False		False
ENSG00000278413.1	uc_338	misc_RNA	chr13	26359529	26359702	-	174				False		False
ENSG00000207500.1	SNORD102	snoRNA	chr13	27255064	27255135	+	72				False		False
ENSG00000207051.1	SNORA27	snoRNA	chr13	27255401	27255526	+	126				False		False
ENSG00000252247.2	RNU6-70P	snRNA	chr13	27343687	27343746	-	60				False		True
ENSG00000201242.1	RNY1P1	misc_RNA	chr13	27402476	27402587	-	112				False		False
ENSG00000252499.1	RNU6-63P	snRNA	chr13	27488138	27488232	+	95				False		True
ENSG00000207330.1	RNU6-73P	snRNA	chr13	27828763	27828869	+	107				False		True
ENSG00000242360.3	RN7SL272P	misc_RNA	chr13	27989296	27989584	-	289				False		True
ENSG00000200840.1	RNU6-82P	snRNA	chr13	28232501	28232607	+	107				False		True
ENSG00000273964.1	Y_RNA	misc_RNA	chr13	28629794	28629883	+	90				False		False
ENSG00000202237.1	RNU6-53P	snRNA	chr13	28703702	28703807	-	106				False		True
ENSG00000252928.1	RNU6-64P	snRNA	chr13	30281765	30281869	+	105				False		True
ENSG00000212293.1	SNORA16	snoRNA	chr13	32420390	32420516	-	127				False		False
ENSG00000207325.1	RNY1P4	misc_RNA	chr13	32763438	32763552	-	115				False		False
ENSG00000252397.1	RNU5A-4P	snRNA	chr13	33829539	33829649	-	111				False		True
ENSG00000199196.1	SNORA25	snoRNA	chr13	34100711	34100838	-	128				False		False
ENSG00000207203.1	RNU6-71P	snRNA	chr13	36267168	36267274	+	107				False		True
ENSG00000202395.1	RN7SKP1	misc_RNA	chr13	37166352	37166658	-	307				False		False
ENSG00000252795.1	RNU6-56P	snRNA	chr13	38779424	38779516	+	93				False		True
ENSG00000200526.1	RNY4P14	misc_RNA	chr13	39785415	39785510	-	96				False		False
ENSG00000212553.1	SNORD116	snoRNA	chr13	39857135	39857227	-	93				False		False
ENSG00000207458.1	RNY3P9	misc_RNA	chr13	40226827	40226932	+	106				False		False
ENSG00000252812.1	RN7SKP2	misc_RNA	chr13	40407122	40407440	-	319				False		False
ENSG00000244264.3	RN7SL597P	misc_RNA	chr13	41121876	41122171	+	296				False		True
ENSG00000223280.1	RNU6-57P	snRNA	chr13	41354557	41354659	-	103				False		True
ENSG00000241406.3	RN7SL515P	misc_RNA	chr13	41807677	41807973	+	297				False		True
ENSG00000206962.1	RNU6-74P	snRNA	chr13	41905118	41905224	+	107				False		True
ENSG00000265802.2	RN7SL49P	misc_RNA	chr13	45002150	45002447	+	298				False		True
ENSG00000223341.1	RN7SKP3	misc_RNA	chr13	45060729	45061086	+	358				False		False
ENSG00000271818.1	RN7SKP4	misc_RNA	chr13	45123093	45123414	+	322				False		False
ENSG00000253051.1	SNORA31	snoRNA	chr13	45336314	45336447	-	134				False		False
ENSG00000240767.3	RN7SL288P	misc_RNA	chr13	46169458	46169748	-	291				False		True
ENSG00000252854.1	RN7SKP5	misc_RNA	chr13	46249942	46250213	+	272				False		False
ENSG00000223336.1	RNU2-6P	snRNA	chr13	46374401	46374590	-	190				False		True
ENSG00000252385.1	RNU6-68P	snRNA	chr13	46410454	46410557	+	104				False		True
ENSG00000244521.3	RN7SL700P	misc_RNA	chr13	47458941	47459234	-	294				False		True
ENSG00000277233.1	Metazoa_SRP	misc_RNA	chr13	48429269	48429554	+	286				False		True
ENSG00000201662.1	RNU6-60P	snRNA	chr13	48987915	48988017	+	103				False		True
ENSG00000199788.1	RNY3P2	misc_RNA	chr13	49095391	49095492	+	102				False		False
ENSG00000222148.1	RNY4P30	misc_RNA	chr13	49889634	49889728	-	95				False		False
ENSG00000200064.1	RNY4P9	misc_RNA	chr13	49908634	49908730	-	97				False		False
ENSG00000277913.1	DLEU2_1	misc_RNA	chr13	50044649	50044768	+	120				False		False
ENSG00000277066.1	DLEU2_2	misc_RNA	chr13	50045143	50045232	+	90				False		False
ENSG00000274878.1	DLEU2_3	misc_RNA	chr13	50049591	50049663	+	73				False		False
ENSG00000273612.1	DLEU2_4	misc_RNA	chr13	50068107	50068164	+	58				False		False
ENSG00000277752.1	DLEU2_5	misc_RNA	chr13	50075570	50075653	+	84				False		False
ENSG00000275559.1	DLEU2_6	misc_RNA	chr13	50081843	50081978	+	136				False		False
ENSG00000276089.1	DLEU1_1	misc_RNA	chr13	50082295	50082484	+	190				False		False
ENSG00000273541.1	DLEU1_2	misc_RNA	chr13	50104833	50105174	+	342				False		False
ENSG00000243900.3	RN7SL320P	misc_RNA	chr13	51469753	51470047	+	295				False		True
ENSG00000252141.1	RNU6-65P	snRNA	chr13	51565412	51565509	+	98				False		True
ENSG00000206920.1	RNY1P6	misc_RNA	chr13	51586424	51586532	-	109				False		False
ENSG00000242893.3	RN7SL413P	misc_RNA	chr13	51593919	51594215	-	297				False		True
ENSG00000199605.1	RNY4P24	misc_RNA	chr13	52400004	52400099	+	96				False		False
ENSG00000241613.3	RN7SL618P	misc_RNA	chr13	53258077	53258372	+	296				False		True
ENSG00000201665.1	RN7SKP6	misc_RNA	chr13	56885284	56885602	-	319				False		False
ENSG00000222733.1	RNY4P29	misc_RNA	chr13	58527655	58527751	-	97				False		False
ENSG00000239003.1	RNU7-88P	snRNA	chr13	59480070	59480132	+	63				False		True
ENSG00000265745.2	RN7SL375P	misc_RNA	chr13	60034465	60034762	-	298				False		True
ENSG00000202151.1	RNY4P28	misc_RNA	chr13	60187738	60187830	-	93				False		False
ENSG00000206854.1	RNY3P5	misc_RNA	chr13	60789560	60789661	+	102				False		False
ENSG00000202478.1	RNU6-81P	snRNA	chr13	63783801	63783904	+	104				False		True
ENSG00000238500.1	RNU7-87P	snRNA	chr13	66630715	66630776	-	62				False		True
ENSG00000243671.3	RN7SL761P	misc_RNA	chr13	68693804	68694081	-	278				False		True
ENSG00000207495.1	RNY3P10	misc_RNA	chr13	69802940	69803041	+	102				False		False
ENSG00000202433.1	RNU6-54P	snRNA	chr13	70459464	70459570	+	107				False		True
ENSG00000212377.1	SNORD37	snoRNA	chr13	72453902	72453967	-	66				False		False
ENSG00000251715.1	SNORA68	snoRNA	chr13	72460519	72460601	-	83				False		False
ENSG00000199282.1	SNORA9	snoRNA	chr13	72586680	72586810	+	131				False		False
ENSG00000206922.1	RNU6-80P	snRNA	chr13	72706017	72706123	-	107				False		True
ENSG00000199381.1	RNU6-79P	snRNA	chr13	72881108	72881214	-	107				False		True
ENSG00000200267.1	RNU6-66P	snRNA	chr13	73112915	73113018	-	104				False		True
ENSG00000201253.1	RNU4-10P	snRNA	chr13	73191528	73191667	+	140				False		True
ENSG00000206697.1	RNY1P8	misc_RNA	chr13	73227147	73227260	+	114				False		False
ENSG00000206617.1	RNY1P5	misc_RNA	chr13	74289100	74289214	-	115				False		False
ENSG00000206812.1	RNU6-38P	snRNA	chr13	75109587	75109693	+	107				False		True
ENSG00000243274.3	RN7SL571P	misc_RNA	chr13	76134931	76135225	+	295				False		True
ENSG00000206800.1	RNY3P7	misc_RNA	chr13	77623372	77623472	+	101				False		False
ENSG00000243035.3	RN7SL810P	misc_RNA	chr13	77947497	77947772	-	276				False		True
ENSG00000200686.1	RNY3P3	misc_RNA	chr13	78355227	78355328	-	102				False		False
ENSG00000202398.1	RNU6-61P	snRNA	chr13	80369426	80369534	-	109				False		True
ENSG00000222486.1	RNU6-77P	snRNA	chr13	81265747	81265837	+	91				False		True
ENSG00000222791.1	RNU6-67P	snRNA	chr13	83298071	83298167	-	97				False		True
ENSG00000200733.1	SNORD38	snoRNA	chr13	89837170	89837237	+	68				False		False
ENSG00000251753.1	RNU6-75P	snRNA	chr13	90781766	90781869	-	104				False		True
ENSG00000252508.1	RNU4ATAC3P	snRNA	chr13	92059844	92059969	+	126				False		True
ENSG00000274168.1	RN7SL585P	misc_RNA	chr13	94699223	94699502	-	280				False		True
ENSG00000252335.1	RNU6-62P	snRNA	chr13	95019235	95019336	+	102				False		True
ENSG00000223298.1	RNY3P8	misc_RNA	chr13	95310830	95310955	-	126				False		False
ENSG00000200211.1	RNY4P27	misc_RNA	chr13	95336106	95336201	-	96				False		False
ENSG00000242614.3	RN7SL164P	misc_RNA	chr13	96169545	96169847	+	303				False		True
ENSG00000222472.1	RN7SKP7	misc_RNA	chr13	96949249	96949533	-	285				False		False
ENSG00000222969.1	RN7SKP8	misc_RNA	chr13	98203835	98204192	-	358				False		False
ENSG00000243366.3	RN7SL60P	misc_RNA	chr13	98671980	98672278	+	299				False		True
ENSG00000207298.1	RNU6-83P	snRNA	chr13	99025234	99025345	+	112				False		True
ENSG00000201793.1	RN7SKP9	misc_RNA	chr13	99205708	99206006	+	299				False		False
ENSG00000201155.1	RNU1-24P	snRNA	chr13	101778884	101779048	-	165				False		True
ENSG00000201690.1	RNY1P2	misc_RNA	chr13	102016953	102017069	-	117				False		False
ENSG00000275968.1	DAOA-AS1_1	misc_RNA	chr13	105459815	105460015	+	201				False		False
ENSG00000275502.1	DAOA-AS1_2	misc_RNA	chr13	105462302	105462505	+	204				False		False
ENSG00000201847.1	SNORD31B	snoRNA	chr13	107320895	107320963	-	69				False		False
ENSG00000201161.1	RN7SKP10	misc_RNA	chr13	109915096	109915420	+	325				False		False
ENSG00000265885.2	RN7SL783P	misc_RNA	chr13	110097851	110098151	-	301				False		True
ENSG00000200072.1	SNORD44	snoRNA	chr13	112052078	112052138	+	61				False		False
ENSG00000202347.1	RNU1-16P	snRNA	chr13	113478915	113479078	-	164				False		True
ENSG00000206906.1	RNU6-458P	snRNA	chr14	18343038	18343144	+	107				False		True
ENSG00000212612.1	RNU6-1239P	snRNA	chr14	18978847	18978953	+	107				False		True
ENSG00000212516.1	RNU6-1268P	snRNA	chr14	19422815	19422921	-	107				False		True
ENSG00000222489.1	SNORA79B	snoRNA	chr14	20323179	20323326	-	148				False		False
ENSG00000238344.1	SNORD126	snoRNA	chr14	20326450	20326526	-	77				False		False
ENSG00000277209.1	RPPH1	ribozyme	chr14	20343075	20343407	-	333				False		False
ENSG00000243817.3	RN7SL189P	misc_RNA	chr14	20963579	20963867	+	289				False		True
ENSG00000200102.1	RNU6-252P	snRNA	chr14	21113639	21113745	-	107				False		True
ENSG00000199436.1	SNORD9	snoRNA	chr14	21392150	21392253	-	104				False		False
ENSG00000200785.1	SNORD8	snoRNA	chr14	21397292	21397401	-	110				False		False
ENSG00000274475.1	RN7SL650P	misc_RNA	chr14	21429508	21429806	-	299				False		True
ENSG00000212302.1	SNORD41	snoRNA	chr14	22756761	22756829	-	69				False		False
ENSG00000202229.1	RNU6-1138P	snRNA	chr14	23156309	23156414	-	106				False		True
ENSG00000252347.1	RNU6-1046P	snRNA	chr14	23259460	23259566	-	107				False		True
ENSG00000222931.1	RN7SKP205	misc_RNA	chr14	23791930	23792236	+	307				False		False
ENSG00000283290.1	U6	snRNA	chr14	24352057	24352157	-	101				False		False
ENSG00000212270.1	SNORD37	snoRNA	chr14	25806648	25806712	-	65				False		False
ENSG00000252065.1	RNU6-864P	snRNA	chr14	28982303	28982410	-	108				False		True
ENSG00000212518.1	RNU11-5P	snRNA	chr14	29476784	29476912	+	129				False		True
ENSG00000252686.1	RNU6-1234P	snRNA	chr14	29811916	29812018	+	103				False		True
ENSG00000207440.1	RNU6-541P	snRNA	chr14	31142939	31143048	+	110				False		True
ENSG00000223087.2	RNU6-602P	snRNA	chr14	31662039	31662143	-	105				False		True
ENSG00000207412.1	RNU6-455P	snRNA	chr14	31686692	31686798	-	107				False		True
ENSG00000201654.1	RNU6-7	snRNA	chr14	32202045	32202151	+	107				False	U6	False
ENSG00000202337.1	RNU6-8	snRNA	chr14	32203163	32203269	-	107				False	U6	False
ENSG00000278746.1	RN7SL660P	misc_RNA	chr14	32442341	32442639	+	299				False		True
ENSG00000206596.1	RNU1-27P	snRNA	chr14	34546714	34546877	+	164				False		True
ENSG00000206588.1	RNU1-28P	snRNA	chr14	34556226	34556389	-	164				False		True
ENSG00000253003.1	RNU6-1261P	snRNA	chr14	34675891	34675994	+	104				False		True
ENSG00000251726.1	RNU7-41P	snRNA	chr14	34845300	34845360	-	61				False		True
ENSG00000253059.1	SNORA31	snoRNA	chr14	35756327	35756463	+	137				False		False
ENSG00000252312.1	RN7SKP21	misc_RNA	chr14	36231555	36231774	-	220				False		False
ENSG00000238540.1	RNU7-93P	snRNA	chr14	36405214	36405274	+	61				False		True
ENSG00000201395.1	RN7SKP257	misc_RNA	chr14	36593839	36594147	-	309				False		False
ENSG00000252746.1	RNU6-273P	snRNA	chr14	37187219	37187314	+	96				False		True
ENSG00000207046.1	RNU6-886P	snRNA	chr14	37434469	37434573	-	105				False		True
ENSG00000200385.1	SNORA42	snoRNA	chr14	37720425	37720561	+	137				False		False
ENSG00000201431.1	RNU6-1277P	snRNA	chr14	37827798	37827904	-	107				False		True
ENSG00000212615.1	SNORD58	snoRNA	chr14	45088243	45088308	+	66				False		False
ENSG00000239043.1	SNORD127	snoRNA	chr14	45110883	45110968	+	86				False		False
ENSG00000199739.1	RNU6-552P	snRNA	chr14	45274359	45274477	-	119				False		True
ENSG00000251735.1	SNORA25	snoRNA	chr14	46960423	46960546	+	124				False		False
ENSG00000207366.1	RNU6-297P	snRNA	chr14	48341226	48341332	-	107				False		True
ENSG00000276168.1	RN7SL1	misc_RNA	chr14	49586580	49586878	+	299				False		False
ENSG00000221114.1	RNU6ATAC30P	snRNA	chr14	49684544	49684665	+	122				False		True
ENSG00000252474.1	RNU6-539P	snRNA	chr14	49839725	49839827	+	103				False		True
ENSG00000278771.1	RN7SL3	misc_RNA	chr14	49853616	49853914	-	299				False		False
ENSG00000274012.1	RN7SL2	misc_RNA	chr14	49862550	49862849	-	300				False		False
ENSG00000251929.1	RNU6-189P	snRNA	chr14	49901850	49901950	-	101				False		True
ENSG00000201358.1	RN7SKP193	misc_RNA	chr14	50068568	50068873	+	306				False		False
ENSG00000243103.3	RN7SL452P	misc_RNA	chr14	50637691	50637981	-	291				False		True
ENSG00000252945.1	snoU83B	snoRNA	chr14	50844625	50844712	+	88				False		False
ENSG00000201376.1	SNORA70	snoRNA	chr14	51244090	51244224	+	135				False		False
ENSG00000252400.1	RNU6-1291P	snRNA	chr14	51522864	51522967	+	104				False		True
ENSG00000207004.1	RNU6-301P	snRNA	chr14	51724103	51724209	+	107				False		True
ENSG00000252019.1	RNU6ATAC9P	snRNA	chr14	54859215	54859330	+	116				False		True
ENSG00000278818.1	Metazoa_SRP	misc_RNA	chr14	55285227	55285558	+	332				False		True
ENSG00000243801.3	RN7SL461P	misc_RNA	chr14	56824375	56824656	-	282				False		True
ENSG00000200818.1	RNU6-1204P	snRNA	chr14	56824986	56825092	+	107				False		True
ENSG00000252837.1	RN7SKP99	misc_RNA	chr14	57837354	57837660	-	307				False		False
ENSG00000243700.3	RN7SL598P	misc_RNA	chr14	58179771	58180064	+	294				False		True
ENSG00000252782.1	RNU6-341P	snRNA	chr14	58292293	58292388	-	96				False		True
ENSG00000252198.1	Y_RNA	misc_RNA	chr14	58441844	58441992	+	149				False		False
ENSG00000206870.1	RNU6-398P	snRNA	chr14	60974327	60974435	+	109				False		True
ENSG00000252800.1	SCARNA20	scaRNA	chr14	63479272	63479413	+	142				False		False
ENSG00000202490.1	RNU6-597P	snRNA	chr14	63618043	63618144	+	102				False		True
ENSG00000207172.1	RNU6-1162P	snRNA	chr14	63630678	63630781	+	104				False		True
ENSG00000252749.1	RNU7-116P	snRNA	chr14	63736444	63736505	+	62				False		True
ENSG00000222985.1	RNU2-14P	snRNA	chr14	65124352	65124542	-	191				False		True
ENSG00000241542.3	RN7SL369P	misc_RNA	chr14	67705954	67706252	+	299				False		True
ENSG00000239820.3	RN7SL213P	misc_RNA	chr14	67751228	67751544	-	317				False		True
ENSG00000244677.3	RN7SL706P	misc_RNA	chr14	68149617	68149908	-	292				False		True
ENSG00000243546.3	RN7SL108P	misc_RNA	chr14	68236243	68236539	-	297				False		True
ENSG00000207089.1	RNU6-921P	snRNA	chr14	68735922	68736028	-	107				False		True
ENSG00000221060.1	SNORA11	snoRNA	chr14	69804203	69804331	-	129				False		False
ENSG00000222640.1	RNU2-51P	snRNA	chr14	70360892	70361088	+	197				False		True
ENSG00000252263.1	RNU6-659P	snRNA	chr14	70496107	70496210	+	104				False		True
ENSG00000240837.3	RN7SL77P	misc_RNA	chr14	70610086	70610379	+	294				False		True
ENSG00000207444.1	SNORD56B	snoRNA	chr14	71398337	71398407	+	71				False		False
ENSG00000242330.3	RN7SL683P	misc_RNA	chr14	71448689	71448958	+	270				False		True
ENSG00000241487.3	RN7SL586P	misc_RNA	chr14	73040619	73040914	-	296				False		True
ENSG00000252839.1	RNU6-419P	snRNA	chr14	73246818	73246880	-	63				False		True
ENSG00000251907.1	RNU6-240P	snRNA	chr14	73659564	73659660	-	97				False		True
ENSG00000239910.3	RN7SL530P	misc_RNA	chr14	74174456	74174753	+	298				False		True
ENSG00000222604.2	SNORA7	snoRNA	chr14	74711936	74712045	+	110				False		False
ENSG00000206924.1	RNU6-689P	snRNA	chr14	75020761	75020867	+	107				False		True
ENSG00000252013.1	RNU4ATAC14P	snRNA	chr14	75202081	75202169	-	89				False		True
ENSG00000283519.1	U2	snRNA	chr14	75270700	75270780	-	81				False		False
ENSG00000223174.1	RN7SKP17	misc_RNA	chr14	76890263	76890613	+	351				False		False
ENSG00000266553.2	RN7SL356P	misc_RNA	chr14	76967518	76967765	-	248				False		True
ENSG00000201384.1	SNORA32	snoRNA	chr14	77201026	77201140	-	115				False		False
ENSG00000212371.1	SNORA46	snoRNA	chr14	77466284	77466436	+	153				False		False
ENSG00000240233.3	RN7SL587P	misc_RNA	chr14	77547566	77547846	-	281				False		True
ENSG00000221303.1	SNORA79	snoRNA	chr14	81202695	81202834	-	140				False		False
ENSG00000252369.1	RNU7-51P	snRNA	chr14	83048579	83048640	+	62				False		True
ENSG00000238561.1	RNU6ATAC28P	snRNA	chr14	83750384	83750501	+	118				False		True
ENSG00000251895.1	RNU6-976P	snRNA	chr14	84739942	84740052	+	111				False		True
ENSG00000252783.1	RNU6-835P	snRNA	chr14	87996345	87996448	-	104				False		True
ENSG00000222990.1	RNU4-22P	snRNA	chr14	88513498	88513663	+	166				False		True
ENSG00000200653.1	RNU4-92P	snRNA	chr14	88820297	88820432	+	136				False		True
ENSG00000201027.1	RN7SKP107	misc_RNA	chr14	89621918	89622207	+	290				False		False
ENSG00000200312.1	RN7SKP255	misc_RNA	chr14	89712511	89712823	+	313				False		False
ENSG00000252644.1	RNU7-30P	snRNA	chr14	91091077	91091138	+	62				False		True
ENSG00000221102.1	SNORA11B	snoRNA	chr14	91126425	91126553	+	129				False		False
ENSG00000275154.1	U3	snoRNA	chr14	91714915	91715130	-	216				False		False
ENSG00000201097.1	RNU6-366P	snRNA	chr14	92265702	92265807	+	106				False		True
ENSG00000252720.1	RNU6-1258P	snRNA	chr14	93437400	93437510	-	111				False		True
ENSG00000277826.1	uc_338	misc_RNA	chr14	93637179	93637338	+	160				False		False
ENSG00000252481.1	SCARNA13	scaRNA	chr14	95533355	95533629	-	275				False		False
ENSG00000275033.1	TCL6_2	misc_RNA	chr14	95662480	95662598	+	119				False		False
ENSG00000277468.1	TCL6_3	misc_RNA	chr14	95670441	95670577	+	137				False		False
ENSG00000222276.1	RNU2-33P	snRNA	chr14	96384624	96384815	+	192				False		True
ENSG00000223299.1	RN7SKP108	misc_RNA	chr14	96638187	96638514	-	328				False		False
ENSG00000241757.3	RN7SL714P	misc_RNA	chr14	98351367	98351664	-	298				False		True
ENSG00000272439.1	RNU6-91P	snRNA	chr14	99444306	99444412	+	107				False		True
ENSG00000199836.1	RNU1-47P	snRNA	chr14	99945315	99945477	+	163				False		True
ENSG00000243976.2	RN7SL523P	misc_RNA	chr14	100319073	100319370	-	298				False		True
ENSG00000253075.1	RN7SKP92	misc_RNA	chr14	100487544	100487787	+	244				False		False
ENSG00000275161.1	Mico1	misc_RNA	chr14	100816041	100816244	+	204				False		False
ENSG00000274884.1	AL117190.3	misc_RNA	chr14	100826284	100826370	+	87				False		False
ENSG00000276919.1	MEG3_2	misc_RNA	chr14	100829350	100829454	+	105				False		False
ENSG00000276225.1	MEG8_1	misc_RNA	chr14	100894817	100894913	+	97				False		False
ENSG00000275662.1	SNORD112	snoRNA	chr14	100897920	100897996	+	77				False		False
ENSG00000275134.1	MEG8_2	misc_RNA	chr14	100898958	100899079	+	122				False		False
ENSG00000202191.1	SNORD113-1	snoRNA	chr14	100924824	100924892	+	69				False		False
ENSG00000212384.1	SNORD113-2	snoRNA	chr14	100927342	100927413	+	72				False		False
ENSG00000201700.3	SNORD113-3	snoRNA	chr14	100929919	100929990	+	72				False		False
ENSG00000201672.1	SNORD113-4	snoRNA	chr14	100936491	100936565	+	75				False		False
ENSG00000272474.1	SNORD113-5	snoRNA	chr14	100938187	100938264	+	78				False		False
ENSG00000200215.3	SNORD113-6	snoRNA	chr14	100939556	100939630	+	75				False		False
ENSG00000200632.1	SNORD113-7	snoRNA	chr14	100941126	100941202	+	77				False		False
ENSG00000200367.1	SNORD113-8	snoRNA	chr14	100943451	100943524	+	74				False		False
ENSG00000201950.1	SNORD113-9	snoRNA	chr14	100945649	100945720	+	72				False		False
ENSG00000199575.1	SNORD114-1	snoRNA	chr14	100949833	100949904	+	72				False		False
ENSG00000200823.1	SNORD114-2	snoRNA	chr14	100951856	100951933	+	78				False		False
ENSG00000201839.1	SNORD114-3	snoRNA	chr14	100953349	100953423	+	75				False		False
ENSG00000200832.1	SNORD114-4	snoRNA	chr14	100954374	100954448	+	75				False		False
ENSG00000199798.1	SNORD114-5	snoRNA	chr14	100955370	100955439	+	70				False		False
ENSG00000201263.1	SNORD114-6	snoRNA	chr14	100957166	100957237	+	72				False		False
ENSG00000199390.1	SNORD114-7	snoRNA	chr14	100963054	100963130	+	77				False		False
ENSG00000201240.1	SNORD114-9	snoRNA	chr14	100966029	100966100	+	72				False		False
ENSG00000200279.1	SNORD114-10	snoRNA	chr14	100967052	100967123	+	72				False		False
ENSG00000200608.1	SNORD114-11	snoRNA	chr14	100968111	100968185	+	75				False		False
ENSG00000202270.1	SNORD114-12	snoRNA	chr14	100968948	100969022	+	75				False		False
ENSG00000201247.1	SNORD114-13	snoRNA	chr14	100969879	100969952	+	74				False		False
ENSG00000199593.1	SNORD114-14	snoRNA	chr14	100972103	100972177	+	75				False		False
ENSG00000201557.1	SNORD114-15	snoRNA	chr14	100972670	100972741	+	72				False		False
ENSG00000199914.1	SNORD114-16	snoRNA	chr14	100973595	100973664	+	70				False		False
ENSG00000201569.1	SNORD114-17	snoRNA	chr14	100974806	100974880	+	75				False		False
ENSG00000202142.1	SNORD114-18	snoRNA	chr14	100975825	100975896	+	72				False		False
ENSG00000199942.1	SNORD114-19	snoRNA	chr14	100976477	100976551	+	75				False		False
ENSG00000201036.1	SNORD113	snoRNA	chr14	100979002	100979090	+	89				False		False
ENSG00000202048.1	SNORD114-20	snoRNA	chr14	100981004	100981075	+	72				False		False
ENSG00000272344.1	SNORD114-21	snoRNA	chr14	100981975	100982046	+	72				False		False
ENSG00000202293.1	SNORD114-22	snoRNA	chr14	100982926	100982997	+	72				False		False
ENSG00000200406.1	SNORD114-23	snoRNA	chr14	100983876	100983947	+	72				False		False
ENSG00000201899.1	SNORD114-24	snoRNA	chr14	100984777	100984848	+	72				False		False
ENSG00000200612.1	SNORD114-25	snoRNA	chr14	100986057	100986128	+	72				False		False
ENSG00000200413.1	SNORD114-26	snoRNA	chr14	100987046	100987117	+	72				False		False
ENSG00000200636.1	SNORD114-27	snoRNA	chr14	100988161	100988230	+	70				False		False
ENSG00000200480.1	SNORD114-28	snoRNA	chr14	100989130	100989201	+	72				False		False
ENSG00000201689.1	SNORD114-29	snoRNA	chr14	100990091	100990160	+	70				False		False
ENSG00000201318.1	SNORD114-30	snoRNA	chr14	100991919	100991990	+	72				False		False
ENSG00000200089.1	SNORD114-31	snoRNA	chr14	100993236	100993310	+	75				False		False
ENSG00000207208.1	RNU6-790P	snRNA	chr14	101803227	101803331	+	105				False		True
ENSG00000240457.3	RN7SL472P	misc_RNA	chr14	102077180	102077472	-	293				False		True
ENSG00000212330.1	RNU6-244P	snRNA	chr14	102501676	102501779	+	104				False		True
ENSG00000239224.3	RN7SL546P	misc_RNA	chr14	102582888	102583177	-	290				False		True
ENSG00000206969.1	RNU6-1316P	snRNA	chr14	102865856	102865963	+	108				False		True
ENSG00000272533.1	SNORA28	snoRNA	chr14	103337849	103337974	+	126				False		False
ENSG00000252469.1	RNU7-160P	snRNA	chr14	103550345	103550406	+	62				False		True
ENSG00000201184.1	RNU4-68P	snRNA	chr14	103567405	103567545	+	141				False		True
ENSG00000202275.1	SNORD51	snoRNA	chr14	103797272	103797348	-	77				False		False
ENSG00000242894.3	RN7SL634P	misc_RNA	chr14	104013642	104013933	+	292				False		True
ENSG00000222761.1	RNU6-684P	snRNA	chr14	104400943	104401048	-	106				False		True
ENSG00000201241.1	RNU6-978P	snRNA	chr15	19883614	19883716	+	103				False		True
ENSG00000239471.3	RN7SL584P	misc_RNA	chr15	20095733	20096029	-	297				False		True
ENSG00000278497.1	RN7SL759P	misc_RNA	chr15	20570886	20571175	+	290				False		True
ENSG00000238478.1	RNU6-498P	snRNA	chr15	20738679	20738785	+	107				False		True
ENSG00000238489.1	RNU6-749P	snRNA	chr15	20855251	20855357	-	107				False		True
ENSG00000243059.3	RN7SL400P	misc_RNA	chr15	21102843	21103138	-	296				False		True
ENSG00000207289.1	RNU6-1235P	snRNA	chr15	21307749	21307855	+	107				False		True
ENSG00000275174.1	U6	snRNA	chr15	21428879	21428985	-	107				False		False
ENSG00000200790.1	RNU6-631P	snRNA	chr15	21866210	21866316	-	107				False		True
ENSG00000274568.1	RN7SL545P	misc_RNA	chr15	22429200	22429489	-	290				False		True
ENSG00000277515.1	RN7SL495P	misc_RNA	chr15	22609141	22609377	-	237				False		True
ENSG00000273981.1	RN7SL106P	misc_RNA	chr15	23165897	23166186	+	290				False		True
ENSG00000278222.1	RN7SL536P	misc_RNA	chr15	23363272	23363561	+	290				False		True
ENSG00000206616.1	RNU6-741P	snRNA	chr15	23777437	23777543	-	107				False		True
ENSG00000276314.1	SNORD107	snoRNA	chr15	24981994	24982068	+	75				False		False
ENSG00000276610.1	SNORD64	snoRNA	chr15	24985100	24985166	+	67				False		False
ENSG00000239014.1	SNORD108	snoRNA	chr15	24986925	24986995	+	71				False		False
ENSG00000274640.1	SNORD109A	snoRNA	chr15	25041974	25042040	+	67				False		False
ENSG00000207063.1	SNORD116-1	snoRNA	chr15	25051477	25051571	+	95				False		False
ENSG00000207001.1	SNORD116-2	snoRNA	chr15	25054210	25054304	+	95				False		False
ENSG00000207014.1	SNORD116-3	snoRNA	chr15	25056860	25056954	+	95				False		False
ENSG00000275529.1	SNORD116-4	snoRNA	chr15	25059538	25059633	+	96				False		False
ENSG00000207191.1	SNORD116-5	snoRNA	chr15	25062333	25062427	+	95				False		False
ENSG00000207442.1	SNORD116-6	snoRNA	chr15	25065026	25065121	+	96				False		False
ENSG00000207133.1	SNORD116-7	snoRNA	chr15	25067788	25067882	+	95				False		False
ENSG00000207093.1	SNORD116-8	snoRNA	chr15	25070432	25070526	+	95				False		False
ENSG00000206727.1	SNORD116-9	snoRNA	chr15	25073107	25073201	+	95				False		False
ENSG00000200661.1	SNORD116-10	snoRNA	chr15	25074114	25074215	+	102				False		False
ENSG00000206609.1	SNORD116-11	snoRNA	chr15	25075929	25076020	+	92				False		False
ENSG00000207197.1	SNORD116-12	snoRNA	chr15	25077051	25077142	+	92				False		False
ENSG00000207137.1	SNORD116-13	snoRNA	chr15	25079058	25079149	+	92				False		False
ENSG00000206621.1	SNORD116-14	snoRNA	chr15	25080142	25080233	+	92				False		False
ENSG00000207174.1	SNORD116-15	snoRNA	chr15	25081287	25081378	+	92				False		False
ENSG00000207263.1	SNORD116-16	snoRNA	chr15	25082768	25082859	+	92				False		False
ENSG00000206656.1	SNORD116-17	snoRNA	chr15	25083588	25083679	+	92				False		False
ENSG00000206688.1	SNORD116-18	snoRNA	chr15	25085385	25085476	+	92				False		False
ENSG00000207460.1	SNORD116-19	snoRNA	chr15	25086527	25086618	+	92				False		False
ENSG00000278715.1	SNORD116-20	snoRNA	chr15	25087662	25087753	+	92				False		False
ENSG00000277785.1	SNORD116-21	snoRNA	chr15	25088804	25088895	+	92				False		False
ENSG00000275127.1	SNORD116-22	snoRNA	chr15	25089923	25090014	+	92				False		False
ENSG00000207375.1	SNORD116-23	snoRNA	chr15	25091786	25091877	+	92				False		False
ENSG00000207279.1	SNORD116-24	snoRNA	chr15	25094037	25094128	+	92				False		False
ENSG00000252326.1	SNORD116-25	snoRNA	chr15	25097663	25097754	+	92				False		False
ENSG00000251815.1	SNORD116-26	snoRNA	chr15	25099499	25099594	+	96				False		False
ENSG00000251896.1	SNORD116-27	snoRNA	chr15	25101575	25101666	+	92				False		False
ENSG00000278123.1	SNORD116-28	snoRNA	chr15	25104642	25104732	+	91				False		False
ENSG00000207245.1	SNORD116-29	snoRNA	chr15	25106521	25106603	+	83				False		False
ENSG00000252277.1	SNORD116-30	snoRNA	chr15	25108268	25108352	+	85				False		False
ENSG00000212428.1	SNORD115	snoRNA	chr15	25159221	25159279	+	59				False		False
ENSG00000201831.1	SNORD115-1	snoRNA	chr15	25170723	25170804	+	82				False		False
ENSG00000199712.1	SNORD115-2	snoRNA	chr15	25172635	25172716	+	82				False		False
ENSG00000199970.1	SNORD115-3	snoRNA	chr15	25174927	25175008	+	82				False		False
ENSG00000200680.1	SNORD115-4	snoRNA	chr15	25176832	25176913	+	82				False		False
ENSG00000200503.1	SNORD115-5	snoRNA	chr15	25178738	25178819	+	82				False		False
ENSG00000200812.1	SNORD115-6	snoRNA	chr15	25180497	25180578	+	82				False		False
ENSG00000278089.1	SNORD115-7	snoRNA	chr15	25182385	25182466	+	82				False		False
ENSG00000200726.1	SNORD115-8	snoRNA	chr15	25184306	25184387	+	82				False		False
ENSG00000199782.1	SNORD115-9	snoRNA	chr15	25185631	25185712	+	82				False		False
ENSG00000201943.1	SNORD115-10	snoRNA	chr15	25187536	25187616	+	81				False		False
ENSG00000200486.1	SNORD115-11	snoRNA	chr15	25189414	25189495	+	82				False		False
ENSG00000199453.1	SNORD115-12	snoRNA	chr15	25191416	25191497	+	82				False		False
ENSG00000273835.1	SNORD115-13	snoRNA	chr15	25193321	25193402	+	82				False		False
ENSG00000199960.1	SNORD115-14	snoRNA	chr15	25194921	25195001	+	81				False		False
ENSG00000201679.1	SNORD115-15	snoRNA	chr15	25197576	25197656	+	81				False		False
ENSG00000200757.1	SNORD115-16	snoRNA	chr15	25199448	25199529	+	82				False		False
ENSG00000201482.1	SNORD115-17	snoRNA	chr15	25201323	25201404	+	82				False		False
ENSG00000200163.1	SNORD115-18	snoRNA	chr15	25203227	25203308	+	82				False		False
ENSG00000199968.1	SNORD115-19	snoRNA	chr15	25204357	25204438	+	82				False		False
ENSG00000201969.1	SNORD115-20	snoRNA	chr15	25206262	25206343	+	82				False		False
ENSG00000199833.1	SNORD115-21	snoRNA	chr15	25208083	25208163	+	81				False		False
ENSG00000201326.1	SNORD115-22	snoRNA	chr15	25209918	25209999	+	82				False		False
ENSG00000201331.1	SNORD115-23	snoRNA	chr15	25211796	25211877	+	82				False		False
ENSG00000200398.1	SNORD115-24	snoRNA	chr15	25213648	25213729	+	82				False		False
ENSG00000199489.1	SNORD115-25	snoRNA	chr15	25215541	25215622	+	82				False		False
ENSG00000275524.1	SNORD115-26	snoRNA	chr15	25218617	25218698	+	82				False		False
ENSG00000201300.1	SNORD115-27	snoRNA	chr15	25220497	25220578	+	82				False		False
ENSG00000200801.1	SNORD115-28	snoRNA	chr15	25222348	25222428	+	81				False		False
ENSG00000199704.1	SNORD115-29	snoRNA	chr15	25223246	25223327	+	82				False		False
ENSG00000200987.1	SNORD115-30	snoRNA	chr15	25225203	25225284	+	82				False		False
ENSG00000202188.1	SNORD115-31	snoRNA	chr15	25227109	25227190	+	82				False		False
ENSG00000200949.1	SNORD115-32	snoRNA	chr15	25228967	25229048	+	82				False		False
ENSG00000200593.1	SNORD115-33	snoRNA	chr15	25230838	25230919	+	82				False		False
ENSG00000199311.1	SNORD115-34	snoRNA	chr15	25232387	25232468	+	82				False		False
ENSG00000201992.1	SNORD115-35	snoRNA	chr15	25234247	25234328	+	82				False		False
ENSG00000202499.1	SNORD115-36	snoRNA	chr15	25236085	25236166	+	82				False		False
ENSG00000200638.1	SNORD115-37	snoRNA	chr15	25237986	25238067	+	82				False		False
ENSG00000201907.1	SNORD115-38	snoRNA	chr15	25239838	25239919	+	82				False		False
ENSG00000200564.1	SNORD115-39	snoRNA	chr15	25241746	25241827	+	82				False		False
ENSG00000272460.1	SNORD115-40	snoRNA	chr15	25243614	25243695	+	82				False		False
ENSG00000200478.1	SNORD115-41	snoRNA	chr15	25245478	25245559	+	82				False		False
ENSG00000201143.1	SNORD115-42	snoRNA	chr15	25247345	25247426	+	82				False		False
ENSG00000202373.1	SNORD115-43	snoRNA	chr15	25249198	25249279	+	82				False		False
ENSG00000202261.1	SNORD115-44	snoRNA	chr15	25250859	25250940	+	82				False		False
ENSG00000212380.1	SNORD115-45	snoRNA	chr15	25264510	25264590	+	81				False		False
ENSG00000276844.1	SNORD115-46	snoRNA	chr15	25266591	25266661	+	71				False		False
ENSG00000212528.1	SNORD115-47	snoRNA	chr15	25268466	25268551	+	86				False		False
ENSG00000201634.1	SNORD115-48	snoRNA	chr15	25269783	25269858	+	76				False		False
ENSG00000239169.1	SNORD109B	snoRNA	chr15	25278343	25278409	+	67				False		False
ENSG00000276891.1	RN7SL238P	misc_RNA	chr15	28387196	28387485	+	290				False		True
ENSG00000274632.1	RN7SL719P	misc_RNA	chr15	28703554	28703790	-	237				False		True
ENSG00000252868.1	snoZ278	snoRNA	chr15	29233868	29233979	+	112				False		False
ENSG00000273818.1	RN7SL673P	misc_RNA	chr15	30091662	30091898	+	237				False		True
ENSG00000277637.1	RN7SL469P	misc_RNA	chr15	30143733	30143969	+	237				False		True
ENSG00000206972.1	RNU6-17P	snRNA	chr15	30254402	30254508	-	107				False		True
ENSG00000274424.1	RN7SL196P	misc_RNA	chr15	30405307	30405597	-	291				False		True
ENSG00000277031.1	RN7SL796P	misc_RNA	chr15	30560644	30560934	+	291				False		True
ENSG00000207430.1	U8	snoRNA	chr15	30581184	30581316	+	133				False		False
ENSG00000277467.1	RN7SL628P	misc_RNA	chr15	30612724	30612960	+	237				False		True
ENSG00000278696.1	RN7SL82P	misc_RNA	chr15	30800160	30800396	+	237				False		True
ENSG00000212526.1	RNU6-466P	snRNA	chr15	30956248	30956350	-	103				False		True
ENSG00000206849.1	SNORA18	snoRNA	chr15	31928303	31928434	+	132				False		False
ENSG00000207257.1	RNU6-18P	snRNA	chr15	32284152	32284258	+	107				False		True
ENSG00000275776.1	RN7SL185P	misc_RNA	chr15	32394365	32394613	-	249				False		True
ENSG00000274076.1	RN7SL539P	misc_RNA	chr15	32446674	32446964	-	291				False		True
ENSG00000277464.1	RN7SL286P	misc_RNA	chr15	32602121	32602411	+	291				False		True
ENSG00000212511.2	U3	snoRNA	chr15	36852640	36852859	+	220				False		False
ENSG00000223313.1	RNU6-516P	snRNA	chr15	40529570	40529673	+	104				False		True
ENSG00000265814.2	RN7SL376P	misc_RNA	chr15	40615665	40615928	-	264				False		True
ENSG00000240847.3	RN7SL497P	misc_RNA	chr15	41191965	41192265	-	301				False		True
ENSG00000200407.1	RNU6-1169P	snRNA	chr15	41448742	41448844	-	103				False		True
ENSG00000201077.1	RNU6-188P	snRNA	chr15	42427591	42427697	-	107				False		True
ENSG00000243871.3	RN7SL487P	misc_RNA	chr15	43391384	43391727	-	344				False		True
ENSG00000222398.1	RNU6-554P	snRNA	chr15	43602543	43602648	+	106				False		True
ENSG00000206991.1	RNU6-610P	snRNA	chr15	43637632	43637738	-	107				False		True
ENSG00000201136.1	RNU6-353P	snRNA	chr15	43702363	43702470	+	108				False		True
ENSG00000206589.1	RNU6-354P	snRNA	chr15	43734179	43734285	-	107				False		True
ENSG00000212424.1	RNU1-119P	snRNA	chr15	44884616	44884780	+	165				False		True
ENSG00000252117.1	RNU6-1108P	snRNA	chr15	44927600	44927703	-	104				False		True
ENSG00000252475.1	RNU6-1332P	snRNA	chr15	44962830	44962933	+	104				False		True
ENSG00000252288.1	RNU6-966P	snRNA	chr15	44973558	44973661	+	104				False		True
ENSG00000212550.1	RNU1-78P	snRNA	chr15	45002864	45003028	-	165				False		True
ENSG00000261709.3	SNORA11	snoRNA	chr15	45214906	45215033	-	128				False		False
ENSG00000238941.1	RNU6-953P	snRNA	chr15	45354779	45354885	-	107				False		True
ENSG00000207516.1	SNORA41B	snoRNA	chr15	45537250	45537377	+	128				False		False
ENSG00000238819.1	SNORD11	snoRNA	chr15	46351662	46351746	-	85				False		False
ENSG00000238456.1	RNU6-1014P	snRNA	chr15	46660658	46660760	+	103				False		True
ENSG00000223308.1	RN7SKP101	misc_RNA	chr15	46720193	46720512	-	320				False		False
ENSG00000222343.1	RN7SKP139	misc_RNA	chr15	47272597	47272889	+	293				False		False
ENSG00000265942.2	RN7SL577P	misc_RNA	chr15	49042341	49042643	-	303				False		True
ENSG00000243338.3	RN7SL307P	misc_RNA	chr15	49198900	49199194	-	295				False		True
ENSG00000241175.3	RN7SL494P	misc_RNA	chr15	50244628	50244931	-	304				False		True
ENSG00000271819.1	RNU6-94P	snRNA	chr15	50347423	50347529	-	107				False		True
ENSG00000243027.3	RN7SL354P	misc_RNA	chr15	50688900	50689193	+	294				False		True
ENSG00000272337.1	RNU6-90P	snRNA	chr15	51907200	51907305	+	106				False		True
ENSG00000252066.1	RNU2-53P	snRNA	chr15	53651977	53652123	+	147				False		True
ENSG00000206641.1	RNU6-449P	snRNA	chr15	53764204	53764310	+	107				False		True
ENSG00000239703.3	RN7SL568P	misc_RNA	chr15	56029684	56029981	-	298				False		True
ENSG00000199784.1	RNU6-1287P	snRNA	chr15	56274530	56274636	-	107				False		True
ENSG00000276696.1	Y_RNA	misc_RNA	chr15	56634038	56634167	-	130				False		False
ENSG00000239035.1	snoU13	snoRNA	chr15	57278570	57278673	-	104				False		False
ENSG00000252984.1	RNU6-844P	snRNA	chr15	57405074	57405175	-	102				False		True
ENSG00000199730.1	RN7SKP95	misc_RNA	chr15	58703852	58704154	-	303				False		False
ENSG00000200070.1	RNU4-80P	snRNA	chr15	59212648	59212788	-	141				False		True
ENSG00000199512.1	RNU6-212P	snRNA	chr15	59341314	59341417	-	104				False		True
ENSG00000277413.1	uc_338	misc_RNA	chr15	60677109	60677272	-	164				False		False
ENSG00000252774.1	SNORA48	snoRNA	chr15	64342539	64342698	+	160				False		False
ENSG00000207162.1	RNU6-549P	snRNA	chr15	64671263	64671369	+	107				False		True
ENSG00000201709.1	RNU6-686P	snRNA	chr15	65229861	65229967	+	107				False		True
ENSG00000206903.1	SNORA24B	snoRNA	chr15	65285461	65285591	-	131				False		False
ENSG00000199568.1	RNU5A-1	snRNA	chr15	65296051	65296166	+	116	AD-NDD	2025.0	Nat Genet 2025 s41588-025-02184-4	True	U5	False
ENSG00000200156.1	RNU5B-1	snRNA	chr15	65304677	65304792	+	116	AD-NDD	2025.0	Nat Genet 2025 s41588-025-02209-y; Nat Genet 2025 s41588-025-02184-4	True	U5	False
ENSG00000207449.1	RNU6-19P	snRNA	chr15	65553081	65553187	-	107				False		True
ENSG00000238311.1	SNORD13E	snoRNA	chr15	65696833	65696936	-	104				False		False
ENSG00000252712.1	SCARNA14	scaRNA	chr15	66347207	66347342	-	136				False		False
ENSG00000199574.1	SNORD18C	snoRNA	chr15	66501250	66501318	-	69				False		False
ENSG00000280554.1	snoU18	snoRNA	chr15	66502019	66502089	-	71				False		False
ENSG00000202529.1	SNORD18B	snoRNA	chr15	66502020	66502091	-	72				False		False
ENSG00000199673.1	SNORD16	snoRNA	chr15	66502812	66502910	-	99				False		False
ENSG00000200623.1	SNORD18A	snoRNA	chr15	66503243	66503314	-	72				False		False
ENSG00000206625.1	RNU6-1	snRNA	chr15	67839939	67840045	-	107				False	U6	False
ENSG00000200216.2	RNU6-745P	snRNA	chr15	70193236	70193341	+	106				False		True
ENSG00000222094.1	RNU2-65P	snRNA	chr15	72045183	72045367	+	185				False		True
ENSG00000274350.1	RN7SL853P	misc_RNA	chr15	72664577	72664799	+	223				False		True
ENSG00000278604.1	RN7SL429P	misc_RNA	chr15	74072454	74072676	-	223				False		True
ENSG00000212279.2	SNORD77	snoRNA	chr15	74490959	74491028	-	70				False		False
ENSG00000252722.1	SCARNA20	scaRNA	chr15	75121536	75121666	-	131				False		False
ENSG00000277295.1	RN7SL489P	misc_RNA	chr15	75268430	75268652	+	223				False		True
ENSG00000275992.1	RN7SL327P	misc_RNA	chr15	75292706	75292928	+	223				False		True
ENSG00000241807.3	RN7SL319P	misc_RNA	chr15	75785134	75785354	+	221				False		True
ENSG00000266308.2	RN7SL510P	misc_RNA	chr15	75895040	75895302	+	263				False		True
ENSG00000196274.5	Metazoa_SRP	misc_RNA	chr15	76230048	76230390	-	343				False		True
ENSG00000201510.1	RN7SKP217	misc_RNA	chr15	76736641	76736980	+	340				False		False
ENSG00000243365.3	RN7SL278P	misc_RNA	chr15	76976915	76977210	-	296				False		True
ENSG00000242066.3	RN7SL214P	misc_RNA	chr15	77916718	77916982	-	265				False		True
ENSG00000199633.1	SNORA63	snoRNA	chr15	78091172	78091297	-	126				False		False
ENSG00000252061.1	RNU6-415P	snRNA	chr15	78898840	78898936	-	97				False		True
ENSG00000252995.1	RNU6-667P	snRNA	chr15	79817349	79817450	-	102				False		True
ENSG00000222139.1	RNU6-380P	snRNA	chr15	80663772	80663878	+	107				False		True
ENSG00000212170.1	RNU1-77P	snRNA	chr15	82174224	82174385	-	162				False		True
ENSG00000277864.1	SCARNA15	scaRNA	chr15	82755945	82756071	+	127				False		False
ENSG00000212374.1	RNU6-401P	snRNA	chr15	83717427	83717522	+	96				False		True
ENSG00000200444.1	RNU6-1339P	snRNA	chr15	83824863	83824953	-	91				False		True
ENSG00000278422.1	RN7SL331P	misc_RNA	chr15	84205454	84205700	-	247				False		True
ENSG00000244056.3	RN7SL417P	misc_RNA	chr15	84394072	84394336	+	265				False		True
ENSG00000200991.1	SNORA25	snoRNA	chr15	84852498	84852615	-	118				False		False
ENSG00000207037.1	RNU6-339P	snRNA	chr15	84938416	84938522	-	107				False		True
ENSG00000212388.1	RNU6-796P	snRNA	chr15	84939617	84939723	-	107				False		True
ENSG00000277582.1	RN7SL428P	misc_RNA	chr15	85210053	85210299	-	247				False		True
ENSG00000251891.1	RNU7-79P	snRNA	chr15	85389823	85389884	-	62				False		True
ENSG00000202081.1	RNU6-1280P	snRNA	chr15	85651522	85651628	-	107				False		True
ENSG00000252931.1	RNU6-231P	snRNA	chr15	85821855	85821957	+	103				False		True
ENSG00000200206.1	SNORD74	snoRNA	chr15	86173198	86173270	-	73				False		False
ENSG00000207150.1	RNU6-185P	snRNA	chr15	87474183	87474289	-	107				False		True
ENSG00000239151.1	RNU7-195P	snRNA	chr15	89120779	89120840	+	62				False		True
ENSG00000206590.1	RNU6-132P	snRNA	chr15	89714232	89714338	+	107				False		True
ENSG00000212420.1	RNU6-1111P	snRNA	chr15	89886485	89886591	-	107				False		True
ENSG00000252645.1	RNU7-111P	snRNA	chr15	89897576	89897637	+	62				False		True
ENSG00000276376.1	U7	snRNA	chr15	90076424	90076486	+	63				False		False
ENSG00000240470.3	RN7SL346P	misc_RNA	chr15	90166233	90166526	+	294				False		True
ENSG00000275803.1	RN7SL736P	misc_RNA	chr15	90293939	90294207	+	269				False		True
ENSG00000200677.1	SNORD18	snoRNA	chr15	90755243	90755312	-	70				False		False
ENSG00000241869.3	RN7SL363P	misc_RNA	chr15	90855935	90856207	-	273				False		True
ENSG00000239197.1	snoU109	snoRNA	chr15	92417547	92417689	+	143				False		False
ENSG00000222076.1	RNU2-3P	snRNA	chr15	95745804	95745994	+	191				False		True
ENSG00000222617.1	RN7SKP254	misc_RNA	chr15	96486582	96486891	+	310				False		False
ENSG00000223120.1	RN7SKP181	misc_RNA	chr15	96842069	96842384	+	316				False		False
ENSG00000242863.3	RN7SL677P	misc_RNA	chr15	97353497	97353815	+	319				False		True
ENSG00000222361.1	RNU6-1186P	snRNA	chr15	98074667	98074763	-	97				False		True
ENSG00000241588.3	RN7SL484P	misc_RNA	chr15	99791209	99791410	+	202				False		True
ENSG00000251819.1	RNU6-322P	snRNA	chr15	100551820	100551922	-	103				False		True
ENSG00000200095.1	RNU6-181P	snRNA	chr15	100560686	100560792	-	107				False		True
ENSG00000252614.1	RNU6-807P	snRNA	chr15	101648206	101648312	-	107				False		True
ENSG00000240927.3	RN7SL209P	misc_RNA	chr15	101773238	101773513	-	276				False		True
ENSG00000206811.1	SNORA10	snoRNA	chr16	1962334	1962466	-	133				False		False
ENSG00000207405.1	SNORA64	snoRNA	chr16	1962973	1963106	-	134				False		False
ENSG00000273587.1	SNORA78	snoRNA	chr16	1965184	1965310	+	127				False		False
ENSG00000265386.2	RN7SL219P	misc_RNA	chr16	2013181	2013476	+	296				False		True
ENSG00000206630.1	SNORD60	snoRNA	chr16	2155023	2155105	-	83				False		False
ENSG00000281010.1	snoR1	snoRNA	chr16	2155025	2155104	-	80				False		False
ENSG00000221719.1	SNORA3C	snoRNA	chr16	2796408	2796532	-	125				False		False
ENSG00000252561.1	RNU1-125P	snRNA	chr16	3069523	3069651	+	129				False		True
ENSG00000200204.1	RNU1-22P	snRNA	chr16	3086143	3086300	+	158				False		True
ENSG00000263955.2	RN7SL850P	misc_RNA	chr16	4633591	4633881	-	291				False		True
ENSG00000278700.1	Metazoa_SRP	misc_RNA	chr16	4658851	4659151	+	301				False		True
ENSG00000252080.1	RNU7-99P	snRNA	chr16	6748908	6748969	+	62				False		True
ENSG00000200869.1	RNU6-457P	snRNA	chr16	6873899	6874005	+	107				False		True
ENSG00000212189.1	RNU6-328P	snRNA	chr16	7004007	7004112	-	106				False		True
ENSG00000283584.1	snoMe28S-Am2634	snoRNA	chr16	7431217	7431296	+	80				False		False
ENSG00000252138.1	SNORA40	snoRNA	chr16	7726841	7726951	-	111				False		False
ENSG00000243954.3	RN7SL743P	misc_RNA	chr16	8683254	8683551	+	298				False		True
ENSG00000238417.1	RNU7-63P	snRNA	chr16	8705456	8705517	-	62				False		True
ENSG00000266439.2	RN7SL493P	misc_RNA	chr16	10221775	10222073	-	299				False		True
ENSG00000199482.1	RNU6-633P	snRNA	chr16	10496272	10496374	+	103				False		True
ENSG00000238685.1	ACA64	snoRNA	chr16	12297197	12297323	-	127				False		False
ENSG00000199474.1	SNORA27	snoRNA	chr16	12842487	12842610	-	124				False		False
ENSG00000242430.3	RN7SL274P	misc_RNA	chr16	14601823	14602094	-	272				False		True
ENSG00000238964.1	RNU7-125P	snRNA	chr16	14643788	14643849	+	62				False		True
ENSG00000206778.1	RNU6-213P	snRNA	chr16	15877163	15877266	-	104				False		True
ENSG00000207167.1	RNU6-1340P	snRNA	chr16	19012157	19012263	+	107				False		True
ENSG00000222750.1	RNU4-46P	snRNA	chr16	19498610	19498747	+	138				False		True
ENSG00000200893.1	RNU6-944P	snRNA	chr16	20784509	20784615	+	107				False		True
ENSG00000275908.1	U4atac	snRNA	chr16	20823443	20823537	+	95				False		False
ENSG00000252798.1	SCARNA6	scaRNA	chr16	21587627	21587864	+	238				False		False
ENSG00000207248.1	RNU6-1005P	snRNA	chr16	21642054	21642160	+	107				False		True
ENSG00000207042.1	RNU6-196P	snRNA	chr16	21642294	21642400	+	107				False		True
ENSG00000212593.1	SNORA75	snoRNA	chr16	23441841	23441921	+	81				False		False
ENSG00000201541.1	SNORA1	snoRNA	chr16	24333415	24333547	-	133				False		False
ENSG00000239081.1	RNU7-24P	snRNA	chr16	24400056	24400117	-	62				False		True
ENSG00000266166.2	RN7SL557P	misc_RNA	chr16	25185253	25185538	-	286				False		True
ENSG00000212382.1	RNU6-159P	snRNA	chr16	27863251	27863356	+	106				False		True
ENSG00000207266.1	RNU6-1241P	snRNA	chr16	27998295	27998401	-	107				False		True
ENSG00000200652.1	SNORA25	snoRNA	chr16	28179098	28179223	+	126				False		False
ENSG00000200138.1	RNY1P10	misc_RNA	chr16	28183318	28183430	+	113				False		False
ENSG00000252461.1	SNORA43	snoRNA	chr16	28881480	28881607	-	128				False		False
ENSG00000222375.1	RN7SKP127	misc_RNA	chr16	29731051	29731404	-	354				False		False
ENSG00000199787.1	SNORA80C	snoRNA	chr16	30419625	30419759	-	135				False		False
ENSG00000222701.1	Y_RNA	misc_RNA	chr16	30471587	30471703	+	117				False		False
ENSG00000251706.1	RNU7-61P	snRNA	chr16	30483135	30483195	-	61				False		True
ENSG00000252074.1	RNU6-416P	snRNA	chr16	30675300	30675402	-	103				False		True
ENSG00000222287.1	RNU6-1043P	snRNA	chr16	30701337	30701435	-	99				False		True
ENSG00000206755.1	SNORA30	snoRNA	chr16	30710537	30710665	+	129				False		False
ENSG00000199448.1	RNU6-845P	snRNA	chr16	46556089	46556191	-	103				False		True
ENSG00000222170.1	RNU6-257P	snRNA	chr16	48731704	48731801	-	98				False		True
ENSG00000202124.1	RNY4P3	misc_RNA	chr16	50098264	50098358	+	95				False		False
ENSG00000252526.1	SNORA70	snoRNA	chr16	50151642	50151731	-	90				False		False
ENSG00000223168.1	RN7SKP142	misc_RNA	chr16	51671236	51671563	-	328				False		False
ENSG00000238645.1	snoU13	snoRNA	chr16	53334562	53334664	+	103				False		False
ENSG00000252569.1	RNU6-1153P	snRNA	chr16	53443228	53443332	-	105				False		True
ENSG00000239555.3	RN7SL841P	misc_RNA	chr16	55291379	55291675	-	297				False		True
ENSG00000206833.1	RNU6-20P	snRNA	chr16	57830536	57830642	-	107				False		True
ENSG00000240863.3	RN7SL645P	misc_RNA	chr16	58199568	58199836	-	269				False		True
ENSG00000212379.1	RNU6-269P	snRNA	chr16	58378052	58378148	-	97				False		True
ENSG00000252271.1	RNU6-1110P	snRNA	chr16	58384442	58384542	-	101				False		True
ENSG00000200556.1	RNU6-103P	snRNA	chr16	58496908	58497014	+	107				False		True
ENSG00000207493.1	SNORA46	snoRNA	chr16	58548499	58548633	-	135				False		False
ENSG00000281910.1	SNORA50A	snoRNA	chr16	58559796	58559931	-	136				False		False
ENSG00000200424.1	RNU6-1155P	snRNA	chr16	58744251	58744357	-	107				False		True
ENSG00000244003.3	RN7SL143P	misc_RNA	chr16	58770524	58770820	+	297				False		True
ENSG00000200062.1	RNU4-58P	snRNA	chr16	59540126	59540266	+	141				False		True
ENSG00000201289.1	RN7SKP76	misc_RNA	chr16	61743154	61743476	-	323				False		False
ENSG00000207441.1	RNU6-21P	snRNA	chr16	62187540	62187646	-	107				False		True
ENSG00000265918.2	RN7SL543P	misc_RNA	chr16	67019519	67019817	+	299				False		True
ENSG00000201201.1	RN7SKP118	misc_RNA	chr16	67321658	67321987	-	330				False		False
ENSG00000239194.1	RNU1-123P	snRNA	chr16	67390691	67390850	-	160				False		True
ENSG00000202336.1	RNU6-359P	snRNA	chr16	68017710	68017817	-	108				False		True
ENSG00000212445.1	SNORA48	snoRNA	chr16	68189287	68189421	+	135				False		False
ENSG00000252026.1	RNU6-1262P	snRNA	chr16	68284223	68284318	-	96				False		True
ENSG00000222177.1	RNU4-30P	snRNA	chr16	68329387	68329529	-	143				False		True
ENSG00000201164.1	RNU4-36P	snRNA	chr16	68535515	68535658	+	144				False		True
ENSG00000252040.1	snoU109	snoRNA	chr16	68630223	68630354	-	132				False		False
ENSG00000275504.1	U7	snRNA	chr16	68926894	68926957	-	64				False		False
ENSG00000202497.1	RNU6-898P	snRNA	chr16	69007052	69007155	-	104				False		True
ENSG00000207083.1	RNU6-22P	snRNA	chr16	69175671	69175777	-	107				False		True
ENSG00000252443.1	SNORA62	snoRNA	chr16	69785994	69786113	-	120				False		False
ENSG00000265648.2	RN7SL279P	misc_RNA	chr16	70276069	70276352	+	284				False		True
ENSG00000200153.1	RNU6-23P	snRNA	chr16	70445293	70445399	-	107				False		True
ENSG00000221514.1	SNORD111B	snoRNA	chr16	70529509	70529588	+	80				False		False
ENSG00000221066.1	SNORD111	snoRNA	chr16	70538005	70538098	+	94				False		False
ENSG00000221725.1	RNU6ATAC25P	snRNA	chr16	70852698	70852814	+	117				False		True
ENSG00000252339.1	RNU6-1061P	snRNA	chr16	71563430	71563528	-	99				False		True
ENSG00000199301.1	RNU6-208P	snRNA	chr16	71666091	71666197	+	107				False		True
ENSG00000263666.1	SNORA70D	snoRNA	chr16	71698567	71698701	-	135				False		False
ENSG00000223224.1	SNORD71	snoRNA	chr16	71758402	71758487	-	86				False		False
ENSG00000283564.1	U6	snRNA	chr16	72376704	72376760	+	57				False		False
ENSG00000238731.1	RNU7-90P	snRNA	chr16	72673503	72673564	+	62				False		True
ENSG00000251868.1	RNU7-71P	snRNA	chr16	72821933	72821992	-	60				False		True
ENSG00000251794.1	RNU6-237P	snRNA	chr16	74456541	74456611	+	71				False		True
ENSG00000252101.2	RNU6-758P	snRNA	chr16	75286712	75286800	-	89				False		True
ENSG00000252122.1	SNORA76	snoRNA	chr16	75409332	75409466	-	135				False		False
ENSG00000240199.3	RN7SL520P	misc_RNA	chr16	75698531	75698816	-	286				False		True
ENSG00000252814.1	RN7SKP233	misc_RNA	chr16	76287630	76287739	+	110				False		False
ENSG00000252022.1	SNORD33	snoRNA	chr16	76469508	76469595	-	88				False		False
ENSG00000252608.1	RNU6-1191P	snRNA	chr16	81106533	81106639	-	107				False		True
ENSG00000260682.3	RN7SKP176	misc_RNA	chr16	81961926	81962243	+	318				False		False
ENSG00000251888.1	RN7SKP190	misc_RNA	chr16	82192505	82192790	-	286				False		False
ENSG00000263360.2	RN7SL134P	misc_RNA	chr16	82844455	82844757	+	303				False		True
ENSG00000263968.2	RN7SL381P	misc_RNA	chr16	85659378	85659675	+	298				False		True
ENSG00000252311.1	RNU1-103P	snRNA	chr16	85781775	85781899	-	125				False		True
ENSG00000252887.1	RNU6-430P	snRNA	chr16	89443318	89443424	+	107				False		True
ENSG00000200084.1	SNORD68	snoRNA	chr16	89561434	89561517	+	84				False		False
ENSG00000222359.1	RNU6-355P	snRNA	chr16	90144592	90144695	+	104				False		True
ENSG00000277613.1	U6	snRNA	chr17	90796	90899	-	104				False		False
ENSG00000243704.3	RN7SL105P	misc_RNA	chr17	1604374	1604672	-	299				False		True
ENSG00000265777.2	RN7SL624P	misc_RNA	chr17	2199762	2200039	+	278				False		True
ENSG00000275084.3	SNORD91B	snoRNA	chr17	2329016	2329237	-	222				False		False
ENSG00000212163.5	SNORD91A	snoRNA	chr17	2330180	2330370	-	191				False		False
ENSG00000243049.3	RN7SL33P	misc_RNA	chr17	2557753	2558094	-	342				False		True
ENSG00000239884.3	RN7SL608P	misc_RNA	chr17	2680958	2681236	+	279				False		True
ENSG00000263882.2	RN7SL774P	misc_RNA	chr17	4364164	4364453	-	290				False		True
ENSG00000222429.1	RNU6-955P	snRNA	chr17	4619749	4619852	-	104				False		True
ENSG00000264113.2	RN7SL784P	misc_RNA	chr17	4882975	4883316	+	342				False		True
ENSG00000206618.1	RNU6-1264P	snRNA	chr17	6207163	6207269	+	107				False		True
ENSG00000209582.1	SNORA48	snoRNA	chr17	7574713	7574847	+	135				False		False
ENSG00000238917.1	SNORD10	snoRNA	chr17	7576811	7576952	+	142				False		False
ENSG00000277985.1	SNORA67	snoRNA	chr17	7577955	7578091	+	137				False		False
ENSG00000252835.1	SCARNA21	scaRNA	chr17	7906122	7906260	+	139				False		False
ENSG00000200463.1	SNORD118	snoRNA	chr17	8173454	8173587	-	134				False		False
ENSG00000212206.1	SNORA69	snoRNA	chr17	8329583	8329719	+	137				False		False
ENSG00000252363.1	RNU7-43P	snRNA	chr17	8511125	8511188	+	64				False		True
ENSG00000207242.1	RNU6-1065P	snRNA	chr17	10857899	10858004	-	106				False		True
ENSG00000243346.3	RN7SL601P	misc_RNA	chr17	11157455	11157747	+	293				False		True
ENSG00000252707.1	RNU11-2P	snRNA	chr17	12036496	12036637	-	142				False		True
ENSG00000200437.1	RNU6-799P	snRNA	chr17	15311345	15311451	+	107				False		True
ENSG00000239888.3	RN7SL792P	misc_RNA	chr17	15408384	15408688	+	305				False		True
ENSG00000252129.1	SNORA74	snoRNA	chr17	15574019	15574198	+	180				False		False
ENSG00000252383.1	RNU6-314P	snRNA	chr17	16098704	16098807	+	104				False		True
ENSG00000199674.1	RNU6-862P	snRNA	chr17	16137768	16137872	-	105				False		True
ENSG00000239221.3	RN7SL442P	misc_RNA	chr17	16191832	16192151	+	320				False		True
ENSG00000277108.1	SNORD49B	snoRNA	chr17	16439505	16439576	+	72				False		False
ENSG00000277370.1	SNORD49A	snoRNA	chr17	16440036	16440106	+	71				False		False
ENSG00000277512.1	SNORD65	snoRNA	chr17	16441226	16441298	+	73				False		False
ENSG00000252446.1	RNU6-405P	snRNA	chr17	16691798	16691907	+	110				False		True
ENSG00000276088.1	RN7SL620P	misc_RNA	chr17	16710059	16710361	+	303				False		True
ENSG00000206859.1	RNU6-767P	snRNA	chr17	17170083	17170189	+	107				False		True
ENSG00000243370.3	RN7SL775P	misc_RNA	chr17	17178414	17178749	+	336				False		True
ENSG00000206730.1	RNU6-468P	snRNA	chr17	17578631	17578739	+	109				False		True
ENSG00000273948.1	SMCR2_1	misc_RNA	chr17	17675366	17675522	+	157				False		False
ENSG00000274836.1	SMCR2_2	misc_RNA	chr17	17676211	17676371	+	161				False		False
ENSG00000274747.1	RN7SL627P	misc_RNA	chr17	18840618	18840920	+	303				False		True
ENSG00000212618.1	snoMBII-202	snoRNA	chr17	18943999	18944073	+	75				False		False
ENSG00000265185.5	SNORD3B-1	snoRNA	chr17	19061912	19062669	+	758				False		False
ENSG00000262074.6	SNORD3B-2	snoRNA	chr17	19063346	19064136	-	791				False		False
ENSG00000277947.1	SNORD3D	snoRNA	chr17	19112419	19112636	-	218				False		False
ENSG00000263934.4	SNORD3A	snoRNA	chr17	19188016	19188714	+	699				False		False
ENSG00000264940.4	SNORD3C	snoRNA	chr17	19189665	19190245	-	581				False		False
ENSG00000283675.1	snoMe28S-Am2634	snoRNA	chr17	19420279	19420342	+	64				False		False
ENSG00000266079.4	SNORA59B	snoRNA	chr17	19557211	19557911	+	701				False		False
ENSG00000252349.1	SNORA31	snoRNA	chr17	19662000	19662090	+	91				False		False
ENSG00000212186.1	RNU6-258P	snRNA	chr17	20126388	20126488	-	101				False		True
ENSG00000252971.1	RNU6-1057P	snRNA	chr17	20290257	20290358	+	102				False		True
ENSG00000276577.1	RNU6-467P	snRNA	chr17	20323001	20323110	+	110				False		True
ENSG00000252483.1	RNU6-1178P	snRNA	chr17	20894532	20894638	-	107				False		True
ENSG00000263815.2	RN7SL426P	misc_RNA	chr17	21229334	21229628	-	295				False		True
ENSG00000251818.1	SCARNA20	scaRNA	chr17	28018770	28018907	+	138				False		False
ENSG00000202389.1	SNORA70	snoRNA	chr17	28022330	28022464	-	135				False		False
ENSG00000252283.1	Vault	misc_RNA	chr17	28061967	28062068	+	102				False		False
ENSG00000238423.1	SNORD42B	snoRNA	chr17	28720550	28720616	+	67				False		False
ENSG00000238578.1	SNORD4A	snoRNA	chr17	28722582	28722653	+	72				False		False
ENSG00000238649.1	SNORD42A	snoRNA	chr17	28723429	28723492	+	64				False		False
ENSG00000238597.1	SNORD4B	snoRNA	chr17	28723682	28723753	+	72				False		False
ENSG00000222363.1	RNU4-34P	snRNA	chr17	29388560	29388683	+	124				False		True
ENSG00000253064.1	RNU6-711P	snRNA	chr17	29424762	29424867	-	106				False		True
ENSG00000202205.1	RNU6-1034P	snRNA	chr17	29445300	29445400	-	101				False		True
ENSG00000222858.1	RNU6-920P	snRNA	chr17	29641611	29641702	-	92				False		True
ENSG00000239129.1	snoU13	snoRNA	chr17	29883006	29883109	+	104				False		False
ENSG00000207011.1	RNY4P13	misc_RNA	chr17	30059052	30059147	-	96				False		False
ENSG00000252112.1	SNORD63	snoRNA	chr17	30246757	30246820	-	64				False		False
ENSG00000222679.1	RNU6-1267P	snRNA	chr17	30288071	30288177	-	107				False		True
ENSG00000201255.1	RNU6-990P	snRNA	chr17	30360463	30360566	+	104				False		True
ENSG00000241631.3	RN7SL316P	misc_RNA	chr17	30702504	30702775	-	272				False		True
ENSG00000212190.1	RNU6-298P	snRNA	chr17	30861843	30861938	+	96				False		True
ENSG00000266274.2	RN7SL138P	misc_RNA	chr17	30959564	30959850	+	287				False		True
ENSG00000239595.3	RN7SL79P	misc_RNA	chr17	31465543	31465832	+	290				False		True
ENSG00000264862.2	RN7SL45P	misc_RNA	chr17	31518432	31518729	+	298				False		True
ENSG00000221038.1	RNU6ATAC7P	snRNA	chr17	31563768	31563894	-	127				False		True
ENSG00000202026.1	RNU6-1134P	snRNA	chr17	31713753	31713853	+	101				False		True
ENSG00000253084.3	RNU6-840P	snRNA	chr17	35093909	35093973	+	65				False		True
ENSG00000207297.1	SNORD7	snoRNA	chr17	35573657	35573753	+	97				False		False
ENSG00000271394.1	7SK	misc_RNA	chr17	35889558	35889804	+	247				False		False
ENSG00000276014.1	RN7SL301P	misc_RNA	chr17	36110150	36110447	+	298				False		True
ENSG00000277029.1	RNU6-1192P	snRNA	chr17	36404826	36404932	-	107				False		True
ENSG00000277341.1	RNU6-489P	snRNA	chr17	37907957	37908063	+	107				False		True
ENSG00000274607.1	RNU6-866P	snRNA	chr17	38755279	38755400	-	122				False		True
ENSG00000252699.1	SNORA21B	snoRNA	chr17	38851524	38851659	-	136				False		False
ENSG00000199293.1	SNORA21	snoRNA	chr17	38852863	38852994	-	132				False		False
ENSG00000222777.1	RNU6-233P	snRNA	chr17	39546104	39546244	-	141				False		True
ENSG00000238793.1	SNORD124	snoRNA	chr17	40027542	40027645	-	104				False		False
ENSG00000223125.1	RNU2-32P	snRNA	chr17	41467956	41468146	+	191				False		True
ENSG00000239542.3	RN7SL399P	misc_RNA	chr17	41730127	41730405	-	279				False		True
ENSG00000238704.1	RNU7-97P	snRNA	chr17	42440198	42440259	-	62				False		True
ENSG00000252039.1	RNU6-287P	snRNA	chr17	42891338	42891435	-	98				False		True
ENSG00000212149.1	SNORA40	snoRNA	chr17	42940575	42940702	-	128				False		False
ENSG00000274585.1	RNU2-1	snRNA	chr17	43233787	43233977	-	191				False	U2	False
ENSG00000278774.1	U2	snRNA	chr17	43273101	43273292	-	192				False		False
ENSG00000277084.1	RNU2-4P	snRNA	chr17	43387226	43387417	-	192				False		True
ENSG00000252882.1	RNU6-1137P	snRNA	chr17	43395993	43396091	-	99				False		True
ENSG00000251763.1	RNU6-470P	snRNA	chr17	43412427	43412530	+	104				False		True
ENSG00000252279.1	RNU6-406P	snRNA	chr17	43445507	43445613	+	107				False		True
ENSG00000252729.1	RNU6-971P	snRNA	chr17	43473585	43473690	+	106				False		True
ENSG00000212446.1	RNU6-131P	snRNA	chr17	44135883	44135989	-	107				False		True
ENSG00000239702.3	RN7SL507P	misc_RNA	chr17	44290856	44291151	-	296				False		True
ENSG00000221496.2	U3	snoRNA	chr17	44303965	44304203	+	239				False		False
ENSG00000252628.2	RNU6-453P	snRNA	chr17	44307088	44307172	+	85				False		True
ENSG00000240589.3	RN7SL258P	misc_RNA	chr17	44409059	44409358	-	300				False		True
ENSG00000264251.2	RN7SL819P	misc_RNA	chr17	44718861	44719130	-	270				False		True
ENSG00000264540.2	RN7SL405P	misc_RNA	chr17	44883986	44884274	+	289				False		True
ENSG00000265411.1	RN7SL656P	misc_RNA	chr17	46319679	46319959	+	281				False		True
ENSG00000265315.1	RN7SL199P	misc_RNA	chr17	46537534	46537814	+	281				False		True
ENSG00000210709.1	RNU6ATAC3P	snRNA	chr17	46921124	46921249	+	126				False		True
ENSG00000277198.1	RN7SL270P	misc_RNA	chr17	47041825	47042105	+	281				False		True
ENSG00000238419.1	RNU7-186P	snRNA	chr17	47259358	47259420	-	63				False		True
ENSG00000206954.1	RNU6-1201P	snRNA	chr17	48088678	48088784	-	107				False		True
ENSG00000207306.1	RNU6-1152P	snRNA	chr17	48196680	48196786	-	107				False		True
ENSG00000273750.1	HOXB13-AS1_1	misc_RNA	chr17	48723188	48723314	+	127				False		False
ENSG00000277542.1	HOXB13-AS1_2	misc_RNA	chr17	48723692	48723772	+	81				False		False
ENSG00000244514.3	RN7SL125P	misc_RNA	chr17	48765554	48765847	-	294				False		True
ENSG00000212565.1	SNORA68	snoRNA	chr17	48880840	48880967	+	128				False		False
ENSG00000200903.1	RNU1-42P	snRNA	chr17	48949361	48949520	-	160				False		True
ENSG00000252636.1	RNU6-826P	snRNA	chr17	49036352	49036455	+	104				False		True
ENSG00000199492.1	RNU6-1313P	snRNA	chr17	49966075	49966176	-	102				False		True
ENSG00000201340.1	Y_RNA	misc_RNA	chr17	50696644	50696760	+	117				False		False
ENSG00000251809.1	RN7SKP14	misc_RNA	chr17	54770949	54771277	+	329				False		False
ENSG00000200107.1	RNU6-1249P	snRNA	chr17	55551810	55551920	+	111				False		True
ENSG00000212469.1	RNU6-1158P	snRNA	chr17	56871170	56871276	+	107				False		True
ENSG00000242889.3	RN7SL449P	misc_RNA	chr17	57618108	57618393	+	286				False		True
ENSG00000238447.1	RNU7-134P	snRNA	chr17	57685529	57685592	-	64				False		True
ENSG00000222976.1	RN7SKP94	misc_RNA	chr17	57789449	57789732	+	284				False		False
ENSG00000199426.1	RNU1-108P	snRNA	chr17	58666537	58666697	-	161				False		True
ENSG00000206917.1	RNU1-52P	snRNA	chr17	58677574	58677737	-	164				False		True
ENSG00000200997.1	RNU1-85P	snRNA	chr17	58679527	58679690	-	164				False		True
ENSG00000251865.1	RNU6-518P	snRNA	chr17	58835899	58835994	+	96				False		True
ENSG00000275680.1	Metazoa_SRP	misc_RNA	chr17	58951185	58951513	+	329				False		True
ENSG00000263558.2	RN7SL716P	misc_RNA	chr17	59059226	59059493	+	268				False		True
ENSG00000252212.1	RNU2-58P	snRNA	chr17	59129276	59129458	-	183				False		True
ENSG00000200889.1	RNU4-13P	snRNA	chr17	59537359	59537499	-	141				False		True
ENSG00000201524.1	RNU6-450P	snRNA	chr17	59847438	59847544	-	107				False		True
ENSG00000200013.1	RNU6-623P	snRNA	chr17	60662333	60662437	-	105				False		True
ENSG00000239932.3	RN7SL606P	misc_RNA	chr17	60696313	60696605	+	293				False		True
ENSG00000264322.2	RN7SL448P	misc_RNA	chr17	60899891	60900185	+	295				False		True
ENSG00000242398.3	RN7SL800P	misc_RNA	chr17	62005737	62006016	-	280				False		True
ENSG00000251981.1	RNU7-52P	snRNA	chr17	62383104	62383166	+	63				False		True
ENSG00000199697.1	RNU6-446P	snRNA	chr17	62683905	62684010	+	106				False		True
ENSG00000200560.1	RNU6-288P	snRNA	chr17	63573242	63573345	-	104				False		True
ENSG00000199753.1	SNORD104	snoRNA	chr17	64146083	64146152	+	70				False		False
ENSG00000281311.1	SNORA50	snoRNA	chr17	64146337	64146471	+	135				False		False
ENSG00000277887.1	SNORA50C	snoRNA	chr17	64146339	64146471	+	133				False		False
ENSG00000252242.1	RNU7-115P	snRNA	chr17	64825765	64825819	-	55				False		True
ENSG00000264840.1	RN7SL404P	misc_RNA	chr17	64871504	64871784	-	281				False		True
ENSG00000244044.3	RN7SL735P	misc_RNA	chr17	66364029	66364320	+	292				False		True
ENSG00000252685.1	RNU6-928P	snRNA	chr17	66638271	66638374	+	104				False		True
ENSG00000207410.1	SNORA8	snoRNA	chr17	67271469	67271607	+	139				False		False
ENSG00000244610.3	RN7SL756P	misc_RNA	chr17	67457023	67457290	-	268				False		True
ENSG00000200394.1	SNORA38B	snoRNA	chr17	67740669	67740799	+	131				False		False
ENSG00000265052.2	RN7SL622P	misc_RNA	chr17	67977698	67977972	+	275				False		True
ENSG00000238759.1	RNU7-155P	snRNA	chr17	71298156	71298218	-	63				False		True
ENSG00000200783.1	RN7SKP180	misc_RNA	chr17	72663823	72664152	-	330				False		False
ENSG00000252274.1	SCARNA24	scaRNA	chr17	72818836	72818972	-	137				False		False
ENSG00000252545.1	RNU6-362P	snRNA	chr17	75031097	75031186	+	90				False		True
ENSG00000239607.3	RN7SL573P	misc_RNA	chr17	75041740	75042015	+	276				False		True
ENSG00000223217.1	RNU6-938P	snRNA	chr17	75409086	75409188	-	103				False		True
ENSG00000207169.1	RNU6-24P	snRNA	chr17	76337316	76337422	+	107				False		True
ENSG00000274091.1	SNORD1C	snoRNA	chr17	76558791	76558868	+	78				False		False
ENSG00000199961.1	SNORD1B	snoRNA	chr17	76561109	76561192	+	84				False		False
ENSG00000278261.1	SNORD1A	snoRNA	chr17	76561634	76561705	+	72				False		False
ENSG00000199735.1	RNU6-227P	snRNA	chr17	76656320	76656422	+	103				False		True
ENSG00000212418.1	RNY4P36	misc_RNA	chr17	76703632	76703727	-	96				False		False
ENSG00000274051.1	uc_338	misc_RNA	chr17	76721216	76721396	-	181				False		False
ENSG00000200257.1	RNU6-97P	snRNA	chr17	76752912	76753015	+	104				False		True
ENSG00000275143.1	SCARNA16	scaRNA	chr17	77089307	77089493	+	187				False		False
ENSG00000222808.1	RNU4-47P	snRNA	chr17	77152561	77152674	-	114				False		True
ENSG00000238898.1	RNU1-80P	snRNA	chr17	77920098	77920258	+	161				False		True
ENSG00000238658.1	RNU6-625P	snRNA	chr17	78066947	78067053	+	107				False		True
ENSG00000243870.3	RN7SL236P	misc_RNA	chr17	78370852	78371135	-	284				False		True
ENSG00000200063.1	SNORA30	snoRNA	chr17	78399935	78400063	+	129				False		False
ENSG00000243426.3	RN7SL454P	misc_RNA	chr17	78532813	78533055	-	243				False		True
ENSG00000252391.1	RNU6-638P	snRNA	chr17	78696694	78696797	-	104				False		True
ENSG00000222174.1	RN7SKP146	misc_RNA	chr18	586517	586850	-	334				False		False
ENSG00000206687.1	RNU1-109P	snRNA	chr18	797989	798135	-	147				False		True
ENSG00000199197.1	RN7SKP72	misc_RNA	chr18	1323794	1324085	-	292				False		False
ENSG00000238575.1	snoU109	snoRNA	chr18	2555358	2555492	+	135				False		False
ENSG00000200875.1	RNU6-340P	snRNA	chr18	2649761	2649867	-	107				False		True
ENSG00000207034.1	Y_RNA	misc_RNA	chr18	2778941	2779057	+	117				False		False
ENSG00000252258.1	SNORA70	snoRNA	chr18	3025434	3025566	-	133				False		False
ENSG00000252353.1	RNU7-25P	snRNA	chr18	3093568	3093629	+	62				False		True
ENSG00000241223.3	RN7SL39P	misc_RNA	chr18	3571215	3571511	-	297				False		True
ENSG00000207278.1	RNU6-831P	snRNA	chr18	3894699	3894805	-	107				False		True
ENSG00000200637.1	RNU5F-3P	snRNA	chr18	6017723	6017839	-	117				False		True
ENSG00000199272.1	RNU6-349P	snRNA	chr18	6454962	6455068	+	107				False		True
ENSG00000243591.3	RN7SL282P	misc_RNA	chr18	6601540	6601836	+	297				False		True
ENSG00000251897.1	RNU6-916P	snRNA	chr18	6936912	6937020	-	109				False		True
ENSG00000212626.1	SNORA48	snoRNA	chr18	7301020	7301153	-	134				False		False
ENSG00000199856.2	U3	snoRNA	chr18	7995570	7995785	+	216				False		False
ENSG00000242985.3	RN7SL50P	misc_RNA	chr18	8471831	8472128	+	298				False		True
ENSG00000251994.1	RNU2-27P	snRNA	chr18	9518119	9518260	-	142				False		True
ENSG00000212572.1	RNU6-903P	snRNA	chr18	9617964	9618072	-	109				False		True
ENSG00000242651.3	RN7SL862P	misc_RNA	chr18	9830330	9830627	-	298				False		True
ENSG00000200827.1	RNU6-324P	snRNA	chr18	12098427	12098532	+	106				False		True
ENSG00000199702.1	RNU6-170P	snRNA	chr18	12304091	12304194	-	104				False		True
ENSG00000251937.1	RNU7-129P	snRNA	chr18	12400412	12400473	+	62				False		True
ENSG00000242707.3	RN7SL362P	misc_RNA	chr18	13715102	13715368	-	267				False		True
ENSG00000212329.1	RNU6-316P	snRNA	chr18	14190700	14190806	+	107				False		True
ENSG00000200132.1	RNU6-1021P	snRNA	chr18	14531676	14531782	-	107				False		True
ENSG00000200645.1	RNU6-1210P	snRNA	chr18	14759188	14759294	+	107				False		True
ENSG00000222087.1	RNU6-721P	snRNA	chr18	15320840	15320944	-	105				False		True
ENSG00000251886.1	RNU6-120P	snRNA	chr18	21120404	21120506	-	103				False		True
ENSG00000221139.1	SNORD23	snoRNA	chr18	21450653	21450756	-	104				False		False
ENSG00000252677.1	SNORA81	snoRNA	chr18	21711950	21712119	-	170				False		False
ENSG00000242971.3	RN7SL233P	misc_RNA	chr18	21793883	21794159	+	277				False		True
ENSG00000199977.1	SNORA73	snoRNA	chr18	21817624	21817828	+	205				False		False
ENSG00000252325.1	RNU6-1038P	snRNA	chr18	21879801	21879904	+	104				False		True
ENSG00000221363.1	RNU6ATAC20P	snRNA	chr18	22130603	22130729	-	127				False		True
ENSG00000201852.1	RNU6-702P	snRNA	chr18	22180112	22180218	-	107				False		True
ENSG00000206827.1	RNU6-1032P	snRNA	chr18	22647582	22647688	+	107				False		True
ENSG00000242182.3	RN7SL745P	misc_RNA	chr18	23004564	23004862	+	299				False		True
ENSG00000206863.1	RNU5A-6P	snRNA	chr18	24124170	24124285	-	116				False		True
ENSG00000206766.1	RNU6-435P	snRNA	chr18	24218300	24218404	+	105				False		True
ENSG00000242216.3	RN7SL97P	misc_RNA	chr18	25818234	25818532	-	299				False		True
ENSG00000207160.1	RNU6-1289P	snRNA	chr18	26366301	26366406	-	106				False		True
ENSG00000251719.1	RNU6-408P	snRNA	chr18	29048620	29048719	+	100				False		True
ENSG00000251702.1	RNU6-857P	snRNA	chr18	30984106	30984215	+	110				False		True
ENSG00000207019.1	RNU6-167P	snRNA	chr18	31345362	31345467	-	106				False		True
ENSG00000200472.1	RN7SKP44	misc_RNA	chr18	31718893	31719208	+	316				False		False
ENSG00000222320.1	RNU6-1050P	snRNA	chr18	31937533	31937639	+	107				False		True
ENSG00000222704.1	RN7SKP182	misc_RNA	chr18	39016047	39016344	-	298				False		False
ENSG00000253038.1	RNU6-706P	snRNA	chr18	39034007	39034110	+	104				False		True
ENSG00000212354.1	RNU6-1242P	snRNA	chr18	39678520	39678622	-	103				False		True
ENSG00000222179.1	RN7SKP26	misc_RNA	chr18	45989653	45989945	-	293				False		False
ENSG00000252034.1	RNY4P37	misc_RNA	chr18	46077004	46077099	-	96				False		False
ENSG00000251939.1	RNU6-1278P	snRNA	chr18	46121615	46121721	-	107				False		True
ENSG00000201825.1	RNU6-1131P	snRNA	chr18	47234442	47234548	-	107				False		True
ENSG00000206944.1	RNU6-708P	snRNA	chr18	48169784	48169890	-	107				False		True
ENSG00000202093.1	SNORD58C	snoRNA	chr18	49489245	49489308	-	64				False		False
ENSG00000206602.1	SNORD58A	snoRNA	chr18	49491283	49491347	-	65				False		False
ENSG00000271982.1	SNORD58B	snoRNA	chr18	49491664	49491729	-	66				False		False
ENSG00000251992.1	SCARNA17	scaRNA	chr18	49814133	49814276	+	144				False		False
ENSG00000252139.1	SCARNA18	scaRNA	chr18	49814361	49814443	+	83				False		False
ENSG00000240663.3	RN7SL310P	misc_RNA	chr18	50206998	50207278	-	281				False		True
ENSG00000207154.1	RNU1-46P	snRNA	chr18	51283733	51283896	-	164				False		True
ENSG00000207233.1	SNORA37	snoRNA	chr18	54222284	54222412	-	129				False		False
ENSG00000202240.1	RNU6-737P	snRNA	chr18	57284602	57284708	-	107				False		True
ENSG00000202159.1	RNU6-742P	snRNA	chr18	57755394	57755500	+	107				False		True
ENSG00000252284.1	SNORA108	snoRNA	chr18	58600631	58600698	+	68				False		False
ENSG00000201598.1	RNU6-219P	snRNA	chr18	58805268	58805374	+	107				False		True
ENSG00000199713.1	U8	snoRNA	chr18	58818883	58819016	-	134				False		False
ENSG00000251870.1	RNU2-69P	snRNA	chr18	58926197	58926296	-	100				False		True
ENSG00000239398.3	RN7SL342P	misc_RNA	chr18	59972914	59973207	+	294				False		True
ENSG00000252555.1	RNU6-567P	snRNA	chr18	60018625	60018731	+	107				False		True
ENSG00000202468.1	RNU4-17P	snRNA	chr18	60163567	60163707	+	141				False		True
ENSG00000206769.1	RNU6-116P	snRNA	chr18	61391595	61391703	+	109				False		True
ENSG00000243549.3	RN7SL705P	misc_RNA	chr18	62650308	62650601	-	294				False		True
ENSG00000206746.1	RNU6-142P	snRNA	chr18	62731226	62731332	-	107				False		True
ENSG00000238680.1	RNU6-1037P	snRNA	chr18	66946116	66946222	+	107				False		True
ENSG00000207072.1	RNU6-39P	snRNA	chr18	68858934	68859040	+	107				False		True
ENSG00000239748.3	RN7SL795P	misc_RNA	chr18	70512727	70513008	+	282				False		True
ENSG00000241866.3	RN7SL401P	misc_RNA	chr18	73744935	73745232	+	298				False		True
ENSG00000243856.3	RN7SL551P	misc_RNA	chr18	74227506	74227803	+	298				False		True
ENSG00000252097.1	RNU6-346P	snRNA	chr18	76800664	76800774	-	111				False		True
ENSG00000275355.1	Metazoa_SRP	misc_RNA	chr18	76840838	76841102	-	265				False		True
ENSG00000199392.1	SNORA25	snoRNA	chr18	77431563	77431689	-	127				False		False
ENSG00000199728.1	RNU6-655P	snRNA	chr18	78036739	78036845	+	107				False		True
ENSG00000222329.1	RNU6-1076P	snRNA	chr19	223158	223261	-	104				False		True
ENSG00000207507.1	RNU6-9	snRNA	chr19	893484	893590	+	107				False	U6	False
ENSG00000207357.1	RNU6-2	snRNA	chr19	1021522	1021628	+	107				False	U6	False
ENSG00000239367.2	RN7SL477P	misc_RNA	chr19	1570575	1570860	-	286				False		True
ENSG00000252933.1	RNU6-1223P	snRNA	chr19	1616492	1616595	-	104				False		True
ENSG00000252962.1	RNU6-993P	snRNA	chr19	2503047	2503141	-	95				False		True
ENSG00000263974.2	RN7SL121P	misc_RNA	chr19	2595019	2595291	-	273				False		True
ENSG00000252408.1	SNORD38	snoRNA	chr19	3521248	3521320	-	73				False		False
ENSG00000266627.2	RN7SL202P	misc_RNA	chr19	3920245	3920506	-	262				False		True
ENSG00000206775.1	SNORD37	snoRNA	chr19	3982507	3982572	-	66				False		False
ENSG00000209645.1	SNORD105	snoRNA	chr19	10107651	10107735	+	85				False		False
ENSG00000238531.1	SNORD105B	snoRNA	chr19	10109757	10109835	+	79				False		False
ENSG00000238364.1	RNU7-140P	snRNA	chr19	10551033	10551092	-	60				False		True
ENSG00000276757.1	RN7SL192P	misc_RNA	chr19	11011708	11012006	+	299				False		True
ENSG00000278643.1	uc_338	misc_RNA	chr19	11033727	11033912	+	186				False		False
ENSG00000244080.3	RN7SL833P	misc_RNA	chr19	11516047	11516330	-	284				False		True
ENSG00000209702.1	SNORD41	snoRNA	chr19	12706449	12706518	-	70				False		False
ENSG00000266770.2	RN7SL619P	misc_RNA	chr19	13815062	13815319	-	258				False		True
ENSG00000240803.3	RN7SL231P	misc_RNA	chr19	14213052	14213323	+	272				False		True
ENSG00000243488.3	RN7SL337P	misc_RNA	chr19	14584095	14584395	+	301				False		True
ENSG00000243066.3	RN7SL842P	misc_RNA	chr19	14588357	14588656	+	300				False		True
ENSG00000252661.1	RNU6-782P	snRNA	chr19	15145215	15145318	+	104				False		True
ENSG00000273782.1	UCA1	misc_RNA	chr19	15834730	15834804	+	75				False		False
ENSG00000240106.2	RN7SL146P	misc_RNA	chr19	16539688	16539984	-	297				False		True
ENSG00000264250.2	RN7SL835P	misc_RNA	chr19	16907462	16907723	+	262				False		True
ENSG00000263595.2	RN7SL823P	misc_RNA	chr19	16910490	16910784	-	295				False		True
ENSG00000207166.1	SNORA68	snoRNA	chr19	17862588	17862720	+	133				False		False
ENSG00000239821.3	RN7SL513P	misc_RNA	chr19	18333276	18333573	+	298				False		True
ENSG00000263490.2	RN7SL155P	misc_RNA	chr19	18631646	18631908	-	263				False		True
ENSG00000241172.3	RN7SL70P	misc_RNA	chr19	18957957	18958258	-	302				False		True
ENSG00000252973.1	RNU6-1028P	snRNA	chr19	19232855	19232947	+	93				False		True
ENSG00000207397.1	RNU6-1179P	snRNA	chr19	22555261	22555367	+	107				False		True
ENSG00000240713.3	RN7SL860P	misc_RNA	chr19	22601485	22601707	+	223				False		True
ENSG00000241604.3	RN7SL340P	misc_RNA	chr19	29233090	29233385	-	296				False		True
ENSG00000201894.1	RNU6-967P	snRNA	chr19	31787148	31787255	-	108				False		True
ENSG00000201388.1	SNORA68B	snoRNA	chr19	32608337	32608469	-	133				False		False
ENSG00000242436.3	RN7SL789P	misc_RNA	chr19	32655016	32655308	-	293				False		True
ENSG00000201967.1	RN7SKP22	misc_RNA	chr19	32862800	32863092	-	293				False		False
ENSG00000240626.3	RN7SL150P	misc_RNA	chr19	33927364	33927625	-	262				False		True
ENSG00000264317.2	RN7SL154P	misc_RNA	chr19	34421988	34422311	-	324				False		True
ENSG00000252230.1	SNORD111	snoRNA	chr19	34637696	34637781	-	86				False		False
ENSG00000264400.2	RN7SL491P	misc_RNA	chr19	35414881	35415149	-	269				False		True
ENSG00000243968.2	RN7SL402P	misc_RNA	chr19	35881890	35882153	+	264				False		True
ENSG00000275132.1	RN7SL663P	misc_RNA	chr19	38200234	38200532	+	299				False		True
ENSG00000207296.1	RNU6-140P	snRNA	chr19	38797002	38797109	-	108				False		True
ENSG00000241983.3	RN7SL566P	misc_RNA	chr19	39369153	39369448	+	296				False		True
ENSG00000206674.1	RNU6-945P	snRNA	chr19	40299478	40299584	-	107				False		True
ENSG00000206925.1	Y_RNA	misc_RNA	chr19	40342329	40342441	+	113				False		False
ENSG00000223284.1	RNU6-195P	snRNA	chr19	40708055	40708163	-	109				False		True
ENSG00000264423.2	RN7SL718P	misc_RNA	chr19	41190927	41191229	-	303				False		True
ENSG00000239868.3	RN7SL34P	misc_RNA	chr19	41286424	41286693	-	270				False		True
ENSG00000253048.1	RNU4-60P	snRNA	chr19	42472875	42473009	+	135				False		True
ENSG00000239948.2	RN7SL368P	misc_RNA	chr19	43660500	43660776	-	277				False		True
ENSG00000253021.1	RNU6-902P	snRNA	chr19	44085213	44085303	-	91				False		True
ENSG00000252200.1	snoZ6	snoRNA	chr19	44725984	44726058	-	75				False		False
ENSG00000253027.1	SNORA70	snoRNA	chr19	44764950	44765100	+	151				False		False
ENSG00000207003.1	RNU6-611P	snRNA	chr19	45047458	45047561	+	104				False		True
ENSG00000241226.3	RN7SL836P	misc_RNA	chr19	45651510	45651805	+	296				False		True
ENSG00000199796.1	RNU6-924P	snRNA	chr19	46306470	46306577	-	108				False		True
ENSG00000243560.3	RN7SL364P	misc_RNA	chr19	46688797	46689068	-	272				False		True
ENSG00000276588.1	RN7SL322P	misc_RNA	chr19	47581023	47581321	+	299				False		True
ENSG00000221803.1	SNORD23	snoRNA	chr19	47755853	47755962	+	110				False		False
ENSG00000206758.1	RNU6-317P	snRNA	chr19	48793152	48793258	-	107				False		True
ENSG00000265675.2	RN7SL708P	misc_RNA	chr19	49081332	49081630	+	299				False		True
ENSG00000201675.1	SNORD32A	snoRNA	chr19	49489965	49490048	+	84				False		False
ENSG00000199631.1	SNORD33	snoRNA	chr19	49490615	49490699	+	85				False		False
ENSG00000202503.1	SNORD34	snoRNA	chr19	49490904	49490974	+	71				False		False
ENSG00000200259.1	SNORD35A	snoRNA	chr19	49491175	49491260	+	86				False		False
ENSG00000200530.1	SNORD35B	snoRNA	chr19	49497720	49497806	+	87				False		False
ENSG00000206599.1	RNU6-841P	snRNA	chr19	49764524	49764630	-	107				False		True
ENSG00000221125.2	U3	snoRNA	chr19	49949316	49949527	-	212				False		False
ENSG00000276729.1	Metazoa_SRP	misc_RNA	chr19	50019019	50019320	+	302				False		True
ENSG00000221381.1	SNORD88B	snoRNA	chr19	50799032	50799122	-	91				False		False
ENSG00000221241.1	SNORD88A	snoRNA	chr19	50799442	50799532	-	91				False		False
ENSG00000220988.1	SNORD88C	snoRNA	chr19	50802328	50802418	-	91				False		False
ENSG00000242668.3	RN7SL317P	misc_RNA	chr19	53629713	53630041	+	329				False		True
ENSG00000200393.1	RNU6-698P	snRNA	chr19	53653685	53653791	+	107				False		True
ENSG00000251843.1	RNU6-803P	snRNA	chr19	53719064	53719165	-	102				False		True
ENSG00000252734.1	RNU6-980P	snRNA	chr19	53732981	53733083	-	103				False		True
ENSG00000252025.1	RNU6-982P	snRNA	chr19	53745004	53745105	-	102				False		True
ENSG00000252191.1	RNU6-751P	snRNA	chr19	53749851	53749951	-	101				False		True
ENSG00000252063.1	RNU6-1041P	snRNA	chr19	53760087	53760188	-	102				False		True
ENSG00000252979.1	RNU6-165P	snRNA	chr19	53766534	53766632	-	99				False		True
ENSG00000212314.2	RNU6-1307P	snRNA	chr19	54263951	54264053	-	103				False		True
ENSG00000199308.1	RNU6-222P	snRNA	chr19	54868939	54869045	-	107				False		True
ENSG00000239137.1	snoU13	snoRNA	chr19	55167171	55167274	+	104				False		False
ENSG00000222524.1	RN7SKP109	misc_RNA	chr19	55737285	55737600	+	316				False		False
ENSG00000274777.1	AC004792.1	misc_RNA	chr19	56848068	56848204	+	137				False		False
ENSG00000243642.3	RN7SL526P	misc_RNA	chr19	58069970	58070288	+	319				False		True
ENSG00000252334.1	RNU6-1337P	snRNA	chr19	58483749	58483843	-	95				False		True
ENSG00000265272.2	RN7SL693P	misc_RNA	chr19	58490797	58491075	+	279				False		True
ENSG00000264910.2	RN7SL525P	misc_RNA	chr19	58543299	58543578	-	280				False		True
ENSG00000252238.1	SNORA31	snoRNA	chr2	4827001	4827084	-	84				False		False
ENSG00000207192.1	RNU6-649P	snRNA	chr2	4945277	4945383	+	107				False		True
ENSG00000223145.1	RN7SKP112	misc_RNA	chr2	7141227	7141544	-	318				False		False
ENSG00000221255.1	RNU6ATAC37P	snRNA	chr2	7576841	7576971	+	131				False		True
ENSG00000200034.1	RNU4-73P	snRNA	chr2	9740643	9740783	-	141				False		True
ENSG00000212558.1	SNORA26	snoRNA	chr2	10090205	10090319	-	115				False		False
ENSG00000206647.1	SNORA2	snoRNA	chr2	10155072	10155206	-	135				False		False
ENSG00000264030.2	RN7SL66P	misc_RNA	chr2	10280628	10280891	+	264				False		True
ENSG00000206898.1	SNORA51	snoRNA	chr2	10296047	10296180	-	134				False		False
ENSG00000206633.1	SNORA80B	snoRNA	chr2	10446714	10446849	-	136				False		False
ENSG00000239053.1	RNU7-138P	snRNA	chr2	10744186	10744249	+	64				False		True
ENSG00000238962.1	RNU7-176P	snRNA	chr2	10815485	10815546	-	62				False		True
ENSG00000207267.1	RNU6-1081P	snRNA	chr2	11233988	11234094	+	107				False		True
ENSG00000251718.1	RNU2-13P	snRNA	chr2	11561194	11561306	+	113				False		True
ENSG00000239899.3	RN7SL674P	misc_RNA	chr2	11584773	11585047	+	275				False		True
ENSG00000238503.1	SNORD18	snoRNA	chr2	12030303	12030372	-	70				False		False
ENSG00000207183.1	RNU6-843P	snRNA	chr2	12411398	12411501	-	104				False		True
ENSG00000251859.1	RNU6-1288P	snRNA	chr2	14274622	14274725	-	104				False		True
ENSG00000202160.1	RNU5E-7P	snRNA	chr2	15864935	15865051	+	117				False		True
ENSG00000243541.3	RN7SL104P	misc_RNA	chr2	15950689	15950981	-	293				False		True
ENSG00000222842.1	RN7SKP168	misc_RNA	chr2	17122841	17123140	-	300				False		False
ENSG00000212455.1	SNORA40	snoRNA	chr2	18040606	18040733	-	128				False		False
ENSG00000207170.1	RNU6-1215P	snRNA	chr2	18583367	18583468	-	102				False		True
ENSG00000266059.2	RN7SL140P	misc_RNA	chr2	20175346	20175639	+	294				False		True
ENSG00000200763.1	RNU6-961P	snRNA	chr2	20175805	20175909	+	105				False		True
ENSG00000238735.1	RNU7-113P	snRNA	chr2	20246326	20246387	-	62				False		True
ENSG00000264192.1	RN7SL117P	misc_RNA	chr2	21922993	21923288	+	296				False		True
ENSG00000222616.1	RN7SKP27	misc_RNA	chr2	22861552	22861884	+	333				False		False
ENSG00000243847.3	RN7SL610P	misc_RNA	chr2	23996795	23997085	-	291				False		True
ENSG00000222940.1	RNU6-370P	snRNA	chr2	24045835	24045938	+	104				False		True
ENSG00000251805.1	SCARNA21	scaRNA	chr2	24273614	24273741	-	128				False		False
ENSG00000206732.1	RNU6-936P	snRNA	chr2	24676309	24676415	+	107				False		True
ENSG00000202479.1	SNORD14	snoRNA	chr2	24969388	24969477	-	90				False		False
ENSG00000276653.1	RN7SL856P	misc_RNA	chr2	25058032	25058329	+	298				False		True
ENSG00000199872.1	RNU6-942P	snRNA	chr2	26042675	26042781	+	107				False		True
ENSG00000200003.1	RNU6-986P	snRNA	chr2	27475494	27475595	-	102				False		True
ENSG00000206731.1	SNORA36	snoRNA	chr2	27642043	27642169	-	127				False		False
ENSG00000264994.1	SNORD92	snoRNA	chr2	28913664	28913748	+	85				False		False
ENSG00000265145.1	SNORD53	snoRNA	chr2	28927067	28927144	+	78				False		False
ENSG00000265706.1	SNORD53B	snoRNA	chr2	28927983	28928060	+	78				False		False
ENSG00000242699.3	RN7SL516P	misc_RNA	chr2	29681027	29681323	-	297				False		True
ENSG00000207187.1	SNORA10B	snoRNA	chr2	30187434	30187566	+	133				False		False
ENSG00000201113.1	RNU6-647P	snRNA	chr2	32214456	32214562	-	107				False		True
ENSG00000264352.2	RN7SL602P	misc_RNA	chr2	34809233	34809556	-	324				False		True
ENSG00000207255.1	RNU6-1117P	snRNA	chr2	35471605	35471708	+	104				False		True
ENSG00000252756.1	RNU6-577P	snRNA	chr2	36867398	36867495	-	98				False		True
ENSG00000207364.1	RNU6-939P	snRNA	chr2	37331770	37331876	-	107				False		True
ENSG00000253078.1	RNU6-1116P	snRNA	chr2	37435510	37435608	-	99				False		True
ENSG00000199603.1	RNU6-951P	snRNA	chr2	38147415	38147521	+	107				False		True
ENSG00000207295.1	RNU6-851P	snRNA	chr2	38884560	38884666	-	107				False		True
ENSG00000265905.2	RN7SL96P	misc_RNA	chr2	38936876	38937158	-	283				False		True
ENSG00000206985.1	RNU6-198P	snRNA	chr2	39082589	39082692	+	104				False		True
ENSG00000252473.1	SNORA67	snoRNA	chr2	39283657	39283791	-	135				False		False
ENSG00000223245.1	RNU4-63P	snRNA	chr2	41871271	41871388	+	118				False		True
ENSG00000221300.1	SNORD75	snoRNA	chr2	42440377	42440436	+	60				False		False
ENSG00000200550.1	RNU6-137P	snRNA	chr2	42712740	42712847	+	108				False		True
ENSG00000207087.1	RNU6-242P	snRNA	chr2	43091388	43091494	-	107				False		True
ENSG00000252804.1	RNU6-958P	snRNA	chr2	43408307	43408412	+	106				False		True
ENSG00000264071.2	RN7SL531P	misc_RNA	chr2	43492032	43492313	+	282				False		True
ENSG00000252490.1	RN7SKP66	misc_RNA	chr2	43772120	43772350	-	231				False		False
ENSG00000200924.1	RNU6-1048P	snRNA	chr2	43892690	43892796	+	107				False		True
ENSG00000264047.2	RN7SL455P	misc_RNA	chr2	43904412	43904693	+	282				False		True
ENSG00000252599.1	RNU6-566P	snRNA	chr2	44154789	44154895	-	107				False		True
ENSG00000274520.1	Six3os1_1	misc_RNA	chr2	44932320	44932406	+	87				False		False
ENSG00000277311.1	Six3os1_2	misc_RNA	chr2	44934055	44934271	+	217				False		False
ENSG00000276229.1	Six3os1_3	misc_RNA	chr2	44935294	44935368	+	75				False		False
ENSG00000277809.1	Six3os1_4	misc_RNA	chr2	44935585	44935908	+	324				False		False
ENSG00000276048.1	Six3os1_5	misc_RNA	chr2	44937426	44937696	+	271				False		False
ENSG00000274547.1	Six3os1_6	misc_RNA	chr2	44938833	44939028	+	196				False		False
ENSG00000276670.1	Six3os1_7	misc_RNA	chr2	44940045	44940245	+	201				False		False
ENSG00000239396.3	RN7SL414P	misc_RNA	chr2	45569199	45569492	-	294				False		True
ENSG00000241791.3	RN7SL817P	misc_RNA	chr2	46448224	46448511	-	288				False		True
ENSG00000222685.1	RN7SKP119	misc_RNA	chr2	47359505	47359777	-	273				False		False
ENSG00000283502.1	U6	snRNA	chr2	47781379	47781465	+	87				False		False
ENSG00000201010.1	RN7SKP224	misc_RNA	chr2	48217575	48217899	+	325				False		False
ENSG00000251889.1	RNU4-49P	snRNA	chr2	48340687	48340826	-	140				False		True
ENSG00000202227.1	RNU6-282P	snRNA	chr2	48501922	48502024	-	103				False		True
ENSG00000206915.1	RNU6-439P	snRNA	chr2	49233794	49233899	-	106				False		True
ENSG00000207456.1	RNU6-997P	snRNA	chr2	53570374	53570480	-	107				False		True
ENSG00000252934.1	RNU7-172P	snRNA	chr2	54166944	54167007	-	64				False		True
ENSG00000252507.1	RNU7-81P	snRNA	chr2	54850289	54850352	+	64				False		True
ENSG00000200086.1	RNU6-433P	snRNA	chr2	55014418	55014521	-	104				False		True
ENSG00000238619.1	RNU6-775P	snRNA	chr2	55451004	55451099	-	96				False		True
ENSG00000238493.1	RNU6-221P	snRNA	chr2	55456106	55456204	-	99				False		True
ENSG00000239189.1	RNU6-634P	snRNA	chr2	55499950	55500055	+	106				False		True
ENSG00000212175.1	SNORA12	snoRNA	chr2	55565703	55565850	+	148				False		False
ENSG00000202344.1	RN7SKP208	misc_RNA	chr2	55951654	55952014	-	361				False		False
ENSG00000200101.1	RNU6-508P	snRNA	chr2	59647621	59647723	+	103				False		True
ENSG00000200807.1	RNU1-32P	snRNA	chr2	60384605	60384763	+	159				False		True
ENSG00000242158.3	RN7SL361P	misc_RNA	chr2	60640705	60641002	+	298				False		True
ENSG00000252718.1	RNU6-612P	snRNA	chr2	60719640	60719741	+	102				False		True
ENSG00000241524.3	RN7SL632P	misc_RNA	chr2	60831664	60831929	-	266				False		True
ENSG00000201076.1	RNU4-51P	snRNA	chr2	60911303	60911442	+	140				False		True
ENSG00000206937.1	SNORA70B	snoRNA	chr2	61417244	61417378	-	135				False		False
ENSG00000206973.1	RNU6-1145P	snRNA	chr2	61605616	61605722	+	107				False		True
ENSG00000239958.3	RN7SL51P	misc_RNA	chr2	62262387	62262671	-	285				False		True
ENSG00000241625.3	RN7SL18P	misc_RNA	chr2	62491178	62491468	+	291				False		True
ENSG00000251775.1	ACA59	snoRNA	chr2	63883249	63883391	-	143				False		False
ENSG00000252414.1	RNU6-100P	snRNA	chr2	64578892	64578997	+	106				False		True
ENSG00000275588.1	RN7SL341P	misc_RNA	chr2	64817378	64817675	+	298				False		True
ENSG00000244534.3	RN7SL211P	misc_RNA	chr2	64906863	64907138	-	276				False		True
ENSG00000252892.1	RNU6-548P	snRNA	chr2	64994746	64994860	+	115				False		True
ENSG00000272025.1	SNORA74	snoRNA	chr2	65158662	65158860	+	199				False		False
ENSG00000243029.3	RN7SL635P	misc_RNA	chr2	65545401	65545696	-	296				False		True
ENSG00000251900.1	VTRNA2-2P	misc_RNA	chr2	65555432	65555534	-	103				False		True
ENSG00000199460.2	RNU6-1216P	snRNA	chr2	69182877	69182983	+	107				False		True
ENSG00000244236.3	RN7SL604P	misc_RNA	chr2	69516751	69517046	+	296				False		True
ENSG00000207016.1	SNORA36C	snoRNA	chr2	69520043	69520174	-	132				False		False
ENSG00000263669.2	RN7SL470P	misc_RNA	chr2	70075014	70075272	-	259				False		True
ENSG00000277764.1	Vax2os1_3	misc_RNA	chr2	70900155	70900351	+	197				False		False
ENSG00000241159.3	RN7SL160P	misc_RNA	chr2	70965584	70965867	+	284				False		True
ENSG00000200779.1	RNU6-105P	snRNA	chr2	71379755	71379858	-	104				False		True
ENSG00000222536.1	RNU2-39P	snRNA	chr2	72721806	72722003	+	198				False		True
ENSG00000212378.1	SNORD78	snoRNA	chr2	72760534	72760602	+	69				False		False
ENSG00000252988.1	RNU6-111P	snRNA	chr2	73298683	73298787	+	105				False		True
ENSG00000252214.1	RNU6-542P	snRNA	chr2	74319399	74319501	+	103				False		True
ENSG00000238410.1	snoU109	snoRNA	chr2	75489576	75489710	+	135				False		False
ENSG00000200488.1	RN7SKP203	misc_RNA	chr2	76445079	76445410	-	332				False		False
ENSG00000251947.1	RN7SKP164	misc_RNA	chr2	76595413	76595678	-	266				False		False
ENSG00000202423.1	RNU6-827P	snRNA	chr2	78882447	78882552	+	106				False		True
ENSG00000200048.1	RNU6-812P	snRNA	chr2	78882628	78882734	+	107				False		True
ENSG00000252031.1	RNU6-561P	snRNA	chr2	79636862	79636963	-	102				False		True
ENSG00000242118.3	RN7SL201P	misc_RNA	chr2	81967079	81967374	+	296				False		True
ENSG00000252897.1	RNU6-685P	snRNA	chr2	82268612	82268706	+	95				False		True
ENSG00000199295.1	RNU6-1312P	snRNA	chr2	83657735	83657842	+	108				False		True
ENSG00000200701.1	RNU6-674P	snRNA	chr2	85204926	85205032	+	107				False		True
ENSG00000278590.1	RN7SL113P	misc_RNA	chr2	85368282	85368580	+	299				False		True
ENSG00000244399.3	RN7SL251P	misc_RNA	chr2	85442495	85442791	+	297				False		True
ENSG00000276281.1	RN7SL126P	misc_RNA	chr2	85567662	85567960	-	299				False		True
ENSG00000199687.1	RNU1-38P	snRNA	chr2	85728194	85728337	-	144				False		True
ENSG00000252321.1	RN7SKP83	misc_RNA	chr2	85820435	85820612	-	178				False		False
ENSG00000208772.1	SNORD94	snoRNA	chr2	86135870	86136006	+	137				False		False
ENSG00000202537.1	U8	snoRNA	chr2	86347062	86347195	-	134				False		False
ENSG00000251974.1	SNORA19	snoRNA	chr2	86364136	86364265	+	130				False		False
ENSG00000200563.1	RNU6-640P	snRNA	chr2	86515204	86515308	-	105				False		True
ENSG00000222724.1	RNU2-63P	snRNA	chr2	88016354	88016547	-	194				False		True
ENSG00000212133.1	RNU6-1168P	snRNA	chr2	88383494	88383597	-	104				False		True
ENSG00000252395.2	RNU6-1007P	snRNA	chr2	88414898	88415004	-	107				False		True
ENSG00000212140.1	RNU6-1320P	snRNA	chr2	94846533	94846639	-	107				False		True
ENSG00000277591.1	RN7SL575P	misc_RNA	chr2	95003545	95003843	-	299				False		True
ENSG00000275961.1	RN7SL210P	misc_RNA	chr2	96004563	96004850	-	288				False		True
ENSG00000275655.1	RN7SL313P	misc_RNA	chr2	97100587	97100874	+	288				False		True
ENSG00000201806.1	RNU4-8P	snRNA	chr2	97664591	97664731	-	141				False		True
ENSG00000238719.1	RNU7-96P	snRNA	chr2	97913054	97913117	-	64				False		True
ENSG00000201070.1	RNU4-84P	snRNA	chr2	98782410	98782548	+	139				False		True
ENSG00000238830.1	RNU7-46P	snRNA	chr2	98840675	98840736	-	62				False		True
ENSG00000212283.1	SNORD89	snoRNA	chr2	101272936	101273049	-	114				False		False
ENSG00000273515.1	DAOA-AS1_2	misc_RNA	chr2	103953098	103953284	-	187				False		False
ENSG00000240183.3	RN7SL297P	misc_RNA	chr2	111930175	111930467	+	293				False		True
ENSG00000201805.1	RNU6-1180P	snRNA	chr2	113086805	113086911	+	107				False		True
ENSG00000202427.1	RNU6-744P	snRNA	chr2	113681111	113681217	+	107				False		True
ENSG00000222923.1	RNU2-41P	snRNA	chr2	114420125	114420302	+	178				False		True
ENSG00000239185.1	RNU7-190P	snRNA	chr2	117139715	117139775	-	61				False		True
ENSG00000243510.3	RN7SL111P	misc_RNA	chr2	118016385	118016669	+	285				False		True
ENSG00000264833.1	RN7SL468P	misc_RNA	chr2	119169822	119170115	+	294				False		True
ENSG00000264229.1	RNU4ATAC	snRNA	chr2	121530881	121531007	+	127	AR-NDD	2011.0	MOPD1/Roifman/Lowry-Wood syndromes	True	U4atac	False
ENSG00000223118.1	RN7SKP102	misc_RNA	chr2	123869256	123869570	-	315				False		False
ENSG00000206726.1	RNU6-259P	snRNA	chr2	124989219	124989325	+	107				False		True
ENSG00000206963.1	RNU6-675P	snRNA	chr2	126702839	126702942	-	104				False		True
ENSG00000238788.1	RNU7-182P	snRNA	chr2	127017421	127017482	+	62				False		True
ENSG00000200250.1	RNU6-1147P	snRNA	chr2	127316873	127316979	+	107				False		True
ENSG00000202429.1	RNU4-48P	snRNA	chr2	127472234	127472415	+	182				False		True
ENSG00000201470.1	RNY4P7	misc_RNA	chr2	127798903	127798998	-	96				False		False
ENSG00000202532.1	RNU6-395P	snRNA	chr2	127845236	127845341	+	106				False		True
ENSG00000252223.1	RNU6-1049P	snRNA	chr2	130109204	130109310	-	107				False		True
ENSG00000251973.1	RNU6-473P	snRNA	chr2	130497743	130497849	-	107				False		True
ENSG00000251757.1	RNU6-848P	snRNA	chr2	130622838	130622944	+	107				False		True
ENSG00000281516.1	SCARNA4	scaRNA	chr2	130929762	130929884	-	123				False		False
ENSG00000281159.1	SCARNA15	scaRNA	chr2	130929762	130929883	-	122				False		False
ENSG00000212199.1	RNU6-127P	snRNA	chr2	131229607	131229713	+	107				False		True
ENSG00000251956.1	RNU6-617P	snRNA	chr2	131602790	131602896	+	107				False		True
ENSG00000239108.1	RNU6-1132P	snRNA	chr2	132152243	132152349	-	107				False		True
ENSG00000252705.1	RNU6-175P	snRNA	chr2	132406752	132406858	-	107				False		True
ENSG00000200718.1	RN7SKP103	misc_RNA	chr2	132523617	132523936	+	320				False		False
ENSG00000252688.1	RNU6-579P	snRNA	chr2	133333829	133333930	+	102				False		True
ENSG00000222068.1	RN7SKP154	misc_RNA	chr2	133391109	133391398	-	290				False		False
ENSG00000200708.1	RN7SKP93	misc_RNA	chr2	133596091	133596399	+	309				False		False
ENSG00000208308.1	SNORA40B	snoRNA	chr2	135136628	135136755	+	128				False		False
ENSG00000201308.1	RNU6-512P	snRNA	chr2	135656477	135656579	-	103				False		True
ENSG00000251976.1	RN7SKP141	misc_RNA	chr2	136390332	136390669	+	338				False		False
ENSG00000222826.1	RN7SKP286	misc_RNA	chr2	138863597	138863895	-	299				False		False
ENSG00000206901.1	SNORA72	snoRNA	chr2	139511424	139511555	+	132				False		False
ENSG00000240977.3	RN7SL283P	misc_RNA	chr2	139982684	139982986	+	303				False		True
ENSG00000252015.1	RNU6-904P	snRNA	chr2	141167257	141167357	-	101				False		True
ENSG00000275372.1	ZEB2_AS1_1	misc_RNA	chr2	144518447	144518574	+	128				False		False
ENSG00000273537.1	ZEB2_AS1_3	misc_RNA	chr2	144520456	144520555	+	100				False		False
ENSG00000277444.1	ZEB2_AS1_4	misc_RNA	chr2	144521039	144521116	+	78				False		False
ENSG00000276706.1	VIS1	misc_RNA	chr2	144705217	144705419	+	203				False		False
ENSG00000251905.1	RNU7-2P	snRNA	chr2	146145156	146145217	+	62				False		True
ENSG00000207225.1	RNU6-692P	snRNA	chr2	147408342	147408448	+	107				False		True
ENSG00000202074.1	RNU6-715P	snRNA	chr2	147495438	147495540	-	103				False		True
ENSG00000212389.1	RNU6-1275P	snRNA	chr2	147877422	147877528	+	107				False		True
ENSG00000212181.1	SNORA48	snoRNA	chr2	148260574	148260708	-	135				False		False
ENSG00000222126.1	RNU2-9P	snRNA	chr2	148825691	148825835	-	145				False		True
ENSG00000207270.1	RNU6-601P	snRNA	chr2	149610668	149610774	-	107				False		True
ENSG00000242113.3	RN7SL124P	misc_RNA	chr2	151372003	151372287	+	285				False		True
ENSG00000200377.1	SNORD56	snoRNA	chr2	153446813	153446883	-	71				False		False
ENSG00000223197.1	RNU6-1001P	snRNA	chr2	155089439	155089538	-	100				False		True
ENSG00000206718.1	RNU6-546P	snRNA	chr2	155330421	155330527	+	107				False		True
ENSG00000222404.1	RN7SKP281	misc_RNA	chr2	157298807	157299158	-	352				False		False
ENSG00000251980.1	RNU6-436P	snRNA	chr2	157912772	157912885	+	114				False		True
ENSG00000212410.1	RNU6-932P	snRNA	chr2	157985789	157985894	-	106				False		True
ENSG00000243723.3	RN7SL393P	misc_RNA	chr2	158447166	158447461	-	296				False		True
ENSG00000222300.1	RNU2-21P	snRNA	chr2	158935798	158935985	-	188				False		True
ENSG00000202029.1	RNU6-580P	snRNA	chr2	159027036	159027142	-	107				False		True
ENSG00000244372.3	RN7SL423P	misc_RNA	chr2	160877547	160877850	+	304				False		True
ENSG00000200902.1	RNU6-627P	snRNA	chr2	163288995	163289096	+	102				False		True
ENSG00000206869.1	SNORA70F	snoRNA	chr2	164687643	164687777	-	135				False		False
ENSG00000222376.1	RN7SKP152	misc_RNA	chr2	166180652	166180966	-	315				False		False
ENSG00000238357.1	RNU7-148P	snRNA	chr2	167631480	167631541	-	62				False		True
ENSG00000241074.3	RN7SL813P	misc_RNA	chr2	168451324	168451606	+	283				False		True
ENSG00000199348.1	RNU6-766P	snRNA	chr2	168606390	168606496	-	107				False		True
ENSG00000252807.1	RNU6-1006P	snRNA	chr2	170119996	170120098	-	103				False		True
ENSG00000252779.1	RNU6-182P	snRNA	chr2	171856566	171856670	-	105				False		True
ENSG00000243770.3	RN7SL65P	misc_RNA	chr2	174240143	174240457	-	315				False		True
ENSG00000206965.1	RNU6-5P	snRNA	chr2	174557966	174558072	-	107				False		True
ENSG00000212167.1	RNU6-763P	snRNA	chr2	175022214	175022319	+	106				False		True
ENSG00000199827.1	RNU6-1290P	snRNA	chr2	175029769	175029877	+	109				False		True
ENSG00000277948.1	uc_338	misc_RNA	chr2	175092401	175092587	-	187				False		False
ENSG00000252027.1	RNU6ATAC14P	snRNA	chr2	176664676	176664766	+	91				False		True
ENSG00000206866.1	RNU6-187P	snRNA	chr2	176929985	176930090	-	106				False		True
ENSG00000238295.1	snoU13	snoRNA	chr2	177345858	177345961	-	104				False		False
ENSG00000206788.1	RNU6-629P	snRNA	chr2	178038902	178039004	+	103				False		True
ENSG00000223096.1	RNU5E-9P	snRNA	chr2	178142548	178142651	+	104				False		True
ENSG00000238542.1	RNU7-104P	snRNA	chr2	178831371	178831449	-	79				False		True
ENSG00000280636.1	SNORA43	snoRNA	chr2	179934401	179934538	-	138				False		False
ENSG00000202216.2	SNORA17	snoRNA	chr2	179934402	179934527	-	126				False		False
ENSG00000221023.1	RNU6ATAC19P	snRNA	chr2	181738606	181738715	+	110				False		True
ENSG00000242121.3	RN7SL267P	misc_RNA	chr2	182314284	182314544	+	261				False		True
ENSG00000207178.1	RNU6-1122P	snRNA	chr2	182873841	182873947	+	107				False		True
ENSG00000221498.1	SNORA77	snoRNA	chr2	183064235	183064346	-	112				False		False
ENSG00000222845.1	RN7SKP42	misc_RNA	chr2	187122562	187122861	-	300				False		False
ENSG00000199626.1	RNU6-989P	snRNA	chr2	187270698	187270804	-	107				False		True
ENSG00000251935.1	RN7SKP179	misc_RNA	chr2	190553264	190553480	-	217				False		False
ENSG00000207402.1	RNU6-959P	snRNA	chr2	191121950	191122056	+	107				False		True
ENSG00000252130.1	RNU6-1045P	snRNA	chr2	191370938	191371044	+	107				False		True
ENSG00000278406.1	PCGEM1	misc_RNA	chr2	192775943	192776073	+	131				False		False
ENSG00000252517.1	SNORD59	snoRNA	chr2	194664107	194664174	-	68				False		False
ENSG00000202206.1	RNU6-169P	snRNA	chr2	195514036	195514142	+	107				False		True
ENSG00000201813.1	RNU6-915P	snRNA	chr2	195670372	195670474	-	103				False		True
ENSG00000276200.1	RN7SL820P	misc_RNA	chr2	196289409	196289707	+	299				False		True
ENSG00000252923.1	SCARNA16	scaRNA	chr2	196686148	196686330	-	183				False		False
ENSG00000202434.1	SNORA4	snoRNA	chr2	197404718	197404854	+	137				False		False
ENSG00000206836.1	RNU6-1029P	snRNA	chr2	197447745	197447851	+	107				False		True
ENSG00000238698.1	RNU7-147P	snRNA	chr2	199191059	199191120	+	62				False		True
ENSG00000240302.3	RN7SL717P	misc_RNA	chr2	199901081	199901377	-	297				False		True
ENSG00000201649.1	RNY4P34	misc_RNA	chr2	200373175	200373269	+	95				False		False
ENSG00000201737.1	RNU1-133P	snRNA	chr2	200775584	200775750	+	167				False		True
ENSG00000207116.1	RNU6-31P	snRNA	chr2	200830009	200830116	+	108				False		True
ENSG00000201499.1	RNU6-312P	snRNA	chr2	200881715	200881821	-	107				False		True
ENSG00000252916.1	RNU6-762P	snRNA	chr2	200899020	200899121	+	102				False		True
ENSG00000252148.1	RNU6-1206P	snRNA	chr2	201079842	201079944	+	103				False		True
ENSG00000273975.1	Metazoa_SRP	misc_RNA	chr2	201097744	201098091	+	348				False		True
ENSG00000238829.1	RNU7-45P	snRNA	chr2	201141904	201141966	+	63				False		True
ENSG00000222972.1	RNU6-651P	snRNA	chr2	201646716	201646820	+	105				False		True
ENSG00000212184.1	RNU6-440P	snRNA	chr2	201927439	201927543	+	105				False		True
ENSG00000212534.1	SNORD70	snoRNA	chr2	202276431	202276518	+	88				False		False
ENSG00000271852.1	SNORD11B	snoRNA	chr2	202291332	202291421	+	90				False		False
ENSG00000238317.2	SNORD11	snoRNA	chr2	202293051	202293134	+	84				False		False
ENSG00000264275.1	RN7SL753P	misc_RNA	chr2	202333439	202333728	+	290				False		True
ENSG00000242696.3	RN7SL40P	misc_RNA	chr2	202357076	202357417	-	342				False		True
ENSG00000202059.1	SNORA1	snoRNA	chr2	203052285	203052418	-	134				False		False
ENSG00000264041.2	RN7SL670P	misc_RNA	chr2	203259604	203259897	+	294				False		True
ENSG00000206970.1	RNU6-474P	snRNA	chr2	203782037	203782143	+	107				False		True
ENSG00000201875.1	RN7SKP178	misc_RNA	chr2	205900630	205900958	+	329				False		False
ENSG00000252485.1	Vault	misc_RNA	chr2	206007880	206007974	-	95				False		False
ENSG00000281780.1	snoZ196	snoRNA	chr2	206161841	206161929	+	89				False		False
ENSG00000207047.2	SNORD51	snoRNA	chr2	206161878	206161957	+	80				False		False
ENSG00000207406.1	SNORA41	snoRNA	chr2	206162228	206162359	+	132				False		False
ENSG00000222496.1	RN7SKP200	misc_RNA	chr2	206221315	206221634	+	320				False		False
ENSG00000252716.1	RN7SKP260	misc_RNA	chr2	206260066	206260214	-	149				False		False
ENSG00000207319.1	Y_RNA	misc_RNA	chr2	206701065	206701185	-	121				False		False
ENSG00000199251.1	RNU6-664P	snRNA	chr2	207680533	207680639	-	107				False		True
ENSG00000212246.1	RNU6-360P	snRNA	chr2	208019638	208019741	-	104				False		True
ENSG00000207274.1	SNORA70I	snoRNA	chr2	214846947	214847081	+	135				False		False
ENSG00000251982.1	RN7SKP43	misc_RNA	chr2	217251556	217251875	+	320				False		False
ENSG00000278004.1	Pinc	misc_RNA	chr2	217283370	217283523	+	154				False		False
ENSG00000222714.1	RN7SKP38	misc_RNA	chr2	218500729	218501037	-	309				False		False
ENSG00000207393.1	RNU6-136P	snRNA	chr2	218589214	218589320	-	107				False		True
ENSG00000200029.1	RNU6-642P	snRNA	chr2	218916184	218916287	-	104				False		True
ENSG00000240317.3	RN7SL764P	misc_RNA	chr2	219102434	219102719	+	286				False		True
ENSG00000222678.1	RN7SKP213	misc_RNA	chr2	219590687	219590984	-	298				False		False
ENSG00000202016.1	RNU6-619P	snRNA	chr2	222498291	222498398	+	108				False		True
ENSG00000243125.3	RN7SL807P	misc_RNA	chr2	223248498	223248794	-	297				False		True
ENSG00000272237.1	SNORA25	snoRNA	chr2	227887631	227887744	+	114				False		False
ENSG00000200281.1	RNU6-624P	snRNA	chr2	228169743	228169849	+	107				False		True
ENSG00000253006.1	RN7SKP283	misc_RNA	chr2	229236340	229236609	-	270				False		False
ENSG00000238782.1	RNU7-9P	snRNA	chr2	229606238	229606299	+	62				False		True
ENSG00000222344.1	RNU6-613P	snRNA	chr2	229894346	229894453	+	108				False		True
ENSG00000252333.1	RNU6-964P	snRNA	chr2	229937814	229937882	-	69				False		True
ENSG00000206725.1	RNU6-1027P	snRNA	chr2	229973315	229973421	+	107				False		True
ENSG00000199400.1	RNY4P19	misc_RNA	chr2	230058229	230058324	-	96				False		False
ENSG00000243650.3	RN7SL834P	misc_RNA	chr2	230507101	230507386	+	286				False		True
ENSG00000199791.1	RNU6-451P	snRNA	chr2	230587121	230587227	+	107				False		True
ENSG00000201044.1	RNU6-268P	snRNA	chr2	230752141	230752247	+	107				False		True
ENSG00000201574.1	RNU1-93P	snRNA	chr2	231133462	231133630	+	169				False		True
ENSG00000206885.1	SNORA75	snoRNA	chr2	231455800	231455936	-	137				False		False
ENSG00000207280.1	SNORD20	snoRNA	chr2	231456444	231456523	-	80				False		False
ENSG00000202400.1	SNORD82	snoRNA	chr2	231460371	231460440	-	70				False		False
ENSG00000223198.1	RNU2-22P	snRNA	chr2	231501990	231502201	-	212				False		True
ENSG00000239202.3	RN7SL499P	misc_RNA	chr2	231645998	231646273	-	276				False		True
ENSG00000277986.1	U4	snRNA	chr2	231711525	231711647	+	123				False		False
ENSG00000244384.3	RN7SL359P	misc_RNA	chr2	232649849	232650136	+	288				False		True
ENSG00000252452.1	RNU6-107P	snRNA	chr2	232782665	232782766	+	102				False		True
ENSG00000263941.2	RN7SL32P	misc_RNA	chr2	233205199	233205479	+	281				False		True
ENSG00000252010.1	SCARNA5	scaRNA	chr2	233275727	233276002	+	276				False		False
ENSG00000251791.1	SCARNA6	scaRNA	chr2	233288676	233288940	+	265				False		False
ENSG00000238812.1	RNU7-127P	snRNA	chr2	236037250	236037311	+	62				False		True
ENSG00000264676.2	RN7SL204P	misc_RNA	chr2	236072295	236072556	+	262				False		True
ENSG00000200745.1	RNU1-31P	snRNA	chr2	236210373	236210548	-	176				False		True
ENSG00000202341.1	RNU6-1051P	snRNA	chr2	237015204	237015305	-	102				False		True
ENSG00000222449.1	RNU6-1140P	snRNA	chr2	237563165	237563270	+	106				False		True
ENSG00000263723.1	SNORD39	snoRNA	chr2	237869904	237869982	+	79				False		False
ENSG00000251971.1	RNU6-1333P	snRNA	chr2	238028971	238029063	-	93				False		True
ENSG00000202099.1	RNU6-234P	snRNA	chr2	238412642	238412745	+	104				False		True
ENSG00000276366.1	U3	snoRNA	chr2	240289216	240289443	+	228				False		False
ENSG00000252103.1	RNU6-917P	snRNA	chr20	1529056	1529159	-	104				False		True
ENSG00000242348.3	RN7SL561P	misc_RNA	chr20	1666360	1666640	+	281				False		True
ENSG00000221116.1	SNORD110	snoRNA	chr20	2654212	2654286	+	75				False		False
ENSG00000271798.1	SNORA51	snoRNA	chr20	2655067	2655198	+	132				False		False
ENSG00000212498.1	SNORD86	snoRNA	chr20	2656097	2656182	+	86				False		False
ENSG00000226572.1	SNORD57	snoRNA	chr20	2656939	2657010	+	72				False		False
ENSG00000263905.2	RN7SL555P	misc_RNA	chr20	3094171	3094509	+	339				False		True
ENSG00000201294.1	RNU6-1019P	snRNA	chr20	3360036	3360142	+	107				False		True
ENSG00000201346.2	U3	snoRNA	chr20	3384229	3384440	+	212				False		False
ENSG00000252096.1	SNORA31	snoRNA	chr20	4868984	4869118	+	135				False		False
ENSG00000212517.1	SNORA26	snoRNA	chr20	5121417	5121539	-	123				False		False
ENSG00000202380.1	RNU1-55P	snRNA	chr20	5890055	5890212	+	158				False		True
ENSG00000207380.1	Y_RNA	misc_RNA	chr20	5964538	5964650	+	113				False		False
ENSG00000263755.2	RN7SL498P	misc_RNA	chr20	6001733	6002030	+	298				False		True
ENSG00000240584.3	RN7SL547P	misc_RNA	chr20	7633562	7633851	-	290				False		True
ENSG00000201348.1	RNU105B	snoRNA	chr20	8831186	8831393	+	208				False		False
ENSG00000222281.1	RN7SKP111	misc_RNA	chr20	11818821	11819091	-	271				False		False
ENSG00000212247.1	RNU6-278P	snRNA	chr20	13973316	13973424	-	109				False		True
ENSG00000239923.3	RN7SL864P	misc_RNA	chr20	14223041	14223325	+	285				False		True
ENSG00000199570.1	RNU6-228P	snRNA	chr20	14352320	14352425	+	106				False		True
ENSG00000199803.1	RNU6-1159P	snRNA	chr20	15021553	15021659	-	107				False		True
ENSG00000201180.1	RNU6-115P	snRNA	chr20	15022852	15022958	+	107				False		True
ENSG00000251955.1	RNU6-27P	snRNA	chr20	17187510	17187616	+	107				False		True
ENSG00000238833.1	RNU1-131P	snRNA	chr20	17209060	17209220	+	161				False		True
ENSG00000202260.1	RN7SKP69	misc_RNA	chr20	17576206	17576510	-	305				False		False
ENSG00000212555.1	RNU6-192P	snRNA	chr20	17903762	17903861	+	100				False		True
ENSG00000212232.1	SNORD17	snoRNA	chr20	17962710	17962946	-	237				False		False
ENSG00000252597.1	RNU7-137P	snRNA	chr20	18095571	18095632	-	62				False		True
ENSG00000266720.2	RN7SL14P	misc_RNA	chr20	18258554	18258851	-	298				False		True
ENSG00000252635.1	RNU2-56P	snRNA	chr20	18265690	18265879	-	190				False		True
ENSG00000199719.1	RN7SKP74	misc_RNA	chr20	18295143	18295451	-	309				False		False
ENSG00000243702.3	RN7SL638P	misc_RNA	chr20	18592330	18592619	+	290				False		True
ENSG00000221806.1	RNU6ATAC34P	snRNA	chr20	18611047	18611167	-	121				False		True
ENSG00000264879.2	RN7SL690P	misc_RNA	chr20	20316755	20316994	+	240				False		True
ENSG00000278525.1	RN7SL607P	misc_RNA	chr20	20738433	20738731	-	299				False		True
ENSG00000223128.1	RN7SKP140	misc_RNA	chr20	21424758	21425041	-	284				False		False
ENSG00000278410.1	AL121590.1	misc_RNA	chr20	21614978	21615435	+	458				False		False
ENSG00000200231.1	RNU1-23P	snRNA	chr20	24237255	24237398	+	144				False		True
ENSG00000207355.1	RNU6-1257P	snRNA	chr20	24974171	24974280	+	110				False		True
ENSG00000251883.1	RNU6ATAC17P	snRNA	chr20	25611153	25611223	+	71				False		True
ENSG00000242236.2	RN7SL594P	misc_RNA	chr20	25654595	25654881	-	287				False		True
ENSG00000274385.1	U6	snRNA	chr20	30713240	30713346	-	107				False		False
ENSG00000212134.1	SNORA40	snoRNA	chr20	31376319	31376446	+	128				False		False
ENSG00000201770.1	RNU6-384P	snRNA	chr20	31581089	31581192	+	104				False		True
ENSG00000199497.1	RNU1-94P	snRNA	chr20	31901254	31901426	+	173				False		True
ENSG00000202150.1	RNU6-407P	snRNA	chr20	35030317	35030420	-	104				False		True
ENSG00000201151.1	SNORD56	snoRNA	chr20	35117136	35117207	-	72				False		False
ENSG00000222460.1	RN7SKP271	misc_RNA	chr20	35643143	35643462	+	320				False		False
ENSG00000252549.1	RNU6-759P	snRNA	chr20	35647328	35647430	-	103				False		True
ENSG00000201221.1	RNU4-40P	snRNA	chr20	35887659	35887801	+	143				False		True
ENSG00000207053.1	RNU6-937P	snRNA	chr20	35928570	35928675	-	106				False		True
ENSG00000242509.3	RN7SL156P	misc_RNA	chr20	36870099	36870402	+	304				False		True
ENSG00000199683.1	RN7SKP185	misc_RNA	chr20	37975156	37975481	-	326				False		False
ENSG00000264767.2	RN7SL237P	misc_RNA	chr20	38098414	38098700	-	287				False		True
ENSG00000235408.5	SNORA71B	snoRNA	chr20	38425083	38425354	-	272				False		False
ENSG00000225091.3	SNORA71A	snoRNA	chr20	38427309	38427442	-	134				False		False
ENSG00000201512.1	SNORA71C	snoRNA	chr20	38429670	38429803	-	134				False		False
ENSG00000200354.1	SNORA71D	snoRNA	chr20	38433865	38433998	-	134				False		False
ENSG00000201811.1	SNORA71	snoRNA	chr20	38442036	38442169	+	134				False		False
ENSG00000274309.1	SNORA71E	snoRNA	chr20	38448084	38448215	+	132				False		False
ENSG00000199266.1	SNORA60	snoRNA	chr20	38449370	38449503	+	134				False		False
ENSG00000199691.1	RN7SKP173	misc_RNA	chr20	38761528	38761842	+	315				False		False
ENSG00000240474.3	RN7SL116P	misc_RNA	chr20	38872770	38873074	+	305				False		True
ENSG00000275337.1	RN7SL680P	misc_RNA	chr20	39349094	39349392	-	299				False		True
ENSG00000222612.1	RNU2-52P	snRNA	chr20	41024205	41024394	+	190				False		True
ENSG00000263989.2	RN7SL615P	misc_RNA	chr20	41290280	41290577	-	298				False		True
ENSG00000252386.1	RNU6-1018P	snRNA	chr20	41684986	41685091	-	106				False		True
ENSG00000223190.1	RN7SKP100	misc_RNA	chr20	43063326	43063609	+	284				False		False
ENSG00000240639.3	RN7SL666P	misc_RNA	chr20	43222206	43222509	+	304				False		True
ENSG00000252193.1	SCARNA15	scaRNA	chr20	43304555	43304679	+	125				False		False
ENSG00000201021.1	RNU6-743P	snRNA	chr20	43405473	43405578	+	106				False		True
ENSG00000201372.1	RNU6-1251P	snRNA	chr20	43473013	43473119	+	107				False		True
ENSG00000206801.1	RNU6-639P	snRNA	chr20	43796437	43796543	-	107				False		True
ENSG00000241229.3	RN7SL443P	misc_RNA	chr20	44007248	44007537	+	290				False		True
ENSG00000221046.1	RNU6ATAC38P	snRNA	chr20	45778698	45778823	+	126				False		True
ENSG00000277051.1	Metazoa_SRP	misc_RNA	chr20	45847630	45847940	-	311				False		True
ENSG00000222874.1	RN7SKP33	misc_RNA	chr20	46859333	46859672	+	340				False		False
ENSG00000202186.1	RNU6-497P	snRNA	chr20	47484278	47484381	-	104				False		True
ENSG00000201742.1	RNU6-563P	snRNA	chr20	47492978	47493085	-	108				False		True
ENSG00000238950.1	RNU7-173P	snRNA	chr20	47826969	47827044	-	76				False		True
ENSG00000238785.1	RNU7-92P	snRNA	chr20	47904348	47904423	+	76				False		True
ENSG00000238452.1	RNU7-144P	snRNA	chr20	48494234	48494309	-	76				False		True
ENSG00000277830.1	ZNFX1-AS1_1	misc_RNA	chr20	49278427	49278624	+	198				False		False
ENSG00000209042.1	SNORD12C	snoRNA	chr20	49278940	49279028	+	89				False		False
ENSG00000274760.1	ZNFX1-AS1_2	misc_RNA	chr20	49279116	49279208	+	93				False		False
ENSG00000222365.1	SNORD12B	snoRNA	chr20	49280319	49280409	+	91				False		False
ENSG00000277967.1	ZNFX1-AS1_3	misc_RNA	chr20	49280485	49280571	+	87				False		False
ENSG00000212304.1	SNORD12	snoRNA	chr20	49280683	49280772	+	90				False		False
ENSG00000276031.1	RN7SL197P	misc_RNA	chr20	49721949	49722247	+	299				False		True
ENSG00000252540.1	RNU6-919P	snRNA	chr20	49794811	49794914	+	104				False		True
ENSG00000206710.1	RNU6-147P	snRNA	chr20	49972106	49972212	+	107				False		True
ENSG00000244376.3	RN7SL636P	misc_RNA	chr20	50429190	50429483	-	294				False		True
ENSG00000239742.3	RN7SL672P	misc_RNA	chr20	50557682	50557998	-	317				False		True
ENSG00000252467.1	RNU6-347P	snRNA	chr20	51902291	51902395	+	105				False		True
ENSG00000252654.1	RNU7-6P	snRNA	chr20	51904969	51905030	+	62				False		True
ENSG00000275958.1	uc_338	misc_RNA	chr20	52482801	52482991	-	191				False		False
ENSG00000199218.1	RN7SKP184	misc_RNA	chr20	53097652	53097984	+	333				False		False
ENSG00000238468.1	RNU7-14P	snRNA	chr20	53668697	53668758	-	62				False		True
ENSG00000252089.1	RNU4ATAC7P	snRNA	chr20	54859688	54859812	-	125				False		True
ENSG00000252091.1	RNU6-1146P	snRNA	chr20	56667430	56667531	+	102				False		True
ENSG00000241821.3	RN7SL170P	misc_RNA	chr20	56688401	56688695	+	295				False		True
ENSG00000207158.1	RNU6-929P	snRNA	chr20	56785981	56786087	-	107				False		True
ENSG00000276859.1	GNAS-AS1_1	misc_RNA	chr20	58842030	58842132	+	103				False		False
ENSG00000276722.1	GNAS-AS1_2	misc_RNA	chr20	58842433	58842546	+	114				False		False
ENSG00000274491.1	GNAS-AS1_4	misc_RNA	chr20	58850530	58850641	+	112				False		False
ENSG00000275069.1	GNAS-AS1_5	misc_RNA	chr20	58850783	58850903	+	121				False		False
ENSG00000238777.1	RNU7-141P	snRNA	chr20	59852667	59852728	-	62				False		True
ENSG00000274915.1	HAR1A	misc_RNA	chr20	63102142	63102259	+	118				False		False
ENSG00000222439.1	RNU6-994P	snRNA	chr20	63337339	63337449	+	111				False		True
ENSG00000199805.1	RNU1-134P	snRNA	chr20	63908955	63909119	+	165				False		True
ENSG00000278775.1	pRNA	misc_RNA	chr21	8433085	8433174	+	90				False		False
ENSG00000275631.1	U1	snRNA	chr21	9646825	9647000	+	176				False		False
ENSG00000264002.2	RN7SL52P	misc_RNA	chr21	9902344	9902627	-	284				False		True
ENSG00000207097.1	RNU6-614P	snRNA	chr21	13047583	13047689	+	107				False		True
ENSG00000207476.1	RNU6-286P	snRNA	chr21	13621577	13621683	+	107				False		True
ENSG00000223287.1	RNU6-954P	snRNA	chr21	13968489	13968595	-	107				False		True
ENSG00000212564.1	RNU6-1326P	snRNA	chr21	15614283	15614389	+	107				False		True
ENSG00000252273.1	RNU6-426P	snRNA	chr21	16035413	16035509	-	97				False		True
ENSG00000201025.1	SNORD74B	snoRNA	chr21	16284696	16284768	-	73				False		False
ENSG00000239023.1	RNU1-98P	snRNA	chr21	16718998	16719157	+	160				False		True
ENSG00000252462.1	RNU6-113P	snRNA	chr21	17431547	17431647	+	101				False		True
ENSG00000266195.2	RN7SL163P	misc_RNA	chr21	17506453	17506728	+	276				False		True
ENSG00000212609.1	RNU1-139P	snRNA	chr21	19345148	19345312	+	165				False		True
ENSG00000251851.1	RNU6-772P	snRNA	chr21	20355748	20355852	-	105				False		True
ENSG00000252963.1	RN7SKP147	misc_RNA	chr21	20356653	20356896	+	244				False		False
ENSG00000202339.1	RNU4-45P	snRNA	chr21	22205192	22205332	+	141				False		True
ENSG00000223078.1	RNU2-55P	snRNA	chr21	23281736	23281909	-	174				False		True
ENSG00000274662.1	RN7SKP236	misc_RNA	chr21	25101132	25101415	+	284				False		False
ENSG00000251972.1	RNU6-123P	snRNA	chr21	25943044	25943145	-	102				False		True
ENSG00000206802.1	RNU6-926P	snRNA	chr21	26190707	26190813	+	107				False		True
ENSG00000283300.1	U6	snRNA	chr21	28743208	28743291	+	84				False		False
ENSG00000212479.2	U3	snoRNA	chr21	29180425	29180639	-	215				False		False
ENSG00000238390.1	SNORA81	snoRNA	chr21	31664306	31664482	+	177				False		False
ENSG00000200792.1	SNORA80A	snoRNA	chr21	32377187	32377322	-	136				False		False
ENSG00000252045.1	SNORA33	snoRNA	chr21	32538299	32538434	+	136				False		False
ENSG00000207098.1	SNORA70	snoRNA	chr21	32841861	32841995	-	135				False		False
ENSG00000244294.3	RN7SL740P	misc_RNA	chr21	33918995	33919338	-	344				False		True
ENSG00000221398.1	SNORA11	snoRNA	chr21	34456110	34456237	-	128				False		False
ENSG00000200213.1	RNU6-992P	snRNA	chr21	36066545	36066652	+	108				False		True
ENSG00000207416.1	Y_RNA	misc_RNA	chr21	36986739	36986851	-	113				False		False
ENSG00000212136.1	RNU6-696P	snRNA	chr21	37045530	37045636	+	107				False		True
ENSG00000263969.2	RN7SL678P	misc_RNA	chr21	37215605	37215903	+	299				False		True
ENSG00000272015.1	SNORA62	snoRNA	chr21	38894785	38894867	+	83				False		False
ENSG00000276873.1	uc_338	misc_RNA	chr21	39171462	39171560	-	99				False		False
ENSG00000207147.1	SNORA51	snoRNA	chr21	40513144	40513279	+	136				False		False
ENSG00000207503.1	SNORA32	snoRNA	chr21	41539206	41539326	+	121				False		False
ENSG00000251778.1	SNORA3	snoRNA	chr21	41882205	41882300	+	96				False		False
ENSG00000252619.1	RNU6-1149P	snRNA	chr21	42417497	42417593	-	97				False		True
ENSG00000199598.1	RNU6-859P	snRNA	chr21	43919795	43919901	-	107				False		True
ENSG00000252606.1	RNU6-1150P	snRNA	chr21	43996322	43996420	-	99				False		True
ENSG00000264452.1	snoZ6	snoRNA	chr21	44439035	44439110	+	76				False		False
ENSG00000202239.1	RNU6-396P	snRNA	chr21	46525618	46525722	+	105				False		True
ENSG00000277248.1	U2	snRNA	chr22	10736171	10736283	-	113				False		False
ENSG00000276138.1	U6	snRNA	chr22	15273855	15273961	+	107				False		False
ENSG00000212216.1	RNU6-816P	snRNA	chr22	15701459	15701565	+	107				False		True
ENSG00000239547.3	RN7SL843P	misc_RNA	chr22	17352881	17353177	-	297				False		True
ENSG00000222630.2	RN7SKP131	misc_RNA	chr22	18605802	18606102	-	301				False		False
ENSG00000275362.1	Metazoa_SRP	misc_RNA	chr22	18615581	18615900	+	320				False		True
ENSG00000206739.1	Y_RNA	misc_RNA	chr22	19045256	19045367	+	112				False		False
ENSG00000251940.1	SNORA15	snoRNA	chr22	19249873	19249966	+	94				False		False
ENSG00000244296.3	RN7SL168P	misc_RNA	chr22	19365766	19366044	+	279				False		True
ENSG00000264346.1	SNORA77B	snoRNA	chr22	20126402	20126526	+	125				False		False
ENSG00000207343.1	RNU6-225P	snRNA	chr22	20416797	20416899	-	103				False		True
ENSG00000255156.1	RNY1P9	misc_RNA	chr22	20475203	20475311	-	109				False		False
ENSG00000242876.3	RN7SL812P	misc_RNA	chr22	20481935	20482213	-	279				False		True
ENSG00000200057.1	RN7SKP63	misc_RNA	chr22	21389191	21389491	+	301				False		False
ENSG00000252020.1	SCARNA17	scaRNA	chr22	21389796	21389938	-	143				False		False
ENSG00000222352.1	RN7SKP221	misc_RNA	chr22	21545344	21545644	-	301				False		False
ENSG00000244671.3	RN7SL280P	misc_RNA	chr22	21722895	21723182	-	288				False		True
ENSG00000275635.1	U7	snRNA	chr22	23137805	23137864	-	60				False		False
ENSG00000240160.3	RN7SL263P	misc_RNA	chr22	23261782	23262071	-	290				False		True
ENSG00000244425.3	RN7SL268P	misc_RNA	chr22	23879493	23879790	-	298				False		True
ENSG00000199783.1	SNORD56	snoRNA	chr22	24901147	24901214	-	68				False		False
ENSG00000223056.1	RN7SKP169	misc_RNA	chr22	25963983	25964273	-	291				False		False
ENSG00000278404.1	MIAT_exon1	misc_RNA	chr22	26657521	26657655	+	135				False		False
ENSG00000277941.1	MIAT_exon5_1	misc_RNA	chr22	26671402	26671550	+	149				False		False
ENSG00000275942.1	MIAT_exon5_2	misc_RNA	chr22	26672164	26672248	+	85				False		False
ENSG00000276991.1	MIAT_exon5_3	misc_RNA	chr22	26673254	26673630	+	377				False		False
ENSG00000200443.1	RNU6-1066P	snRNA	chr22	27035887	27035991	+	105				False		True
ENSG00000277460.1	TTC28-AS1_1	misc_RNA	chr22	27919384	27919545	+	162				False		False
ENSG00000276150.1	TTC28-AS1_2	misc_RNA	chr22	27922022	27922178	+	157				False		False
ENSG00000274342.1	TTC28-AS1_3	misc_RNA	chr22	27994474	27994654	+	181				False		False
ENSG00000276675.1	TTC28-AS1_4	misc_RNA	chr22	28002484	28002595	+	112				False		False
ENSG00000239249.3	RN7SL757P	misc_RNA	chr22	28056153	28056453	-	301				False		True
ENSG00000201209.1	SNORD42	snoRNA	chr22	28232756	28232823	-	68				False		False
ENSG00000266503.2	RN7SL162P	misc_RNA	chr22	28642979	28643270	-	292				False		True
ENSG00000200871.1	RNU6-810P	snRNA	chr22	29134014	29134120	+	107				False		True
ENSG00000251952.1	RNU6-1219P	snRNA	chr22	29191697	29191808	-	112				False		True
ENSG00000239127.1	SNORD125	snoRNA	chr22	29333163	29333258	-	96				False		False
ENSG00000207455.1	RNU6-331P	snRNA	chr22	29899587	29899693	-	107				False		True
ENSG00000222915.1	RNU6-564P	snRNA	chr22	30421045	30421148	+	104				False		True
ENSG00000276664.1	TUG1_1	misc_RNA	chr22	30971005	30971149	+	145				False		False
ENSG00000276057.1	TUG1_2	misc_RNA	chr22	30971296	30971382	+	87				False		False
ENSG00000276965.1	TUG1_3	misc_RNA	chr22	30972857	30973093	+	237				False		False
ENSG00000275307.1	TUG1_4	misc_RNA	chr22	30973417	30973597	+	181				False		False
ENSG00000240186.3	RN7SL633P	misc_RNA	chr22	31059989	31060285	+	297				False		True
ENSG00000199695.1	RNU6-1128P	snRNA	chr22	31222745	31222853	-	109				False		True
ENSG00000206615.1	RNU6-338P	snRNA	chr22	31388733	31388837	-	105				False		True
ENSG00000199248.1	RNU6-28P	snRNA	chr22	31479383	31479489	-	107				False		True
ENSG00000242251.3	RN7SL20P	misc_RNA	chr22	31757202	31757498	+	297				False		True
ENSG00000252909.1	RNU6-201P	snRNA	chr22	31837238	31837298	+	61				False		True
ENSG00000240647.3	RN7SL305P	misc_RNA	chr22	31981147	31981427	-	281				False		True
ENSG00000274617.1	RFPL3-AS1_1	misc_RNA	chr22	32362972	32363059	+	88				False		False
ENSG00000274170.1	RFPL3-AS1_2	misc_RNA	chr22	32368497	32368567	+	71				False		False
ENSG00000281295.1	SNORA50B	snoRNA	chr22	33704786	33704922	-	137				False		False
ENSG00000238584.1	RNU7-167P	snRNA	chr22	35249772	35249833	+	62				False		True
ENSG00000201078.1	RN7SKP214	misc_RNA	chr22	37055033	37055347	-	315				False		False
ENSG00000241333.3	RN7SL385P	misc_RNA	chr22	37669464	37669739	-	276				False		True
ENSG00000207227.1	RNU6-900P	snRNA	chr22	37891347	37891448	+	102				False		True
ENSG00000241693.2	RN7SL704P	misc_RNA	chr22	38231720	38231993	+	274				False		True
ENSG00000209480.1	SNORD83B	snoRNA	chr22	39313819	39313911	-	93				False		False
ENSG00000209482.1	SNORD83A	snoRNA	chr22	39315213	39315307	-	95				False		False
ENSG00000263764.1	SNORD43	snoRNA	chr22	39319050	39319113	-	64				False		False
ENSG00000238875.1	RN7SKP210	misc_RNA	chr22	39874255	39874515	-	261				False		False
ENSG00000200683.1	RNU6-379P	snRNA	chr22	40917743	40917846	+	104				False		True
ENSG00000252859.1	RNU6-375P	snRNA	chr22	41168217	41168316	+	100				False		True
ENSG00000199865.1	RNU6-495P	snRNA	chr22	41377177	41377283	-	107				False		True
ENSG00000207457.1	RNU6-476P	snRNA	chr22	41679711	41679817	+	107				False		True
ENSG00000252603.1	RNU6ATAC22P	snRNA	chr22	41722043	41722131	-	89				False		True
ENSG00000238498.1	SNORD13P1	snoRNA	chr22	42076058	42076161	-	104				False		False
ENSG00000202058.1	RN7SKP80	misc_RNA	chr22	42565048	42565330	-	283				False		False
ENSG00000251913.1	RNU6-513P	snRNA	chr22	42569147	42569250	-	104				False		True
ENSG00000276027.1	RNU12	snRNA	chr22	42615244	42615393	+	150	AR-other	2015.0	early-onset cerebellar ataxia; CDAGS	True	U12	False
ENSG00000251985.1	RNU6-1161P	snRNA	chr22	45624531	45624632	-	102				False		True
ENSG00000223142.1	RN7SKP252	misc_RNA	chr22	49738677	49739003	+	327				False		False
ENSG00000206841.1	RNU6-409P	snRNA	chr22	50691260	50691363	-	104				False		True
ENSG00000252017.1	RNU6-1194P	snRNA	chr3	282689	282792	-	104				False		True
ENSG00000244169.3	RN7SL120P	misc_RNA	chr3	1065580	1065875	-	296				False		True
ENSG00000223040.1	RN7SKP144	misc_RNA	chr3	2088933	2089211	-	279				False		False
ENSG00000275981.1	AC018816.2	misc_RNA	chr3	4750333	4750685	+	353				False		False
ENSG00000241227.3	RN7SL553P	misc_RNA	chr3	5252926	5253223	-	298				False		True
ENSG00000253081.1	RNU4ATAC17P	snRNA	chr3	8364529	8364648	-	120				False		True
ENSG00000281863.1	SNORA43	snoRNA	chr3	8931495	8931632	+	138				False		False
ENSG00000199815.2	SNORA17	snoRNA	chr3	8931506	8931631	+	126				False		False
ENSG00000212327.1	RNU6-882P	snRNA	chr3	9919051	9919153	-	103				False		True
ENSG00000201182.1	RNU6-670P	snRNA	chr3	10037552	10037655	+	104				False		True
ENSG00000276678.1	GHRLOS	misc_RNA	chr3	10287413	10287482	+	70				False		False
ENSG00000263988.2	RN7SL147P	misc_RNA	chr3	11952788	11953085	-	298				False		True
ENSG00000251774.1	RNU6-377P	snRNA	chr3	12514706	12514807	+	102				False		True
ENSG00000207496.1	SNORA7A	snoRNA	chr3	12840312	12840450	-	139				False		False
ENSG00000207163.1	RNU6-905P	snRNA	chr3	14530982	14531088	-	107				False		True
ENSG00000201162.1	RNU6-454P	snRNA	chr3	15339749	15339855	+	107				False		True
ENSG00000206926.1	RNU6-1024P	snRNA	chr3	15433110	15433216	-	107				False		True
ENSG00000241064.3	RN7SL110P	misc_RNA	chr3	15506623	15506905	-	283				False		True
ENSG00000263740.2	RN7SL4P	misc_RNA	chr3	15738515	15738809	+	295				False		True
ENSG00000271841.1	RNU7-10P	snRNA	chr3	17664963	17665025	+	63				False		True
ENSG00000251761.1	RNU6-138P	snRNA	chr3	18954943	18955049	-	107				False		True
ENSG00000201545.1	RNU4-85P	snRNA	chr3	19996803	19996925	+	123				False		True
ENSG00000199577.1	RNU6-822P	snRNA	chr3	20268965	20269070	-	106				False		True
ENSG00000206807.1	RNU6-815P	snRNA	chr3	20507644	20507756	-	113				False		True
ENSG00000252562.1	RNU6-922P	snRNA	chr3	23613661	23613759	-	99				False		True
ENSG00000212269.1	RNU6-788P	snRNA	chr3	23641489	23641592	-	104				False		True
ENSG00000244404.3	RN7SL216P	misc_RNA	chr3	25020166	25020463	-	298				False		True
ENSG00000272166.1	SNORD5	snoRNA	chr3	25555543	25555606	-	64				False		False
ENSG00000275227.1	uc_338	misc_RNA	chr3	25618132	25618312	-	181				False		False
ENSG00000207251.1	RNU6-342P	snRNA	chr3	27265580	27265683	-	104				False		True
ENSG00000201033.1	RNU1-96P	snRNA	chr3	27513871	27514032	+	162				False		True
ENSG00000199927.2	ACEA_U3	snoRNA	chr3	30304320	30304536	-	217				False		False
ENSG00000201701.1	SNORA25	snoRNA	chr3	32037526	32037653	+	128				False		False
ENSG00000275090.1	RN7SL296P	misc_RNA	chr3	33103008	33103306	+	299				False		True
ENSG00000252700.1	RNU7-110P	snRNA	chr3	33414150	33414211	+	62				False		True
ENSG00000212442.1	RNU6-243P	snRNA	chr3	35256840	35256946	-	107				False		True
ENSG00000201315.1	RN7SKP227	misc_RNA	chr3	36685040	36685369	+	330				False		False
ENSG00000210181.1	RNU6ATAC4P	snRNA	chr3	36968191	36968316	-	126				False		True
ENSG00000199594.1	RNU6-1301P	snRNA	chr3	37140327	37140430	+	104				False		True
ENSG00000239105.1	RNU7-73P	snRNA	chr3	37573151	37573213	-	63				False		True
ENSG00000199514.1	RNU6-235P	snRNA	chr3	38303773	38303879	-	107				False		True
ENSG00000206708.1	RNU6-1227P	snRNA	chr3	39025987	39026093	+	107				False		True
ENSG00000206760.1	SNORA6	snoRNA	chr3	39408389	39408539	+	151				False		False
ENSG00000202363.1	SNORA62	snoRNA	chr3	39411054	39411206	+	153				False		False
ENSG00000201570.1	RNU4-56P	snRNA	chr3	39970125	39970266	+	142				False		True
ENSG00000265327.2	RN7SL411P	misc_RNA	chr3	40209005	40209304	+	300				False		True
ENSG00000202517.1	SNORA64	snoRNA	chr3	40238608	40238741	+	134				False		False
ENSG00000199906.1	RNU5B-2P	snRNA	chr3	40498891	40499003	-	113				False		True
ENSG00000252409.1	SCARNA21	scaRNA	chr3	41687868	41688033	-	166				False		False
ENSG00000222942.1	RN7SKP58	misc_RNA	chr3	41766615	41766919	-	305				False		False
ENSG00000212145.2	U8	snoRNA	chr3	41899111	41899253	-	143				False		False
ENSG00000222872.1	RNU4-78P	snRNA	chr3	42221840	42221965	+	126				False		True
ENSG00000240203.3	RN7SL567P	misc_RNA	chr3	42676189	42676491	-	303				False		True
ENSG00000241939.3	RN7SL517P	misc_RNA	chr3	43314951	43315255	+	305				False		True
ENSG00000251811.1	Y_RNA	misc_RNA	chr3	43472477	43472596	+	120				False		False
ENSG00000252980.1	RNU6-367P	snRNA	chr3	44071087	44071186	+	100				False		True
ENSG00000252410.1	RNU5B-3P	snRNA	chr3	45034474	45034588	-	115				False		True
ENSG00000244357.3	RN7SL145P	misc_RNA	chr3	45742675	45742970	+	296				False		True
ENSG00000251967.1	SNORD77	snoRNA	chr3	46650510	46650590	+	81				False		False
ENSG00000239128.1	SNORD13P3	snoRNA	chr3	47250523	47250626	-	104				False		False
ENSG00000244732.3	RN7SL870P	misc_RNA	chr3	47560229	47560524	-	296				False		True
ENSG00000265078.2	RN7SL664P	misc_RNA	chr3	48094801	48095105	-	305				False		True
ENSG00000253056.1	RNU7-128P	snRNA	chr3	48180328	48180389	+	62				False		True
ENSG00000277483.1	RN7SL321P	misc_RNA	chr3	48379834	48380132	+	299				False		True
ENSG00000241461.3	RN7SL182P	misc_RNA	chr3	49083233	49083532	+	300				False		True
ENSG00000264706.2	RN7SL217P	misc_RNA	chr3	49863375	49863660	-	286				False		True
ENSG00000221015.1	RNU6ATAC29P	snRNA	chr3	51611438	51611562	-	125				False		True
ENSG00000241789.3	RN7SL504P	misc_RNA	chr3	51872178	51872464	+	287				False		True
ENSG00000252768.1	RNU6-856P	snRNA	chr3	52551846	52551943	-	98				False		True
ENSG00000221518.1	RNU6ATAC16P	snRNA	chr3	52560570	52560707	+	138				False		True
ENSG00000238862.1	SNORD19B	snoRNA	chr3	52690744	52690827	+	84				False		False
ENSG00000222345.1	SNORD19	snoRNA	chr3	52691378	52691453	+	76				False		False
ENSG00000212452.1	SNORD69	snoRNA	chr3	52692736	52692812	+	77				False		False
ENSG00000207109.1	SNORD38C	snoRNA	chr3	53333060	53333128	-	69				False		False
ENSG00000212608.1	SNORA26	snoRNA	chr3	53387713	53387836	-	124				False		False
ENSG00000251987.1	SNORD63	snoRNA	chr3	53530322	53530401	-	80				False		False
ENSG00000200379.1	RN7SKP45	misc_RNA	chr3	56072104	56072407	+	304				False		False
ENSG00000206918.1	RNU6-1181P	snRNA	chr3	57512450	57512555	+	106				False		True
ENSG00000202428.1	RNU6-108P	snRNA	chr3	57536252	57536358	-	107				False		True
ENSG00000206815.1	RNU6-483P	snRNA	chr3	57548838	57548945	+	108				False		True
ENSG00000210841.1	RNU6ATAC26P	snRNA	chr3	57619447	57619572	+	126				False		True
ENSG00000212211.2	U3	snoRNA	chr3	60856389	60856605	-	217				False		False
ENSG00000252184.1	RNU2-10P	snRNA	chr3	62118300	62118510	-	211				False		True
ENSG00000244632.3	RN7SL863P	misc_RNA	chr3	62796124	62796419	-	296				False		True
ENSG00000252449.1	RNU6-139P	snRNA	chr3	62814382	62814491	+	110				False		True
ENSG00000212340.1	RNU6-739P	snRNA	chr3	64511755	64511857	+	103				False		True
ENSG00000206759.1	RNU6-787P	snRNA	chr3	66293114	66293220	-	107				False		True
ENSG00000241587.3	RN7SL482P	misc_RNA	chr3	66323855	66324152	+	298				False		True
ENSG00000241665.3	RN7SL418P	misc_RNA	chr3	69769487	69769773	-	287				False		True
ENSG00000206939.1	RNU6-281P	snRNA	chr3	70808350	70808452	+	103				False		True
ENSG00000239250.3	RN7SL271P	misc_RNA	chr3	71827177	71827471	+	295				False		True
ENSG00000199469.1	RNU1-62P	snRNA	chr3	72576691	72576854	+	164				False		True
ENSG00000238959.1	RNU7-19P	snRNA	chr3	73027808	73027873	+	66				False		True
ENSG00000252651.1	RNU6-557P	snRNA	chr3	73092148	73092257	-	110				False		True
ENSG00000223247.1	RNU2-64P	snRNA	chr3	73110992	73111182	+	191				False		True
ENSG00000252937.1	RNU6-1270P	snRNA	chr3	73241789	73241896	-	108				False		True
ENSG00000239119.1	RNU7-119P	snRNA	chr3	73593940	73594002	-	63				False		True
ENSG00000242638.3	RN7SL294P	misc_RNA	chr3	75182754	75183048	-	295				False		True
ENSG00000199520.1	RNU6-386P	snRNA	chr3	77092057	77092163	+	107				False		True
ENSG00000206891.1	RNU6-217P	snRNA	chr3	77811741	77811844	-	104				False		True
ENSG00000243957.3	RN7SL647P	misc_RNA	chr3	78115158	78115457	+	300				False		True
ENSG00000222574.1	RN7SKP61	misc_RNA	chr3	78161698	78161992	+	295				False		False
ENSG00000240964.3	RN7SL751P	misc_RNA	chr3	78938009	78938292	-	284				False		True
ENSG00000222389.1	RNU2-28P	snRNA	chr3	81509476	81509664	+	189				False		True
ENSG00000201410.1	snoZ40	snoRNA	chr3	86125216	86125287	+	72				False		False
ENSG00000251773.1	RNU6-1129P	snRNA	chr3	86235321	86235424	+	104				False		True
ENSG00000222934.1	RN7SKP284	misc_RNA	chr3	86362132	86362474	+	343				False		False
ENSG00000200703.1	RNU6-873P	snRNA	chr3	87742543	87742649	-	107				False		True
ENSG00000221059.1	RNU6ATAC6P	snRNA	chr3	87910220	87910345	+	126				False		True
ENSG00000222490.1	RNU6-712P	snRNA	chr3	90184634	90184733	+	100				False		True
ENSG00000251727.1	RNU6-488P	snRNA	chr3	93843764	93843862	+	99				False		True
ENSG00000200366.1	RNU6-511P	snRNA	chr3	93977029	93977135	+	107				False		True
ENSG00000199286.1	RNU6-1094P	snRNA	chr3	96608814	96608917	-	104				False		True
ENSG00000206712.1	RNU6-26P	snRNA	chr3	98804978	98805084	-	107				False		True
ENSG00000207331.1	RNU6-1263P	snRNA	chr3	98908459	98908564	+	106				False		True
ENSG00000275108.1	U7	snRNA	chr3	98987387	98987449	+	63				False		False
ENSG00000252989.1	SNORA31	snoRNA	chr3	100646121	100646197	+	77				False		False
ENSG00000201642.1	RNU6-865P	snRNA	chr3	100952627	100952733	+	107				False		True
ENSG00000252348.1	RNU6-1256P	snRNA	chr3	101615826	101615928	+	103				False		True
ENSG00000201121.1	RNY1P12	misc_RNA	chr3	101662060	101662164	-	105				False		False
ENSG00000201065.1	RNU6-461P	snRNA	chr3	102755064	102755170	-	107				False		True
ENSG00000201922.1	RNU1-43P	snRNA	chr3	103159960	103160124	+	165				False		True
ENSG00000252626.1	RNU6-1308P	snRNA	chr3	107007568	107007670	+	103				False		True
ENSG00000202379.1	SNORA70	snoRNA	chr3	108574565	108574698	+	134				False		False
ENSG00000252889.1	RNU6-1236P	snRNA	chr3	109225129	109225227	+	99				False		True
ENSG00000221206.1	RNU6ATAC15P	snRNA	chr3	110551845	110551965	-	121				False		True
ENSG00000241529.3	RN7SL767P	misc_RNA	chr3	113632704	113632998	+	295				False		True
ENSG00000243359.3	RN7SL815P	misc_RNA	chr3	115837870	115838159	+	290				False		True
ENSG00000241156.3	RN7SL582P	misc_RNA	chr3	116582552	116582830	-	279				False		True
ENSG00000278072.1	TUSC7	misc_RNA	chr3	116716460	116716624	+	165				False		False
ENSG00000274732.1	LINC00901	misc_RNA	chr3	116921328	116921479	+	152				False		False
ENSG00000200372.1	RNU5E-8P	snRNA	chr3	116965112	116965227	-	116				False		True
ENSG00000206889.1	RNU6-1200P	snRNA	chr3	117544205	117544311	+	107				False		True
ENSG00000207310.1	RNU6-1127P	snRNA	chr3	119341834	119341940	-	107				False		True
ENSG00000244308.2	RN7SL762P	misc_RNA	chr3	120110498	120110786	-	289				False		True
ENSG00000244139.3	RN7SL397P	misc_RNA	chr3	120121909	120122206	+	298				False		True
ENSG00000243544.3	RN7SL172P	misc_RNA	chr3	121653994	121654296	-	303				False		True
ENSG00000222057.1	RNU4-62P	snRNA	chr3	121655475	121655604	-	130				False		True
ENSG00000207002.1	SNORA5	snoRNA	chr3	123814077	123814207	+	131				False		False
ENSG00000252751.1	RNU6-143P	snRNA	chr3	124407691	124407783	+	93				False		True
ENSG00000276626.1	7SK	misc_RNA	chr3	124792319	124792562	-	244				False		False
ENSG00000199327.1	RNU6-230P	snRNA	chr3	125119097	125119200	-	104				False		True
ENSG00000252953.1	RNU6-232P	snRNA	chr3	125388934	125388997	+	64				False		True
ENSG00000272020.1	RNU1-30P	snRNA	chr3	126160283	126160445	-	163				False		True
ENSG00000201288.1	RNU6-1047P	snRNA	chr3	127240968	127241074	-	107				False		True
ENSG00000222627.1	RNU2-37P	snRNA	chr3	128075073	128075249	-	177				False		True
ENSG00000212344.1	RNU6-823P	snRNA	chr3	128141875	128141977	-	103				False		True
ENSG00000277250.1	Metazoa_SRP	misc_RNA	chr3	128673681	128674021	-	341				False		True
ENSG00000207130.1	SNORA24	snoRNA	chr3	128714571	128714705	-	135				False		False
ENSG00000244232.3	RN7SL698P	misc_RNA	chr3	128785147	128785448	+	302				False		True
ENSG00000207088.1	SNORA7B	snoRNA	chr3	129397210	129397348	-	139				False		False
ENSG00000239437.3	RN7SL752P	misc_RNA	chr3	129591349	129591635	+	287				False		True
ENSG00000202412.1	RNY3P13	misc_RNA	chr3	129818932	129819033	+	102				False		False
ENSG00000283509.1	U6	snRNA	chr3	129819777	129819876	+	100				False		False
ENSG00000222783.1	RN7SKP212	misc_RNA	chr3	130811768	130812095	-	328				False		False
ENSG00000201550.1	RNU6-726P	snRNA	chr3	131092821	131092927	-	107				False		True
ENSG00000249020.1	SNORA58	snoRNA	chr3	131479097	131479233	-	137				False		False
ENSG00000201827.1	SNORA33	snoRNA	chr3	133551186	133551315	+	130				False		False
ENSG00000252641.2	RNU6-678P	snRNA	chr3	133664926	133665034	+	109				False		True
ENSG00000253087.1	RNU6-1174P	snRNA	chr3	134780527	134780627	-	101				False		True
ENSG00000200571.1	RNU6-1284P	snRNA	chr3	136430084	136430183	-	100				False		True
ENSG00000252914.1	RNU6-789P	snRNA	chr3	136721394	136721495	-	102				False		True
ENSG00000276304.1	PISRT1	misc_RNA	chr3	139233414	139233520	+	107				False		False
ENSG00000201600.1	RN7SKP124	misc_RNA	chr3	139584105	139584445	-	341				False		False
ENSG00000244692.3	RN7SL724P	misc_RNA	chr3	139609669	139609939	-	271				False		True
ENSG00000200389.1	RNU6-509P	snRNA	chr3	141902924	141903030	-	107				False		True
ENSG00000206604.1	RNU6-425P	snRNA	chr3	142145454	142145555	+	102				False		True
ENSG00000251804.1	RNU6-1294P	snRNA	chr3	142407657	142407737	-	81				False		True
ENSG00000202125.1	RNU1-100P	snRNA	chr3	142420205	142420369	-	165				False		True
ENSG00000199319.1	RN7SKP25	misc_RNA	chr3	142673597	142673904	+	308				False		False
ENSG00000251787.1	RNU7-47P	snRNA	chr3	142801207	142801268	+	62				False		True
ENSG00000199812.1	RNU6-428P	snRNA	chr3	146571477	146571583	+	107				False		True
ENSG00000207156.1	RNU6-505P	snRNA	chr3	146996607	146996713	-	107				False		True
ENSG00000252581.1	RNU6-1098P	snRNA	chr3	149525631	149525726	+	96				False		True
ENSG00000251854.1	RNU6-507P	snRNA	chr3	149779009	149779108	-	100				False		True
ENSG00000252172.1	RNU6-720P	snRNA	chr3	149917342	149917449	-	108				False		True
ENSG00000278234.1	U2	snRNA	chr3	150241777	150241860	+	84				False		False
ENSG00000276055.1	CLRN1-AS1	misc_RNA	chr3	151079506	151079584	+	79				False		False
ENSG00000265813.2	RN7SL300P	misc_RNA	chr3	153199700	153200017	-	318				False		True
ENSG00000207323.1	RNU6-901P	snRNA	chr3	153471466	153471571	-	106				False		True
ENSG00000272096.2	RN7SL715P	misc_RNA	chr3	155437538	155437823	-	286				False		True
ENSG00000222499.1	RN7SKP177	misc_RNA	chr3	157017342	157017696	+	355				False		False
ENSG00000251751.1	RN7SKP46	misc_RNA	chr3	157930492	157930725	-	234				False		False
ENSG00000252763.1	RNU2-31P	snRNA	chr3	159808416	159808570	-	155				False		True
ENSG00000238427.1	RNU7-136P	snRNA	chr3	160472348	160472416	-	69				False		True
ENSG00000238741.1	SCARNA7	scaRNA	chr3	160514907	160515236	-	330				False		False
ENSG00000207084.1	SNORA72	snoRNA	chr3	160696929	160697060	+	132				False		False
ENSG00000238924.2	RNU7-82P	snRNA	chr3	163470205	163470266	-	62				False		True
ENSG00000251759.1	RN7SKP298	misc_RNA	chr3	166670029	166670122	-	94				False		False
ENSG00000222357.1	RNU2-20P	snRNA	chr3	168475198	168475388	+	191				False		True
ENSG00000206777.1	RNU6-637P	snRNA	chr3	169720187	169720293	-	107				False		True
ENSG00000277925.1	Telomerase-vert	misc_RNA	chr3	169764610	169765047	-	438				False		False
ENSG00000201342.1	RNU4-38P	snRNA	chr3	170057301	170057429	+	129				False		True
ENSG00000199536.1	RNU6-315P	snRNA	chr3	170149845	170149951	+	107				False		True
ENSG00000199488.1	RNU1-70P	snRNA	chr3	170994870	170995033	-	164				False		True
ENSG00000207114.1	RNU6-348P	snRNA	chr3	171504245	171504351	-	107				False		True
ENSG00000243398.3	RN7SL141P	misc_RNA	chr3	172237326	172237591	+	266				False		True
ENSG00000252082.1	RNU6-547P	snRNA	chr3	172703124	172703225	+	102				False		True
ENSG00000201458.1	RNU4-4P	snRNA	chr3	172796429	172796558	-	130				False		True
ENSG00000252982.1	RN7SKP234	misc_RNA	chr3	174057641	174057864	+	224				False		False
ENSG00000253020.2	RN7SKP40	misc_RNA	chr3	174631823	174632064	+	242				False		False
ENSG00000199792.1	RNU6-1233P	snRNA	chr3	175397247	175397348	-	102				False		True
ENSG00000201648.1	RNU4-91P	snRNA	chr3	175609479	175609613	+	135				False		True
ENSG00000201452.1	RNU6-1317P	snRNA	chr3	175767558	175767661	+	104				False		True
ENSG00000200882.1	RNU6-681P	snRNA	chr3	177126017	177126120	-	104				False		True
ENSG00000252028.1	RN7SKP52	misc_RNA	chr3	177503303	177503552	-	250				False		False
ENSG00000200288.1	SNORA18	snoRNA	chr3	177624282	177624409	-	128				False		False
ENSG00000199858.1	RNU6-1120P	snRNA	chr3	178007672	178007779	-	108				False		True
ENSG00000199986.1	RNU6-486P	snRNA	chr3	180581057	180581163	+	107				False		True
ENSG00000242811.3	RN7SL229P	misc_RNA	chr3	180736405	180736703	-	299				False		True
ENSG00000206932.1	RNU6-4P	snRNA	chr3	181231737	181231843	+	107				False		True
ENSG00000276074.1	SOX2OT_exon1	misc_RNA	chr3	181610498	181610729	+	232				False		False
ENSG00000276690.1	SOX2OT_exon3	misc_RNA	chr3	181699608	181699883	+	276				False		False
ENSG00000278026.1	SOX2OT_exon4	misc_RNA	chr3	181715185	181715293	+	109				False		False
ENSG00000266317.2	RN7SL703P	misc_RNA	chr3	181813401	181813702	+	302				False		True
ENSG00000252257.1	RN7SKP265	misc_RNA	chr3	181968459	181968681	+	223				False		False
ENSG00000201229.1	SNORA63D	snoRNA	chr3	183451857	183451988	+	132				False		False
ENSG00000253092.1	SNORA81	snoRNA	chr3	183452567	183452764	+	198				False		False
ENSG00000212158.1	SNORD66	snoRNA	chr3	184325696	184325771	+	76				False		False
ENSG00000207505.1	RNU6-1105P	snRNA	chr3	186771841	186771947	-	107				False		True
ENSG00000238942.1	SNORD2	snoRNA	chr3	186784796	186784864	+	69				False		False
ENSG00000200320.1	SNORA63	snoRNA	chr3	186787300	186787431	+	132				False		False
ENSG00000263776.1	SNORA4	snoRNA	chr3	186787612	186787749	+	138				False		False
ENSG00000239093.1	snoU13	snoRNA	chr3	187423315	187423419	+	105				False		False
ENSG00000212489.1	RNU6-1109P	snRNA	chr3	190165417	190165523	-	107				False		True
ENSG00000223117.1	RN7SKP296	misc_RNA	chr3	190642163	190642503	+	341				False		False
ENSG00000222583.1	RN7SKP222	misc_RNA	chr3	192093122	192093436	+	315				False		False
ENSG00000200184.1	RNU1-20P	snRNA	chr3	192729555	192729716	-	162				False		True
ENSG00000243991.3	RN7SL447P	misc_RNA	chr3	193740471	193740715	-	245				False		True
ENSG00000242201.3	RN7SL215P	misc_RNA	chr3	194145674	194145971	+	298				False		True
ENSG00000252053.1	RNU6-1101P	snRNA	chr3	194533503	194533583	-	81				False		True
ENSG00000244314.3	RN7SL36P	misc_RNA	chr3	195146728	195147003	-	276				False		True
ENSG00000206600.1	RNU6-25P	snRNA	chr3	195214787	195214893	+	107				False		True
ENSG00000252620.1	RNU6ATAC24P	snRNA	chr3	195523087	195523221	-	135				False		True
ENSG00000265882.2	RN7SL73P	misc_RNA	chr3	195553792	195554043	+	252				False		True
ENSG00000239122.1	RNU2-11P	snRNA	chr3	195928589	195928775	-	187				False		True
ENSG00000252174.1	RNU7-18P	snRNA	chr3	196072819	196072880	+	62				False		True
ENSG00000212146.1	RNU6-910P	snRNA	chr3	196341609	196341715	-	107				False		True
ENSG00000206644.1	RNU6-1279P	snRNA	chr3	196393710	196393812	-	103				False		True
ENSG00000241868.3	RN7SL434P	misc_RNA	chr3	196397508	196397778	-	271				False		True
ENSG00000243339.3	RN7SL738P	misc_RNA	chr3	196399911	196400207	+	297				False		True
ENSG00000201441.1	RNU6-646P	snRNA	chr3	196708859	196708964	-	106				False		True
ENSG00000272359.1	RNU4-89P	snRNA	chr3	196747192	196747324	-	133				False		True
ENSG00000206892.1	RNU6-42P	snRNA	chr3	196784980	196785086	-	107				False		True
ENSG00000199306.1	RNU6-858P	snRNA	chr3	197894507	197894613	+	107				False		True
ENSG00000201622.1	RNU6-621P	snRNA	chr3	197994601	197994709	+	109				False		True
ENSG00000212297.1	RNU6-821P	snRNA	chr3	198071311	198071417	-	107				False		True
ENSG00000222792.1	RNU6-860P	snRNA	chr3	198196746	198196849	+	104				False		True
ENSG00000212458.1	SNORA48	snoRNA	chr4	1118884	1119013	+	130				False		False
ENSG00000249784.1	SCARNA22	scaRNA	chr4	1974636	1974760	+	125				False		False
ENSG00000239247.3	RN7SL589P	misc_RNA	chr4	2316197	2316506	-	310				False		True
ENSG00000199335.1	RNU6-204P	snRNA	chr4	3044101	3044207	+	107				False		True
ENSG00000278778.1	HTT-AS1_1	misc_RNA	chr4	3063472	3063701	+	230				False		False
ENSG00000274693.1	HTT-AS1_2	misc_RNA	chr4	3069977	3070151	+	175				False		False
ENSG00000200761.1	RN7SKP113	misc_RNA	chr4	4920770	4921064	-	295				False		False
ENSG00000201496.1	RN7SKP275	misc_RNA	chr4	5458581	5458881	-	301				False		False
ENSG00000202392.1	RN7SKP292	misc_RNA	chr4	6997012	6997328	+	317				False		False
ENSG00000200867.1	RN7SKP36	misc_RNA	chr4	7112088	7112399	-	312				False		False
ENSG00000212282.1	RNU6-578P	snRNA	chr4	12312588	12312690	+	103				False		True
ENSG00000202449.1	SNORA63	snoRNA	chr4	14690710	14690832	+	123				False		False
ENSG00000199420.1	RN7SKP170	misc_RNA	chr4	15093767	15094094	-	328				False		False
ENSG00000206780.1	SNORA75B	snoRNA	chr4	17320746	17320882	-	137				False		False
ENSG00000239001.1	RNU6-420P	snRNA	chr4	22118983	22119089	+	107				False		True
ENSG00000243005.3	RN7SL16P	misc_RNA	chr4	24563193	24563461	-	269				False		True
ENSG00000278135.1	U2	snRNA	chr4	25250545	25250639	+	95				False		False
ENSG00000238632.1	RNU7-126P	snRNA	chr4	25598564	25598625	-	62				False		True
ENSG00000200999.1	SNORD74	snoRNA	chr4	26702309	26702388	+	80				False		False
ENSG00000243548.3	RN7SL101P	misc_RNA	chr4	28711198	28711476	+	279				False		True
ENSG00000238694.1	snoU13	snoRNA	chr4	34966241	34966344	-	104				False		False
ENSG00000206665.1	RNU6-573P	snRNA	chr4	35495898	35496003	+	106				False		True
ENSG00000206675.1	RNU6-32P	snRNA	chr4	39297605	39297711	-	107				False		True
ENSG00000222592.1	RNU6-887P	snRNA	chr4	39399149	39399248	+	100				False		True
ENSG00000252796.1	RNU7-11P	snRNA	chr4	39621012	39621073	+	62				False		True
ENSG00000243260.3	RN7SL558P	misc_RNA	chr4	39761000	39761298	+	299				False		True
ENSG00000200455.1	RNU6-1112P	snRNA	chr4	40077884	40077982	+	99				False		True
ENSG00000239010.1	RNU7-74P	snRNA	chr4	40377452	40377513	-	62				False		True
ENSG00000199790.1	RNU6-836P	snRNA	chr4	41084607	41084713	+	107				False		True
ENSG00000207198.1	RNU6-1195P	snRNA	chr4	41113942	41114045	+	104				False		True
ENSG00000200338.1	RNU1-49P	snRNA	chr4	41771945	41772103	-	159				False		True
ENSG00000252595.1	RN7SKP82	misc_RNA	chr4	42892396	42892618	+	223				False		False
ENSG00000239464.3	RN7SL691P	misc_RNA	chr4	43598544	43598844	-	301				False		True
ENSG00000239679.3	RN7SL193P	misc_RNA	chr4	43863274	43863549	+	276				False		True
ENSG00000200720.1	RNU6-931P	snRNA	chr4	45480030	45480136	+	107				False		True
ENSG00000222257.1	RN7SKP199	misc_RNA	chr4	45995119	45995423	+	305				False		False
ENSG00000252243.1	RNU6-412P	snRNA	chr4	46531237	46531342	-	106				False		True
ENSG00000200269.1	RNU6-838P	snRNA	chr4	48106081	48106188	-	108				False		True
ENSG00000251722.1	RNU5E-3P	snRNA	chr4	48574453	48574520	-	68				False		True
ENSG00000252913.1	RNU6-158P	snRNA	chr4	48932755	48932854	-	100				False		True
ENSG00000199924.1	RNU6-1252P	snRNA	chr4	52494849	52494952	+	104				False		True
ENSG00000212490.1	SNORA26	snoRNA	chr4	52748137	52748259	+	123				False		False
ENSG00000207385.1	RNU6-310P	snRNA	chr4	53265461	53265567	-	107				False		True
ENSG00000252815.1	RNU6-410P	snRNA	chr4	55031965	55032071	-	107				False		True
ENSG00000244034.3	RN7SL424P	misc_RNA	chr4	55063738	55064026	+	289				False		True
ENSG00000239545.3	RN7SL822P	misc_RNA	chr4	55215624	55215919	-	296				False		True
ENSG00000206839.1	RNU6-746P	snRNA	chr4	55294490	55294598	+	109				False		True
ENSG00000223305.1	RN7SKP30	misc_RNA	chr4	55540502	55540835	-	334				False		False
ENSG00000251923.1	RNU6-276P	snRNA	chr4	55798636	55798731	+	96				False		True
ENSG00000202358.1	RNU6-652P	snRNA	chr4	55885595	55885701	+	107				False		True
ENSG00000252489.1	RNU6-197P	snRNA	chr4	56288485	56288584	-	100				False		True
ENSG00000240545.3	RN7SL492P	misc_RNA	chr4	56794348	56794642	-	295				False		True
ENSG00000265894.2	RN7SL357P	misc_RNA	chr4	56805834	56806131	+	298				False		True
ENSG00000251703.1	RNU6-998P	snRNA	chr4	57002692	57002792	+	101				False		True
ENSG00000201775.1	RNU6-1325P	snRNA	chr4	59834063	59834167	+	105				False		True
ENSG00000252104.1	RNU6-191P	snRNA	chr4	64397694	64397787	-	94				False		True
ENSG00000222765.1	RNU2-40P	snRNA	chr4	65807240	65807435	-	196				False		True
ENSG00000252890.1	RNU6-699P	snRNA	chr4	66897262	66897371	+	110				False		True
ENSG00000206629.1	RNU1-63P	snRNA	chr4	67429591	67429754	-	164				False		True
ENSG00000202374.1	SNORA62	snoRNA	chr4	67747236	67747386	+	151				False		False
ENSG00000207428.1	RNU6-95P	snRNA	chr4	68003895	68004001	+	107				False		True
ENSG00000207448.1	RNU6-520P	snRNA	chr4	70701755	70701858	+	104				False		True
ENSG00000207058.1	RNU6-784P	snRNA	chr4	70703018	70703123	-	106				False		True
ENSG00000207007.1	RNU6-891P	snRNA	chr4	70852130	70852240	+	111				False		True
ENSG00000252955.1	RNU4ATAC9P	snRNA	chr4	72965178	72965303	+	126				False		True
ENSG00000210839.1	RNU6ATAC5P	snRNA	chr4	73026748	73026873	+	126				False		True
ENSG00000221639.1	SNORA3	snoRNA	chr4	73263960	73264084	+	125				False		False
ENSG00000244194.3	RN7SL218P	misc_RNA	chr4	74011578	74011876	+	299				False		True
ENSG00000222644.1	RNU2-16P	snRNA	chr4	75829454	75829589	-	136				False		True
ENSG00000212368.1	RNU6-1000P	snRNA	chr4	76356610	76356715	-	106				False		True
ENSG00000199857.1	SNORD50	snoRNA	chr4	76402076	76402146	+	71				False		False
ENSG00000207307.1	RNU6-145P	snRNA	chr4	76532222	76532327	-	106				False		True
ENSG00000201641.1	RNU6-1187P	snRNA	chr4	77150328	77150437	-	110				False		True
ENSG00000221711.1	SNORD75	snoRNA	chr4	77702746	77702803	-	58				False		False
ENSG00000242175.3	RN7SL127P	misc_RNA	chr4	78898855	78899154	+	300				False		True
ENSG00000212620.1	SNORA75	snoRNA	chr4	79843102	79843228	+	127				False		False
ENSG00000207065.1	RNU5A-2P	snRNA	chr4	81334303	81334418	+	116				False		True
ENSG00000202485.1	RNU6-499P	snRNA	chr4	82174547	82174653	+	107				False		True
ENSG00000202440.1	SNORD42	snoRNA	chr4	82402638	82402706	-	69				False		False
ENSG00000251874.1	RNU6-615P	snRNA	chr4	83003412	83003517	+	106				False		True
ENSG00000200108.1	RNU6-774P	snRNA	chr4	84233657	84233763	+	107				False		True
ENSG00000239466.3	RN7SL552P	misc_RNA	chr4	84687725	84688000	-	276				False		True
ENSG00000252062.1	RNU6-469P	snRNA	chr4	84886386	84886486	-	101				False		True
ENSG00000201901.1	RN7SKP48	misc_RNA	chr4	85100496	85100823	+	328				False		False
ENSG00000252757.1	RN7SKP96	misc_RNA	chr4	86336318	86336614	-	297				False		False
ENSG00000240966.3	RN7SL681P	misc_RNA	chr4	87386883	87387174	-	292				False		True
ENSG00000202000.1	RNU1-36P	snRNA	chr4	88000237	88000401	+	165				False		True
ENSG00000201707.1	RNU6-818P	snRNA	chr4	88201703	88201810	+	108				False		True
ENSG00000221440.1	RNU6ATAC31P	snRNA	chr4	88206427	88206552	-	126				False		True
ENSG00000199326.1	RNU6-1298P	snRNA	chr4	88226729	88226829	+	101				False		True
ENSG00000200469.1	RNU6-112P	snRNA	chr4	88275205	88275308	-	104				False		True
ENSG00000252322.1	RN7SKP244	misc_RNA	chr4	88583666	88583972	-	307				False		False
ENSG00000207524.1	RNU6-33P	snRNA	chr4	88684848	88684954	-	107				False		True
ENSG00000278151.1	FAM13A-AS1_1	misc_RNA	chr4	88710147	88710265	+	119				False		False
ENSG00000276003.1	FAM13A-AS1_2	misc_RNA	chr4	88723209	88723316	+	108				False		False
ENSG00000212226.1	RNU6-907P	snRNA	chr4	89130852	89130953	+	102				False		True
ENSG00000252087.1	RN7SKP248	misc_RNA	chr4	90370123	90370427	+	305				False		False
ENSG00000200622.1	RNU6-1059P	snRNA	chr4	95868667	95868764	-	98				False		True
ENSG00000201744.1	RNU6-34P	snRNA	chr4	96152297	96152403	-	107				False		True
ENSG00000201640.2	RN7SKP28	misc_RNA	chr4	96348734	96349038	-	305				False		False
ENSG00000252548.1	RNU7-149P	snRNA	chr4	98966815	98966873	-	59				False		True
ENSG00000199529.1	RNU6-462P	snRNA	chr4	101723876	101723980	+	105				False		True
ENSG00000241144.3	RN7SL728P	misc_RNA	chr4	102348392	102348691	-	300				False		True
ENSG00000252739.1	RNU7-151P	snRNA	chr4	102837047	102837099	-	53				False		True
ENSG00000252460.1	RNU6-635P	snRNA	chr4	103924540	103924641	+	102				False		True
ENSG00000251906.2	RNU6-351P	snRNA	chr4	104974672	104974771	+	100				False		True
ENSG00000243383.3	RN7SL89P	misc_RNA	chr4	105293664	105293946	+	283				False		True
ENSG00000200917.1	RNU6-553P	snRNA	chr4	105406997	105407092	+	96				False		True
ENSG00000252470.1	RNU6-551P	snRNA	chr4	107435118	107435220	+	103				False		True
ENSG00000222691.1	RNU6-733P	snRNA	chr4	107867807	107867910	-	104				False		True
ENSG00000206601.1	RNU6-431P	snRNA	chr4	108652150	108652256	+	107				False		True
ENSG00000243227.3	RN7SL55P	misc_RNA	chr4	109450772	109451068	-	297				False		True
ENSG00000207260.1	RNU6-35P	snRNA	chr4	109992325	109992431	+	107				False		True
ENSG00000263940.2	RN7SL275P	misc_RNA	chr4	110117736	110118070	+	335				False		True
ENSG00000212160.1	RNU6-205P	snRNA	chr4	110278185	110278291	+	107				False		True
ENSG00000199894.1	snoU2_19	snoRNA	chr4	110433109	110433188	-	80				False		False
ENSG00000200963.1	RNU6-289P	snRNA	chr4	111331412	111331518	+	107				False		True
ENSG00000239279.3	RN7SL184P	misc_RNA	chr4	113419840	113420136	+	297				False		True
ENSG00000206820.1	RNU1-138P	snRNA	chr4	113420323	113420486	+	164				False		True
ENSG00000240637.3	RN7SL808P	misc_RNA	chr4	114799331	114799629	+	299				False		True
ENSG00000201752.1	RNU6-119P	snRNA	chr4	116839279	116839385	+	107				False		True
ENSG00000275994.1	SNORA24	snoRNA	chr4	118279190	118279320	+	131				False		False
ENSG00000223225.1	RNU6-1054P	snRNA	chr4	118606450	118606553	+	104				False		True
ENSG00000201186.1	RNU4-33P	snRNA	chr4	119367562	119367646	+	85				False		True
ENSG00000223208.1	RNU6-1217P	snRNA	chr4	119434005	119434108	-	104				False		True
ENSG00000221245.1	SNORA11	snoRNA	chr4	119569699	119569825	+	127				False		False
ENSG00000212359.1	RNU6-550P	snRNA	chr4	120810469	120810569	+	101				False		True
ENSG00000223006.1	RN7SKP137	misc_RNA	chr4	121061172	121061478	-	307				False		False
ENSG00000252183.1	RNU6-948P	snRNA	chr4	121192797	121192903	-	107				False		True
ENSG00000241037.3	RN7SL335P	misc_RNA	chr4	122087508	122087811	-	304				False		True
ENSG00000251821.1	RNU6-583P	snRNA	chr4	127891991	127892082	+	92				False		True
ENSG00000206782.1	RNU6-224P	snRNA	chr4	131273242	131273348	+	107				False		True
ENSG00000241392.3	RN7SL205P	misc_RNA	chr4	131720260	131720543	-	284				False		True
ENSG00000252014.1	SNORA70	snoRNA	chr4	131768140	131768249	+	110				False		False
ENSG00000283432.1	U6	snRNA	chr4	135315418	135315522	-	105				False		False
ENSG00000207322.1	RNU1-89P	snRNA	chr4	135995929	135996092	-	164				False		True
ENSG00000252503.1	RNU6-531P	snRNA	chr4	139055475	139055578	+	104				False		True
ENSG00000240723.3	RN7SL382P	misc_RNA	chr4	139100377	139100658	+	282				False		True
ENSG00000276396.1	Metazoa_SRP	misc_RNA	chr4	139155153	139155444	+	292				False		True
ENSG00000265892.2	RN7SL311P	misc_RNA	chr4	139185441	139185746	+	306				False		True
ENSG00000207384.1	Y_RNA	misc_RNA	chr4	139200395	139200513	+	119				False		False
ENSG00000252362.1	RNU6-506P	snRNA	chr4	139231026	139231119	-	94				False		True
ENSG00000206722.1	RNU6-1074P	snRNA	chr4	139256657	139256760	-	104				False		True
ENSG00000200520.1	RNU6-1214P	snRNA	chr4	139318378	139318486	+	109				False		True
ENSG00000239005.1	ACA64	snoRNA	chr4	139436368	139436494	-	127				False		False
ENSG00000201533.1	RN7SKP237	misc_RNA	chr4	139685127	139685427	-	301				False		False
ENSG00000252233.1	RN7SKP253	misc_RNA	chr4	139794125	139794433	-	309				False		False
ENSG00000242102.3	RN7SL152P	misc_RNA	chr4	140577925	140578222	+	298				False		True
ENSG00000207155.1	RNY1P14	misc_RNA	chr4	140700835	140700942	-	108				False		False
ENSG00000273621.1	uc_338	misc_RNA	chr4	144739762	144739941	-	180				False		False
ENSG00000222594.1	RN7SKP235	misc_RNA	chr4	145035132	145035436	+	305				False		False
ENSG00000207182.1	RNU1-44P	snRNA	chr4	146580048	146580210	+	163				False		True
ENSG00000240014.3	RN7SL254P	misc_RNA	chr4	147808926	147809209	+	284				False		True
ENSG00000239168.1	RNU7-197P	snRNA	chr4	148991572	148991633	-	62				False		True
ENSG00000207121.1	RNU6-1230P	snRNA	chr4	149934376	149934483	+	108				False		True
ENSG00000238721.1	RNU7-194P	snRNA	chr4	150209706	150209768	+	63				False		True
ENSG00000201264.1	SNORD73B	snoRNA	chr4	151102057	151102128	+	72				False		False
ENSG00000208797.1	SNORD73A	snoRNA	chr4	151103827	151103891	+	65				False		False
ENSG00000252544.1	RNU6-1282P	snRNA	chr4	151300518	151300613	+	96				False		True
ENSG00000253019.1	RN7SKP35	misc_RNA	chr4	151576766	151576916	+	151				False		False
ENSG00000244544.2	RN7SL446P	misc_RNA	chr4	152264150	152264445	-	296				False		True
ENSG00000252030.1	RNU6-1196P	snRNA	chr4	153265662	153265755	-	94				False		True
ENSG00000243883.3	RN7SL419P	misc_RNA	chr4	153381729	153382015	-	287				False		True
ENSG00000200350.1	RNU6-1285P	snRNA	chr4	154543933	154544037	-	105				False		True
ENSG00000222582.1	RNU2-66P	snRNA	chr4	154787118	154787278	+	161				False		True
ENSG00000252604.1	RNU2-44P	snRNA	chr4	154790291	154790484	+	194				False		True
ENSG00000199859.1	RNU6-582P	snRNA	chr4	157201562	157201668	-	107				False		True
ENSG00000199634.1	RNU4-79P	snRNA	chr4	158395394	158395534	+	141				False		True
ENSG00000271817.2	U3	snoRNA	chr4	158700691	158700909	+	219				False		False
ENSG00000206703.1	RNU6-128P	snRNA	chr4	158794590	158794696	-	107				False		True
ENSG00000274535.1	SNORD39	snoRNA	chr4	158909373	158909450	-	78				False		False
ENSG00000253001.1	RN7SKP105	misc_RNA	chr4	163828800	163829113	-	314				False		False
ENSG00000223037.1	RNU6-284P	snRNA	chr4	164620732	164620837	+	106				False		True
ENSG00000201050.1	RNU6-668P	snRNA	chr4	164787290	164787396	+	107				False		True
ENSG00000200974.1	RNU4-87P	snRNA	chr4	165252580	165252661	+	82				False		True
ENSG00000240772.3	RN7SL776P	misc_RNA	chr4	167400495	167400762	-	268				False		True
ENSG00000222721.1	RN7SKP188	misc_RNA	chr4	167662986	167663302	+	317				False		False
ENSG00000207171.1	SNORA51	snoRNA	chr4	168471409	168471539	+	131				False		False
ENSG00000206613.1	RNU6-1336P	snRNA	chr4	168686608	168686716	-	109				False		True
ENSG00000201176.1	RNU6-853P	snRNA	chr4	168885355	168885461	+	107				False		True
ENSG00000201818.1	RNY4P17	misc_RNA	chr4	169005249	169005344	+	96				False		False
ENSG00000251961.1	RNU6ATAC13P	snRNA	chr4	170891467	170891597	+	131				False		True
ENSG00000241652.3	RN7SL253P	misc_RNA	chr4	173141643	173141938	+	296				False		True
ENSG00000252898.1	RNU6-1096P	snRNA	chr4	173446603	173446704	-	102				False		True
ENSG00000222859.1	RN7SKP136	misc_RNA	chr4	177181442	177181741	+	300				False		False
ENSG00000253000.1	RNU1-45P	snRNA	chr4	178116721	178116861	-	141				False		True
ENSG00000212191.1	SNORD65	snoRNA	chr4	178685886	178685956	-	71				False		False
ENSG00000251742.1	RN7SKP13	misc_RNA	chr4	181834865	181835108	-	244				False		False
ENSG00000252343.1	RNU2-34P	snRNA	chr4	182548659	182548779	+	121				False		True
ENSG00000251714.1	RN7SKP67	misc_RNA	chr4	182631454	182631688	-	235				False		False
ENSG00000252157.1	RNU6-479P	snRNA	chr4	183653572	183653676	-	105				False		True
ENSG00000201433.1	RNU6-335P	snRNA	chr4	183675603	183675715	-	113				False		True
ENSG00000251739.1	RNU6-1053P	snRNA	chr4	183705931	183706031	+	101				False		True
ENSG00000244512.3	RN7SL28P	misc_RNA	chr4	184278936	184279233	+	298				False		True
ENSG00000251878.1	SNORD79	snoRNA	chr4	184431966	184432049	+	84				False		False
ENSG00000222727.1	RNU4-64P	snRNA	chr4	186026456	186026586	-	131				False		True
ENSG00000253013.1	SNORA31	snoRNA	chr4	186130021	186130155	+	135				False		False
ENSG00000212387.1	RNU6-1055P	snRNA	chr4	186501109	186501215	+	107				False		True
ENSG00000201085.1	RNU6-173P	snRNA	chr4	188121531	188121634	-	104				False		True
ENSG00000252275.1	RNU7-192P	snRNA	chr4	188716665	188716725	-	61				False		True
ENSG00000202215.1	RNU1-51P	snRNA	chr4	189709539	189709714	-	176				False		True
ENSG00000223007.1	RN7SKP73	misc_RNA	chr5	5126046	5126337	+	292				False		False
ENSG00000200243.1	RN7SKP79	misc_RNA	chr5	6848127	6848462	-	336				False		False
ENSG00000199773.1	RNU1-76P	snRNA	chr5	7980146	7980304	+	159				False		True
ENSG00000239112.1	SNORD123	snoRNA	chr5	9548836	9548905	+	70				False		False
ENSG00000207312.1	RNU6-429P	snRNA	chr5	11027200	11027307	+	108				False		True
ENSG00000212305.1	RNU6-679P	snRNA	chr5	12297399	12297504	-	106				False		True
ENSG00000202269.1	U8	snoRNA	chr5	15110786	15110920	-	135				False		False
ENSG00000201436.1	RNU6-660P	snRNA	chr5	16941843	16941951	-	109				False		True
ENSG00000252908.1	RNU6-1003P	snRNA	chr5	17240611	17240715	+	105				False		True
ENSG00000201715.1	RN7SKP133	misc_RNA	chr5	17345616	17345955	+	340				False		False
ENSG00000212278.1	SNORD81	snoRNA	chr5	18236123	18236196	+	74				False		False
ENSG00000241552.3	RN7SL58P	misc_RNA	chr5	18547312	18547605	+	294				False		True
ENSG00000223004.1	SNORD29	snoRNA	chr5	24811481	24811548	+	68				False		False
ENSG00000201016.1	RNU6-374P	snRNA	chr5	25701217	25701324	-	108				False		True
ENSG00000222560.1	RNU4-43P	snRNA	chr5	26012889	26013025	+	137				False		True
ENSG00000207261.1	RNU6-738P	snRNA	chr5	27111569	27111674	+	106				False		True
ENSG00000252867.1	RNU6-909P	snRNA	chr5	28624657	28624763	+	107				False		True
ENSG00000223136.1	RN7SKP207	misc_RNA	chr5	29948828	29949130	+	303				False		False
ENSG00000199765.1	RNU6-363P	snRNA	chr5	31595565	31595669	-	105				False		True
ENSG00000252373.1	RNU6-358P	snRNA	chr5	31820564	31820638	-	75				False		True
ENSG00000251887.2	RNU6-760P	snRNA	chr5	31832439	31832535	+	97				False		True
ENSG00000199731.1	RNU6-1079P	snRNA	chr5	32234766	32234875	-	110				False		True
ENSG00000207052.1	RNU6-378P	snRNA	chr5	32309662	32309768	+	107				False		True
ENSG00000201623.1	RNU6-923P	snRNA	chr5	33888056	33888162	-	107				False		True
ENSG00000201368.2	U3	snoRNA	chr5	35429064	35429277	+	214				False		False
ENSG00000238441.1	RNU7-130P	snRNA	chr5	35632963	35633024	-	62				False		True
ENSG00000201223.1	RNU6-1305P	snRNA	chr5	36155119	36155222	+	104				False		True
ENSG00000242493.3	RN7SL37P	misc_RNA	chr5	37246173	37246479	-	307				False		True
ENSG00000251880.1	RNU7-75P	snRNA	chr5	37327135	37327196	+	62				False		True
ENSG00000222743.1	RNU6-1190P	snRNA	chr5	37619985	37620088	-	104				False		True
ENSG00000206743.1	RNU6-484P	snRNA	chr5	37700331	37700437	-	107				False		True
ENSG00000199361.1	RNU1-150P	snRNA	chr5	40269558	40269719	+	162				False		True
ENSG00000199552.1	SNORA63	snoRNA	chr5	40654963	40655094	+	132				False		False
ENSG00000212296.1	SNORD72	snoRNA	chr5	40832656	40832735	-	80				False		False
ENSG00000253098.1	RNU7-161P	snRNA	chr5	40911067	40911128	-	62				False		True
ENSG00000212561.1	RNU6-381P	snRNA	chr5	44066624	44066731	-	108				False		True
ENSG00000263556.2	RN7SL383P	misc_RNA	chr5	44716193	44716486	+	294				False		True
ENSG00000207060.1	RNU6-480P	snRNA	chr5	51055353	51055459	-	107				False		True
ENSG00000206606.1	RNU6-1296P	snRNA	chr5	51167541	51167647	-	107				False		True
ENSG00000222960.1	RNU6-272P	snRNA	chr5	53912020	53912123	-	104				False		True
ENSG00000241230.3	RN7SL801P	misc_RNA	chr5	54048007	54048308	-	302				False		True
ENSG00000238326.1	snoU13	snoRNA	chr5	56000518	56000621	-	104				False		False
ENSG00000253032.1	RNU6-299P	snRNA	chr5	56125671	56125770	+	100				False		True
ENSG00000210678.1	RNU6ATAC2P	snRNA	chr5	56297564	56297689	-	126				False		True
ENSG00000202017.1	RNU6-806P	snRNA	chr5	60304047	60304151	-	105				False		True
ENSG00000273701.1	PART1_1	misc_RNA	chr5	60487713	60487929	+	217				False		False
ENSG00000275634.1	PART1_2	misc_RNA	chr5	60488078	60488327	+	250				False		False
ENSG00000276233.1	PART1_3	misc_RNA	chr5	60546219	60546349	+	131				False		False
ENSG00000212215.1	RNU6-913P	snRNA	chr5	61664145	61664239	-	95				False		True
ENSG00000251983.1	RN7SKP157	misc_RNA	chr5	62146665	62146946	+	282				False		False
ENSG00000199279.1	RNU6-661P	snRNA	chr5	62443176	62443282	+	107				False		True
ENSG00000242547.3	RN7SL169P	misc_RNA	chr5	64539504	64539792	+	289				False		True
ENSG00000201869.1	RNU6-294P	snRNA	chr5	64573569	64573670	+	102				False		True
ENSG00000207352.1	RNU6-540P	snRNA	chr5	65604661	65604761	-	101				False		True
ENSG00000252904.1	SNORA76	snoRNA	chr5	65961183	65961319	-	137				False		False
ENSG00000252108.1	RNU6-1232P	snRNA	chr5	68159061	68159146	-	86				False		True
ENSG00000276309.1	RN7SKP251	misc_RNA	chr5	68970439	68970752	-	314				False		False
ENSG00000220986.1	SNORA50D	snoRNA	chr5	69160806	69160939	+	134				False		False
ENSG00000266477.2	RN7SL616P	misc_RNA	chr5	69478997	69479265	-	269				False		True
ENSG00000212260.1	RNU6-724P	snRNA	chr5	69530613	69530717	-	105				False		True
ENSG00000244748.3	RN7SL153P	misc_RNA	chr5	72314397	72314688	-	292				False		True
ENSG00000238913.1	RNU7-196P	snRNA	chr5	73828012	73828073	-	62				False		True
ENSG00000244326.3	RN7SL814P	misc_RNA	chr5	74317986	74318285	+	300				False		True
ENSG00000207336.1	RNU6-658P	snRNA	chr5	74725099	74725204	-	106				False		True
ENSG00000199645.1	RNU6-1330P	snRNA	chr5	74779309	74779413	+	105				False		True
ENSG00000212363.1	SNORA40	snoRNA	chr5	74882656	74882783	-	128				False		False
ENSG00000251724.1	RNU7-175P	snRNA	chr5	75538598	75538658	-	61				False		True
ENSG00000207333.1	RNU6-680P	snRNA	chr5	75709495	75709599	-	105				False		True
ENSG00000277188.1	NCRUPAR_1	misc_RNA	chr5	76712195	76712327	+	133				False		False
ENSG00000278237.1	NCRUPAR_2	misc_RNA	chr5	76712763	76712861	+	99				False		False
ENSG00000264391.2	RN7SL208P	misc_RNA	chr5	76836900	76837195	-	296				False		True
ENSG00000252684.1	RNU6ATAC36P	snRNA	chr5	76948791	76948870	+	80				False		True
ENSG00000238961.1	SNORA47	snoRNA	chr5	77080434	77080571	-	138				False		False
ENSG00000200331.1	RNU6-183P	snRNA	chr5	78314916	78315025	-	110				False		True
ENSG00000201955.1	RNY3P1	misc_RNA	chr5	79170234	79170335	-	102				False		False
ENSG00000206592.1	SNORA18	snoRNA	chr5	79220942	79221073	+	132				False		False
ENSG00000206774.1	RNU6-211P	snRNA	chr5	80365726	80365832	-	107				False		True
ENSG00000265684.2	RN7SL378P	misc_RNA	chr5	82078427	82078724	+	298				False		True
ENSG00000238835.1	SCARNA18	snoRNA	chr5	83064204	83064337	-	134				False		False
ENSG00000253073.1	RN7SKP295	misc_RNA	chr5	83685866	83686018	+	153				False		False
ENSG00000206744.1	RNU6-620P	snRNA	chr5	83703448	83703543	+	96				False		True
ENSG00000202157.1	RNU4-11P	snRNA	chr5	83803554	83803685	+	132				False		True
ENSG00000252861.1	RNU6-448P	snRNA	chr5	84196883	84196989	+	107				False		True
ENSG00000207013.1	RNU6-804P	snRNA	chr5	86663144	86663250	-	107				False		True
ENSG00000251951.1	RN7SKP34	misc_RNA	chr5	87102603	87102846	-	244				False		False
ENSG00000241243.3	RN7SL629P	misc_RNA	chr5	87294189	87294473	-	285				False		True
ENSG00000207452.1	RNU6-606P	snRNA	chr5	87299687	87299797	-	111				False		True
ENSG00000200462.1	RNU6-727P	snRNA	chr5	87420341	87420447	-	107				False		True
ENSG00000206958.1	SNORA70	snoRNA	chr5	88382772	88382907	+	136				False		False
ENSG00000199643.1	RNU4-90P	snRNA	chr5	91270727	91270867	+	141				False		True
ENSG00000276514.1	uc_338	misc_RNA	chr5	94877599	94877777	-	179				False		False
ENSG00000212259.1	RNU6-308P	snRNA	chr5	95521369	95521475	+	107				False		True
ENSG00000206997.1	RNU6-524P	snRNA	chr5	96210121	96210227	-	107				False		True
ENSG00000206698.1	RNU1-73P	snRNA	chr5	97175950	97176113	-	164				False		True
ENSG00000222610.1	RNU6-402P	snRNA	chr5	98889731	98889833	+	103				False		True
ENSG00000207077.1	RNU6-1119P	snRNA	chr5	100153672	100153779	+	108				False		True
ENSG00000207269.1	RN7SKP62	misc_RNA	chr5	100733058	100733386	+	329				False		False
ENSG00000277506.1	RN7SL802P	misc_RNA	chr5	101581830	101582128	+	299				False		True
ENSG00000222987.1	RN7SKP68	misc_RNA	chr5	102302504	102302810	+	307				False		False
ENSG00000201910.1	RNU1-140P	snRNA	chr5	104098874	104099038	+	165				False		True
ENSG00000239808.3	RN7SL255P	misc_RNA	chr5	104260531	104260826	-	296				False		True
ENSG00000252881.1	RNU6-334P	snRNA	chr5	104780288	104780389	-	102				False		True
ENSG00000252337.1	SNORA31	snoRNA	chr5	106546665	106546803	+	139				False		False
ENSG00000239708.3	RN7SL782P	misc_RNA	chr5	107734773	107735066	-	294				False		True
ENSG00000251732.1	RN7SKP122	misc_RNA	chr5	107810629	107810924	+	296				False		False
ENSG00000206593.1	RNU6-47P	snRNA	chr5	109014834	109014940	-	107				False		True
ENSG00000202512.1	RN7SKP230	misc_RNA	chr5	109699500	109699834	-	335				False		False
ENSG00000207177.1	SNORA51	snoRNA	chr5	110684794	110684927	-	134				False		False
ENSG00000253057.1	RN7SKP57	misc_RNA	chr5	111719769	111720061	-	293				False		False
ENSG00000238363.1	SNORA13	snoRNA	chr5	112161485	112161617	+	133				False		False
ENSG00000212370.1	RNU6-482P	snRNA	chr5	112778363	112778469	+	107				False		True
ENSG00000251741.1	RNU4ATAC13P	snRNA	chr5	113493835	113493960	+	126				False		True
ENSG00000222706.1	RN7SKP89	misc_RNA	chr5	114253513	114253754	+	242				False		False
ENSG00000222598.1	RNU2-49P	snRNA	chr5	115774319	115774502	-	184				False		True
ENSG00000212457.1	RNU6-644P	snRNA	chr5	116188455	116188552	-	98				False		True
ENSG00000238904.1	RNU7-34P	snRNA	chr5	118758211	118758274	+	64				False		True
ENSG00000223179.3	RNU6-373P	snRNA	chr5	119007571	119007668	+	98				False		True
ENSG00000206786.1	RNU6-701P	snRNA	chr5	119138859	119138965	+	107				False		True
ENSG00000243333.3	RN7SL174P	misc_RNA	chr5	119306343	119306631	-	289				False		True
ENSG00000251975.1	RNU6-718P	snRNA	chr5	120337549	120337653	-	105				False		True
ENSG00000222609.1	RNU4-69P	snRNA	chr5	120710698	120710840	-	143				False		True
ENSG00000263432.2	RN7SL689P	misc_RNA	chr5	123022487	123022783	-	297				False		True
ENSG00000276047.1	RN7SL711P	misc_RNA	chr5	123070782	123071080	+	299				False		True
ENSG00000222107.1	RN7SKP117	misc_RNA	chr5	125350868	125351131	-	264				False		False
ENSG00000202082.2	RNU6-290P	snRNA	chr5	126553302	126553402	-	101				False		True
ENSG00000252185.1	RNU6-752P	snRNA	chr5	126755316	126755417	-	102				False		True
ENSG00000207290.1	Y_RNA	misc_RNA	chr5	128371099	128371212	-	114				False		False
ENSG00000221562.1	RNU6ATAC10P	snRNA	chr5	129974891	129975001	+	111				False		True
ENSG00000252514.1	RNU7-53P	snRNA	chr5	130386621	130386680	-	60				False		True
ENSG00000253067.1	snoZ6	snoRNA	chr5	132080066	132080133	+	68				False		False
ENSG00000207222.1	RNU6-456P	snRNA	chr5	134500178	134500284	-	107				False		True
ENSG00000240250.3	RN7SL541P	misc_RNA	chr5	134517810	134518092	+	283				False		True
ENSG00000207459.1	RNU6-1311P	snRNA	chr5	134634839	134634945	-	107				False		True
ENSG00000201298.1	RNU6-1164P	snRNA	chr5	134701172	134701278	-	107				False		True
ENSG00000222266.1	RNU6-757P	snRNA	chr5	134715483	134715582	+	100				False		True
ENSG00000278815.1	Vault	misc_RNA	chr5	136080497	136080597	-	101				False		False
ENSG00000277859.1	SMAD5-AS1_1	misc_RNA	chr5	136129516	136129781	+	266				False		False
ENSG00000275646.1	SMAD5-AS1_2	misc_RNA	chr5	136133696	136133826	+	131				False		False
ENSG00000277524.1	SMAD5-AS1_3	misc_RNA	chr5	136133912	136134035	+	124				False		False
ENSG00000274934.1	SMAD5-AS1_4	misc_RNA	chr5	136134082	136134248	+	167				False		False
ENSG00000222924.1	RNU6-1148P	snRNA	chr5	138069355	138069458	-	104				False		True
ENSG00000212460.1	RNU6-460P	snRNA	chr5	138116573	138116680	+	108				False		True
ENSG00000199880.1	RNU6-888P	snRNA	chr5	138123011	138123111	-	101				False		True
ENSG00000222937.1	SNORD63B	snoRNA	chr5	138558970	138559039	-	70				False		False
ENSG00000206989.1	SNORD63	snoRNA	chr5	138561043	138561110	-	68				False		False
ENSG00000252533.1	RNU6-572P	snRNA	chr5	139221758	139221837	+	80				False		True
ENSG00000252213.1	SNORA74D	snoRNA	chr5	139276180	139276320	+	141				False		False
ENSG00000200959.1	SNORA74A	snoRNA	chr5	139278781	139278978	+	198				False		False
ENSG00000253015.1	RN7SKP64	misc_RNA	chr5	139333038	139333365	-	328				False		False
ENSG00000200378.1	RNU5B-4P	snRNA	chr5	139447907	139448017	+	111				False		True
ENSG00000200756.1	RNU6-236P	snRNA	chr5	139717985	139718090	-	106				False		True
ENSG00000222790.1	RNU4-14P	snRNA	chr5	140397323	140397444	-	122				False		True
ENSG00000200051.1	SNORD45	snoRNA	chr5	140527352	140527428	-	77				False		False
ENSG00000200235.1	SNORA27	snoRNA	chr5	140579667	140579792	+	126				False		False
ENSG00000199990.1	VTRNA1-1	misc_RNA	chr5	140711275	140711373	+	99				False		False
ENSG00000202111.1	VTRNA1-2	misc_RNA	chr5	140718925	140719013	+	89				False		False
ENSG00000202515.1	VTRNA1-3	misc_RNA	chr5	140726158	140726246	+	89				False		False
ENSG00000242020.3	RN7SL68P	misc_RNA	chr5	141479316	141479625	+	310				False		True
ENSG00000277968.1	SPRY4-IT1_1	misc_RNA	chr5	142317830	142317920	+	91				False		False
ENSG00000274721.1	SPRY4-IT1_2	misc_RNA	chr5	142318047	142318167	+	121				False		False
ENSG00000253023.1	RNU7-156P	snRNA	chr5	143542514	143542587	-	74				False		True
ENSG00000239390.3	RN7SL87P	misc_RNA	chr5	144140879	144141166	+	288				False		True
ENSG00000201423.1	RN7SKP246	misc_RNA	chr5	144535354	144535670	-	317				False		False
ENSG00000238374.1	RNU7-180P	snRNA	chr5	146245191	146245253	-	63				False		True
ENSG00000241291.3	RN7SL791P	misc_RNA	chr5	146656401	146656695	-	295				False		True
ENSG00000251842.1	RNU6-732P	snRNA	chr5	149057554	149057656	-	103				False		True
ENSG00000200161.1	RN7SKP145	misc_RNA	chr5	149116178	149116480	-	303				False		False
ENSG00000222213.1	RNU6-588P	snRNA	chr5	149606637	149606741	-	105				False		True
ENSG00000242928.3	RN7SL868P	misc_RNA	chr5	149722070	149722372	+	303				False		True
ENSG00000222102.1	RN7SKP232	misc_RNA	chr5	151704289	151704578	-	290				False		False
ENSG00000242976.3	RN7SL177P	misc_RNA	chr5	153755382	153755680	+	299				False		True
ENSG00000241963.3	RN7SL655P	misc_RNA	chr5	154349428	154349725	+	298				False		True
ENSG00000272197.2	RN7SL803P	misc_RNA	chr5	154718383	154718689	-	307				False		True
ENSG00000277039.1	Metazoa_SRP	misc_RNA	chr5	154821943	154822258	+	316				False		True
ENSG00000199468.1	RNU6-556P	snRNA	chr5	156814130	156814234	+	105				False		True
ENSG00000252068.1	RNU6-390P	snRNA	chr5	157579497	157579599	+	103				False		True
ENSG00000206819.1	RNU6-260P	snRNA	chr5	157809098	157809204	+	107				False		True
ENSG00000222626.1	RNU2-48P	snRNA	chr5	157976766	157976956	-	191				False		True
ENSG00000252458.1	SNORA68	snoRNA	chr5	159230194	159230322	+	129				False		False
ENSG00000221601.1	RNU4ATAC2P	snRNA	chr5	159318042	159318167	+	126				False		True
ENSG00000201474.1	RNU6-164P	snRNA	chr5	162477891	162477993	+	103				False		True
ENSG00000251998.1	RNU6-168P	snRNA	chr5	163796065	163796165	-	101				False		True
ENSG00000206845.1	RNU6-209P	snRNA	chr5	164935162	164935268	-	107				False		True
ENSG00000252794.1	RN7SKP60	misc_RNA	chr5	165609441	165609679	+	239				False		False
ENSG00000206614.1	RNU6-477P	snRNA	chr5	169552449	169552555	+	107				False		True
ENSG00000244501.3	RN7SL623P	misc_RNA	chr5	170866835	170867144	+	310				False		True
ENSG00000265740.2	RN7SL339P	misc_RNA	chr5	171359117	171359412	+	296				False		True
ENSG00000206909.1	SNORA70J	snoRNA	chr5	171366118	171366252	+	135				False		False
ENSG00000212529.1	SNORA57	snoRNA	chr5	172252334	172252478	-	145				False		False
ENSG00000212402.1	SNORA74B	snoRNA	chr5	173020728	173020928	+	201				False		False
ENSG00000199219.1	RNU6-500P	snRNA	chr5	173362134	173362240	-	107				False		True
ENSG00000222111.1	RN7SKP148	misc_RNA	chr5	175628188	175628462	+	275				False		False
ENSG00000200648.1	RNU6-226P	snRNA	chr5	175703898	175704004	+	107				False		True
ENSG00000243959.3	RN7SL684P	misc_RNA	chr5	176547433	176547726	-	294				False		True
ENSG00000242341.3	RN7SL646P	misc_RNA	chr5	178377924	178378220	+	297				False		True
ENSG00000252464.1	RN7SKP70	misc_RNA	chr5	178619728	178619998	-	271				False		False
ENSG00000206624.1	RNU1-39P	snRNA	chr5	178884715	178884879	+	165				False		True
ENSG00000274716.1	U4	snRNA	chr5	179492076	179492157	-	82				False		False
ENSG00000222448.1	RN7SKP150	misc_RNA	chr5	179845832	179846152	+	321				False		False
ENSG00000200555.1	RNU6-525P	snRNA	chr5	180444509	180444612	+	104				False		True
ENSG00000199892.2	RNU1-17P	snRNA	chr5	180729586	180729737	+	152				False		True
ENSG00000206686.1	RNU6-1036P	snRNA	chr5	181007281	181007384	+	104				False		True
ENSG00000272296.1	SNORD96A	snoRNA	chr5	181241814	181241892	-	79				False		False
ENSG00000264549.1	SNORD95	snoRNA	chr5	181243312	181243379	-	68				False		False
ENSG00000222533.1	RNU6-705P	snRNA	chr5	181301967	181302070	+	104				False		True
ENSG00000243439.3	RN7SL352P	misc_RNA	chr6	1507322	1507598	+	277				False		True
ENSG00000239472.3	RN7SL221P	misc_RNA	chr6	5918564	5918844	-	281				False		True
ENSG00000240936.3	RN7SL554P	misc_RNA	chr6	6938606	6938897	-	292				False		True
ENSG00000276019.1	HULC	misc_RNA	chr6	8653558	8653797	+	240				False		False
ENSG00000221583.1	RNU6ATAC21P	snRNA	chr6	10222036	10222161	+	126				False		True
ENSG00000202313.1	RNU1-64P	snRNA	chr6	11503509	11503671	-	163				False		True
ENSG00000277473.1	Metazoa_SRP	misc_RNA	chr6	11644067	11644343	+	277				False		True
ENSG00000207419.1	SNORA67	snoRNA	chr6	11709819	11709960	+	142				False		False
ENSG00000223321.1	RN7SKP293	misc_RNA	chr6	12406486	12406781	-	296				False		False
ENSG00000206702.1	RNU1-11P	snRNA	chr6	13214056	13214219	+	164				False		True
ENSG00000202351.1	RN7SKP204	misc_RNA	chr6	13547704	13548013	+	310				False		False
ENSG00000238987.1	RNU7-133P	snRNA	chr6	14156462	14156523	+	62				False		True
ENSG00000206960.1	RNU6-793P	snRNA	chr6	14646535	14646638	+	104				False		True
ENSG00000242989.3	RN7SL332P	misc_RNA	chr6	15112968	15113221	+	254				False		True
ENSG00000201367.1	RNU6-522P	snRNA	chr6	15314920	15315026	+	107				False		True
ENSG00000201519.1	RNU6-645P	snRNA	chr6	15324367	15324472	-	106				False		True
ENSG00000251831.1	RNU6-1114P	snRNA	chr6	16205014	16205120	+	107				False		True
ENSG00000206881.1	RNU6-190P	snRNA	chr6	17619533	17619634	+	102				False		True
ENSG00000200681.1	RNU6-263P	snRNA	chr6	18306973	18307079	-	107				False		True
ENSG00000200957.1	RNU6-801P	snRNA	chr6	19642425	19642529	-	105				False		True
ENSG00000240869.3	RN7SL128P	misc_RNA	chr6	20421583	20421887	-	305				False		True
ENSG00000222431.1	RNU6-141P	snRNA	chr6	20452369	20452473	-	105				False		True
ENSG00000252046.1	RNU6-150P	snRNA	chr6	20993474	20993568	-	95				False		True
ENSG00000222515.1	RN7SKP240	misc_RNA	chr6	22085544	22085918	+	375				False		False
ENSG00000207394.1	RNU6-1060P	snRNA	chr6	23124981	23125087	-	107				False		True
ENSG00000251830.1	SNORD46	snoRNA	chr6	24166273	24166374	+	102				False		False
ENSG00000202050.1	RNU6-391P	snRNA	chr6	24365651	24365754	+	104				False		True
ENSG00000244618.3	RN7SL334P	misc_RNA	chr6	25031009	25031287	-	279				False		True
ENSG00000207490.1	RNU6-987P	snRNA	chr6	25383599	25383702	+	104				False		True
ENSG00000199289.1	RNU6-502P	snRNA	chr6	26519351	26519458	-	108				False		True
ENSG00000222800.1	RNU2-62P	snRNA	chr6	27109790	27109980	-	191				False		True
ENSG00000206671.1	RNU6-471P	snRNA	chr6	27596412	27596517	+	106				False		True
ENSG00000238610.1	RNU7-26P	snRNA	chr6	27897504	27897566	-	63				False		True
ENSG00000251877.1	RNU2-45P	snRNA	chr6	28410270	28410456	+	187				False		True
ENSG00000212240.1	RNU6-930P	snRNA	chr6	28915645	28915744	+	100				False		True
ENSG00000263426.2	RN7SL471P	misc_RNA	chr6	28977475	28977773	+	299				False		True
ENSG00000201330.1	SNORD32B	snoRNA	chr6	29582249	29582332	+	84				False		False
ENSG00000278104.1	ZNRD1-AS1_1	misc_RNA	chr6	30035916	30035983	+	68				False		False
ENSG00000275856.1	ZNRD1-AS1_2	misc_RNA	chr6	30058115	30058190	+	76				False		False
ENSG00000278773.1	ZNRD1-AS1_3	misc_RNA	chr6	30061080	30061183	+	104				False		False
ENSG00000252228.1	SNORA48	snoRNA	chr6	30132805	30132966	-	162				False		False
ENSG00000263608.2	RN7SL353P	misc_RNA	chr6	30751038	30751289	+	252				False		True
ENSG00000202241.1	RN7SKP186	misc_RNA	chr6	30864250	30864552	+	303				False		False
ENSG00000222895.1	RNU6-1133P	snRNA	chr6	31083010	31083109	+	100				False		True
ENSG00000201658.1	RNU6-283P	snRNA	chr6	31370134	31370240	+	107				False		True
ENSG00000201785.1	SNORD117	snoRNA	chr6	31536374	31536449	-	76				False		False
ENSG00000265236.1	SNORD84	snoRNA	chr6	31541101	31541178	-	78				False		False
ENSG00000200816.1	SNORA38	snoRNA	chr6	31623079	31623210	+	132				False		False
ENSG00000252743.1	RNU6-850P	snRNA	chr6	31756951	31757053	-	103				False		True
ENSG00000201823.1	SNORD48	snoRNA	chr6	31835263	31835326	+	64				False		False
ENSG00000201754.1	SNORD52	snoRNA	chr6	31837076	31837142	+	67				False		False
ENSG00000223335.1	RNU6-603P	snRNA	chr6	32352877	32352983	+	107				False		True
ENSG00000251916.1	RNU1-61P	snRNA	chr6	32549940	32550090	-	151				False		True
ENSG00000202441.2	RNY4P10	misc_RNA	chr6	33199601	33199696	+	96				False		False
ENSG00000242014.3	RN7SL26P	misc_RNA	chr6	33540694	33541000	+	307				False		True
ENSG00000265123.2	RN7SL200P	misc_RNA	chr6	34685355	34685642	-	288				False		True
ENSG00000252106.2	RNY3P15	misc_RNA	chr6	34873831	34873927	+	97				False		False
ENSG00000212579.1	SNORA40	snoRNA	chr6	35651818	35651945	+	128				False		False
ENSG00000240733.3	RN7SL502P	misc_RNA	chr6	36450912	36451201	-	290				False		True
ENSG00000239964.3	RN7SL748P	misc_RNA	chr6	36522191	36522501	+	311				False		True
ENSG00000238554.1	RNU1-88P	snRNA	chr6	36639545	36639672	-	128				False		True
ENSG00000239953.3	RN7SL273P	misc_RNA	chr6	37361185	37361483	+	299				False		True
ENSG00000243313.2	RN7SL285P	misc_RNA	chr6	37832922	37833185	-	264				False		True
ENSG00000200597.1	RNU1-87P	snRNA	chr6	37915573	37915742	+	170				False		True
ENSG00000200706.1	SNORD45	snoRNA	chr6	38207274	38207345	+	72				False		False
ENSG00000244297.3	RN7SL465P	misc_RNA	chr6	38744086	38744386	+	301				False		True
ENSG00000252990.1	RNU1-54P	snRNA	chr6	39620345	39620464	-	120				False		True
ENSG00000252767.1	RNU6-250P	snRNA	chr6	40407853	40407955	+	103				False		True
ENSG00000206745.1	RNU6-643P	snRNA	chr6	41302466	41302572	-	107				False		True
ENSG00000206977.1	SNORA8	snoRNA	chr6	41832854	41832993	+	140				False		False
ENSG00000206875.1	RNU6-761P	snRNA	chr6	42018408	42018514	-	107				False		True
ENSG00000206848.1	RNU6-890P	snRNA	chr6	42664162	42664268	+	107				False		True
ENSG00000240625.3	RN7SL403P	misc_RNA	chr6	43036196	43036500	-	305				False		True
ENSG00000207076.1	RNU6-1113P	snRNA	chr6	43474186	43474292	+	107				False		True
ENSG00000252218.1	SCARNA15	scaRNA	chr6	43544144	43544270	+	127				False		False
ENSG00000265439.2	RN7SL811P	misc_RNA	chr6	44209766	44210063	+	298				False		True
ENSG00000212468.1	RNU6-754P	snRNA	chr6	46018745	46018851	+	107				False		True
ENSG00000252711.1	RN7SKP116	misc_RNA	chr6	47715283	47715601	+	319				False		False
ENSG00000200340.1	RNU1-105P	snRNA	chr6	47823390	47823550	+	161				False		True
ENSG00000252457.1	RNU7-65P	snRNA	chr6	49344800	49344861	-	62				False		True
ENSG00000212532.1	SNORD66	snoRNA	chr6	51464690	51464765	+	76				False		False
ENSG00000240641.3	RN7SL580P	misc_RNA	chr6	51975673	51975959	+	287				False		True
ENSG00000202198.1	7SK	misc_RNA	chr6	52995620	52995950	+	331				False		False
ENSG00000283293.1	RN7SK	snRNA	chr6	52995621	52995948	+	328				False		False
ENSG00000242865.3	RN7SL244P	misc_RNA	chr6	53090961	53091257	+	297				False		True
ENSG00000253026.1	RNU6-464P	snRNA	chr6	53153795	53153898	-	104				False		True
ENSG00000206908.1	RNU1-136P	snRNA	chr6	53219261	53219424	+	164				False		True
ENSG00000253010.1	RN7SKP256	misc_RNA	chr6	53415294	53415607	-	314				False		False
ENSG00000251946.1	RNU6-1023P	snRNA	chr6	54786387	54786492	+	106				False		True
ENSG00000200224.2	RNU6-626P	snRNA	chr6	56945730	56945836	+	107				False		True
ENSG00000238949.1	RNU7-66P	snRNA	chr6	66728843	66728904	-	62				False		True
ENSG00000212229.1	SNORD65	snoRNA	chr6	67210408	67210480	-	73				False		False
ENSG00000201015.1	RNU6-280P	snRNA	chr6	67546651	67546754	+	104				False		True
ENSG00000238386.1	RNU7-48P	snRNA	chr6	70513294	70513356	+	63				False		True
ENSG00000221345.2	U3	snoRNA	chr6	71126893	71127105	-	213				False		False
ENSG00000207180.1	RNU6-411P	snRNA	chr6	71182612	71182718	+	107				False		True
ENSG00000202069.1	RNU4-66P	snRNA	chr6	71652474	71652611	-	138				False		True
ENSG00000207023.1	RNU6-975P	snRNA	chr6	73464073	73464177	+	105				False		True
ENSG00000271986.2	RN7SL827P	misc_RNA	chr6	73487590	73487877	-	288				False		True
ENSG00000201291.1	RNU1-34P	snRNA	chr6	75473738	75473894	-	157				False		True
ENSG00000252137.1	RNU6-1338P	snRNA	chr6	75593055	75593145	+	91				False		True
ENSG00000252498.1	RNU6-1016P	snRNA	chr6	75644084	75644177	+	94				False		True
ENSG00000200091.1	RN7SKP163	misc_RNA	chr6	75654970	75655299	-	330				False		False
ENSG00000252156.1	RNU6-155P	snRNA	chr6	75768059	75768158	-	100				False		True
ENSG00000222652.1	RNU6-248P	snRNA	chr6	76092834	76092940	+	107				False		True
ENSG00000238697.1	RNU6-261P	snRNA	chr6	76446988	76447089	-	102				False		True
ENSG00000272445.1	RNU6-84P	snRNA	chr6	76557653	76557754	-	102				False		True
ENSG00000206886.1	SNORA70	snoRNA	chr6	81764024	81764156	+	133				False		False
ENSG00000223044.1	RNU6-130P	snRNA	chr6	82210338	82210440	-	103				False		True
ENSG00000275072.1	SNORD50B	snoRNA	chr6	85677589	85677658	-	70				False		False
ENSG00000222686.1	RNU4-72P	snRNA	chr6	85751581	85751753	+	173				False		True
ENSG00000200427.1	Y_RNA	misc_RNA	chr6	85777639	85777755	-	117				False		False
ENSG00000202103.1	RNU4-12P	snRNA	chr6	85993021	85993159	-	139				False		True
ENSG00000243124.3	RN7SL643P	misc_RNA	chr6	86435848	86436138	+	291				False		True
ENSG00000252697.1	RN7SKP209	misc_RNA	chr6	87083233	87083536	+	304				False		False
ENSG00000206715.1	RNU6-444P	snRNA	chr6	87488445	87488552	+	108				False		True
ENSG00000238628.1	snoU13	snoRNA	chr6	87720915	87721018	+	104				False		False
ENSG00000240997.3	RN7SL183P	misc_RNA	chr6	87845650	87845947	+	298				False		True
ENSG00000222145.1	SNORA73	snoRNA	chr6	88714242	88714430	-	189				False		False
ENSG00000223001.1	RNU2-61P	snRNA	chr6	89063500	89063690	-	191				False		True
ENSG00000264017.2	RN7SL336P	misc_RNA	chr6	89090946	89091242	+	297				False		True
ENSG00000239316.3	RN7SL11P	misc_RNA	chr6	89478141	89478433	+	293				False		True
ENSG00000222078.1	RN7SKP110	misc_RNA	chr6	90001222	90001506	-	285				False		False
ENSG00000240961.3	RN7SL415P	misc_RNA	chr6	91739609	91739897	+	289				False		True
ENSG00000252249.1	SNORA18	snoRNA	chr6	93879106	93879229	+	124				False		False
ENSG00000242560.3	RN7SL797P	misc_RNA	chr6	96282567	96282863	+	297				False		True
ENSG00000207309.1	RNU4-70P	snRNA	chr6	96649453	96649591	-	139				False		True
ENSG00000263479.2	RN7SL509P	misc_RNA	chr6	96914699	96914995	-	297				False		True
ENSG00000202283.1	SNORA33	snoRNA	chr6	103583135	103583268	+	134				False		False
ENSG00000252944.1	RNU6-897P	snRNA	chr6	104766822	104766926	+	105				False		True
ENSG00000212147.1	RNU6-1106P	snRNA	chr6	105045562	105045668	-	107				False		True
ENSG00000200198.1	RN7SKP211	misc_RNA	chr6	105904373	105904687	+	315				False		False
ENSG00000273744.1	U4	snRNA	chr6	106271634	106271720	+	87				False		False
ENSG00000244710.3	RN7SL47P	misc_RNA	chr6	106283413	106283711	-	299				False		True
ENSG00000252444.1	RNU6-344P	snRNA	chr6	106304176	106304286	+	111				False		True
ENSG00000200295.1	RNU6-527P	snRNA	chr6	106607716	106607819	+	104				False		True
ENSG00000202285.1	RNU6-117P	snRNA	chr6	106738948	106739054	-	107				False		True
ENSG00000252125.1	RNU6-1299P	snRNA	chr6	107133071	107133170	+	100				False		True
ENSG00000238420.1	RNU6-437P	snRNA	chr6	107930088	107930182	+	95				False		True
ENSG00000206974.1	RNU6-1144P	snRNA	chr6	108292766	108292869	+	104				False		True
ENSG00000200799.1	RNU6-770P	snRNA	chr6	108392073	108392177	+	105				False		True
ENSG00000199944.1	RNU6-653P	snRNA	chr6	109059509	109059614	-	106				False		True
ENSG00000201023.1	RNY3P11	misc_RNA	chr6	109305494	109305595	+	102				False		False
ENSG00000241162.3	RN7SL617P	misc_RNA	chr6	110439996	110440303	-	308				False		True
ENSG00000200522.1	RNU6-957P	snRNA	chr6	110722250	110722348	-	99				False		True
ENSG00000212587.1	SNORA40C	snoRNA	chr6	110848546	110848673	+	128				False		False
ENSG00000199360.1	RNU6-1115P	snRNA	chr6	110856417	110856522	+	106				False		True
ENSG00000200926.1	RNU6-960P	snRNA	chr6	111091213	111091332	-	120				False		True
ENSG00000207044.1	RNU6-1226P	snRNA	chr6	112196440	112196546	-	107				False		True
ENSG00000201386.1	RNU6-1163P	snRNA	chr6	112971493	112971599	+	107				False		True
ENSG00000251882.1	RNU6-475P	snRNA	chr6	114866873	114866976	-	104				False		True
ENSG00000251814.1	RN7SKP18	misc_RNA	chr6	117299364	117299638	+	275				False		False
ENSG00000222713.1	RN7SKP51	misc_RNA	chr6	117301455	117301758	+	304				False		False
ENSG00000207461.1	RNU6-253P	snRNA	chr6	117457734	117457838	-	105				False		True
ENSG00000200732.1	RNU6-194P	snRNA	chr6	119327281	119327385	+	105				False		True
ENSG00000206857.1	RNU6-214P	snRNA	chr6	120526294	120526400	-	107				False		True
ENSG00000206598.1	RNU6-1286P	snRNA	chr6	121354354	121354460	+	107				False		True
ENSG00000199458.1	RNU4-35P	snRNA	chr6	121453981	121454121	-	141				False		True
ENSG00000201379.1	RNU4-76P	snRNA	chr6	121542486	121542626	-	141				False		True
ENSG00000222659.1	RNU2-8P	snRNA	chr6	121580332	121580521	-	190				False		True
ENSG00000199932.1	RNU1-18P	snRNA	chr6	122211648	122211811	+	164				False		True
ENSG00000240606.3	RN7SL564P	misc_RNA	chr6	122745280	122745529	+	250				False		True
ENSG00000222445.1	RN7SKP56	misc_RNA	chr6	125875168	125875498	+	331				False		False
ENSG00000201613.1	RNU6-200P	snRNA	chr6	126590287	126590393	-	107				False		True
ENSG00000252554.1	RNU6-861P	snRNA	chr6	129436875	129436980	-	106				False		True
ENSG00000252560.1	RNU4-18P	snRNA	chr6	131642818	131642966	-	149				False		True
ENSG00000200895.1	RN7SKP245	misc_RNA	chr6	131820334	131820653	+	320				False		False
ENSG00000206754.1	SNORD101	snoRNA	chr6	132815307	132815379	+	73				False		False
ENSG00000221500.1	SNORD100	snoRNA	chr6	132816802	132816877	+	76				False		False
ENSG00000266875.2	RN7SL408P	misc_RNA	chr6	134133573	134133868	+	296				False		True
ENSG00000271765.1	RN7SKP299	misc_RNA	chr6	136545192	136545492	+	301				False		False
ENSG00000201807.1	SNORA27	snoRNA	chr6	136855698	136855831	-	134				False		False
ENSG00000222764.1	RN7SKP106	misc_RNA	chr6	141486141	141486412	-	272				False		False
ENSG00000276680.1	HYMAI	misc_RNA	chr6	144007227	144007464	+	238				False		False
ENSG00000201119.1	RNU1-33P	snRNA	chr6	145463238	145463399	-	162				False		True
ENSG00000207431.2	RNU6-906P	snRNA	chr6	146639700	146639769	+	70				False		True
ENSG00000207345.1	RNU6-1222P	snRNA	chr6	148278672	148278778	+	107				False		True
ENSG00000241391.3	RN7SL234P	misc_RNA	chr6	149291352	149291646	+	295				False		True
ENSG00000252244.1	RNU7-3P	snRNA	chr6	149516956	149517017	+	62				False		True
ENSG00000202343.1	SNORA2	snoRNA	chr6	149594625	149594759	+	135				False		False
ENSG00000201628.1	RNU4-7P	snRNA	chr6	150326623	150326763	-	141				False		True
ENSG00000202119.1	RNU6-302P	snRNA	chr6	150939222	150939328	+	107				False		True
ENSG00000238616.1	RNU6-300P	snRNA	chr6	151201341	151201444	+	104				False		True
ENSG00000252431.1	RNU6-1247P	snRNA	chr6	151280515	151280612	-	98				False		True
ENSG00000252487.1	RNY4P20	misc_RNA	chr6	151298841	151298933	-	93				False		False
ENSG00000223039.1	RN7SKP268	misc_RNA	chr6	151319635	151319950	+	316				False		False
ENSG00000207422.1	RNU6-813P	snRNA	chr6	151615773	151615879	-	107				False		True
ENSG00000199246.1	RNU6-896P	snRNA	chr6	153681447	153681553	+	107				False		True
ENSG00000200594.1	RNU6-824P	snRNA	chr6	154825176	154825279	-	104				False		True
ENSG00000238963.2	U8	snoRNA	chr6	154905076	154905206	-	131				False		False
ENSG00000238789.1	RNU7-152P	snRNA	chr6	155654963	155655026	-	64				False		True
ENSG00000212295.1	SNORD28B	snoRNA	chr6	156378750	156378824	+	75				False		False
ENSG00000252658.1	RNU6-786P	snRNA	chr6	157934168	157934257	+	90				False		True
ENSG00000243373.3	RN7SL173P	misc_RNA	chr6	158437797	158438088	+	292				False		True
ENSG00000223191.1	RNU6-293P	snRNA	chr6	158926466	158926571	-	106				False		True
ENSG00000251988.1	RNU4ATAC18P	snRNA	chr6	159720415	159720540	-	126				False		True
ENSG00000207392.1	SNORA20	snoRNA	chr6	159780250	159780381	-	132				False		False
ENSG00000206910.1	SNORA29	snoRNA	chr6	159785594	159785733	-	140				False		False
ENSG00000266128.2	RN7SL366P	misc_RNA	chr6	163840561	163840852	+	292				False		True
ENSG00000206681.1	RNU6-730P	snRNA	chr6	165718235	165718338	-	104				False		True
ENSG00000201292.1	RNU6-153P	snRNA	chr6	166209403	166209506	+	104				False		True
ENSG00000201794.1	RN7SKP130	misc_RNA	chr7	2999094	2999394	+	301				False		False
ENSG00000202039.1	RNU6-215P	snRNA	chr7	5180061	5180162	+	102				False		True
ENSG00000277265.1	RN7SL556P	misc_RNA	chr7	5871753	5872050	-	298				False		True
ENSG00000207217.1	SNORA80D	snoRNA	chr7	6016877	6017011	+	135				False		False
ENSG00000240718.3	RN7SL851P	misc_RNA	chr7	6047721	6048023	-	303				False		True
ENSG00000252929.1	RNU6-218P	snRNA	chr7	6057500	6057604	+	105				False		True
ENSG00000201747.1	RNU6-534P	snRNA	chr7	7906519	7906624	+	106				False		True
ENSG00000199470.1	SNORA64	snoRNA	chr7	12700758	12700889	-	132				False		False
ENSG00000222974.1	RN7SKP228	misc_RNA	chr7	12876684	12876946	+	263				False		False
ENSG00000199473.1	SNORA63	snoRNA	chr7	17373201	17373326	-	126				False		False
ENSG00000222164.1	RN7SKP266	misc_RNA	chr7	18807993	18808279	-	287				False		False
ENSG00000200753.1	SNORD56	snoRNA	chr7	20377331	20377401	+	71				False		False
ENSG00000243633.3	RN7SL542P	misc_RNA	chr7	21215537	21215830	-	294				False		True
ENSG00000195024.2	RNU1-15P	snRNA	chr7	21381363	21381506	+	144				False		True
ENSG00000221740.1	SNORD93	snoRNA	chr7	22856613	22856686	+	74				False		False
ENSG00000212264.1	SNORD65C	snoRNA	chr7	23396446	23396516	+	71				False		False
ENSG00000252590.1	RNU7-143P	snRNA	chr7	23450658	23450722	+	65				False		True
ENSG00000206877.1	RNU6-1103P	snRNA	chr7	24537332	24537438	+	107				False		True
ENSG00000202233.2	U3	snoRNA	chr7	25264656	25264882	+	227				False		False
ENSG00000276528.1	HOTAIRM1_1	misc_RNA	chr7	27096124	27096248	+	125				False		False
ENSG00000276771.1	HOTAIRM1_2	misc_RNA	chr7	27098900	27099114	+	215				False		False
ENSG00000274864.1	HOTAIRM1_3	misc_RNA	chr7	27099778	27099836	+	59				False		False
ENSG00000274396.1	HOTAIRM1_4	misc_RNA	chr7	27099856	27099957	+	102				False		False
ENSG00000277694.1	HOTAIRM1_5	misc_RNA	chr7	27099967	27100111	+	145				False		False
ENSG00000273961.1	HOXA11-AS1_1	misc_RNA	chr7	27185433	27185530	+	98				False		False
ENSG00000278334.1	HOXA11-AS1_2	misc_RNA	chr7	27185832	27186018	+	187				False		False
ENSG00000276496.1	HOXA11-AS1_3	misc_RNA	chr7	27186166	27186263	+	98				False		False
ENSG00000277966.1	HOXA11-AS1_4	misc_RNA	chr7	27186892	27187124	+	233				False		False
ENSG00000278592.1	HOXA11-AS1_5	misc_RNA	chr7	27187819	27188021	+	203				False		False
ENSG00000278020.1	HOXA11-AS1_6	misc_RNA	chr7	27188816	27188994	+	179				False		False
ENSG00000276609.1	HOTTIP_1	misc_RNA	chr7	27200465	27200521	+	57				False		False
ENSG00000278708.1	HOTTIP_2	misc_RNA	chr7	27201844	27202219	+	376				False		False
ENSG00000277469.1	HOTTIP_3	misc_RNA	chr7	27202302	27202638	+	337				False		False
ENSG00000277553.1	HOTTIP_4	misc_RNA	chr7	27206139	27206303	+	165				False		False
ENSG00000206623.1	RNU6-979P	snRNA	chr7	28118113	28118219	-	107				False		True
ENSG00000238906.1	snoU13	snoRNA	chr7	29912528	29912632	+	105				False		False
ENSG00000252821.1	RNU6-388P	snRNA	chr7	33001950	33002054	-	105				False		True
ENSG00000241420.3	RN7SL505P	misc_RNA	chr7	33045798	33046090	-	293				False		True
ENSG00000202431.1	RNU6-438P	snRNA	chr7	34297496	34297598	-	103				False		True
ENSG00000242653.3	RN7SL132P	misc_RNA	chr7	34753424	34753719	+	296				False		True
ENSG00000200446.1	RNU6-1085P	snRNA	chr7	35930158	35930264	-	107				False		True
ENSG00000222869.1	RNU6-565P	snRNA	chr7	37351143	37351242	+	100				False		True
ENSG00000200113.1	SNORA51	snoRNA	chr7	37419628	37419767	+	140				False		False
ENSG00000241756.3	RN7SL83P	misc_RNA	chr7	38531042	38531338	-	297				False		True
ENSG00000206947.1	SNORA20B	snoRNA	chr7	39329003	39329134	-	132				False		False
ENSG00000252480.1	RNU6-719P	snRNA	chr7	39768341	39768444	+	104				False		True
ENSG00000242855.3	RN7SL496P	misc_RNA	chr7	39888375	39888664	+	290				False		True
ENSG00000252983.1	RNU7-35P	snRNA	chr7	43194421	43194482	+	62				False		True
ENSG00000223258.1	RNU6-575P	snRNA	chr7	43207762	43207866	-	105				False		True
ENSG00000200456.1	RNU6-1097P	snRNA	chr7	44503773	44503879	-	107				False		True
ENSG00000277184.1	SNORA9	snoRNA	chr7	44985378	44985510	-	133				False		False
ENSG00000206838.1	SNORA5A	snoRNA	chr7	45104349	45104482	-	134				False		False
ENSG00000201772.1	SNORA5C	snoRNA	chr7	45104906	45105042	-	137				False		False
ENSG00000200656.1	SNORA5B	snoRNA	chr7	45105968	45106099	-	132				False		False
ENSG00000212450.1	RNU6-241P	snRNA	chr7	45789585	45789688	+	104				False		True
ENSG00000202350.1	RNU6-326P	snRNA	chr7	45843634	45843740	+	107				False		True
ENSG00000200815.1	RNU6-1091P	snRNA	chr7	50435380	50435486	+	107				False		True
ENSG00000201133.1	SNORA4	snoRNA	chr7	50935350	50935493	-	144				False		False
ENSG00000242650.3	RN7SL292P	misc_RNA	chr7	51716657	51716922	+	266				False		True
ENSG00000253028.1	SNORA31	snoRNA	chr7	52269437	52269569	-	133				False		False
ENSG00000199629.1	RNU1-14P	snRNA	chr7	53366058	53366209	+	152				False		True
ENSG00000222154.1	RN7SKP218	misc_RNA	chr7	53490148	53490439	-	292				False		False
ENSG00000222355.1	RNU2-29P	snRNA	chr7	53776136	53776324	+	189				False		True
ENSG00000200471.1	RNU6-1125P	snRNA	chr7	54621025	54621131	+	107				False		True
ENSG00000252857.1	RNU6-389P	snRNA	chr7	55685977	55686081	+	105				False		True
ENSG00000206729.1	RNU6-1126P	snRNA	chr7	55789368	55789474	+	107				False		True
ENSG00000206603.1	SNORA22B	snoRNA	chr7	56055365	56055502	+	138				False		False
ENSG00000207168.1	SNORA15	snoRNA	chr7	56060470	56060602	+	133				False		False
ENSG00000202296.1	RNU6-1335P	snRNA	chr7	56340231	56340337	-	107				False		True
ENSG00000223330.1	RNU6-1052P	snRNA	chr7	56402070	56402173	-	104				False		True
ENSG00000238431.1	RNU7-157P	snRNA	chr7	57227001	57227066	+	66				False		True
ENSG00000207443.1	RNU6-417P	snRNA	chr7	63011463	63011569	-	107				False		True
ENSG00000199231.1	snoU2_19	snoRNA	chr7	63175940	63176019	-	80				False		False
ENSG00000201165.1	RNU6-1229P	snRNA	chr7	65023204	65023310	-	107				False		True
ENSG00000207344.1	SNORA22C	snoRNA	chr7	65065999	65066132	+	134				False		False
ENSG00000207062.1	SNORA15B-1	snoRNA	chr7	65070538	65070672	+	135				False		False
ENSG00000206634.1	SNORA22	snoRNA	chr7	65755526	65755659	+	134				False		False
ENSG00000206785.1	SNORA15B-2	snoRNA	chr7	65760052	65760186	+	135				False		False
ENSG00000200670.1	RNU6-912P	snRNA	chr7	65814672	65814775	+	104				False		True
ENSG00000201560.1	RNU6-973P	snRNA	chr7	65859660	65859766	-	107				False		True
ENSG00000252126.2	RNU6-313P	snRNA	chr7	66344303	66344414	+	112				False		True
ENSG00000212568.1	RNU6-1254P	snRNA	chr7	66891188	66891291	+	104				False		True
ENSG00000275878.1	RN7SL43P	misc_RNA	chr7	66980120	66980410	+	291				False		True
ENSG00000200189.1	RNU6-832P	snRNA	chr7	69125270	69125376	+	107				False		True
ENSG00000252423.1	RNU6-229P	snRNA	chr7	69401202	69401303	-	102				False		True
ENSG00000199940.1	RN7SKP75	misc_RNA	chr7	71685452	71685747	-	296				False		False
ENSG00000266569.2	RN7SL377P	misc_RNA	chr7	72822894	72823171	-	278				False		True
ENSG00000274656.1	RN7SL625P	misc_RNA	chr7	72841437	72841727	-	291				False		True
ENSG00000206709.1	RNU6-1080P	snRNA	chr7	73339094	73339200	-	107				False		True
ENSG00000252713.1	RNU6-1198P	snRNA	chr7	73507208	73507274	+	67				False		True
ENSG00000241709.3	RN7SL265P	misc_RNA	chr7	73732569	73732868	-	300				False		True
ENSG00000277127.1	Metazoa_SRP	misc_RNA	chr7	75057877	75058188	+	312				False		True
ENSG00000201643.1	SNORA14A	snoRNA	chr7	75943782	75943916	+	135				False		False
ENSG00000251798.1	RNU6-863P	snRNA	chr7	76087444	76087547	+	104				False		True
ENSG00000212545.1	RNU6-337P	snRNA	chr7	79030240	79030345	+	106				False		True
ENSG00000212482.1	RNU6-530P	snRNA	chr7	79343266	79343372	-	107				False		True
ENSG00000206818.1	RNU6-849P	snRNA	chr7	79912104	79912208	-	105				False		True
ENSG00000244392.3	RN7SL869P	misc_RNA	chr7	80245926	80246225	+	300				False		True
ENSG00000240347.3	RN7SL35P	misc_RNA	chr7	80318253	80318544	+	292				False		True
ENSG00000278236.1	uc_338	misc_RNA	chr7	87184849	87185020	+	172				False		False
ENSG00000273623.1	TP53TG1_1	misc_RNA	chr7	87345082	87345233	+	152				False		False
ENSG00000276185.1	TP53TG1_2	misc_RNA	chr7	87345305	87345486	+	182				False		False
ENSG00000207094.1	SNORA67	snoRNA	chr7	88449092	88449231	-	140				False		False
ENSG00000239075.1	RNU6-274P	snRNA	chr7	89754620	89754726	-	107				False		True
ENSG00000206763.1	RNU6-10P	snRNA	chr7	92701708	92701814	-	107				False		True
ENSG00000266794.2	RN7SL7P	misc_RNA	chr7	92971002	92971299	-	298				False		True
ENSG00000222870.1	RNU6-1328P	snRNA	chr7	94495299	94495404	+	106				False		True
ENSG00000239030.1	RNU6-956P	snRNA	chr7	94712409	94712511	+	103				False		True
ENSG00000222220.1	RN7SKP129	misc_RNA	chr7	94801514	94801812	+	299				False		False
ENSG00000201607.1	RNU4-16P	snRNA	chr7	95098227	95098367	+	141				False		True
ENSG00000207045.1	RNU6-532P	snRNA	chr7	96330638	96330744	+	107				False		True
ENSG00000207115.1	RNU6-364P	snRNA	chr7	96341140	96341246	+	107				False		True
ENSG00000252872.1	RNU7-188P	snRNA	chr7	96377857	96377920	+	64				False		True
ENSG00000244318.3	RN7SL252P	misc_RNA	chr7	96940068	96940364	-	297				False		True
ENSG00000274409.1	DLX6-AS1_1	misc_RNA	chr7	96965302	96965481	+	180				False		False
ENSG00000277124.1	DLX6-AS1_2	misc_RNA	chr7	96965489	96965695	+	207				False		False
ENSG00000274709.1	Evf-2_5p	misc_RNA	chr7	97013925	97014066	-	142				False		False
ENSG00000199475.1	RN7SKP104	misc_RNA	chr7	97598933	97599260	-	328				False		False
ENSG00000277946.1	RN7SL478P	misc_RNA	chr7	97998325	97998622	+	298				False		True
ENSG00000207204.1	RNU6-393P	snRNA	chr7	98794718	98794824	-	107				False		True
ENSG00000222966.1	SNORA40	snoRNA	chr7	99952033	99952158	+	126				False		False
ENSG00000242101.3	RN7SL416P	misc_RNA	chr7	100530362	100530659	-	298				False		True
ENSG00000263672.2	RN7SL750P	misc_RNA	chr7	100821027	100821264	-	238				False		True
ENSG00000239825.3	RN7SL549P	misc_RNA	chr7	100906291	100906572	-	282				False		True
ENSG00000222636.1	RN7SKP54	misc_RNA	chr7	101058299	101058567	+	269				False		False
ENSG00000207454.1	RNU6-1104P	snRNA	chr7	101269938	101270041	-	104				False		True
ENSG00000252824.1	SNORA48	snoRNA	chr7	102194076	102194164	-	89				False		False
ENSG00000252643.1	RNU6-1136P	snRNA	chr7	102834605	102834708	+	104				False		True
ENSG00000238324.1	RN7SKP198	misc_RNA	chr7	102857450	102857755	+	306				False		False
ENSG00000222386.1	RN7SKP86	misc_RNA	chr7	103484208	103484539	-	332				False		False
ENSG00000243352.3	RN7SL8P	misc_RNA	chr7	104911928	104912193	+	266				False		True
ENSG00000201179.1	RNU6-1322P	snRNA	chr7	105332790	105332896	+	107				False		True
ENSG00000201796.1	RNU6-392P	snRNA	chr7	106208167	106208267	+	101				False		True
ENSG00000238832.1	snoU109	snoRNA	chr7	107603363	107603507	+	145				False		False
ENSG00000202406.1	RN7SKP187	misc_RNA	chr7	112288623	112288952	+	330				False		False
ENSG00000202377.1	SNORA25B	snoRNA	chr7	115581315	115581442	-	128				False		False
ENSG00000275359.1	ST7-AS1_1	misc_RNA	chr7	116952698	116952813	+	116				False		False
ENSG00000277583.1	ST7-AS1_2	misc_RNA	chr7	116953214	116953324	+	111				False		False
ENSG00000273596.1	ST7-OT4_1	misc_RNA	chr7	116954480	116954679	+	200				False		False
ENSG00000273571.1	ST7-OT4_2	misc_RNA	chr7	116954983	116955154	+	172				False		False
ENSG00000276100.1	ST7-OT4_3	misc_RNA	chr7	116956431	116956723	+	293				False		False
ENSG00000274606.1	ST7-OT4_4	misc_RNA	chr7	116959593	116959805	+	213				False		False
ENSG00000274344.1	ST7-AS2_1	misc_RNA	chr7	117117912	117117983	+	72				False		False
ENSG00000275054.1	ST7-OT3_1	misc_RNA	chr7	117184126	117184199	+	74				False		False
ENSG00000278526.1	ST7-OT3_2	misc_RNA	chr7	117190133	117190269	+	137				False		False
ENSG00000278482.1	ST7-OT3_3	misc_RNA	chr7	117191647	117191761	+	115				False		False
ENSG00000271739.1	RNU1-29P	snRNA	chr7	120005976	120006101	-	126				False		True
ENSG00000252023.1	RNU6-581P	snRNA	chr7	120672871	120672975	+	105				False		True
ENSG00000207090.1	RNU6-517P	snRNA	chr7	121194948	121195057	-	110				False		True
ENSG00000252704.1	RN7SKP277	misc_RNA	chr7	121736443	121736725	+	283				False		False
ENSG00000252003.1	RNU7-154P	snRNA	chr7	122081720	122081781	+	62				False		True
ENSG00000207338.1	RNU6-296P	snRNA	chr7	123457988	123458094	-	107				False		True
ENSG00000201104.1	RNU6-11P	snRNA	chr7	123790605	123790711	-	107				False		True
ENSG00000207214.1	RNU6-102P	snRNA	chr7	124647719	124647822	+	104				False		True
ENSG00000238750.1	RNU7-27P	snRNA	chr7	128344081	128344142	+	62				False		True
ENSG00000238590.1	RNU7-54P	snRNA	chr7	128443449	128443510	-	62				False		True
ENSG00000223189.1	RNU6-177P	snRNA	chr7	128627172	128627275	+	104				False		True
ENSG00000244218.3	RN7SL81P	misc_RNA	chr7	128761338	128761598	+	261				False		True
ENSG00000242241.3	RN7SL306P	misc_RNA	chr7	128970734	128971029	+	296				False		True
ENSG00000200629.1	RNY1P11	misc_RNA	chr7	129164849	129164961	+	113				False		False
ENSG00000199846.1	RNU1-72P	snRNA	chr7	129484504	129484656	+	153				False		True
ENSG00000277269.1	MESTIT1_1	misc_RNA	chr7	130487483	130487622	+	140				False		False
ENSG00000278055.1	MESTIT1_2	misc_RNA	chr7	130488304	130488538	+	235				False		False
ENSG00000274500.1	MESTIT1_3	misc_RNA	chr7	130489868	130489966	+	99				False		False
ENSG00000199627.1	RNU6-1010P	snRNA	chr7	131054886	131054992	-	107				False		True
ENSG00000201009.1	SNORD46	snoRNA	chr7	132753023	132753126	+	104				False		False
ENSG00000272393.1	RNU6-92P	snRNA	chr7	133082829	133082932	+	104				False		True
ENSG00000212303.1	RNU6-1154P	snRNA	chr7	135665599	135665702	-	104				False		True
ENSG00000199700.1	RNU6-223P	snRNA	chr7	135960703	135960809	+	107				False		True
ENSG00000202023.1	SNORD81	snoRNA	chr7	137287687	137287762	+	76				False		False
ENSG00000222514.1	RN7SKP223	misc_RNA	chr7	138091254	138091315	+	62				False		False
ENSG00000199646.1	RNU6-1272P	snRNA	chr7	138876359	138876465	-	107				False		True
ENSG00000206843.1	RNU6-206P	snRNA	chr7	139315291	139315394	-	104				False		True
ENSG00000252332.1	RNU6-911P	snRNA	chr7	139448740	139448843	+	104				False		True
ENSG00000199971.1	RNU6-797P	snRNA	chr7	140209563	140209671	-	109				False		True
ENSG00000199283.1	RNU1-58P	snRNA	chr7	140241870	140242032	+	163				False		True
ENSG00000240173.3	RN7SL771P	misc_RNA	chr7	140645829	140646126	+	298				False		True
ENSG00000271932.1	RNU6-85P	snRNA	chr7	140884072	140884178	+	107				False		True
ENSG00000223212.1	RNU4-74P	snRNA	chr7	141052249	141052409	+	161				False		True
ENSG00000212153.1	RNU1-82P	snRNA	chr7	141727984	141728148	+	165				False		True
ENSG00000239419.3	RN7SL535P	misc_RNA	chr7	143290615	143290910	+	296				False		True
ENSG00000240322.3	RN7SL481P	misc_RNA	chr7	143298516	143298814	+	299				False		True
ENSG00000252037.1	RNU6-162P	snRNA	chr7	143574746	143574848	+	103				False		True
ENSG00000252523.1	RNU6-267P	snRNA	chr7	143754628	143754730	-	103				False		True
ENSG00000221507.1	RNU6ATAC40P	snRNA	chr7	144451681	144451817	+	137				False		True
ENSG00000200673.1	RN7SKP174	misc_RNA	chr7	144849755	144850084	-	330				False		False
ENSG00000207318.1	RNU6-1184P	snRNA	chr7	147831770	147831877	+	108				False		True
ENSG00000242266.3	RN7SL456P	misc_RNA	chr7	147940007	147940301	+	295				False		True
ENSG00000243374.3	RN7SL72P	misc_RNA	chr7	148438309	148438577	+	269				False		True
ENSG00000251712.3	RNU7-20P	snRNA	chr7	148821012	148821073	+	62				False		True
ENSG00000239468.3	RN7SL569P	misc_RNA	chr7	148890226	148890513	+	288				False		True
ENSG00000252316.1	RNY4	misc_RNA	chr7	148963315	148963410	+	96				False		False
ENSG00000202354.1	RNY3	misc_RNA	chr7	148983755	148983856	+	102				False		False
ENSG00000201098.1	RNY1	misc_RNA	chr7	148987136	148987248	-	113				False		False
ENSG00000202528.1	RNU6-650P	snRNA	chr7	149033057	149033167	+	111				False		True
ENSG00000240877.3	RN7SL521P	misc_RNA	chr7	149125690	149125986	-	297				False		True
ENSG00000241959.3	RN7SL76P	misc_RNA	chr7	151464650	151464938	-	289				False		True
ENSG00000212219.1	RNU6-604P	snRNA	chr7	151900275	151900374	+	100				False		True
ENSG00000253088.1	Y_RNA	misc_RNA	chr7	152402780	152402893	+	114				False		False
ENSG00000212590.1	SNORA26	snoRNA	chr7	152609313	152609434	+	122				False		False
ENSG00000244328.3	RN7SL845P	misc_RNA	chr7	152757662	152757951	+	290				False		True
ENSG00000201066.1	RN7SKP280	misc_RNA	chr7	155181881	155182184	+	304				False		False
ENSG00000206938.1	RNU4-31P	snRNA	chr7	156872078	156872218	+	141				False		True
ENSG00000242079.1	RN7SL318P	misc_RNA	chr8	5142411	5142707	-	297				False		True
ENSG00000222589.1	RN7SKP159	misc_RNA	chr8	5910945	5911236	-	292				False		False
ENSG00000263616.2	RN7SL178P	misc_RNA	chr8	8582352	8582655	-	304				False		True
ENSG00000200713.1	RNU6-682P	snRNA	chr8	8895813	8895918	+	106				False		True
ENSG00000207244.1	SNORA70	snoRNA	chr8	8961575	8961708	+	134				False		False
ENSG00000239078.1	RNU7-55P	snRNA	chr8	9072455	9072516	-	62				False		True
ENSG00000207415.1	RNU6-1151P	snRNA	chr8	9287472	9287578	-	107				False		True
ENSG00000201815.1	RNU6-526P	snRNA	chr8	9371090	9371195	-	106				False		True
ENSG00000207128.1	RNU6-729P	snRNA	chr8	10476223	10476329	+	107				False		True
ENSG00000242483.3	RN7SL293P	misc_RNA	chr8	11379395	11379675	+	281				False		True
ENSG00000199368.1	RNU6-1084P	snRNA	chr8	11392411	11392517	-	107				False		True
ENSG00000206996.1	RNU6-842P	snRNA	chr8	13044350	13044456	+	107				False		True
ENSG00000252264.1	RNU7-153P	snRNA	chr8	14319455	14319516	+	62				False		True
ENSG00000252035.1	RNU6-397P	snRNA	chr8	14487776	14487879	-	104				False		True
ENSG00000264092.2	RN7SL474P	misc_RNA	chr8	16863196	16863496	-	301				False		True
ENSG00000201157.1	SNORA62	snoRNA	chr8	18979619	18979772	+	154				False		False
ENSG00000222267.1	RNU6-892P	snRNA	chr8	20229779	20229877	+	99				False		True
ENSG00000201761.1	RNU6-336P	snRNA	chr8	22434391	22434497	+	107				False		True
ENSG00000240116.3	RN7SL303P	misc_RNA	chr8	22977877	22978127	+	251				False		True
ENSG00000252067.1	RNU4-71P	snRNA	chr8	23600026	23600138	-	113				False		True
ENSG00000207027.1	SNORA67	snoRNA	chr8	23806229	23806377	-	149				False		False
ENSG00000207201.1	RNU1-148P	snRNA	chr8	24076997	24077158	-	162				False		True
ENSG00000222862.2	RNU6-1086P	snRNA	chr8	27679836	27679935	+	100				False		True
ENSG00000202242.1	RNU6-1276P	snRNA	chr8	27773645	27773748	+	104				False		True
ENSG00000207361.1	RNU6-178P	snRNA	chr8	28416448	28416551	+	104				False		True
ENSG00000239175.1	RNU6-1218P	snRNA	chr8	30043801	30043908	-	108				False		True
ENSG00000254172.1	RNU5A-3P	snRNA	chr8	30643689	30643802	+	114				False		True
ENSG00000212407.1	RNU6-663P	snRNA	chr8	32911493	32911598	-	106				False		True
ENSG00000252735.1	RNU6-528P	snRNA	chr8	33338867	33338966	+	100				False		True
ENSG00000239039.1	SNORD13	snoRNA	chr8	33513475	33513578	+	104				False		False
ENSG00000240189.3	RN7SL621P	misc_RNA	chr8	33580210	33580508	-	299				False		True
ENSG00000263794.2	RN7SL457P	misc_RNA	chr8	33715784	33716070	+	287				False		True
ENSG00000206871.1	RNU6-533P	snRNA	chr8	36309584	36309690	-	107				False		True
ENSG00000223215.1	RNU6-607P	snRNA	chr8	37668898	37669005	+	108				False		True
ENSG00000241032.3	RN7SL709P	misc_RNA	chr8	37908738	37909037	+	300				False		True
ENSG00000253437.1	RNU6-988P	snRNA	chr8	38122374	38122480	+	107				False		True
ENSG00000253739.1	RNU6-323P	snRNA	chr8	38166012	38166118	-	107				False		True
ENSG00000207199.1	SNORD38	snoRNA	chr8	39018615	39018683	-	69				False		False
ENSG00000206867.1	RNU6-356P	snRNA	chr8	41032892	41032998	+	107				False		True
ENSG00000206852.1	RNU6-895P	snRNA	chr8	41298163	41298265	+	103				False		True
ENSG00000238936.1	SNORD65B	snoRNA	chr8	41426655	41426727	+	73				False		False
ENSG00000241834.3	RN7SL149P	misc_RNA	chr8	41840059	41840339	-	281				False		True
ENSG00000238966.1	SNORD112	snoRNA	chr8	42043504	42043575	-	72				False		False
ENSG00000242719.3	RN7SL806P	misc_RNA	chr8	42881236	42881517	+	282				False		True
ENSG00000200731.1	RNU1-124P	snRNA	chr8	43073474	43073618	+	145				False		True
ENSG00000238509.1	RNU6-104P	snRNA	chr8	43303376	43303482	+	107				False		True
ENSG00000276685.1	pRNA	misc_RNA	chr8	46028804	46028892	-	89				False		False
ENSG00000252594.1	RNU6-656P	snRNA	chr8	46831050	46831156	+	107				False		True
ENSG00000222099.1	RN7SKP32	misc_RNA	chr8	47068021	47068323	-	303				False		False
ENSG00000200986.1	RNU6-819P	snRNA	chr8	47131781	47131887	-	107				False		True
ENSG00000207369.1	RNU6-665P	snRNA	chr8	47667771	47667877	+	107				False		True
ENSG00000222522.1	RNU6-519P	snRNA	chr8	47979414	47979521	+	108				False		True
ENSG00000252710.1	RNU6-295P	snRNA	chr8	48307927	48308030	-	104				False		True
ENSG00000199640.1	RN7SKP294	misc_RNA	chr8	49330210	49330547	+	338				False		False
ENSG00000201316.1	SNORA7	snoRNA	chr8	51015021	51015165	+	145				False		False
ENSG00000200528.1	RNU6-1331P	snRNA	chr8	53914719	53914824	+	106				False		True
ENSG00000251835.1	RNU6ATAC32P	snRNA	chr8	54152807	54152882	-	76				False		True
ENSG00000199212.1	RNU105C	snoRNA	chr8	54330687	54330895	+	209				False		False
ENSG00000244107.3	RN7SL250P	misc_RNA	chr8	54420468	54420725	+	258				False		True
ENSG00000199405.1	SNORA1B	snoRNA	chr8	55902723	55902855	-	133				False		False
ENSG00000240905.3	RN7SL798P	misc_RNA	chr8	55980240	55980540	-	301				False		True
ENSG00000241997.3	RN7SL323P	misc_RNA	chr8	56022019	56022313	-	295				False		True
ENSG00000238650.1	SNORD54	snoRNA	chr8	56073835	56073901	-	67				False		False
ENSG00000221093.1	SNORA3	snoRNA	chr8	56121242	56121352	-	111				False		False
ENSG00000206975.1	RNU6-13P	snRNA	chr8	56917084	56917190	+	107				False		True
ENSG00000202265.1	RNU6-596P	snRNA	chr8	57289552	57289649	+	98				False		True
ENSG00000201231.1	RNU4-50P	snRNA	chr8	58814412	58814552	-	141				False		True
ENSG00000206853.1	SNORA51	snoRNA	chr8	59137372	59137502	-	131				False		False
ENSG00000222898.1	RN7SKP97	misc_RNA	chr8	61631680	61632012	-	333				False		False
ENSG00000241964.3	RN7SL135P	misc_RNA	chr8	63234634	63234911	-	278				False		True
ENSG00000252358.1	RN7SKP135	misc_RNA	chr8	63609354	63609600	-	247				False		False
ENSG00000206949.1	RNU6-1324P	snRNA	chr8	66501205	66501311	-	107				False		True
ENSG00000254341.2	SNORD87	snoRNA	chr8	66922467	66922555	-	89				False		False
ENSG00000238808.1	RNU7-102P	snRNA	chr8	69110513	69110574	-	62				False		True
ENSG00000222889.1	RN7SKP29	misc_RNA	chr8	69700224	69700495	+	272				False		False
ENSG00000239580.3	RN7SL675P	misc_RNA	chr8	69922751	69923047	-	297				False		True
ENSG00000212473.1	RNU1-101P	snRNA	chr8	70077906	70078032	-	127				False		True
ENSG00000207036.1	RNY3P14	misc_RNA	chr8	70357347	70357448	+	102				False		False
ENSG00000275128.1	RN7SL203P	misc_RNA	chr8	70480192	70480487	-	296				False		True
ENSG00000243532.3	RN7SL19P	misc_RNA	chr8	70654578	70654883	-	306				False		True
ENSG00000200191.1	U8	snoRNA	chr8	71815494	71815625	-	132				False		False
ENSG00000222488.1	RNU6-285P	snRNA	chr8	73018945	73019044	-	100				False		True
ENSG00000272469.2	RN7SL760P	misc_RNA	chr8	73833773	73834042	-	270				False		True
ENSG00000212348.1	RNU6-1300P	snRNA	chr8	74048677	74048784	+	108				False		True
ENSG00000212485.1	RNU6-1197P	snRNA	chr8	74079537	74079643	+	107				False		True
ENSG00000222231.1	RNU2-54P	snRNA	chr8	76265543	76265732	-	190				False		True
ENSG00000276673.1	uc_338	misc_RNA	chr8	76733302	76733476	-	175				False		False
ENSG00000252935.1	RNU6-1220P	snRNA	chr8	78398515	78398622	-	108				False		True
ENSG00000238884.1	RNU7-85P	snRNA	chr8	79800133	79800195	-	63				False		True
ENSG00000241550.3	RN7SL41P	misc_RNA	chr8	80204606	80204902	+	297				False		True
ENSG00000206649.1	SNORA20	snoRNA	chr8	80316939	80317069	-	131				False		False
ENSG00000252884.1	RNU6-1213P	snRNA	chr8	80405516	80405609	+	94				False		True
ENSG00000252057.2	RNU7-174P	snRNA	chr8	80560567	80560625	+	59				False		True
ENSG00000223327.1	RNU2-71P	snRNA	chr8	80585585	80585773	-	189				False		True
ENSG00000243424.2	RN7SL107P	misc_RNA	chr8	80613544	80613826	-	283				False		True
ENSG00000212429.1	RNU11-6P	snRNA	chr8	80749561	80749693	-	133				False		True
ENSG00000243951.1	RN7SL308P	misc_RNA	chr8	80776666	80776962	-	297				False		True
ENSG00000206701.1	RNU6-1040P	snRNA	chr8	84665759	84665865	-	107				False		True
ENSG00000207359.1	RNU6-925P	snRNA	chr8	89900721	89900824	-	104				False		True
ENSG00000200151.1	RN7SKP231	misc_RNA	chr8	91594965	91595241	+	277				False		False
ENSG00000274701.1	Metazoa_SRP	misc_RNA	chr8	94655911	94656208	+	298				False		True
ENSG00000200525.1	RNU6-1209P	snRNA	chr8	95055214	95055320	+	107				False		True
ENSG00000202112.1	RNU6-690P	snRNA	chr8	95599114	95599219	+	106				False		True
ENSG00000202095.1	RNU6-1172P	snRNA	chr8	96431054	96431160	-	107				False		True
ENSG00000207215.2	SNORD3H	snoRNA	chr8	97358265	97358478	+	214				False		False
ENSG00000202399.1	Y_RNA	misc_RNA	chr8	97772313	97772425	+	113				False		False
ENSG00000207067.1	SNORA72	snoRNA	chr8	98042086	98042217	-	132				False		False
ENSG00000252755.1	RNU6-703P	snRNA	chr8	98048856	98048962	+	107				False		True
ENSG00000252558.1	RNU6-914P	snRNA	chr8	98192205	98192313	-	109				False		True
ENSG00000207378.1	RNU6-748P	snRNA	chr8	98462944	98463050	-	107				False		True
ENSG00000223281.1	RN7SKP85	misc_RNA	chr8	98921233	98921550	-	318				False		False
ENSG00000243254.3	RN7SL350P	misc_RNA	chr8	99613783	99614081	-	299				False		True
ENSG00000212414.1	SNORD77B	snoRNA	chr8	100004583	100004649	+	67				False		False
ENSG00000252764.1	RNU6-1092P	snRNA	chr8	100683488	100683574	+	87				False		True
ENSG00000221527.1	RNU6ATAC41P	snRNA	chr8	100739802	100739927	-	126				False		True
ENSG00000222795.1	RNU4-83P	snRNA	chr8	100831728	100831860	-	133				False		True
ENSG00000242315.3	RN7SL685P	misc_RNA	chr8	100957883	100958180	+	298				False		True
ENSG00000202360.1	RN7SKP249	misc_RNA	chr8	101137959	101138313	+	355				False		False
ENSG00000239115.1	RNU7-67P	snRNA	chr8	101307367	101307428	+	62				False		True
ENSG00000239211.3	RN7SL563P	misc_RNA	chr8	101397636	101397933	-	298				False		True
ENSG00000238372.1	snoU13	snoRNA	chr8	101847256	101847360	-	105				False		False
ENSG00000221387.1	RNU6ATAC8P	snRNA	chr8	102421197	102421322	+	126				False		True
ENSG00000252593.1	RNU6-1224P	snRNA	chr8	102533241	102533339	-	99				False		True
ENSG00000207399.1	RNU6-1011P	snRNA	chr8	103384961	103385067	+	107				False		True
ENSG00000251892.1	RNU7-84P	snRNA	chr8	106729795	106729856	-	62				False		True
ENSG00000283555.1	U2	snRNA	chr8	109873913	109874018	-	106				False		False
ENSG00000222146.1	RNU4-37P	snRNA	chr8	112148742	112148825	-	84				False		True
ENSG00000244033.3	RN7SL228P	misc_RNA	chr8	117017946	117018248	+	303				False		True
ENSG00000240151.3	RN7SL826P	misc_RNA	chr8	117163968	117164255	+	288				False		True
ENSG00000252852.1	SNORA31	snoRNA	chr8	117313528	117313661	+	134				False		False
ENSG00000207334.1	RNU6-12P	snRNA	chr8	118976513	118976619	+	107				False		True
ENSG00000206776.1	SNORA32	snoRNA	chr8	119388348	119388469	+	122				False		False
ENSG00000201896.1	RN7SKP153	misc_RNA	chr8	119711830	119712145	-	316				False		False
ENSG00000244642.3	RN7SL396P	misc_RNA	chr8	119862662	119862956	+	295				False		True
ENSG00000221461.2	U3	snoRNA	chr8	123180310	123180525	-	216				False		False
ENSG00000222607.1	RNU6-628P	snRNA	chr8	123262843	123262949	+	107				False		True
ENSG00000252297.1	RNU6-875P	snRNA	chr8	123342414	123342519	+	106				False		True
ENSG00000278374.1	U4	snRNA	chr8	123454981	123455107	-	127				False		False
ENSG00000251840.1	RN7SKP155	misc_RNA	chr8	123588759	123589046	+	288				False		False
ENSG00000206724.1	RNU6-756P	snRNA	chr8	124260646	124260752	+	107				False		True
ENSG00000242170.3	RN7SL329P	misc_RNA	chr8	125270604	125270902	+	299				False		True
ENSG00000206695.1	RNU6-442P	snRNA	chr8	125900951	125901054	+	104				False		True
ENSG00000207138.1	RNU6-869P	snRNA	chr8	126504763	126504869	+	107				False		True
ENSG00000212451.1	RNU11-4P	snRNA	chr8	126671522	126671654	+	133				False		True
ENSG00000276443.1	PVT1_1	misc_RNA	chr8	127794541	127794734	+	194				False		False
ENSG00000278324.1	PVT1_3	misc_RNA	chr8	127890626	127890720	+	95				False		False
ENSG00000207110.1	RNU1-106P	snRNA	chr8	127999131	127999294	+	164				False		True
ENSG00000222501.1	RNU4-25P	snRNA	chr8	128010382	128010611	-	230				False		True
ENSG00000201782.1	RN7SKP226	misc_RNA	chr8	128220504	128220803	+	300				False		False
ENSG00000222755.1	RN7SKP206	misc_RNA	chr8	129290983	129291275	+	293				False		False
ENSG00000200075.1	SNORA25	snoRNA	chr8	129868590	129868716	-	127				False		False
ENSG00000253043.1	RNU7-181P	snRNA	chr8	130004528	130004601	-	74				False		True
ENSG00000200304.1	RNU6-1255P	snRNA	chr8	130069541	130069652	-	112				False		True
ENSG00000212342.1	SNORA12	snoRNA	chr8	130162972	130163127	+	156				False		False
ENSG00000212273.1	SNORA40	snoRNA	chr8	133644598	133644725	-	128				False		False
ENSG00000276140.1	ZFAT-AS1_1	misc_RNA	chr8	134598071	134598149	+	79				False		False
ENSG00000277732.1	ZFAT-AS1_2	misc_RNA	chr8	134598318	134598518	+	201				False		False
ENSG00000278454.1	ZFAT-AS1_3	misc_RNA	chr8	134600257	134600336	+	80				False		False
ENSG00000199652.2	RNU1-35P	snRNA	chr8	135742343	135742495	-	153				False		True
ENSG00000206678.1	RNU6-144P	snRNA	chr8	137105352	137105458	+	107				False		True
ENSG00000238854.1	SNORD5	snoRNA	chr8	141447475	141447549	+	75				False		False
ENSG00000253602.2	RN7SL260P	misc_RNA	chr8	142247585	142247866	-	282				False		True
ENSG00000212221.1	RNU6-220P	snRNA	chr8	143350172	143350278	+	107				False		True
ENSG00000275558.1	RN7SKP175	misc_RNA	chr8	143542110	143542398	+	289				False		False
ENSG00000244307.3	RN7SL395P	misc_RNA	chr8	144785298	144785588	+	291				False		True
ENSG00000202172.1	RNU6-1327P	snRNA	chr9	558826	558930	+	105				False		True
ENSG00000252991.1	RNU6-1073P	snRNA	chr9	1001858	1001963	-	106				False		True
ENSG00000222973.1	RNU2-25P	snRNA	chr9	2162763	2162953	-	191				False		True
ENSG00000264615.2	RN7SL592P	misc_RNA	chr9	2228961	2229241	-	281				False		True
ENSG00000200941.1	RNU6-694P	snRNA	chr9	4386410	4386556	-	147				False		True
ENSG00000264530.2	RN7SL25P	misc_RNA	chr9	6542094	6542353	+	260				False		True
ENSG00000266863.2	RN7SL123P	misc_RNA	chr9	6661651	6661942	+	292				False		True
ENSG00000239102.1	RNU7-185P	snRNA	chr9	8797135	8797194	+	60				False		True
ENSG00000265735.2	RN7SL5P	misc_RNA	chr9	9442060	9442380	+	321				False		True
ENSG00000222581.1	RNU2-47P	snRNA	chr9	12300266	12300451	-	186				False		True
ENSG00000243115.3	RN7SL849P	misc_RNA	chr9	12764761	12765055	-	295				False		True
ENSG00000199814.1	RNU6-1260P	snRNA	chr9	14850429	14850535	+	107				False		True
ENSG00000251960.1	RNU6-559P	snRNA	chr9	15143289	15143386	+	98				False		True
ENSG00000251834.1	RNU6-319P	snRNA	chr9	15431899	15432006	-	108				False		True
ENSG00000240613.3	RN7SL98P	misc_RNA	chr9	15525782	15526081	-	300				False		True
ENSG00000207433.1	RNU6-246P	snRNA	chr9	15544188	15544294	+	107				False		True
ENSG00000207360.1	RNU6-14P	snRNA	chr9	15776181	15776286	-	106				False		True
ENSG00000241152.3	RN7SL720P	misc_RNA	chr9	17053901	17054204	+	304				False		True
ENSG00000252960.1	RN7SKP258	misc_RNA	chr9	18651147	18651450	+	304				False		False
ENSG00000251733.1	SCARNA8	scaRNA	chr9	19063656	19063786	-	131				False		False
ENSG00000252943.1	RNU6-264P	snRNA	chr9	19073843	19073946	+	104				False		True
ENSG00000222202.1	RNU4-26P	snRNA	chr9	20418321	20418427	+	107				False		True
ENSG00000202189.1	SNORA30B	snoRNA	chr9	20786927	20787055	+	129				False		False
ENSG00000264379.1	SNORD39	snoRNA	chr9	21524307	21524382	-	76				False		False
ENSG00000244230.3	RN7SL151P	misc_RNA	chr9	21699314	21699596	+	283				False		True
ENSG00000274055.1	CDKN2B-AS_3	misc_RNA	chr9	22046758	22046901	+	144				False		False
ENSG00000277653.1	CDKN2B-AS	misc_RNA	chr9	22117665	22117814	+	150				False		False
ENSG00000222693.1	RN7SKP120	misc_RNA	chr9	25088811	25089151	-	341				False		False
ENSG00000240306.2	RN7SL100P	misc_RNA	chr9	26895678	26895970	+	293				False		True
ENSG00000252224.1	RNU4ATAC15P	snRNA	chr9	33174170	33174295	+	126				False		True
ENSG00000251748.1	RNU4ATAC11P	snRNA	chr9	33868540	33868665	+	126				False		True
ENSG00000238300.1	SNORD121B	snoRNA	chr9	33934296	33934376	-	81				False		False
ENSG00000238886.1	SNORD121A	snoRNA	chr9	33952769	33952850	-	82				False		False
ENSG00000222259.1	RN7SKP114	misc_RNA	chr9	34049966	34050244	+	279				False		False
ENSG00000222426.1	RNU2-50P	snRNA	chr9	34282528	34282670	-	143				False		True
ENSG00000251697.1	RN7SKP24	misc_RNA	chr9	34478622	34478905	+	284				False		False
ENSG00000241568.3	RN7SL338P	misc_RNA	chr9	35049271	35049563	+	293				False		True
ENSG00000269900.3	RMRP	lincRNA	chr9	35657751	35658018	-	268	AR-other	2001.0	cartilage-hair hypoplasia	True		True
ENSG00000243136.3	RN7SL22P	misc_RNA	chr9	35671776	35672044	+	269				False		True
ENSG00000276730.1	Hammerhead_HH9	misc_RNA	chr9	36072686	36072762	+	77				False		False
ENSG00000222760.1	RNU4-53P	snRNA	chr9	36267783	36267922	+	140				False		True
ENSG00000252723.2	RNU6-677P	snRNA	chr9	37333857	37333957	-	101				False		True
ENSG00000201287.1	RN7SKP171	misc_RNA	chr9	37661747	37662049	-	303				False		False
ENSG00000251745.1	RNU7-124P	snRNA	chr9	37936707	37936768	-	62				False		True
ENSG00000200026.1	U8	snoRNA	chr9	38147428	38147561	+	134				False		False
ENSG00000252725.1	RNU6-765P	snRNA	chr9	38680006	38680104	+	99				False		True
ENSG00000278825.1	RN7SL640P	misc_RNA	chr9	39191100	39191360	+	261				False		True
ENSG00000277774.1	RN7SL763P	misc_RNA	chr9	39886861	39887144	-	284				False		True
ENSG00000212441.1	RNU6-1269P	snRNA	chr9	40233923	40234029	+	107				False		True
ENSG00000278331.1	RNU6-156P	snRNA	chr9	40759600	40759706	-	107				False		True
ENSG00000276562.1	RN7SL565P	misc_RNA	chr9	41578903	41579186	+	284				False		True
ENSG00000273717.1	RN7SL343P	misc_RNA	chr9	42011350	42011610	+	261				False		True
ENSG00000238529.1	RNU6-599P	snRNA	chr9	42863200	42863306	+	107				False		True
ENSG00000276522.1	RN7SL462P	misc_RNA	chr9	61427617	61427877	-	261				False		True
ENSG00000273940.1	RN7SL722P	misc_RNA	chr9	61789143	61789426	+	284				False		True
ENSG00000275230.1	RN7SL544P	misc_RNA	chr9	62363581	62363864	+	284				False		True
ENSG00000275068.1	U6	snRNA	chr9	64082429	64082534	+	106				False		False
ENSG00000238551.1	RNU6-1193P	snRNA	chr9	64380194	64380300	+	107				False		True
ENSG00000206804.1	RNU6-1293P	snRNA	chr9	64880369	64880475	-	107				False		True
ENSG00000275030.1	RNU6-538P	snRNA	chr9	66142221	66142327	-	107				False		True
ENSG00000274852.1	RN7SL422P	misc_RNA	chr9	67175775	67176035	-	261				False		True
ENSG00000274098.1	RN7SL787P	misc_RNA	chr9	67791499	67791782	-	284				False		True
ENSG00000278010.1	SNORA70	snoRNA	chr9	67797087	67797181	+	95				False		False
ENSG00000278551.1	RNU6-368P	snRNA	chr9	67869947	67870053	+	107				False		True
ENSG00000207000.1	RNU6-820P	snRNA	chr9	68935873	68935979	-	107				False		True
ENSG00000241174.3	RN7SL570P	misc_RNA	chr9	69884363	69884654	-	292				False		True
ENSG00000222465.1	RNU2-5P	snRNA	chr9	70188571	70188750	-	180				False		True
ENSG00000272232.2	RN7SL726P	misc_RNA	chr9	70579163	70579461	-	299				False		True
ENSG00000202217.1	RN7SKP47	misc_RNA	chr9	74799895	74800222	+	328				False		False
ENSG00000252758.1	RNU6-445P	snRNA	chr9	74857675	74857781	+	107				False		True
ENSG00000278040.1	uc_338	misc_RNA	chr9	75016681	75016848	-	168				False		False
ENSG00000212316.1	RNU6-1228P	snRNA	chr9	75198071	75198177	+	107				False		True
ENSG00000274326.1	AL359314.1	misc_RNA	chr9	76779657	76779917	+	261				False		False
ENSG00000277320.1	PCA3_2	misc_RNA	chr9	76785782	76786190	+	409				False		False
ENSG00000201711.1	RNU6-1303P	snRNA	chr9	77635203	77635309	-	107				False		True
ENSG00000222452.1	RN7SKP59	misc_RNA	chr9	78165465	78165778	+	314				False		False
ENSG00000207206.1	RNU6-1035P	snRNA	chr9	81725243	81725349	-	107				False		True
ENSG00000200969.1	SNORD95	snoRNA	chr9	81888918	81888985	+	68				False		False
ENSG00000251776.1	RN7SKP242	misc_RNA	chr9	83200940	83201228	-	289				False		False
ENSG00000251752.1	RNU4-29P	snRNA	chr9	83275941	83276114	+	174				False		True
ENSG00000199483.1	RNU4-15P	snRNA	chr9	83596444	83596584	-	141				False		True
ENSG00000223012.1	RN7SKP264	misc_RNA	chr9	86258358	86258646	-	289				False		False
ENSG00000222293.1	RNU2-36P	snRNA	chr9	86422938	86423128	-	191				False		True
ENSG00000212421.1	SNORA26	snoRNA	chr9	87260450	87260585	+	136				False		False
ENSG00000271923.1	RNU6-86P	snRNA	chr9	87998229	87998335	-	107				False		True
ENSG00000239183.1	SNORA84	snoRNA	chr9	92292461	92292593	-	133				False		False
ENSG00000252772.1	RNU6-714P	snRNA	chr9	92820977	92821079	+	103				False		True
ENSG00000200570.1	RNU6-829P	snRNA	chr9	93375556	93375667	+	112				False		True
ENSG00000202445.1	RNU6-669P	snRNA	chr9	94507738	94507844	+	107				False		True
ENSG00000252847.1	RNU2-46P	snRNA	chr9	95859904	95860016	+	113				False		True
ENSG00000207276.1	RNU6-1160P	snRNA	chr9	96256216	96256319	-	104				False		True
ENSG00000252721.1	RNU6-798P	snRNA	chr9	97192923	97193025	-	103				False		True
ENSG00000212521.1	RNU6-918P	snRNA	chr9	98032230	98032335	+	106				False		True
ENSG00000240235.3	RN7SL794P	misc_RNA	chr9	99185587	99185866	-	280				False		True
ENSG00000222337.1	RN7SKP225	misc_RNA	chr9	99284022	99284373	+	352				False		False
ENSG00000277828.1	AL137067.2	misc_RNA	chr9	99357827	99357957	+	131				False		False
ENSG00000277465.1	AL137067.1	misc_RNA	chr9	99368447	99368566	+	120				False		False
ENSG00000239908.3	RN7SL75P	misc_RNA	chr9	100102559	100102839	+	281				False		True
ENSG00000200966.1	RN7SKP87	misc_RNA	chr9	100581079	100581379	-	301				False		False
ENSG00000238882.1	RNU6-329P	snRNA	chr9	102256604	102256710	+	107				False		True
ENSG00000201583.1	RN7SKP191	misc_RNA	chr9	105096756	105097061	+	306				False		False
ENSG00000200131.1	RN7SKP77	misc_RNA	chr9	106679977	106680329	+	353				False		False
ENSG00000199905.1	RNU6-492P	snRNA	chr9	107475036	107475139	-	104				False		True
ENSG00000202308.1	RNU6-996P	snRNA	chr9	107663140	107663246	-	107				False		True
ENSG00000222558.1	RNU6-1064P	snRNA	chr9	107797744	107797847	-	104				False		True
ENSG00000244104.3	RN7SL659P	misc_RNA	chr9	107811616	107811914	-	299				False		True
ENSG00000200106.1	RNU6-984P	snRNA	chr9	109196201	109196309	-	109				False		True
ENSG00000206658.1	RNU6-1039P	snRNA	chr9	110369592	110369698	-	107				False		True
ENSG00000206923.1	RNU6-432P	snRNA	chr9	110903337	110903445	+	109				False		True
ENSG00000212409.1	RNY4P18	misc_RNA	chr9	111097325	111097413	-	89				False		False
ENSG00000206907.1	RNU6-1013P	snRNA	chr9	111839828	111839934	+	107				False		True
ENSG00000222356.1	RNU6-710P	snRNA	chr9	111996635	111996739	-	105				False		True
ENSG00000222327.1	RNU6-855P	snRNA	chr9	112137797	112137900	+	104				False		True
ENSG00000242256.3	RN7SL57P	misc_RNA	chr9	112242550	112242839	-	290				False		True
ENSG00000243911.3	RN7SL430P	misc_RNA	chr9	112272596	112272837	-	242				False		True
ENSG00000201749.1	Y_RNA	misc_RNA	chr9	114615455	114615568	-	114				False		False
ENSG00000274755.1	U2	snRNA	chr9	115734392	115734491	+	100				False		False
ENSG00000207268.1	SNORA70C	snoRNA	chr9	117181066	117181200	-	135				False		False
ENSG00000201140.1	RN7SKP128	misc_RNA	chr9	117197118	117197420	+	303				False		False
ENSG00000222413.1	RN7SKP125	misc_RNA	chr9	117276985	117277286	+	302				False		False
ENSG00000201444.1	RNU6-1082P	snRNA	chr9	117707996	117708102	-	107				False		True
ENSG00000243738.3	RN7SL181P	misc_RNA	chr9	121203159	121203435	+	277				False		True
ENSG00000240299.3	RN7SL187P	misc_RNA	chr9	121494519	121494821	+	303				False		True
ENSG00000212447.1	SNORD90	snoRNA	chr9	122880213	122880323	-	111				False		False
ENSG00000222351.1	RNY1P15	misc_RNA	chr9	122945988	122946094	-	107				False		False
ENSG00000241246.3	RN7SL302P	misc_RNA	chr9	124607159	124607458	+	300				False		True
ENSG00000199313.1	RNU4-82P	snRNA	chr9	124887410	124887549	-	140				False		True
ENSG00000200554.1	RNU6-1020P	snRNA	chr9	125303920	125304026	-	107				False		True
ENSG00000274510.1	Metazoa_SRP	misc_RNA	chr9	125417305	125417586	+	282				False		True
ENSG00000243845.3	RN7SL30P	misc_RNA	chr9	125512902	125513207	-	306				False		True
ENSG00000253079.1	NRON	misc_RNA	chr9	126408041	126408410	-	370				False		False
ENSG00000252985.1	SNORD116	snoRNA	chr9	126426893	126426970	+	78				False		False
ENSG00000201302.1	SNORA65	snoRNA	chr9	127448501	127448630	-	130				False		False
ENSG00000238406.1	RNU7-171P	snRNA	chr9	128543916	128543977	+	62				False		True
ENSG00000264438.2	RN7SL560P	misc_RNA	chr9	128709780	128710043	+	264				False		True
ENSG00000242281.3	RN7SL159P	misc_RNA	chr9	129370170	129370461	-	292				False		True
ENSG00000264169.2	RN7SL665P	misc_RNA	chr9	130400266	130400565	+	300				False		True
ENSG00000252582.1	SNORA31	snoRNA	chr9	131021168	131021306	-	139				False		False
ENSG00000252622.1	RNU6-881P	snRNA	chr9	131126990	131127091	+	102				False		True
ENSG00000235284.1	SNORD62A	snoRNA	chr9	131485665	131485750	+	86				False		False
ENSG00000231587.1	SNORD62B	snoRNA	chr9	131490486	131490571	+	86				False		False
ENSG00000240853.3	RN7SL328P	misc_RNA	chr9	131725168	131725467	-	300				False		True
ENSG00000212395.1	SNORA67	snoRNA	chr9	131782860	131782958	-	99				False		False
ENSG00000252521.1	RNU5D-2P	snRNA	chr9	132421641	132421690	+	50				False		True
ENSG00000238558.1	RNU7-21P	snRNA	chr9	132963732	132963793	+	62				False		True
ENSG00000206611.1	SNORD24	snoRNA	chr9	133349396	133349470	+	75				False		False
ENSG00000200831.1	SNORD36B	snoRNA	chr9	133350095	133350168	+	74				False		False
ENSG00000199744.1	SNORD36A	snoRNA	chr9	133350456	133350528	+	73				False		False
ENSG00000252542.1	SNORD36C	snoRNA	chr9	133350847	133350912	+	66				False		False
ENSG00000221676.1	RNU6ATAC	snRNA	chr9	134164439	134164564	-	126				False	U6atac	False
ENSG00000280496.1	SNORA17B	snoRNA	chr9	136726104	136726239	-	136				False		False
ENSG00000274998.1	SNORA17A	snoRNA	chr9	136726747	136726879	-	133				False		False
ENSG00000281808.1	SNORA17	snoRNA	chr9	136726748	136726879	-	132				False		False
ENSG00000199411.1	SNORD62	snoRNA	chr9	137094345	137094430	+	86				False		False
ENSG00000223256.1	RNU6-785P	snRNA	chr9	138259595	138259698	+	104				False		True
ENSG00000239228.3	RN7SL578P	misc_RNA	chrX	3058220	3058502	-	283				False		True
ENSG00000212214.1	SNORA48B	snoRNA	chrX	3532117	3532251	-	135				False		False
ENSG00000207435.1	RNU6-114P	snRNA	chrX	3572857	3572961	+	105				False		True
ENSG00000207332.1	RNU6-146P	snRNA	chrX	3607258	3607365	-	108				False		True
ENSG00000201660.1	SNORA20	snoRNA	chrX	5410122	5410251	+	130				False		False
ENSG00000207202.1	RNU6-800P	snRNA	chrX	10582817	10582919	+	103				False		True
ENSG00000278218.1	uc_338	misc_RNA	chrX	11148584	11148769	-	186				False		False
ENSG00000271814.1	RN7SKP290	misc_RNA	chrX	12614003	12614197	-	195				False		False
ENSG00000199622.1	RN7SKP20	misc_RNA	chrX	13596236	13596548	+	313				False		False
ENSG00000200620.1	SNORA7	snoRNA	chrX	15716208	15716346	+	139				False		False
ENSG00000200566.1	RNU5F-7P	snRNA	chrX	15916189	15916303	-	115				False		True
ENSG00000239333.3	RN7SL658P	misc_RNA	chrX	16539137	16539439	-	303				False		True
ENSG00000238709.1	RNU7-56P	snRNA	chrX	16767844	16767905	+	62				False		True
ENSG00000222736.1	RNU4-6P	snRNA	chrX	16875146	16875267	-	122				False		True
ENSG00000201467.1	SNORA16	snoRNA	chrX	17044380	17044511	-	132				False		False
ENSG00000266710.2	RN7SL48P	misc_RNA	chrX	18915243	18915535	-	293				False		True
ENSG00000201882.1	snoU2-30	snoRNA	chrX	20136066	20136135	-	70				False		False
ENSG00000201592.1	snoU2_19	snoRNA	chrX	20136306	20136385	-	80				False		False
ENSG00000252978.1	RN7SKP183	misc_RNA	chrX	20452108	20452431	+	324				False		False
ENSG00000206716.1	RNU6-133P	snRNA	chrX	21214637	21214743	+	107				False		True
ENSG00000201095.1	RNU6-266P	snRNA	chrX	22527835	22527941	+	107				False		True
ENSG00000201407.1	SNORA68	snoRNA	chrX	24133186	24133317	+	132				False		False
ENSG00000251869.1	SCARNA23	scaRNA	chrX	24744441	24744570	+	130				False		False
ENSG00000240439.3	RN7SL91P	misc_RNA	chrX	25060649	25060939	-	291				False		True
ENSG00000252491.1	RNU1-142P	snRNA	chrX	26790142	26790286	+	145				False		True
ENSG00000252486.1	Y_RNA	misc_RNA	chrX	27252119	27252235	-	117				False		False
ENSG00000201666.1	SNORD74	snoRNA	chrX	28924069	28924138	+	70				False		False
ENSG00000252903.2	RNU6-894P	snRNA	chrX	31348192	31348296	+	105				False		True
ENSG00000252411.1	RNU6-1087P	snRNA	chrX	35594173	35594273	+	101				False		True
ENSG00000206733.1	RNU6-641P	snRNA	chrX	36021939	36022045	-	107				False		True
ENSG00000206983.1	RNU6-49P	snRNA	chrX	37870109	37870215	+	107				False		True
ENSG00000252050.1	SNORA31	snoRNA	chrX	38308112	38308241	-	130				False		False
ENSG00000238606.1	RNU7-7P	snRNA	chrX	38608215	38608276	+	62				False		True
ENSG00000207122.1	RNU6-591P	snRNA	chrX	39081180	39081285	-	106				False		True
ENSG00000264618.2	RN7SL732P	misc_RNA	chrX	39786524	39786823	-	300				False		True
ENSG00000238730.1	RNU7-164P	snRNA	chrX	40535502	40535563	-	62				False		True
ENSG00000264573.2	RN7SL15P	misc_RNA	chrX	41345576	41345876	-	301				False		True
ENSG00000212207.1	RNU6-1321P	snRNA	chrX	41570923	41571029	-	107				False		True
ENSG00000242559.3	RN7SL144P	misc_RNA	chrX	41683168	41683462	-	295				False		True
ENSG00000251807.1	RNU6-202P	snRNA	chrX	41919254	41919349	-	96				False		True
ENSG00000212560.1	RNU6-630P	snRNA	chrX	42139425	42139530	-	106				False		True
ENSG00000206896.1	RNU6-1124P	snRNA	chrX	42174279	42174385	-	107				False		True
ENSG00000242065.3	RN7SL291P	misc_RNA	chrX	44772773	44773061	-	289				False		True
ENSG00000212347.2	SNORD77	snoRNA	chrX	45892912	45892979	-	68				False		False
ENSG00000199226.1	RNU6-50P	snRNA	chrX	46517766	46517868	+	103				False		True
ENSG00000206685.1	RNU6-1189P	snRNA	chrX	47087506	47087612	+	107				False		True
ENSG00000201659.1	RNU12-2P	snRNA	chrX	47132671	47132826	+	156				False		True
ENSG00000266158.2	RN7SL785P	misc_RNA	chrX	47280811	47281063	-	253				False		True
ENSG00000221459.1	SNORA11C	snoRNA	chrX	47388649	47388777	+	129				False		False
ENSG00000277605.1	Metazoa_SRP	misc_RNA	chrX	47476822	47477152	-	331				False		True
ENSG00000201517.1	RNU6-707P	snRNA	chrX	48153980	48154074	-	95				False		True
ENSG00000206723.1	RNU6-1056P	snRNA	chrX	48724455	48724561	-	107				False		True
ENSG00000207367.1	RNU6-29P	snRNA	chrX	48776965	48777071	-	107				False		True
ENSG00000223309.1	RNU6-722P	snRNA	chrX	48959179	48959282	-	104				False		True
ENSG00000206936.1	RNU4-52P	snRNA	chrX	49082028	49082165	+	138				False		True
ENSG00000265033.2	RN7SL262P	misc_RNA	chrX	49152651	49152944	+	294				False		True
ENSG00000201341.1	RNU6-421P	snRNA	chrX	49945336	49945442	-	107				False		True
ENSG00000222303.1	RNU6-935P	snRNA	chrX	50649641	50649740	+	100				False		True
ENSG00000252377.1	RNU6-504P	snRNA	chrX	51870706	51870809	-	104				False		True
ENSG00000221705.1	SNORA11E	snoRNA	chrX	52063347	52063474	-	128				False		False
ENSG00000221475.1	SNORA11D	snoRNA	chrX	52190621	52190748	+	128				False		False
ENSG00000199422.1	VTRNA3-1P	misc_RNA	chrX	53462209	53462310	+	102				False		True
ENSG00000207104.1	RNU6-434P	snRNA	chrX	54343546	54343652	+	107				False		True
ENSG00000221750.1	SNORA11	snoRNA	chrX	54927305	54927433	+	129				False		False
ENSG00000244006.3	RN7SL799P	misc_RNA	chrX	64210691	64210988	+	298				False		True
ENSG00000222667.1	RNU6-394P	snRNA	chrX	66676258	66676364	-	107				False		True
ENSG00000252145.1	RNU6-1225P	snRNA	chrX	68102068	68102132	-	65				False		True
ENSG00000206747.1	RNU6-245P	snRNA	chrX	68539443	68539549	-	107				False		True
ENSG00000242657.3	RN7SL581P	misc_RNA	chrX	70222006	70222314	-	309				False		True
ENSG00000201377.1	RNY4P23	misc_RNA	chrX	70396279	70396375	+	97				False		False
ENSG00000200431.1	RNU4-81P	snRNA	chrX	70450879	70451022	+	144				False		True
ENSG00000277492.1	SNORD3E	snoRNA	chrX	70846079	70846295	-	217				False		False
ENSG00000212605.1	RNU1-56P	snRNA	chrX	71020275	71020438	-	164				False		True
ENSG00000201392.1	RNU6-1078P	snRNA	chrX	71965972	71966074	-	103				False		True
ENSG00000239577.3	RN7SL388P	misc_RNA	chrX	72198712	72199050	+	339				False		True
ENSG00000222810.1	RNU2-68P	snRNA	chrX	72376979	72377169	-	191				False		True
ENSG00000201271.1	RNU1-112P	snRNA	chrX	72740706	72740869	-	164				False		True
ENSG00000207486.1	RNU6-1044P	snRNA	chrX	73397531	73397637	-	107				False		True
ENSG00000274655.1	XIST_intron	misc_RNA	chrX	73821657	73821724	-	68				False		False
ENSG00000277577.1	Xist_exon4	misc_RNA	chrX	73831145	73831270	-	126				False		False
ENSG00000278039.1	Xist_exon1	misc_RNA	chrX	73850487	73850571	+	85				False		False
ENSG00000274430.1	JPX_1	misc_RNA	chrX	73944332	73944466	+	135				False		False
ENSG00000276784.1	JPX_2	misc_RNA	chrX	73944595	73944663	+	69				False		False
ENSG00000265727.2	RN7SL648P	misc_RNA	chrX	74242608	74242908	-	301				False		True
ENSG00000278421.1	FTX_1	misc_RNA	chrX	74274341	74274411	+	71				False		False
ENSG00000273974.1	FTX_2	misc_RNA	chrX	74280402	74280495	+	94				False		False
ENSG00000275254.1	FTX_3	misc_RNA	chrX	74280936	74281082	+	147				False		False
ENSG00000275625.1	FTX_4	misc_RNA	chrX	74281703	74281849	+	147				False		False
ENSG00000277922.1	FTX_5	misc_RNA	chrX	74293357	74293574	+	218				False		False
ENSG00000239745.3	RN7SL790P	misc_RNA	chrX	74390692	74390989	+	298				False		True
ENSG00000199885.1	RNU6-330P	snRNA	chrX	74680053	74680159	+	107				False		True
ENSG00000199601.1	RNU6-562P	snRNA	chrX	75202703	75202809	+	107				False		True
ENSG00000201826.1	RNU6-867P	snRNA	chrX	76244968	76245074	+	107				False		True
ENSG00000200906.1	RNU6-854P	snRNA	chrX	77837289	77837395	+	107				False		True
ENSG00000263410.2	RN7SL460P	misc_RNA	chrX	77885377	77885634	+	258				False		True
ENSG00000239008.1	ACA64	snoRNA	chrX	80857076	80857202	-	127				False		False
ENSG00000212623.1	RNU6-493P	snRNA	chrX	80900757	80900864	+	108				False		True
ENSG00000212546.1	RNU6-995P	snRNA	chrX	80936434	80936540	+	107				False		True
ENSG00000206826.1	RNU6-974P	snRNA	chrX	82001220	82001327	-	108				False		True
ENSG00000202183.1	SNORA4	snoRNA	chrX	82561201	82561347	+	147				False		False
ENSG00000277717.1	U6	snRNA	chrX	86481028	86481130	+	103				False		False
ENSG00000200422.1	SNORD45	snoRNA	chrX	87146733	87146804	+	72				False		False
ENSG00000207515.1	RNU6-555P	snRNA	chrX	90597235	90597340	-	106				False		True
ENSG00000222440.1	RNU2-26P	snRNA	chrX	91798093	91798283	+	191				False		True
ENSG00000212495.1	RNU6-332P	snRNA	chrX	94003815	94003922	-	108				False		True
ENSG00000242998.3	RN7SL379P	misc_RNA	chrX	96023360	96023652	+	293				False		True
ENSG00000223260.1	RN7SKP194	misc_RNA	chrX	96410432	96410782	-	351				False		False
ENSG00000265260.2	RN7SL74P	misc_RNA	chrX	97341046	97341344	+	299				False		True
ENSG00000252296.2	SNORA25	snoRNA	chrX	100100084	100100172	+	89				False		False
ENSG00000202231.1	SNORA9	snoRNA	chrX	100822620	100822752	-	133				False		False
ENSG00000202024.1	RNU6-934P	snRNA	chrX	101325404	101325510	+	107				False		True
ENSG00000207291.1	RNU6-30P	snRNA	chrX	101634006	101634112	-	107				False		True
ENSG00000212584.1	RNU6-587P	snRNA	chrX	101691580	101691685	+	106				False		True
ENSG00000252810.1	RNU6-345P	snRNA	chrX	101915589	101915695	+	107				False		True
ENSG00000252294.1	RNU6-589P	snRNA	chrX	102678707	102678813	-	107				False		True
ENSG00000206864.1	RNU6-207P	snRNA	chrX	105676071	105676177	-	107				False		True
ENSG00000201443.1	RNU6-309P	snRNA	chrX	108826764	108826869	+	106				False		True
ENSG00000208883.1	SNORD96B	snoRNA	chrX	110224985	110225063	-	79				False		False
ENSG00000251954.1	RNU6-496P	snRNA	chrX	111421510	111421608	-	99				False		True
ENSG00000243011.3	RN7SL266P	misc_RNA	chrX	112855874	112856162	+	289				False		True
ENSG00000252930.1	RNU6-1015P	snRNA	chrX	112919132	112919230	+	99				False		True
ENSG00000207220.1	RNU1-57P	snRNA	chrX	113949917	113950082	+	166				False		True
ENSG00000240327.3	RN7SL93P	misc_RNA	chrX	113976341	113976633	-	293				False		True
ENSG00000212611.1	SNORD30	snoRNA	chrX	114017033	114017102	+	70				False		False
ENSG00000208839.1	SNORA35	snoRNA	chrX	114630797	114630924	+	128				False		False
ENSG00000222122.1	RNU6-648P	snRNA	chrX	115032427	115032533	+	107				False		True
ENSG00000271907.1	SNORA35B	snoRNA	chrX	115126316	115126444	-	129				False		False
ENSG00000252441.1	SNORA64	snoRNA	chrX	115545637	115545717	+	81				False		False
ENSG00000266828.2	RN7SL712P	misc_RNA	chrX	115992466	115992773	-	308				False		True
ENSG00000207033.1	RNU6-154P	snRNA	chrX	116400848	116400953	-	106				False		True
ENSG00000206752.1	RNU6-1323P	snRNA	chrX	116850839	116850945	-	107				False		True
ENSG00000207175.1	RNU1-67P	snRNA	chrX	119423742	119423905	+	164				False		True
ENSG00000266420.2	RN7SL118P	misc_RNA	chrX	119434519	119434820	+	302				False		True
ENSG00000252147.1	RNY3P16	misc_RNA	chrX	119456558	119456658	+	101				False		False
ENSG00000206622.1	SNORA69	snoRNA	chrX	119787353	119787484	-	132				False		False
ENSG00000251707.2	RNU7-37P	snRNA	chrX	120503037	120503096	-	60				False		True
ENSG00000212321.2	U3	snoRNA	chrX	122840426	122840645	+	220				False		False
ENSG00000252178.1	RNU7-69P	snRNA	chrX	123772078	123772139	-	62				False		True
ENSG00000264933.2	RN7SL190P	misc_RNA	chrX	123811331	123811587	-	257				False		True
ENSG00000252627.1	RNU6-122P	snRNA	chrX	123874459	123874565	+	107				False		True
ENSG00000252693.1	SNORA40	snoRNA	chrX	124197743	124197849	+	107				False		False
ENSG00000252170.2	SNORD112	snoRNA	chrX	129518576	129518647	+	72				False		False
ENSG00000202304.1	RNU6-1130P	snRNA	chrX	130310072	130310178	-	107				False		True
ENSG00000241198.3	RN7SL191P	misc_RNA	chrX	131134086	131134390	-	305				False		True
ENSG00000206900.1	RNU6-98P	snRNA	chrX	132580117	132580223	-	107				False		True
ENSG00000207100.1	SNORA8	snoRNA	chrX	133152754	133152892	+	139				False		False
ENSG00000202199.1	RNU1-115P	snRNA	chrX	133238657	133238816	-	160				False		True
ENSG00000206765.1	RNU6-203P	snRNA	chrX	133531723	133531826	-	104				False		True
ENSG00000199920.1	RNU4-44P	snRNA	chrX	134760208	134760348	-	141				False		True
ENSG00000207081.1	RNU6-616P	snRNA	chrX	134918310	134918416	-	107				False		True
ENSG00000252320.1	RNU6-320P	snRNA	chrX	136583240	136583345	+	106				False		True
ENSG00000212510.1	RNU6-972P	snRNA	chrX	136773999	136774105	+	107				False		True
ENSG00000206979.1	SNORD61	snoRNA	chrX	136879199	136879271	-	73				False		False
ENSG00000239579.3	RN7SL325P	misc_RNA	chrX	137595265	137595547	+	283				False		True
ENSG00000222114.1	RNU6-985P	snRNA	chrX	137687891	137687994	-	104				False		True
ENSG00000252163.1	RN7SKP31	misc_RNA	chrX	138397351	138397628	+	278				False		False
ENSG00000238485.1	snoU13	snoRNA	chrX	139702287	139702390	-	104				False		False
ENSG00000221375.1	RNU6ATAC23P	snRNA	chrX	139885481	139885603	+	123				False		True
ENSG00000252719.1	SNORA18	snoRNA	chrX	139909904	139910034	+	131				False		False
ENSG00000241248.3	RN7SL727P	misc_RNA	chrX	140085855	140086150	+	296				False		True
ENSG00000275268.1	U7	snRNA	chrX	140451148	140451208	+	61				False		False
ENSG00000207041.1	RNU6-3P	snRNA	chrX	141118030	141118136	-	107				False		True
ENSG00000202473.1	RN7SKP81	misc_RNA	chrX	143090347	143090677	+	331				False		False
ENSG00000199878.1	RN7SKP149	misc_RNA	chrX	143197248	143197591	-	344				False		False
ENSG00000201912.1	RN7SKP189	misc_RNA	chrX	145057108	145057437	+	330				False		False
ENSG00000202051.1	RNU6-382P	snRNA	chrX	147827279	147827384	+	106				False		True
ENSG00000274086.1	FMR1-AS1_2	misc_RNA	chrX	147911822	147911948	+	127				False		False
ENSG00000222313.1	RN7SKP267	misc_RNA	chrX	148822164	148822448	-	285				False		False
ENSG00000222796.1	RNU6-383P	snRNA	chrX	150955494	150955587	-	94				False		True
ENSG00000252205.1	RNU6-764P	snRNA	chrX	152250572	152250676	-	105				False		True
ENSG00000265170.2	RN7SL667P	misc_RNA	chrX	153403844	153404141	-	298				False		True
ENSG00000244335.3	RN7SL687P	misc_RNA	chrX	153666226	153666510	+	285				False		True
ENSG00000207165.1	SNORA70	snoRNA	chrX	154400281	154400415	+	135				False		False
ENSG00000264484.2	RN7SL697P	misc_RNA	chrX	154495815	154496113	-	299				False		True
ENSG00000206948.1	SNORA36A	snoRNA	chrX	154768528	154768659	+	132				False		False
ENSG00000206693.1	SNORA56	snoRNA	chrX	154774998	154775126	+	129				False		False
ENSG00000275287.5_PAR_Y	Metazoa_SRP	misc_RNA	chrY	388100	388389	-	290				False		True
ENSG00000251841.1	RNU6-1334P	snRNA	chrY	2784749	2784853	+	105				False		True
ENSG00000252900.1	RNU6-303P	snRNA	chrY	4174985	4175090	-	106				False		True
ENSG00000252468.1	RNU2-57P	snRNA	chrY	5019076	5019266	+	191				False		True
ENSG00000252633.1	RN7SKP282	misc_RNA	chrY	7324297	7324595	-	299				False		False
ENSG00000251996.1	Y_RNA	misc_RNA	chrY	7341531	7341642	+	112				False		False
ENSG00000252155.1	RNU6-941P	snRNA	chrY	7378672	7378779	+	108				False		True
ENSG00000252472.1	RNU6-521P	snRNA	chrY	7423054	7423158	-	105				False		True
ENSG00000243980.3	RN7SL702P	misc_RNA	chrY	12273473	12273764	+	292				False		True
ENSG00000252689.1	SNORA20	snoRNA	chrY	16138248	16138379	-	132				False		False
ENSG00000252173.1	RNU6-109P	snRNA	chrY	16248935	16249041	+	107				False		True
ENSG00000252323.1	RNU6-184P	snRNA	chrY	16336283	16336389	-	107				False		True
ENSG00000252513.1	RNU1-128P	snRNA	chrY	17789003	17789162	-	160				False		True
ENSG00000252166.1	RNU1-95P	snRNA	chrY	18116848	18117007	+	160				False		True
ENSG00000278391.1	pRNA	misc_RNA	chrY	18336960	18337049	+	90				False		False
ENSG00000252209.1	RNU1-48P	snRNA	chrY	18486511	18486672	+	162				False		True
ENSG00000251970.1	RNU1-41P	snRNA	chrY	18833729	18833890	-	162				False		True
ENSG00000252766.1	RNU6-255P	snRNA	chrY	19018983	19019087	-	105				False		True
ENSG00000251925.1	SNORA70	snoRNA	chrY	23423099	23423236	-	138				False		False
ENSG00000252681.1	RNU1-97P	snRNA	chrY	23740942	23741105	-	164				False		True
ENSG00000251917.1	RNU1-86P	snRNA	chrY	23946618	23946771	-	154				False		True
ENSG00000274234.1	RN7SL818P	misc_RNA	chrY	24210958	24211216	-	259				False		True
ENSG00000278242.1	RN7SL725P	misc_RNA	chrY	25458926	25459184	+	259				False		True
ENSG00000252426.1	RNU1-107P	snRNA	chrY	25723342	25723495	+	154				False		True
ENSG00000252625.1	RNU1-40P	snRNA	chrY	25928979	25929142	+	164				False		True
ENSG00000252948.1	RNU6-1314P	snRNA	chrY	26360989	26361092	+	104				False		True
