n_pos	obs	exp	oe	exp_gene	gene_name
1	1	0.2842572062084257	3.517940717628705	2.5877778667739673	RNU5E-1
2	2	0.2842572062084257	7.03588143525741	2.5877778667739673	RNU5E-1
3	3	0.21884984025559104	13.708029197080293	1.992332156902941	RNU5E-1
4	3	0.30434782608695654	9.857142857142856	2.7706758208659754	RNU5E-1
5	2	0.13269529229177446	15.072124756335281	1.208011381656849	RNU5E-1
6	3	0.293631100082713	10.216901408450704	2.67311450754705	RNU5E-1
7	2	0.20344106021855385	9.830857142857141	1.8520560299906252	RNU5E-1
8	3	0.23349728190525498	12.848115299334811	2.1256773262706825	RNU5E-1
9	3	0.341701011614837	8.779605263157896	3.1107261156390673	RNU5E-1
10	1	0.18991331757289204	5.265560165975104	1.728904207481718	RNU5E-1
11	1	0.1395793499043977	7.164383561643836	1.270681426723292	RNU5E-1
12	2	0.13819875776397517	14.471910112359549	1.258113000291183	RNU5E-1
13	3	0.293631100082713	10.216901408450704	2.67311450754705	RNU5E-1
14	1	0.13269529229177446	7.536062378167641	1.208011381656849	RNU5E-1
15	3	0.293631100082713	10.216901408450704	2.67311450754705	RNU5E-1
16	2	0.1796875	11.130434782608695	1.6358119522746661	RNU5E-1
17	1	0.13819875776397517	7.235955056179774	1.258113000291183	RNU5E-1
18	3	0.25023756731073804	11.98860759493671	2.2780750108663184	RNU5E-1
19	2	0.17947083200510044	11.14387211367673	1.633839482872331	RNU5E-1
20	2	0.13957934990439771	14.32876712328767	1.2706814267232922	RNU5E-1
21	2	0.1982835158330867	10.086567164179105	1.8051035555550956	RNU5E-1
22	3	0.20446096654275092	14.672727272727274	1.8613408993072007	RNU5E-1
23	3	0.5417335473515249	5.5377777777777775	4.931752134710418	RNU5E-1
24	3	0.6291448516579407	4.768377253814147	5.7275139787360345	RNU5E-1
25	3	0.21884984025559104	13.708029197080293	1.992332156902941	RNU5E-1
26	2	0.2842572062084257	7.03588143525741	2.5877778667739673	RNU5E-1
27	2	0.2842572062084257	7.03588143525741	2.5877778667739673	RNU5E-1
28	1	0.18560057887120118	5.387914230019493	1.6896425475706867	RNU5E-1
29	1	0.13957934990439771	7.164383561643835	1.2706814267232922	RNU5E-1
30	3	0.1982835158330867	15.129850746268657	1.8051035555550956	RNU5E-1
31	3	0.20446096654275092	14.672727272727274	1.8613408993072007	RNU5E-1
32	3	0.293631100082713	10.216901408450704	2.67311450754705	RNU5E-1
33	1	0.1796875	5.565217391304348	1.6358119522746661	RNU5E-1
34	3	0.1395793499043977	21.49315068493151	1.270681426723292	RNU5E-1
35	1	0.13819875776397517	7.235955056179774	1.258113000291183	RNU5E-1
36	3	0.5417335473515249	5.5377777777777775	4.931752134710418	RNU5E-1
37	2	0.5520473606314751	3.622877569258266	5.025645471959096	RNU5E-1
38	2	0.28221512247071356	7.0867924528301875	2.5691874529405325	RNU5E-1
39	3	0.29404276985743383	10.202597402597402	2.6768622047317656	RNU5E-1
40	0	0.1796875	0.0	1.6358119522746661	RNU5E-1
41	0	0.1395793499043977	0.0	1.270681426723292	RNU5E-1
42	0	0.1395793499043977	0.0	1.270681426723292	RNU5E-1
43	1	0.18560057887120116	5.3879142300194935	1.6896425475706864	RNU5E-1
44	2	0.21884984025559104	9.138686131386862	1.992332156902941	RNU5E-1
45	2	0.30434782608695654	6.571428571428571	2.7706758208659754	RNU5E-1
46	1	0.18642350557244175	5.364130434782608	1.6971341835149525	RNU5E-1
47	1	0.18560057887120118	5.387914230019493	1.6896425475706867	RNU5E-1
48	2	0.13957934990439771	14.32876712328767	1.2706814267232922	RNU5E-1
49	3	0.1796875	16.695652173913043	1.6358119522746661	RNU5E-1
50	3	0.293631100082713	10.216901408450704	2.67311450754705	RNU5E-1
51	3	0.20446096654275092	14.672727272727274	1.8613408993072007	RNU5E-1
52	2	0.1982835158330867	10.086567164179105	1.8051035555550956	RNU5E-1
53	2	0.1395793499043977	14.328767123287673	1.270681426723292	RNU5E-1
54	2	0.13819875776397517	14.471910112359549	1.258113000291183	RNU5E-1
55	3	0.30125148986889155	9.958456973293767	2.742487862361507	RNU5E-1
56	3	0.6113624937154349	4.907072368421052	5.565629631399814	RNU5E-1
57	2	0.6291448516579407	3.1789181692094313	5.7275139787360345	RNU5E-1
58	3	0.19121447028423771	15.68918918918919	1.7407494452247654	RNU5E-1
59	3	0.23349728190525498	12.848115299334811	2.1256773262706825	RNU5E-1
60	3	0.30125148986889155	9.958456973293767	2.742487862361507	RNU5E-1
61	2	0.13269529229177443	15.072124756335285	1.2080113816568487	RNU5E-1
62	3	0.293631100082713	10.216901408450704	2.67311450754705	RNU5E-1
63	2	0.13269529229177443	15.072124756335285	1.2080113816568487	RNU5E-1
64	1	0.293631100082713	3.4056338028169013	2.67311450754705	RNU5E-1
65	3	0.13819875776397517	21.707865168539325	1.258113000291183	RNU5E-1
66	2	0.13957934990439771	14.32876712328767	1.2706814267232922	RNU5E-1
67	3	0.18991331757289204	15.796680497925312	1.728904207481718	RNU5E-1
68	2	0.6291448516579405	3.178918169209432	5.727513978736034	RNU5E-1
69	2	0.5417335473515249	3.6918518518518515	4.931752134710418	RNU5E-1
70	2	0.13269529229177443	15.072124756335285	1.2080113816568487	RNU5E-1
71	2	0.30434782608695654	6.571428571428571	2.7706758208659754	RNU5E-1
72	3	0.19121447028423771	15.68918918918919	1.7407494452247654	RNU5E-1
73	3	0.27415730337078653	10.942622950819672	2.495831895136413	RNU5E-1
74	3	0.19121447028423771	15.68918918918919	1.7407494452247654	RNU5E-1
75	3	0.25023756731073804	11.98860759493671	2.2780750108663184	RNU5E-1
76	2	0.13269529229177443	15.072124756335285	1.2080113816568487	RNU5E-1
77	3	0.30434782608695654	9.857142857142856	2.7706758208659754	RNU5E-1
78	3	0.17209302325581396	17.43243243243243	1.566674500702289	RNU5E-1
79	2	0.293631100082713	6.811267605633803	2.67311450754705	RNU5E-1
80	2	0.20344106021855385	9.830857142857141	1.8520560299906252	RNU5E-1
81	3	0.25023756731073804	11.98860759493671	2.2780750108663184	RNU5E-1
82	2	0.13819875776397517	14.471910112359549	1.258113000291183	RNU5E-1
83	3	0.13957934990439771	21.493150684931507	1.2706814267232922	RNU5E-1
84	2	0.18991331757289204	10.531120331950207	1.728904207481718	RNU5E-1
85	3	0.341701011614837	8.779605263157896	3.1107261156390673	RNU5E-1
86	2	0.23349728190525498	8.56541019955654	2.1256773262706825	RNU5E-1
87	2	0.17947083200510044	11.14387211367673	1.633839482872331	RNU5E-1
88	3	0.1982835158330867	15.129850746268657	1.8051035555550956	RNU5E-1
89	3	0.1982835158330867	15.129850746268657	1.8051035555550956	RNU5E-1
90	3	0.1395793499043977	21.49315068493151	1.270681426723292	RNU5E-1
91	2	0.1395793499043977	14.328767123287673	1.270681426723292	RNU5E-1
92	3	0.1395793499043977	21.49315068493151	1.270681426723292	RNU5E-1
93	1	0.1395793499043977	7.164383561643836	1.270681426723292	RNU5E-1
94	2	0.17947083200510042	11.143872113676732	1.6338394828723308	RNU5E-1
95	2	0.25023756731073804	7.992405063291139	2.2780750108663184	RNU5E-1
96	2	0.13269529229177443	15.072124756335285	1.2080113816568487	RNU5E-1
97	3	0.29404276985743383	10.202597402597402	2.6768622047317656	RNU5E-1
98	3	0.2822151224707135	10.630188679245284	2.569187452940532	RNU5E-1
99	2	0.28221512247071356	7.0867924528301875	2.5691874529405325	RNU5E-1
100	3	0.29404276985743383	10.202597402597402	2.6768622047317656	RNU5E-1
101	1	0.1796875	5.565217391304348	1.6358119522746661	RNU5E-1
102	0	0.17947083200510042	0.0	1.6338394828723308	RNU5E-1
103	3	0.26430048242591314	11.35071707953064	2.4060988557594105	RNU5E-1
104	3	0.5520473606314751	5.434316353887399	5.025645471959096	RNU5E-1
105	1	0.6291448516579407	1.5894590846047156	5.7275139787360345	RNU5E-1
106	3	0.18991331757289204	15.796680497925312	1.728904207481718	RNU5E-1
107	1	0.1395793499043977	7.164383561643836	1.270681426723292	RNU5E-1
108	2	0.13819875776397517	14.471910112359549	1.258113000291183	RNU5E-1
109	2	0.293631100082713	6.811267605633803	2.67311450754705	RNU5E-1
110	2	0.1796875	11.130434782608695	1.6358119522746661	RNU5E-1
111	1	0.18560057887120116	5.3879142300194935	1.6896425475706864	RNU5E-1
112	3	0.18642350557244175	16.092391304347824	1.6971341835149525	RNU5E-1
113	2	0.29872256796593516	6.695175438596491	2.7194654446906883	RNU5E-1
114	3	0.2643004824259132	11.350717079530638	2.406098855759411	RNU5E-1
115	3	0.20344106021855385	14.746285714285712	1.8520560299906252	RNU5E-1
116	2	0.29404276985743383	6.801731601731602	2.6768622047317656	RNU5E-1
117	3	0.3240223463687151	9.258620689655173	2.9497857502276226	RNU5E-1
118	2	0.2822151224707135	7.086792452830189	2.569187452940532	RNU5E-1
119	3	0.2987225679659351	10.042763157894738	2.719465444690688	RNU5E-1
120	2	0.1796875	11.130434782608695	1.6358119522746661	RNU5E-1
1	2	0.17947083200510044	11.14387211367673	1.2125526504635264	RNU11
2	0	0.13957934990439771	0.0	0.9430351928816129	RNU11
3	0	0.13957934990439771	0.0	0.9430351928816129	RNU11
4	0	0.13957934990439771	0.0	0.9430351928816129	RNU11
5	0	0.1796875	0.0	1.214016517034773	RNU11
6	1	0.29404276985743383	3.400865800865801	1.9866311197027016	RNU11
7	1	0.3240223463687151	3.086206896551724	2.1891811082016406	RNU11
8	2	0.2822151224707135	7.086792452830189	1.9067203897680003	RNU11
9	3	0.2987225679659351	10.042763157894738	2.0182490797728714	RNU11
10	1	0.1796875	5.565217391304348	1.214016517034773	RNU11
11	2	0.13819875776397517	14.471910112359549	0.9337075453726799	RNU11
12	3	0.293631100082713	10.216901408450704	1.9838497692688923	RNU11
13	1	0.20344106021855385	4.915428571428571	1.37450188437365	RNU11
14	2	0.27415730337078653	7.295081967213115	1.8522796218871536	RNU11
15	3	0.17209302325581396	17.43243243243243	1.1627062132814328	RNU11
16	2	0.5417335473515249	3.6918518518518515	3.660095857066243	RNU11
17	1	0.6291448516579407	1.5894590846047156	4.25066986585117	RNU11
18	3	0.19121447028423771	15.68918918918919	1.2918957925349253	RNU11
19	2	0.25023756731073804	7.992405063291139	1.690671526387961	RNU11
20	1	0.13269529229177443	7.536062378167642	0.8965246696346222	RNU11
21	2	0.30434782608695654	6.571428571428571	2.0562548190229806	RNU11
22	1	0.19121447028423771	5.22972972972973	1.2918957925349253	RNU11
23	2	0.23349728190525498	8.56541019955654	1.5775697080526145	RNU11
24	2	0.2822151224707135	7.086792452830189	1.9067203897680003	RNU11
25	2	0.2643004824259132	7.567144719687092	1.785684319306114	RNU11
26	3	0.19121447028423771	15.68918918918919	1.2918957925349253	RNU11
27	2	0.27415730337078653	7.295081967213115	1.8522796218871536	RNU11
28	2	0.19121447028423771	10.45945945945946	1.2918957925349253	RNU11
29	2	0.6291448516579405	3.178918169209432	4.250669865851169	RNU11
30	2	0.6291448516579407	3.1789181692094313	4.25066986585117	RNU11
31	2	0.21884984025559104	9.138686131386862	1.478607698480468	RNU11
32	3	0.18642350557244175	16.092391304347824	1.2595267613410412	RNU11
33	2	0.29404276985743383	6.801731601731602	1.9866311197027016	RNU11
34	2	0.3240223463687151	6.172413793103448	2.1891811082016406	RNU11
35	2	0.2822151224707135	7.086792452830189	1.9067203897680003	RNU11
36	3	0.2643004824259132	11.350717079530638	1.785684319306114	RNU11
37	2	0.17947083200510044	11.14387211367673	1.2125526504635264	RNU11
38	2	0.18991331757289204	10.531120331950207	1.2831048589265315	RNU11
39	2	0.30434782608695654	6.571428571428571	2.0562548190229806	RNU11
40	2	0.13269529229177446	15.072124756335281	0.8965246696346224	RNU11
41	3	0.5417335473515249	5.5377777777777775	3.660095857066243	RNU11
42	3	0.5417335473515249	5.5377777777777775	3.660095857066243	RNU11
43	2	0.20446096654275092	9.781818181818183	1.3813926426256347	RNU11
44	2	0.1982835158330867	10.086567164179105	1.3396561434551273	RNU11
45	2	0.17947083200510042	11.143872113676732	1.2125526504635262	RNU11
46	3	0.26430048242591314	11.35071707953064	1.7856843193061136	RNU11
47	3	0.2987225679659351	10.042763157894738	2.0182490797728714	RNU11
48	2	0.13269529229177446	15.072124756335281	0.8965246696346224	RNU11
49	3	0.293631100082713	10.216901408450704	1.9838497692688923	RNU11
50	0	0.20344106021855385	0.0	1.37450188437365	RNU11
51	2	0.26430048242591314	7.567144719687093	1.7856843193061136	RNU11
52	3	0.5520473606314751	5.434316353887399	3.7297787213471314	RNU11
53	3	0.6291448516579407	4.768377253814147	4.25066986585117	RNU11
54	1	0.19121447028423771	5.22972972972973	1.2918957925349253	RNU11
55	3	0.26430048242591314	11.35071707953064	1.7856843193061136	RNU11
56	3	0.5520473606314751	5.434316353887399	3.7297787213471314	RNU11
57	2	0.6113624937154348	3.2713815789473686	4.130527528437457	RNU11
58	3	0.30125148986889155	9.958456973293767	2.0353351484224995	RNU11
59	3	0.13819875776397517	21.707865168539325	0.9337075453726799	RNU11
60	1	0.1982835158330867	5.043283582089552	1.3396561434551273	RNU11
61	0	0.20446096654275092	0.0	1.3813926426256347	RNU11
62	1	0.5417335473515249	1.8459259259259257	3.660095857066243	RNU11
63	1	0.5417335473515249	1.8459259259259257	3.660095857066243	RNU11
64	3	0.17209302325581394	17.432432432432435	1.1627062132814328	RNU11
65	1	0.27415730337078653	3.6475409836065573	1.8522796218871536	RNU11
66	2	0.288630904723779	6.929264909847435	1.9500671202023379	RNU11
67	2	0.20446096654275092	9.781818181818183	1.3813926426256347	RNU11
68	2	0.25023756731073804	7.992405063291139	1.690671526387961	RNU11
69	1	0.17947083200510044	5.571936056838365	1.2125526504635264	RNU11
70	2	0.1796875	11.130434782608695	1.214016517034773	RNU11
71	2	0.293631100082713	6.811267605633803	1.9838497692688923	RNU11
72	2	0.13269529229177443	15.072124756335285	0.8965246696346222	RNU11
73	3	0.293631100082713	10.216901408450704	1.9838497692688923	RNU11
74	2	0.20446096654275092	9.781818181818183	1.3813926426256347	RNU11
75	1	0.1982835158330867	5.043283582089552	1.3396561434551273	RNU11
76	2	0.1395793499043977	14.328767123287673	0.9430351928816126	RNU11
77	2	0.13819875776397517	14.471910112359549	0.9337075453726799	RNU11
78	2	0.5417335473515249	3.6918518518518515	3.660095857066243	RNU11
79	3	0.6113624937154348	4.907072368421053	4.130527528437457	RNU11
80	2	0.30125148986889155	6.6389713155291785	2.0353351484224995	RNU11
81	1	0.13819875776397517	7.235955056179774	0.9337075453726799	RNU11
82	2	0.1796875	11.130434782608695	1.214016517034773	RNU11
83	2	0.29872256796593516	6.695175438596491	2.018249079772872	RNU11
84	2	0.2643004824259132	7.567144719687092	1.785684319306114	RNU11
85	1	0.288630904723779	3.4646324549237173	1.9500671202023379	RNU11
86	3	0.2842572062084257	10.553822152886116	1.9205172503551344	RNU11
87	1	0.18560057887120118	5.387914230019493	1.2539668497856187	RNU11
88	2	0.1982835158330867	10.086567164179105	1.3396561434551273	RNU11
89	1	0.1982835158330867	5.043283582089552	1.3396561434551273	RNU11
90	2	0.1395793499043977	14.328767123287673	0.9430351928816126	RNU11
91	0	0.1395793499043977	0.0	0.9430351928816126	RNU11
92	1	0.1395793499043977	7.164383561643836	0.9430351928816126	RNU11
93	1	0.1395793499043977	7.164383561643836	0.9430351928816126	RNU11
94	2	0.17947083200510042	11.143872113676732	1.2125526504635262	RNU11
95	2	0.23349728190525498	8.56541019955654	1.5775697080526145	RNU11
96	3	0.341701011614837	8.779605263157896	2.308622870193547	RNU11
97	1	0.21884984025559104	4.569343065693431	1.478607698480468	RNU11
98	3	0.2842572062084257	10.553822152886116	1.9205172503551344	RNU11
99	1	0.1982835158330867	5.043283582089552	1.3396561434551273	RNU11
100	1	0.1395793499043977	7.164383561643836	0.9430351928816126	RNU11
101	2	0.17947083200510042	11.143872113676732	1.2125526504635262	RNU11
102	1	0.23349728190525498	4.28270509977827	1.5775697080526145	RNU11
103	3	0.3240223463687151	9.258620689655173	2.1891811082016406	RNU11
104	1	0.2822151224707135	3.5433962264150947	1.9067203897680003	RNU11
105	3	0.2643004824259132	11.350717079530638	1.785684319306114	RNU11
106	3	0.20344106021855385	14.746285714285712	1.37450188437365	RNU11
107	2	0.29872256796593516	6.695175438596491	2.018249079772872	RNU11
108	2	0.2987225679659351	6.695175438596492	2.0182490797728714	RNU11
109	2	0.20344106021855385	9.830857142857141	1.37450188437365	RNU11
110	1	0.23349728190525498	4.28270509977827	1.5775697080526145	RNU11
111	2	0.341701011614837	5.853070175438597	2.308622870193547	RNU11
112	2	0.19121447028423771	10.45945945945946	1.2918957925349253	RNU11
113	3	0.25023756731073804	11.98860759493671	1.690671526387961	RNU11
114	1	0.20446096654275092	4.8909090909090915	1.3813926426256347	RNU11
115	1	0.20446096654275092	4.8909090909090915	1.3813926426256347	RNU11
116	2	0.5417335473515249	3.6918518518518515	3.660095857066243	RNU11
117	3	0.6291448516579407	4.768377253814147	4.25066986585117	RNU11
118	2	0.18991331757289204	10.531120331950207	1.2831048589265315	RNU11
119	0	0.17947083200510042	0.0	1.2125526504635262	RNU11
120	2	0.23349728190525498	8.56541019955654	1.5775697080526145	RNU11
121	2	0.341701011614837	5.853070175438597	2.308622870193547	RNU11
122	2	0.17209302325581396	11.621621621621621	1.1627062132814328	RNU11
123	3	0.30125148986889155	9.958456973293767	2.0353351484224995	RNU11
124	2	0.3240223463687151	6.172413793103448	2.1891811082016406	RNU11
125	2	0.6113624937154349	3.271381578947368	4.130527528437458	RNU11
126	2	0.6113624937154348	3.2713815789473686	4.130527528437457	RNU11
127	1	0.2822151224707135	3.5433962264150947	1.9067203897680003	RNU11
128	2	0.5520473606314751	3.622877569258266	3.7297787213471314	RNU11
129	3	0.5520473606314751	5.434316353887399	3.7297787213471314	RNU11
130	1	0.28221512247071356	3.5433962264150938	1.9067203897680005	RNU11
131	1	0.3240223463687151	3.086206896551724	2.1891811082016406	RNU11
132	3	0.29404276985743383	10.202597402597402	1.9866311197027016	RNU11
133	2	0.1796875	11.130434782608695	1.214016517034773	RNU11
134	2	0.1395793499043977	14.328767123287673	0.9430351928816126	RNU11
1	3	0.293631100082713	10.216901408450704	2.3532286414736396	RNU5F-1
2	3	0.20446096654275092	14.672727272727274	1.6385982356645858	RNU5F-1
3	2	0.20446096654275092	9.781818181818183	1.6385982356645858	RNU5F-1
4	3	0.293631100082713	10.216901408450704	2.3532286414736396	RNU5F-1
5	1	0.13269529229177443	7.536062378167642	1.0634512567700036	RNU5F-1
6	2	0.293631100082713	6.811267605633803	2.3532286414736396	RNU5F-1
7	2	0.20344106021855385	9.830857142857141	1.6304244666971823	RNU5F-1
8	2	0.23349728190525498	8.56541019955654	1.87130209072169	RNU5F-1
9	2	0.341701011614837	5.853070175438597	2.7384722092654488	RNU5F-1
10	1	0.18991331757289204	5.265560165975104	1.5220099580184747	RNU5F-1
11	2	0.13957934990439771	14.32876712328767	1.118621712280392	RNU5F-1
12	1	0.13819875776397517	7.235955056179774	1.1075573224180084	RNU5F-1
13	3	0.293631100082713	10.216901408450704	2.3532286414736396	RNU5F-1
14	3	0.13269529229177443	22.608187134502927	1.0634512567700036	RNU5F-1
15	2	0.293631100082713	6.811267605633803	2.3532286414736396	RNU5F-1
16	2	0.1796875	11.130434782608695	1.4400578528489765	RNU5F-1
17	1	0.13819875776397517	7.235955056179774	1.1075573224180084	RNU5F-1
18	1	0.25023756731073804	3.9962025316455696	2.0054626720481536	RNU5F-1
19	3	0.28863090472377906	10.39389736477115	2.3131559007854348	RNU5F-1
20	2	0.2842572062084257	7.03588143525741	2.2781040530329277	RNU5F-1
21	1	0.18560057887120116	5.3879142300194935	1.487446656538652	RNU5F-1
22	2	0.18991331757289204	10.531120331950207	1.5220099580184747	RNU5F-1
23	2	0.6291448516579407	3.1789181692094313	5.042114694731252	RNU5F-1
24	3	0.5417335473515249	5.5377777777777775	4.341579959737301	RNU5F-1
25	2	0.13819875776397517	14.471910112359549	1.1075573224180084	RNU5F-1
26	2	0.1982835158330867	10.086567164179105	1.5890906939321927	RNU5F-1
27	2	0.2842572062084257	7.03588143525741	2.2781040530329277	RNU5F-1
28	1	0.18560057887120116	5.3879142300194935	1.487446656538652	RNU5F-1
29	1	0.1395793499043977	7.164383561643836	1.1186217122803919	RNU5F-1
30	1	0.1982835158330867	5.043283582089552	1.5890906939321927	RNU5F-1
31	0	0.20446096654275092	0.0	1.6385982356645858	RNU5F-1
32	3	0.293631100082713	10.216901408450704	2.3532286414736396	RNU5F-1
33	2	0.1796875	11.130434782608695	1.4400578528489765	RNU5F-1
34	0	0.13957934990439771	0.0	1.118621712280392	RNU5F-1
35	2	0.13819875776397517	14.471910112359549	1.1075573224180084	RNU5F-1
36	3	0.5417335473515249	5.5377777777777775	4.341579959737301	RNU5F-1
37	2	0.5520473606314751	3.622877569258266	4.4242372831827845	RNU5F-1
38	3	0.2822151224707135	10.630188679245284	2.261738314054604	RNU5F-1
39	2	0.29404276985743383	6.801731601731602	2.3565278597935966	RNU5F-1
40	0	0.1796875	0.0	1.4400578528489765	RNU5F-1
41	1	0.13957934990439771	7.164383561643835	1.118621712280392	RNU5F-1
42	0	0.13957934990439771	0.0	1.118621712280392	RNU5F-1
43	2	0.18560057887120118	10.775828460038985	1.4874466565386522	RNU5F-1
44	2	0.21884984025559104	9.138686131386862	1.7539140510876268	RNU5F-1
45	2	0.30434782608695654	6.571428571428571	2.439115002178985	RNU5F-1
46	0	0.18642350557244175	0.0	1.4940417845160607	RNU5F-1
47	1	0.18560057887120116	5.3879142300194935	1.487446656538652	RNU5F-1
48	3	0.1395793499043977	21.49315068493151	1.1186217122803919	RNU5F-1
49	2	0.1796875	11.130434782608695	1.4400578528489765	RNU5F-1
50	3	0.293631100082713	10.216901408450704	2.3532286414736396	RNU5F-1
51	3	0.20446096654275092	14.672727272727274	1.6385982356645858	RNU5F-1
52	2	0.1982835158330867	10.086567164179105	1.5890906939321927	RNU5F-1
53	3	0.13957934990439771	21.493150684931507	1.118621712280392	RNU5F-1
54	1	0.13819875776397517	7.235955056179774	1.1075573224180084	RNU5F-1
55	2	0.30125148986889155	6.6389713155291785	2.4143002360662327	RNU5F-1
56	2	0.6113624937154348	3.2713815789473686	4.899602699198581	RNU5F-1
57	3	0.6291448516579405	4.768377253814148	5.042114694731251	RNU5F-1
58	2	0.19121447028423771	10.45945945945946	1.532437701627402	RNU5F-1
59	3	0.23349728190525498	12.848115299334811	1.87130209072169	RNU5F-1
60	3	0.30125148986889155	9.958456973293767	2.4143002360662327	RNU5F-1
61	1	0.13269529229177446	7.536062378167641	1.0634512567700038	RNU5F-1
62	3	0.293631100082713	10.216901408450704	2.3532286414736396	RNU5F-1
63	3	0.13819875776397517	21.707865168539325	1.1075573224180084	RNU5F-1
64	2	0.1395793499043977	14.328767123287673	1.1186217122803919	RNU5F-1
65	2	0.1395793499043977	14.328767123287673	1.1186217122803919	RNU5F-1
66	1	0.1395793499043977	7.164383561643836	1.1186217122803919	RNU5F-1
67	2	0.18991331757289204	10.531120331950207	1.5220099580184747	RNU5F-1
68	2	0.27415730337078653	7.295081967213115	2.1971610581426106	RNU5F-1
69	1	0.17947083200510042	5.571936056838366	1.4383214246193212	RNU5F-1
70	2	0.18991331757289204	10.531120331950207	1.5220099580184747	RNU5F-1
71	2	0.30434782608695654	6.571428571428571	2.439115002178985	RNU5F-1
72	1	0.18642350557244175	5.364130434782608	1.4940417845160607	RNU5F-1
73	3	0.2842572062084257	10.553822152886116	2.2781040530329277	RNU5F-1
74	1	0.288630904723779	3.4646324549237173	2.3131559007854343	RNU5F-1
75	2	0.25023756731073804	7.992405063291139	2.0054626720481536	RNU5F-1
76	1	0.13269529229177446	7.536062378167641	1.0634512567700038	RNU5F-1
77	2	0.30434782608695654	6.571428571428571	2.439115002178985	RNU5F-1
78	2	0.18991331757289204	10.531120331950207	1.5220099580184747	RNU5F-1
79	1	0.13957934990439771	7.164383561643835	1.118621712280392	RNU5F-1
80	2	0.18560057887120118	10.775828460038985	1.4874466565386522	RNU5F-1
81	1	0.2842572062084257	3.517940717628705	2.2781040530329277	RNU5F-1
82	3	0.288630904723779	10.393897364771153	2.3131559007854343	RNU5F-1
83	1	0.23349728190525498	4.28270509977827	1.87130209072169	RNU5F-1
84	1	0.341701011614837	2.9265350877192984	2.7384722092654488	RNU5F-1
85	2	0.18991331757289204	10.531120331950207	1.5220099580184747	RNU5F-1
86	2	0.18560057887120118	10.775828460038985	1.4874466565386522	RNU5F-1
87	2	0.18560057887120116	10.775828460038987	1.487446656538652	RNU5F-1
88	3	0.1395793499043977	21.49315068493151	1.1186217122803919	RNU5F-1
89	2	0.1982835158330867	10.086567164179105	1.5890906939321927	RNU5F-1
90	2	0.1982835158330867	10.086567164179105	1.5890906939321927	RNU5F-1
91	2	0.13957934990439771	14.32876712328767	1.118621712280392	RNU5F-1
92	0	0.13957934990439771	0.0	1.118621712280392	RNU5F-1
93	2	0.13957934990439771	14.32876712328767	1.118621712280392	RNU5F-1
94	1	0.13957934990439771	7.164383561643835	1.118621712280392	RNU5F-1
95	1	0.17947083200510044	5.571936056838365	1.4383214246193214	RNU5F-1
96	2	0.25023756731073804	7.992405063291139	2.0054626720481536	RNU5F-1
97	1	0.13819875776397517	7.235955056179774	1.1075573224180084	RNU5F-1
98	1	0.1796875	5.565217391304348	1.4400578528489765	RNU5F-1
99	2	0.30434782608695654	6.571428571428571	2.439115002178985	RNU5F-1
100	2	0.17209302325581394	11.621621621621623	1.3791939314646615	RNU5F-1
101	3	0.293631100082713	10.216901408450704	2.3532286414736396	RNU5F-1
102	1	0.1796875	5.565217391304348	1.4400578528489765	RNU5F-1
103	1	0.17947083200510044	5.571936056838365	1.4383214246193214	RNU5F-1
104	3	0.2643004824259132	11.350717079530638	2.1181661786669035	RNU5F-1
105	3	0.2822151224707135	10.630188679245284	2.261738314054604	RNU5F-1
106	3	0.29404276985743383	10.202597402597402	2.3565278597935966	RNU5F-1
107	2	0.18642350557244175	10.728260869565217	1.4940417845160607	RNU5F-1
108	1	0.18642350557244175	5.364130434782608	1.4940417845160607	RNU5F-1
109	2	0.29404276985743383	6.801731601731602	2.3565278597935966	RNU5F-1
110	2	0.28221512247071356	7.0867924528301875	2.2617383140546043	RNU5F-1
111	3	0.26430048242591314	11.35071707953064	2.118166178666903	RNU5F-1
112	1	0.17947083200510042	5.571936056838366	1.4383214246193212	RNU5F-1
113	2	0.1796875	11.130434782608695	1.4400578528489765	RNU5F-1
114	2	0.29404276985743383	6.801731601731602	2.3565278597935966	RNU5F-1
115	1	0.28221512247071356	3.5433962264150938	2.2617383140546043	RNU5F-1
116	2	0.29872256796593516	6.695175438596491	2.394032861621187	RNU5F-1
117	2	0.20344106021855385	9.830857142857141	1.6304244666971823	RNU5F-1
1	2	0.28863090472377906	6.929264909847434	2.6737969910490476	RNU5D-1
2	2	0.288630904723779	6.929264909847435	2.673796991049047	RNU5D-1
3	3	0.2643004824259132	11.350717079530638	2.4484066781397495	RNU5D-1
4	2	0.29872256796593516	6.695175438596491	2.7672833723406836	RNU5D-1
5	2	0.13269529229177443	15.072124756335285	1.2292525417389577	RNU5D-1
6	3	0.293631100082713	10.216901408450704	2.720117419965589	RNU5D-1
7	2	0.20344106021855385	9.830857142857141	1.884621798170814	RNU5D-1
8	3	0.23349728190525498	12.848115299334811	2.1630543353418195	RNU5D-1
9	3	0.341701011614837	8.779605263157896	3.1654238050790964	RNU5D-1
10	2	0.18991331757289204	10.531120331950207	1.7593045262166145	RNU5D-1
11	2	0.13957934990439771	14.32876712328767	1.2930245503132147	RNU5D-1
12	1	0.13819875776397517	7.235955056179774	1.2802351259982387	RNU5D-1
13	3	0.293631100082713	10.216901408450704	2.720117419965589	RNU5D-1
14	1	0.13269529229177443	7.536062378167642	1.2292525417389577	RNU5D-1
15	2	0.293631100082713	6.811267605633803	2.720117419965589	RNU5D-1
16	1	0.1796875	5.565217391304348	1.6645753762540303	RNU5D-1
17	3	0.13819875776397517	21.707865168539325	1.2802351259982387	RNU5D-1
18	3	0.25023756731073804	11.98860759493671	2.3181317162249186	RNU5D-1
19	2	0.17947083200510042	11.143872113676732	1.6625682237858166	RNU5D-1
20	2	0.1395793499043977	14.328767123287673	1.2930245503132145	RNU5D-1
21	1	0.1982835158330867	5.043283582089552	1.8368437313270665	RNU5D-1
22	2	0.20446096654275092	9.781818181818183	1.8940699286937728	RNU5D-1
23	3	0.5417335473515249	5.5377777777777775	5.018469973771659	RNU5D-1
24	2	0.6291448516579405	3.178918169209432	5.828224156754379	RNU5D-1
25	2	0.21884984025559104	9.138686131386862	2.0273644810383855	RNU5D-1
26	2	0.2842572062084257	7.03588143525741	2.633280255873723	RNU5D-1
27	3	0.2842572062084257	10.553822152886116	2.633280255873723	RNU5D-1
28	1	0.18560057887120116	5.3879142300194935	1.719352505919975	RNU5D-1
29	3	0.1395793499043977	21.49315068493151	1.2930245503132145	RNU5D-1
30	2	0.1982835158330867	10.086567164179105	1.8368437313270665	RNU5D-1
31	2	0.20446096654275092	9.781818181818183	1.8940699286937728	RNU5D-1
32	3	0.293631100082713	10.216901408450704	2.720117419965589	RNU5D-1
33	1	0.1796875	5.565217391304348	1.6645753762540303	RNU5D-1
34	3	0.13957934990439771	21.493150684931507	1.2930245503132147	RNU5D-1
35	1	0.13819875776397517	7.235955056179774	1.2802351259982387	RNU5D-1
36	3	0.5417335473515249	5.5377777777777775	5.018469973771659	RNU5D-1
37	2	0.5520473606314751	3.622877569258266	5.114014291662926	RNU5D-1
38	2	0.2822151224707135	7.086792452830189	2.614362956083563	RNU5D-1
39	3	0.29404276985743383	10.202597402597402	2.7239310150690232	RNU5D-1
40	2	0.1796875	11.130434782608695	1.6645753762540303	RNU5D-1
41	1	0.13957934990439771	7.164383561643835	1.2930245503132147	RNU5D-1
42	1	0.13957934990439771	7.164383561643835	1.2930245503132147	RNU5D-1
43	2	0.18560057887120118	10.775828460038985	1.7193525059199752	RNU5D-1
44	3	0.21884984025559104	13.708029197080293	2.0273644810383855	RNU5D-1
45	3	0.30434782608695654	9.857142857142856	2.819394210063537	RNU5D-1
46	2	0.18642350557244175	10.728260869565217	1.7269758716151238	RNU5D-1
47	2	0.18560057887120116	10.775828460038987	1.719352505919975	RNU5D-1
48	2	0.1395793499043977	14.328767123287673	1.2930245503132145	RNU5D-1
49	2	0.1796875	11.130434782608695	1.6645753762540303	RNU5D-1
50	3	0.293631100082713	10.216901408450704	2.720117419965589	RNU5D-1
51	3	0.20446096654275092	14.672727272727274	1.8940699286937728	RNU5D-1
52	3	0.1982835158330867	15.129850746268657	1.8368437313270665	RNU5D-1
53	3	0.13957934990439771	21.493150684931507	1.2930245503132147	RNU5D-1
54	1	0.13819875776397517	7.235955056179774	1.2802351259982387	RNU5D-1
55	3	0.30125148986889155	9.958456973293767	2.7907106064450633	RNU5D-1
56	3	0.6113624937154348	4.907072368421053	5.663493303674279	RNU5D-1
57	2	0.6291448516579405	3.178918169209432	5.828224156754379	RNU5D-1
58	2	0.19121447028423771	10.45945945945946	1.7713580455991655	RNU5D-1
59	3	0.23349728190525498	12.848115299334811	2.1630543353418195	RNU5D-1
60	3	0.30125148986889155	9.958456973293767	2.7907106064450633	RNU5D-1
61	3	0.13269529229177446	22.60818713450292	1.229252541738958	RNU5D-1
62	2	0.293631100082713	6.811267605633803	2.720117419965589	RNU5D-1
63	3	0.13269529229177446	22.60818713450292	1.229252541738958	RNU5D-1
64	2	0.293631100082713	6.811267605633803	2.720117419965589	RNU5D-1
65	2	0.13819875776397517	14.471910112359549	1.2802351259982387	RNU5D-1
66	3	0.1395793499043977	21.49315068493151	1.2930245503132145	RNU5D-1
67	2	0.18991331757289204	10.531120331950207	1.7593045262166145	RNU5D-1
68	2	0.341701011614837	5.853070175438597	3.1654238050790964	RNU5D-1
69	3	0.6113624937154348	4.907072368421053	5.663493303674279	RNU5D-1
70	2	0.6291448516579405	3.178918169209432	5.828224156754379	RNU5D-1
71	0	0.18991331757289204	0.0	1.7593045262166145	RNU5D-1
72	2	0.13957934990439771	14.32876712328767	1.2930245503132147	RNU5D-1
73	2	0.13957934990439771	14.32876712328767	1.2930245503132147	RNU5D-1
74	3	0.17947083200510044	16.715808170515096	1.6625682237858168	RNU5D-1
75	2	0.25023756731073804	7.992405063291139	2.3181317162249186	RNU5D-1
76	1	0.13269529229177446	7.536062378167641	1.229252541738958	RNU5D-1
77	3	0.30434782608695654	9.857142857142856	2.819394210063537	RNU5D-1
78	3	0.18991331757289204	15.796680497925312	1.7593045262166145	RNU5D-1
79	1	0.13957934990439771	7.164383561643835	1.2930245503132147	RNU5D-1
80	3	0.13819875776397517	21.707865168539325	1.2802351259982387	RNU5D-1
81	2	0.25023756731073804	7.992405063291139	2.3181317162249186	RNU5D-1
82	2	0.17947083200510042	11.143872113676732	1.6625682237858166	RNU5D-1
83	1	0.1796875	5.565217391304348	1.6645753762540303	RNU5D-1
84	3	0.2987225679659351	10.042763157894738	2.767283372340683	RNU5D-1
85	3	0.26430048242591314	11.35071707953064	2.448406678139749	RNU5D-1
86	2	0.17947083200510042	11.143872113676732	1.6625682237858166	RNU5D-1
87	0	0.1395793499043977	0.0	1.2930245503132145	RNU5D-1
88	2	0.1982835158330867	10.086567164179105	1.8368437313270665	RNU5D-1
89	2	0.1982835158330867	10.086567164179105	1.8368437313270665	RNU5D-1
90	3	0.13957934990439771	21.493150684931507	1.2930245503132147	RNU5D-1
91	3	0.13957934990439771	21.493150684931507	1.2930245503132147	RNU5D-1
92	2	0.13957934990439771	14.32876712328767	1.2930245503132147	RNU5D-1
93	2	0.13957934990439771	14.32876712328767	1.2930245503132147	RNU5D-1
94	3	0.17947083200510044	16.715808170515096	1.6625682237858168	RNU5D-1
95	2	0.25023756731073804	7.992405063291139	2.3181317162249186	RNU5D-1
96	3	0.13819875776397517	21.707865168539325	1.2802351259982387	RNU5D-1
97	1	0.1796875	5.565217391304348	1.6645753762540303	RNU5D-1
98	3	0.2987225679659351	10.042763157894738	2.767283372340683	RNU5D-1
99	3	0.2822151224707135	10.630188679245284	2.614362956083563	RNU5D-1
100	2	0.3240223463687151	6.172413793103448	3.0016535325018023	RNU5D-1
101	3	0.29404276985743383	10.202597402597402	2.7239310150690232	RNU5D-1
102	2	0.18642350557244175	10.728260869565217	1.7269758716151238	RNU5D-1
103	2	0.2842572062084257	7.03588143525741	2.633280255873723	RNU5D-1
104	3	0.288630904723779	10.393897364771153	2.673796991049047	RNU5D-1
105	1	0.27415730337078653	3.6475409836065573	2.5397175452450353	RNU5D-1
106	2	0.18991331757289204	10.531120331950207	1.7593045262166145	RNU5D-1
107	3	0.17947083200510044	16.715808170515096	1.6625682237858168	RNU5D-1
108	2	0.23349728190525498	8.56541019955654	2.1630543353418195	RNU5D-1
109	3	0.341701011614837	8.779605263157896	3.1654238050790964	RNU5D-1
110	2	0.19121447028423771	10.45945945945946	1.7713580455991655	RNU5D-1
111	2	0.23349728190525498	8.56541019955654	2.1630543353418195	RNU5D-1
112	2	0.3240223463687151	6.172413793103448	3.0016535325018023	RNU5D-1
113	2	0.3240223463687151	6.172413793103448	3.0016535325018023	RNU5D-1
114	3	0.341701011614837	8.779605263157896	3.1654238050790964	RNU5D-1
115	2	0.18991331757289204	10.531120331950207	1.7593045262166145	RNU5D-1
116	2	0.13819875776397517	14.471910112359549	1.2802351259982387	RNU5D-1
1	1	0.2842572062084257	3.517940717628705	1.9910922657845054	RNU2-2P
2	2	0.20446096654275092	9.781818181818183	1.4321559497759846	RNU2-2P
3	1	0.5417335473515249	1.8459259259259257	3.7945967690146576	RNU2-2P
4	0	0.5520473606314751	0.0	3.8668403336594066	RNU2-2P
5	0	0.29872256796593516	0.0	2.0924155367099	RNU2-2P
6	0	0.1796875	0.0	1.2586290996113663	RNU2-2P
7	0	0.13819875776397517	0.0	0.968019356114818	RNU2-2P
8	1	0.293631100082713	3.4056338028169013	2.0567521230747827	RNU2-2P
9	0	0.13269529229177443	0.0	0.9294700870114121	RNU2-2P
10	2	0.5417335473515249	3.6918518518518515	3.7945967690146576	RNU2-2P
11	0	0.6113624937154349	0.0	4.282315826093732	RNU2-2P
12	0	0.28221512247071356	0.0	1.9767883992599686	RNU2-2P
13	2	0.2822151224707135	7.086792452830189	1.9767883992599684	RNU2-2P
14	2	0.29404276985743383	6.801731601731602	2.059635682353498	RNU2-2P
15	0	0.1796875	0.0	1.2586290996113663	RNU2-2P
16	1	0.13957934990439771	7.164383561643835	0.9776897752738055	RNU2-2P
17	0	0.13957934990439771	0.0	0.9776897752738055	RNU2-2P
18	0	0.17947083200510044	0.0	1.2571114389875886	RNU2-2P
19	1	0.23349728190525498	4.28270509977827	1.6355421144270605	RNU2-2P
20	1	0.28221512247071356	3.5433962264150938	1.9767883992599686	RNU2-2P
21	2	0.29872256796593516	6.695175438596491	2.0924155367099	RNU2-2P
22	0	0.18642350557244175	0.0	1.3058117507619442	RNU2-2P
23	1	0.18560057887120116	5.3879142300194935	1.300047524018133	RNU2-2P
24	0	0.1796875	0.0	1.2586290996113663	RNU2-2P
25	3	0.293631100082713	10.216901408450704	2.0567521230747827	RNU2-2P
26	1	0.20446096654275092	4.8909090909090915	1.4321559497759846	RNU2-2P
27	0	0.20446096654275092	0.0	1.4321559497759846	RNU2-2P
28	2	0.25023756731073804	7.992405063291139	1.7528001894024507	RNU2-2P
29	2	0.17947083200510042	11.143872113676732	1.2571114389875884	RNU2-2P
30	0	0.1796875	0.0	1.2586290996113663	RNU2-2P
31	1	0.30434782608695654	3.2857142857142856	2.131817907848363	RNU2-2P
32	0	0.19121447028423771	0.0	1.3393702765440803	RNU2-2P
33	0	0.27415730337078653	0.0	1.9203470463635657	RNU2-2P
34	0	0.21884984025559104	0.0	1.532943456784617	RNU2-2P
35	0	0.18642350557244175	0.0	1.3058117507619442	RNU2-2P
36	1	0.30434782608695654	3.2857142857142856	2.131817907848363	RNU2-2P
37	1	0.21884984025559104	4.569343065693431	1.532943456784617	RNU2-2P
38	1	0.2842572062084257	3.517940717628705	1.9910922657845054	RNU2-2P
39	0	0.20446096654275092	0.0	1.4321559497759846	RNU2-2P
40	2	0.293631100082713	6.811267605633803	2.0567521230747827	RNU2-2P
41	0	0.20344106021855385	0.0	1.4250119704868738	RNU2-2P
42	1	0.27415730337078653	3.6475409836065573	1.9203470463635657	RNU2-2P
43	1	0.18991331757289204	5.265560165975104	1.3302562944054348	RNU2-2P
44	1	0.13819875776397517	7.235955056179774	0.968019356114818	RNU2-2P
45	3	0.293631100082713	10.216901408450704	2.0567521230747827	RNU2-2P
46	0	0.1796875	0.0	1.2586290996113663	RNU2-2P
47	1	0.18560057887120118	5.387914230019493	1.300047524018133	RNU2-2P
48	2	0.2842572062084257	7.03588143525741	1.9910922657845054	RNU2-2P
49	1	0.20446096654275092	4.8909090909090915	1.4321559497759846	RNU2-2P
50	2	0.25023756731073804	7.992405063291139	1.7528001894024507	RNU2-2P
51	1	0.20344106021855385	4.915428571428571	1.4250119704868738	RNU2-2P
52	2	0.30434782608695654	6.571428571428571	2.131817907848363	RNU2-2P
53	1	0.18991331757289204	5.265560165975104	1.3302562944054348	RNU2-2P
54	1	0.13957934990439771	7.164383561643835	0.9776897752738055	RNU2-2P
55	1	0.18560057887120118	5.387914230019493	1.300047524018133	RNU2-2P
56	2	0.18560057887120116	10.775828460038987	1.300047524018133	RNU2-2P
57	1	0.1982835158330867	5.043283582089552	1.3888857210477856	RNU2-2P
58	2	0.2842572062084257	7.03588143525741	1.9910922657845054	RNU2-2P
59	1	0.2842572062084257	3.517940717628705	1.9910922657845054	RNU2-2P
60	1	0.20446096654275092	4.8909090909090915	1.4321559497759846	RNU2-2P
61	2	0.293631100082713	6.811267605633803	2.0567521230747827	RNU2-2P
62	1	0.20344106021855385	4.915428571428571	1.4250119704868738	RNU2-2P
63	2	0.25023756731073804	7.992405063291139	1.7528001894024507	RNU2-2P
64	2	0.20446096654275092	9.781818181818183	1.4321559497759846	RNU2-2P
65	1	0.2842572062084257	3.517940717628705	1.9910922657845054	RNU2-2P
66	1	0.21884984025559104	4.569343065693431	1.532943456784617	RNU2-2P
67	3	0.6291448516579407	4.768377253814147	4.406873144583571	RNU2-2P
68	1	0.6291448516579405	1.589459084604716	4.40687314458357	RNU2-2P
69	2	0.17209302325581394	11.621621621621623	1.2054332488896724	RNU2-2P
70	3	0.30125148986889155	9.958456973293767	2.110129482853652	RNU2-2P
71	3	0.29404276985743383	10.202597402597402	2.059635682353498	RNU2-2P
72	1	0.13269529229177443	7.536062378167642	0.9294700870114121	RNU2-2P
73	2	0.293631100082713	6.811267605633803	2.0567521230747827	RNU2-2P
74	1	0.18642350557244175	5.364130434782608	1.3058117507619442	RNU2-2P
75	3	0.2842572062084257	10.553822152886116	1.9910922657845054	RNU2-2P
76	2	0.20446096654275092	9.781818181818183	1.4321559497759846	RNU2-2P
77	3	0.30125148986889155	9.958456973293767	2.110129482853652	RNU2-2P
78	3	0.6113624937154348	4.907072368421053	4.282315826093731	RNU2-2P
79	1	0.5417335473515249	1.8459259259259257	3.7945967690146576	RNU2-2P
80	3	0.13269529229177446	22.60818713450292	0.9294700870114123	RNU2-2P
81	2	0.29404276985743383	6.801731601731602	2.059635682353498	RNU2-2P
82	3	0.30125148986889155	9.958456973293767	2.110129482853652	RNU2-2P
83	3	0.17209302325581396	17.43243243243243	1.2054332488896726	RNU2-2P
84	2	0.27415730337078653	7.295081967213115	1.9203470463635657	RNU2-2P
85	2	0.17947083200510042	11.143872113676732	1.2571114389875884	RNU2-2P
86	3	0.1982835158330867	15.129850746268657	1.3888857210477856	RNU2-2P
87	3	0.2842572062084257	10.553822152886116	1.9910922657845054	RNU2-2P
88	2	0.2842572062084257	7.03588143525741	1.9910922657845054	RNU2-2P
89	1	0.2842572062084257	3.517940717628705	1.9910922657845054	RNU2-2P
90	2	0.2842572062084257	7.03588143525741	1.9910922657845054	RNU2-2P
91	1	0.1982835158330867	5.043283582089552	1.3888857210477856	RNU2-2P
92	0	0.18560057887120118	0.0	1.300047524018133	RNU2-2P
93	1	0.18560057887120116	5.3879142300194935	1.300047524018133	RNU2-2P
94	1	0.1395793499043977	7.164383561643836	0.9776897752738053	RNU2-2P
95	1	0.1982835158330867	5.043283582089552	1.3888857210477856	RNU2-2P
96	2	0.288630904723779	6.929264909847435	2.0217280319026307	RNU2-2P
97	3	0.23349728190525498	12.848115299334811	1.6355421144270605	RNU2-2P
98	3	0.30125148986889155	9.958456973293767	2.110129482853652	RNU2-2P
99	2	0.20446096654275092	9.781818181818183	1.4321559497759846	RNU2-2P
100	3	0.1982835158330867	15.129850746268657	1.3888857210477856	RNU2-2P
101	2	0.13957934990439771	14.32876712328767	0.9776897752738055	RNU2-2P
102	0	0.13957934990439771	0.0	0.9776897752738055	RNU2-2P
103	2	0.13957934990439771	14.32876712328767	0.9776897752738055	RNU2-2P
104	1	0.17947083200510044	5.571936056838365	1.2571114389875886	RNU2-2P
105	3	0.23349728190525498	12.848115299334811	1.6355421144270605	RNU2-2P
106	3	0.30125148986889155	9.958456973293767	2.110129482853652	RNU2-2P
107	2	0.13819875776397517	14.471910112359549	0.968019356114818	RNU2-2P
108	2	0.1395793499043977	14.328767123287673	0.9776897752738053	RNU2-2P
109	3	0.1982835158330867	15.129850746268657	1.3888857210477856	RNU2-2P
110	3	0.2842572062084257	10.553822152886116	1.9910922657845054	RNU2-2P
111	1	0.18642350557244175	5.364130434782608	1.3058117507619442	RNU2-2P
112	3	0.29404276985743383	10.202597402597402	2.059635682353498	RNU2-2P
113	3	0.30125148986889155	9.958456973293767	2.110129482853652	RNU2-2P
114	3	0.13269529229177446	22.60818713450292	0.9294700870114123	RNU2-2P
115	3	0.293631100082713	10.216901408450704	2.0567521230747827	RNU2-2P
116	3	0.20446096654275092	14.672727272727274	1.4321559497759846	RNU2-2P
117	3	0.288630904723779	10.393897364771153	2.0217280319026307	RNU2-2P
118	3	0.23349728190525498	12.848115299334811	1.6355421144270605	RNU2-2P
119	3	0.30125148986889155	9.958456973293767	2.110129482853652	RNU2-2P
120	3	0.13819875776397517	21.707865168539325	0.968019356114818	RNU2-2P
121	3	0.1982835158330867	15.129850746268657	1.3888857210477856	RNU2-2P
122	2	0.2842572062084257	7.03588143525741	1.9910922657845054	RNU2-2P
123	2	0.18642350557244175	10.728260869565217	1.3058117507619442	RNU2-2P
124	1	0.29404276985743383	3.400865800865801	2.059635682353498	RNU2-2P
125	3	0.30125148986889155	9.958456973293767	2.110129482853652	RNU2-2P
126	2	0.13269529229177446	15.072124756335281	0.9294700870114123	RNU2-2P
127	2	0.2987225679659351	6.695175438596492	2.092415536709899	RNU2-2P
128	2	0.29872256796593516	6.695175438596491	2.0924155367099	RNU2-2P
129	2	0.1796875	11.130434782608695	1.2586290996113663	RNU2-2P
130	2	0.17947083200510044	11.14387211367673	1.2571114389875886	RNU2-2P
131	3	0.2643004824259132	11.350717079530638	1.8513045048908625	RNU2-2P
132	2	0.29872256796593516	6.695175438596491	2.0924155367099	RNU2-2P
133	1	0.13269529229177443	7.536062378167642	0.9294700870114121	RNU2-2P
134	3	0.30125148986889155	9.958456973293767	2.110129482853652	RNU2-2P
135	2	0.6113624937154348	3.2713815789473686	4.282315826093731	RNU2-2P
136	2	0.6291448516579405	3.178918169209432	4.40687314458357	RNU2-2P
137	3	0.17209302325581394	17.432432432432435	1.2054332488896724	RNU2-2P
138	3	0.30125148986889155	9.958456973293767	2.110129482853652	RNU2-2P
139	3	0.23349728190525498	12.848115299334811	1.6355421144270605	RNU2-2P
140	3	0.19121447028423771	15.68918918918919	1.3393702765440803	RNU2-2P
141	2	0.30434782608695654	6.571428571428571	2.131817907848363	RNU2-2P
142	3	0.13269529229177443	22.608187134502927	0.9294700870114121	RNU2-2P
143	2	0.30125148986889155	6.6389713155291785	2.110129482853652	RNU2-2P
144	2	0.23349728190525498	8.56541019955654	1.6355421144270605	RNU2-2P
145	2	0.19121447028423771	10.45945945945946	1.3393702765440803	RNU2-2P
146	2	0.6291448516579407	3.1789181692094313	4.406873144583571	RNU2-2P
147	3	0.5520473606314751	5.434316353887399	3.8668403336594066	RNU2-2P
148	2	0.26430048242591314	7.567144719687093	1.8513045048908618	RNU2-2P
149	2	0.28863090472377906	6.929264909847434	2.021728031902631	RNU2-2P
150	3	0.20446096654275092	14.672727272727274	1.4321559497759846	RNU2-2P
151	3	0.5417335473515249	5.5377777777777775	3.7945967690146576	RNU2-2P
152	3	0.5417335473515249	5.5377777777777775	3.7945967690146576	RNU2-2P
153	2	0.17209302325581396	11.621621621621621	1.2054332488896726	RNU2-2P
154	3	0.341701011614837	8.779605263157896	2.3934599601256363	RNU2-2P
155	3	0.29404276985743383	10.202597402597402	2.059635682353498	RNU2-2P
156	2	0.20344106021855385	9.830857142857141	1.4250119704868738	RNU2-2P
157	2	0.23349728190525498	8.56541019955654	1.6355421144270605	RNU2-2P
158	3	0.341701011614837	8.779605263157896	2.3934599601256363	RNU2-2P
159	1	0.21884984025559104	4.569343065693431	1.532943456784617	RNU2-2P
160	3	0.2842572062084257	10.553822152886116	1.9910922657845054	RNU2-2P
161	2	0.1982835158330867	10.086567164179105	1.3888857210477856	RNU2-2P
162	2	0.17947083200510044	11.14387211367673	1.2571114389875886	RNU2-2P
163	2	0.2643004824259132	7.567144719687092	1.8513045048908625	RNU2-2P
164	2	0.26430048242591314	7.567144719687093	1.8513045048908618	RNU2-2P
165	2	0.20344106021855385	9.830857142857141	1.4250119704868738	RNU2-2P
166	2	0.30434782608695654	6.571428571428571	2.131817907848363	RNU2-2P
167	1	0.21884984025559104	4.569343065693431	1.532943456784617	RNU2-2P
168	2	0.21884984025559104	9.138686131386862	1.532943456784617	RNU2-2P
169	3	0.30434782608695654	9.857142857142856	2.131817907848363	RNU2-2P
170	3	0.1796875	16.695652173913043	1.2586290996113663	RNU2-2P
171	1	0.13819875776397517	7.235955056179774	0.968019356114818	RNU2-2P
172	2	0.30125148986889155	6.6389713155291785	2.110129482853652	RNU2-2P
173	2	0.23349728190525498	8.56541019955654	1.6355421144270605	RNU2-2P
174	2	0.20344106021855385	9.830857142857141	1.4250119704868738	RNU2-2P
175	3	0.29404276985743383	10.202597402597402	2.059635682353498	RNU2-2P
176	3	0.30125148986889155	9.958456973293767	2.110129482853652	RNU2-2P
177	2	0.13819875776397517	14.471910112359549	0.968019356114818	RNU2-2P
178	3	0.18991331757289204	15.796680497925312	1.3302562944054348	RNU2-2P
179	3	0.6291448516579407	4.768377253814147	4.406873144583571	RNU2-2P
180	2	0.6113624937154349	3.271381578947368	4.282315826093732	RNU2-2P
181	2	0.341701011614837	5.853070175438597	2.3934599601256363	RNU2-2P
182	1	0.19121447028423771	5.22972972972973	1.3393702765440803	RNU2-2P
183	3	0.2643004824259132	11.350717079530638	1.8513045048908625	RNU2-2P
184	2	0.26430048242591314	7.567144719687093	1.8513045048908618	RNU2-2P
185	3	0.19121447028423771	15.68918918918919	1.3393702765440803	RNU2-2P
186	3	0.30434782608695654	9.857142857142856	2.131817907848363	RNU2-2P
187	2	0.13269529229177443	15.072124756335285	0.9294700870114121	RNU2-2P
188	3	0.293631100082713	10.216901408450704	2.0567521230747827	RNU2-2P
189	3	0.13269529229177443	22.608187134502927	0.9294700870114121	RNU2-2P
190	3	0.30125148986889155	9.958456973293767	2.110129482853652	RNU2-2P
191	1	0.3240223463687151	3.086206896551724	2.269628961747579	RNU2-2P
1	3	0.2643004824259132	11.350717079530638	2.2921058945387527	RNU7-1
2	2	0.20344106021855385	9.830857142857141	1.764311775135987	RNU7-1
3	2	0.30434782608695654	6.571428571428571	2.6394104156034364	RNU7-1
4	2	0.19121447028423771	10.45945945945946	1.658278526156164	RNU7-1
5	2	0.27415730337078653	7.295081967213115	2.3775876809577023	RNU7-1
6	1	0.18991331757289204	5.265560165975104	1.64699447638071	RNU7-1
7	2	0.18560057887120116	10.775828460038987	1.6095929033339333	RNU7-1
8	1	0.21884984025559104	4.569343065693431	1.897942085706624	RNU7-1
9	2	0.27415730337078653	7.295081967213115	2.3775876809577023	RNU7-1
10	1	0.20344106021855385	4.915428571428571	1.764311775135987	RNU7-1
11	3	0.29872256796593516	10.042763157894736	2.590626216728168	RNU7-1
12	2	0.2987225679659351	6.695175438596492	2.5906262167281677	RNU7-1
13	1	0.13269529229177446	7.536062378167641	1.1507798201797703	RNU7-1
14	2	0.293631100082713	6.811267605633803	2.5464712328254824	RNU7-1
15	1	0.1796875	5.565217391304348	1.5583126226051538	RNU7-1
16	1	0.1395793499043977	7.164383561643836	1.2104807669484208	RNU7-1
17	2	0.1395793499043977	14.328767123287673	1.2104807669484208	RNU7-1
18	1	0.18560057887120116	5.3879142300194935	1.6095929033339333	RNU7-1
19	1	0.18642350557244175	5.364130434782608	1.616729610483969	RNU7-1
20	2	0.293631100082713	6.811267605633803	2.5464712328254824	RNU7-1
21	1	0.13819875776397517	7.235955056179774	1.1985077907587032	RNU7-1
22	1	0.1982835158330867	5.043283582089552	1.7195837527776159	RNU7-1
23	2	0.1982835158330867	10.086567164179105	1.7195837527776159	RNU7-1
24	2	0.1395793499043977	14.328767123287673	1.2104807669484208	RNU7-1
25	1	0.17947083200510042	5.571936056838366	1.5564336022427658	RNU7-1
26	1	0.27415730337078653	3.6475409836065573	2.3775876809577023	RNU7-1
27	1	0.17209302325581396	5.8108108108108105	1.4924506735405478	RNU7-1
28	3	0.293631100082713	10.216901408450704	2.5464712328254824	RNU7-1
29	3	0.18642350557244175	16.092391304347824	1.616729610483969	RNU7-1
30	2	0.18642350557244175	10.728260869565217	1.616729610483969	RNU7-1
31	3	0.30434782608695654	9.857142857142856	2.6394104156034364	RNU7-1
32	2	0.21884984025559104	9.138686131386862	1.897942085706624	RNU7-1
33	2	0.18642350557244175	10.728260869565217	1.616729610483969	RNU7-1
34	3	0.29404276985743383	10.202597402597402	2.5500413765822407	RNU7-1
35	3	0.2822151224707135	10.630188679245284	2.447467896410002	RNU7-1
36	2	0.2987225679659351	6.695175438596492	2.5906262167281677	RNU7-1
37	2	0.1796875	11.130434782608695	1.5583126226051538	RNU7-1
38	2	0.1395793499043977	14.328767123287673	1.2104807669484208	RNU7-1
39	2	0.13819875776397517	14.471910112359549	1.1985077907587032	RNU7-1
40	2	0.293631100082713	6.811267605633803	2.5464712328254824	RNU7-1
41	2	0.20344106021855385	9.830857142857141	1.764311775135987	RNU7-1
42	3	0.23349728190525498	12.848115299334811	2.0249698044491287	RNU7-1
43	3	0.2822151224707135	10.630188679245284	2.447467896410002	RNU7-1
44	2	0.2987225679659351	6.695175438596492	2.5906262167281677	RNU7-1
45	3	0.1796875	16.695652173913043	1.5583126226051538	RNU7-1
46	2	0.1395793499043977	14.328767123287673	1.2104807669484208	RNU7-1
47	3	0.1395793499043977	21.49315068493151	1.2104807669484208	RNU7-1
48	2	0.1395793499043977	14.328767123287673	1.2104807669484208	RNU7-1
49	2	0.18560057887120116	10.775828460038987	1.6095929033339333	RNU7-1
50	2	0.21884984025559104	9.138686131386862	1.897942085706624	RNU7-1
51	2	0.341701011614837	5.853070175438597	2.9633502584005607	RNU7-1
52	3	0.6113624937154349	4.907072368421052	5.301948610471659	RNU7-1
53	2	0.6113624937154348	3.2713815789473686	5.301948610471658	RNU7-1
54	3	0.30125148986889155	9.958456973293767	2.612557908821161	RNU7-1
55	3	0.13819875776397517	21.707865168539325	1.1985077907587032	RNU7-1
56	1	0.13957934990439771	7.164383561643835	1.210480766948421	RNU7-1
57	0	0.1796875	0.0	1.5583126226051538	RNU7-1
58	2	0.29872256796593516	6.695175438596491	2.590626216728168	RNU7-1
59	3	0.28221512247071356	10.63018867924528	2.4474678964100023	RNU7-1
60	3	0.3240223463687151	9.258620689655173	2.8100347122226528	RNU7-1
61	3	0.3240223463687151	9.258620689655173	2.8100347122226528	RNU7-1
62	3	0.29404276985743383	10.202597402597402	2.5500413765822407	RNU7-1
63	2	0.13269529229177446	15.072124756335281	1.1507798201797703	RNU7-1
1	3	0.20344106021855385	14.746285714285712	1.048988786314197	RNU4-2
2	2	0.2987225679659351	6.695175438596492	1.5402821027309426	RNU4-2
3	1	0.29872256796593516	3.3475877192982453	1.540282102730943	RNU4-2
4	1	0.1796875	5.565217391304348	0.9265099795407079	RNU4-2
5	2	0.13957934990439771	14.32876712328767	0.719703154778317	RNU4-2
6	1	0.17947083200510044	5.571936056838365	0.9253927896442404	RNU4-2
7	2	0.2643004824259132	7.567144719687092	1.3627939314923525	RNU4-2
8	2	0.5520473606314751	3.622877569258266	2.846482859431901	RNU4-2
9	1	0.5520473606314751	1.811438784629133	2.846482859431901	RNU4-2
10	3	0.26430048242591314	11.35071707953064	1.362793931492352	RNU4-2
11	2	0.20344106021855385	9.830857142857141	1.048988786314197	RNU4-2
12	2	0.30434782608695654	6.571428571428571	1.5692872243260385	RNU4-2
13	1	0.19121447028423771	5.22972972972973	0.9859456832052111	RNU4-2
14	2	0.23349728190525498	8.56541019955654	1.2039655617716798	RNU4-2
15	1	0.28221512247071356	3.5433962264150938	1.4551659261018113	RNU4-2
16	2	0.26430048242591314	7.567144719687093	1.362793931492352	RNU4-2
17	2	0.20344106021855385	9.830857142857141	1.048988786314197	RNU4-2
18	2	0.30434782608695654	6.571428571428571	1.5692872243260385	RNU4-2
19	0	0.21884984025559104	0.0	1.1284399917506496	RNU4-2
20	1	0.2842572062084257	3.517940717628705	1.4656953784123397	RNU4-2
21	2	0.20446096654275092	9.781818181818183	1.0542476573406472	RNU4-2
22	2	0.5417335473515249	3.6918518518518515	2.7933024716420256	RNU4-2
23	1	0.6291448516579405	1.589459084604716	3.2440152132882933	RNU4-2
24	1	0.21884984025559104	4.569343065693431	1.1284399917506496	RNU4-2
25	0	0.18642350557244175	0.0	0.9612423698578367	RNU4-2
26	2	0.2987225679659351	6.695175438596492	1.5402821027309426	RNU4-2
27	2	0.2822151224707135	7.086792452830189	1.4551659261018108	RNU4-2
28	1	0.23349728190525498	4.28270509977827	1.2039655617716798	RNU4-2
29	3	0.17947083200510042	16.715808170515096	0.9253927896442402	RNU4-2
30	1	0.1982835158330867	5.043283582089552	1.0223953040571703	RNU4-2
31	3	0.288630904723779	10.393897364771153	1.4882471715085608	RNU4-2
32	1	0.25023756731073804	3.9962025316455696	1.2902823144035531	RNU4-2
33	2	0.13269529229177446	15.072124756335281	0.6842073741712708	RNU4-2
34	2	0.29404276985743383	6.801731601731602	1.5161519898974838	RNU4-2
35	3	0.341701011614837	8.779605263157896	1.7618888196468971	RNU4-2
36	2	0.18991331757289204	10.531120331950207	0.9792366412742577	RNU4-2
37	2	0.13957934990439771	14.32876712328767	0.719703154778317	RNU4-2
38	1	0.18560057887120118	5.387914230019493	0.9569991709645921	RNU4-2
39	2	0.2842572062084257	7.03588143525741	1.4656953784123397	RNU4-2
40	2	0.20446096654275092	9.781818181818183	1.0542476573406472	RNU4-2
41	3	0.30125148986889155	9.958456973293767	1.5533218043271484	RNU4-2
42	2	0.6113624937154348	3.2713815789473686	3.1523252955505736	RNU4-2
43	0	0.5417335473515249	0.0	2.7933024716420256	RNU4-2
44	1	0.13269529229177446	7.536062378167641	0.6842073741712708	RNU4-2
45	2	0.29404276985743383	6.801731601731602	1.5161519898974838	RNU4-2
46	2	0.28221512247071356	7.0867924528301875	1.4551659261018113	RNU4-2
47	1	0.5520473606314751	1.811438784629133	2.846482859431901	RNU4-2
48	0	0.5520473606314751	0.0	2.846482859431901	RNU4-2
49	1	0.5520473606314751	1.811438784629133	2.846482859431901	RNU4-2
50	1	0.5417335473515249	1.8459259259259257	2.7933024716420256	RNU4-2
51	2	0.20446096654275092	9.781818181818183	1.0542476573406472	RNU4-2
52	0	0.1982835158330867	0.0	1.0223953040571703	RNU4-2
53	0	0.18560057887120118	0.0	0.9569991709645921	RNU4-2
54	1	0.2842572062084257	3.517940717628705	1.4656953784123397	RNU4-2
55	1	0.1982835158330867	5.043283582089552	1.0223953040571703	RNU4-2
56	0	0.17947083200510044	0.0	0.9253927896442404	RNU4-2
57	2	0.2643004824259132	7.567144719687092	1.3627939314923525	RNU4-2
58	2	0.29872256796593516	6.695175438596491	1.540282102730943	RNU4-2
59	1	0.18642350557244175	5.364130434782608	0.9612423698578367	RNU4-2
60	1	0.18560057887120116	5.3879142300194935	0.956999170964592	RNU4-2
61	1	0.1982835158330867	5.043283582089552	1.0223953040571703	RNU4-2
62	0	0.1982835158330867	0.0	1.0223953040571703	RNU4-2
63	0	0.17947083200510044	0.0	0.9253927896442404	RNU4-2
64	0	0.25023756731073804	0.0	1.2902823144035531	RNU4-2
65	0	0.13819875776397517	0.0	0.7125845049235582	RNU4-2
66	1	0.1395793499043977	7.164383561643836	0.7197031547783168	RNU4-2
67	0	0.1395793499043977	0.0	0.7197031547783168	RNU4-2
68	0	0.18991331757289204	0.0	0.9792366412742577	RNU4-2
69	0	0.30434782608695654	0.0	1.5692872243260385	RNU4-2
70	0	0.1796875	0.0	0.9265099795407079	RNU4-2
71	0	0.13957934990439771	0.0	0.719703154778317	RNU4-2
72	0	0.13957934990439771	0.0	0.719703154778317	RNU4-2
73	1	0.13819875776397517	7.235955056179774	0.7125845049235582	RNU4-2
74	0	0.30125148986889155	0.0	1.5533218043271484	RNU4-2
75	0	0.3240223463687151	0.0	1.670733565244162	RNU4-2
76	1	0.23349728190525498	4.28270509977827	1.2039655617716798	RNU4-2
77	0	0.17947083200510042	0.0	0.9253927896442402	RNU4-2
78	0	0.1982835158330867	0.0	1.0223953040571703	RNU4-2
79	0	0.2842572062084257	0.0	1.4656953784123397	RNU4-2
80	1	0.21884984025559104	4.569343065693431	1.1284399917506496	RNU4-2
81	1	0.341701011614837	2.9265350877192984	1.7618888196468971	RNU4-2
82	1	0.3240223463687151	3.086206896551724	1.670733565244162	RNU4-2
83	1	0.3240223463687151	3.086206896551724	1.670733565244162	RNU4-2
84	2	0.6113624937154348	3.2713815789473686	3.1523252955505736	RNU4-2
85	1	0.5520473606314751	1.811438784629133	2.846482859431901	RNU4-2
86	1	0.2822151224707135	3.5433962264150947	1.4551659261018108	RNU4-2
87	3	0.23349728190525498	12.848115299334811	1.2039655617716798	RNU4-2
88	2	0.28863090472377906	6.929264909847434	1.488247171508561	RNU4-2
89	1	0.288630904723779	3.4646324549237173	1.4882471715085608	RNU4-2
90	2	0.25023756731073804	7.992405063291139	1.2902823144035531	RNU4-2
91	2	0.17209302325581396	11.621621621621621	0.8873511148846902	RNU4-2
92	3	0.6291448516579407	4.768377253814147	3.244015213288294	RNU4-2
93	3	0.5417335473515249	5.5377777777777775	2.7933024716420256	RNU4-2
94	2	0.17209302325581396	11.621621621621621	0.8873511148846902	RNU4-2
95	3	0.30434782608695654	9.857142857142856	1.5692872243260385	RNU4-2
96	3	0.1796875	16.695652173913043	0.9265099795407079	RNU4-2
97	0	0.17947083200510044	0.0	0.9253927896442404	RNU4-2
98	3	0.25023756731073804	11.98860759493671	1.2902823144035531	RNU4-2
99	3	0.13819875776397517	21.707865168539325	0.7125845049235582	RNU4-2
100	2	0.1395793499043977	14.328767123287673	0.7197031547783168	RNU4-2
101	1	0.1982835158330867	5.043283582089552	1.0223953040571703	RNU4-2
102	1	0.2842572062084257	3.517940717628705	1.4656953784123397	RNU4-2
103	2	0.2842572062084257	7.03588143525741	1.4656953784123397	RNU4-2
104	2	0.2842572062084257	7.03588143525741	1.4656953784123397	RNU4-2
105	1	0.18642350557244175	5.364130434782608	0.9612423698578367	RNU4-2
106	3	0.30434782608695654	9.857142857142856	1.5692872243260385	RNU4-2
107	1	0.17209302325581394	5.810810810810811	0.88735111488469	RNU4-2
108	2	0.5417335473515249	3.6918518518518515	2.7933024716420256	RNU4-2
109	1	0.6113624937154349	1.635690789473684	3.152325295550574	RNU4-2
110	2	0.28221512247071356	7.0867924528301875	1.4551659261018113	RNU4-2
111	2	0.26430048242591314	7.567144719687093	1.362793931492352	RNU4-2
112	3	0.28863090472377906	10.39389736477115	1.488247171508561	RNU4-2
113	2	0.1982835158330867	10.086567164179105	1.0223953040571703	RNU4-2
114	0	0.17947083200510044	0.0	0.9253927896442404	RNU4-2
115	2	0.23349728190525498	8.56541019955654	1.2039655617716798	RNU4-2
116	1	0.28221512247071356	3.5433962264150938	1.4551659261018113	RNU4-2
117	1	0.26430048242591314	3.7835723598435465	1.362793931492352	RNU4-2
118	1	0.17947083200510042	5.571936056838366	0.9253927896442402	RNU4-2
119	2	0.1982835158330867	10.086567164179105	1.0223953040571703	RNU4-2
120	1	0.1982835158330867	5.043283582089552	1.0223953040571703	RNU4-2
121	1	0.13957934990439771	7.164383561643835	0.719703154778317	RNU4-2
122	0	0.13957934990439771	0.0	0.719703154778317	RNU4-2
123	1	0.13957934990439771	7.164383561643835	0.719703154778317	RNU4-2
124	0	0.17947083200510044	0.0	0.9253927896442404	RNU4-2
125	1	0.25023756731073804	3.9962025316455696	1.2902823144035531	RNU4-2
126	1	0.17209302325581396	5.8108108108108105	0.8873511148846902	RNU4-2
127	3	0.27415730337078653	10.942622950819672	1.4136179619450606	RNU4-2
128	1	0.20344106021855385	4.915428571428571	1.048988786314197	RNU4-2
129	1	0.30434782608695654	3.2857142857142856	1.5692872243260385	RNU4-2
130	1	0.17209302325581394	5.810810810810811	0.88735111488469	RNU4-2
131	2	0.293631100082713	6.811267605633803	1.5140293260808346	RNU4-2
132	1	0.13269529229177443	7.536062378167642	0.6842073741712705	RNU4-2
133	3	0.293631100082713	10.216901408450704	1.5140293260808346	RNU4-2
134	2	0.18642350557244175	10.728260869565217	0.9612423698578367	RNU4-2
135	2	0.21884984025559104	9.138686131386862	1.1284399917506496	RNU4-2
136	2	0.6291448516579407	3.1789181692094313	3.244015213288294	RNU4-2
137	1	0.6113624937154349	1.635690789473684	3.152325295550574	RNU4-2
138	1	0.30125148986889155	3.3194856577645893	1.5533218043271484	RNU4-2
139	2	0.13269529229177446	15.072124756335281	0.6842073741712708	RNU4-2
140	2	0.293631100082713	6.811267605633803	1.5140293260808346	RNU4-2
141	3	0.17209302325581396	17.43243243243243	0.8873511148846902	RNU4-2
1	1	0.18642350557244175	5.364130434782608	1.332960486729894	RNU4-1
2	2	0.2987225679659351	6.695175438596492	2.1359183133606887	RNU4-1
3	3	0.29872256796593516	10.042763157894736	2.135918313360689	RNU4-1
4	2	0.1796875	11.130434782608695	1.284796875392974	RNU4-1
5	0	0.13957934990439771	0.0	0.9980166267912502	RNU4-1
6	2	0.17947083200510044	11.14387211367673	1.2832476615475779	RNU4-1
7	1	0.2643004824259132	3.783572359843546	1.889794415224592	RNU4-1
8	2	0.5520473606314751	3.622877569258266	3.947234637958998	RNU4-1
9	3	0.5520473606314751	5.434316353887399	3.947234637958998	RNU4-1
10	3	0.26430048242591314	11.35071707953064	1.8897944152245916	RNU4-1
11	2	0.20344106021855385	9.830857142857141	1.4546389620615336	RNU4-1
12	1	0.30434782608695654	3.2857142857142856	2.1761398872440543	RNU4-1
13	3	0.19121447028423771	15.68918918918919	1.367216717640967	RNU4-1
14	1	0.23349728190525498	4.28270509977827	1.6695461743561684	RNU4-1
15	3	0.28221512247071356	10.63018867924528	2.0178872071736667	RNU4-1
16	2	0.26430048242591314	7.567144719687093	1.8897944152245916	RNU4-1
17	2	0.20344106021855385	9.830857142857141	1.4546389620615336	RNU4-1
18	2	0.30434782608695654	6.571428571428571	2.1761398872440543	RNU4-1
19	3	0.21884984025559104	13.708029197080293	1.5648144191478808	RNU4-1
20	2	0.2842572062084257	7.03588143525741	2.0324884610477727	RNU4-1
21	2	0.20446096654275092	9.781818181818183	1.4619314696567862	RNU4-1
22	2	0.5417335473515249	3.6918518518518515	3.873489079278141	RNU4-1
23	2	0.6291448516579405	3.178918169209432	4.498495107226146	RNU4-1
24	2	0.21884984025559104	9.138686131386862	1.5648144191478808	RNU4-1
25	0	0.18642350557244175	0.0	1.332960486729894	RNU4-1
26	3	0.2987225679659351	10.042763157894738	2.1359183133606887	RNU4-1
27	3	0.2822151224707135	10.630188679245284	2.017887207173666	RNU4-1
28	2	0.23349728190525498	8.56541019955654	1.6695461743561684	RNU4-1
29	3	0.17947083200510042	16.715808170515096	1.2832476615475776	RNU4-1
30	3	0.1982835158330867	15.129850746268657	1.4177616227299232	RNU4-1
31	3	0.288630904723779	10.393897364771153	2.063761166085334	RNU4-1
32	2	0.25023756731073804	7.992405063291139	1.7892421263959664	RNU4-1
33	3	0.13269529229177446	22.60818713450292	0.9487944176185278	RNU4-1
34	1	0.29404276985743383	3.400865800865801	2.1024569429967377	RNU4-1
35	2	0.341701011614837	5.853070175438597	2.4432216600562695	RNU4-1
36	2	0.17209302325581394	11.621621621621623	1.2304950458768704	RNU4-1
37	3	0.293631100082713	10.216901408450704	2.09951343251184	RNU4-1
38	2	0.18642350557244175	10.728260869565217	1.332960486729894	RNU4-1
39	3	0.2842572062084257	10.553822152886116	2.0324884610477727	RNU4-1
40	2	0.20446096654275092	9.781818181818183	1.4619314696567862	RNU4-1
41	3	0.30125148986889155	9.958456973293767	2.1540005447848625	RNU4-1
42	3	0.6113624937154348	4.907072368421053	4.371348155314351	RNU4-1
43	3	0.5417335473515249	5.5377777777777775	3.873489079278141	RNU4-1
44	2	0.13269529229177446	15.072124756335281	0.9487944176185278	RNU4-1
45	2	0.29404276985743383	6.801731601731602	2.1024569429967377	RNU4-1
46	2	0.28221512247071356	7.0867924528301875	2.0178872071736667	RNU4-1
47	3	0.5520473606314751	5.434316353887399	3.947234637958998	RNU4-1
48	0	0.5520473606314751	0.0	3.947234637958998	RNU4-1
49	3	0.5520473606314751	5.434316353887399	3.947234637958998	RNU4-1
50	3	0.5417335473515249	5.5377777777777775	3.873489079278141	RNU4-1
51	2	0.20446096654275092	9.781818181818183	1.4619314696567862	RNU4-1
52	1	0.1982835158330867	5.043283582089552	1.4177616227299232	RNU4-1
53	2	0.18560057887120118	10.775828460038985	1.327076417696537	RNU4-1
54	2	0.2842572062084257	7.03588143525741	2.0324884610477727	RNU4-1
55	1	0.1982835158330867	5.043283582089552	1.4177616227299232	RNU4-1
56	1	0.17947083200510044	5.571936056838365	1.2832476615475779	RNU4-1
57	2	0.2643004824259132	7.567144719687092	1.889794415224592	RNU4-1
58	3	0.29872256796593516	10.042763157894736	2.135918313360689	RNU4-1
59	2	0.18642350557244175	10.728260869565217	1.332960486729894	RNU4-1
60	2	0.18560057887120116	10.775828460038987	1.3270764176965368	RNU4-1
61	2	0.1982835158330867	10.086567164179105	1.4177616227299232	RNU4-1
62	0	0.1982835158330867	0.0	1.4177616227299232	RNU4-1
63	0	0.17947083200510044	0.0	1.2832476615475779	RNU4-1
64	1	0.25023756731073804	3.9962025316455696	1.7892421263959664	RNU4-1
65	0	0.13819875776397517	0.0	0.9881451528812287	RNU4-1
66	0	0.1395793499043977	0.0	0.99801662679125	RNU4-1
67	0	0.1395793499043977	0.0	0.99801662679125	RNU4-1
68	2	0.18991331757289204	10.531120331950207	1.3579132494645718	RNU4-1
69	0	0.30434782608695654	0.0	2.1761398872440543	RNU4-1
70	0	0.1796875	0.0	1.284796875392974	RNU4-1
71	2	0.13957934990439771	14.32876712328767	0.9980166267912502	RNU4-1
72	2	0.13957934990439771	14.32876712328767	0.9980166267912502	RNU4-1
73	1	0.13819875776397517	7.235955056179774	0.9881451528812287	RNU4-1
74	2	0.30125148986889155	6.6389713155291785	2.1540005447848625	RNU4-1
75	1	0.3240223463687151	3.086206896551724	2.316816128957357	RNU4-1
76	2	0.23349728190525498	8.56541019955654	1.6695461743561684	RNU4-1
77	1	0.17947083200510042	5.571936056838366	1.2832476615475776	RNU4-1
78	1	0.1982835158330867	5.043283582089552	1.4177616227299232	RNU4-1
79	0	0.2842572062084257	0.0	2.0324884610477727	RNU4-1
80	2	0.21884984025559104	9.138686131386862	1.5648144191478808	RNU4-1
81	3	0.341701011614837	8.779605263157896	2.4432216600562695	RNU4-1
82	3	0.3240223463687151	9.258620689655173	2.316816128957357	RNU4-1
83	2	0.3240223463687151	6.172413793103448	2.316816128957357	RNU4-1
84	3	0.6113624937154348	4.907072368421053	4.371348155314351	RNU4-1
85	2	0.5520473606314751	3.622877569258266	3.947234637958998	RNU4-1
86	3	0.2822151224707135	10.630188679245284	2.017887207173666	RNU4-1
87	2	0.6113624937154348	3.2713815789473686	4.371348155314351	RNU4-1
88	3	0.6291448516579405	4.768377253814148	4.498495107226146	RNU4-1
89	3	0.19121447028423771	15.68918918918919	1.367216717640967	RNU4-1
90	2	0.25023756731073804	7.992405063291139	1.7892421263959664	RNU4-1
91	2	0.17209302325581396	11.621621621621621	1.2304950458768704	RNU4-1
92	3	0.6291448516579407	4.768377253814147	4.498495107226147	RNU4-1
93	2	0.5417335473515249	3.6918518518518515	3.873489079278141	RNU4-1
94	2	0.17209302325581396	11.621621621621621	1.2304950458768704	RNU4-1
95	3	0.30434782608695654	9.857142857142856	2.1761398872440543	RNU4-1
96	1	0.1796875	5.565217391304348	1.284796875392974	RNU4-1
97	1	0.17947083200510044	5.571936056838365	1.2832476615475779	RNU4-1
98	2	0.2643004824259132	7.567144719687092	1.889794415224592	RNU4-1
99	3	0.26430048242591314	11.35071707953064	1.8897944152245916	RNU4-1
100	2	0.17947083200510042	11.143872113676732	1.2832476615475776	RNU4-1
101	2	0.1982835158330867	10.086567164179105	1.4177616227299232	RNU4-1
102	2	0.2842572062084257	7.03588143525741	2.0324884610477727	RNU4-1
103	1	0.2842572062084257	3.517940717628705	2.0324884610477727	RNU4-1
104	2	0.2842572062084257	7.03588143525741	2.0324884610477727	RNU4-1
105	1	0.18642350557244175	5.364130434782608	1.332960486729894	RNU4-1
106	2	0.30434782608695654	6.571428571428571	2.1761398872440543	RNU4-1
107	2	0.17209302325581394	11.621621621621623	1.2304950458768704	RNU4-1
108	2	0.5417335473515249	3.6918518518518515	3.873489079278141	RNU4-1
109	3	0.6113624937154349	4.907072368421052	4.371348155314351	RNU4-1
110	2	0.28221512247071356	7.0867924528301875	2.0178872071736667	RNU4-1
111	2	0.26430048242591314	7.567144719687093	1.8897944152245916	RNU4-1
112	3	0.19121447028423771	15.68918918918919	1.367216717640967	RNU4-1
113	2	0.30434782608695654	6.571428571428571	2.1761398872440543	RNU4-1
114	3	0.20344106021855385	14.746285714285712	1.4546389620615336	RNU4-1
115	2	0.23349728190525498	8.56541019955654	1.6695461743561684	RNU4-1
116	1	0.28221512247071356	3.5433962264150938	2.0178872071736667	RNU4-1
117	1	0.26430048242591314	3.7835723598435465	1.8897944152245916	RNU4-1
118	3	0.17947083200510042	16.715808170515096	1.2832476615475776	RNU4-1
119	3	0.1982835158330867	15.129850746268657	1.4177616227299232	RNU4-1
120	2	0.1982835158330867	10.086567164179105	1.4177616227299232	RNU4-1
121	2	0.13957934990439771	14.32876712328767	0.9980166267912502	RNU4-1
122	1	0.13957934990439771	7.164383561643835	0.9980166267912502	RNU4-1
123	2	0.13957934990439771	14.32876712328767	0.9980166267912502	RNU4-1
124	3	0.17947083200510044	16.715808170515096	1.2832476615475779	RNU4-1
125	2	0.25023756731073804	7.992405063291139	1.7892421263959664	RNU4-1
126	3	0.17209302325581396	17.43243243243243	1.2304950458768704	RNU4-1
127	2	0.27415730337078653	7.295081967213115	1.9602723992317226	RNU4-1
128	1	0.20344106021855385	4.915428571428571	1.4546389620615336	RNU4-1
129	1	0.30434782608695654	3.2857142857142856	2.1761398872440543	RNU4-1
130	2	0.17209302325581394	11.621621621621623	1.2304950458768704	RNU4-1
131	3	0.293631100082713	10.216901408450704	2.09951343251184	RNU4-1
132	1	0.13269529229177443	7.536062378167642	0.9487944176185276	RNU4-1
133	3	0.293631100082713	10.216901408450704	2.09951343251184	RNU4-1
134	3	0.18642350557244175	16.092391304347824	1.332960486729894	RNU4-1
135	2	0.21884984025559104	9.138686131386862	1.5648144191478808	RNU4-1
136	3	0.6291448516579407	4.768377253814147	4.498495107226147	RNU4-1
137	2	0.6113624937154349	3.271381578947368	4.371348155314351	RNU4-1
138	3	0.30125148986889155	9.958456973293767	2.1540005447848625	RNU4-1
139	2	0.13269529229177446	15.072124756335281	0.9487944176185278	RNU4-1
140	3	0.293631100082713	10.216901408450704	2.09951343251184	RNU4-1
141	2	0.17209302325581396	11.621621621621621	1.2304950458768704	RNU4-1
1	1	0.3240223463687151	3.086206896551724	0.8723572790908696	RPPH1
2	1	0.28221512247071356	3.5433962264150938	0.7598007332392385	RPPH1
3	1	0.5520473606314751	1.811438784629133	1.4862633359915305	RPPH1
4	1	0.6113624937154349	1.635690789473684	1.6459559889394693	RPPH1
5	2	0.30125148986889155	6.6389713155291785	0.8110518702467818	RPPH1
6	0	0.13269529229177446	0.0	0.3572522248206169	RPPH1
7	1	0.29404276985743383	3.400865800865801	0.791644013210381	RPPH1
8	1	0.3240223463687151	3.086206896551724	0.8723572790908696	RPPH1
9	2	0.30125148986889155	6.6389713155291785	0.8110518702467818	RPPH1
10	1	0.13819875776397517	7.235955056179774	0.37206906760539316	RPPH1
11	0	0.1796875	0.0	0.4837681732242875	RPPH1
12	1	0.2987225679659351	3.347587719298246	0.8042433169015568	RPPH1
13	0	0.29872256796593516	0.0	0.8042433169015569	RPPH1
14	0	0.13269529229177443	0.0	0.35725222482061686	RPPH1
15	1	0.25023756731073804	3.9962025316455696	0.6737083592904649	RPPH1
16	1	0.28863090472377906	3.464632454923717	0.7770737837317341	RPPH1
17	1	0.20446096654275092	4.8909090909090915	0.5504651591238053	RPPH1
18	2	0.25023756731073804	7.992405063291139	0.6737083592904649	RPPH1
19	1	0.20344106021855385	4.915428571428571	0.5477192907728253	RPPH1
20	2	0.30434782608695654	6.571428571428571	0.8193880589961468	RPPH1
21	1	0.19121447028423771	5.22972972972973	0.5148019477340131	RPPH1
22	0	0.23349728190525498	0.0	0.6286389065468755	RPPH1
23	0	0.3240223463687151	0.0	0.8723572790908696	RPPH1
24	1	0.3240223463687151	3.086206896551724	0.8723572790908696	RPPH1
25	1	0.28221512247071356	3.5433962264150938	0.7598007332392385	RPPH1
26	1	0.2822151224707135	3.5433962264150947	0.7598007332392384	RPPH1
27	2	0.23349728190525498	8.56541019955654	0.6286389065468755	RPPH1
28	0	0.19121447028423771	0.0	0.5148019477340131	RPPH1
29	2	0.6291448516579407	3.1789181692094313	1.693830987575804	RPPH1
30	1	0.5417335473515249	1.8459259259259257	1.4584957138173786	RPPH1
31	1	0.13269529229177446	7.536062378167641	0.3572522248206169	RPPH1
32	2	0.2987225679659351	6.695175438596492	0.8042433169015568	RPPH1
33	1	0.29872256796593516	3.3475877192982453	0.8042433169015569	RPPH1
34	1	0.20344106021855385	4.915428571428571	0.5477192907728253	RPPH1
35	0	0.25023756731073804	0.0	0.6737083592904649	RPPH1
36	0	0.13269529229177446	0.0	0.3572522248206169	RPPH1
37	0	0.30434782608695654	0.0	0.8193880589961468	RPPH1
38	0	0.19121447028423771	0.0	0.5148019477340131	RPPH1
39	2	0.2643004824259132	7.567144719687092	0.7115695947992038	RPPH1
40	1	0.5520473606314751	1.811438784629133	1.4862633359915305	RPPH1
41	0	0.6291448516579405	0.0	1.6938309875758037	RPPH1
42	0	0.17209302325581394	0.0	0.4633217529606118	RPPH1
43	1	0.30125148986889155	3.3194856577645893	0.8110518702467818	RPPH1
44	1	0.29404276985743383	3.400865800865801	0.791644013210381	RPPH1
45	0	0.20344106021855385	0.0	0.5477192907728253	RPPH1
46	1	0.27415730337078653	3.6475409836065573	0.7381068679111357	RPPH1
47	0	0.17209302325581394	0.0	0.4633217529606118	RPPH1
48	1	0.25023756731073804	3.9962025316455696	0.6737083592904649	RPPH1
49	1	0.19121447028423771	5.22972972972973	0.5148019477340131	RPPH1
50	0	0.30434782608695654	0.0	0.8193880589961468	RPPH1
51	0	0.13269529229177443	0.0	0.35725222482061686	RPPH1
52	1	0.30125148986889155	3.3194856577645893	0.8110518702467818	RPPH1
53	1	0.23349728190525498	4.28270509977827	0.6286389065468755	RPPH1
54	0	0.19121447028423771	0.0	0.5148019477340131	RPPH1
55	1	0.30434782608695654	3.2857142857142856	0.8193880589961468	RPPH1
56	0	0.13269529229177443	0.0	0.35725222482061686	RPPH1
57	0	0.30125148986889155	0.0	0.8110518702467818	RPPH1
58	1	0.3240223463687151	3.086206896551724	0.8723572790908696	RPPH1
59	0	0.23349728190525498	0.0	0.6286389065468755	RPPH1
60	3	0.28863090472377906	10.39389736477115	0.7770737837317341	RPPH1
61	2	0.288630904723779	6.929264909847435	0.7770737837317339	RPPH1
62	1	0.27415730337078653	3.6475409836065573	0.7381068679111357	RPPH1
63	1	0.17209302325581394	5.810810810810811	0.4633217529606118	RPPH1
64	3	0.30125148986889155	9.958456973293767	0.8110518702467818	RPPH1
65	1	0.3240223463687151	3.086206896551724	0.8723572790908696	RPPH1
66	1	0.29404276985743383	3.400865800865801	0.791644013210381	RPPH1
67	1	0.1796875	5.565217391304348	0.4837681732242875	RPPH1
68	2	0.17947083200510044	11.14387211367673	0.48318484338727197	RPPH1
69	1	0.23349728190525498	4.28270509977827	0.6286389065468755	RPPH1
70	1	0.3240223463687151	3.086206896551724	0.8723572790908696	RPPH1
71	0	0.30125148986889155	0.0	0.8110518702467818	RPPH1
72	0	0.13819875776397517	0.0	0.37206906760539316	RPPH1
73	0	0.1796875	0.0	0.4837681732242875	RPPH1
74	0	0.29404276985743383	0.0	0.791644013210381	RPPH1
75	1	0.341701011614837	2.9265350877192984	0.9199531084677607	RPPH1
76	1	0.17209302325581394	5.810810810810811	0.4633217529606118	RPPH1
77	1	0.293631100082713	3.4056338028169013	0.7905356849466545	RPPH1
78	0	0.20344106021855385	0.0	0.5477192907728253	RPPH1
79	1	0.25023756731073804	3.9962025316455696	0.6737083592904649	RPPH1
80	0	0.13269529229177446	0.0	0.3572522248206169	RPPH1
81	2	0.293631100082713	6.811267605633803	0.7905356849466545	RPPH1
82	0	0.17209302325581396	0.0	0.46332175296061184	RPPH1
83	0	0.30434782608695654	0.0	0.8193880589961468	RPPH1
84	2	0.18642350557244175	10.728260869565217	0.5019033529702841	RPPH1
85	0	0.18642350557244175	0.0	0.5019033529702841	RPPH1
86	0	0.29404276985743383	0.0	0.791644013210381	RPPH1
87	0	0.3240223463687151	0.0	0.8723572790908696	RPPH1
88	1	0.28221512247071356	3.5433962264150938	0.7598007332392385	RPPH1
89	1	0.2822151224707135	3.5433962264150947	0.7598007332392384	RPPH1
90	1	0.23349728190525498	4.28270509977827	0.6286389065468755	RPPH1
91	0	0.20344106021855385	0.0	0.5477192907728253	RPPH1
92	1	0.293631100082713	3.4056338028169013	0.7905356849466545	RPPH1
93	2	0.13269529229177446	15.072124756335281	0.3572522248206169	RPPH1
94	1	0.29404276985743383	3.400865800865801	0.791644013210381	RPPH1
95	0	0.28221512247071356	0.0	0.7598007332392385	RPPH1
96	1	0.5520473606314751	1.811438784629133	1.4862633359915305	RPPH1
97	1	0.6113624937154349	1.635690789473684	1.6459559889394693	RPPH1
98	1	0.28221512247071356	3.5433962264150938	0.7598007332392385	RPPH1
99	2	0.2822151224707135	7.086792452830189	0.7598007332392384	RPPH1
100	0	0.3240223463687151	0.0	0.8723572790908696	RPPH1
101	1	0.29404276985743383	3.400865800865801	0.791644013210381	RPPH1
102	1	0.18642350557244175	5.364130434782608	0.5019033529702841	RPPH1
103	1	0.18560057887120116	5.3879142300194935	0.49968780794374273	RPPH1
104	0	0.18991331757289204	0.0	0.5112988867517326	RPPH1
105	0	0.27415730337078653	0.0	0.7381068679111357	RPPH1
106	1	0.20344106021855385	4.915428571428571	0.5477192907728253	RPPH1
107	1	0.29404276985743383	3.400865800865801	0.791644013210381	RPPH1
108	0	0.3240223463687151	0.0	0.8723572790908696	RPPH1
109	2	0.28221512247071356	7.0867924528301875	0.7598007332392385	RPPH1
110	1	0.29872256796593516	3.3475877192982453	0.8042433169015569	RPPH1
111	0	0.13269529229177443	0.0	0.35725222482061686	RPPH1
112	1	0.293631100082713	3.4056338028169013	0.7905356849466545	RPPH1
113	0	0.13269529229177443	0.0	0.35725222482061686	RPPH1
114	1	0.30125148986889155	3.3194856577645893	0.8110518702467818	RPPH1
115	1	0.3240223463687151	3.086206896551724	0.8723572790908696	RPPH1
116	2	0.29404276985743383	6.801731601731602	0.791644013210381	RPPH1
117	2	0.20344106021855385	9.830857142857141	0.5477192907728253	RPPH1
118	1	0.25023756731073804	3.9962025316455696	0.6737083592904649	RPPH1
119	0	0.13269529229177446	0.0	0.3572522248206169	RPPH1
120	1	0.2987225679659351	3.347587719298246	0.8042433169015568	RPPH1
121	3	0.29872256796593516	10.042763157894736	0.8042433169015569	RPPH1
122	0	0.1796875	0.0	0.4837681732242875	RPPH1
123	0	0.13819875776397517	0.0	0.37206906760539316	RPPH1
124	2	0.5417335473515249	3.6918518518518515	1.4584957138173786	RPPH1
125	2	0.6113624937154349	3.271381578947368	1.6459559889394693	RPPH1
126	1	0.3240223463687151	3.086206896551724	0.8723572790908696	RPPH1
127	2	0.3240223463687151	6.172413793103448	0.8723572790908696	RPPH1
128	1	0.30125148986889155	3.3194856577645893	0.8110518702467818	RPPH1
129	0	0.13269529229177446	0.0	0.3572522248206169	RPPH1
130	0	0.29404276985743383	0.0	0.791644013210381	RPPH1
131	0	0.341701011614837	0.0	0.9199531084677607	RPPH1
132	0	0.19121447028423771	0.0	0.5148019477340131	RPPH1
133	1	0.25023756731073804	3.9962025316455696	0.6737083592904649	RPPH1
134	0	0.13269529229177446	0.0	0.3572522248206169	RPPH1
135	1	0.30434782608695654	3.2857142857142856	0.8193880589961468	RPPH1
136	0	0.18991331757289204	0.0	0.5112988867517326	RPPH1
137	0	0.13819875776397517	0.0	0.37206906760539316	RPPH1
138	1	0.30125148986889155	3.3194856577645893	0.8110518702467818	RPPH1
139	1	0.3240223463687151	3.086206896551724	0.8723572790908696	RPPH1
140	0	0.23349728190525498	0.0	0.6286389065468755	RPPH1
141	0	0.20344106021855385	0.0	0.5477192907728253	RPPH1
142	0	0.293631100082713	0.0	0.7905356849466545	RPPH1
143	0	0.13269529229177446	0.0	0.3572522248206169	RPPH1
144	2	0.293631100082713	6.811267605633803	0.7905356849466545	RPPH1
145	0	0.13819875776397517	0.0	0.37206906760539316	RPPH1
146	0	0.18991331757289204	0.0	0.5112988867517326	RPPH1
147	2	0.6291448516579407	3.1789181692094313	1.693830987575804	RPPH1
148	2	0.6113624937154349	3.271381578947368	1.6459559889394693	RPPH1
149	0	0.3240223463687151	0.0	0.8723572790908696	RPPH1
150	1	0.3240223463687151	3.086206896551724	0.8723572790908696	RPPH1
151	3	0.28221512247071356	10.63018867924528	0.7598007332392385	RPPH1
152	1	0.29872256796593516	3.3475877192982453	0.8042433169015569	RPPH1
153	1	0.13269529229177443	7.536062378167642	0.35725222482061686	RPPH1
154	1	0.30125148986889155	3.3194856577645893	0.8110518702467818	RPPH1
155	2	0.6113624937154348	3.2713815789473686	1.645955988939469	RPPH1
156	1	0.5520473606314751	1.811438784629133	1.4862633359915305	RPPH1
157	0	0.5520473606314751	0.0	1.4862633359915305	RPPH1
158	0	0.5520473606314751	0.0	1.4862633359915305	RPPH1
159	1	0.5520473606314751	1.811438784629133	1.4862633359915305	RPPH1
160	1	0.5417335473515249	1.8459259259259257	1.4584957138173786	RPPH1
161	1	0.13269529229177446	7.536062378167641	0.3572522248206169	RPPH1
162	0	0.29404276985743383	0.0	0.791644013210381	RPPH1
163	1	0.341701011614837	2.9265350877192984	0.9199531084677607	RPPH1
164	0	0.17209302325581394	0.0	0.4633217529606118	RPPH1
165	1	0.25023756731073804	3.9962025316455696	0.6737083592904649	RPPH1
166	1	0.20344106021855385	4.915428571428571	0.5477192907728253	RPPH1
167	0	0.293631100082713	0.0	0.7905356849466545	RPPH1
168	0	0.17209302325581396	0.0	0.46332175296061184	RPPH1
169	2	0.30434782608695654	6.571428571428571	0.8193880589961468	RPPH1
170	2	0.20344106021855385	9.830857142857141	0.5477192907728253	RPPH1
171	2	0.23349728190525498	8.56541019955654	0.6286389065468755	RPPH1
172	1	0.3240223463687151	3.086206896551724	0.8723572790908696	RPPH1
173	1	0.28221512247071356	3.5433962264150938	0.7598007332392385	RPPH1
174	1	0.26430048242591314	3.7835723598435465	0.7115695947992036	RPPH1
175	1	0.20344106021855385	4.915428571428571	0.5477192907728253	RPPH1
176	1	0.29404276985743383	3.400865800865801	0.791644013210381	RPPH1
177	0	0.30125148986889155	0.0	0.8110518702467818	RPPH1
178	1	0.13269529229177446	7.536062378167641	0.3572522248206169	RPPH1
179	1	0.293631100082713	3.4056338028169013	0.7905356849466545	RPPH1
180	1	0.20446096654275092	4.8909090909090915	0.5504651591238053	RPPH1
181	0	0.288630904723779	0.0	0.7770737837317339	RPPH1
182	0	0.2643004824259132	0.0	0.7115695947992038	RPPH1
183	1	0.2822151224707135	3.5433962264150947	0.7598007332392384	RPPH1
184	1	0.6113624937154348	1.6356907894736843	1.645955988939469	RPPH1
185	1	0.6291448516579405	1.589459084604716	1.6938309875758037	RPPH1
186	0	0.19121447028423771	0.0	0.5148019477340131	RPPH1
187	2	0.23349728190525498	8.56541019955654	0.6286389065468755	RPPH1
188	1	0.30125148986889155	3.3194856577645893	0.8110518702467818	RPPH1
189	0	0.17209302325581396	0.0	0.46332175296061184	RPPH1
190	2	0.341701011614837	5.853070175438597	0.9199531084677607	RPPH1
191	1	0.3240223463687151	3.086206896551724	0.8723572790908696	RPPH1
192	2	0.3240223463687151	6.172413793103448	0.8723572790908696	RPPH1
193	1	0.6113624937154348	1.6356907894736843	1.645955988939469	RPPH1
194	2	0.5520473606314751	3.622877569258266	1.4862633359915305	RPPH1
195	1	0.2822151224707135	3.5433962264150947	0.7598007332392384	RPPH1
196	0	0.3240223463687151	0.0	0.8723572790908696	RPPH1
197	1	0.29404276985743383	3.400865800865801	0.791644013210381	RPPH1
198	1	0.1796875	5.565217391304348	0.4837681732242875	RPPH1
199	1	0.13819875776397517	7.235955056179774	0.37206906760539316	RPPH1
200	1	0.5417335473515249	1.8459259259259257	1.4584957138173786	RPPH1
201	1	0.6113624937154349	1.635690789473684	1.6459559889394693	RPPH1
202	0	0.3240223463687151	0.0	0.8723572790908696	RPPH1
203	0	0.3240223463687151	0.0	0.8723572790908696	RPPH1
204	1	0.30125148986889155	3.3194856577645893	0.8110518702467818	RPPH1
205	0	0.13269529229177446	0.0	0.3572522248206169	RPPH1
206	1	0.29404276985743383	3.400865800865801	0.791644013210381	RPPH1
207	0	0.3240223463687151	0.0	0.8723572790908696	RPPH1
208	2	0.3240223463687151	6.172413793103448	0.8723572790908696	RPPH1
209	1	0.28221512247071356	3.5433962264150938	0.7598007332392385	RPPH1
210	0	0.2822151224707135	0.0	0.7598007332392384	RPPH1
211	1	0.3240223463687151	3.086206896551724	0.8723572790908696	RPPH1
212	2	0.6113624937154348	3.2713815789473686	1.645955988939469	RPPH1
213	1	0.6113624937154349	1.635690789473684	1.6459559889394693	RPPH1
214	2	0.28221512247071356	7.0867924528301875	0.7598007332392385	RPPH1
215	0	0.5520473606314751	0.0	1.4862633359915305	RPPH1
216	0	0.6113624937154349	0.0	1.6459559889394693	RPPH1
217	0	0.30125148986889155	0.0	0.8110518702467818	RPPH1
218	0	0.20446096654275092	0.0	0.5504651591238053	RPPH1
219	0	0.288630904723779	0.0	0.7770737837317339	RPPH1
220	2	0.2643004824259132	7.567144719687092	0.7115695947992038	RPPH1
221	0	0.2822151224707135	0.0	0.7598007332392384	RPPH1
222	1	0.29404276985743383	3.400865800865801	0.791644013210381	RPPH1
223	0	0.13269529229177443	0.0	0.35725222482061686	RPPH1
224	0	0.30125148986889155	0.0	0.8110518702467818	RPPH1
225	3	0.29404276985743383	10.202597402597402	0.791644013210381	RPPH1
226	1	0.1796875	5.565217391304348	0.4837681732242875	RPPH1
227	1	0.13957934990439771	7.164383561643835	0.375786001380642	RPPH1
228	0	0.17947083200510044	0.0	0.48318484338727197	RPPH1
229	2	0.2643004824259132	7.567144719687092	0.7115695947992038	RPPH1
230	1	0.2822151224707135	3.5433962264150947	0.7598007332392384	RPPH1
231	2	0.6113624937154348	3.2713815789473686	1.645955988939469	RPPH1
232	2	0.6113624937154349	3.271381578947368	1.6459559889394693	RPPH1
233	1	0.30125148986889155	3.3194856577645893	0.8110518702467818	RPPH1
234	1	0.13269529229177446	7.536062378167641	0.3572522248206169	RPPH1
235	2	0.2987225679659351	6.695175438596492	0.8042433169015568	RPPH1
236	2	0.29872256796593516	6.695175438596491	0.8042433169015569	RPPH1
237	0	0.1796875	0.0	0.4837681732242875	RPPH1
238	0	0.17947083200510044	0.0	0.48318484338727197	RPPH1
239	0	0.23349728190525498	0.0	0.6286389065468755	RPPH1
240	0	0.30125148986889155	0.0	0.8110518702467818	RPPH1
241	1	0.13819875776397517	7.235955056179774	0.37206906760539316	RPPH1
242	0	0.18991331757289204	0.0	0.5112988867517326	RPPH1
243	0	0.27415730337078653	0.0	0.7381068679111357	RPPH1
244	0	0.20344106021855385	0.0	0.5477192907728253	RPPH1
245	0	0.293631100082713	0.0	0.7905356849466545	RPPH1
246	0	0.17209302325581396	0.0	0.46332175296061184	RPPH1
247	0	0.30434782608695654	0.0	0.8193880589961468	RPPH1
248	0	0.13269529229177443	0.0	0.35725222482061686	RPPH1
249	1	0.25023756731073804	3.9962025316455696	0.6737083592904649	RPPH1
250	0	0.19121447028423771	0.0	0.5148019477340131	RPPH1
251	1	0.6291448516579407	1.5894590846047156	1.693830987575804	RPPH1
252	1	0.6113624937154349	1.635690789473684	1.6459559889394693	RPPH1
253	0	0.28221512247071356	0.0	0.7598007332392385	RPPH1
254	1	0.2822151224707135	3.5433962264150947	0.7598007332392384	RPPH1
255	1	0.23349728190525498	4.28270509977827	0.6286389065468755	RPPH1
256	2	0.20344106021855385	9.830857142857141	0.5477192907728253	RPPH1
257	0	0.2987225679659351	0.0	0.8042433169015568	RPPH1
258	0	0.5520473606314751	0.0	1.4862633359915305	RPPH1
259	1	0.5417335473515249	1.8459259259259257	1.4584957138173786	RPPH1
260	1	0.13819875776397517	7.235955056179774	0.37206906760539316	RPPH1
261	1	0.1796875	5.565217391304348	0.4837681732242875	RPPH1
262	2	0.30434782608695654	6.571428571428571	0.8193880589961468	RPPH1
263	1	0.19121447028423771	5.22972972972973	0.5148019477340131	RPPH1
264	0	0.25023756731073804	0.0	0.6737083592904649	RPPH1
265	0	0.13269529229177446	0.0	0.3572522248206169	RPPH1
266	0	0.30434782608695654	0.0	0.8193880589961468	RPPH1
267	2	0.18991331757289204	10.531120331950207	0.5112988867517326	RPPH1
268	0	0.13819875776397517	0.0	0.37206906760539316	RPPH1
269	0	0.25023756731073804	0.0	0.6737083592904649	RPPH1
270	1	0.17947083200510042	5.571936056838366	0.48318484338727186	RPPH1
271	1	0.1982835158330867	5.043283582089552	0.5338337626994724	RPPH1
272	0	0.288630904723779	0.0	0.7770737837317339	RPPH1
273	0	0.23349728190525498	0.0	0.6286389065468755	RPPH1
274	0	0.28221512247071356	0.0	0.7598007332392385	RPPH1
275	1	0.29872256796593516	3.3475877192982453	0.8042433169015569	RPPH1
276	0	0.20344106021855385	0.0	0.5477192907728253	RPPH1
277	0	0.25023756731073804	0.0	0.6737083592904649	RPPH1
278	1	0.13269529229177446	7.536062378167641	0.3572522248206169	RPPH1
279	0	0.29404276985743383	0.0	0.791644013210381	RPPH1
280	0	0.341701011614837	0.0	0.9199531084677607	RPPH1
281	0	0.19121447028423771	0.0	0.5148019477340131	RPPH1
282	1	0.25023756731073804	3.9962025316455696	0.6737083592904649	RPPH1
283	0	0.13269529229177446	0.0	0.3572522248206169	RPPH1
284	0	0.29404276985743383	0.0	0.791644013210381	RPPH1
285	1	0.341701011614837	2.9265350877192984	0.9199531084677607	RPPH1
286	1	0.21884984025559104	4.569343065693431	0.5892039648326923	RPPH1
287	0	0.21884984025559104	0.0	0.5892039648326923	RPPH1
288	1	0.341701011614837	2.9265350877192984	0.9199531084677607	RPPH1
289	0	0.3240223463687151	0.0	0.8723572790908696	RPPH1
290	0	0.3240223463687151	0.0	0.8723572790908696	RPPH1
291	1	0.6113624937154348	1.6356907894736843	1.645955988939469	RPPH1
292	2	0.5520473606314751	3.622877569258266	1.4862633359915305	RPPH1
293	1	0.26430048242591314	3.7835723598435465	0.7115695947992036	RPPH1
294	1	0.20344106021855385	4.915428571428571	0.5477192907728253	RPPH1
295	1	0.29404276985743383	3.400865800865801	0.791644013210381	RPPH1
296	1	0.3240223463687151	3.086206896551724	0.8723572790908696	RPPH1
297	1	0.3240223463687151	3.086206896551724	0.8723572790908696	RPPH1
298	0	0.30125148986889155	0.0	0.8110518702467818	RPPH1
299	2	0.17209302325581396	11.621621621621621	0.46332175296061184	RPPH1
300	2	0.341701011614837	5.853070175438597	0.9199531084677607	RPPH1
301	2	0.29404276985743383	6.801731601731602	0.791644013210381	RPPH1
302	0	0.13269529229177443	0.0	0.35725222482061686	RPPH1
303	0	0.25023756731073804	0.0	0.6737083592904649	RPPH1
304	0	0.28863090472377906	0.0	0.7770737837317341	RPPH1
305	0	0.2842572062084257	0.0	0.7652985843383079	RPPH1
306	0	0.18560057887120116	0.0	0.49968780794374273	RPPH1
307	0	0.18991331757289204	0.0	0.5112988867517326	RPPH1
308	1	0.341701011614837	2.9265350877192984	0.9199531084677607	RPPH1
309	0	0.3240223463687151	0.0	0.8723572790908696	RPPH1
310	1	0.23349728190525498	4.28270509977827	0.6286389065468755	RPPH1
311	2	0.17947083200510042	11.143872113676732	0.48318484338727186	RPPH1
312	1	0.1982835158330867	5.043283582089552	0.5338337626994724	RPPH1
313	0	0.1982835158330867	0.0	0.5338337626994724	RPPH1
314	2	0.13819875776397517	14.471910112359549	0.37206906760539316	RPPH1
315	0	0.25023756731073804	0.0	0.6737083592904649	RPPH1
316	1	0.20344106021855385	4.915428571428571	0.5477192907728253	RPPH1
317	0	0.293631100082713	0.0	0.7905356849466545	RPPH1
318	0	0.17209302325581396	0.0	0.46332175296061184	RPPH1
319	0	0.30434782608695654	0.0	0.8193880589961468	RPPH1
320	0	0.18642350557244175	0.0	0.5019033529702841	RPPH1
321	1	0.21884984025559104	4.569343065693431	0.5892039648326923	RPPH1
322	1	0.30434782608695654	3.2857142857142856	0.8193880589961468	RPPH1
323	0	0.13269529229177443	0.0	0.35725222482061686	RPPH1
324	0	0.293631100082713	0.0	0.7905356849466545	RPPH1
325	0	0.13269529229177443	0.0	0.35725222482061686	RPPH1
326	1	0.30125148986889155	3.3194856577645893	0.8110518702467818	RPPH1
327	0	0.29404276985743383	0.0	0.791644013210381	RPPH1
328	1	0.13269529229177443	7.536062378167642	0.35725222482061686	RPPH1
329	1	0.30125148986889155	3.3194856577645893	0.8110518702467818	RPPH1
330	1	0.6113624937154348	1.6356907894736843	1.645955988939469	RPPH1
331	0	0.5520473606314751	0.0	1.4862633359915305	RPPH1
332	0	0.2822151224707135	0.0	0.7598007332392384	RPPH1
333	1	0.3240223463687151	3.086206896551724	0.8723572790908696	RPPH1
1	1	0.6291448516579407	1.5894590846047156	1.2677033274729528	RNU6-7
2	1	0.19121447028423771	5.22972972972973	0.38529000054839235	RNU6-7
3	0	0.26430048242591314	0.0	0.5325555794362637	RNU6-7
4	2	0.2987225679659351	6.695175438596492	0.6019147933957374	RNU6-7
5	1	0.13269529229177446	7.536062378167641	0.2673760472409254	RNU6-7
6	0	0.5417335473515249	0.0	1.0915728210625766	RNU6-7
7	0	0.5520473606314751	0.0	1.112354768780137	RNU6-7
8	0	0.2987225679659351	0.0	0.6019147933957374	RNU6-7
9	0	0.1796875	0.0	0.362063586875131	RNU6-7
10	1	0.13819875776397517	7.235955056179774	0.278465324175094	RNU6-7
11	1	0.5417335473515249	1.8459259259259257	1.0915728210625766	RNU6-7
12	0	0.6113624937154348	0.0	1.231872541804717	RNU6-7
13	1	0.2822151224707135	3.5433962264150947	0.5686529085893616	RNU6-7
14	0	0.2643004824259132	0.0	0.5325555794362639	RNU6-7
15	0	0.20344106021855385	0.0	0.40992612163010295	RNU6-7
16	0	0.29872256796593516	0.0	0.6019147933957375	RNU6-7
17	1	0.2643004824259132	3.783572359843546	0.5325555794362639	RNU6-7
18	0	0.19121447028423771	0.0	0.38529000054839235	RNU6-7
19	0	0.27415730337078653	0.0	0.5524167047036683	RNU6-7
20	1	0.288630904723779	3.4646324549237173	0.581580469689353	RNU6-7
21	0	0.2842572062084257	0.0	0.5727676308865467	RNU6-7
22	0	0.2842572062084257	0.0	0.5727676308865467	RNU6-7
23	1	0.2842572062084257	3.517940717628705	0.5727676308865467	RNU6-7
24	1	0.21884984025559104	4.569343065693431	0.4409742366608068	RNU6-7
25	1	0.30434782608695654	3.2857142857142856	0.6132494779586339	RNU6-7
26	0	0.18642350557244175	0.0	0.37563638597784615	RNU6-7
27	0	0.18560057887120118	0.0	0.37397821947663445	RNU6-7
28	1	0.13957934990439771	7.164383561643835	0.2812471656630829	RNU6-7
29	0	0.13957934990439771	0.0	0.2812471656630829	RNU6-7
30	0	0.1982835158330867	0.0	0.3995338627380268	RNU6-7
31	1	0.1982835158330867	5.043283582089552	0.3995338627380268	RNU6-7
32	0	0.17947083200510042	0.0	0.361627008975197	RNU6-7
33	1	0.23349728190525498	4.28270509977827	0.47048828333751785	RNU6-7
34	0	0.30125148986889155	0.0	0.6070104763737492	RNU6-7
35	0	0.13819875776397517	0.0	0.278465324175094	RNU6-7
36	1	0.18991331757289204	5.265560165975104	0.38266822653661015	RNU6-7
37	2	0.6291448516579405	3.178918169209432	1.2677033274729526	RNU6-7
38	0	0.5417335473515249	0.0	1.0915728210625766	RNU6-7
39	1	0.20446096654275092	4.8909090909090915	0.41198119469871053	RNU6-7
40	1	0.2842572062084257	3.517940717628705	0.5727676308865467	RNU6-7
41	0	0.21884984025559104	0.0	0.4409742366608068	RNU6-7
42	2	0.27415730337078653	7.295081967213115	0.5524167047036683	RNU6-7
43	0	0.20344106021855385	0.0	0.40992612163010295	RNU6-7
44	1	0.293631100082713	3.4056338028169013	0.5916556761824703	RNU6-7
45	0	0.13269529229177443	0.0	0.26737604724092534	RNU6-7
46	1	0.293631100082713	3.4056338028169013	0.5916556761824703	RNU6-7
47	0	0.13819875776397517	0.0	0.278465324175094	RNU6-7
48	0	0.1796875	0.0	0.362063586875131	RNU6-7
49	0	0.293631100082713	0.0	0.5916556761824703	RNU6-7
50	1	0.20446096654275092	4.8909090909090915	0.41198119469871053	RNU6-7
51	1	0.1982835158330867	5.043283582089552	0.3995338627380268	RNU6-7
52	1	0.18560057887120116	5.3879142300194935	0.3739782194766344	RNU6-7
53	0	0.18642350557244175	0.0	0.37563638597784615	RNU6-7
54	1	0.29872256796593516	3.3475877192982453	0.6019147933957375	RNU6-7
55	1	0.2643004824259132	3.783572359843546	0.5325555794362639	RNU6-7
56	1	0.288630904723779	3.4646324549237173	0.581580469689353	RNU6-7
57	0	0.28863090472377906	0.0	0.5815804696893531	RNU6-7
58	0	0.23349728190525498	0.0	0.47048828333751785	RNU6-7
59	0	0.2822151224707135	0.0	0.5686529085893616	RNU6-7
60	1	0.28221512247071356	3.5433962264150938	0.5686529085893617	RNU6-7
61	1	0.3240223463687151	3.086206896551724	0.6528928999176518	RNU6-7
62	1	0.3240223463687151	3.086206896551724	0.6528928999176518	RNU6-7
63	1	0.29404276985743383	3.400865800865801	0.5924851753699124	RNU6-7
64	0	0.20344106021855385	0.0	0.40992612163010295	RNU6-7
65	1	0.26430048242591314	3.7835723598435465	0.5325555794362637	RNU6-7
66	1	0.5520473606314751	1.811438784629133	1.112354768780137	RNU6-7
67	1	0.5520473606314751	1.811438784629133	1.112354768780137	RNU6-7
68	0	0.2643004824259132	0.0	0.5325555794362639	RNU6-7
69	0	0.17947083200510044	0.0	0.36162700897519706	RNU6-7
70	0	0.1796875	0.0	0.362063586875131	RNU6-7
71	1	0.29404276985743383	3.400865800865801	0.5924851753699124	RNU6-7
72	1	0.30125148986889155	3.3194856577645893	0.6070104763737492	RNU6-7
73	1	0.20446096654275092	4.8909090909090915	0.41198119469871053	RNU6-7
74	1	0.28863090472377906	3.464632454923717	0.5815804696893531	RNU6-7
75	0	0.25023756731073804	0.0	0.5042193318479741	RNU6-7
76	0	0.17209302325581394	0.0	0.34676100049355313	RNU6-7
77	0	0.27415730337078653	0.0	0.5524167047036683	RNU6-7
78	0	0.19121447028423771	0.0	0.38529000054839235	RNU6-7
79	1	0.6291448516579405	1.589459084604716	1.2677033274729526	RNU6-7
80	1	0.5520473606314751	1.811438784629133	1.112354768780137	RNU6-7
81	1	0.2643004824259132	3.783572359843546	0.5325555794362639	RNU6-7
82	0	0.17947083200510044	0.0	0.36162700897519706	RNU6-7
83	1	0.13957934990439771	7.164383561643835	0.2812471656630829	RNU6-7
84	1	0.1982835158330867	5.043283582089552	0.3995338627380268	RNU6-7
85	0	0.1982835158330867	0.0	0.3995338627380268	RNU6-7
86	0	0.13819875776397517	0.0	0.278465324175094	RNU6-7
87	0	0.5417335473515249	0.0	1.0915728210625766	RNU6-7
88	0	0.6291448516579407	0.0	1.2677033274729528	RNU6-7
89	1	0.19121447028423771	5.22972972972973	0.38529000054839235	RNU6-7
90	0	0.25023756731073804	0.0	0.5042193318479741	RNU6-7
91	0	0.13819875776397517	0.0	0.278465324175094	RNU6-7
92	0	0.1796875	0.0	0.362063586875131	RNU6-7
93	0	0.29872256796593516	0.0	0.6019147933957375	RNU6-7
94	1	0.5520473606314751	1.811438784629133	1.112354768780137	RNU6-7
95	1	0.6291448516579407	1.5894590846047156	1.2677033274729528	RNU6-7
96	0	0.18991331757289204	0.0	0.38266822653661015	RNU6-7
97	0	0.13819875776397517	0.0	0.278465324175094	RNU6-7
98	2	0.30125148986889155	6.6389713155291785	0.6070104763737492	RNU6-7
99	0	0.23349728190525498	0.0	0.47048828333751785	RNU6-7
100	1	0.288630904723779	3.4646324549237173	0.581580469689353	RNU6-7
101	1	0.2842572062084257	3.517940717628705	0.5727676308865467	RNU6-7
102	2	0.2842572062084257	7.03588143525741	0.5727676308865467	RNU6-7
103	1	0.1982835158330867	5.043283582089552	0.3995338627380268	RNU6-7
104	1	0.1395793499043977	7.164383561643836	0.28124716566308283	RNU6-7
105	0	0.1395793499043977	0.0	0.28124716566308283	RNU6-7
106	1	0.17947083200510042	5.571936056838366	0.361627008975197	RNU6-7
107	1	0.26430048242591314	3.7835723598435465	0.5325555794362637	RNU6-7
1	2	0.6291448516579405	3.178918169209432	2.30299437824253	RNU6-8
2	0	0.19121447028423771	0.0	0.6999435009962462	RNU6-8
3	2	0.2643004824259132	7.567144719687092	0.9674759693092126	RNU6-8
4	3	0.29872256796593516	10.042763157894736	1.0934785413355899	RNU6-8
5	1	0.13269529229177443	7.536062378167642	0.485733152487681	RNU6-8
6	3	0.5417335473515249	5.5377777777777775	1.9830239582636806	RNU6-8
7	2	0.5520473606314751	3.622877569258266	2.020777829950582	RNU6-8
8	1	0.29872256796593516	3.3475877192982453	1.0934785413355899	RNU6-8
9	1	0.1796875	5.565217391304348	0.6577488494898213	RNU6-8
10	0	0.13819875776397517	0.0	0.5058786722514208	RNU6-8
11	0	0.5417335473515249	0.0	1.9830239582636806	RNU6-8
12	2	0.6113624937154349	3.271381578947368	2.2379017842785696	RNU6-8
13	0	0.28221512247071356	0.0	1.0330527839373405	RNU6-8
14	1	0.26430048242591314	3.7835723598435465	0.9674759693092124	RNU6-8
15	0	0.20344106021855385	0.0	0.7446991209613537	RNU6-8
16	1	0.2987225679659351	3.347587719298246	1.0934785413355896	RNU6-8
17	1	0.26430048242591314	3.7835723598435465	0.9674759693092124	RNU6-8
18	0	0.19121447028423771	0.0	0.6999435009962462	RNU6-8
19	1	0.27415730337078653	3.6475409836065573	1.0035570135449976	RNU6-8
20	2	0.28863090472377906	6.929264909847434	1.0565378532689915	RNU6-8
21	1	0.2842572062084257	3.517940717628705	1.0405278627772265	RNU6-8
22	1	0.2842572062084257	3.517940717628705	1.0405278627772265	RNU6-8
23	1	0.2842572062084257	3.517940717628705	1.0405278627772265	RNU6-8
24	2	0.21884984025559104	9.138686131386862	0.8011031966004657	RNU6-8
25	1	0.30434782608695654	3.2857142857142856	1.1140698849581852	RNU6-8
26	0	0.18642350557244175	0.0	0.6824061011930872	RNU6-8
27	1	0.18560057887120116	5.3879142300194935	0.6793937653825525	RNU6-8
28	1	0.1395793499043977	7.164383561643836	0.5109323509546005	RNU6-8
29	0	0.1395793499043977	0.0	0.5109323509546005	RNU6-8
30	0	0.1982835158330867	0.0	0.7258198506407488	RNU6-8
31	0	0.1982835158330867	0.0	0.7258198506407488	RNU6-8
32	0	0.17947083200510044	0.0	0.656955732971608	RNU6-8
33	1	0.23349728190525498	4.28270509977827	0.8547203813964908	RNU6-8
34	2	0.30125148986889155	6.6389713155291785	1.1027356987456445	RNU6-8
35	0	0.13819875776397517	0.0	0.5058786722514208	RNU6-8
36	0	0.18991331757289204	0.0	0.6951806115415085	RNU6-8
37	3	0.6291448516579407	4.768377253814147	2.3029943782425306	RNU6-8
38	1	0.5417335473515249	1.8459259259259257	1.9830239582636806	RNU6-8
39	1	0.20446096654275092	4.8909090909090915	0.7484325037026575	RNU6-8
40	1	0.2842572062084257	3.517940717628705	1.0405278627772265	RNU6-8
41	2	0.21884984025559104	9.138686131386862	0.8011031966004657	RNU6-8
42	1	0.27415730337078653	3.6475409836065573	1.0035570135449976	RNU6-8
43	2	0.20344106021855385	9.830857142857141	0.7446991209613537	RNU6-8
44	2	0.293631100082713	6.811267605633803	1.0748411450648212	RNU6-8
45	0	0.13269529229177446	0.0	0.4857331524876812	RNU6-8
46	1	0.293631100082713	3.4056338028169013	1.0748411450648212	RNU6-8
47	1	0.13819875776397517	7.235955056179774	0.5058786722514208	RNU6-8
48	0	0.1796875	0.0	0.6577488494898213	RNU6-8
49	0	0.293631100082713	0.0	1.0748411450648212	RNU6-8
50	1	0.20446096654275092	4.8909090909090915	0.7484325037026575	RNU6-8
51	1	0.1982835158330867	5.043283582089552	0.7258198506407488	RNU6-8
52	1	0.18560057887120118	5.387914230019493	0.6793937653825526	RNU6-8
53	1	0.18642350557244175	5.364130434782608	0.6824061011930872	RNU6-8
54	1	0.2987225679659351	3.347587719298246	1.0934785413355896	RNU6-8
55	2	0.26430048242591314	7.567144719687093	0.9674759693092124	RNU6-8
56	0	0.28863090472377906	0.0	1.0565378532689915	RNU6-8
57	1	0.288630904723779	3.4646324549237173	1.0565378532689913	RNU6-8
58	1	0.23349728190525498	4.28270509977827	0.8547203813964908	RNU6-8
59	0	0.28221512247071356	0.0	1.0330527839373405	RNU6-8
60	2	0.2822151224707135	7.086792452830189	1.0330527839373402	RNU6-8
61	1	0.3240223463687151	3.086206896551724	1.186088768183734	RNU6-8
62	0	0.3240223463687151	0.0	1.186088768183734	RNU6-8
63	2	0.29404276985743383	6.801731601731602	1.0763480685886742	RNU6-8
64	2	0.20344106021855385	9.830857142857141	0.7446991209613537	RNU6-8
65	1	0.2643004824259132	3.783572359843546	0.9674759693092126	RNU6-8
66	1	0.5520473606314751	1.811438784629133	2.020777829950582	RNU6-8
67	3	0.5520473606314751	5.434316353887399	2.020777829950582	RNU6-8
68	1	0.26430048242591314	3.7835723598435465	0.9674759693092124	RNU6-8
69	1	0.17947083200510042	5.571936056838366	0.6569557329716079	RNU6-8
70	1	0.1796875	5.565217391304348	0.6577488494898213	RNU6-8
71	1	0.29404276985743383	3.400865800865801	1.0763480685886742	RNU6-8
72	2	0.30125148986889155	6.6389713155291785	1.1027356987456445	RNU6-8
73	0	0.20446096654275092	0.0	0.7484325037026575	RNU6-8
74	1	0.288630904723779	3.4646324549237173	1.0565378532689913	RNU6-8
75	1	0.25023756731073804	3.9962025316455696	0.9159984528571529	RNU6-8
76	0	0.17209302325581396	0.0	0.6299491508966216	RNU6-8
77	1	0.27415730337078653	3.6475409836065573	1.0035570135449976	RNU6-8
78	1	0.19121447028423771	5.22972972972973	0.6999435009962462	RNU6-8
79	1	0.6291448516579407	1.5894590846047156	2.3029943782425306	RNU6-8
80	0	0.5520473606314751	0.0	2.020777829950582	RNU6-8
81	1	0.26430048242591314	3.7835723598435465	0.9674759693092124	RNU6-8
82	1	0.17947083200510042	5.571936056838366	0.6569557329716079	RNU6-8
83	1	0.1395793499043977	7.164383561643836	0.5109323509546005	RNU6-8
84	1	0.1982835158330867	5.043283582089552	0.7258198506407488	RNU6-8
85	0	0.1982835158330867	0.0	0.7258198506407488	RNU6-8
86	0	0.13819875776397517	0.0	0.5058786722514208	RNU6-8
87	1	0.5417335473515249	1.8459259259259257	1.9830239582636806	RNU6-8
88	1	0.6291448516579405	1.589459084604716	2.30299437824253	RNU6-8
89	0	0.19121447028423771	0.0	0.6999435009962462	RNU6-8
90	1	0.25023756731073804	3.9962025316455696	0.9159984528571529	RNU6-8
91	0	0.13819875776397517	0.0	0.5058786722514208	RNU6-8
92	1	0.1796875	5.565217391304348	0.6577488494898213	RNU6-8
93	1	0.2987225679659351	3.347587719298246	1.0934785413355896	RNU6-8
94	1	0.5520473606314751	1.811438784629133	2.020777829950582	RNU6-8
95	2	0.6291448516579405	3.178918169209432	2.30299437824253	RNU6-8
96	2	0.18991331757289204	10.531120331950207	0.6951806115415085	RNU6-8
97	2	0.13819875776397517	14.471910112359549	0.5058786722514208	RNU6-8
98	2	0.30125148986889155	6.6389713155291785	1.1027356987456445	RNU6-8
99	1	0.23349728190525498	4.28270509977827	0.8547203813964908	RNU6-8
100	1	0.28863090472377906	3.464632454923717	1.0565378532689915	RNU6-8
101	2	0.2842572062084257	7.03588143525741	1.0405278627772265	RNU6-8
102	1	0.2842572062084257	3.517940717628705	1.0405278627772265	RNU6-8
103	2	0.1982835158330867	10.086567164179105	0.7258198506407488	RNU6-8
104	0	0.13957934990439771	0.0	0.5109323509546007	RNU6-8
105	1	0.13957934990439771	7.164383561643835	0.5109323509546007	RNU6-8
106	1	0.17947083200510044	5.571936056838365	0.656955732971608	RNU6-8
107	1	0.2643004824259132	3.783572359843546	0.9674759693092126	RNU6-8
1	1	0.5520473606314751	1.811438784629133	1.1703751022624636	RN7SL1
2	1	0.28221512247071356	3.5433962264150938	0.598313797649272	RN7SL1
3	1	0.6113624937154349	1.635690789473684	1.2961269125228043	RN7SL1
4	1	0.6113624937154348	1.6356907894736843	1.296126912522804	RN7SL1
5	1	0.3240223463687151	3.086206896551724	0.6869477400142225	RN7SL1
6	0	0.2822151224707135	0.0	0.5983137976492718	RN7SL1
7	1	0.5520473606314751	1.811438784629133	1.1703751022624636	RN7SL1
8	1	0.5520473606314751	1.811438784629133	1.1703751022624636	RN7SL1
9	1	0.5520473606314751	1.811438784629133	1.1703751022624636	RN7SL1
10	1	0.6113624937154348	1.6356907894736843	1.296126912522804	RN7SL1
11	1	0.341701011614837	2.9265350877192984	0.7244276214896566	RN7SL1
12	0	0.19121447028423771	0.0	0.4053866953679226	RN7SL1
13	0	0.23349728190525498	0.0	0.4950289135976878	RN7SL1
14	0	0.2822151224707135	0.0	0.5983137976492718	RN7SL1
15	2	0.5520473606314751	3.622877569258266	1.1703751022624636	RN7SL1
16	0	0.5520473606314751	0.0	1.1703751022624636	RN7SL1
17	1	0.5520473606314751	1.811438784629133	1.1703751022624636	RN7SL1
18	1	0.6291448516579407	1.5894590846047156	1.3338266290319485	RN7SL1
19	1	0.19121447028423771	5.22972972972973	0.4053866953679226	RN7SL1
20	2	0.26430048242591314	7.567144719687093	0.5603336347689623	RN7SL1
21	0	0.28221512247071356	0.0	0.598313797649272	RN7SL1
22	1	0.29404276985743383	3.400865800865801	0.6233891535099043	RN7SL1
23	0	0.20344106021855385	0.0	0.43130783450411536	RN7SL1
24	0	0.27415730337078653	0.0	0.5812307147009141	RN7SL1
25	0	0.21884984025559104	0.0	0.4639754166676429	RN7SL1
26	0	0.18642350557244175	0.0	0.39522954905335633	RN7SL1
27	1	0.30434782608695654	3.2857142857142856	0.6452365204181566	RN7SL1
28	1	0.17209302325581396	5.8108108108108105	0.3648480258311304	RN7SL1
29	0	0.30125148986889155	0.0	0.63867209302245	RN7SL1
30	0	0.3240223463687151	0.0	0.6869477400142225	RN7SL1
31	1	0.23349728190525498	4.28270509977827	0.4950289135976878	RN7SL1
32	0	0.20344106021855385	0.0	0.43130783450411536	RN7SL1
33	0	0.29872256796593516	0.0	0.6333106196383536	RN7SL1
34	1	0.2987225679659351	3.347587719298246	0.6333106196383533	RN7SL1
35	1	0.18642350557244175	5.364130434782608	0.39522954905335633	RN7SL1
36	1	0.21884984025559104	4.569343065693431	0.4639754166676429	RN7SL1
37	1	0.30434782608695654	3.2857142857142856	0.6452365204181566	RN7SL1
38	1	0.13269529229177446	7.536062378167641	0.28132235992956284	RN7SL1
39	2	0.5417335473515249	3.6918518518518515	1.1485091698568999	RN7SL1
40	2	0.6113624937154348	3.2713815789473686	1.296126912522804	RN7SL1
41	1	0.3240223463687151	3.086206896551724	0.6869477400142225	RN7SL1
42	1	0.30125148986889155	3.3194856577645893	0.63867209302245	RN7SL1
43	0	0.13269529229177443	0.0	0.2813223599295628	RN7SL1
44	0	0.29404276985743383	0.0	0.6233891535099043	RN7SL1
45	1	0.2822151224707135	3.5433962264150947	0.5983137976492718	RN7SL1
46	0	0.2987225679659351	0.0	0.6333106196383533	RN7SL1
47	1	0.20344106021855385	4.915428571428571	0.43130783450411536	RN7SL1
48	1	0.25023756731073804	3.9962025316455696	0.5305193708311645	RN7SL1
49	0	0.13269529229177443	0.0	0.2813223599295628	RN7SL1
50	1	0.29404276985743383	3.400865800865801	0.6233891535099043	RN7SL1
51	1	0.2822151224707135	3.5433962264150947	0.5983137976492718	RN7SL1
52	1	0.2987225679659351	3.347587719298246	0.6333106196383533	RN7SL1
53	2	0.20344106021855385	9.830857142857141	0.43130783450411536	RN7SL1
54	1	0.23349728190525498	4.28270509977827	0.4950289135976878	RN7SL1
55	0	0.30125148986889155	0.0	0.63867209302245	RN7SL1
56	0	0.13269529229177443	0.0	0.2813223599295628	RN7SL1
57	2	0.29404276985743383	6.801731601731602	0.6233891535099043	RN7SL1
58	1	0.30125148986889155	3.3194856577645893	0.63867209302245	RN7SL1
59	0	0.20446096654275092	0.0	0.433470100015384	RN7SL1
60	0	0.20446096654275092	0.0	0.433470100015384	RN7SL1
61	1	0.5417335473515249	1.8459259259259257	1.1485091698568999	RN7SL1
62	1	0.5520473606314751	1.811438784629133	1.1703751022624636	RN7SL1
63	1	0.2987225679659351	3.347587719298246	0.6333106196383533	RN7SL1
64	1	0.1796875	5.565217391304348	0.38094879386295183	RN7SL1
65	0	0.17947083200510042	0.0	0.38048944409557395	RN7SL1
66	0	0.25023756731073804	0.0	0.5305193708311645	RN7SL1
67	1	0.13269529229177443	7.536062378167642	0.2813223599295628	RN7SL1
68	0	0.30434782608695654	0.0	0.6452365204181566	RN7SL1
69	0	0.17209302325581396	0.0	0.3648480258311304	RN7SL1
70	2	0.30125148986889155	6.6389713155291785	0.63867209302245	RN7SL1
71	1	0.23349728190525498	4.28270509977827	0.4950289135976878	RN7SL1
72	0	0.20344106021855385	0.0	0.43130783450411536	RN7SL1
73	1	0.29404276985743383	3.400865800865801	0.6233891535099043	RN7SL1
74	1	0.30125148986889155	3.3194856577645893	0.63867209302245	RN7SL1
75	0	0.13269529229177443	0.0	0.2813223599295628	RN7SL1
76	2	0.30434782608695654	6.571428571428571	0.6452365204181566	RN7SL1
77	1	0.18991331757289204	5.265560165975104	0.40262816983877536	RN7SL1
78	0	0.13819875776397517	0.0	0.29299005263885686	RN7SL1
79	0	0.293631100082713	0.0	0.6225163877128971	RN7SL1
80	0	0.20344106021855385	0.0	0.43130783450411536	RN7SL1
81	1	0.23349728190525498	4.28270509977827	0.4950289135976878	RN7SL1
82	0	0.3240223463687151	0.0	0.6869477400142225	RN7SL1
83	0	0.2822151224707135	0.0	0.5983137976492718	RN7SL1
84	1	0.2987225679659351	3.347587719298246	0.6333106196383533	RN7SL1
85	0	0.20344106021855385	0.0	0.43130783450411536	RN7SL1
86	1	0.27415730337078653	3.6475409836065573	0.5812307147009141	RN7SL1
87	0	0.21884984025559104	0.0	0.4639754166676429	RN7SL1
88	1	0.18642350557244175	5.364130434782608	0.39522954905335633	RN7SL1
89	1	0.30434782608695654	3.2857142857142856	0.6452365204181566	RN7SL1
90	0	0.19121447028423771	0.0	0.4053866953679226	RN7SL1
91	1	0.26430048242591314	3.7835723598435465	0.5603336347689623	RN7SL1
92	2	0.5520473606314751	3.622877569258266	1.1703751022624636	RN7SL1
93	1	0.5520473606314751	1.811438784629133	1.1703751022624636	RN7SL1
94	1	0.2987225679659351	3.347587719298246	0.6333106196383533	RN7SL1
95	1	0.18642350557244175	5.364130434782608	0.39522954905335633	RN7SL1
96	1	0.2842572062084257	3.517940717628705	0.6026431435239076	RN7SL1
97	0	0.28863090472377906	0.0	0.6119156592756657	RN7SL1
98	1	0.26430048242591314	3.7835723598435465	0.5603336347689623	RN7SL1
99	1	0.28221512247071356	3.5433962264150938	0.598313797649272	RN7SL1
100	1	0.6113624937154349	1.635690789473684	1.2961269125228043	RN7SL1
101	1	0.5417335473515249	1.8459259259259257	1.1485091698568999	RN7SL1
102	2	0.20446096654275092	9.781818181818183	0.433470100015384	RN7SL1
103	1	0.20446096654275092	4.8909090909090915	0.433470100015384	RN7SL1
104	0	0.5417335473515249	0.0	1.1485091698568999	RN7SL1
105	0	0.6113624937154348	0.0	1.296126912522804	RN7SL1
106	1	0.3240223463687151	3.086206896551724	0.6869477400142225	RN7SL1
107	1	0.341701011614837	2.9265350877192984	0.7244276214896566	RN7SL1
108	0	0.19121447028423771	0.0	0.4053866953679226	RN7SL1
109	0	0.27415730337078653	0.0	0.5812307147009141	RN7SL1
110	0	0.17209302325581396	0.0	0.3648480258311304	RN7SL1
111	2	0.30125148986889155	6.6389713155291785	0.63867209302245	RN7SL1
112	1	0.6113624937154349	1.635690789473684	1.2961269125228043	RN7SL1
113	2	0.5520473606314751	3.622877569258266	1.1703751022624636	RN7SL1
114	1	0.2643004824259132	3.783572359843546	0.5603336347689624	RN7SL1
115	0	0.19121447028423771	0.0	0.4053866953679226	RN7SL1
116	0	0.30434782608695654	0.0	0.6452365204181566	RN7SL1
117	0	0.18642350557244175	0.0	0.39522954905335633	RN7SL1
118	1	0.18560057887120118	5.387914230019493	0.39348489272347686	RN7SL1
119	0	0.1796875	0.0	0.38094879386295183	RN7SL1
120	0	0.30434782608695654	0.0	0.6452365204181566	RN7SL1
121	0	0.18991331757289204	0.0	0.40262816983877536	RN7SL1
122	0	0.13819875776397517	0.0	0.29299005263885686	RN7SL1
123	0	0.5417335473515249	0.0	1.1485091698568999	RN7SL1
124	1	0.6113624937154348	1.6356907894736843	1.296126912522804	RN7SL1
125	1	0.2822151224707135	3.5433962264150947	0.5983137976492718	RN7SL1
126	1	0.2643004824259132	3.783572359843546	0.5603336347689624	RN7SL1
127	1	0.288630904723779	3.4646324549237173	0.6119156592756656	RN7SL1
128	1	0.20446096654275092	4.8909090909090915	0.433470100015384	RN7SL1
129	2	0.25023756731073804	7.992405063291139	0.5305193708311645	RN7SL1
130	1	0.17947083200510044	5.571936056838365	0.38048944409557406	RN7SL1
131	0	0.1982835158330867	0.0	0.4203735162408064	RN7SL1
132	0	0.2842572062084257	0.0	0.6026431435239076	RN7SL1
133	1	0.2842572062084257	3.517940717628705	0.6026431435239076	RN7SL1
134	1	0.28863090472377906	3.464632454923717	0.6119156592756657	RN7SL1
135	0	0.23349728190525498	0.0	0.4950289135976878	RN7SL1
136	0	0.341701011614837	0.0	0.7244276214896566	RN7SL1
137	0	0.19121447028423771	0.0	0.4053866953679226	RN7SL1
138	1	0.25023756731073804	3.9962025316455696	0.5305193708311645	RN7SL1
139	0	0.17209302325581394	0.0	0.36484802583113035	RN7SL1
140	1	0.341701011614837	2.9265350877192984	0.7244276214896566	RN7SL1
141	1	0.29404276985743383	3.400865800865801	0.6233891535099043	RN7SL1
142	1	0.13269529229177446	7.536062378167641	0.28132235992956284	RN7SL1
143	1	0.30125148986889155	3.3194856577645893	0.63867209302245	RN7SL1
144	0	0.3240223463687151	0.0	0.6869477400142225	RN7SL1
145	1	0.6113624937154349	1.635690789473684	1.2961269125228043	RN7SL1
146	2	0.6113624937154348	3.2713815789473686	1.296126912522804	RN7SL1
147	2	0.3240223463687151	6.172413793103448	0.6869477400142225	RN7SL1
148	1	0.30125148986889155	3.3194856577645893	0.63867209302245	RN7SL1
149	0	0.13269529229177443	0.0	0.2813223599295628	RN7SL1
150	0	0.29872256796593516	0.0	0.6333106196383536	RN7SL1
151	1	0.5520473606314751	1.811438784629133	1.1703751022624636	RN7SL1
152	2	0.6113624937154348	3.2713815789473686	1.296126912522804	RN7SL1
153	0	0.3240223463687151	0.0	0.6869477400142225	RN7SL1
154	1	0.3240223463687151	3.086206896551724	0.6869477400142225	RN7SL1
155	0	0.3240223463687151	0.0	0.6869477400142225	RN7SL1
156	1	0.30125148986889155	3.3194856577645893	0.63867209302245	RN7SL1
157	0	0.17209302325581394	0.0	0.36484802583113035	RN7SL1
158	1	0.341701011614837	2.9265350877192984	0.7244276214896566	RN7SL1
159	1	0.23349728190525498	4.28270509977827	0.4950289135976878	RN7SL1
160	1	0.19121447028423771	5.22972972972973	0.4053866953679226	RN7SL1
161	0	0.341701011614837	0.0	0.7244276214896566	RN7SL1
162	1	0.23349728190525498	4.28270509977827	0.4950289135976878	RN7SL1
163	1	0.20344106021855385	4.915428571428571	0.43130783450411536	RN7SL1
164	1	0.29404276985743383	3.400865800865801	0.6233891535099043	RN7SL1
165	1	0.341701011614837	2.9265350877192984	0.7244276214896566	RN7SL1
166	0	0.18991331757289204	0.0	0.40262816983877536	RN7SL1
167	0	0.17947083200510042	0.0	0.38048944409557395	RN7SL1
168	1	0.26430048242591314	3.7835723598435465	0.5603336347689623	RN7SL1
169	1	0.28221512247071356	3.5433962264150938	0.598313797649272	RN7SL1
170	1	0.29404276985743383	3.400865800865801	0.6233891535099043	RN7SL1
171	0	0.18642350557244175	0.0	0.39522954905335633	RN7SL1
172	1	0.18560057887120118	5.387914230019493	0.39348489272347686	RN7SL1
173	0	0.1796875	0.0	0.38094879386295183	RN7SL1
174	1	0.29404276985743383	3.400865800865801	0.6233891535099043	RN7SL1
175	1	0.30125148986889155	3.3194856577645893	0.63867209302245	RN7SL1
176	1	0.13269529229177443	7.536062378167642	0.2813223599295628	RN7SL1
177	0	0.29404276985743383	0.0	0.6233891535099043	RN7SL1
178	0	0.3240223463687151	0.0	0.6869477400142225	RN7SL1
179	0	0.3240223463687151	0.0	0.6869477400142225	RN7SL1
180	0	0.341701011614837	0.0	0.7244276214896566	RN7SL1
181	0	0.19121447028423771	0.0	0.4053866953679226	RN7SL1
182	1	0.25023756731073804	3.9962025316455696	0.5305193708311645	RN7SL1
183	0	0.13819875776397517	0.0	0.29299005263885686	RN7SL1
184	1	0.18991331757289204	5.265560165975104	0.40262816983877536	RN7SL1
185	1	0.341701011614837	2.9265350877192984	0.7244276214896566	RN7SL1
186	0	0.6113624937154349	0.0	1.2961269125228043	RN7SL1
187	1	0.6113624937154348	1.6356907894736843	1.296126912522804	RN7SL1
188	1	0.2822151224707135	3.5433962264150947	0.5983137976492718	RN7SL1
189	1	0.28221512247071356	3.5433962264150938	0.598313797649272	RN7SL1
190	0	0.3240223463687151	0.0	0.6869477400142225	RN7SL1
191	0	0.23349728190525498	0.0	0.4950289135976878	RN7SL1
192	0	0.20344106021855385	0.0	0.43130783450411536	RN7SL1
193	0	0.29404276985743383	0.0	0.6233891535099043	RN7SL1
194	2	0.341701011614837	5.853070175438597	0.7244276214896566	RN7SL1
195	1	0.17209302325581396	5.8108108108108105	0.3648480258311304	RN7SL1
196	1	0.5417335473515249	1.8459259259259257	1.1485091698568999	RN7SL1
197	0	0.6113624937154348	0.0	1.296126912522804	RN7SL1
198	1	0.30125148986889155	3.3194856577645893	0.63867209302245	RN7SL1
199	0	0.13819875776397517	0.0	0.29299005263885686	RN7SL1
200	0	0.13957934990439771	0.0	0.29591699475063776	RN7SL1
201	0	0.18991331757289204	0.0	0.40262816983877536	RN7SL1
202	0	0.6291448516579405	0.0	1.3338266290319483	RN7SL1
203	1	0.6113624937154348	1.6356907894736843	1.296126912522804	RN7SL1
204	0	0.30125148986889155	0.0	0.63867209302245	RN7SL1
205	0	0.13269529229177443	0.0	0.2813223599295628	RN7SL1
206	0	0.29872256796593516	0.0	0.6333106196383536	RN7SL1
207	0	0.2643004824259132	0.0	0.5603336347689624	RN7SL1
208	1	0.20344106021855385	4.915428571428571	0.43130783450411536	RN7SL1
209	3	0.29404276985743383	10.202597402597402	0.6233891535099043	RN7SL1
210	1	0.341701011614837	2.9265350877192984	0.7244276214896566	RN7SL1
211	1	0.17209302325581396	5.8108108108108105	0.3648480258311304	RN7SL1
212	0	0.25023756731073804	0.0	0.5305193708311645	RN7SL1
213	0	0.17947083200510044	0.0	0.38048944409557406	RN7SL1
214	0	0.13957934990439771	0.0	0.29591699475063776	RN7SL1
215	0	0.13957934990439771	0.0	0.29591699475063776	RN7SL1
216	0	0.18991331757289204	0.0	0.40262816983877536	RN7SL1
217	0	0.30434782608695654	0.0	0.6452365204181566	RN7SL1
218	1	0.13269529229177446	7.536062378167641	0.28132235992956284	RN7SL1
219	0	0.30125148986889155	0.0	0.63867209302245	RN7SL1
220	0	0.3240223463687151	0.0	0.6869477400142225	RN7SL1
221	1	0.6113624937154349	1.635690789473684	1.2961269125228043	RN7SL1
222	0	0.6291448516579407	0.0	1.3338266290319485	RN7SL1
223	0	0.19121447028423771	0.0	0.4053866953679226	RN7SL1
224	0	0.26430048242591314	0.0	0.5603336347689623	RN7SL1
225	1	0.2987225679659351	3.347587719298246	0.6333106196383533	RN7SL1
226	0	0.20344106021855385	0.0	0.43130783450411536	RN7SL1
227	1	0.25023756731073804	3.9962025316455696	0.5305193708311645	RN7SL1
228	0	0.20446096654275092	0.0	0.433470100015384	RN7SL1
229	0	0.20446096654275092	0.0	0.433470100015384	RN7SL1
230	2	0.25023756731073804	7.992405063291139	0.5305193708311645	RN7SL1
231	1	0.20344106021855385	4.915428571428571	0.43130783450411536	RN7SL1
232	0	0.30434782608695654	0.0	0.6452365204181566	RN7SL1
233	0	0.21884984025559104	0.0	0.4639754166676429	RN7SL1
234	2	0.18642350557244175	10.728260869565217	0.39522954905335633	RN7SL1
235	1	0.30434782608695654	3.2857142857142856	0.6452365204181566	RN7SL1
236	1	0.19121447028423771	5.22972972972973	0.4053866953679226	RN7SL1
237	0	0.23349728190525498	0.0	0.4950289135976878	RN7SL1
238	0	0.3240223463687151	0.0	0.6869477400142225	RN7SL1
239	1	0.30125148986889155	3.3194856577645893	0.63867209302245	RN7SL1
240	0	0.20446096654275092	0.0	0.433470100015384	RN7SL1
241	0	0.20446096654275092	0.0	0.433470100015384	RN7SL1
242	2	0.5417335473515249	3.6918518518518515	1.1485091698568999	RN7SL1
243	1	0.5520473606314751	1.811438784629133	1.1703751022624636	RN7SL1
244	0	0.5520473606314751	0.0	1.1703751022624636	RN7SL1
245	0	0.5520473606314751	0.0	1.1703751022624636	RN7SL1
246	0	0.28221512247071356	0.0	0.598313797649272	RN7SL1
247	0	0.29404276985743383	0.0	0.6233891535099043	RN7SL1
248	0	0.20344106021855385	0.0	0.43130783450411536	RN7SL1
249	1	0.27415730337078653	3.6475409836065573	0.5812307147009141	RN7SL1
250	0	0.19121447028423771	0.0	0.4053866953679226	RN7SL1
251	0	0.25023756731073804	0.0	0.5305193708311645	RN7SL1
252	0	0.13819875776397517	0.0	0.29299005263885686	RN7SL1
253	1	0.1982835158330867	5.043283582089552	0.4203735162408064	RN7SL1
254	0	0.2842572062084257	0.0	0.6026431435239076	RN7SL1
255	1	0.18642350557244175	5.364130434782608	0.39522954905335633	RN7SL1
256	2	0.29872256796593516	6.695175438596491	0.6333106196383536	RN7SL1
257	1	0.28221512247071356	3.5433962264150938	0.598313797649272	RN7SL1
258	0	0.23349728190525498	0.0	0.4950289135976878	RN7SL1
259	0	0.19121447028423771	0.0	0.4053866953679226	RN7SL1
260	0	0.30434782608695654	0.0	0.6452365204181566	RN7SL1
261	1	0.20344106021855385	4.915428571428571	0.43130783450411536	RN7SL1
262	0	0.26430048242591314	0.0	0.5603336347689623	RN7SL1
263	0	0.2643004824259132	0.0	0.5603336347689624	RN7SL1
264	1	0.19121447028423771	5.22972972972973	0.4053866953679226	RN7SL1
265	1	0.30434782608695654	3.2857142857142856	0.6452365204181566	RN7SL1
266	2	0.13269529229177446	15.072124756335281	0.28132235992956284	RN7SL1
267	0	0.30125148986889155	0.0	0.63867209302245	RN7SL1
268	0	0.23349728190525498	0.0	0.4950289135976878	RN7SL1
269	0	0.20344106021855385	0.0	0.43130783450411536	RN7SL1
270	0	0.29872256796593516	0.0	0.6333106196383536	RN7SL1
271	0	0.28221512247071356	0.0	0.598313797649272	RN7SL1
272	1	0.29404276985743383	3.400865800865801	0.6233891535099043	RN7SL1
273	1	0.20344106021855385	4.915428571428571	0.43130783450411536	RN7SL1
274	1	0.23349728190525498	4.28270509977827	0.4950289135976878	RN7SL1
275	1	0.3240223463687151	3.086206896551724	0.6869477400142225	RN7SL1
276	1	0.2822151224707135	3.5433962264150947	0.5983137976492718	RN7SL1
277	1	0.2643004824259132	3.783572359843546	0.5603336347689624	RN7SL1
278	0	0.17947083200510044	0.0	0.38048944409557406	RN7SL1
279	0	0.18991331757289204	0.0	0.40262816983877536	RN7SL1
280	1	0.27415730337078653	3.6475409836065573	0.5812307147009141	RN7SL1
281	0	0.288630904723779	0.0	0.6119156592756656	RN7SL1
282	1	0.2842572062084257	3.517940717628705	0.6026431435239076	RN7SL1
283	0	0.18642350557244175	0.0	0.39522954905335633	RN7SL1
284	0	0.29872256796593516	0.0	0.6333106196383536	RN7SL1
285	1	0.5520473606314751	1.811438784629133	1.1703751022624636	RN7SL1
286	1	0.5417335473515249	1.8459259259259257	1.1485091698568999	RN7SL1
287	1	0.13269529229177443	7.536062378167642	0.2813223599295628	RN7SL1
288	1	0.293631100082713	3.4056338028169013	0.6225163877128971	RN7SL1
289	1	0.17209302325581394	5.810810810810811	0.36484802583113035	RN7SL1
290	1	0.341701011614837	2.9265350877192984	0.7244276214896566	RN7SL1
291	2	0.3240223463687151	6.172413793103448	0.6869477400142225	RN7SL1
292	1	0.3240223463687151	3.086206896551724	0.6869477400142225	RN7SL1
293	1	0.6113624937154349	1.635690789473684	1.2961269125228043	RN7SL1
294	0	0.6291448516579407	0.0	1.3338266290319485	RN7SL1
295	0	0.17209302325581396	0.0	0.3648480258311304	RN7SL1
296	1	0.293631100082713	3.4056338028169013	0.6225163877128971	RN7SL1
297	0	0.13269529229177446	0.0	0.28132235992956284	RN7SL1
298	0	0.293631100082713	0.0	0.6225163877128971	RN7SL1
299	0	0.1796875	0.0	0.38094879386295183	RN7SL1
1	1	0.5520473606314751	1.811438784629133	0.9691805291855414	RN7SL2
2	1	0.2822151224707135	3.5433962264150947	0.49546002978341896	RN7SL2
3	1	0.6113624937154348	1.6356907894736843	1.0733148411497624	RN7SL2
4	0	0.6113624937154349	0.0	1.0733148411497626	RN7SL2
5	1	0.3240223463687151	3.086206896551724	0.5688572602943938	RN7SL2
6	0	0.28221512247071356	0.0	0.4954600297834191	RN7SL2
7	1	0.5520473606314751	1.811438784629133	0.9691805291855414	RN7SL2
8	0	0.5520473606314751	0.0	0.9691805291855414	RN7SL2
9	0	0.5520473606314751	0.0	0.9691805291855414	RN7SL2
10	1	0.6113624937154349	1.635690789473684	1.0733148411497626	RN7SL2
11	1	0.341701011614837	2.9265350877192984	0.59989412299931	RN7SL2
12	0	0.19121447028423771	0.0	0.3356982656089967	RN7SL2
13	1	0.23349728190525498	4.28270509977827	0.40993044325302036	RN7SL2
14	0	0.28221512247071356	0.0	0.4954600297834191	RN7SL2
15	2	0.5520473606314751	3.622877569258266	0.9691805291855414	RN7SL2
16	0	0.5520473606314751	0.0	0.9691805291855414	RN7SL2
17	1	0.5520473606314751	1.811438784629133	0.9691805291855414	RN7SL2
18	0	0.6291448516579405	0.0	1.1045337479137953	RN7SL2
19	0	0.19121447028423771	0.0	0.3356982656089967	RN7SL2
20	2	0.2643004824259132	7.567144719687092	0.4640088870790549	RN7SL2
21	1	0.2822151224707135	3.5433962264150947	0.49546002978341896	RN7SL2
22	0	0.29404276985743383	0.0	0.5162247800037065	RN7SL2
23	0	0.20344106021855385	0.0	0.35716340383394973	RN7SL2
24	0	0.27415730337078653	0.0	0.4813136323250279	RN7SL2
25	0	0.21884984025559104	0.0	0.38421523064336827	RN7SL2
26	0	0.18642350557244175	0.0	0.3272871943027662	RN7SL2
27	1	0.30434782608695654	3.2857142857142856	0.5343164521355888	RN7SL2
28	1	0.17209302325581394	5.810810810810811	0.302128439048097	RN7SL2
29	1	0.30125148986889155	3.3194856577645893	0.528880489592578	RN7SL2
30	1	0.3240223463687151	3.086206896551724	0.5688572602943938	RN7SL2
31	0	0.23349728190525498	0.0	0.40993044325302036	RN7SL2
32	0	0.20344106021855385	0.0	0.35716340383394973	RN7SL2
33	0	0.2987225679659351	0.0	0.5244406859761409	RN7SL2
34	1	0.29872256796593516	3.3475877192982453	0.524440685976141	RN7SL2
35	1	0.18642350557244175	5.364130434782608	0.3272871943027662	RN7SL2
36	0	0.21884984025559104	0.0	0.38421523064336827	RN7SL2
37	1	0.30434782608695654	3.2857142857142856	0.5343164521355888	RN7SL2
38	1	0.13269529229177443	7.536062378167642	0.2329613413180035	RN7SL2
39	0	0.5417335473515249	0.0	0.9510734830778509	RN7SL2
40	2	0.6113624937154349	3.271381578947368	1.0733148411497626	RN7SL2
41	1	0.3240223463687151	3.086206896551724	0.5688572602943938	RN7SL2
42	0	0.30125148986889155	0.0	0.528880489592578	RN7SL2
43	0	0.13269529229177446	0.0	0.23296134131800353	RN7SL2
44	0	0.29404276985743383	0.0	0.5162247800037065	RN7SL2
45	1	0.28221512247071356	3.5433962264150938	0.4954600297834191	RN7SL2
46	1	0.29872256796593516	3.3475877192982453	0.524440685976141	RN7SL2
47	1	0.20344106021855385	4.915428571428571	0.35716340383394973	RN7SL2
48	0	0.25023756731073804	0.0	0.439319875799975	RN7SL2
49	0	0.13269529229177446	0.0	0.23296134131800353	RN7SL2
50	0	0.29404276985743383	0.0	0.5162247800037065	RN7SL2
51	0	0.341701011614837	0.0	0.59989412299931	RN7SL2
52	2	0.19121447028423771	10.45945945945946	0.3356982656089967	RN7SL2
53	1	0.23349728190525498	4.28270509977827	0.40993044325302036	RN7SL2
54	1	0.3240223463687151	3.086206896551724	0.5688572602943938	RN7SL2
55	1	0.30125148986889155	3.3194856577645893	0.528880489592578	RN7SL2
56	0	0.13269529229177446	0.0	0.23296134131800353	RN7SL2
57	0	0.29404276985743383	0.0	0.5162247800037065	RN7SL2
58	1	0.30125148986889155	3.3194856577645893	0.528880489592578	RN7SL2
59	1	0.20446096654275092	4.8909090909090915	0.3589539627995325	RN7SL2
60	1	0.20446096654275092	4.8909090909090915	0.3589539627995325	RN7SL2
61	2	0.5417335473515249	3.6918518518518515	0.9510734830778509	RN7SL2
62	2	0.5520473606314751	3.622877569258266	0.9691805291855414	RN7SL2
63	2	0.29872256796593516	6.695175438596491	0.524440685976141	RN7SL2
64	0	0.1796875	0.0	0.31546138747737323	RN7SL2
65	0	0.17947083200510044	0.0	0.31508100271887335	RN7SL2
66	0	0.25023756731073804	0.0	0.439319875799975	RN7SL2
67	0	0.13269529229177446	0.0	0.23296134131800353	RN7SL2
68	2	0.2987225679659351	6.695175438596492	0.5244406859761409	RN7SL2
69	2	0.2822151224707135	7.086792452830189	0.49546002978341896	RN7SL2
70	1	0.3240223463687151	3.086206896551724	0.5688572602943938	RN7SL2
71	1	0.23349728190525498	4.28270509977827	0.40993044325302036	RN7SL2
72	1	0.20344106021855385	4.915428571428571	0.35716340383394973	RN7SL2
73	0	0.29404276985743383	0.0	0.5162247800037065	RN7SL2
74	0	0.30125148986889155	0.0	0.528880489592578	RN7SL2
75	0	0.13269529229177446	0.0	0.23296134131800353	RN7SL2
76	0	0.30434782608695654	0.0	0.5343164521355888	RN7SL2
77	1	0.18991331757289204	5.265560165975104	0.33341394733621166	RN7SL2
78	0	0.13819875776397517	0.0	0.2426232869391194	RN7SL2
79	0	0.293631100082713	0.0	0.515502047936557	RN7SL2
80	0	0.20344106021855385	0.0	0.35716340383394973	RN7SL2
81	1	0.23349728190525498	4.28270509977827	0.40993044325302036	RN7SL2
82	0	0.3240223463687151	0.0	0.5688572602943938	RN7SL2
83	2	0.28221512247071356	7.0867924528301875	0.4954600297834191	RN7SL2
84	0	0.29872256796593516	0.0	0.524440685976141	RN7SL2
85	1	0.20344106021855385	4.915428571428571	0.35716340383394973	RN7SL2
86	1	0.27415730337078653	3.6475409836065573	0.4813136323250279	RN7SL2
87	2	0.21884984025559104	9.138686131386862	0.38421523064336827	RN7SL2
88	1	0.18642350557244175	5.364130434782608	0.3272871943027662	RN7SL2
89	0	0.30434782608695654	0.0	0.5343164521355888	RN7SL2
90	0	0.19121447028423771	0.0	0.3356982656089967	RN7SL2
91	1	0.2643004824259132	3.783572359843546	0.4640088870790549	RN7SL2
92	0	0.5520473606314751	0.0	0.9691805291855414	RN7SL2
93	1	0.5520473606314751	1.811438784629133	0.9691805291855414	RN7SL2
94	0	0.29872256796593516	0.0	0.524440685976141	RN7SL2
95	1	0.18642350557244175	5.364130434782608	0.3272871943027662	RN7SL2
96	0	0.2842572062084257	0.0	0.49904513486442725	RN7SL2
97	0	0.288630904723779	0.0	0.5067236489628542	RN7SL2
98	1	0.2643004824259132	3.783572359843546	0.4640088870790549	RN7SL2
99	2	0.2822151224707135	7.086792452830189	0.49546002978341896	RN7SL2
100	1	0.6113624937154348	1.6356907894736843	1.0733148411497624	RN7SL2
101	0	0.5417335473515249	0.0	0.9510734830778509	RN7SL2
102	0	0.20446096654275092	0.0	0.3589539627995325	RN7SL2
103	0	0.20446096654275092	0.0	0.3589539627995325	RN7SL2
104	1	0.5417335473515249	1.8459259259259257	0.9510734830778509	RN7SL2
105	1	0.6113624937154349	1.635690789473684	1.0733148411497626	RN7SL2
106	0	0.3240223463687151	0.0	0.5688572602943938	RN7SL2
107	0	0.341701011614837	0.0	0.59989412299931	RN7SL2
108	0	0.19121447028423771	0.0	0.3356982656089967	RN7SL2
109	0	0.27415730337078653	0.0	0.4813136323250279	RN7SL2
110	0	0.17209302325581394	0.0	0.302128439048097	RN7SL2
111	1	0.30125148986889155	3.3194856577645893	0.528880489592578	RN7SL2
112	1	0.6113624937154348	1.6356907894736843	1.0733148411497624	RN7SL2
113	3	0.5520473606314751	5.434316353887399	0.9691805291855414	RN7SL2
114	1	0.26430048242591314	3.7835723598435465	0.46400888707905485	RN7SL2
115	1	0.19121447028423771	5.22972972972973	0.3356982656089967	RN7SL2
116	0	0.30434782608695654	0.0	0.5343164521355888	RN7SL2
117	0	0.18642350557244175	0.0	0.3272871943027662	RN7SL2
118	1	0.18560057887120116	5.3879142300194935	0.32584245496939274	RN7SL2
119	0	0.1796875	0.0	0.31546138747737323	RN7SL2
120	1	0.30434782608695654	3.2857142857142856	0.5343164521355888	RN7SL2
121	1	0.18991331757289204	5.265560165975104	0.33341394733621166	RN7SL2
122	0	0.13819875776397517	0.0	0.2426232869391194	RN7SL2
123	1	0.5417335473515249	1.8459259259259257	0.9510734830778509	RN7SL2
124	1	0.6113624937154349	1.635690789473684	1.0733148411497626	RN7SL2
125	0	0.28221512247071356	0.0	0.4954600297834191	RN7SL2
126	1	0.26430048242591314	3.7835723598435465	0.46400888707905485	RN7SL2
127	0	0.28863090472377906	0.0	0.5067236489628542	RN7SL2
128	0	0.20446096654275092	0.0	0.3589539627995325	RN7SL2
129	0	0.25023756731073804	0.0	0.439319875799975	RN7SL2
130	1	0.17947083200510042	5.571936056838366	0.31508100271887324	RN7SL2
131	0	0.1982835158330867	0.0	0.3481087611469759	RN7SL2
132	1	0.2842572062084257	3.517940717628705	0.49904513486442725	RN7SL2
133	0	0.2842572062084257	0.0	0.49904513486442725	RN7SL2
134	0	0.288630904723779	0.0	0.5067236489628542	RN7SL2
135	1	0.23349728190525498	4.28270509977827	0.40993044325302036	RN7SL2
136	0	0.341701011614837	0.0	0.59989412299931	RN7SL2
137	0	0.19121447028423771	0.0	0.3356982656089967	RN7SL2
138	0	0.25023756731073804	0.0	0.439319875799975	RN7SL2
139	0	0.17209302325581396	0.0	0.302128439048097	RN7SL2
140	1	0.341701011614837	2.9265350877192984	0.59989412299931	RN7SL2
141	1	0.29404276985743383	3.400865800865801	0.5162247800037065	RN7SL2
142	0	0.13269529229177443	0.0	0.2329613413180035	RN7SL2
143	2	0.30125148986889155	6.6389713155291785	0.528880489592578	RN7SL2
144	0	0.3240223463687151	0.0	0.5688572602943938	RN7SL2
145	1	0.6113624937154348	1.6356907894736843	1.0733148411497624	RN7SL2
146	0	0.6113624937154349	0.0	1.0733148411497626	RN7SL2
147	2	0.3240223463687151	6.172413793103448	0.5688572602943938	RN7SL2
148	1	0.30125148986889155	3.3194856577645893	0.528880489592578	RN7SL2
149	0	0.13269529229177446	0.0	0.23296134131800353	RN7SL2
150	0	0.2987225679659351	0.0	0.5244406859761409	RN7SL2
151	1	0.5520473606314751	1.811438784629133	0.9691805291855414	RN7SL2
152	0	0.6113624937154349	0.0	1.0733148411497626	RN7SL2
153	0	0.3240223463687151	0.0	0.5688572602943938	RN7SL2
154	0	0.3240223463687151	0.0	0.5688572602943938	RN7SL2
155	0	0.3240223463687151	0.0	0.5688572602943938	RN7SL2
156	0	0.30125148986889155	0.0	0.528880489592578	RN7SL2
157	0	0.17209302325581396	0.0	0.302128439048097	RN7SL2
158	1	0.341701011614837	2.9265350877192984	0.59989412299931	RN7SL2
159	1	0.23349728190525498	4.28270509977827	0.40993044325302036	RN7SL2
160	0	0.19121447028423771	0.0	0.3356982656089967	RN7SL2
161	1	0.341701011614837	2.9265350877192984	0.59989412299931	RN7SL2
162	1	0.23349728190525498	4.28270509977827	0.40993044325302036	RN7SL2
163	0	0.20344106021855385	0.0	0.35716340383394973	RN7SL2
164	1	0.29404276985743383	3.400865800865801	0.5162247800037065	RN7SL2
165	0	0.341701011614837	0.0	0.59989412299931	RN7SL2
166	0	0.18991331757289204	0.0	0.33341394733621166	RN7SL2
167	0	0.17947083200510044	0.0	0.31508100271887335	RN7SL2
168	1	0.2643004824259132	3.783572359843546	0.4640088870790549	RN7SL2
169	1	0.2822151224707135	3.5433962264150947	0.49546002978341896	RN7SL2
170	2	0.29404276985743383	6.801731601731602	0.5162247800037065	RN7SL2
171	0	0.18642350557244175	0.0	0.3272871943027662	RN7SL2
172	1	0.18560057887120116	5.3879142300194935	0.32584245496939274	RN7SL2
173	0	0.1796875	0.0	0.31546138747737323	RN7SL2
174	1	0.29404276985743383	3.400865800865801	0.5162247800037065	RN7SL2
175	0	0.30125148986889155	0.0	0.528880489592578	RN7SL2
176	0	0.13269529229177446	0.0	0.23296134131800353	RN7SL2
177	1	0.29404276985743383	3.400865800865801	0.5162247800037065	RN7SL2
178	1	0.3240223463687151	3.086206896551724	0.5688572602943938	RN7SL2
179	0	0.3240223463687151	0.0	0.5688572602943938	RN7SL2
180	0	0.341701011614837	0.0	0.59989412299931	RN7SL2
181	1	0.19121447028423771	5.22972972972973	0.3356982656089967	RN7SL2
182	1	0.25023756731073804	3.9962025316455696	0.439319875799975	RN7SL2
183	1	0.13819875776397517	7.235955056179774	0.2426232869391194	RN7SL2
184	0	0.18991331757289204	0.0	0.33341394733621166	RN7SL2
185	1	0.341701011614837	2.9265350877192984	0.59989412299931	RN7SL2
186	0	0.6113624937154348	0.0	1.0733148411497624	RN7SL2
187	1	0.6113624937154349	1.635690789473684	1.0733148411497626	RN7SL2
188	1	0.28221512247071356	3.5433962264150938	0.4954600297834191	RN7SL2
189	1	0.2822151224707135	3.5433962264150947	0.49546002978341896	RN7SL2
190	1	0.3240223463687151	3.086206896551724	0.5688572602943938	RN7SL2
191	0	0.23349728190525498	0.0	0.40993044325302036	RN7SL2
192	0	0.20344106021855385	0.0	0.35716340383394973	RN7SL2
193	0	0.29404276985743383	0.0	0.5162247800037065	RN7SL2
194	2	0.341701011614837	5.853070175438597	0.59989412299931	RN7SL2
195	0	0.17209302325581394	0.0	0.302128439048097	RN7SL2
196	0	0.5417335473515249	0.0	0.9510734830778509	RN7SL2
197	0	0.6113624937154349	0.0	1.0733148411497626	RN7SL2
198	0	0.30125148986889155	0.0	0.528880489592578	RN7SL2
199	0	0.13819875776397517	0.0	0.2426232869391194	RN7SL2
200	0	0.1395793499043977	0.0	0.2450470699633033	RN7SL2
201	0	0.18991331757289204	0.0	0.33341394733621166	RN7SL2
202	1	0.6291448516579407	1.5894590846047156	1.1045337479137955	RN7SL2
203	2	0.6113624937154349	3.271381578947368	1.0733148411497626	RN7SL2
204	0	0.30125148986889155	0.0	0.528880489592578	RN7SL2
205	0	0.13269529229177446	0.0	0.23296134131800353	RN7SL2
206	0	0.2987225679659351	0.0	0.5244406859761409	RN7SL2
207	0	0.26430048242591314	0.0	0.46400888707905485	RN7SL2
208	0	0.20344106021855385	0.0	0.35716340383394973	RN7SL2
209	0	0.29404276985743383	0.0	0.5162247800037065	RN7SL2
210	0	0.341701011614837	0.0	0.59989412299931	RN7SL2
211	1	0.17209302325581394	5.810810810810811	0.302128439048097	RN7SL2
212	2	0.25023756731073804	7.992405063291139	0.439319875799975	RN7SL2
213	0	0.17947083200510042	0.0	0.31508100271887324	RN7SL2
214	0	0.1395793499043977	0.0	0.2450470699633033	RN7SL2
215	0	0.1395793499043977	0.0	0.2450470699633033	RN7SL2
216	0	0.18991331757289204	0.0	0.33341394733621166	RN7SL2
217	1	0.30434782608695654	3.2857142857142856	0.5343164521355888	RN7SL2
218	0	0.13269529229177443	0.0	0.2329613413180035	RN7SL2
219	0	0.30125148986889155	0.0	0.528880489592578	RN7SL2
220	0	0.3240223463687151	0.0	0.5688572602943938	RN7SL2
221	0	0.6113624937154348	0.0	1.0733148411497624	RN7SL2
222	0	0.6291448516579405	0.0	1.1045337479137953	RN7SL2
223	0	0.19121447028423771	0.0	0.3356982656089967	RN7SL2
224	1	0.2643004824259132	3.783572359843546	0.4640088870790549	RN7SL2
225	0	0.29872256796593516	0.0	0.524440685976141	RN7SL2
226	0	0.20344106021855385	0.0	0.35716340383394973	RN7SL2
227	1	0.25023756731073804	3.9962025316455696	0.439319875799975	RN7SL2
228	0	0.20446096654275092	0.0	0.3589539627995325	RN7SL2
229	0	0.20446096654275092	0.0	0.3589539627995325	RN7SL2
230	1	0.25023756731073804	3.9962025316455696	0.439319875799975	RN7SL2
231	0	0.20344106021855385	0.0	0.35716340383394973	RN7SL2
232	1	0.30434782608695654	3.2857142857142856	0.5343164521355888	RN7SL2
233	1	0.21884984025559104	4.569343065693431	0.38421523064336827	RN7SL2
234	0	0.18642350557244175	0.0	0.3272871943027662	RN7SL2
235	0	0.30434782608695654	0.0	0.5343164521355888	RN7SL2
236	0	0.19121447028423771	0.0	0.3356982656089967	RN7SL2
237	0	0.23349728190525498	0.0	0.40993044325302036	RN7SL2
238	0	0.3240223463687151	0.0	0.5688572602943938	RN7SL2
239	0	0.30125148986889155	0.0	0.528880489592578	RN7SL2
240	0	0.20446096654275092	0.0	0.3589539627995325	RN7SL2
241	0	0.20446096654275092	0.0	0.3589539627995325	RN7SL2
242	1	0.5417335473515249	1.8459259259259257	0.9510734830778509	RN7SL2
243	0	0.5520473606314751	0.0	0.9691805291855414	RN7SL2
244	1	0.5520473606314751	1.811438784629133	0.9691805291855414	RN7SL2
245	1	0.5520473606314751	1.811438784629133	0.9691805291855414	RN7SL2
246	0	0.2822151224707135	0.0	0.49546002978341896	RN7SL2
247	0	0.29404276985743383	0.0	0.5162247800037065	RN7SL2
248	1	0.20344106021855385	4.915428571428571	0.35716340383394973	RN7SL2
249	1	0.27415730337078653	3.6475409836065573	0.4813136323250279	RN7SL2
250	0	0.19121447028423771	0.0	0.3356982656089967	RN7SL2
251	0	0.25023756731073804	0.0	0.439319875799975	RN7SL2
252	0	0.13819875776397517	0.0	0.2426232869391194	RN7SL2
253	1	0.1982835158330867	5.043283582089552	0.3481087611469759	RN7SL2
254	1	0.2842572062084257	3.517940717628705	0.49904513486442725	RN7SL2
255	0	0.18642350557244175	0.0	0.3272871943027662	RN7SL2
256	0	0.2987225679659351	0.0	0.5244406859761409	RN7SL2
257	0	0.2822151224707135	0.0	0.49546002978341896	RN7SL2
258	1	0.23349728190525498	4.28270509977827	0.40993044325302036	RN7SL2
259	0	0.19121447028423771	0.0	0.3356982656089967	RN7SL2
260	1	0.30434782608695654	3.2857142857142856	0.5343164521355888	RN7SL2
261	1	0.20344106021855385	4.915428571428571	0.35716340383394973	RN7SL2
262	0	0.2643004824259132	0.0	0.4640088870790549	RN7SL2
263	1	0.26430048242591314	3.7835723598435465	0.46400888707905485	RN7SL2
264	0	0.19121447028423771	0.0	0.3356982656089967	RN7SL2
265	1	0.30434782608695654	3.2857142857142856	0.5343164521355888	RN7SL2
266	0	0.13269529229177443	0.0	0.2329613413180035	RN7SL2
267	1	0.30125148986889155	3.3194856577645893	0.528880489592578	RN7SL2
268	0	0.23349728190525498	0.0	0.40993044325302036	RN7SL2
269	0	0.20344106021855385	0.0	0.35716340383394973	RN7SL2
270	0	0.2987225679659351	0.0	0.5244406859761409	RN7SL2
271	0	0.2822151224707135	0.0	0.49546002978341896	RN7SL2
272	1	0.29404276985743383	3.400865800865801	0.5162247800037065	RN7SL2
273	0	0.20344106021855385	0.0	0.35716340383394973	RN7SL2
274	0	0.25023756731073804	0.0	0.439319875799975	RN7SL2
275	2	0.13269529229177446	15.072124756335281	0.23296134131800353	RN7SL2
276	0	0.2987225679659351	0.0	0.5244406859761409	RN7SL2
277	1	0.26430048242591314	3.7835723598435465	0.46400888707905485	RN7SL2
278	0	0.17947083200510042	0.0	0.31508100271887324	RN7SL2
279	0	0.18991331757289204	0.0	0.33341394733621166	RN7SL2
280	0	0.27415730337078653	0.0	0.4813136323250279	RN7SL2
281	0	0.28863090472377906	0.0	0.5067236489628542	RN7SL2
282	1	0.2842572062084257	3.517940717628705	0.49904513486442725	RN7SL2
283	0	0.18642350557244175	0.0	0.3272871943027662	RN7SL2
284	2	0.2987225679659351	6.695175438596492	0.5244406859761409	RN7SL2
285	0	0.5520473606314751	0.0	0.9691805291855414	RN7SL2
286	1	0.5417335473515249	1.8459259259259257	0.9510734830778509	RN7SL2
287	0	0.13269529229177446	0.0	0.23296134131800353	RN7SL2
288	1	0.293631100082713	3.4056338028169013	0.515502047936557	RN7SL2
289	0	0.17209302325581396	0.0	0.302128439048097	RN7SL2
290	1	0.341701011614837	2.9265350877192984	0.59989412299931	RN7SL2
291	1	0.3240223463687151	3.086206896551724	0.5688572602943938	RN7SL2
292	1	0.3240223463687151	3.086206896551724	0.5688572602943938	RN7SL2
293	1	0.6113624937154348	1.6356907894736843	1.0733148411497624	RN7SL2
294	1	0.6291448516579405	1.589459084604716	1.1045337479137953	RN7SL2
295	1	0.17209302325581394	5.810810810810811	0.302128439048097	RN7SL2
296	0	0.293631100082713	0.0	0.515502047936557	RN7SL2
297	1	0.13269529229177443	7.536062378167642	0.2329613413180035	RN7SL2
298	0	0.293631100082713	0.0	0.515502047936557	RN7SL2
299	0	0.1796875	0.0	0.31546138747737323	RN7SL2
300	0	0.13957934990439771	0.0	0.24504706996330333	RN7SL2
1	1	0.2842572062084257	3.517940717628705	1.604325820722727	RNU5A-1
2	1	0.2842572062084257	3.517940717628705	1.604325820722727	RNU5A-1
3	1	0.21884984025559104	4.569343065693431	1.2351716752103983	RNU5A-1
4	2	0.30434782608695654	6.571428571428571	1.7177157349323915	RNU5A-1
5	1	0.13269529229177446	7.536062378167641	0.7489220292833969	RNU5A-1
6	2	0.293631100082713	6.811267605633803	1.6572313571692041	RNU5A-1
7	2	0.20344106021855385	9.830857142857141	1.148205705168711	RNU5A-1
8	1	0.23349728190525498	4.28270509977827	1.3178407099185456	RNU5A-1
9	1	0.341701011614837	2.9265350877192984	1.9285342426773988	RNU5A-1
10	1	0.18991331757289204	5.265560165975104	1.0718561655668406	RNU5A-1
11	0	0.1395793499043977	0.0	0.7877751212650873	RNU5A-1
12	0	0.13819875776397517	0.0	0.7799831653519533	RNU5A-1
13	2	0.293631100082713	6.811267605633803	1.6572313571692041	RNU5A-1
14	2	0.13269529229177446	15.072124756335281	0.7489220292833969	RNU5A-1
15	1	0.293631100082713	3.4056338028169013	1.6572313571692041	RNU5A-1
16	1	0.1796875	5.565217391304348	1.0141424372536105	RNU5A-1
17	0	0.13819875776397517	0.0	0.7799831653519533	RNU5A-1
18	2	0.25023756731073804	7.992405063291139	1.4123215939056768	RNU5A-1
19	2	0.20344106021855385	9.830857142857141	1.148205705168711	RNU5A-1
20	2	0.293631100082713	6.811267605633803	1.6572313571692041	RNU5A-1
21	1	0.20446096654275092	4.8909090909090915	1.153961978061325	RNU5A-1
22	2	0.20446096654275092	9.781818181818183	1.153961978061325	RNU5A-1
23	2	0.5417335473515249	3.6918518518518515	3.057502497686927	RNU5A-1
24	1	0.5520473606314751	1.811438784629133	3.1157128670064806	RNU5A-1
25	1	0.2643004824259132	3.783572359843546	1.4916916057862715	RNU5A-1
26	1	0.288630904723779	3.4646324549237173	1.6290106389330803	RNU5A-1
27	2	0.2842572062084257	7.03588143525741	1.604325820722727	RNU5A-1
28	1	0.18560057887120118	5.387914230019493	1.04751539985876	RNU5A-1
29	1	0.13957934990439771	7.164383561643835	0.7877751212650875	RNU5A-1
30	3	0.1982835158330867	15.129850746268657	1.119096921122401	RNU5A-1
31	1	0.20446096654275092	4.8909090909090915	1.153961978061325	RNU5A-1
32	3	0.293631100082713	10.216901408450704	1.6572313571692041	RNU5A-1
33	1	0.1796875	5.565217391304348	1.0141424372536105	RNU5A-1
34	1	0.1395793499043977	7.164383561643836	0.7877751212650873	RNU5A-1
35	1	0.13819875776397517	7.235955056179774	0.7799831653519533	RNU5A-1
36	1	0.5417335473515249	1.8459259259259257	3.057502497686927	RNU5A-1
37	0	0.5520473606314751	0.0	3.1157128670064806	RNU5A-1
38	1	0.28221512247071356	3.5433962264150938	1.592800457083969	RNU5A-1
39	1	0.29404276985743383	3.400865800865801	1.6595547897322878	RNU5A-1
40	0	0.1796875	0.0	1.0141424372536105	RNU5A-1
41	0	0.1395793499043977	0.0	0.7877751212650873	RNU5A-1
42	0	0.1395793499043977	0.0	0.7877751212650873	RNU5A-1
43	0	0.18560057887120116	0.0	1.0475153998587599	RNU5A-1
44	0	0.21884984025559104	0.0	1.2351716752103983	RNU5A-1
45	2	0.30434782608695654	6.571428571428571	1.7177157349323915	RNU5A-1
46	2	0.18642350557244175	10.728260869565217	1.0521599349014157	RNU5A-1
47	1	0.18560057887120118	5.387914230019493	1.04751539985876	RNU5A-1
48	1	0.13957934990439771	7.164383561643835	0.7877751212650875	RNU5A-1
49	1	0.1796875	5.565217391304348	1.0141424372536105	RNU5A-1
50	1	0.293631100082713	3.4056338028169013	1.6572313571692041	RNU5A-1
51	2	0.20446096654275092	9.781818181818183	1.153961978061325	RNU5A-1
52	2	0.1982835158330867	10.086567164179105	1.119096921122401	RNU5A-1
53	2	0.1395793499043977	14.328767123287673	0.7877751212650873	RNU5A-1
54	1	0.13819875776397517	7.235955056179774	0.7799831653519533	RNU5A-1
55	1	0.30125148986889155	3.3194856577645893	1.7002402513358972	RNU5A-1
56	1	0.6113624937154349	1.635690789473684	3.4504829185225256	RNU5A-1
57	1	0.6291448516579407	1.5894590846047156	3.550845179803521	RNU5A-1
58	2	0.19121447028423771	10.45945945945946	1.0791997714488482	RNU5A-1
59	3	0.23349728190525498	12.848115299334811	1.3178407099185456	RNU5A-1
60	1	0.30125148986889155	3.3194856577645893	1.7002402513358972	RNU5A-1
61	1	0.13269529229177443	7.536062378167642	0.7489220292833967	RNU5A-1
62	1	0.293631100082713	3.4056338028169013	1.6572313571692041	RNU5A-1
63	2	0.13269529229177443	15.072124756335285	0.7489220292833967	RNU5A-1
64	1	0.29404276985743383	3.400865800865801	1.6595547897322878	RNU5A-1
65	3	0.30125148986889155	9.958456973293767	1.7002402513358972	RNU5A-1
66	1	0.13819875776397517	7.235955056179774	0.7799831653519533	RNU5A-1
67	2	0.18991331757289204	10.531120331950207	1.0718561655668406	RNU5A-1
68	3	0.27415730337078653	10.942622950819672	1.5473227454960803	RNU5A-1
69	1	0.17947083200510044	5.571936056838365	1.012919579745869	RNU5A-1
70	0	0.18991331757289204	0.0	1.0718561655668406	RNU5A-1
71	2	0.30434782608695654	6.571428571428571	1.7177157349323915	RNU5A-1
72	1	0.13269529229177446	7.536062378167641	0.7489220292833969	RNU5A-1
73	2	0.293631100082713	6.811267605633803	1.6572313571692041	RNU5A-1
74	2	0.20344106021855385	9.830857142857141	1.148205705168711	RNU5A-1
75	2	0.25023756731073804	7.992405063291139	1.4123215939056768	RNU5A-1
76	2	0.13269529229177443	15.072124756335285	0.7489220292833967	RNU5A-1
77	1	0.30434782608695654	3.2857142857142856	1.7177157349323915	RNU5A-1
78	3	0.17209302325581396	17.43243243243243	0.9712797943039636	RNU5A-1
79	3	0.293631100082713	10.216901408450704	1.6572313571692041	RNU5A-1
80	1	0.1796875	5.565217391304348	1.0141424372536105	RNU5A-1
81	1	0.18560057887120116	5.3879142300194935	1.0475153998587599	RNU5A-1
82	1	0.18560057887120118	5.387914230019493	1.04751539985876	RNU5A-1
83	1	0.18991331757289204	5.265560165975104	1.0718561655668406	RNU5A-1
84	2	0.341701011614837	5.853070175438597	1.9285342426773988	RNU5A-1
85	3	0.3240223463687151	9.258620689655173	1.828757215003839	RNU5A-1
86	3	0.23349728190525498	12.848115299334811	1.3178407099185456	RNU5A-1
87	3	0.17947083200510044	16.715808170515096	1.012919579745869	RNU5A-1
88	2	0.1982835158330867	10.086567164179105	1.119096921122401	RNU5A-1
89	2	0.1982835158330867	10.086567164179105	1.119096921122401	RNU5A-1
90	1	0.1395793499043977	7.164383561643836	0.7877751212650873	RNU5A-1
91	1	0.1395793499043977	7.164383561643836	0.7877751212650873	RNU5A-1
92	0	0.1395793499043977	0.0	0.7877751212650873	RNU5A-1
93	0	0.1395793499043977	0.0	0.7877751212650873	RNU5A-1
94	0	0.17947083200510042	0.0	1.012919579745869	RNU5A-1
95	0	0.25023756731073804	0.0	1.4123215939056768	RNU5A-1
96	1	0.13269529229177443	7.536062378167642	0.7489220292833967	RNU5A-1
97	1	0.29404276985743383	3.400865800865801	1.6595547897322878	RNU5A-1
98	2	0.2822151224707135	7.086792452830189	1.5928004570839684	RNU5A-1
99	3	0.28221512247071356	10.63018867924528	1.592800457083969	RNU5A-1
100	2	0.29404276985743383	6.801731601731602	1.6595547897322878	RNU5A-1
101	0	0.1796875	0.0	1.0141424372536105	RNU5A-1
102	0	0.17947083200510042	0.0	1.012919579745869	RNU5A-1
103	2	0.26430048242591314	7.567144719687093	1.4916916057862712	RNU5A-1
104	2	0.2987225679659351	6.695175438596492	1.685967210516206	RNU5A-1
105	0	0.1796875	0.0	1.0141424372536105	RNU5A-1
106	2	0.1395793499043977	14.328767123287673	0.7877751212650873	RNU5A-1
107	0	0.17947083200510042	0.0	1.012919579745869	RNU5A-1
108	2	0.23349728190525498	8.56541019955654	1.3178407099185456	RNU5A-1
109	1	0.2822151224707135	3.5433962264150947	1.5928004570839684	RNU5A-1
110	1	0.2643004824259132	3.783572359843546	1.4916916057862715	RNU5A-1
111	1	0.17947083200510044	5.571936056838365	1.012919579745869	RNU5A-1
112	0	0.1796875	0.0	1.0141424372536105	RNU5A-1
113	2	0.29404276985743383	6.801731601731602	1.6595547897322878	RNU5A-1
114	2	0.2822151224707135	7.086792452830189	1.5928004570839684	RNU5A-1
115	3	0.2987225679659351	10.042763157894738	1.685967210516206	RNU5A-1
116	0	0.18642350557244175	0.0	1.0521599349014157	RNU5A-1
1	3	0.288630904723779	10.393897364771153	2.0177889708085424	RNU5B-1
2	1	0.2842572062084257	3.517940717628705	1.9872128942987612	RNU5B-1
3	3	0.21884984025559104	13.708029197080293	1.529956725713586	RNU5B-1
4	3	0.30434782608695654	9.857142857142856	2.127664351658818	RNU5B-1
5	2	0.13269529229177446	15.072124756335281	0.9276591414242256	RNU5B-1
6	2	0.293631100082713	6.811267605633803	2.05274482232001	RNU5B-1
7	1	0.20344106021855385	4.915428571428571	1.4222355291837019	RNU5B-1
8	1	0.23349728190525498	4.28270509977827	1.6323554838768473	RNU5B-1
9	3	0.341701011614837	8.779605263157896	2.3887966301126884	RNU5B-1
10	1	0.18991331757289204	5.265560165975104	1.3276644716024795	RNU5B-1
11	0	0.1395793499043977	0.0	0.9757848802062699	RNU5B-1
12	1	0.13819875776397517	7.235955056179774	0.9661333025389529	RNU5B-1
13	2	0.293631100082713	6.811267605633803	2.05274482232001	RNU5B-1
14	1	0.13269529229177446	7.536062378167641	0.9276591414242256	RNU5B-1
15	2	0.293631100082713	6.811267605633803	2.05274482232001	RNU5B-1
16	1	0.1796875	5.565217391304348	1.2561768326199938	RNU5B-1
17	0	0.13819875776397517	0.0	0.9661333025389529	RNU5B-1
18	2	0.25023756731073804	7.992405063291139	1.7493850974994667	RNU5B-1
19	1	0.20344106021855385	4.915428571428571	1.4222355291837019	RNU5B-1
20	3	0.293631100082713	10.216901408450704	2.05274482232001	RNU5B-1
21	3	0.20446096654275092	14.672727272727274	1.4293655894043569	RNU5B-1
22	2	0.20446096654275092	9.781818181818183	1.4293655894043569	RNU5B-1
23	2	0.5417335473515249	3.6918518518518515	3.7872035151918304	RNU5B-1
24	2	0.6291448516579407	3.1789181692094313	4.398286953821762	RNU5B-1
25	2	0.21884984025559104	9.138686131386862	1.529956725713586	RNU5B-1
26	3	0.2842572062084257	10.553822152886116	1.9872128942987612	RNU5B-1
27	2	0.2842572062084257	7.03588143525741	1.9872128942987612	RNU5B-1
28	1	0.18560057887120118	5.387914230019493	1.297514558880628	RNU5B-1
29	2	0.13957934990439771	14.32876712328767	0.9757848802062702	RNU5B-1
30	1	0.1982835158330867	5.043283582089552	1.3861796668102304	RNU5B-1
31	2	0.20446096654275092	9.781818181818183	1.4293655894043569	RNU5B-1
32	3	0.293631100082713	10.216901408450704	2.05274482232001	RNU5B-1
33	0	0.1796875	0.0	1.2561768326199938	RNU5B-1
34	1	0.1395793499043977	7.164383561643836	0.9757848802062699	RNU5B-1
35	0	0.13819875776397517	0.0	0.9661333025389529	RNU5B-1
36	1	0.5417335473515249	1.8459259259259257	3.7872035151918304	RNU5B-1
37	0	0.5520473606314751	0.0	3.859306323112481	RNU5B-1
38	1	0.28221512247071356	3.5433962264150938	1.9729368969055978	RNU5B-1
39	1	0.29404276985743383	3.400865800865801	2.055622763377091	RNU5B-1
40	0	0.1796875	0.0	1.2561768326199938	RNU5B-1
41	0	0.1395793499043977	0.0	0.9757848802062699	RNU5B-1
42	0	0.1395793499043977	0.0	0.9757848802062699	RNU5B-1
43	0	0.18560057887120116	0.0	1.2975145588806278	RNU5B-1
44	0	0.21884984025559104	0.0	1.529956725713586	RNU5B-1
45	3	0.30434782608695654	9.857142857142856	2.127664351658818	RNU5B-1
46	0	0.18642350557244175	0.0	1.3032675548154748	RNU5B-1
47	1	0.18560057887120118	5.387914230019493	1.297514558880628	RNU5B-1
48	2	0.13957934990439771	14.32876712328767	0.9757848802062702	RNU5B-1
49	2	0.1796875	11.130434782608695	1.2561768326199938	RNU5B-1
50	2	0.293631100082713	6.811267605633803	2.05274482232001	RNU5B-1
51	1	0.20446096654275092	4.8909090909090915	1.4293655894043569	RNU5B-1
52	1	0.1982835158330867	5.043283582089552	1.3861796668102304	RNU5B-1
53	2	0.1395793499043977	14.328767123287673	0.9757848802062699	RNU5B-1
54	1	0.13819875776397517	7.235955056179774	0.9661333025389529	RNU5B-1
55	2	0.30125148986889155	6.6389713155291785	2.106018183599629	RNU5B-1
56	2	0.6113624937154349	3.271381578947368	4.273972318264298	RNU5B-1
57	3	0.6291448516579407	4.768377253814147	4.398286953821762	RNU5B-1
58	3	0.19121447028423771	15.68918918918919	1.3367606963910326	RNU5B-1
59	1	0.23349728190525498	4.28270509977827	1.6323554838768473	RNU5B-1
60	1	0.30125148986889155	3.3194856577645893	2.106018183599629	RNU5B-1
61	1	0.13269529229177443	7.536062378167642	0.9276591414242253	RNU5B-1
62	2	0.293631100082713	6.811267605633803	2.05274482232001	RNU5B-1
63	1	0.13269529229177443	7.536062378167642	0.9276591414242253	RNU5B-1
64	2	0.29404276985743383	6.801731601731602	2.055622763377091	RNU5B-1
65	2	0.30125148986889155	6.6389713155291785	2.106018183599629	RNU5B-1
66	2	0.13819875776397517	14.471910112359549	0.9661333025389529	RNU5B-1
67	2	0.18991331757289204	10.531120331950207	1.3276644716024795	RNU5B-1
68	2	0.27415730337078653	7.295081967213115	1.916605512280784	RNU5B-1
69	2	0.17947083200510044	11.14387211367673	1.2546621289507733	RNU5B-1
70	2	0.18991331757289204	10.531120331950207	1.3276644716024795	RNU5B-1
71	2	0.30434782608695654	6.571428571428571	2.127664351658818	RNU5B-1
72	1	0.13269529229177446	7.536062378167641	0.9276591414242256	RNU5B-1
73	2	0.293631100082713	6.811267605633803	2.05274482232001	RNU5B-1
74	0	0.20344106021855385	0.0	1.4222355291837019	RNU5B-1
75	2	0.25023756731073804	7.992405063291139	1.7493850974994667	RNU5B-1
76	1	0.13269529229177443	7.536062378167642	0.9276591414242253	RNU5B-1
77	3	0.30434782608695654	9.857142857142856	2.127664351658818	RNU5B-1
78	0	0.17209302325581396	0.0	1.2030846267519293	RNU5B-1
79	2	0.293631100082713	6.811267605633803	2.05274482232001	RNU5B-1
80	0	0.1796875	0.0	1.2561768326199938	RNU5B-1
81	1	0.18560057887120116	5.3879142300194935	1.2975145588806278	RNU5B-1
82	2	0.18560057887120118	10.775828460038985	1.297514558880628	RNU5B-1
83	1	0.1796875	5.565217391304348	1.2561768326199938	RNU5B-1
84	3	0.29872256796593516	10.042763157894736	2.088338750661895	RNU5B-1
85	3	0.2987225679659351	10.042763157894738	2.0883387506618947	RNU5B-1
86	2	0.18642350557244175	10.728260869565217	1.3032675548154748	RNU5B-1
87	3	0.18560057887120118	16.163742690058477	1.297514558880628	RNU5B-1
88	3	0.1982835158330867	15.129850746268657	1.3861796668102304	RNU5B-1
89	2	0.1982835158330867	10.086567164179105	1.3861796668102304	RNU5B-1
90	2	0.1395793499043977	14.328767123287673	0.9757848802062699	RNU5B-1
91	2	0.1395793499043977	14.328767123287673	0.9757848802062699	RNU5B-1
92	2	0.1395793499043977	14.328767123287673	0.9757848802062699	RNU5B-1
93	0	0.1395793499043977	0.0	0.9757848802062699	RNU5B-1
94	2	0.17947083200510042	11.143872113676732	1.2546621289507731	RNU5B-1
95	2	0.25023756731073804	7.992405063291139	1.7493850974994667	RNU5B-1
96	1	0.13269529229177443	7.536062378167642	0.9276591414242253	RNU5B-1
97	2	0.29404276985743383	6.801731601731602	2.055622763377091	RNU5B-1
98	2	0.2822151224707135	7.086792452830189	1.9729368969055976	RNU5B-1
99	3	0.28221512247071356	10.63018867924528	1.9729368969055978	RNU5B-1
100	1	0.29404276985743383	3.400865800865801	2.055622763377091	RNU5B-1
101	3	0.1796875	16.695652173913043	1.2561768326199938	RNU5B-1
102	2	0.17947083200510042	11.143872113676732	1.2546621289507731	RNU5B-1
103	3	0.27415730337078653	10.942622950819672	1.916605512280784	RNU5B-1
104	3	0.18991331757289204	15.796680497925312	1.3276644716024795	RNU5B-1
105	3	0.13819875776397517	21.707865168539325	0.9661333025389529	RNU5B-1
106	2	0.30125148986889155	6.6389713155291785	2.106018183599629	RNU5B-1
107	2	0.6113624937154349	3.271381578947368	4.273972318264298	RNU5B-1
108	2	0.5417335473515249	3.6918518518518515	3.7872035151918304	RNU5B-1
109	3	0.17209302325581394	17.432432432432435	1.2030846267519293	RNU5B-1
110	1	0.27415730337078653	3.6475409836065573	1.916605512280784	RNU5B-1
111	3	0.17947083200510044	16.715808170515096	1.2546621289507733	RNU5B-1
112	1	0.1796875	5.565217391304348	1.2561768326199938	RNU5B-1
113	2	0.29404276985743383	6.801731601731602	2.055622763377091	RNU5B-1
114	2	0.2822151224707135	7.086792452830189	1.9729368969055976	RNU5B-1
115	3	0.2987225679659351	10.042763157894738	2.0883387506618947	RNU5B-1
116	2	0.18642350557244175	10.728260869565217	1.3032675548154748	RNU5B-1
1	1	0.6291448516579405	1.589459084604716	1.9940099303116816	RNU6-1
2	1	0.19121447028423771	5.22972972972973	0.6060346064364805	RNU6-1
3	3	0.2643004824259132	11.350717079530638	0.8376732085697381	RNU6-1
4	1	0.29872256796593516	3.3475877192982453	0.9467704700477033	RNU6-1
5	0	0.13269529229177443	0.0	0.4205640876471278	RNU6-1
6	2	0.5417335473515249	3.6918518518518515	1.7169687873234314	RNU6-1
7	2	0.5520473606314751	3.622877569258266	1.7496573582390247	RNU6-1
8	2	0.29872256796593516	6.695175438596491	0.9467704700477033	RNU6-1
9	1	0.1796875	5.565217391304348	0.569501059110126	RNU6-1
10	0	0.13819875776397517	0.0	0.438006755696905	RNU6-1
11	2	0.5417335473515249	3.6918518518518515	1.7169687873234314	RNU6-1
12	2	0.6113624937154349	3.271381578947368	1.937650574865519	RNU6-1
13	0	0.28221512247071356	0.0	0.8944518185403287	RNU6-1
14	2	0.26430048242591314	7.567144719687093	0.8376732085697379	RNU6-1
15	1	0.20344106021855385	4.915428571428571	0.6447855263218273	RNU6-1
16	0	0.2987225679659351	0.0	0.9467704700477031	RNU6-1
17	2	0.26430048242591314	7.567144719687093	0.8376732085697379	RNU6-1
18	0	0.19121447028423771	0.0	0.6060346064364805	RNU6-1
19	0	0.27415730337078653	0.0	0.8689133892587914	RNU6-1
20	1	0.28863090472377906	3.464632454923717	0.9147859808395468	RNU6-1
21	3	0.2842572062084257	10.553822152886116	0.9009239930177889	RNU6-1
22	1	0.2842572062084257	3.517940717628705	0.9009239930177889	RNU6-1
23	1	0.2842572062084257	3.517940717628705	0.9009239930177889	RNU6-1
24	0	0.21884984025559104	0.0	0.6936220706039151	RNU6-1
25	0	0.30434782608695654	0.0	0.9645991473774537	RNU6-1
26	0	0.18642350557244175	0.0	0.590850136300678	RNU6-1
27	0	0.18560057887120116	0.0	0.5882419547191738	RNU6-1
28	0	0.1395793499043977	0.0	0.442382400559067	RNU6-1
29	0	0.1395793499043977	0.0	0.442382400559067	RNU6-1
30	0	0.1982835158330867	0.0	0.6284392195952547	RNU6-1
31	1	0.1982835158330867	5.043283582089552	0.6284392195952547	RNU6-1
32	0	0.17947083200510044	0.0	0.5688143521740812	RNU6-1
33	1	0.23349728190525498	4.28270509977827	0.740045631133932	RNU6-1
34	0	0.30125148986889155	0.0	0.9547856280422241	RNU6-1
35	0	0.13819875776397517	0.0	0.438006755696905	RNU6-1
36	0	0.18991331757289204	0.0	0.6019107366782872	RNU6-1
37	1	0.6291448516579407	1.5894590846047156	1.994009930311682	RNU6-1
38	1	0.5417335473515249	1.8459259259259257	1.7169687873234314	RNU6-1
39	1	0.20446096654275092	4.8909090909090915	0.6480180145684964	RNU6-1
40	1	0.2842572062084257	3.517940717628705	0.9009239930177889	RNU6-1
41	0	0.21884984025559104	0.0	0.6936220706039151	RNU6-1
42	0	0.27415730337078653	0.0	0.8689133892587914	RNU6-1
43	0	0.20344106021855385	0.0	0.6447855263218273	RNU6-1
44	1	0.293631100082713	3.4056338028169013	0.9306335860022342	RNU6-1
45	0	0.13269529229177446	0.0	0.42056408764712794	RNU6-1
46	0	0.293631100082713	0.0	0.9306335860022342	RNU6-1
47	1	0.13819875776397517	7.235955056179774	0.438006755696905	RNU6-1
48	0	0.1796875	0.0	0.569501059110126	RNU6-1
49	1	0.293631100082713	3.4056338028169013	0.9306335860022342	RNU6-1
50	0	0.20446096654275092	0.0	0.6480180145684964	RNU6-1
51	1	0.1982835158330867	5.043283582089552	0.6284392195952547	RNU6-1
52	1	0.18560057887120118	5.387914230019493	0.588241954719174	RNU6-1
53	0	0.18642350557244175	0.0	0.590850136300678	RNU6-1
54	1	0.2987225679659351	3.347587719298246	0.9467704700477031	RNU6-1
55	1	0.26430048242591314	3.7835723598435465	0.8376732085697379	RNU6-1
56	1	0.28863090472377906	3.464632454923717	0.9147859808395468	RNU6-1
57	2	0.288630904723779	6.929264909847435	0.9147859808395465	RNU6-1
58	1	0.23349728190525498	4.28270509977827	0.740045631133932	RNU6-1
59	0	0.28221512247071356	0.0	0.8944518185403287	RNU6-1
60	2	0.2822151224707135	7.086792452830189	0.8944518185403284	RNU6-1
61	2	0.3240223463687151	6.172413793103448	1.0269555168408007	RNU6-1
62	3	0.3240223463687151	9.258620689655173	1.0269555168408007	RNU6-1
63	1	0.29404276985743383	3.400865800865801	0.9319383310329523	RNU6-1
64	1	0.20344106021855385	4.915428571428571	0.6447855263218273	RNU6-1
65	2	0.2643004824259132	7.567144719687092	0.8376732085697381	RNU6-1
66	0	0.5520473606314751	0.0	1.7496573582390247	RNU6-1
67	0	0.5520473606314751	0.0	1.7496573582390247	RNU6-1
68	1	0.26430048242591314	3.7835723598435465	0.8376732085697379	RNU6-1
69	1	0.17947083200510042	5.571936056838366	0.568814352174081	RNU6-1
70	1	0.1796875	5.565217391304348	0.569501059110126	RNU6-1
71	1	0.29404276985743383	3.400865800865801	0.9319383310329523	RNU6-1
72	1	0.30125148986889155	3.3194856577645893	0.9547856280422241	RNU6-1
73	1	0.20446096654275092	4.8909090909090915	0.6480180145684964	RNU6-1
74	1	0.288630904723779	3.4646324549237173	0.9147859808395465	RNU6-1
75	1	0.25023756731073804	3.9962025316455696	0.7931022448005942	RNU6-1
76	0	0.17209302325581396	0.0	0.5454311457928326	RNU6-1
77	1	0.27415730337078653	3.6475409836065573	0.8689133892587914	RNU6-1
78	1	0.19121447028423771	5.22972972972973	0.6060346064364805	RNU6-1
79	0	0.6291448516579407	0.0	1.994009930311682	RNU6-1
80	1	0.5520473606314751	1.811438784629133	1.7496573582390247	RNU6-1
81	1	0.26430048242591314	3.7835723598435465	0.8376732085697379	RNU6-1
82	1	0.17947083200510042	5.571936056838366	0.568814352174081	RNU6-1
83	1	0.1395793499043977	7.164383561643836	0.442382400559067	RNU6-1
84	1	0.1982835158330867	5.043283582089552	0.6284392195952547	RNU6-1
85	0	0.1982835158330867	0.0	0.6284392195952547	RNU6-1
86	0	0.13819875776397517	0.0	0.438006755696905	RNU6-1
87	0	0.5417335473515249	0.0	1.7169687873234314	RNU6-1
88	0	0.6291448516579405	0.0	1.9940099303116816	RNU6-1
89	0	0.19121447028423771	0.0	0.6060346064364805	RNU6-1
90	1	0.25023756731073804	3.9962025316455696	0.7931022448005942	RNU6-1
91	0	0.13819875776397517	0.0	0.438006755696905	RNU6-1
92	1	0.1796875	5.565217391304348	0.569501059110126	RNU6-1
93	0	0.2987225679659351	0.0	0.9467704700477031	RNU6-1
94	1	0.5520473606314751	1.811438784629133	1.7496573582390247	RNU6-1
95	1	0.6291448516579405	1.589459084604716	1.9940099303116816	RNU6-1
96	3	0.18991331757289204	15.796680497925312	0.6019107366782872	RNU6-1
97	2	0.13819875776397517	14.471910112359549	0.438006755696905	RNU6-1
98	2	0.30125148986889155	6.6389713155291785	0.9547856280422241	RNU6-1
99	2	0.23349728190525498	8.56541019955654	0.740045631133932	RNU6-1
100	2	0.28863090472377906	6.929264909847434	0.9147859808395468	RNU6-1
101	1	0.2842572062084257	3.517940717628705	0.9009239930177889	RNU6-1
102	2	0.2842572062084257	7.03588143525741	0.9009239930177889	RNU6-1
103	1	0.1982835158330867	5.043283582089552	0.6284392195952547	RNU6-1
104	1	0.13957934990439771	7.164383561643835	0.4423824005590671	RNU6-1
105	1	0.13957934990439771	7.164383561643835	0.4423824005590671	RNU6-1
106	1	0.13957934990439771	7.164383561643835	0.4423824005590671	RNU6-1
107	1	0.18560057887120118	5.387914230019493	0.588241954719174	RNU6-1
1	2	0.6291448516579407	3.1789181692094313	3.186875806713651	RNU6-9
2	1	0.19121447028423771	5.22972972972973	0.9685794418194097	RNU6-9
3	3	0.26430048242591314	11.35071707953064	1.3387899637519958	RNU6-9
4	2	0.2987225679659351	6.695175438596492	1.513151895404209	RNU6-9
5	1	0.13269529229177446	7.536062378167641	0.6721558883539425	RNU6-9
6	2	0.5417335473515249	3.6918518518518515	2.744101825184106	RNU6-9
7	3	0.5520473606314751	5.434316353887399	2.7963455047282024	RNU6-9
8	1	0.2987225679659351	3.347587719298246	1.513151895404209	RNU6-9
9	1	0.1796875	5.565217391304348	0.9101906262283115	RNU6-9
10	1	0.13819875776397517	7.235955056179774	0.7000331902506701	RNU6-9
11	2	0.5417335473515249	3.6918518518518515	2.744101825184106	RNU6-9
12	2	0.6113624937154348	3.2713815789473686	3.0968008960409255	RNU6-9
13	1	0.2822151224707135	3.5433962264150947	1.4295349373368673	RNU6-9
14	1	0.2643004824259132	3.783572359843546	1.338789963751996	RNU6-9
15	1	0.20344106021855385	4.915428571428571	1.0305121168744467	RNU6-9
16	2	0.29872256796593516	6.695175438596491	1.5131518954042091	RNU6-9
17	2	0.2643004824259132	7.567144719687092	1.338789963751996	RNU6-9
18	1	0.19121447028423771	5.22972972972973	0.9685794418194097	RNU6-9
19	1	0.27415730337078653	3.6475409836065573	1.388718790345023	RNU6-9
20	1	0.288630904723779	3.4646324549237173	1.4620334965948134	RNU6-9
21	1	0.2842572062084257	3.517940717628705	1.4398789260730838	RNU6-9
22	0	0.2842572062084257	0.0	1.4398789260730838	RNU6-9
23	2	0.2842572062084257	7.03588143525741	1.4398789260730838	RNU6-9
24	1	0.21884984025559104	4.569343065693431	1.1085638853687785	RNU6-9
25	2	0.30434782608695654	6.571428571428571	1.5416461268441723	RNU6-9
26	0	0.18642350557244175	0.0	0.9443112474749656	RNU6-9
27	0	0.18560057887120118	0.0	0.9401427874009919	RNU6-9
28	0	0.13957934990439771	0.0	0.707026453693353	RNU6-9
29	1	0.13957934990439771	7.164383561643835	0.707026453693353	RNU6-9
30	1	0.1982835158330867	5.043283582089552	1.0043870466608336	RNU6-9
31	0	0.1982835158330867	0.0	1.0043870466608336	RNU6-9
32	0	0.17947083200510042	0.0	0.9090931142813965	RNU6-9
33	1	0.23349728190525498	4.28270509977827	1.182759163770171	RNU6-9
34	1	0.30125148986889155	3.3194856577645893	1.5259619184193571	RNU6-9
35	0	0.13819875776397517	0.0	0.7000331902506701	RNU6-9
36	1	0.18991331757289204	5.265560165975104	0.9619885715520934	RNU6-9
37	2	0.6291448516579405	3.178918169209432	3.1868758067136507	RNU6-9
38	1	0.5417335473515249	1.8459259259259257	2.744101825184106	RNU6-9
39	2	0.20446096654275092	9.781818181818183	1.0356783592447572	RNU6-9
40	0	0.2842572062084257	0.0	1.4398789260730838	RNU6-9
41	0	0.21884984025559104	0.0	1.1085638853687785	RNU6-9
42	1	0.27415730337078653	3.6475409836065573	1.388718790345023	RNU6-9
43	1	0.20344106021855385	4.915428571428571	1.0305121168744467	RNU6-9
44	2	0.293631100082713	6.811267605633803	1.4873615296800975	RNU6-9
45	2	0.13269529229177443	15.072124756335285	0.6721558883539424	RNU6-9
46	2	0.293631100082713	6.811267605633803	1.4873615296800975	RNU6-9
47	0	0.13819875776397517	0.0	0.7000331902506701	RNU6-9
48	0	0.1796875	0.0	0.9101906262283115	RNU6-9
49	1	0.293631100082713	3.4056338028169013	1.4873615296800975	RNU6-9
50	1	0.20446096654275092	4.8909090909090915	1.0356783592447572	RNU6-9
51	1	0.1982835158330867	5.043283582089552	1.0043870466608336	RNU6-9
52	1	0.18560057887120116	5.3879142300194935	0.9401427874009918	RNU6-9
53	0	0.18642350557244175	0.0	0.9443112474749656	RNU6-9
54	2	0.29872256796593516	6.695175438596491	1.5131518954042091	RNU6-9
55	3	0.2643004824259132	11.350717079530638	1.338789963751996	RNU6-9
56	1	0.288630904723779	3.4646324549237173	1.4620334965948134	RNU6-9
57	2	0.28863090472377906	6.929264909847434	1.4620334965948136	RNU6-9
58	1	0.23349728190525498	4.28270509977827	1.182759163770171	RNU6-9
59	2	0.2822151224707135	7.086792452830189	1.4295349373368673	RNU6-9
60	1	0.28221512247071356	3.5433962264150938	1.4295349373368675	RNU6-9
61	2	0.3240223463687151	6.172413793103448	1.6413056130966686	RNU6-9
62	3	0.3240223463687151	9.258620689655173	1.6413056130966686	RNU6-9
63	3	0.29404276985743383	10.202597402597402	1.48944680533952	RNU6-9
64	2	0.20344106021855385	9.830857142857141	1.0305121168744467	RNU6-9
65	3	0.26430048242591314	11.35071707953064	1.3387899637519958	RNU6-9
66	2	0.5520473606314751	3.622877569258266	2.7963455047282024	RNU6-9
67	1	0.5520473606314751	1.811438784629133	2.7963455047282024	RNU6-9
68	0	0.2643004824259132	0.0	1.338789963751996	RNU6-9
69	1	0.17947083200510044	5.571936056838365	0.9090931142813966	RNU6-9
70	0	0.1796875	0.0	0.9101906262283115	RNU6-9
71	1	0.29404276985743383	3.400865800865801	1.48944680533952	RNU6-9
72	1	0.30125148986889155	3.3194856577645893	1.5259619184193571	RNU6-9
73	2	0.20446096654275092	9.781818181818183	1.0356783592447572	RNU6-9
74	1	0.28863090472377906	3.464632454923717	1.4620334965948136	RNU6-9
75	1	0.25023756731073804	3.9962025316455696	1.2675555511452377	RNU6-9
76	1	0.17209302325581394	5.810810810810811	0.8717214976374686	RNU6-9
77	2	0.27415730337078653	7.295081967213115	1.388718790345023	RNU6-9
78	1	0.19121447028423771	5.22972972972973	0.9685794418194097	RNU6-9
79	1	0.6291448516579405	1.589459084604716	3.1868758067136507	RNU6-9
80	2	0.5520473606314751	3.622877569258266	2.7963455047282024	RNU6-9
81	1	0.2643004824259132	3.783572359843546	1.338789963751996	RNU6-9
82	1	0.17947083200510044	5.571936056838365	0.9090931142813966	RNU6-9
83	1	0.13957934990439771	7.164383561643835	0.707026453693353	RNU6-9
84	1	0.1982835158330867	5.043283582089552	1.0043870466608336	RNU6-9
85	0	0.1982835158330867	0.0	1.0043870466608336	RNU6-9
86	1	0.13819875776397517	7.235955056179774	0.7000331902506701	RNU6-9
87	0	0.5417335473515249	0.0	2.744101825184106	RNU6-9
88	2	0.6291448516579407	3.1789181692094313	3.186875806713651	RNU6-9
89	1	0.19121447028423771	5.22972972972973	0.9685794418194097	RNU6-9
90	3	0.25023756731073804	11.98860759493671	1.2675555511452377	RNU6-9
91	1	0.13819875776397517	7.235955056179774	0.7000331902506701	RNU6-9
92	0	0.1796875	0.0	0.9101906262283115	RNU6-9
93	1	0.29872256796593516	3.3475877192982453	1.5131518954042091	RNU6-9
94	2	0.5520473606314751	3.622877569258266	2.7963455047282024	RNU6-9
95	3	0.6291448516579407	4.768377253814147	3.186875806713651	RNU6-9
96	3	0.18991331757289204	15.796680497925312	0.9619885715520934	RNU6-9
97	3	0.13819875776397517	21.707865168539325	0.7000331902506701	RNU6-9
98	3	0.30125148986889155	9.958456973293767	1.5259619184193571	RNU6-9
99	2	0.23349728190525498	8.56541019955654	1.182759163770171	RNU6-9
100	2	0.288630904723779	6.929264909847435	1.4620334965948134	RNU6-9
101	3	0.2842572062084257	10.553822152886116	1.4398789260730838	RNU6-9
102	2	0.2842572062084257	7.03588143525741	1.4398789260730838	RNU6-9
103	3	0.1982835158330867	15.129850746268657	1.0043870466608336	RNU6-9
104	3	0.1395793499043977	21.49315068493151	0.7070264536933529	RNU6-9
105	3	0.1395793499043977	21.49315068493151	0.7070264536933529	RNU6-9
106	1	0.1395793499043977	7.164383561643836	0.7070264536933529	RNU6-9
107	3	0.1395793499043977	21.49315068493151	0.7070264536933529	RNU6-9
1	2	0.6291448516579407	3.1789181692094313	3.20380576321344	RNU6-2
2	1	0.19121447028423771	5.22972972972973	0.9737249224754326	RNU6-2
3	3	0.26430048242591314	11.35071707953064	1.345902150490157	RNU6-2
4	2	0.2987225679659351	6.695175438596492	1.5211903623293397	RNU6-2
5	1	0.13269529229177446	7.536062378167641	0.6757266487603997	RNU6-2
6	3	0.5417335473515249	5.5377777777777775	2.758679589536733	RNU6-2
7	0	0.5520473606314751	0.0	2.8112008083624684	RNU6-2
8	1	0.2987225679659351	3.347587719298246	1.5211903623293397	RNU6-2
9	1	0.1796875	5.565217391304348	0.9150259221868483	RNU6-2
10	1	0.13819875776397517	7.235955056179774	0.7037520460135416	RNU6-2
11	2	0.5417335473515249	3.6918518518518515	2.758679589536733	RNU6-2
12	1	0.6113624937154348	1.6356907894736843	3.1132523386569293	RNU6-2
13	2	0.2822151224707135	7.086792452830189	1.4371291976004952	RNU6-2
14	1	0.2643004824259132	3.783572359843546	1.3459021504901572	RNU6-2
15	1	0.20344106021855385	4.915428571428571	1.0359866086241523	RNU6-2
16	1	0.29872256796593516	3.3475877192982453	1.5211903623293401	RNU6-2
17	2	0.2643004824259132	7.567144719687092	1.3459021504901572	RNU6-2
18	1	0.19121447028423771	5.22972972972973	0.9737249224754326	RNU6-2
19	0	0.27415730337078653	0.0	1.3960962189418489	RNU6-2
20	2	0.288630904723779	6.929264909847435	1.469800402178784	RNU6-2
21	2	0.2842572062084257	7.03588143525741	1.4475281377342433	RNU6-2
22	1	0.2842572062084257	3.517940717628705	1.4475281377342433	RNU6-2
23	0	0.2842572062084257	0.0	1.4475281377342433	RNU6-2
24	3	0.21884984025559104	13.708029197080293	1.1144530192713273	RNU6-2
25	1	0.30434782608695654	3.2857142857142856	1.5498359665017318	RNU6-2
26	2	0.18642350557244175	10.728260869565217	0.9493278057946632	RNU6-2
27	0	0.18560057887120118	0.0	0.9451372011967094	RNU6-2
28	0	0.13957934990439771	0.0	0.7107824604633728	RNU6-2
29	0	0.13957934990439771	0.0	0.7107824604633728	RNU6-2
30	1	0.1982835158330867	5.043283582089552	1.0097227516083238	RNU6-2
31	1	0.1982835158330867	5.043283582089552	1.0097227516083238	RNU6-2
32	1	0.17947083200510042	5.571936056838366	0.9139225798183398	RNU6-2
33	1	0.23349728190525498	4.28270509977827	1.1890424526106624	RNU6-2
34	2	0.30125148986889155	6.6389713155291785	1.5340684373005606	RNU6-2
35	2	0.13819875776397517	14.471910112359549	0.7037520460135416	RNU6-2
36	1	0.18991331757289204	5.265560165975104	0.9670990388741527	RNU6-2
37	3	0.6291448516579405	4.768377253814148	3.2038057632134396	RNU6-2
38	0	0.5417335473515249	0.0	2.758679589536733	RNU6-2
39	0	0.20446096654275092	0.0	1.04118029613632	RNU6-2
40	1	0.2842572062084257	3.517940717628705	1.4475281377342433	RNU6-2
41	0	0.21884984025559104	0.0	1.1144530192713273	RNU6-2
42	2	0.27415730337078653	7.295081967213115	1.3960962189418489	RNU6-2
43	1	0.20344106021855385	4.915428571428571	1.0359866086241523	RNU6-2
44	2	0.293631100082713	6.811267605633803	1.4952629878868768	RNU6-2
45	1	0.13269529229177443	7.536062378167642	0.6757266487603995	RNU6-2
46	2	0.293631100082713	6.811267605633803	1.4952629878868768	RNU6-2
47	1	0.13819875776397517	7.235955056179774	0.7037520460135416	RNU6-2
48	0	0.1796875	0.0	0.9150259221868483	RNU6-2
49	2	0.293631100082713	6.811267605633803	1.4952629878868768	RNU6-2
50	1	0.20446096654275092	4.8909090909090915	1.04118029613632	RNU6-2
51	2	0.1982835158330867	10.086567164179105	1.0097227516083238	RNU6-2
52	0	0.18560057887120116	0.0	0.9451372011967093	RNU6-2
53	0	0.18642350557244175	0.0	0.9493278057946632	RNU6-2
54	2	0.29872256796593516	6.695175438596491	1.5211903623293401	RNU6-2
55	1	0.2643004824259132	3.783572359843546	1.3459021504901572	RNU6-2
56	1	0.288630904723779	3.4646324549237173	1.469800402178784	RNU6-2
57	0	0.28863090472377906	0.0	1.4698004021787843	RNU6-2
58	2	0.23349728190525498	8.56541019955654	1.1890424526106624	RNU6-2
59	0	0.2822151224707135	0.0	1.4371291976004952	RNU6-2
60	3	0.28221512247071356	10.63018867924528	1.4371291976004954	RNU6-2
61	2	0.3240223463687151	6.172413793103448	1.6500248837296967	RNU6-2
62	2	0.3240223463687151	6.172413793103448	1.6500248837296967	RNU6-2
63	2	0.29404276985743383	6.801731601731602	1.497359341363053	RNU6-2
64	1	0.20344106021855385	4.915428571428571	1.0359866086241523	RNU6-2
65	2	0.26430048242591314	7.567144719687093	1.345902150490157	RNU6-2
66	1	0.5520473606314751	1.811438784629133	2.8112008083624684	RNU6-2
67	2	0.5520473606314751	3.622877569258266	2.8112008083624684	RNU6-2
68	2	0.2643004824259132	7.567144719687092	1.3459021504901572	RNU6-2
69	2	0.17947083200510044	11.14387211367673	0.9139225798183399	RNU6-2
70	1	0.1796875	5.565217391304348	0.9150259221868483	RNU6-2
71	2	0.29404276985743383	6.801731601731602	1.497359341363053	RNU6-2
72	2	0.30125148986889155	6.6389713155291785	1.5340684373005606	RNU6-2
73	2	0.20446096654275092	9.781818181818183	1.04118029613632	RNU6-2
74	0	0.28863090472377906	0.0	1.4698004021787843	RNU6-2
75	1	0.25023756731073804	3.9962025316455696	1.274289312246548	RNU6-2
76	1	0.17209302325581394	5.810810810810811	0.8763524302278894	RNU6-2
77	1	0.27415730337078653	3.6475409836065573	1.3960962189418489	RNU6-2
78	0	0.19121447028423771	0.0	0.9737249224754326	RNU6-2
79	1	0.6291448516579405	1.589459084604716	3.2038057632134396	RNU6-2
80	2	0.5520473606314751	3.622877569258266	2.8112008083624684	RNU6-2
81	1	0.2643004824259132	3.783572359843546	1.3459021504901572	RNU6-2
82	2	0.17947083200510044	11.14387211367673	0.9139225798183399	RNU6-2
83	1	0.13957934990439771	7.164383561643835	0.7107824604633728	RNU6-2
84	3	0.1982835158330867	15.129850746268657	1.0097227516083238	RNU6-2
85	1	0.1982835158330867	5.043283582089552	1.0097227516083238	RNU6-2
86	1	0.13819875776397517	7.235955056179774	0.7037520460135416	RNU6-2
87	1	0.5417335473515249	1.8459259259259257	2.758679589536733	RNU6-2
88	2	0.6291448516579407	3.1789181692094313	3.20380576321344	RNU6-2
89	1	0.19121447028423771	5.22972972972973	0.9737249224754326	RNU6-2
90	2	0.25023756731073804	7.992405063291139	1.274289312246548	RNU6-2
91	0	0.13819875776397517	0.0	0.7037520460135416	RNU6-2
92	2	0.1796875	11.130434782608695	0.9150259221868483	RNU6-2
93	1	0.29872256796593516	3.3475877192982453	1.5211903623293401	RNU6-2
94	1	0.5520473606314751	1.811438784629133	2.8112008083624684	RNU6-2
95	1	0.6291448516579407	1.5894590846047156	3.20380576321344	RNU6-2
96	3	0.18991331757289204	15.796680497925312	0.9670990388741527	RNU6-2
97	3	0.13819875776397517	21.707865168539325	0.7037520460135416	RNU6-2
98	3	0.30125148986889155	9.958456973293767	1.5340684373005606	RNU6-2
99	3	0.23349728190525498	12.848115299334811	1.1890424526106624	RNU6-2
100	3	0.288630904723779	10.393897364771153	1.469800402178784	RNU6-2
101	1	0.2842572062084257	3.517940717628705	1.4475281377342433	RNU6-2
102	3	0.2842572062084257	10.553822152886116	1.4475281377342433	RNU6-2
103	3	0.1982835158330867	15.129850746268657	1.0097227516083238	RNU6-2
104	3	0.1395793499043977	21.49315068493151	0.7107824604633726	RNU6-2
105	1	0.1395793499043977	7.164383561643836	0.7107824604633726	RNU6-2
106	2	0.1395793499043977	14.328767123287673	0.7107824604633726	RNU6-2
107	1	0.17947083200510042	5.571936056838366	0.9139225798183398	RNU6-2
1	2	0.18991331757289204	10.531120331950207	1.3409255405032694	RNU4ATAC
2	2	0.341701011614837	5.853070175438597	2.4126565716713144	RNU4ATAC
3	3	0.23349728190525498	12.848115299334811	1.64865988834445	RNU4ATAC
4	3	0.288630904723779	10.393897364771153	2.0379431883397605	RNU4ATAC
5	2	0.20446096654275092	9.781818181818183	1.443642476352029	RNU4ATAC
6	1	0.30125148986889155	3.3194856577645893	2.127053658176517	RNU4ATAC
7	2	0.29404276985743383	6.801731601731602	2.0761548749777528	RNU4ATAC
8	2	0.1796875	11.130434782608695	1.2687238638053984	RNU4ATAC
9	1	0.1395793499043977	7.164383561643836	0.9855312813531998	RNU4ATAC
10	2	0.1395793499043977	14.328767123287673	0.9855312813531998	RNU4ATAC
11	3	0.13819875776397517	21.707865168539325	0.9757833011390156	RNU4ATAC
12	2	0.293631100082713	6.811267605633803	2.073248188273359	RNU4ATAC
13	1	0.1796875	5.565217391304348	1.2687238638053984	RNU4ATAC
14	2	0.17947083200510042	11.143872113676732	1.267194030869596	RNU4ATAC
15	3	0.23349728190525498	12.848115299334811	1.64865988834445	RNU4ATAC
16	1	0.3240223463687151	3.086206896551724	2.2878323937068927	RNU4ATAC
17	1	0.3240223463687151	3.086206896551724	2.2878323937068927	RNU4ATAC
18	2	0.341701011614837	5.853070175438597	2.4126565716713144	RNU4ATAC
19	1	0.18991331757289204	5.265560165975104	1.3409255405032694	RNU4ATAC
20	2	0.17947083200510042	11.143872113676732	1.267194030869596	RNU4ATAC
21	3	0.26430048242591314	11.35071707953064	1.8661527889755007	RNU4ATAC
22	2	0.5520473606314751	3.622877569258266	3.897854109962781	RNU4ATAC
23	2	0.5520473606314751	3.622877569258266	3.897854109962781	RNU4ATAC
24	2	0.2987225679659351	6.695175438596492	2.109197638319927	RNU4ATAC
25	1	0.18642350557244175	5.364130434782608	1.316284940766695	RNU4ATAC
26	2	0.21884984025559104	9.138686131386862	1.5452383439152286	RNU4ATAC
27	1	0.30434782608695654	3.2857142857142856	2.148916033969068	RNU4ATAC
28	0	0.20344106021855385	0.0	1.4364411991771846	RNU4ATAC
29	2	0.27415730337078653	7.295081967213115	1.935749082284817	RNU4ATAC
30	1	0.17209302325581396	5.8108108108108105	1.2151013587426425	RNU4ATAC
31	3	0.30125148986889155	9.958456973293767	2.127053658176517	RNU4ATAC
32	1	0.23349728190525498	4.28270509977827	1.64865988834445	RNU4ATAC
33	2	0.17947083200510044	11.14387211367673	1.2671940308695961	RNU4ATAC
34	3	0.1982835158330867	15.129850746268657	1.400025201178004	RNU4ATAC
35	2	0.28863090472377906	6.929264909847434	2.0379431883397605	RNU4ATAC
36	1	0.25023756731073804	3.9962025316455696	1.766858425142222	RNU4ATAC
37	1	0.13269529229177443	7.536062378167642	0.9369248497820201	RNU4ATAC
38	3	0.29872256796593516	10.042763157894736	2.1091976383199276	RNU4ATAC
39	2	0.5520473606314751	3.622877569258266	3.897854109962781	RNU4ATAC
40	2	0.5520473606314751	3.622877569258266	3.897854109962781	RNU4ATAC
41	3	0.2643004824259132	11.350717079530638	1.866152788975501	RNU4ATAC
42	3	0.288630904723779	10.393897364771153	2.0379431883397605	RNU4ATAC
43	2	0.2842572062084257	7.03588143525741	2.007061709775481	RNU4ATAC
44	3	0.18642350557244175	16.092391304347824	1.316284940766695	RNU4ATAC
45	2	0.30434782608695654	6.571428571428571	2.148916033969068	RNU4ATAC
46	2	0.19121447028423771	10.45945945945946	1.350112620825158	RNU4ATAC
47	1	0.25023756731073804	3.9962025316455696	1.766858425142222	RNU4ATAC
48	1	0.13269529229177443	7.536062378167642	0.9369248497820201	RNU4ATAC
49	2	0.29404276985743383	6.801731601731602	2.0761548749777528	RNU4ATAC
50	1	0.3240223463687151	3.086206896551724	2.2878323937068927	RNU4ATAC
51	3	0.2822151224707135	10.630188679245284	1.9926431198906842	RNU4ATAC
52	3	0.2643004824259132	11.350717079530638	1.866152788975501	RNU4ATAC
53	2	0.20344106021855385	9.830857142857141	1.4364411991771846	RNU4ATAC
54	2	0.30434782608695654	6.571428571428571	2.148916033969068	RNU4ATAC
55	2	0.21884984025559104	9.138686131386862	1.5452383439152286	RNU4ATAC
56	2	0.21884984025559104	9.138686131386862	1.5452383439152286	RNU4ATAC
57	2	0.30434782608695654	6.571428571428571	2.148916033969068	RNU4ATAC
58	1	0.20344106021855385	4.915428571428571	1.4364411991771846	RNU4ATAC
59	1	0.26430048242591314	3.7835723598435465	1.8661527889755007	RNU4ATAC
60	2	0.2987225679659351	6.695175438596492	2.109197638319927	RNU4ATAC
61	1	0.18642350557244175	5.364130434782608	1.316284940766695	RNU4ATAC
62	1	0.18560057887120118	5.387914230019493	1.3104744823651557	RNU4ATAC
63	2	0.18991331757289204	10.531120331950207	1.3409255405032694	RNU4ATAC
64	2	0.6291448516579405	3.178918169209432	4.442218223798185	RNU4ATAC
65	1	0.5520473606314751	1.811438784629133	3.897854109962781	RNU4ATAC
66	2	0.28221512247071356	7.0867924528301875	1.9926431198906847	RNU4ATAC
67	2	0.29404276985743383	6.801731601731602	2.0761548749777528	RNU4ATAC
68	1	0.20344106021855385	4.915428571428571	1.4364411991771846	RNU4ATAC
69	3	0.25023756731073804	11.98860759493671	1.766858425142222	RNU4ATAC
70	2	0.13819875776397517	14.471910112359549	0.9757833011390156	RNU4ATAC
71	2	0.18991331757289204	10.531120331950207	1.3409255405032694	RNU4ATAC
72	3	0.27415730337078653	10.942622950819672	1.935749082284817	RNU4ATAC
73	3	0.17947083200510044	16.715808170515096	1.2671940308695961	RNU4ATAC
74	3	0.18991331757289204	15.796680497925312	1.3409255405032694	RNU4ATAC
75	2	0.27415730337078653	7.295081967213115	1.935749082284817	RNU4ATAC
76	0	0.19121447028423771	0.0	1.350112620825158	RNU4ATAC
77	1	0.27415730337078653	3.6475409836065573	1.935749082284817	RNU4ATAC
78	2	0.19121447028423771	10.45945945945946	1.350112620825158	RNU4ATAC
79	2	0.341701011614837	5.853070175438597	2.4126565716713144	RNU4ATAC
80	3	0.3240223463687151	9.258620689655173	2.2878323937068927	RNU4ATAC
81	2	0.6113624937154349	3.271381578947368	4.3166619003122095	RNU4ATAC
82	3	0.5520473606314751	5.434316353887399	3.897854109962781	RNU4ATAC
83	2	0.2643004824259132	7.567144719687092	1.866152788975501	RNU4ATAC
84	2	0.288630904723779	6.929264909847435	2.0379431883397605	RNU4ATAC
85	2	0.20446096654275092	9.781818181818183	1.443642476352029	RNU4ATAC
86	3	0.25023756731073804	11.98860759493671	1.766858425142222	RNU4ATAC
87	1	0.17947083200510044	5.571936056838365	1.2671940308695961	RNU4ATAC
88	2	0.18991331757289204	10.531120331950207	1.3409255405032694	RNU4ATAC
89	2	0.30434782608695654	6.571428571428571	2.148916033969068	RNU4ATAC
90	1	0.18642350557244175	5.364130434782608	1.316284940766695	RNU4ATAC
91	1	0.18642350557244175	5.364130434782608	1.316284940766695	RNU4ATAC
92	3	0.293631100082713	10.216901408450704	2.073248188273359	RNU4ATAC
93	1	0.13269529229177443	7.536062378167642	0.9369248497820201	RNU4ATAC
94	2	0.29872256796593516	6.695175438596491	2.1091976383199276	RNU4ATAC
95	2	0.2987225679659351	6.695175438596492	2.109197638319927	RNU4ATAC
96	2	0.1796875	11.130434782608695	1.2687238638053984	RNU4ATAC
97	0	0.1395793499043977	0.0	0.9855312813531998	RNU4ATAC
98	1	0.1395793499043977	7.164383561643836	0.9855312813531998	RNU4ATAC
99	1	0.17947083200510042	5.571936056838366	1.267194030869596	RNU4ATAC
100	2	0.26430048242591314	7.567144719687093	1.8661527889755007	RNU4ATAC
101	2	0.2987225679659351	6.695175438596492	2.109197638319927	RNU4ATAC
102	1	0.1796875	5.565217391304348	1.2687238638053984	RNU4ATAC
103	2	0.1395793499043977	14.328767123287673	0.9855312813531998	RNU4ATAC
104	1	0.18560057887120116	5.3879142300194935	1.3104744823651555	RNU4ATAC
105	1	0.2842572062084257	3.517940717628705	2.007061709775481	RNU4ATAC
106	3	0.1982835158330867	15.129850746268657	1.400025201178004	RNU4ATAC
107	0	0.1395793499043977	0.0	0.9855312813531998	RNU4ATAC
108	2	0.1395793499043977	14.328767123287673	0.9855312813531998	RNU4ATAC
109	1	0.17947083200510042	5.571936056838366	1.267194030869596	RNU4ATAC
110	2	0.23349728190525498	8.56541019955654	1.64865988834445	RNU4ATAC
111	1	0.341701011614837	2.9265350877192984	2.4126565716713144	RNU4ATAC
112	0	0.19121447028423771	0.0	1.350112620825158	RNU4ATAC
113	1	0.26430048242591314	3.7835723598435465	1.8661527889755007	RNU4ATAC
114	1	0.2643004824259132	3.783572359843546	1.866152788975501	RNU4ATAC
115	2	0.17947083200510044	11.14387211367673	1.2671940308695961	RNU4ATAC
116	3	0.1982835158330867	15.129850746268657	1.400025201178004	RNU4ATAC
117	2	0.1982835158330867	10.086567164179105	1.400025201178004	RNU4ATAC
118	0	0.1395793499043977	0.0	0.9855312813531998	RNU4ATAC
119	0	0.1395793499043977	0.0	0.9855312813531998	RNU4ATAC
120	1	0.1395793499043977	7.164383561643836	0.9855312813531998	RNU4ATAC
121	1	0.17947083200510042	5.571936056838366	1.267194030869596	RNU4ATAC
122	1	0.23349728190525498	4.28270509977827	1.64865988834445	RNU4ATAC
123	1	0.30125148986889155	3.3194856577645893	2.127053658176517	RNU4ATAC
124	2	0.13819875776397517	14.471910112359549	0.9757833011390156	RNU4ATAC
125	2	0.13957934990439771	14.32876712328767	0.9855312813532	RNU4ATAC
126	1	0.13957934990439771	7.164383561643835	0.9855312813532	RNU4ATAC
127	2	0.13957934990439771	14.32876712328767	0.9855312813532	RNU4ATAC
1	2	0.2842572062084257	7.03588143525741	1.6508805674239249	RNU12
2	1	0.28863090472377906	3.464632454923717	1.6762816961519456	RNU12
3	2	0.26430048242591314	7.567144719687093	1.5349779033491935	RNU12
4	1	0.28221512247071356	3.5433962264150938	1.6390207577655922	RNU12
5	1	0.29404276985743383	3.400865800865801	1.70771218511594	RNU12
6	3	0.1796875	16.695652173913043	1.0435710880148434	RNU12
7	0	0.18560057887120116	0.0	1.0779124759863885	RNU12
8	1	0.18560057887120118	5.387914230019493	1.0779124759863885	RNU12
9	0	0.13957934990439771	0.0	0.8106349859847616	RNU12
10	1	0.18991331757289204	5.265560165975104	1.1029595684065472	RNU12
11	1	0.30434782608695654	3.2857142857142856	1.7675608598512285	RNU12
12	0	0.1796875	0.0	1.0435710880148434	RNU12
13	0	0.18560057887120116	0.0	1.0779124759863885	RNU12
14	3	0.2842572062084257	10.553822152886116	1.6508805674239249	RNU12
15	1	0.28863090472377906	3.464632454923717	1.6762816961519456	RNU12
16	0	0.25023756731073804	0.0	1.4533047116836426	RNU12
17	1	0.13269529229177443	7.536062378167642	0.7706544448076506	RNU12
18	0	0.30434782608695654	0.0	1.7675608598512285	RNU12
19	0	0.21884984025559104	0.0	1.2710142102672797	RNU12
20	1	0.18560057887120118	5.387914230019493	1.0779124759863885	RNU12
21	1	0.1796875	5.565217391304348	1.0435710880148434	RNU12
22	1	0.29404276985743383	3.400865800865801	1.70771218511594	RNU12
23	2	0.30125148986889155	6.6389713155291785	1.7495782680963992	RNU12
24	0	0.13819875776397517	0.0	0.8026169210548946	RNU12
25	0	0.13957934990439771	0.0	0.8106349859847616	RNU12
26	1	0.13957934990439771	7.164383561643835	0.8106349859847616	RNU12
27	1	0.1982835158330867	5.043283582089552	1.1515711685751246	RNU12
28	0	0.2842572062084257	0.0	1.6508805674239249	RNU12
29	0	0.18560057887120118	0.0	1.0779124759863885	RNU12
30	1	0.18991331757289204	5.265560165975104	1.1029595684065472	RNU12
31	2	0.6291448516579405	3.178918169209432	3.653884534893158	RNU12
32	2	0.5417335473515249	3.6918518518518515	3.146225905662729	RNU12
33	3	0.20446096654275092	14.672727272727274	1.1874479488644734	RNU12
34	2	0.1982835158330867	10.086567164179105	1.1515711685751246	RNU12
35	3	0.13819875776397517	21.707865168539325	0.8026169210548946	RNU12
36	2	0.5417335473515249	3.6918518518518515	3.146225905662729	RNU12
37	3	0.6113624937154348	4.907072368421053	3.550609935238034	RNU12
38	2	0.3240223463687151	6.172413793103448	1.881824570663638	RNU12
39	3	0.3240223463687151	9.258620689655173	1.881824570663638	RNU12
40	1	0.341701011614837	2.9265350877192984	1.9844969542492836	RNU12
41	0	0.19121447028423771	0.0	1.1105162729667	RNU12
42	1	0.25023756731073804	3.9962025316455696	1.4533047116836426	RNU12
43	2	0.17209302325581394	11.621621621621623	0.9994646456700299	RNU12
44	2	0.6291448516579405	3.178918169209432	3.653884534893158	RNU12
45	3	0.5520473606314751	5.434316353887399	3.2061254387195053	RNU12
46	2	0.28221512247071356	7.0867924528301875	1.6390207577655922	RNU12
47	2	0.3240223463687151	6.172413793103448	1.881824570663638	RNU12
48	2	0.6113624937154349	3.271381578947368	3.5506099352380343	RNU12
49	3	0.5417335473515249	5.5377777777777775	3.146225905662729	RNU12
50	3	0.13819875776397517	21.707865168539325	0.8026169210548946	RNU12
51	2	0.1982835158330867	10.086567164179105	1.1515711685751246	RNU12
52	0	0.20446096654275092	0.0	1.1874479488644734	RNU12
53	2	0.30125148986889155	6.6389713155291785	1.7495782680963992	RNU12
54	2	0.29404276985743383	6.801731601731602	1.70771218511594	RNU12
55	1	0.13269529229177446	7.536062378167641	0.7706544448076508	RNU12
56	2	0.25023756731073804	7.992405063291139	1.4533047116836426	RNU12
57	2	0.19121447028423771	10.45945945945946	1.1105162729667	RNU12
58	2	0.30434782608695654	6.571428571428571	1.7675608598512285	RNU12
59	3	0.20344106021855385	14.746285714285712	1.181524638937987	RNU12
60	2	0.26430048242591314	7.567144719687093	1.5349779033491935	RNU12
61	2	0.2987225679659351	6.695175438596492	1.7348910484413156	RNU12
62	2	0.18642350557244175	10.728260869565217	1.0826917873629176	RNU12
63	3	0.18560057887120118	16.163742690058477	1.0779124759863885	RNU12
64	2	0.1982835158330867	10.086567164179105	1.1515711685751246	RNU12
65	2	0.28863090472377906	6.929264909847434	1.6762816961519456	RNU12
66	3	0.27415730337078653	10.942622950819672	1.5922233620361306	RNU12
67	2	0.19121447028423771	10.45945945945946	1.1105162729667	RNU12
68	1	0.25023756731073804	3.9962025316455696	1.4533047116836426	RNU12
69	2	0.13269529229177443	15.072124756335285	0.7706544448076506	RNU12
70	1	0.293631100082713	3.4056338028169013	1.7053213305784332	RNU12
71	1	0.17209302325581394	5.810810810810811	0.9994646456700299	RNU12
72	3	0.6291448516579405	4.768377253814148	3.653884534893158	RNU12
73	3	0.5417335473515249	5.5377777777777775	3.146225905662729	RNU12
74	3	0.13819875776397517	21.707865168539325	0.8026169210548946	RNU12
75	2	0.1982835158330867	10.086567164179105	1.1515711685751246	RNU12
76	0	0.1982835158330867	0.0	1.1515711685751246	RNU12
77	2	0.1395793499043977	14.328767123287673	0.8106349859847615	RNU12
78	2	0.1395793499043977	14.328767123287673	0.8106349859847615	RNU12
79	0	0.1395793499043977	0.0	0.8106349859847615	RNU12
80	0	0.17947083200510042	0.0	1.0423127453077805	RNU12
81	0	0.25023756731073804	0.0	1.4533047116836426	RNU12
82	1	0.13269529229177443	7.536062378167642	0.7706544448076506	RNU12
83	2	0.29872256796593516	6.695175438596491	1.734891048441316	RNU12
84	2	0.5520473606314751	3.622877569258266	3.2061254387195053	RNU12
85	3	0.6113624937154348	4.907072368421053	3.550609935238034	RNU12
86	3	0.3240223463687151	9.258620689655173	1.881824570663638	RNU12
87	1	0.341701011614837	2.9265350877192984	1.9844969542492836	RNU12
88	1	0.21884984025559104	4.569343065693431	1.2710142102672797	RNU12
89	1	0.18560057887120118	5.387914230019493	1.0779124759863885	RNU12
90	1	0.13957934990439771	7.164383561643835	0.8106349859847616	RNU12
91	2	0.1796875	11.130434782608695	1.0435710880148434	RNU12
92	2	0.29404276985743383	6.801731601731602	1.70771218511594	RNU12
93	2	0.341701011614837	5.853070175438597	1.9844969542492836	RNU12
94	1	0.17209302325581396	5.8108108108108105	0.9994646456700301	RNU12
95	3	0.5417335473515249	5.5377777777777775	3.146225905662729	RNU12
96	2	0.5520473606314751	3.622877569258266	3.2061254387195053	RNU12
97	3	0.28221512247071356	10.63018867924528	1.6390207577655922	RNU12
98	2	0.3240223463687151	6.172413793103448	1.881824570663638	RNU12
99	2	0.29404276985743383	6.801731601731602	1.70771218511594	RNU12
100	2	0.13269529229177446	15.072124756335281	0.7706544448076508	RNU12
101	2	0.25023756731073804	7.992405063291139	1.4533047116836426	RNU12
102	2	0.17947083200510044	11.14387211367673	1.0423127453077807	RNU12
103	1	0.1796875	5.565217391304348	1.0435710880148434	RNU12
104	2	0.29404276985743383	6.801731601731602	1.70771218511594	RNU12
105	3	0.341701011614837	8.779605263157896	1.9844969542492836	RNU12
106	2	0.19121447028423771	10.45945945945946	1.1105162729667	RNU12
107	1	0.25023756731073804	3.9962025316455696	1.4533047116836426	RNU12
108	2	0.17209302325581394	11.621621621621623	0.9994646456700299	RNU12
109	2	0.341701011614837	5.853070175438597	1.9844969542492836	RNU12
110	3	0.3240223463687151	9.258620689655173	1.881824570663638	RNU12
111	1	0.6113624937154349	1.635690789473684	3.5506099352380343	RNU12
112	2	0.5520473606314751	3.622877569258266	3.2061254387195053	RNU12
113	2	0.28221512247071356	7.0867924528301875	1.6390207577655922	RNU12
114	2	0.29404276985743383	6.801731601731602	1.70771218511594	RNU12
115	0	0.18642350557244175	0.0	1.0826917873629176	RNU12
116	2	0.21884984025559104	9.138686131386862	1.2710142102672797	RNU12
117	1	0.30434782608695654	3.2857142857142856	1.7675608598512285	RNU12
118	2	0.1796875	11.130434782608695	1.0435710880148434	RNU12
119	2	0.1395793499043977	14.328767123287673	0.8106349859847615	RNU12
120	2	0.17947083200510042	11.143872113676732	1.0423127453077805	RNU12
121	0	0.26430048242591314	0.0	1.5349779033491935	RNU12
122	2	0.5520473606314751	3.622877569258266	3.2061254387195053	RNU12
123	2	0.6113624937154348	3.2713815789473686	3.550609935238034	RNU12
124	1	0.3240223463687151	3.086206896551724	1.881824570663638	RNU12
125	3	0.30125148986889155	9.958456973293767	1.7495782680963992	RNU12
126	2	0.20446096654275092	9.781818181818183	1.1874479488644734	RNU12
127	1	0.28863090472377906	3.464632454923717	1.6762816961519456	RNU12
128	3	0.26430048242591314	11.35071707953064	1.5349779033491935	RNU12
129	3	0.28221512247071356	10.63018867924528	1.6390207577655922	RNU12
130	2	0.29404276985743383	6.801731601731602	1.70771218511594	RNU12
131	3	0.20344106021855385	14.746285714285712	1.181524638937987	RNU12
132	2	0.23349728190525498	8.56541019955654	1.3560821566685248	RNU12
133	2	0.3240223463687151	6.172413793103448	1.881824570663638	RNU12
134	1	0.30125148986889155	3.3194856577645893	1.7495782680963992	RNU12
135	1	0.13269529229177443	7.536062378167642	0.7706544448076506	RNU12
136	1	0.30434782608695654	3.2857142857142856	1.7675608598512285	RNU12
137	1	0.18991331757289204	5.265560165975104	1.1029595684065472	RNU12
138	1	0.17947083200510042	5.571936056838366	1.0423127453077805	RNU12
139	1	0.26430048242591314	3.7835723598435465	1.5349779033491935	RNU12
140	1	0.5520473606314751	1.811438784629133	3.2061254387195053	RNU12
141	3	0.5417335473515249	5.5377777777777775	3.146225905662729	RNU12
142	3	0.20446096654275092	14.672727272727274	1.1874479488644734	RNU12
143	2	0.20446096654275092	9.781818181818183	1.1874479488644734	RNU12
144	2	0.293631100082713	6.811267605633803	1.7053213305784332	RNU12
145	1	0.20344106021855385	4.915428571428571	1.181524638937987	RNU12
146	2	0.26430048242591314	7.567144719687093	1.5349779033491935	RNU12
147	1	0.28221512247071356	3.5433962264150938	1.6390207577655922	RNU12
148	1	0.3240223463687151	3.086206896551724	1.881824570663638	RNU12
149	2	0.6113624937154349	3.271381578947368	3.5506099352380343	RNU12
150	2	0.5417335473515249	3.6918518518518515	3.146225905662729	RNU12
1	2	0.30125148986889155	6.6389713155291785	0.6700674775252354	RN7SK
2	3	0.20446096654275092	14.672727272727274	0.4547783121779678	RN7SK
3	0	0.28863090472377906	0.0	0.6419957702060172	RN7SK
4	1	0.27415730337078653	3.6475409836065573	0.6098024371422492	RN7SK
5	2	0.19121447028423771	10.45945945945946	0.42531440367463597	RN7SK
6	0	0.25023756731073804	0.0	0.5565982614158432	RN7SK
7	1	0.13269529229177443	7.536062378167642	0.29515140265072204	RN7SK
8	0	0.29404276985743383	0.0	0.6540332702376122	RN7SK
9	1	0.3240223463687151	3.086206896551724	0.7207162241341447	RN7SK
10	0	0.2822151224707135	0.0	0.6277252780251029	RN7SK
11	0	0.5520473606314751	0.0	1.2279075617975717	RN7SK
12	1	0.5417335473515249	1.8459259259259257	1.2049667595755802	RN7SK
13	0	0.20446096654275092	0.0	0.4547783121779678	RN7SK
14	0	0.20446096654275092	0.0	0.4547783121779678	RN7SK
15	0	0.293631100082713	0.0	0.6531176016457635	RN7SK
16	0	0.20344106021855385	0.0	0.45250975557011774	RN7SK
17	0	0.23349728190525498	0.0	0.5193631897500189	RN7SK
18	0	0.2822151224707135	0.0	0.6277252780251029	RN7SK
19	1	0.2987225679659351	3.347587719298246	0.6644424486793704	RN7SK
20	0	0.20344106021855385	0.0	0.45250975557011774	RN7SK
21	0	0.26430048242591314	0.0	0.5878781135486176	RN7SK
22	0	0.5520473606314751	0.0	1.2279075617975717	RN7SK
23	0	0.5417335473515249	0.0	1.2049667595755802	RN7SK
24	1	0.17209302325581394	5.810810810810811	0.38278296330717243	RN7SK
25	0	0.27415730337078653	0.0	0.6098024371422492	RN7SK
26	0	0.288630904723779	0.0	0.641995770206017	RN7SK
27	0	0.20446096654275092	0.0	0.4547783121779678	RN7SK
28	0	0.293631100082713	0.0	0.6531176016457635	RN7SK
29	0	0.20344106021855385	0.0	0.45250975557011774	RN7SK
30	0	0.27415730337078653	0.0	0.6098024371422492	RN7SK
31	0	0.17209302325581396	0.0	0.3827829633071725	RN7SK
32	1	0.25023756731073804	3.9962025316455696	0.5565982614158432	RN7SK
33	0	0.19121447028423771	0.0	0.42531440367463597	RN7SK
34	0	0.341701011614837	0.0	0.7600385147314043	RN7SK
35	0	0.3240223463687151	0.0	0.7207162241341447	RN7SK
36	0	0.3240223463687151	0.0	0.7207162241341447	RN7SK
37	1	0.23349728190525498	4.28270509977827	0.5193631897500189	RN7SK
38	1	0.288630904723779	3.4646324549237173	0.641995770206017	RN7SK
39	0	0.1982835158330867	0.0	0.4410379359349734	RN7SK
40	0	0.17947083200510042	0.0	0.3991932711879717	RN7SK
41	0	0.25023756731073804	0.0	0.5565982614158432	RN7SK
42	0	0.20446096654275092	0.0	0.4547783121779678	RN7SK
43	1	0.20446096654275092	4.8909090909090915	0.4547783121779678	RN7SK
44	0	0.5417335473515249	0.0	1.2049667595755802	RN7SK
45	1	0.5520473606314751	1.811438784629133	1.2279075617975717	RN7SK
46	0	0.28221512247071356	0.0	0.6277252780251029	RN7SK
47	1	0.23349728190525498	4.28270509977827	0.5193631897500189	RN7SK
48	1	0.20344106021855385	4.915428571428571	0.45250975557011774	RN7SK
49	0	0.29404276985743383	0.0	0.6540332702376122	RN7SK
50	2	0.3240223463687151	6.172413793103448	0.7207162241341447	RN7SK
51	1	0.341701011614837	2.9265350877192984	0.7600385147314043	RN7SK
52	1	0.18991331757289204	5.265560165975104	0.4224202765267638	RN7SK
53	0	0.17947083200510042	0.0	0.3991932711879717	RN7SK
54	0	0.25023756731073804	0.0	0.5565982614158432	RN7SK
55	1	0.20446096654275092	4.8909090909090915	0.4547783121779678	RN7SK
56	0	0.1982835158330867	0.0	0.4410379359349734	RN7SK
57	2	0.13819875776397517	14.471910112359549	0.3073926474266722	RN7SK
58	0	0.5417335473515249	0.0	1.2049667595755802	RN7SK
59	0	0.6113624937154348	0.0	1.3598409893200054	RN7SK
60	0	0.2822151224707135	0.0	0.6277252780251029	RN7SK
61	0	0.2987225679659351	0.0	0.6644424486793704	RN7SK
62	0	0.20344106021855385	0.0	0.45250975557011774	RN7SK
63	0	0.25023756731073804	0.0	0.5565982614158432	RN7SK
64	0	0.20446096654275092	0.0	0.4547783121779678	RN7SK
65	0	0.20446096654275092	0.0	0.4547783121779678	RN7SK
66	0	0.293631100082713	0.0	0.6531176016457635	RN7SK
67	1	0.20344106021855385	4.915428571428571	0.45250975557011774	RN7SK
68	0	0.23349728190525498	0.0	0.5193631897500189	RN7SK
69	1	0.2822151224707135	3.5433962264150947	0.6277252780251029	RN7SK
70	2	0.2987225679659351	6.695175438596492	0.6644424486793704	RN7SK
71	1	0.20344106021855385	4.915428571428571	0.45250975557011774	RN7SK
72	0	0.23349728190525498	0.0	0.5193631897500189	RN7SK
73	0	0.2822151224707135	0.0	0.6277252780251029	RN7SK
74	2	0.2987225679659351	6.695175438596492	0.6644424486793704	RN7SK
75	0	0.18642350557244175	0.0	0.41465795964927143	RN7SK
76	0	0.18642350557244175	0.0	0.41465795964927143	RN7SK
77	0	0.29404276985743383	0.0	0.6540332702376122	RN7SK
78	0	0.2822151224707135	0.0	0.6277252780251029	RN7SK
79	1	0.5520473606314751	1.811438784629133	1.2279075617975717	RN7SK
80	0	0.6113624937154348	0.0	1.3598409893200054	RN7SK
81	0	0.3240223463687151	0.0	0.7207162241341447	RN7SK
82	2	0.341701011614837	5.853070175438597	0.7600385147314043	RN7SK
83	0	0.19121447028423771	0.0	0.42531440367463597	RN7SK
84	0	0.27415730337078653	0.0	0.6098024371422492	RN7SK
85	0	0.17209302325581396	0.0	0.3827829633071725	RN7SK
86	1	0.30125148986889155	3.3194856577645893	0.6700674775252354	RN7SK
87	1	0.3240223463687151	3.086206896551724	0.7207162241341447	RN7SK
88	1	0.3240223463687151	3.086206896551724	0.7207162241341447	RN7SK
89	3	0.29404276985743383	10.202597402597402	0.6540332702376122	RN7SK
90	0	0.1796875	0.0	0.3996752013416317	RN7SK
91	0	0.13819875776397517	0.0	0.3073926474266722	RN7SK
92	1	0.30125148986889155	3.3194856577645893	0.6700674775252354	RN7SK
93	1	0.29404276985743383	3.400865800865801	0.6540332702376122	RN7SK
94	1	0.13269529229177446	7.536062378167641	0.2951514026507221	RN7SK
95	0	0.30125148986889155	0.0	0.6700674775252354	RN7SK
96	0	0.3240223463687151	0.0	0.7207162241341447	RN7SK
97	0	0.29404276985743383	0.0	0.6540332702376122	RN7SK
98	0	0.13269529229177446	0.0	0.2951514026507221	RN7SK
99	0	0.25023756731073804	0.0	0.5565982614158432	RN7SK
100	1	0.19121447028423771	5.22972972972973	0.42531440367463597	RN7SK
101	2	0.341701011614837	5.853070175438597	0.7600385147314043	RN7SK
102	1	0.6113624937154349	1.635690789473684	1.3598409893200054	RN7SK
103	1	0.5520473606314751	1.811438784629133	1.2279075617975717	RN7SK
104	2	0.2987225679659351	6.695175438596492	0.6644424486793704	RN7SK
105	1	0.13269529229177446	7.536062378167641	0.2951514026507221	RN7SK
106	3	0.30125148986889155	9.958456973293767	0.6700674775252354	RN7SK
107	2	0.23349728190525498	8.56541019955654	0.5193631897500189	RN7SK
108	2	0.288630904723779	6.929264909847435	0.641995770206017	RN7SK
109	1	0.28863090472377906	3.464632454923717	0.6419957702060172	RN7SK
110	1	0.27415730337078653	3.6475409836065573	0.6098024371422492	RN7SK
111	1	0.19121447028423771	5.22972972972973	0.42531440367463597	RN7SK
112	0	0.26430048242591314	0.0	0.5878781135486176	RN7SK
113	1	0.5520473606314751	1.811438784629133	1.2279075617975717	RN7SK
114	1	0.6291448516579407	1.5894590846047156	1.3993939214438311	RN7SK
115	0	0.17209302325581396	0.0	0.3827829633071725	RN7SK
116	0	0.30125148986889155	0.0	0.6700674775252354	RN7SK
117	1	0.3240223463687151	3.086206896551724	0.7207162241341447	RN7SK
118	0	0.29404276985743383	0.0	0.6540332702376122	RN7SK
119	0	0.13269529229177446	0.0	0.2951514026507221	RN7SK
120	0	0.30125148986889155	0.0	0.6700674775252354	RN7SK
121	0	0.3240223463687151	0.0	0.7207162241341447	RN7SK
122	1	0.6113624937154349	1.635690789473684	1.3598409893200054	RN7SK
123	0	0.5417335473515249	0.0	1.2049667595755802	RN7SK
124	0	0.13819875776397517	0.0	0.3073926474266722	RN7SK
125	0	0.1796875	0.0	0.3996752013416317	RN7SK
126	0	0.29872256796593516	0.0	0.6644424486793705	RN7SK
127	1	0.2987225679659351	3.347587719298246	0.6644424486793704	RN7SK
128	2	0.20344106021855385	9.830857142857141	0.45250975557011774	RN7SK
129	1	0.26430048242591314	3.7835723598435465	0.5878781135486176	RN7SK
130	1	0.5520473606314751	1.811438784629133	1.2279075617975717	RN7SK
131	0	0.5520473606314751	0.0	1.2279075617975717	RN7SK
132	1	0.5520473606314751	1.811438784629133	1.2279075617975717	RN7SK
133	0	0.5520473606314751	0.0	1.2279075617975717	RN7SK
134	1	0.2987225679659351	3.347587719298246	0.6644424486793704	RN7SK
135	0	0.13269529229177446	0.0	0.2951514026507221	RN7SK
136	1	0.5417335473515249	1.8459259259259257	1.2049667595755802	RN7SK
137	1	0.6113624937154348	1.6356907894736843	1.3598409893200054	RN7SK
138	1	0.341701011614837	2.9265350877192984	0.7600385147314043	RN7SK
139	1	0.17209302325581396	5.8108108108108105	0.3827829633071725	RN7SK
140	2	0.5417335473515249	3.6918518518518515	1.2049667595755802	RN7SK
141	1	0.5417335473515249	1.8459259259259257	1.2049667595755802	RN7SK
142	1	0.13819875776397517	7.235955056179774	0.3073926474266722	RN7SK
143	1	0.1796875	5.565217391304348	0.3996752013416317	RN7SK
144	0	0.293631100082713	0.0	0.6531176016457635	RN7SK
145	0	0.13269529229177443	0.0	0.29515140265072204	RN7SK
146	0	0.29404276985743383	0.0	0.6540332702376122	RN7SK
147	1	0.30125148986889155	3.3194856577645893	0.6700674775252354	RN7SK
148	2	0.17209302325581394	11.621621621621623	0.38278296330717243	RN7SK
149	2	0.6291448516579405	3.178918169209432	1.399393921443831	RN7SK
150	0	0.5417335473515249	0.0	1.2049667595755802	RN7SK
151	1	0.17209302325581394	5.810810810810811	0.38278296330717243	RN7SK
152	0	0.341701011614837	0.0	0.7600385147314043	RN7SK
153	1	0.23349728190525498	4.28270509977827	0.5193631897500189	RN7SK
154	2	0.288630904723779	6.929264909847435	0.641995770206017	RN7SK
155	1	0.20446096654275092	4.8909090909090915	0.4547783121779678	RN7SK
156	0	0.30125148986889155	0.0	0.6700674775252354	RN7SK
157	0	0.3240223463687151	0.0	0.7207162241341447	RN7SK
158	2	0.3240223463687151	6.172413793103448	0.7207162241341447	RN7SK
159	2	0.6113624937154349	3.271381578947368	1.3598409893200054	RN7SK
160	2	0.5417335473515249	3.6918518518518515	1.2049667595755802	RN7SK
161	1	0.20446096654275092	4.8909090909090915	0.4547783121779678	RN7SK
162	1	0.2842572062084257	3.517940717628705	0.6322674427779464	RN7SK
163	1	0.18642350557244175	5.364130434782608	0.41465795964927143	RN7SK
164	0	0.293631100082713	0.0	0.6531176016457635	RN7SK
165	0	0.13269529229177443	0.0	0.29515140265072204	RN7SK
166	0	0.29404276985743383	0.0	0.6540332702376122	RN7SK
167	2	0.30125148986889155	6.6389713155291785	0.6700674775252354	RN7SK
168	1	0.13269529229177443	7.536062378167642	0.29515140265072204	RN7SK
169	1	0.29404276985743383	3.400865800865801	0.6540332702376122	RN7SK
170	1	0.30125148986889155	3.3194856577645893	0.6700674775252354	RN7SK
171	1	0.17209302325581394	5.810810810810811	0.38278296330717243	RN7SK
172	1	0.341701011614837	2.9265350877192984	0.7600385147314043	RN7SK
173	0	0.6113624937154349	0.0	1.3598409893200054	RN7SK
174	0	0.6113624937154348	0.0	1.3598409893200054	RN7SK
175	1	0.341701011614837	2.9265350877192984	0.7600385147314043	RN7SK
176	1	0.17209302325581396	5.8108108108108105	0.3827829633071725	RN7SK
177	2	0.293631100082713	6.811267605633803	0.6531176016457635	RN7SK
178	0	0.1796875	0.0	0.3996752013416317	RN7SK
179	1	0.13819875776397517	7.235955056179774	0.3073926474266722	RN7SK
180	0	0.5417335473515249	0.0	1.2049667595755802	RN7SK
181	0	0.6113624937154348	0.0	1.3598409893200054	RN7SK
182	0	0.341701011614837	0.0	0.7600385147314043	RN7SK
183	0	0.17209302325581396	0.0	0.3827829633071725	RN7SK
184	0	0.25023756731073804	0.0	0.5565982614158432	RN7SK
185	1	0.17947083200510044	5.571936056838365	0.3991932711879717	RN7SK
186	0	0.1796875	0.0	0.3996752013416317	RN7SK
187	0	0.29404276985743383	0.0	0.6540332702376122	RN7SK
188	0	0.3240223463687151	0.0	0.7207162241341447	RN7SK
189	0	0.341701011614837	0.0	0.7600385147314043	RN7SK
190	0	0.21884984025559104	0.0	0.4867831872987118	RN7SK
191	0	0.2842572062084257	0.0	0.6322674427779464	RN7SK
192	0	0.2842572062084257	0.0	0.6322674427779464	RN7SK
193	0	0.21884984025559104	0.0	0.4867831872987118	RN7SK
194	0	0.6291448516579405	0.0	1.399393921443831	RN7SK
195	0	0.5417335473515249	0.0	1.2049667595755802	RN7SK
196	0	0.13269529229177443	0.0	0.29515140265072204	RN7SK
197	0	0.30434782608695654	0.0	0.6769545943328961	RN7SK
198	0	0.21884984025559104	0.0	0.4867831872987118	RN7SK
199	1	0.18642350557244175	5.364130434782608	0.41465795964927143	RN7SK
200	0	0.29872256796593516	0.0	0.6644424486793705	RN7SK
201	0	0.2987225679659351	0.0	0.6644424486793704	RN7SK
202	0	0.20344106021855385	0.0	0.45250975557011774	RN7SK
203	1	0.26430048242591314	3.7835723598435465	0.5878781135486176	RN7SK
204	0	0.5520473606314751	0.0	1.2279075617975717	RN7SK
205	0	0.5520473606314751	0.0	1.2279075617975717	RN7SK
206	0	0.2987225679659351	0.0	0.6644424486793704	RN7SK
207	1	0.13269529229177446	7.536062378167641	0.2951514026507221	RN7SK
208	0	0.30125148986889155	0.0	0.6700674775252354	RN7SK
209	0	0.3240223463687151	0.0	0.7207162241341447	RN7SK
210	0	0.3240223463687151	0.0	0.7207162241341447	RN7SK
211	0	0.29404276985743383	0.0	0.6540332702376122	RN7SK
212	0	0.20344106021855385	0.0	0.45250975557011774	RN7SK
213	0	0.26430048242591314	0.0	0.5878781135486176	RN7SK
214	0	0.2987225679659351	0.0	0.6644424486793704	RN7SK
215	1	0.18642350557244175	5.364130434782608	0.41465795964927143	RN7SK
216	0	0.18642350557244175	0.0	0.41465795964927143	RN7SK
217	0	0.293631100082713	0.0	0.6531176016457635	RN7SK
218	0	0.13819875776397517	0.0	0.3073926474266722	RN7SK
219	1	0.18991331757289204	5.265560165975104	0.4224202765267638	RN7SK
220	1	0.341701011614837	2.9265350877192984	0.7600385147314043	RN7SK
221	0	0.29404276985743383	0.0	0.6540332702376122	RN7SK
222	0	0.13269529229177446	0.0	0.2951514026507221	RN7SK
223	0	0.30125148986889155	0.0	0.6700674775252354	RN7SK
224	0	0.23349728190525498	0.0	0.5193631897500189	RN7SK
225	1	0.17947083200510044	5.571936056838365	0.3991932711879717	RN7SK
226	0	0.13957934990439771	0.0	0.31046347005870867	RN7SK
227	2	0.18991331757289204	10.531120331950207	0.4224202765267638	RN7SK
228	1	0.27415730337078653	3.6475409836065573	0.6098024371422492	RN7SK
229	0	0.17947083200510044	0.0	0.3991932711879717	RN7SK
230	0	0.1796875	0.0	0.3996752013416317	RN7SK
231	1	0.29872256796593516	3.3475877192982453	0.6644424486793705	RN7SK
232	0	0.2987225679659351	0.0	0.6644424486793704	RN7SK
233	0	0.13269529229177446	0.0	0.2951514026507221	RN7SK
234	1	0.293631100082713	3.4056338028169013	0.6531176016457635	RN7SK
235	0	0.13269529229177446	0.0	0.2951514026507221	RN7SK
236	1	0.25023756731073804	3.9962025316455696	0.5565982614158432	RN7SK
237	1	0.17947083200510044	5.571936056838365	0.3991932711879717	RN7SK
238	0	0.1796875	0.0	0.3996752013416317	RN7SK
239	2	0.29404276985743383	6.801731601731602	0.6540332702376122	RN7SK
240	1	0.341701011614837	2.9265350877192984	0.7600385147314043	RN7SK
241	1	0.17209302325581396	5.8108108108108105	0.3827829633071725	RN7SK
242	0	0.30125148986889155	0.0	0.6700674775252354	RN7SK
243	2	0.23349728190525498	8.56541019955654	0.5193631897500189	RN7SK
244	0	0.288630904723779	0.0	0.641995770206017	RN7SK
245	2	0.1982835158330867	10.086567164179105	0.4410379359349734	RN7SK
246	1	0.1395793499043977	7.164383561643836	0.3104634700587086	RN7SK
247	1	0.17947083200510042	5.571936056838366	0.3991932711879717	RN7SK
248	0	0.27415730337078653	0.0	0.6098024371422492	RN7SK
249	1	0.21884984025559104	4.569343065693431	0.4867831872987118	RN7SK
250	0	0.18642350557244175	0.0	0.41465795964927143	RN7SK
251	0	0.29404276985743383	0.0	0.6540332702376122	RN7SK
252	0	0.30125148986889155	0.0	0.6700674775252354	RN7SK
253	2	0.13269529229177443	15.072124756335285	0.29515140265072204	RN7SK
254	1	0.293631100082713	3.4056338028169013	0.6531176016457635	RN7SK
255	0	0.13819875776397517	0.0	0.3073926474266722	RN7SK
256	0	0.18991331757289204	0.0	0.4224202765267638	RN7SK
257	2	0.6291448516579405	3.178918169209432	1.399393921443831	RN7SK
258	0	0.6291448516579407	0.0	1.3993939214438311	RN7SK
259	0	0.21884984025559104	0.0	0.4867831872987118	RN7SK
260	1	0.18642350557244175	5.364130434782608	0.41465795964927143	RN7SK
261	0	0.29404276985743383	0.0	0.6540332702376122	RN7SK
262	0	0.3240223463687151	0.0	0.7207162241341447	RN7SK
263	0	0.341701011614837	0.0	0.7600385147314043	RN7SK
264	1	0.21884984025559104	4.569343065693431	0.4867831872987118	RN7SK
265	0	0.18642350557244175	0.0	0.41465795964927143	RN7SK
266	0	0.30434782608695654	0.0	0.6769545943328961	RN7SK
267	0	0.17209302325581396	0.0	0.3827829633071725	RN7SK
268	1	0.25023756731073804	3.9962025316455696	0.5565982614158432	RN7SK
269	1	0.17947083200510044	5.571936056838365	0.3991932711879717	RN7SK
270	0	0.1796875	0.0	0.3996752013416317	RN7SK
271	0	0.29872256796593516	0.0	0.6644424486793705	RN7SK
272	1	0.2987225679659351	3.347587719298246	0.6644424486793704	RN7SK
273	0	0.1796875	0.0	0.3996752013416317	RN7SK
274	0	0.13819875776397517	0.0	0.3073926474266722	RN7SK
275	0	0.30125148986889155	0.0	0.6700674775252354	RN7SK
276	0	0.23349728190525498	0.0	0.5193631897500189	RN7SK
277	1	0.17947083200510044	5.571936056838365	0.3991932711879717	RN7SK
278	0	0.1796875	0.0	0.3996752013416317	RN7SK
279	0	0.293631100082713	0.0	0.6531176016457635	RN7SK
280	0	0.17209302325581394	0.0	0.38278296330717243	RN7SK
281	1	0.30434782608695654	3.2857142857142856	0.6769545943328961	RN7SK
282	1	0.13269529229177446	7.536062378167641	0.2951514026507221	RN7SK
283	1	0.30125148986889155	3.3194856577645893	0.6700674775252354	RN7SK
284	2	0.23349728190525498	8.56541019955654	0.5193631897500189	RN7SK
285	0	0.20344106021855385	0.0	0.45250975557011774	RN7SK
286	2	0.293631100082713	6.811267605633803	0.6531176016457635	RN7SK
287	0	0.17209302325581394	0.0	0.38278296330717243	RN7SK
288	1	0.27415730337078653	3.6475409836065573	0.6098024371422492	RN7SK
289	2	0.19121447028423771	10.45945945945946	0.42531440367463597	RN7SK
290	2	0.27415730337078653	7.295081967213115	0.6098024371422492	RN7SK
291	2	0.288630904723779	6.929264909847435	0.641995770206017	RN7SK
292	2	0.20446096654275092	9.781818181818183	0.4547783121779678	RN7SK
293	1	0.30125148986889155	3.3194856577645893	0.6700674775252354	RN7SK
294	1	0.23349728190525498	4.28270509977827	0.5193631897500189	RN7SK
295	1	0.17947083200510044	5.571936056838365	0.3991932711879717	RN7SK
296	0	0.13957934990439771	0.0	0.31046347005870867	RN7SK
297	1	0.1982835158330867	5.043283582089552	0.4410379359349734	RN7SK
298	0	0.28863090472377906	0.0	0.6419957702060172	RN7SK
299	1	0.25023756731073804	3.9962025316455696	0.5565982614158432	RN7SK
300	1	0.13269529229177443	7.536062378167642	0.29515140265072204	RN7SK
301	2	0.29404276985743383	6.801731601731602	0.6540332702376122	RN7SK
302	0	0.2822151224707135	0.0	0.6277252780251029	RN7SK
303	1	0.5520473606314751	1.811438784629133	1.2279075617975717	RN7SK
304	1	0.5520473606314751	1.811438784629133	1.2279075617975717	RN7SK
305	2	0.2987225679659351	6.695175438596492	0.6644424486793704	RN7SK
306	1	0.20344106021855385	4.915428571428571	0.45250975557011774	RN7SK
307	2	0.26430048242591314	7.567144719687093	0.5878781135486176	RN7SK
308	2	0.2643004824259132	7.567144719687092	0.5878781135486176	RN7SK
309	1	0.288630904723779	3.4646324549237173	0.641995770206017	RN7SK
310	0	0.28863090472377906	0.0	0.6419957702060172	RN7SK
311	0	0.27415730337078653	0.0	0.6098024371422492	RN7SK
312	0	0.19121447028423771	0.0	0.42531440367463597	RN7SK
313	1	0.23349728190525498	4.28270509977827	0.5193631897500189	RN7SK
314	2	0.2822151224707135	7.086792452830189	0.6277252780251029	RN7SK
315	2	0.2643004824259132	7.567144719687092	0.5878781135486176	RN7SK
316	1	0.20344106021855385	4.915428571428571	0.45250975557011774	RN7SK
317	1	0.30434782608695654	3.2857142857142856	0.6769545943328961	RN7SK
318	1	0.17209302325581396	5.8108108108108105	0.3827829633071725	RN7SK
319	0	0.293631100082713	0.0	0.6531176016457635	RN7SK
320	0	0.20344106021855385	0.0	0.45250975557011774	RN7SK
321	1	0.26430048242591314	3.7835723598435465	0.5878781135486176	RN7SK
322	1	0.28221512247071356	3.5433962264150938	0.6277252780251029	RN7SK
323	1	0.29404276985743383	3.400865800865801	0.6540332702376122	RN7SK
324	2	0.1796875	11.130434782608695	0.3996752013416317	RN7SK
325	2	0.1395793499043977	14.328767123287673	0.3104634700587086	RN7SK
326	2	0.13819875776397517	14.471910112359549	0.3073926474266722	RN7SK
327	1	0.293631100082713	3.4056338028169013	0.6531176016457635	RN7SK
328	2	0.1796875	11.130434782608695	0.3996752013416317	RN7SK
1	3	0.23349728190525498	12.848115299334811	0.8262083990161437	RMRP
2	3	0.341701011614837	8.779605263157896	1.2090772254173188	RMRP
3	2	0.18991331757289204	10.531120331950207	0.6719905978494917	RMRP
4	2	0.13819875776397517	14.471910112359549	0.4890034413527966	RMRP
5	2	0.5417335473515249	3.6918518518518515	1.9168737348825065	RMRP
6	2	0.6291448516579405	3.178918169209432	2.2261704992714852	RMRP
7	0	0.19121447028423771	0.0	0.6765946056124285	RMRP
8	1	0.2643004824259132	3.783572359843546	0.9352026570181402	RMRP
9	1	0.29872256796593516	3.3475877192982453	1.057002002829618	RMRP
10	1	0.20344106021855385	4.915428571428571	0.719857256092262	RMRP
11	1	0.25023756731073804	3.9962025316455696	0.8854423408037384	RMRP
12	1	0.13819875776397517	7.235955056179774	0.4890034413527966	RMRP
13	2	0.1796875	11.130434782608695	0.635807494146561	RMRP
14	2	0.29404276985743383	6.801731601731602	1.0404429727998272	RMRP
15	2	0.28221512247071356	7.0867924528301875	0.9985919433926634	RMRP
16	1	0.2822151224707135	3.5433962264150947	0.9985919433926633	RMRP
17	1	0.29404276985743383	3.400865800865801	1.0404429727998272	RMRP
18	1	0.20344106021855385	4.915428571428571	0.719857256092262	RMRP
19	1	0.27415730337078653	3.6475409836065573	0.9700801004975766	RMRP
20	0	0.21884984025559104	0.0	0.7743797900648766	RMRP
21	1	0.2842572062084257	3.517940717628705	1.0058176666294618	RMRP
22	0	0.20446096654275092	0.0	0.7234660996915774	RMRP
23	1	0.30125148986889155	3.3194856577645893	1.065950357601158	RMRP
24	0	0.29404276985743383	0.0	1.0404429727998272	RMRP
25	0	0.18642350557244175	0.0	0.6596422229038282	RMRP
26	0	0.18642350557244175	0.0	0.6596422229038282	RMRP
27	1	0.29404276985743383	3.400865800865801	1.0404429727998272	RMRP
28	1	0.28221512247071356	3.5433962264150938	0.9985919433926634	RMRP
29	0	0.29872256796593516	0.0	1.057002002829618	RMRP
30	0	0.18642350557244175	0.0	0.6596422229038282	RMRP
31	2	0.21884984025559104	9.138686131386862	0.7743797900648766	RMRP
32	1	0.27415730337078653	3.6475409836065573	0.9700801004975766	RMRP
33	1	0.19121447028423771	5.22972972972973	0.6765946056124285	RMRP
34	1	0.27415730337078653	3.6475409836065573	0.9700801004975766	RMRP
35	2	0.19121447028423771	10.45945945945946	0.6765946056124285	RMRP
36	3	0.30434782608695654	9.857142857142856	1.076906455114024	RMRP
37	2	0.20344106021855385	9.830857142857141	0.719857256092262	RMRP
38	1	0.25023756731073804	3.9962025316455696	0.8854423408037384	RMRP
39	0	0.13269529229177446	0.0	0.46952994102026346	RMRP
40	1	0.29404276985743383	3.400865800865801	1.0404429727998272	RMRP
41	0	0.30125148986889155	0.0	1.065950357601158	RMRP
42	2	0.17209302325581396	11.621621621621621	0.6089351450511856	RMRP
43	1	0.30434782608695654	3.2857142857142856	1.076906455114024	RMRP
44	0	0.13269529229177443	0.0	0.4695299410202634	RMRP
45	1	0.293631100082713	3.4056338028169013	1.0389863176185756	RMRP
46	2	0.20344106021855385	9.830857142857141	0.719857256092262	RMRP
47	1	0.27415730337078653	3.6475409836065573	0.9700801004975766	RMRP
48	0	0.18991331757289204	0.0	0.6719905978494917	RMRP
49	1	0.13819875776397517	7.235955056179774	0.4890034413527966	RMRP
50	1	0.30125148986889155	3.3194856577645893	1.065950357601158	RMRP
51	2	0.29404276985743383	6.801731601731602	1.0404429727998272	RMRP
52	0	0.13269529229177443	0.0	0.4695299410202634	RMRP
53	0	0.30125148986889155	0.0	1.065950357601158	RMRP
54	1	0.3240223463687151	3.086206896551724	1.146522913904316	RMRP
55	1	0.3240223463687151	3.086206896551724	1.146522913904316	RMRP
56	2	0.29404276985743383	6.801731601731602	1.0404429727998272	RMRP
57	0	0.1796875	0.0	0.635807494146561	RMRP
58	1	0.13957934990439771	7.164383561643835	0.4938885381416133	RMRP
59	1	0.13819875776397517	7.235955056179774	0.4890034413527966	RMRP
60	0	0.30125148986889155	0.0	1.065950357601158	RMRP
61	1	0.6113624937154348	1.6356907894736843	2.1632492808036354	RMRP
62	2	0.5520473606314751	3.622877569258266	1.9533682032045694	RMRP
63	0	0.2822151224707135	0.0	0.9985919433926633	RMRP
64	1	0.29404276985743383	3.400865800865801	1.0404429727998272	RMRP
65	0	0.18642350557244175	0.0	0.6596422229038282	RMRP
66	2	0.18642350557244175	10.728260869565217	0.6596422229038282	RMRP
67	2	0.29404276985743383	6.801731601731602	1.0404429727998272	RMRP
68	1	0.3240223463687151	3.086206896551724	1.146522913904316	RMRP
69	0	0.3240223463687151	0.0	1.146522913904316	RMRP
70	1	0.30125148986889155	3.3194856577645893	1.065950357601158	RMRP
71	1	0.13819875776397517	7.235955056179774	0.4890034413527966	RMRP
72	1	0.1395793499043977	7.164383561643836	0.4938885381416132	RMRP
73	0	0.1796875	0.0	0.635807494146561	RMRP
74	0	0.30434782608695654	0.0	1.076906455114024	RMRP
75	0	0.17209302325581394	0.0	0.6089351450511856	RMRP
76	1	0.30125148986889155	3.3194856577645893	1.065950357601158	RMRP
77	1	0.3240223463687151	3.086206896551724	1.146522913904316	RMRP
78	1	0.3240223463687151	3.086206896551724	1.146522913904316	RMRP
79	1	0.6113624937154348	1.6356907894736843	2.1632492808036354	RMRP
80	1	0.6113624937154349	1.635690789473684	2.1632492808036363	RMRP
81	1	0.30125148986889155	3.3194856577645893	1.065950357601158	RMRP
82	1	0.17209302325581396	5.8108108108108105	0.6089351450511856	RMRP
83	2	0.341701011614837	5.853070175438597	1.2090772254173188	RMRP
84	1	0.29404276985743383	3.400865800865801	1.0404429727998272	RMRP
85	1	0.13269529229177443	7.536062378167642	0.4695299410202634	RMRP
86	3	0.5417335473515249	5.5377777777777775	1.9168737348825065	RMRP
87	2	0.6113624937154349	3.271381578947368	2.1632492808036363	RMRP
88	1	0.3240223463687151	3.086206896551724	1.146522913904316	RMRP
89	1	0.28221512247071356	3.5433962264150938	0.9985919433926634	RMRP
90	2	0.26430048242591314	7.567144719687093	0.93520265701814	RMRP
91	2	0.20344106021855385	9.830857142857141	0.719857256092262	RMRP
92	1	0.293631100082713	3.4056338028169013	1.0389863176185756	RMRP
93	2	0.13269529229177446	15.072124756335281	0.46952994102026346	RMRP
94	1	0.293631100082713	3.4056338028169013	1.0389863176185756	RMRP
95	1	0.13269529229177446	7.536062378167641	0.46952994102026346	RMRP
96	2	0.30434782608695654	6.571428571428571	1.076906455114024	RMRP
97	1	0.19121447028423771	5.22972972972973	0.6765946056124285	RMRP
98	0	0.2643004824259132	0.0	0.9352026570181402	RMRP
99	0	0.2822151224707135	0.0	0.9985919433926633	RMRP
100	2	0.23349728190525498	8.56541019955654	0.8262083990161437	RMRP
101	1	0.19121447028423771	5.22972972972973	0.6765946056124285	RMRP
102	1	0.6291448516579407	1.5894590846047156	2.2261704992714857	RMRP
103	1	0.6291448516579405	1.589459084604716	2.2261704992714852	RMRP
104	0	0.19121447028423771	0.0	0.6765946056124285	RMRP
105	0	0.2643004824259132	0.0	0.9352026570181402	RMRP
106	1	0.26430048242591314	3.7835723598435465	0.93520265701814	RMRP
107	0	0.28863090472377906	0.0	1.0212935917394408	RMRP
108	1	0.2842572062084257	3.517940717628705	1.0058176666294618	RMRP
109	1	0.21884984025559104	4.569343065693431	0.7743797900648766	RMRP
110	1	0.6291448516579407	1.5894590846047156	2.2261704992714857	RMRP
111	1	0.5520473606314751	1.811438784629133	1.9533682032045694	RMRP
112	1	0.26430048242591314	3.7835723598435465	0.93520265701814	RMRP
113	1	0.19121447028423771	5.22972972972973	0.6765946056124285	RMRP
114	3	0.6291448516579407	4.768377253814147	2.2261704992714857	RMRP
115	2	0.6291448516579405	3.178918169209432	2.2261704992714852	RMRP
116	0	0.21884984025559104	0.0	0.7743797900648766	RMRP
117	1	0.18642350557244175	5.364130434782608	0.6596422229038282	RMRP
118	1	0.293631100082713	3.4056338028169013	1.0389863176185756	RMRP
119	1	0.17209302325581396	5.8108108108108105	0.6089351450511856	RMRP
120	1	0.27415730337078653	3.6475409836065573	0.9700801004975766	RMRP
121	2	0.28863090472377906	6.929264909847434	1.0212935917394408	RMRP
122	1	0.1982835158330867	5.043283582089552	0.7016077653281659	RMRP
123	0	0.13819875776397517	0.0	0.4890034413527966	RMRP
124	2	0.30125148986889155	6.6389713155291785	1.065950357601158	RMRP
125	2	0.3240223463687151	6.172413793103448	1.146522913904316	RMRP
126	1	0.3240223463687151	3.086206896551724	1.146522913904316	RMRP
127	1	0.6113624937154348	1.6356907894736843	2.1632492808036354	RMRP
128	2	0.5520473606314751	3.622877569258266	1.9533682032045694	RMRP
129	2	0.29872256796593516	6.695175438596491	1.057002002829618	RMRP
130	0	0.1796875	0.0	0.635807494146561	RMRP
131	0	0.13819875776397517	0.0	0.4890034413527966	RMRP
132	0	0.30125148986889155	0.0	1.065950357601158	RMRP
133	0	0.3240223463687151	0.0	1.146522913904316	RMRP
134	1	0.23349728190525498	4.28270509977827	0.8262083990161437	RMRP
135	3	0.19121447028423771	15.68918918918919	0.6765946056124285	RMRP
136	1	0.30434782608695654	3.2857142857142856	1.076906455114024	RMRP
137	0	0.13269529229177443	0.0	0.4695299410202634	RMRP
138	1	0.30125148986889155	3.3194856577645893	1.065950357601158	RMRP
139	1	0.23349728190525498	4.28270509977827	0.8262083990161437	RMRP
140	1	0.17947083200510042	5.571936056838366	0.6350408346132108	RMRP
141	1	0.1395793499043977	7.164383561643836	0.4938885381416132	RMRP
142	0	0.1796875	0.0	0.635807494146561	RMRP
143	2	0.30434782608695654	6.571428571428571	1.076906455114024	RMRP
144	0	0.17209302325581394	0.0	0.6089351450511856	RMRP
145	2	0.30125148986889155	6.6389713155291785	1.065950357601158	RMRP
146	2	0.6113624937154348	3.2713815789473686	2.1632492808036354	RMRP
147	2	0.5520473606314751	3.622877569258266	1.9533682032045694	RMRP
148	1	0.2822151224707135	3.5433962264150947	0.9985919433926633	RMRP
149	1	0.23349728190525498	4.28270509977827	0.8262083990161437	RMRP
150	1	0.17947083200510042	5.571936056838366	0.6350408346132108	RMRP
151	2	0.1796875	11.130434782608695	0.635807494146561	RMRP
152	1	0.293631100082713	3.4056338028169013	1.0389863176185756	RMRP
153	0	0.13819875776397517	0.0	0.4890034413527966	RMRP
154	1	0.1796875	5.565217391304348	0.635807494146561	RMRP
155	2	0.2987225679659351	6.695175438596492	1.0570020028296179	RMRP
156	3	0.5520473606314751	5.434316353887399	1.9533682032045694	RMRP
157	3	0.6291448516579405	4.768377253814148	2.2261704992714852	RMRP
158	1	0.21884984025559104	4.569343065693431	0.7743797900648766	RMRP
159	1	0.2842572062084257	3.517940717628705	1.0058176666294618	RMRP
160	2	0.20446096654275092	9.781818181818183	0.7234660996915774	RMRP
161	2	0.30125148986889155	6.6389713155291785	1.065950357601158	RMRP
162	2	0.3240223463687151	6.172413793103448	1.146522913904316	RMRP
163	2	0.6113624937154348	3.2713815789473686	2.1632492808036354	RMRP
164	0	0.5520473606314751	0.0	1.9533682032045694	RMRP
165	0	0.29872256796593516	0.0	1.057002002829618	RMRP
166	1	0.20344106021855385	4.915428571428571	0.719857256092262	RMRP
167	1	0.25023756731073804	3.9962025316455696	0.8854423408037384	RMRP
168	0	0.13269529229177446	0.0	0.46952994102026346	RMRP
169	0	0.2987225679659351	0.0	1.0570020028296179	RMRP
170	1	0.5520473606314751	1.811438784629133	1.9533682032045694	RMRP
171	2	0.6113624937154349	3.271381578947368	2.1632492808036363	RMRP
172	0	0.28221512247071356	0.0	0.9985919433926634	RMRP
173	1	0.5520473606314751	1.811438784629133	1.9533682032045694	RMRP
174	0	0.6291448516579405	0.0	2.2261704992714852	RMRP
175	1	0.19121447028423771	5.22972972972973	0.6765946056124285	RMRP
176	1	0.23349728190525498	4.28270509977827	0.8262083990161437	RMRP
177	1	0.28221512247071356	3.5433962264150938	0.9985919433926634	RMRP
178	1	0.5520473606314751	1.811438784629133	1.9533682032045694	RMRP
179	0	0.5520473606314751	0.0	1.9533682032045694	RMRP
180	2	0.5520473606314751	3.622877569258266	1.9533682032045694	RMRP
181	2	0.6113624937154349	3.271381578947368	2.1632492808036363	RMRP
182	0	0.3240223463687151	0.0	1.146522913904316	RMRP
183	0	0.3240223463687151	0.0	1.146522913904316	RMRP
184	0	0.3240223463687151	0.0	1.146522913904316	RMRP
185	1	0.28221512247071356	3.5433962264150938	0.9985919433926634	RMRP
186	1	0.5520473606314751	1.811438784629133	1.9533682032045694	RMRP
187	0	0.6291448516579405	0.0	2.2261704992714852	RMRP
188	1	0.17209302325581394	5.810810810810811	0.6089351450511856	RMRP
189	1	0.25023756731073804	3.9962025316455696	0.8854423408037384	RMRP
190	2	0.28863090472377906	6.929264909847434	1.0212935917394408	RMRP
191	1	0.20446096654275092	4.8909090909090915	0.7234660996915774	RMRP
192	0	0.30125148986889155	0.0	1.065950357601158	RMRP
193	1	0.6113624937154348	1.6356907894736843	2.1632492808036354	RMRP
194	1	0.6291448516579405	1.589459084604716	2.2261704992714852	RMRP
195	0	0.17209302325581394	0.0	0.6089351450511856	RMRP
196	3	0.25023756731073804	11.98860759493671	0.8854423408037384	RMRP
197	3	0.20344106021855385	14.746285714285712	0.719857256092262	RMRP
198	0	0.2987225679659351	0.0	1.0570020028296179	RMRP
199	1	0.29872256796593516	3.3475877192982453	1.057002002829618	RMRP
200	0	0.13269529229177443	0.0	0.4695299410202634	RMRP
201	1	0.30125148986889155	3.3194856577645893	1.065950357601158	RMRP
202	2	0.3240223463687151	6.172413793103448	1.146522913904316	RMRP
203	1	0.29404276985743383	3.400865800865801	1.0404429727998272	RMRP
204	1	0.13269529229177443	7.536062378167642	0.4695299410202634	RMRP
205	1	0.293631100082713	3.4056338028169013	1.0389863176185756	RMRP
206	1	0.18642350557244175	5.364130434782608	0.6596422229038282	RMRP
207	0	0.18642350557244175	0.0	0.6596422229038282	RMRP
208	1	0.30434782608695654	3.2857142857142856	1.076906455114024	RMRP
209	2	0.18991331757289204	10.531120331950207	0.6719905978494917	RMRP
210	1	0.18560057887120118	5.387914230019493	0.6567303733662585	RMRP
211	1	0.21884984025559104	4.569343065693431	0.7743797900648766	RMRP
212	2	0.6291448516579407	3.1789181692094313	2.2261704992714857	RMRP
213	1	0.5520473606314751	1.811438784629133	1.9533682032045694	RMRP
214	2	0.26430048242591314	7.567144719687093	0.93520265701814	RMRP
215	2	0.20344106021855385	9.830857142857141	0.719857256092262	RMRP
216	1	0.29404276985743383	3.400865800865801	1.0404429727998272	RMRP
217	0	0.28221512247071356	0.0	0.9985919433926634	RMRP
218	1	0.26430048242591314	3.7835723598435465	0.93520265701814	RMRP
219	2	0.20344106021855385	9.830857142857141	0.719857256092262	RMRP
220	0	0.30434782608695654	0.0	1.076906455114024	RMRP
221	1	0.19121447028423771	5.22972972972973	0.6765946056124285	RMRP
222	3	0.2643004824259132	11.350717079530638	0.9352026570181402	RMRP
223	2	0.5520473606314751	3.622877569258266	1.9533682032045694	RMRP
224	1	0.6291448516579405	1.589459084604716	2.2261704992714852	RMRP
225	1	0.19121447028423771	5.22972972972973	0.6765946056124285	RMRP
226	1	0.27415730337078653	3.6475409836065573	0.9700801004975766	RMRP
227	0	0.17209302325581394	0.0	0.6089351450511856	RMRP
228	1	0.30125148986889155	3.3194856577645893	1.065950357601158	RMRP
229	0	0.6113624937154348	0.0	2.1632492808036354	RMRP
230	1	0.5520473606314751	1.811438784629133	1.9533682032045694	RMRP
231	1	0.5520473606314751	1.811438784629133	1.9533682032045694	RMRP
232	1	0.5520473606314751	1.811438784629133	1.9533682032045694	RMRP
233	1	0.26430048242591314	3.7835723598435465	0.93520265701814	RMRP
234	1	0.19121447028423771	5.22972972972973	0.6765946056124285	RMRP
235	1	0.341701011614837	2.9265350877192984	1.2090772254173188	RMRP
236	0	0.23349728190525498	0.0	0.8262083990161437	RMRP
237	1	0.17947083200510042	5.571936056838366	0.6350408346132108	RMRP
238	1	0.18991331757289204	5.265560165975104	0.6719905978494917	RMRP
239	1	0.341701011614837	2.9265350877192984	1.2090772254173188	RMRP
240	2	0.23349728190525498	8.56541019955654	0.8262083990161437	RMRP
241	3	0.19121447028423771	15.68918918918919	0.6765946056124285	RMRP
242	3	0.27415730337078653	10.942622950819672	0.9700801004975766	RMRP
243	1	0.19121447028423771	5.22972972972973	0.6765946056124285	RMRP
244	2	0.6291448516579407	3.1789181692094313	2.2261704992714857	RMRP
245	1	0.6113624937154349	1.635690789473684	2.1632492808036363	RMRP
246	0	0.3240223463687151	0.0	1.146522913904316	RMRP
247	0	0.3240223463687151	0.0	1.146522913904316	RMRP
248	0	0.28221512247071356	0.0	0.9985919433926634	RMRP
249	0	0.29872256796593516	0.0	1.057002002829618	RMRP
250	0	0.13269529229177443	0.0	0.4695299410202634	RMRP
251	0	0.25023756731073804	0.0	0.8854423408037384	RMRP
252	1	0.28863090472377906	3.464632454923717	1.0212935917394408	RMRP
253	0	0.1982835158330867	0.0	0.7016077653281659	RMRP
254	0	0.13819875776397517	0.0	0.4890034413527966	RMRP
255	2	0.293631100082713	6.811267605633803	1.0389863176185756	RMRP
256	1	0.13269529229177443	7.536062378167642	0.4695299410202634	RMRP
257	1	0.25023756731073804	3.9962025316455696	0.8854423408037384	RMRP
258	0	0.20344106021855385	0.0	0.719857256092262	RMRP
259	0	0.2987225679659351	0.0	1.0570020028296179	RMRP
260	1	0.5520473606314751	1.811438784629133	1.9533682032045694	RMRP
261	2	0.5520473606314751	3.622877569258266	1.9533682032045694	RMRP
262	1	0.5520473606314751	1.811438784629133	1.9533682032045694	RMRP
263	3	0.6113624937154349	4.907072368421052	2.1632492808036363	RMRP
264	2	0.28221512247071356	7.0867924528301875	0.9985919433926634	RMRP
265	2	0.29872256796593516	6.695175438596491	1.057002002829618	RMRP
266	2	0.20344106021855385	9.830857142857141	0.719857256092262	RMRP
267	3	0.27415730337078653	10.942622950819672	0.9700801004975766	RMRP
268	2	0.18991331757289204	10.531120331950207	0.6719905978494917	RMRP
1	0	0.6291448516579405	0.0	2.5228524204657736	RNU6ATAC
2	1	0.19121447028423771	5.22972972972973	0.7667644230313894	RNU6ATAC
3	1	0.27415730337078653	3.6475409836065573	1.0993627533860924	RNU6ATAC
4	2	0.18991331757289204	10.531120331950207	0.7615468387841947	RNU6ATAC
5	2	0.17947083200510044	11.14387211367673	0.7196727776344337	RNU6ATAC
6	2	0.27415730337078653	7.295081967213115	1.0993627533860924	RNU6ATAC
7	1	0.21884984025559104	4.569343065693431	0.877581446867741	RNU6ATAC
8	1	0.2842572062084257	3.517940717628705	1.1398630678260182	RNU6ATAC
9	0	0.288630904723779	0.0	1.1574014707180853	RNU6ATAC
10	0	0.25023756731073804	0.0	1.0034453126616387	RNU6ATAC
11	1	0.13819875776397517	7.235955056179774	0.5541729692477368	RNU6ATAC
12	0	0.1395793499043977	0.0	0.559709103277861	RNU6ATAC
13	1	0.1796875	5.565217391304348	0.7205416099453544	RNU6ATAC
14	1	0.29404276985743383	3.400865800865801	1.1791028913300408	RNU6ATAC
15	1	0.30125148986889155	3.3194856577645893	1.2080096473520292	RNU6ATAC
16	1	0.13269529229177446	7.536062378167641	0.5321042339622096	RNU6ATAC
17	0	0.293631100082713	0.0	1.1774521075958178	RNU6ATAC
18	0	0.13269529229177446	0.0	0.5321042339622096	RNU6ATAC
19	2	0.293631100082713	6.811267605633803	1.1774521075958178	RNU6ATAC
20	0	0.13819875776397517	0.0	0.5541729692477368	RNU6ATAC
21	0	0.1796875	0.0	0.7205416099453544	RNU6ATAC
22	1	0.29404276985743383	3.400865800865801	1.1791028913300408	RNU6ATAC
23	2	0.341701011614837	5.853070175438597	1.3702110443348088	RNU6ATAC
24	1	0.18991331757289204	5.265560165975104	0.7615468387841947	RNU6ATAC
25	0	0.18560057887120118	0.0	0.7442528829587202	RNU6ATAC
26	1	0.18642350557244175	5.364130434782608	0.7475527949179767	RNU6ATAC
27	0	0.2987225679659351	0.0	1.197868744621554	RNU6ATAC
28	1	0.26430048242591314	3.7835723598435465	1.0598371902135726	RNU6ATAC
29	2	0.19121447028423771	10.45945945945946	0.7667644230313894	RNU6ATAC
30	2	0.30434782608695654	6.571428571428571	1.2204258648601847	RNU6ATAC
31	1	0.13269529229177443	7.536062378167642	0.5321042339622095	RNU6ATAC
32	0	0.30125148986889155	0.0	1.2080096473520292	RNU6ATAC
33	2	0.3240223463687151	6.172413793103448	1.2993201147035005	RNU6ATAC
34	1	0.3240223463687151	3.086206896551724	1.2993201147035005	RNU6ATAC
35	1	0.29404276985743383	3.400865800865801	1.1791028913300408	RNU6ATAC
36	1	0.1796875	5.565217391304348	0.7205416099453544	RNU6ATAC
37	2	0.17947083200510044	11.14387211367673	0.7196727776344337	RNU6ATAC
38	1	0.25023756731073804	3.9962025316455696	1.0034453126616387	RNU6ATAC
39	1	0.17209302325581396	5.8108108108108105	0.6900879807282505	RNU6ATAC
40	2	0.27415730337078653	7.295081967213115	1.0993627533860924	RNU6ATAC
41	1	0.17947083200510042	5.571936056838366	0.7196727776344336	RNU6ATAC
42	0	0.1796875	0.0	0.7205416099453544	RNU6ATAC
43	1	0.29404276985743383	3.400865800865801	1.1791028913300408	RNU6ATAC
44	1	0.30125148986889155	3.3194856577645893	1.2080096473520292	RNU6ATAC
45	1	0.20446096654275092	4.8909090909090915	0.8198824848901398	RNU6ATAC
46	2	0.288630904723779	6.929264909847435	1.1574014707180853	RNU6ATAC
47	1	0.23349728190525498	4.28270509977827	0.9363172586956616	RNU6ATAC
48	1	0.30125148986889155	3.3194856577645893	1.2080096473520292	RNU6ATAC
49	2	0.13819875776397517	14.471910112359549	0.5541729692477368	RNU6ATAC
50	1	0.1796875	5.565217391304348	0.7205416099453544	RNU6ATAC
51	1	0.293631100082713	3.4056338028169013	1.1774521075958178	RNU6ATAC
52	1	0.13269529229177446	7.536062378167641	0.5321042339622096	RNU6ATAC
53	1	0.29404276985743383	3.400865800865801	1.1791028913300408	RNU6ATAC
54	1	0.28221512247071356	3.5433962264150938	1.131674371873243	RNU6ATAC
55	1	0.2822151224707135	3.5433962264150947	1.1316743718732427	RNU6ATAC
56	1	0.3240223463687151	3.086206896551724	1.2993201147035005	RNU6ATAC
57	2	0.29404276985743383	6.801731601731602	1.1791028913300408	RNU6ATAC
58	1	0.13269529229177443	7.536062378167642	0.5321042339622095	RNU6ATAC
59	2	0.5417335473515249	3.6918518518518515	2.172335651450856	RNU6ATAC
60	2	0.6113624937154349	3.271381578947368	2.4515456861602845	RNU6ATAC
61	1	0.3240223463687151	3.086206896551724	1.2993201147035005	RNU6ATAC
62	0	0.28221512247071356	0.0	1.131674371873243	RNU6ATAC
63	2	0.2822151224707135	7.086792452830189	1.1316743718732427	RNU6ATAC
64	1	0.29404276985743383	3.400865800865801	1.1791028913300408	RNU6ATAC
65	1	0.20344106021855385	4.915428571428571	0.8157926904145619	RNU6ATAC
66	2	0.25023756731073804	7.992405063291139	1.0034453126616387	RNU6ATAC
67	3	0.17209302325581396	17.43243243243243	0.6900879807282505	RNU6ATAC
68	1	0.27415730337078653	3.6475409836065573	1.0993627533860924	RNU6ATAC
69	0	0.17947083200510042	0.0	0.7196727776344336	RNU6ATAC
70	2	0.18991331757289204	10.531120331950207	0.7615468387841947	RNU6ATAC
71	0	0.27415730337078653	0.0	1.0993627533860924	RNU6ATAC
72	1	0.19121447028423771	5.22972972972973	0.7667644230313894	RNU6ATAC
73	1	0.6291448516579407	1.5894590846047156	2.522852420465774	RNU6ATAC
74	1	0.5520473606314751	1.811438784629133	2.2136937404966215	RNU6ATAC
75	0	0.26430048242591314	0.0	1.0598371902135726	RNU6ATAC
76	3	0.28863090472377906	10.39389736477115	1.1574014707180855	RNU6ATAC
77	1	0.2842572062084257	3.517940717628705	1.1398630678260182	RNU6ATAC
78	0	0.21884984025559104	0.0	0.877581446867741	RNU6ATAC
79	1	0.6291448516579407	1.5894590846047156	2.522852420465774	RNU6ATAC
80	2	0.6113624937154349	3.271381578947368	2.4515456861602845	RNU6ATAC
81	0	0.341701011614837	0.0	1.3702110443348088	RNU6ATAC
82	1	0.18991331757289204	5.265560165975104	0.7615468387841947	RNU6ATAC
83	0	0.18560057887120118	0.0	0.7442528829587202	RNU6ATAC
84	0	0.18560057887120116	0.0	0.7442528829587202	RNU6ATAC
85	1	0.1796875	5.565217391304348	0.7205416099453544	RNU6ATAC
86	1	0.29404276985743383	3.400865800865801	1.1791028913300408	RNU6ATAC
87	1	0.28221512247071356	3.5433962264150938	1.131674371873243	RNU6ATAC
88	2	0.26430048242591314	7.567144719687093	1.0598371902135726	RNU6ATAC
89	3	0.28863090472377906	10.39389736477115	1.1574014707180855	RNU6ATAC
90	1	0.1982835158330867	5.043283582089552	0.7951110885509424	RNU6ATAC
91	2	0.17947083200510044	11.14387211367673	0.7196727776344337	RNU6ATAC
92	1	0.2643004824259132	3.783572359843546	1.0598371902135726	RNU6ATAC
93	1	0.2822151224707135	3.5433962264150947	1.1316743718732427	RNU6ATAC
94	1	0.23349728190525498	4.28270509977827	0.9363172586956616	RNU6ATAC
95	2	0.19121447028423771	10.45945945945946	0.7667644230313894	RNU6ATAC
96	1	0.341701011614837	2.9265350877192984	1.3702110443348088	RNU6ATAC
97	0	0.29404276985743383	0.0	1.1791028913300408	RNU6ATAC
98	1	0.18642350557244175	5.364130434782608	0.7475527949179767	RNU6ATAC
99	1	0.21884984025559104	4.569343065693431	0.877581446867741	RNU6ATAC
100	1	0.30434782608695654	3.2857142857142856	1.2204258648601847	RNU6ATAC
101	1	0.1796875	5.565217391304348	0.7205416099453544	RNU6ATAC
102	0	0.13819875776397517	0.0	0.5541729692477368	RNU6ATAC
103	2	0.5417335473515249	3.6918518518518515	2.172335651450856	RNU6ATAC
104	0	0.6291448516579405	0.0	2.5228524204657736	RNU6ATAC
105	1	0.19121447028423771	5.22972972972973	0.7667644230313894	RNU6ATAC
106	1	0.23349728190525498	4.28270509977827	0.9363172586956616	RNU6ATAC
107	1	0.28221512247071356	3.5433962264150938	1.131674371873243	RNU6ATAC
108	1	0.26430048242591314	3.7835723598435465	1.0598371902135726	RNU6ATAC
109	1	0.28863090472377906	3.464632454923717	1.1574014707180855	RNU6ATAC
110	1	0.20446096654275092	4.8909090909090915	0.8198824848901398	RNU6ATAC
111	1	0.293631100082713	3.4056338028169013	1.1774521075958178	RNU6ATAC
112	0	0.18642350557244175	0.0	0.7475527949179767	RNU6ATAC
113	2	0.18560057887120116	10.775828460038987	0.7442528829587202	RNU6ATAC
114	1	0.18991331757289204	5.265560165975104	0.7615468387841947	RNU6ATAC
115	0	0.341701011614837	0.0	1.3702110443348088	RNU6ATAC
116	1	0.23349728190525498	4.28270509977827	0.9363172586956616	RNU6ATAC
117	1	0.28863090472377906	3.464632454923717	1.1574014707180855	RNU6ATAC
118	0	0.20446096654275092	0.0	0.8198824848901398	RNU6ATAC
119	2	0.5417335473515249	3.6918518518518515	2.172335651450856	RNU6ATAC
120	2	0.6291448516579405	3.178918169209432	2.5228524204657736	RNU6ATAC
121	2	0.18991331757289204	10.531120331950207	0.7615468387841947	RNU6ATAC
122	1	0.13957934990439771	7.164383561643835	0.5597091032778612	RNU6ATAC
123	2	0.13957934990439771	14.32876712328767	0.5597091032778612	RNU6ATAC
124	1	0.13957934990439771	7.164383561643835	0.5597091032778612	RNU6ATAC
125	1	0.13957934990439771	7.164383561643835	0.5597091032778612	RNU6ATAC
126	1	0.13957934990439771	7.164383561643835	0.5597091032778612	RNU6ATAC
