gene_symbol,our_score
TTN,1.0
TRRAP,0.9999999974919835
DYNC1H1,0.9999999874670223
AP2S1,0.9999999852281662
MUC16,0.9999998947524265
CHD8,0.9999994790802527
LARP4B,0.9999974785167137
TSKU,0.9999962738297847
PCLO,0.9999920748969966
NSD1,0.9999917324429854
MYT1L,0.9999893340927148
PARN,0.9999891757085181
RYR2,0.9999889846209778
MACF1,0.9999888571208355
PDZD7,0.9999837803286082
DNAH17,0.9999816281701367
WDFY3,0.9999812576009104
MDN1,0.9999790582131765
UBTD1,0.9999779459402331
LHX9,0.9999712094496219
PABPC1L,0.9999711160738147
LMTK2,0.9999695898560944
WDR96,0.9999667134285375
PKD1,0.9999653639728323
ACAN,0.9999608375133007
BSN,0.9999553563984378
EP400,0.9999531384109496
PLEKHA6,0.9999526251937412
RAPH1,0.99995241146518
MKL1,0.9999494806621726
TNXB,0.9999471620696807
NOTCH1,0.9999468776287826
SKA3,0.9999434724718723
ABR,0.9999422580267768
PCDH11Y,0.9999394829297967
DLG5,0.9999326184236443
HDAC6,0.9999272481481346
HSPG2,0.9999146720268097
HERC2,0.9998987944492526
PLEC,0.9998953594759143
REXO1,0.9998833983955776
PAK1IP1,0.9998754978639821
MAATS1,0.9998714930499186
DNMT1,0.9998710599553685
CHRM1,0.9998692618201078
KALRN,0.9998640617847311
DMD,0.9998500761499558
LHX6,0.9998477875405125
MRC2,0.9998415266974727
DSCAML1,0.9998357703061073
DST,0.99983200286684
AHDC1,0.9998305557592893
NCOR2,0.9998289756874555
SVIL,0.9998190465062463
LRP1,0.9998106813229606
CDC42BPB,0.9998059510789733
NFKB2,0.9997682105421487
PRRC2B,0.9997619040050034
FBN2,0.9997578556402268
DSP,0.999756398289529
PPM1A,0.9997508461137432
CTNNA1,0.9997432473937927
RYR1,0.9997416414196458
ZCCHC14,0.999737937843942
PNPT1,0.9997201660024362
RANBP2,0.9997060729269225
PPRC1,0.9996985844540183
ZZEF1,0.9996862226286971
HECW1,0.9996843491907875
MTOR,0.9996799203354184
ANK3,0.9996759155608046
ZFHX4,0.9996718507813344
MORF4L2,0.9996618872836879
JAG1,0.9996535367826616
CLASRP,0.999646941202019
ANKS1B,0.9996450725854156
TACC2,0.999644438029097
SALL4,0.999639857152527
UBTF,0.9996233489939592
OBSCN,0.9996125142810289
PCNX,0.9996086301628367
SYNGAP1,0.9996042290517125
RYR3,0.9996020647705636
ANKHD1,0.9996001154954959
SPEG,0.999598120143244
ATP10A,0.9995871314182424
PTGER3,0.9995841189419609
SMARCE1,0.9995822930580668
ATG2A,0.999578147010883
BTK,0.9995554189858461
HSP90AA1,0.9995551579386069
SHROOM3,0.9995515423575081
ZFX,0.9995433031813459
PTPRU,0.9995418748530336
HIRA,0.999530956791127
VCAN,0.9995301417875722
BAZ1A,0.9995114030076737
RAB6A,0.9995113443821101
PRICKLE1,0.9995028126725766
GRIA3,0.9994995522855245
FOXF1,0.999497935496215
AUTS2,0.9994939197633327
SND1,0.9994937281516798
NIPBL,0.9994907244172412
LRP1B,0.9994903800500715
CSMD3,0.9994851904738783
AGAP2,0.9994721277946276
DLGAP1,0.99945116087282
GRIN2A,0.9994372520886635
PRKCG,0.9994313810879227
NFAT5,0.9994225802710262
FZD7,0.9994205873588444
SPTBN2,0.9993956151484202
RBMS1,0.9993719484408244
TRIO,0.9993666817496787
FAF1,0.9993646623350035
PLXND1,0.9993580180071272
RAB13,0.999338897558093
WNT8B,0.9993382745104328
EFNB1,0.9993126843837106
BCL3,0.9993060508241988
DNAH2,0.9992981468402882
TSC22D1,0.9992947302563955
RERE,0.9992832072351368
DDB1,0.9992469645966356
HTT,0.9992447957325986
RDH13,0.9992290520223995
PDZD8,0.9992200600699123
RICTOR,0.9991784331793383
TNIP1,0.9991607812779406
EP300,0.9991320779694173
JAK1,0.9991233125983462
ATRN,0.9991197470610947
AHNAK,0.9990951776089221
LONP1,0.9990641795862059
SOX6,0.9990445985104701
PLXNA3,0.9990390701967465
C2,0.9990280636665115
NELFB,0.9990243496329715
BACE1,0.9989865619485168
SHE,0.9989699255186464
RREB1,0.99895361488088
SETD1A,0.9989259667387843
XPR1,0.9989012421915147
MAGI1,0.998894132274904
NTF4,0.9988856948110161
KPNB1,0.9988382948909748
TOR3A,0.9988251709670026
LRP2,0.9988164221305856
PHRF1,0.9988109006075737
SIK2,0.9988036100676232
SPTAN1,0.9987938000869752
SPSB3,0.9987896374369334
FZD9,0.9987568160781275
ANK2,0.9987566330186579
ASH2L,0.9987314565086719
KSR1,0.9987180310162325
FTH1,0.9986943613276597
EDC4,0.9986860539252143
PARVA,0.9986797657482843
SRCAP,0.9986688255257948
S100A9,0.9986589870358495
NCOR1,0.998653644961508
CD72,0.9986522605768953
CACUL1,0.9986253515755146
FURIN,0.9985986385217995
TESK1,0.9985719613405821
NAV2,0.9985370807622056
UBE2O,0.9984613130818334
SORT1,0.9984600809875821
ABCA2,0.9984508358634889
S100PBP,0.9984303328439732
HUWE1,0.9984229702302592
SMARCAD1,0.9983838699172702
RFX7,0.9983817366538911
MVK,0.9983328063230738
ASTN2,0.9983065968349565
PLXNA1,0.9982923250218143
GPR98,0.9982792167848936
PCDH19,0.9982676187519678
TRPC4AP,0.9982655998465959
HECTD1,0.9982618855798795
MLH1,0.9982526333164106
MICAL3,0.9982377561546633
NBEA,0.9982326257844302
OR1K1,0.998229438137106
SCRIB,0.9982259636201908
SMARCA2,0.9982038726105732
MRPL42,0.998199843715135
ARFGEF2,0.9981807088222093
GLI3,0.9981725929366114
CPSF6,0.9981455794693027
TAF1,0.9981046821799711
LIN54,0.9980563309438275
IQSEC1,0.9980489963560957
KLRF1,0.9980163282115263
CASZ1,0.9980151884876814
TFDP1,0.9979390217039357
NGEF,0.9979347379427763
BCR,0.9978894386179226
APOB,0.9978858888126675
DIP2C,0.9978409091065159
PTPRC,0.9978005108054973
ZMIZ1,0.9977974627470279
MPRIP,0.9977940213576003
NSUN2,0.9977237659217781
DAXX,0.9977141751550661
TULP1,0.9977125479970613
CDH23,0.9977028160423325
PCF11,0.9976726496553436
MBNL2,0.9976693184735856
SREBF1,0.9976563302049788
EGR3,0.9976474578982555
SUGP2,0.9976474121333451
XIAP,0.9976211164103786
ZADH2,0.997620746760082
LLGL1,0.9975958072175485
ELOVL6,0.9975736668398889
MEGF10,0.9975431931194219
PBRM1,0.9975171481961099
PTPRF,0.9975019484931521
HDLBP,0.9973914169263458
HMCN1,0.9973729808632928
NDST1,0.9973541920048363
MAGI3,0.9973380349911586
SKIV2L2,0.9972909464618533
LAMA5,0.9972903477222544
PTK2,0.9972881319632114
NUMA1,0.997272803469023
EDNRA,0.9972526685465304
HNRNPUL2,0.9972205145916367
TFE3,0.9972154773059358
NFASC,0.997204949147629
CAPZA1,0.9971703298238352
SHROOM1,0.9971403505443727
PRKDC,0.9971060448975808
FDPS,0.997104051862928
MUC12,0.9970390154640308
RORB,0.9970192804405442
OTUD4,0.9970144394025108
UBR4,0.9969920294879221
MUC5B,0.996978265323566
NR2C2,0.996955231039573
KAT6B,0.9969520062598902
CTNNA2,0.9969128516670709
SNAP91,0.9969035065345913
ACVR1B,0.9968564728739086
GDI2,0.9968548020513776
TNMD,0.9968488904841738
BEGAIN,0.9968475239378851
ZNF462,0.996845969810231
CSNK1G1,0.9967874416596181
RLIM,0.996752726690525
PRICKLE2,0.9967503555320892
IKZF4,0.9967334384147889
RALGPS1,0.9967316320322389
SLITRK4,0.9966970318098047
WWP2,0.9966699328674412
KCTD15,0.9966642294651351
ZCCHC6,0.9965967079067781
CCAR1,0.9965556638000275
ANK1,0.996463630345541
CGB8,0.9964613323465108
RGAG1,0.9964610120977012
NHP2L1,0.9964498664803682
IKZF1,0.9964428940213367
BAP1,0.9964396194379501
RPL18A,0.9964357815020947
SGK1,0.9964221042260959
PSMD4,0.9963869892454903
GIGYF2,0.9963742764825547
KIF13A,0.9963652617053109
ESRRA,0.9963566378213218
KDM2B,0.9963193624899326
REV3L,0.9963144040872223
AZIN1,0.9963078890600795
SPTY2D1,0.9962483844810593
FMNL1,0.9962299026966595
NUP153,0.9961842829721003
SREBF2,0.9961786728021127
SPTB,0.9961731441986056
SHANK3,0.9961336371725676
LMO4,0.9961321171775084
GNAT3,0.996125192909591
PCBP3,0.9960655191326052
SIK3,0.9960445755857166
MEGF8,0.9960424584220687
CHD7,0.9960222985226802
CAMTA2,0.9959984206341131
HDAC2,0.9959963014102114
AGAP1,0.9959911123822848
HGF,0.9959891674318263
ERBB2,0.9959884300339867
CASKIN2,0.9959782728572295
ANKFY1,0.9959564437302986
SCN3A,0.9959301246683991
DNHD1,0.9958612841764414
SPATS2L,0.99578391518572
ZEB2,0.9957717843164439
CDC40,0.9957682689001528
TSC2,0.995742217357802
SYDE1,0.9957375098678749
ANKRD11,0.9957287198876413
PREX1,0.995699815524506
DDR2,0.9956579640747135
ANKRD17,0.9956123132128659
ABCA12,0.9955181519132626
PDE4B,0.9955101815603128
PPP2R5D,0.9954558692729976
LMNB2,0.9954451860755824
NOTCH2,0.9954268722434949
ZFHX3,0.9952952745062019
SETBP1,0.9952347790123331
CRAMP1L,0.9952317948170092
TUBB4B,0.9952138816339905
PHLPP1,0.9952125625975836
PURG,0.9951810429865967
ZBTB38,0.9951070216360048
HIVEP2,0.9950815025290246
SOS1,0.9950722963489224
HEY2,0.9950663890864271
NEO1,0.9950621766642955
MBNL1,0.9950263728431599
PPEF2,0.9950262582926322
CACYBP,0.9950214897442157
LEPR,0.9950045179346405
ROCK1,0.9950001673998019
NECAB3,0.9949834753546165
NISCH,0.994960135398323
EPG5,0.9949163322440095
ERF,0.994906803066125
PITPNM2,0.9947882409660018
DCHS1,0.9947627627871063
ETHE1,0.9947591738460707
FNDC3A,0.9946770080116454
SYNCRIP,0.9946659604947318
TCF7L1,0.9946539486088194
PEAK1,0.9946325460312362
CREBBP,0.9946024832658651
TOP2A,0.9945581638258609
RPRD2,0.9945425653978264
PAPOLG,0.9945369763258368
FRYL,0.99452077987437
SYNE2,0.9945037710674325
SYNGR1,0.9945020906326674
GRIA1,0.9944801741556696
ABCB6,0.994475587634061
TPK1,0.9944741076916297
DAPK1,0.9944364444836569
KIF2A,0.9944331234750822
ELMOD2,0.994432406642903
CAPZA2,0.9944003469066776
NPAS3,0.9943939157498835
PHF1,0.9943415871123364
FZD8,0.9943387975716472
TFAM,0.994288453170118
CPD,0.994245806895068
TNS3,0.994219946495117
MPP6,0.9942034103037325
LIPG,0.9941932929708464
NCF1,0.9941905773867603
RARA,0.9941839201984665
RASGRF2,0.9941024509258785
LARGE,0.9941021860088454
MPDZ,0.9940969387507188
SZT2,0.994046747234585
NFYC,0.9940096288499095
MYH14,0.9939915331445902
PTCH1,0.9939357061608768
BRD7,0.993924627557796
DPP8,0.9938611502778055
EXOC6,0.9938587657620085
FSTL4,0.9938232823840917
NAV3,0.9936921274134641
SNRPG,0.9936793480003959
RPTOR,0.9936716498545806
PER2,0.9935848475037742
BTAF1,0.9935681016570596
SORCS1,0.9935014539906075
MORC1,0.9934448854914879
PPAP2B,0.9934188989046233
ZNFX1,0.9933174206286427
AMBRA1,0.9932933367219697
AFF3,0.9931544219584054
EHMT1,0.99313363584699
GRINA,0.9931056206391212
AVP,0.9930394814120328
GAD1,0.9930049555474671
IRF1,0.9928932642746207
PRKCE,0.9928928935929059
BOD1L1,0.9928036732166681
RGS7BP,0.9927767168288758
PLCG2,0.9927201202141749
COLEC12,0.9926284454124022
ACACA,0.9925805160044974
CCT5,0.9925067953065733
MCL1,0.9925025466615381
ASAP2,0.9924043541975877
DOT1L,0.992287282591715
COL4A1,0.9922606756933645
NRIP1,0.9922427897121353
PTK7,0.9921148620710544
WARS,0.9920800586808929
PDGFB,0.9920714011614905
INO80,0.9920571095490592
BMS1,0.9920281699885606
QKI,0.9920222562544906
SEL1L3,0.9920158438812532
AHCTF1,0.9919649213008128
BZW1,0.9919634901819658
SET,0.9919389090705671
MGST3,0.9918317784051227
CACNA1C,0.9918171485693237
SLA,0.9918099819730336
PIK3C2B,0.9917999866460032
KAT2B,0.991796644888385
HNRNPU,0.9917875670418331
GON4L,0.9916882032499702
RSL24D1,0.9915968318918541
ETF1,0.99146599984184
MAP3K12,0.9914536591795577
INTS5,0.9914280267442545
TP63,0.9913815271678381
GIGYF1,0.991377433277687
ADAT2,0.9913716509656072
CLUH,0.9913330916135618
BCAS3,0.9913311139533736
TNRC6B,0.9913127917881578
CACNA1G,0.9912474368342272
CENPI,0.9912068334008884
CRHBP,0.9912051851061687
ITPR3,0.9911179273859314
NLK,0.9911152894732115
FLNA,0.9910753853287504
OTUD5,0.9910748756131142
EEF2,0.9910596729739183
PYGO1,0.9910192400532439
SLC6A3,0.9909875056017029
PKNOX1,0.9909654057844737
SMOX,0.9909091684621865
SLC4A8,0.9908793800997193
P4HB,0.9908542842801232
ZFPM2,0.9908487152399837
FOXN1,0.9907965908597877
FCGR1A,0.990789990458705
WNT2B,0.9907752900901917
FAT3,0.9907166391208162
NEMF,0.990709154437075
MDGA1,0.9906953277484984
NUFIP2,0.9906879681982286
ACRC,0.9906786247193612
PRDM10,0.9905621867122573
FCGRT,0.9903722891200294
RTEL1,0.9903667877628834
DNER,0.9903534387632249
ITPKB,0.9903034278937984
CCSER2,0.9901950118307323
GGA1,0.990182845005312
YLPM1,0.9901807185609552
KIAA1244,0.990162962689866
HIPK2,0.9901576741210334
STX3,0.9901074439916547
PPARD,0.9900503473822975
EHD1,0.9900334149144139
GTF3C1,0.990015263436999
BACH2,0.9899931993225873
BAZ2B,0.9899483818140432
ARPC2,0.9899055046300016
OGFR,0.9898572854899464
SRSF6,0.9898568658141538
SIN3B,0.9898086814511229
NEDD4L,0.9897676269933461
EYA3,0.9896266280479505
TSHZ1,0.9895869201270573
DNAH8,0.989493942274803
STAP1,0.9894938026305905
THOC2,0.9894865785519502
INHBA,0.989463919620002
GORASP1,0.9892583695784697
KHDRBS1,0.9889650034323269
MARK1,0.9888106029257513
CLTC,0.9887432095470459
SF3A3,0.9886964693903343
SV2A,0.9886808984917149
SYMPK,0.9885916510344087
COX10,0.9885689916422382
SH3RF3,0.9885677540791575
CYFIP2,0.9885557282986394
RC3H2,0.98849908836169
VIM,0.9884987985347973
KCNQ4,0.9883161969389812
GRIA4,0.9882815244207217
DLK2,0.9882486426527131
HCFC1,0.9882101407148621
PC,0.988123357107385
COL1A2,0.9880915171398568
DERA,0.9879709849112531
SMC3,0.9879216998803806
WSB1,0.9878846791097904
ESPL1,0.9878743187243466
PSME4,0.9876322449094582
PTPRZ1,0.9874075161483883
PIK3CA,0.9873606410939889
TG,0.9873127360997619
GAB2,0.9871706102432557
RLF,0.9870853608503625
PPP1R10,0.9870621210960547
CX3CL1,0.9870191469901828
RPL6,0.9869991943355861
KIAA1549,0.9869816648047747
MED26,0.9868601512274011
XAB2,0.9867909315072964
NFATC1,0.9866636072242442
CELSR1,0.9866551075570191
YEATS2,0.9865536826916206
UPF1,0.9865461122794633
BRSK2,0.9864239557114713
LGR4,0.986353984858833
ARHGEF2,0.9862935653111821
DMXL1,0.9862862849601842
FERMT2,0.9862528505934721
RANBP17,0.9861405869384291
FAM131B,0.9861298755081984
GRIN1,0.9859860108034167
LYST,0.9859737633533414
WNK1,0.985736099956794
USP26,0.9856995077836037
SYNE1,0.9856579585095268
DMTN,0.985562124084215
SMARCA4,0.9854611863564045
DAGLA,0.9852928756315241
LRFN4,0.9851413250800004
SRPR,0.9851250790494944
PDZRN3,0.9850821709620962
VCL,0.9850395304057579
GRM4,0.985027909705632
ARPC3,0.9850037721498358
HNRNPAB,0.9848248897698111
CCZ1,0.9848204326149911
SYCP2,0.9847261789052261
RAN,0.9846803085784435
TFRC,0.9846600482270483
TRIM9,0.984555637355847
CA11,0.9845090168965289
SFSWAP,0.9842892955718824
NACC1,0.9842538710708622
FLG2,0.9841711791499177
FOXB1,0.9840918022021693
TBC1D25,0.9840541843276718
PWP2,0.9840369123348588
ENO2,0.983994739734822
ADAMTS1,0.9837779653126487
AQP2,0.9837251448326132
IPO5,0.9836937810385853
PTGES3,0.9836804631924363
PPP1CC,0.9836450470447791
MGA,0.98363179269869
NRF1,0.9836287834832839
FCHO2,0.9836047626587269
SMIM11,0.9835824160154246
GRIK5,0.9835707969691004
CACNA2D1,0.9835121103642173
PRPS1,0.9834961376040368
WWC3,0.9832951071649227
NDUFS2,0.9832561181276331
ATF7IP2,0.9830723606029685
HSPA14,0.9830024527033496
CHERP,0.9829983893819363
SARNP,0.9829640520062565
BRPF1,0.982830753136815
ESRP1,0.9827622800874202
DGKZ,0.9826883643591533
NFIA,0.982648364775281
HNRNPM,0.9824815121197125
EFNA5,0.9824412769730781
INF2,0.9824079639112874
SPSB1,0.9823060207277082
TSC1,0.9822948160666968
PLXNA4,0.9822874477382494
PMAIP1,0.9822553820171063
DNM2,0.9821150042080311
PDGFRB,0.9821057484331346
RGL1,0.9820810852270685
DLGAP2,0.9820738068917583
CAPN7,0.9820607277543761
MAL,0.9819289497663239
PRRC2A,0.9819216782947944
PMEL,0.9817164985068269
PLIN5,0.9817149901972301
BICD2,0.9815129978045898
UBQLN2,0.9815067104554284
NHLH1,0.9813698568761563
ATAD2,0.9813218763487347
CCNC,0.9812471127908948
ZER1,0.9812011950741192
RTN1,0.9811960290394567
MSI2,0.981150185968151
ERP44,0.9810587854736793
COL3A1,0.9810203636025222
VPS13D,0.9809610272566296
GRIK3,0.9809242457366085
RAI1,0.9809165190487867
UNC13C,0.9808983821326499
SLC35F3,0.9808377184023791
NRP1,0.9808185587152799
HEXIM1,0.980772278445789
BAI3,0.9806998936646588
ARID4B,0.9806636020110608
KANSL1L,0.9805908944357713
USP9X,0.9805402780848765
ITGB8,0.980520536448697
SLCO3A1,0.9804207442205523
SRC,0.9803717636506346
PTPRB,0.9803377232738324
PITPNM3,0.9801842070703829
DLC1,0.9800743926751474
AGO3,0.9796977619467397
MEMO1,0.9796331863660452
SART3,0.9796166064342346
TRIP12,0.9795823414648192
IBTK,0.9795682188265356
RSF1,0.9795626130814032
ECHDC1,0.9795216362652971
ELL2,0.9793091021941066
CNTN1,0.9792862430381
DROSHA,0.9791520165800662
XK,0.9791491183342486
APC,0.9790823758264943
KIF1C,0.979030788415673
TJP1,0.9790065944063928
ILKAP,0.9789618479423914
LAMC1,0.9789407769239903
PRDM2,0.9788633892177618
RXRB,0.9787513661758245
PLAGL2,0.9787092022684286
NCAPG2,0.9784644450053512
LCORL,0.9783488424397014
PCDH9,0.9783453275780888
HYLS1,0.9783306672311491
CLSPN,0.9782458100228936
RALGAPB,0.9781903691729329
FAT4,0.9781416092712084
TAF7L,0.9781377494287808
MEOX2,0.9781102174279439
TPR,0.9781044597644012
APC2,0.9779266773397413
IL2RB,0.9779242548235246
CNTFR,0.9779139297299269
LATS1,0.9778590890889423
ALX4,0.9778360550626984
DGKD,0.9776814851681821
ARL8A,0.9775735879731162
CRIM1,0.9774954500000244
DIDO1,0.977450948660299
DOPEY1,0.9774241620248442
MYH9,0.9773205216684309
IRF2BP1,0.9771777677553386
UBE4B,0.9770438224468206
CENPE,0.9770037541861014
BACE2,0.9769004272231371
YTHDF1,0.9768886430416596
MYCBP2,0.9768464389129644
TIPARP,0.9768175688085724
CAD,0.9765012481383291
AKIRIN2,0.976470320209168
RUFY2,0.9764485467160657
CIT,0.9763906026106932
CYTH1,0.9763562564607414
TAL1,0.976266847480767
CHUK,0.9762066320890066
STAM,0.9761591356860282
AXL,0.9760782021963266
TASP1,0.9760387218448994
NRBP1,0.9760170319975158
STX1B,0.9757422987350858
LRRTM3,0.9756145603496599
CACNA1D,0.9755984561975644
LPHN2,0.9754960695155713
RIMBP2,0.9753450380734769
LRP5,0.9751987297196032
KIAA1109,0.975137523847624
DNAH5,0.9750865450328315
OGDH,0.9750630062140062
NEB,0.9750394134859515
SLIT1,0.9750057394462276
DEPDC5,0.9749370868157948
TGFBR3,0.9749271575092987
BLCAP,0.9748986258197117
TAOK2,0.9748478214377433
CACNA1H,0.9747701354657099
TAOK1,0.9747236906746527
PGRMC1,0.9744009912729135
ELMSAN1,0.9743851320999936
ZFC3H1,0.9743261801699152
MLLT4,0.9741303649041716
CLASP2,0.9740545416091038
DNAH10,0.9739342166276214
PHIP,0.9738745987269564
MTSS1,0.9738067076372299
CNP,0.9737441456047725
ENAH,0.9737213522782054
COL11A2,0.9736376848084229
POGZ,0.973528805299483
INO80D,0.9735141630459209
NDFIP1,0.97335990323937
PTPRT,0.9733179413639539
SF3B1,0.9733141764840156
DAAM2,0.9732097566011683
USH2A,0.9731288156019334
SUPT5H,0.973082873514903
API5,0.9729588150668207
ASH1L,0.9729440363334032
KIAA1045,0.972875488548054
PLCB3,0.9728655096929563
RET,0.9728336615883489
FAR2,0.9728186031858651
WNK3,0.9727375752964252
SERINC1,0.9726477472552457
MRGBP,0.9725742331811443
IGSF10,0.9724878516402596
GCN1L1,0.9724546084235166
PGR,0.9723282536070716
REPIN1,0.9722290678924322
C3,0.9721837582018338
CAPN6,0.9720610774500075
TNRC18,0.9720040715875282
FXN,0.9719764431482927
RAP1GAP,0.9719677818808161
YPEL2,0.9719413404824617
MYO7B,0.971881142096033
NPTN,0.9716120827152083
CNST,0.9713783083175165
SPRR4,0.9712919769981974
TCF15,0.9712867636347055
PPM1H,0.9712591973798702
KANK4,0.9712314701371233
FUBP3,0.9711888762200345
CASK,0.971134776086943
MTL5,0.9710441222854503
MTMR4,0.9710020130162699
RANBP9,0.9709875627112993
ACHE,0.9708630471009099
DTHD1,0.9708525279118809
F8,0.9708013915067712
RAPGEF1,0.9707860640489455
LPHN1,0.9707369192932042
EED,0.9706162042015084
APBA1,0.9704058569227627
SSH2,0.9702597690874161
SMPX,0.9701312816355717
POLR1A,0.9698674055502039
SGTB,0.9697905092984022
RAD23A,0.9697217134440504
CCDC88A,0.9695782331634941
CRTC2,0.9694707930914481
PIKFYVE,0.96930522917357
YPEL1,0.9692896719056079
SAFB,0.9692766830760111
ZXDB,0.9692519770569937
HERC1,0.9692241520664784
NF2,0.9691259124119636
EBF4,0.9691106488897843
PPM1D,0.9690890580882052
GATA2,0.9690779356799535
DLG4,0.968990131490261
RUVBL2,0.9689732259546018
OSTC,0.9689509314165088
PRKAR1B,0.9688482066615708
MCU,0.9687770712952293
LIPM,0.9687250632516955
AKAP9,0.9687066342973106
TWIST1,0.9683591955282651
CLRN3,0.9683541867547638
KIF4A,0.9681833096471931
TNS1,0.9681808751348739
SIX6,0.9681679197455755
TLR1,0.9680016335000186
DPYSL2,0.9679654850195449
BRWD1,0.9678255046165786
ZC3H4,0.9678196842171669
CUL9,0.9676885302465288
TBX1,0.9675959126635272
CDC34,0.9673436233438152
SNRNP200,0.9671926066332668
PANK4,0.9670825761794783
PRPF31,0.9669200979075685
RPL37,0.9667741144479981
VPS54,0.9667268578546456
OVOL1,0.9667170200625085
PTPRS,0.9666335602636578
IPO8,0.9665766221007392
ALS2,0.9665761813540477
PIM3,0.9662796001650791
RND3,0.9661543281112245
PSMB3,0.966133074504775
GIT1,0.9658359344998587
NBEAL2,0.9656373819229835
MBD6,0.9654825268541641
PUM1,0.9654181205855479
TPP2,0.9652983403056302
FAM155B,0.9652352867371123
F9,0.9651622792753428
KCNMA1,0.9650841182152141
PDZD4,0.9646754028229996
RPL19,0.9645488226698617
RUSC2,0.9645338286166911
MAU2,0.9645005038811324
CACNA1F,0.964461084453069
VCPIP1,0.9643983884379477
DYSF,0.9643306987682413
BRINP1,0.9642653801891654
CXCR2,0.9642446198826562
RXRG,0.9639082265556644
PRKCH,0.9638669119147891
NPAS4,0.9638075490258906
PHC2,0.9637529082780069
MID1,0.9636908669922686
ZYG11B,0.9635853828250718
ZFP36L1,0.9635457149304276
FRY,0.9634101455758021
USP37,0.9633678843865583
BABAM1,0.9633273833631694
FBLIM1,0.963290734119786
L3MBTL3,0.9632776024225578
PARS2,0.963087724265601
PSIP1,0.9630606118894488
HIC2,0.9630096516925182
CDX1,0.962982286811921
RHPN1,0.9629820984550965
FSTL1,0.9629585865576135
INS-IGF2,0.9627849895489804
RUSC1,0.9626806426218038
HECW2,0.9622714447338493
MOV10,0.9619174894727915
IFLTD1,0.9618997170179745
MAPKAP1,0.9618354362911898
SEMA6A,0.9618348721299882
PGM5,0.961804458769481
GULP1,0.9615439354847342
USP42,0.9614552301272787
DPP10,0.9614458856579278
TLE4,0.9614454778181265
MCM3AP,0.9614246163963223
FOXK2,0.9613318995583645
ARHGAP32,0.9611260287244916
UNC79,0.9611259899238374
TNRC6C,0.9611186300865487
CUL4B,0.9610143848173989
TERT,0.9608894354293667
TTBK2,0.9606094686033789
POLD4,0.9604678429907344
ST7,0.9603530418057468
MED13L,0.9602900194425139
DCLK2,0.9601560935552697
KIAA0430,0.9600358096920447
KCTD3,0.9600210650101727
CELSR2,0.9599328882130587
ITGB4,0.9598473846906482
AJAP1,0.9596639893756886
MAX,0.959629381543811
AGPAT3,0.9594752528961104
CHRM3,0.9594631437988529
ZBTB7C,0.9593989562827351
FUS,0.9593174221359545
FAT2,0.9592409534047331
ARID1B,0.959233141639723
ITPR2,0.9592131956562883
CEPT1,0.9592131581995804
TPH2,0.9590005572686006
LRP3,0.9587418551625404
LPCAT3,0.9587097152044953
HVCN1,0.9587013162129575
CORO2B,0.9584540362888174
KANK2,0.9584199611473424
BNC2,0.9583984902265695
BRD9,0.958239775023208
PDZD2,0.9581931621360299
SNRK,0.9581464083812289
EEF1A1,0.9580148961198319
NEURL4,0.9579758088350209
GAK,0.9579072323834794
FLNC,0.9578540519176817
CERS2,0.9574910012334625
TTLL12,0.9573453708501607
RLTPR,0.9571902828715223
LRIF1,0.9570727954247384
ESRP2,0.9570358802830781
CUL5,0.9569615358778892
ANXA8L2,0.9569218224363579
MGEA5,0.9562279374665478
SGSM1,0.9561057169589381
PUF60,0.9560694077614541
RAB9A,0.9560488544995879
PCSK9,0.955773659393528
POFUT1,0.9557078749060254
GOLGB1,0.9557013282950549
BEX1,0.955687357034304
NKRF,0.9556301596542732
SHFM1,0.9555496423532316
ASUN,0.9554707748015243
ANKRD12,0.9554674447622781
SMNDC1,0.9552919141723584
KBTBD6,0.954890679231901
HELB,0.9548902584444905
FAIM2,0.9548890298100803
ARHGAP4,0.9548745049680665
YTHDC2,0.9548661029387279
NDUFAB1,0.954735214006863
ERLIN1,0.954623204269761
PLD2,0.9545090862856539
RASGRF1,0.954149364244084
SIPA1L2,0.9537456251081494
LALBA,0.9536923550203412
SUPT16H,0.9536301510873589
LRCH2,0.9535221118195544
FLT4,0.9531761461083539
MGAT5,0.9531205238398638
PCYT1B,0.9530247978904132
KCNMB4,0.9528676911542378
POTEM,0.9527320168555489
PSMD6,0.9526867070940817
NMT1,0.9525835179299921
NKTR,0.9525637804360828
NANOG,0.9520913790256995
SPATA9,0.9519987787611424
UBAP2L,0.9519374238171561
EGFR,0.9519355467032261
OTUD7A,0.9517653700613491
UBR5,0.951627301683514
RNF213,0.9514986248747087
HOMEZ,0.9513672136850064
ARIH2,0.9513373837554534
RHOA,0.951238118366053
CTSV,0.9511613834885153
BCORL1,0.9510282398790576
EVL,0.9510078910065334
CHD5,0.9509992344898193
MLF2,0.9508655746189995
STAG2,0.9505801611966673
KAL1,0.950567773380183
CSNK1A1,0.9505645553411296
GIT2,0.9504924638692553
POLR2A,0.9504756573824589
PLAGL1,0.9503247654585691
HMGCS1,0.9503100206547486
C2CD4B,0.950250664081455
RIIAD1,0.9501227414586314
PTPRK,0.9500955165373947
ARHGEF26,0.9500833215269217
CYP8B1,0.95007014105107
CADM4,0.9498530812427796
NTRK3,0.9498116591939408
UBN2,0.9497030622226305
CENPL,0.9494398682836868
NACAD,0.9493429261398897
SKP2,0.9492071981894948
PREP,0.9490789379067169
NAPB,0.9489506936749124
ABLIM2,0.9488405387176113
THBS1,0.9484455155494859
TNFRSF11A,0.9483847627464354
ARHGEF12,0.948358363266593
ORMDL3,0.9482876453530803
RPAP3,0.9482270313891401
ACTN1,0.9482207909189526
PACSIN1,0.9481883554000151
CXXC1,0.9481520680342272
GTF2E1,0.9481236096128698
SYK,0.9480812347568127
LMX1B,0.9478126036616916
ICMT,0.947810613544409
FSCN1,0.9477950938792687
TOX2,0.9477632578616273
LRBA,0.9476628350440871
GABBR1,0.9476336297339264
YWHAE,0.9475668228598441
ALDH18A1,0.94750808990697
SPAST,0.9473653962783041
MSL3,0.947328348570075
MYRF,0.9471174334261063
ATXN2L,0.9469179550480834
HTATSF1,0.9469125913535609
SPEN,0.9467538858071414
VDAC2,0.9465594069063872
BCL2L10,0.9462684953078006
NID1,0.946027435062264
SON,0.9458206514835287
HRNR,0.9455664509401277
EHF,0.9455348457130136
DNMT3B,0.9452490154299837
GATAD2A,0.9451107502771297
HIVEP1,0.9450694556555691
CMIP,0.9446694514534377
FGF20,0.9446107378083104
OSR1,0.9444429737324729
TIMD4,0.9441264026580576
DESI1,0.9441018879114954
CADM1,0.9440501621004587
EPN1,0.9439450019609373
JAG2,0.9439006122635513
BTG1,0.9438450627737838
EPT1,0.9437976709778862
ARFGEF1,0.9437924976077806
CDCA2,0.9437007284807774
DLGAP3,0.9436778048824145
TRIM24,0.9435789507897197
LIMCH1,0.9433771185297317
CLIP2,0.9433300394574382
RBL2,0.9429783560772286
MAP3K1,0.9427693455262298
INO80B,0.9427265350791199
ATXN7,0.9425684720602879
MINK1,0.9425595897755447
NWD1,0.942450216916512
PELI1,0.9424277040307936
CSTF3,0.942107277583565
DOCK3,0.9418759193882138
ADRM1,0.9416865965688886
CAMK2G,0.9416770589044957
CTNND2,0.9416347508567172
ARHGEF11,0.9414310211777828
BRPF3,0.9413851105996737
RORA,0.9412911512961323
POLA1,0.9408120642239557
RAF1,0.9407986114182008
VAPB,0.9407813618268287
VGF,0.9406682756214716
DNAH1,0.9406021109082706
PMCH,0.9405238108847113
KAT6A,0.9403872302127895
GNAI2,0.9403855544915455
PKN2,0.9403255503445214
CSDE1,0.9398781229244264
TRMT1L,0.9397704950097339
GNA13,0.9397043678822322
GPBP1,0.9396512645587797
TIAM1,0.9396433147841502
PROSC,0.9391865136463062
DPYSL4,0.9390687143337882
AAAS,0.9390351904024848
TXLNA,0.9388681288833919
DSCAM,0.9386851209681469
CDK5,0.938654529535576
MPHOSPH8,0.9385997366188752
FCHSD2,0.9384963617169864
LETMD1,0.9383040881582002
USP1,0.9380587944882006
HBP1,0.9379126364856739
DIRAS2,0.9374970357849737
SFMBT2,0.9370635479768471
PROX1,0.9369604498132094
RELN,0.9367700892142411
GRAMD1B,0.9367396424677286
NFIL3,0.9366832570412642
CHD4,0.9365184223997148
ADCY5,0.9363818882233061
FASN,0.936155053742588
BIRC6,0.9358982666834663
KCTD1,0.9358632768626084
RARG,0.9353117013982772
SUN1,0.9352424346957684
PIGH,0.9351780907405299
EMD,0.9350545715275296
UNC13A,0.9350346622722078
YY1,0.9347685347802346
SNRNP35,0.934750928787191
TEX10,0.9345175981761459
CLOCK,0.9345121747797152
RNF144B,0.9344317823482113
UCKL1,0.9341869580785791
SPAG9,0.9341489003736801
SHROOM4,0.9341442785419296
DOCK10,0.9339182499154098
MYO16,0.9338066236590978
MECOM,0.9337819459945742
SOD2,0.9336046078108039
QRICH1,0.9334582847595831
R3HDM2,0.9332795002009069
FBN1,0.9332237166074067
USP11,0.9331240430638438
COPB1,0.9330121348352364
ATAD5,0.9329309555035471
WDTC1,0.9325091573090127
SCN1A,0.9324294632284004
PRG4,0.9324285055360694
DOCK2,0.9324014926903165
SI,0.9323914008953199
PCDH11X,0.9323015884160214
ZMYM4,0.9322467778555705
SETDB1,0.932237367878667
SYVN1,0.9320679964501241
HAP1,0.9320483949075229
MYO1B,0.9319552657953566
RASGEF1A,0.9318000586798362
KLF3,0.9315462867967443
IVNS1ABP,0.9314111826941353
TMSB4X,0.9313892378198052
SLC4A4,0.9312770767355996
RHOXF2,0.9310523082348119
EIF4B,0.931026196672521
ERC2,0.9309745293990778
ILF2,0.9305469569266506
TYMS,0.9305416971922468
SOSTDC1,0.9304348900414603
BANP,0.9304026367303854
RASA1,0.9303384873979859
CACNA1I,0.9299554344663331
XRN1,0.9298558754652085
ADAP1,0.9296990168898226
RUVBL1,0.9293162880181312
EWSR1,0.9291636997065339
QSER1,0.929162478569185
ESX1,0.9289935456584332
LMNA,0.928921886208245
HM13,0.9287831913458722
PAX5,0.928579623146201
MSH2,0.9284043788795423
SPON2,0.9284017295997563
EIF3A,0.9283600836282132
ZCCHC2,0.9283103550796065
TRABD,0.927985816074497
MN1,0.927879095600636
SESTD1,0.9278255927698932
APLNR,0.9277913920052338
AGRN,0.9277655571389117
COPA,0.927697906731252
ORC3,0.9275432766301627
SMEK2,0.9275309968162658
PFKM,0.9275273820438087
ALG1L,0.9274684800886074
FANCA,0.9273201521861293
SRF,0.9271933247459656
RB1,0.9271281770929651
LAT,0.9270006593957112
FUNDC2,0.9268749033489855
SARS,0.9264327600763266
NAP1L4,0.9263931074867813
PRDX4,0.9261427081325707
EFEMP1,0.9260141567689046
DDN,0.9258439371392383
PABPC4,0.9257483037210743
PSAP,0.9253525149671161
TRIB1,0.9251119461013815
PELP1,0.9250146546100875
DLX3,0.924922918531756
MAST1,0.9248901432508368
COL7A1,0.9248644519872828
MYH13,0.9247681746809554
SERPINC1,0.9247109868380627
ACTC1,0.9247029226313472
CARD11,0.9245875972441445
FOXP1,0.9245615204065207
SHANK2,0.9245589952153799
APBB1,0.9242318080888478
NFE2L1,0.9241525770365244
FBXO33,0.9241225391369248
ADCY2,0.9240450995282575
SIRT1,0.9238834762629694
C1orf21,0.9237297854765513
SNED1,0.923646542143675
ALG6,0.9235208393601866
LLGL2,0.9235201725519646
NCOA1,0.9234434809803704
DNAJB14,0.9233444898535524
BPTF,0.9231809331547588
TTYH1,0.9231411718647616
PFKL,0.9230738126141946
SECTM1,0.922691790830429
ARID2,0.9220972811292706
PLRG1,0.9217238051113046
DEAF1,0.9217203415462767
MOSPD1,0.9215384073402049
TSNAX,0.9213945856301095
IDH3G,0.9209452556515163
RBCK1,0.9209034921580616
DET1,0.9208342684741484
DNAJA2,0.9207708543057632
UHMK1,0.9207436179070735
ALAS2,0.9206893826482825
HAMP,0.9206461122016883
C9orf153,0.9202487218288037
NR3C2,0.9202467175003892
PTPN9,0.9195638310378385
NOVA1,0.9193803108244815
INPP4B,0.9193166714629908
ULK1,0.9191042184847885
ZC3H13,0.9188991105401513
LYN,0.9188514099545803
HEPACAM,0.9187553552859083
KIF1A,0.9184242523089285
ABHD2,0.9184215277376498
CDC37L1,0.918260706371576
HNRNPA1,0.9182448982666236
DIS3L2,0.9180694069521598
PSMA6,0.9179091171018162
DYNLRB1,0.917850732889536
ABL1,0.917720339029337
CYFIP1,0.9173184293238059
CHD9,0.9169476309970657
F10,0.9167841147537485
ASPN,0.9164389917814321
GSPT1,0.9163845717898947
CEP170B,0.9162175644732976
XPO5,0.9162021180129135
ROR1,0.9161607260438233
CFL2,0.915777436618069
ELF4,0.915555845397419
CLPX,0.9153767891077292
NFIB,0.91502205913317
KDM4E,0.914972007953568
PBX1,0.9147541604770553
NRN1,0.9145531374036191
XIRP2,0.9144360298866215
HIAT1,0.9140334026353375
PSMC5,0.9138470759996857
TOPBP1,0.9137229183074145
SUCLG1,0.9136793415206889
CNNM4,0.9134211970024455
TSGA10,0.9133172823933496
UBL4A,0.9132521522007915
NCS1,0.9128050079776727
PKP4,0.9127468635738348
ATP1A3,0.9124924328330745
TLK1,0.9123220788601981
SFPQ,0.9122595745225606
FICD,0.9121498908703894
CCNJ,0.9119699232947857
GCH1,0.9118916029609394
INPP5J,0.91188054945437
IFI27,0.9117733892866441
WDFY4,0.9117172287445926
AKAP14,0.9116759361790695
FNIP1,0.911275043824314
DDR1,0.9111466447236578
CREBRF,0.9109802356233748
XRCC6BP1,0.9109689597922547
STRAP,0.9109611173918848
NMNAT1,0.9109221418872381
CDKL3,0.9108544351782026
POLR1B,0.9107296121436341
LEPREL4,0.9105638960249534
ART5,0.9104131587409825
SRRM4,0.9103610009462334
RXRA,0.9102307902719469
ADAM23,0.9102133091887783
HDAC5,0.9100901909236195
KCNQ2,0.9100261298335898
PSENEN,0.9098986260044539
SUPT4H1,0.9093494028500955
NDRG3,0.9091788599253541
RDX,0.9090319092437494
RNF111,0.9087418454920325
ABCF2,0.9085967198433262
GPR137,0.9082300125079716
PXMP2,0.9080539487464817
MBD5,0.9077870568234027
FLT3LG,0.9076912403583869
BCAR1,0.907624885158432
DIP2B,0.9074507151568334
CDH1,0.9073425594479719
FREM2,0.9071316507291051
CIZ1,0.9070498429568644
CLPP,0.906977042357226
ANKS1A,0.9067400603128721
STIM1,0.9063901036967136
CHAF1A,0.905988961903536
GAB3,0.9059314492383583
SMARCC1,0.9058004583611973
ISY1,0.9057538314355189
TMEM131,0.9056676092851139
FLVCR2,0.9055059409909323
SSH1,0.9054092491077097
PLXDC1,0.9052244294635958
AFF2,0.9049511871036678
TRMT12,0.9049426724803669
CHRD,0.904521075462798
BCL11A,0.9043553553218713
PIANP,0.9043388979356421
VAC14,0.9042108558667493
LYPLA2,0.9041719271792925
IPPK,0.9040597336152584
WHSC1L1,0.9039667040989301
SEC62,0.9036864818460837
SYCP1,0.9036090458077696
C10orf12,0.9034793854136038
CDH20,0.9030639901904195
ZNRF3,0.9030400381851209
ENG,0.9026685643541315
PRH2,0.9024416767261626
RNPS1,0.9021401047953967
RANBP3,0.9020862941953673
ARX,0.9019334894261329
SFXN1,0.9017240398001167
KLC2,0.9016647598389497
SSR4,0.9014326179988837
SEC24C,0.9013962819972631
DSC1,0.9013929023235971
PLEKHM1,0.9012964348221948
VAV1,0.901238739333839
ARSG,0.9011824529741818
FOXP2,0.9009897668106309
RNPC3,0.9009859102883971
COPS4,0.9008212800986567
CDCA4,0.9004406827561561
GRIK1,0.9002997820481369
PCNT,0.9002184478367067
KSR2,0.9001878419758806
ACAP2,0.900162486739148
IP6K1,0.9001157782103724
USF2,0.8999981762196205
UBFD1,0.8999264926333884
CDAN1,0.8998519340085249
DCAF6,0.8998415194257056
FOXC2,0.8996899828247286
ISG20L2,0.8995070966422264
RHPN2,0.8994360942538256
NPRL2,0.8991154625692408
SNX13,0.8990748766209529
SETD2,0.8990358419335068
ASB7,0.8989486034632499
RGPD3,0.8988117793176057
ADNP,0.8983780571116509
FRMD4A,0.8983355253918186
MAT1A,0.8981912548618739
MAPKBP1,0.8977850710028691
MRAS,0.8977116187440418
SSBP4,0.8975464066229139
SCO1,0.8975444022897835
CRY2,0.8975107766339558
STAT3,0.8974818910455857
CLPTM1,0.8974688001189501
TGFB3,0.897181787299758
NAA15,0.8971551419807617
ANLN,0.8969970246467774
CIC,0.8968917607616126
DPF3,0.8968025861072612
GDF5,0.8963145091956292
SPOCK2,0.8960937089518565
COL5A1,0.8958752996552662
KCNH3,0.8958403746377336
TOX,0.8957877443973404
PPFIBP2,0.8957804864471378
JARID2,0.8957600206859208
PPFIA1,0.8956938946933773
AIFM2,0.8955169756926683
SHOC2,0.8953282728311139
ANKS6,0.8952873311269622
CBLB,0.895141821901947
TM9SF2,0.8951102585348627
APLP1,0.8948065978417008
STARD9,0.8947606641616789
TLN1,0.894598165374181
ZBTB5,0.8944064427642363
ARHGAP21,0.894382583706882
NKX2-5,0.8943566327916145
UPRT,0.8942042626884207
CTR9,0.8941177575416915
FBN3,0.8940410263223494
FEZF2,0.8940093759011788
PRR14L,0.8935910074791277
NFATC2,0.8934316364164351
KPNA6,0.892952563056182
RCOR1,0.8929354551974199
HCN1,0.8927005258201101
PCDHA7,0.8925029306288134
CRYAA,0.8924969329452654
SYNM,0.8924914240085536
DLL1,0.8923111743445045
CFLAR,0.8920733619095006
ZKSCAN2,0.8919836673106295
SNRPN,0.8918792090323475
SCAI,0.8915837417724134
TECR,0.8913878865124251
CACNA1B,0.8913724303242051
PAQR9,0.8912933132333394
TBX3,0.8911450081499764
C18orf25,0.8911227322274665
LYL1,0.8910627273022488
HYDIN,0.8909545177773547
DNAH7,0.8908604927412288
ARL3,0.890820917461372
GINS3,0.8906355369808794
C15orf39,0.8904469238265794
NIPAL3,0.8903095221333728
MLLT6,0.8899074616126799
NCBP1,0.8898427925439123
IPO9,0.8897872264740627
KANSL1,0.8894309015827059
PRPF40A,0.8893955292387749
CHD6,0.8893919771109109
LINGO1,0.8893389389837635
GAS2L2,0.889158895487105
FCF1,0.8891068406661593
NFKBIZ,0.8890994670266786
CSNK2A2,0.889038465891499
SIDT1,0.8890288341430259
PGAM1,0.8886566614848048
DACH2,0.8884589795398289
MTCH2,0.8883898567105185
PHLDB1,0.8883036474595062
RFWD2,0.8881391796906032
KCND3,0.8873976193784616
CACNG3,0.8872990169705464
RBFOX2,0.8872110687237224
CACNA1E,0.8870371454499294
AP1M1,0.8866156623991719
KITLG,0.8864770321427492
MXRA5,0.8864709237920072
GRIP1,0.8863944854775517
TTL,0.8863836680877477
MAP3K4,0.8862951089693978
MAGED1,0.886246609300254
FAM193A,0.8861728688875619
SOS2,0.8861593731425298
PABPC1L2B,0.885849664766073
AMZ1,0.885593380211339
FAN1,0.8853536858252017
IGSF1,0.8853368762691852
CXXC5,0.8850056525900721
PA2G4,0.8850030015572954
VANGL1,0.8847877188265207
ZMYM3,0.8847151698848459
TRIOBP,0.8845977828559424
FLNB,0.8845494969121023
CCPG1,0.8831206506882608
CTCFL,0.8830003125471895
ADD3,0.8825887656809214
PPIA,0.8822788937470377
ADAMTSL5,0.8822163257235757
PHF19,0.8819839008798239
DVL3,0.8818656480882627
ACPP,0.8816542763381171
PPIF,0.8815953144802389
CLIP1,0.8814978322259329
PSMA3,0.8814584285504414
ERCC6L,0.8814067775628154
IQSEC2,0.8813837022295764
PAN2,0.881250459108929
VAMP4,0.8811861552281203
GJC1,0.8805645497533201
ZNF281,0.8802828950810379
ANKRD52,0.87992736435622
ZNF609,0.8798018185554473
POLD1,0.8797892452778923
PAPD5,0.8797538698889089
RIMS4,0.8797326424489211
FECH,0.8796772192236304
SERPING1,0.8795232205657737
UTP23,0.8793046280934754
TANC2,0.8792384491501035
PHYHIP,0.8790167024027952
HPRT1,0.8788443956369657
XAGE1C,0.8786871010105637
TCERG1,0.8786095802880869
DPF2,0.8782048931231348
FRMPD4,0.878149843576817
PDE6A,0.8777181826456394
NCOA7,0.8776721511142712
IGF1R,0.877550487664527
GNG4,0.8774350847792456
SENP7,0.877340460868111
CEP350,0.877266404805521
MB,0.8772055643272181
CHFR,0.8768908635553121
PRR18,0.8768603143059991
ST3GAL3,0.8768086962228419
KIF26B,0.876717151441118
CBX1,0.8764279055099908
GABRG3,0.8763520799919529
PISD,0.8763331012262914
GRM2,0.8762114305825637
PALB2,0.8760891409941722
CELSR3,0.8760266958999894
TRAPPC10,0.8759868112742185
ASIC1,0.8759669644235113
PRKACA,0.8759223407817749
AKT3,0.8755628627480809
PIEZO1,0.8751637221788385
AP3B1,0.8751625517005943
CTNS,0.8750760470958273
GNB4,0.874838892091575
AR,0.8748146874600543
GPATCH8,0.8745486010138372
PIK3CG,0.8743684470707295
APEX2,0.8742254136898671
ATRX,0.8741345956285032
NUP98,0.8736046362050295
SKIV2L,0.8735393848529951
LCP2,0.8732648406526686
GABRA5,0.873091296870096
DPF1,0.8730371490625987
EPB41L2,0.8730295997733176
TCEAL8,0.8726702300719048
BAZ1B,0.8726154566577476
TNFSF9,0.8723272617037121
PHF2,0.872149222782429
ATN1,0.8721407514621211
SIX1,0.8720818312289064
DMXL2,0.871869070083962
MLXIP,0.8718034596095595
ANO4,0.871636803745842
LRRCC1,0.87107344360006
STMN2,0.8709396475153295
PLXNA2,0.8709392605366677
TAB3,0.870930006365475
CASKIN1,0.8707772627362079
EPHB2,0.870565496376542
TOX4,0.8702438261273833
AFTPH,0.8701817027946819
TCTE1,0.8700234839370011
TWF2,0.8698820494885972
SOX15,0.8695954545658469
GRM3,0.8688958392092035
PRTG,0.8687539159486765
AEBP2,0.8686927450403191
ACTL6B,0.8686736370516512
RNGTT,0.8685626572116375
ARID1A,0.8684447822085966
RPP25L,0.8684307279963137
PTPRA,0.8681794361995754
RAE1,0.8680835846651243
TENM2,0.8680226661275178
ERAS,0.8679479272761805
PDYN,0.8679404908375925
GYPE,0.8678203537242378
TERF1,0.8676542087980771
GNAO1,0.8673858827758925
CSMD2,0.8672553208306016
HIF1A,0.8671663471317589
VDAC3,0.8671637969568866
TP53BP1,0.8671288112914072
CCBL1,0.8669257874202935
RAD54L,0.8667717025118177
LRGUK,0.8655286134498074
VASH1,0.8654894202123107
DYRK1B,0.8654636176776017
IFRD2,0.8651598559517869
UPB1,0.8649522949250138
JAK2,0.8646850676902825
CALU,0.8646433213510499
TLN2,0.864529063736096
KDM2A,0.8642102167845662
TEK,0.8641103792809096
CHSY1,0.8639468217423961
TSC22D3,0.8636498197387908
PTK2B,0.8631907645857455
SNCA,0.8631868033848858
DEPDC1,0.8624831265647542
THSD7B,0.8623941030060296
NAB2,0.8622544328291718
PNO1,0.8620174705795274
FAM153A,0.8616609768325432
CDCA7L,0.8616190463703268
ERBB4,0.8615920466332883
SMARCD1,0.8614248085741533
SHCBP1L,0.8614196600306051
PIP5K1A,0.8613322071246755
PTPRD,0.8611936976847703
USP32,0.8611916419304149
PCYT2,0.861070617626414
LAMA3,0.8609454108684036
MYH11,0.8597851364217742
SALL1,0.8593630449793617
CHST1,0.8592835142275077
LRTM2,0.8592381887311272
NUP54,0.858772173266818
KLHL10,0.8586843724476547
VWA5B1,0.8584284330651561
ZBTB34,0.858408496681175
TGS1,0.858271667237827
ZNF331,0.8582706017114878
UBR2,0.857847690672291
EZR,0.8577211628838441
IRF6,0.8576143171868997
TNFSF12,0.8568695317205206
TNRC6A,0.8568401662365015
DOCK7,0.8568331142301788
PROCA1,0.8567499213447584
ZSWIM6,0.8566495688370888
RPLP1,0.8565608807844348
GABRA2,0.8565515017539933
PTPN11,0.8565292242509639
VDAC1,0.8561392964575857
ASTN1,0.8555021691726106
SMAP1,0.8552500350547404
ARHGAP6,0.8550994607191302
TLK2,0.854986998208795
TSSK3,0.854901660392046
LRRC49,0.8547887549764137
FRAS1,0.8547269259510709
NFIX,0.8546631442525263
SULT4A1,0.8546219726932007
IP6K2,0.8542197172806059
TTYH3,0.8542095746435572
HNRNPH1,0.8541109435668189
YIPF6,0.8539920522557953
FTCD,0.8539027620114656
GMFB,0.8538348135249667
OVCA2,0.8536598063544624
BTRC,0.8534727225301568
SYP,0.853309812695495
DICER1,0.8532933851159423
CHN1,0.8532887866667536
PKHD1,0.8531597729575159
OBFC1,0.8526652682893548
PTRHD1,0.8523424728565473
WDR47,0.852319087611236
MAP3K2,0.8521545467717517
CTDSP1,0.8521497848429322
NOL4,0.8518522241778563
RAPGEF4,0.8517640196288476
KIF1B,0.8517337890470665
ALOX15B,0.8515516743020479
ARHGDIG,0.8514894441785865
MYBL2,0.851324837391195
SPTBN1,0.8512574240876234
ARMC8,0.8510881296257288
TNFSF13,0.8508204966614534
VPS13C,0.8507905483407624
PLXNB1,0.8506284021649079
NLGN4X,0.8505595577470578
MTDH,0.8504751610666248
DACH1,0.8503211692751987
TULP4,0.8503033836564518
KDELR2,0.8500761782091032
PPIG,0.850069939542246
CDK5R1,0.8500480930080173
CYC1,0.8498748337055642
GTPBP1,0.8498238521476482
SMAD3,0.8493641096650163
JMJD1C,0.8493586598594586
BCKDK,0.8493044673363209
SRSF9,0.8492956988828623
SETD8,0.848915525718653
ADRBK2,0.8488026605578738
FBXL14,0.8487601916412469
TBRG4,0.8487412312221775
AHCYL1,0.848020565967381
ARCN1,0.8478382187210157
KCNK12,0.8475693270752512
PCNXL3,0.8472663347816494
LRFN1,0.8472447921691644
INADL,0.8469789523890732
ABCC12,0.8466793565290591
BCL9L,0.846530900753829
HHIP,0.8465299782321893
TTBK1,0.8460116423869862
ADAD1,0.8456022917844597
ANO8,0.845452251619294
CRTC3,0.8451794619905817
RIMS1,0.8451244201040495
TRADD,0.8450742606315262
HNF1A,0.8447481728357151
LATS2,0.8444960514780534
RBBP4,0.8443307219598478
HHEX,0.844317706064852
ZC3H12B,0.844019246956585
NOS1,0.8438001487105996
CANX,0.8436702115173835
IGF2BP3,0.8436539008198399
MAPKAPK2,0.8432735590357603
SUGT1,0.8430704675291611
NCOA5,0.8429500431892888
CLK2,0.8427098459541388
MMS19,0.8422413962963768
PTPRM,0.8422375596052534
ALDOC,0.8421050276246466
GPAA1,0.842060161986114
TET3,0.8419948503021336
GCK,0.8414219058711842
ATAD2B,0.841338179788313
EPB42,0.8413253842397925
FYN,0.8409157664177449
ADRA2C,0.8405045666036652
GID8,0.8404465158862214
INTS12,0.8398925139762348
PPFIA2,0.8397953287613324
RAP1GAP2,0.8397158291302712
GTF2IRD1,0.8394377038251085
PIAS1,0.8393654042517369
ALK,0.8393551046692358
UBR3,0.8387966945174209
SESN3,0.8387620746916906
RBM42,0.837883173099892
PHC1,0.8377411885917996
LAMTOR3,0.8374325778710906
ARRDC3,0.8374205993724069
UNC93B1,0.8373684704129866
DEDD2,0.8373308643343147
AP3D1,0.83696665901759
SLC20A2,0.8365306564603353
KIAA1210,0.8364425628826841
ZFYVE1,0.8364263231171665
PPP1R16B,0.8363480947303902
PITX2,0.8363448125937114
LARP1,0.8363336932494648
CELF4,0.8363318649557412
GPR174,0.8361811849047406
PCSK7,0.836163515639276
MGAT4B,0.8360411267440541
NCOA6,0.8356478009045327
TLR8,0.834971594778168
PSD3,0.834848244520259
GPRIN1,0.8347692825482701
TCF7,0.8344965928467672
ALDH1A1,0.8344895408674674
CNOT6L,0.8342686461424852
LRRC37B,0.8342338624310123
RHAG,0.8341988485831919
MAOB,0.8339685599083626
NCOA2,0.8336944825617003
NELFE,0.8324889094213003
LAGE3,0.8320215090786331
ROR2,0.8320177528451352
ELMO1,0.8319534100727954
NKX2-3,0.8319529254039033
CHPF,0.8318140817274396
RFX1,0.8315974088137961
RIMKLB,0.8312776959522393
UPF3A,0.831014891807503
HIPK1,0.8308109015087686
DNAJC14,0.8307946139950784
CADPS2,0.8307823225613148
IFNE,0.830712848474748
TRPC1,0.8305590500119998
ABCD3,0.8303544770030685
UBAP1,0.8299330642633921
CPLX1,0.8295555475847172
HEATR1,0.8292984329159222
INPP4A,0.8291451366487932
PRDM14,0.8291358717496321
TMSB15A,0.8290604840181158
JHDM1D,0.8290469267425251
NCKAP5L,0.8288549092817323
SENP5,0.8285945191758212
NFIC,0.8285512337814671
PPARGC1A,0.828219499633142
ATF2,0.8278614452373934
PTPN5,0.827762522134131
SOX5,0.8276857457873471
REL,0.827566841285424
U2AF2,0.8273708423896807
LEMD1,0.8273044986744856
FOXO4,0.8272859877675406
GPHN,0.8269720733686937
STAB1,0.8267003166574673
EFNB2,0.8266797815166075
RHOXF1,0.8266478601237569
CROCC,0.8264742105998925
PPP1R13B,0.8263160682626426
EVI5L,0.8257179190493144
CACNA1A,0.8256119718687284
SCAF11,0.8254190568090101
ADAM10,0.8253748748599762
FOSL2,0.8251608091444016
DENND1A,0.8250678375762288
NDUFC2,0.8246473860480196
SMC6,0.8244213736724765
PHF8,0.8243990409978109
PLS3,0.8242810884859647
MUM1L1,0.8237973378168334
IL21R,0.8232476912468503
VSNL1,0.8228446248264122
DLG3,0.8228370599027417
PDS5B,0.8227607996781059
PCDHAC2,0.8224286377236318
CAMTA1,0.8223532017563842
CLK3,0.8222816246019367
SMURF1,0.8213128918550509
RIC8B,0.8206691233754889
KDM5C,0.8202016916087342
HBE1,0.8201385364684133
MOGAT2,0.8194759299597544
HECTD4,0.8191249590331043
GABBR2,0.8188722024773332
SCFD2,0.8187852687850978
FRMD5,0.8187850544264313
C1S,0.8184972670686873
ZNF658,0.8184781652401123
SLC1A3,0.8182532290297508
TIMM17B,0.8172300639488778
CLASP1,0.8170608480382886
ACTA2,0.81703269658872
SFMBT1,0.8168914937312234
CACTIN,0.8168383720186223
UBE2W,0.8164391424678106
PINLYP,0.8160381979796282
STRC,0.8157937992708836
TRHR,0.8154202767923364
ECHS1,0.8152964179190281
SIDT2,0.8152684911491592
DYRK1A,0.8152128444047574
FEZ1,0.8148995224821878
DCTN4,0.814633990626753
GCM1,0.8145736697451342
HDGFRP3,0.8144031422791682
AGO2,0.8143221228046711
UHRF2,0.8142973974079816
RB1CC1,0.8142830003334807
SEC16A,0.8141874006546018
LEMD3,0.8141546602249135
DMBX1,0.8140738104999462
MCF2,0.8137005301256709
CFH,0.8135204473215509
PRRC2C,0.8133755061384326
RER1,0.8133205266804843
EMX2,0.8131771131345584
ZMIZ2,0.8126632162452256
DARS2,0.8126244545439744
PLCH2,0.8125750649638928
PCDH17,0.8125158410968384
IRAK1,0.8118919388085403
RACGAP1,0.8116667532272032
PTPLB,0.811540087665095
RC3H1,0.8115292337344839
WTAP,0.8114224133905862
MYO18A,0.8112223652397511
EIF4G1,0.810819489425447
DHX15,0.8105095221513682
CBLL1,0.8101852235932262
YBX2,0.8098381399472313
ACTR1A,0.809686916292932
RTN4RL1,0.8095136258494167
SAP130,0.8092657599338495
EDF1,0.8089565222208611
PPP1CA,0.8087053077313677
HLF,0.8086258127472796
PRKG1,0.8079529605793895
TIA1,0.8078852102724063
ANAPC2,0.8076808963739472
RAP2B,0.807672291773666
URGCP,0.8074186405470052
CYSLTR1,0.8071239140737514
ANAPC1,0.8069419826442478
PHF12,0.8069255378639624
ALPK2,0.8066536033592661
CADM3,0.806577041819383
ANKRD13D,0.8065617167405514
PRKCQ,0.8061666977496916
TXNL1,0.8060324024442564
MAML1,0.8057436961512054
NAIP,0.8055491521095107
RABL6,0.8053808494971859
OMG,0.8049215232377908
PRPF38A,0.8045404637574859
GPC4,0.803891085484764
PRKACB,0.8036782583799252
MTSS1L,0.8034133027192603
EOMES,0.8031408000479066
PPP1R7,0.8029460334579498
KCNQ5,0.8029151102912085
PTGFR,0.8027110910308106
DHX37,0.8026639043453453
TAGLN3,0.8023072090717666
PES1,0.8018014658809053
IFNL2,0.8016798996807023
ARAP3,0.8011223972237105
PBX3,0.8008849242900792
ATXN2,0.8006265716896941
SNCAIP,0.8005783509063242
PRPF40B,0.8004698144888692
CSGALNACT1,0.7997830965115087
HUNK,0.7993998455151328
SH3GL3,0.7991205105861541
NGF,0.7988927967360399
CLIP3,0.7982037973121597
FSTL5,0.7980613943430883
COPG1,0.7979431490996992
RHOXF2B,0.7977736009151134
GABRD,0.7975688758789006
ACTN2,0.7973890130388356
RALGAPA1,0.7970592186064094
DCUN1D1,0.7968960241978258
MARK4,0.796602616769417
LPHN3,0.7965502863709755
STAT4,0.7965483627014085
TXNDC8,0.7965241512193509
UFD1L,0.7964599473886472
OPN1SW,0.7964033738699189
RAB33A,0.7955944120850941
VWC2,0.795486156000523
NMNAT2,0.7951788447773248
MTUS2,0.7951376625719934
MAP7,0.7949221903534522
TTC17,0.7947862560322269
ALB,0.7947421871675571
OSR2,0.7943403517634584
CPEB4,0.7939271716775289
DOCK4,0.7938313429229857
TOP1,0.793701399279096
KMT5B,0.7935132218111615
HIVEP3,0.7934924818637258
ELAVL1,0.7932888259408979
HBS1L,0.7932372063056847
MAP1A,0.7929191137646727
DTX4,0.7923806804879493
SCARF1,0.792270310264967
IL1RAPL2,0.7922239346689943
ZBTB17,0.7920922355018
CREB1,0.7920456124343767
VMP1,0.7915732301116523
MAP1B,0.7914756417428968
KIAA0100,0.7914241076737988
CENPB,0.7910836017591697
SRP54,0.7909987577549401
MAST3,0.7908512994573051
RBX1,0.7907664551194588
GANAB,0.7907149217932198
RARB,0.7906907168136428
CAPRIN1,0.7901338594716004
CDH8,0.7898368537870745
MED13,0.7898059478511766
LTBP1,0.7896914148300355
NUP188,0.7896909191132361
LPPR5,0.7895478726213812
HMGA1,0.7894089663399796
A2M,0.789378475028013
EMID1,0.7887966905909987
PSMB1,0.788759102682895
NINJ2,0.788708699671413
TRPM1,0.7886265170540621
ITPRIP,0.7884812811691475
OS9,0.7884383799708666
MAP2K6,0.7883263606100802
PLEKHM3,0.7881857248756018
CITED1,0.7879678396616068
GPC2,0.7879068076396452
MRC1,0.7878586924644496
ATP5A1,0.7878039961128984
KLF16,0.7877600559363179
NDUFAF7,0.7871070616530143
PRKX,0.7869776438376284
TOB1,0.7868652910693458
STXBP1,0.7867206462754998
PTGFRN,0.786515719863182
CEP57,0.7864188023286667
FZR1,0.7863803725822665
NRG2,0.7861272031796135
CNBP,0.7860981479728566
SPINK4,0.7860973373216049
RAB8A,0.785965841730847
UBAP2,0.7858951347318579
HCCS,0.7857930571667942
SNRPA1,0.7855823801982252
TFAP2D,0.7854911450577396
RIOK1,0.7854756967464359
KAZN,0.7851275090456566
AMY1C,0.7851196278994765
KDM4B,0.7847218575152387
COBL,0.7847060532149011
CSNK2A1,0.784671388545342
KIAA2018,0.7842615700456249
CIAPIN1,0.7842332689683381
URI1,0.7838374819701871
HR,0.7837483526380237
MAP2,0.7836961433035324
NCAM2,0.78352494597006
ZIC1,0.7832988084009934
SIK1,0.7832872720812283
GFI1B,0.7832730740540997
BECN1,0.7832312311013253
MDH1,0.7829230901293209
COL1A1,0.7821828901101513
GARNL3,0.782070960092654
MBTD1,0.7819895118393593
IL1RAPL1,0.7818502045058284
TRPV3,0.7818081033382067
ITCH,0.7817414675852089
DBNDD2,0.7812385126435417
TBR1,0.7811835936794175
SSB,0.78085335976198
RELB,0.7808439214394242
CARNS1,0.7805593885987574
USP33,0.7802884209439018
ADAMTS2,0.780180053406785
RRM1,0.7801762726641742
SMPD2,0.7799087299012155
CPAMD8,0.7798569649589415
UPF2,0.7797617612193768
NCALD,0.7796490344147889
ADSL,0.7792088408579994
CABP7,0.778979495244978
DGKH,0.7787780856101517
TRAF3,0.7787675934686874
COL6A3,0.7786853661868992
UST,0.7786532451161976
SHB,0.7786325985947532
LIF,0.7784333084378868
ERN1,0.7783267001411691
NOXO1,0.7782384588345628
RBMXL2,0.7779977265417117
MYOCD,0.777925401478444
RPL13,0.7776454596132731
COPB2,0.7769478238048265
C12orf29,0.7761813415348201
SERPINB9,0.7760921327213534
FST,0.7759582131706625
GNL3L,0.7759408997310664
DACT1,0.7758307740714632
MAP4K3,0.7754230934641804
MYH10,0.7749172736668722
ELP2,0.7743401981371142
IDE,0.7743208738734144
FGFR1OP,0.7740902164757145
MDM4,0.7740753173856724
TXLNB,0.7737243349023935
KDM3B,0.7737143684336466
ARHGEF9,0.7732081952581403
CLSTN1,0.772791776944508
RBM24,0.7727349799362243
SNTB1,0.7723957920356312
PVRL1,0.7723851041914884
CLDN3,0.7723192314916675
INTS2,0.7722608137056596
VPS33A,0.7719473636237001
CREB5,0.7717965438378674
PCGF5,0.7717199142028685
CRK,0.7709983101228146
FGF9,0.770737876719588
CUBN,0.7706719140805988
SBNO1,0.7703898609982002
TAF4B,0.7703615454385996
RHEBL1,0.7702639342356835
ATP2A2,0.7699097029658013
WDR48,0.7698686514325284
AQR,0.7696348438263604
BAZ2A,0.769191072224003
OAT,0.7690319148892297
NXNL2,0.7689609071586314
CPSF1,0.768919557144843
EIF4A1,0.7683047796307243
HNRNPH2,0.7681014479332965
PHF5A,0.767916446540875
BTNL3,0.7679148081661333
ATP6V0A1,0.7669532523644439
PDE8B,0.7666672155723817
ABCA1,0.7663522451292782
IGSF9,0.7662658200574161
SCAF8,0.7661025275579834
TRAM2,0.7658951562033669
HSPH1,0.7658862176263543
KIAA2022,0.7648841730220892
ANP32A,0.7646957294990548
AMER1,0.7643861044980355
LPPR1,0.7639022405463113
YOD1,0.7636729299639393
STAT5B,0.7632895210133837
RP1,0.7632354927434319
EIF3B,0.7632185828400225
RELA,0.7630699777825111
SLC39A8,0.7630168297003089
KCNB1,0.7629479150555505
CCR7,0.7628985881215822
SEZ6L,0.7622876435207134
DNAJC13,0.7622066497980122
SMC1A,0.7622023705678095
GOT2,0.7614824251004683
SLIT3,0.7611071716502328
C4A,0.7610634711604081
SAE1,0.7609140692612911
NEK10,0.7606097254946431
TCF3,0.7602301539961712
DRG1,0.7602124527869281
GABRB3,0.7602078137650997
ADCY1,0.7598239626233247
HNF4A,0.7596689772959042
DHX40,0.7595731416461651
TMEM57,0.7591700764265674
FNBP4,0.7591494049653577
TMEM135,0.7590190327060885
REPS2,0.7585779005364581
GRIN2B,0.7583800778016633
SAFB2,0.7583775581911016
PRSS48,0.7578840192447179
NAA50,0.7577807605537192
UTF1,0.7576483797397802
MGAT1,0.757559876646301
KRTAP13-4,0.7575294139286065
CDC42BPG,0.7572643300445426
SPATS2,0.7569525120751233
KDELR1,0.7568362804901784
KDM1A,0.7567883576099292
CLTA,0.7566761968258696
CSH2,0.7563794211753169
ADPGK,0.7559533243686687
CHST14,0.7556393727848381
ANKIB1,0.7556126386064145
PRPF4B,0.75525688165447
DLGAP4,0.755251041898635
DOLPP1,0.7547835350639028
IRF2BPL,0.7545587058169015
DCHS2,0.7543163263614535
ZNF287,0.753369446032902
UBAC1,0.7531350813261385
SNX1,0.7528194301504678
ATP6V0D1,0.7517979455209314
CLDND1,0.7517534196564821
MAPK8IP3,0.7511865339157162
UBC,0.7511311136572872
PDE10A,0.7510911285973233
ZDHHC15,0.7508926341536595
KLHL4,0.7507521290448628
MYT1,0.7503720362160903
TNFSF18,0.750371191799706
ZDHHC17,0.7501551052436443
TACSTD2,0.7500269754832564
LDB2,0.7497276220498523
PRKCD,0.7496910419821797
KMT2C,0.7496738735130704
G2E3,0.7495675891663868
NPAS2,0.7494189472389408
MYB,0.7493655259118527
QSOX2,0.7490446820484978
GFRA2,0.7485992227800145
AOAH,0.74844388796531
MTF1,0.7482703478172258
RAD23B,0.7482094734871632
SRSF11,0.7481661094304987
NFRKB,0.7475316128652569
ZNRF2,0.7474688566915352
GATAD2B,0.7473189718528673
SIPA1L3,0.7469136060867264
HBEGF,0.746886323083997
RBFOX1,0.7468761327400698
ALCAM,0.7463281427001249
MYCN,0.7461494156486902
SOGA3,0.746028461640738
MCMBP,0.7456687589049018
DAB2,0.7456494509576883
LAMP1,0.745185670049853
FBLN2,0.7450752454574616
PDGFA,0.7450666259442508
PIK3CB,0.7448111574492262
C10orf76,0.7440156076235639
PTBP3,0.7438717875366776
MSTN,0.7435370837497212
CD81,0.7433518340186723
OR4A47,0.7432584453210538
SPRY2,0.7431072115438023
AKAP12,0.74279626170302
IGBP1,0.7427464624259322
BAHCC1,0.7423767210259423
MAF1,0.7423652210953554
INTS6,0.7415690019963063
KDM6A,0.7414960528311059
ELAC1,0.741193192384686
SCN8A,0.7407111110132876
SF3B2,0.7405320027058845
PDCD10,0.7404419904802184
DNAH11,0.7403742857939466
RPL34,0.7402317561330825
ARHGAP30,0.7401254980488178
HNRNPR,0.7398449059776365
TFAP2B,0.7394558325951692
TOMM40L,0.7393496713749863
TPPP2,0.7393338828000006
PPME1,0.7392754469363477
PET112,0.7390505077232215
CKS1B,0.7388406684732381
HNRNPDL,0.73857489875528
CREB3,0.7385227210131996
CNTN4,0.7385000065964735
PLCD1,0.7379705832656984
DYDC1,0.7377304376307073
SMC5,0.7376539396688914
PCNA,0.7376130188666911
SHC3,0.7375429229403432
MAP3K7,0.737404475698831
CKAP5,0.7373609894224002
ZDHHC13,0.7373593749713272
RBMX,0.737242068915733
HDAC3,0.737055352176133
ITPKA,0.7369145992017041
ASB16,0.7364366194258269
DCK,0.73617574483799
NXF1,0.73613469783681
RNF123,0.7359805816413948
EZH2,0.7359634754234027
IGF2BP1,0.7352861731091099
PTBP2,0.7352622016181696
EIF4A2,0.7350945868454057
CLUL1,0.7348272415444597
HMCES,0.7347122257207064
LTBP4,0.7346276331338927
PDX1,0.7329866475184393
ANGPTL1,0.7329395700660944
FMN2,0.7329200834327254
ACMSD,0.732671380046062
MAPRE1,0.7323194590436392
RASA4,0.7316525743180007
PDGFRA,0.7314362623348795
PTPRJ,0.7311272416327743
DNAJC3,0.730934828516593
PDE7A,0.7307767339128627
GMPS,0.7306868017707625
ARHGEF18,0.7301372947744388
TSR2,0.7301174949194379
MATN4,0.729871823066254
ANO2,0.7297280440198853
STOM,0.7296146613365181
SUSD1,0.7287207613854239
PCDHA1,0.7286534495961564
LAS1L,0.7286527722677215
GLG1,0.7286220696441291
JAKMIP1,0.7286120341251721
KCNAB2,0.7283070867818232
MED12,0.7280369502397035
CCDC105,0.7280018885637692
RPS9,0.7279473246253715
CRMP1,0.7279198132462312
RAP1GDS1,0.727803246167816
NAP1L2,0.7277727647061004
ZEB1,0.7276463262418547
PLEKHG2,0.7275580215585963
LMOD1,0.7273212673911543
NOV,0.7265321141145034
NMU,0.7264783540804118
STAG1,0.7264356057647057
SPARCL1,0.7261463754230717
PASK,0.7260298031354363
HMBOX1,0.7259348899398941
C19orf66,0.7258108273381583
KCNN2,0.725744998706946
KCNH7,0.725550254030572
LDLRAD1,0.7254806731155327
SMG7,0.725320632239836
CAND2,0.7252140223854507
PRELID2,0.7250966772369957
SIRT5,0.7247801059703117
PLD1,0.7246803278224226
DDX3X,0.724318810491788
GNS,0.7242869928947749
KDM4A,0.7240163215840342
BCAR3,0.7239515945110707
CUL2,0.7238424076120492
SLN,0.7233445045859447
GPC3,0.7230896267769515
RPS27,0.7229370551126045
SFRP1,0.7227648246784316
MAB21L2,0.7223692324986034
RBPJ,0.7223616817029442
SMS,0.7219426071831176
XKR4,0.7217422113136504
EPB41L4B,0.7217035867731313
TIPRL,0.7212916497933652
RBM12,0.721032814480786
REST,0.7208352718235715
ROS1,0.7208273083860868
RBMX2,0.7205488666982276
DMPK,0.7204842277325273
KIRREL,0.7200432637384659
JAZF1,0.7190257293847003
ZNF503,0.7189134055899156
ZMYND11,0.7188146558638044
VASH2,0.7187151233730189
DLX1,0.7185879611116065
RNF6,0.7183645275903253
HPCAL1,0.7179025575918784
SCGB1A1,0.7175617327095167
BCL2L2,0.7175476437094249
NOS3,0.7174944757151227
EXOC8,0.7173794682772517
TRDMT1,0.7173108517103968
MAVS,0.7171004038479417
MAP4,0.7170963251593615
LTN1,0.7169627078448478
PLAA,0.7168971539212239
CAP1,0.7162482372576957
SHC1,0.7160863265856532
NAA25,0.7159484800932144
NRAP,0.7156893728378718
WWTR1,0.7154684004410308
C15orf40,0.7153784575879242
NRROS,0.7146041446936178
HEY1,0.7144494325221241
TMEM52,0.7143884452452811
PXDN,0.7143817577121296
MYBPC3,0.7142728037253346
STRN,0.7141978798398114
RARRES3,0.7141519832297176
TMEFF2,0.7140259792223742
MAPK8IP2,0.7139565631081275
AP2B1,0.7137650114882204
ANGPT1,0.7134127534197869
ADAMTS19,0.7132620120854546
PAPPA,0.7132313964868146
RANBP10,0.7128268756877172
PDE1A,0.7127186443475765
SLC7A3,0.712545851883443
RBBP6,0.7123991401432938
BOP1,0.7123435785898729
PAM16,0.7123284642378703
PFDN5,0.7123066362236564
RHBDF1,0.712205982825082
DGKI,0.7118842639889833
FOXK1,0.7118658692117646
NAA60,0.7115556366198392
POLE,0.7112173490421537
GPI,0.711204684152503
TOX3,0.7108535825591658
FAM192A,0.7106232194056372
KIF5B,0.7105995370452299
OAS1,0.7102985740968918
WNK2,0.7102227157315012
TBK1,0.7098895106361217
HNRNPUL1,0.7095832832617366
SIPA1L1,0.7095006927369903
CITED4,0.7091601771412511
WNT6,0.7087680800080094
HYOU1,0.7082176489910134
EBF2,0.70810651984781
ARHGAP29,0.7074381205312373
ABCG5,0.7073502189394872
CHRM4,0.7072820990143343
RTN2,0.7069523300621474
BIN1,0.7066053690803521
TFDP2,0.7052669169176954
FTSJ1,0.7043823576607557
FKBP1A,0.7041091747518096
BPIFB1,0.704038316209709
WDR87,0.7039855524108805
ATR,0.7037245481520013
CDH4,0.7034702681939408
LBR,0.7034658185175141
SNAI2,0.7034475662132463
SCT,0.703305840166763
ITPKC,0.7031397398375984
MYEOV2,0.7028708730986886
HLA-DMA,0.7027532115913656
STS,0.7018327946830022
ATG9A,0.701816729246287
TMUB1,0.7017874643538576
PEAR1,0.7015441643847545
DDX46,0.7014906198382097
DCC,0.7008754292982013
CSF1R,0.7008420169791529
NFKBIL1,0.7008000530017368
EPHA7,0.70045604863488
ROBO2,0.7004124580520008
THNSL1,0.699775196722061
RENBP,0.6991237455005567
KIT,0.6990888372690501
DNAH3,0.6989495279949659
KTI12,0.6987933491704162
AIP,0.698650548010401
TEX11,0.6985003172711779
KRTAP1-3,0.6982735678558768
SAC3D1,0.6982509232474661
RIF1,0.697978464932759
CDC42BPA,0.6978044874389018
SLC12A6,0.6976030160864914
DDAH2,0.6974759444204374
MYADML2,0.6974689168606943
HNRNPA0,0.6974642000896948
SDC2,0.6972456537318531
ZC3H3,0.6965453012185282
MORC2,0.6964274654207147
PIGT,0.6955171866769236
SIM1,0.6953832896061469
NOP56,0.6952622920126793
COX8A,0.6950168211809388
E4F1,0.6947600467151143
HNRNPF,0.6946373306417777
MAML2,0.6944827373200615
CHRNB2,0.6944678997493309
TRMT11,0.6943531062600423
MICAL2,0.6942668090236637
KCNC3,0.6938773195062377
MLLT10,0.6935929492900903
RAPGEF6,0.6933259267447436
OLFM1,0.692943633694662
PHF13,0.6928996070864136
PPP6R2,0.6926901490208546
SURF4,0.6926669724052451
GNAS,0.6921131050679312
ALDH1A3,0.6919036667430177
SHH,0.6917761116660368
ALMS1,0.6916849844470423
GATM,0.6916224544459081
LTBP3,0.6912410514602416
CXADR,0.6901478426170153
TARDBP,0.6900193781184286
PARD6A,0.6898817864482141
PRKD2,0.689809661033115
NLRP12,0.6891947689711173
DHX8,0.6890758996113018
TM9SF4,0.6887459367909592
MAP3K10,0.6884821098606927
FANCI,0.6883250822070497
GSDMA,0.6883011204447059
NINL,0.6881543771335051
FN1,0.688151941340499
VIP,0.6877066721857362
GSR,0.6872819721581408
CNKSR2,0.6871219795935043
GAGE2D,0.6870613722853127
DEF6,0.6864797768368681
JDP2,0.6856647198627714
SMAD4,0.6855246050678455
SMPD1,0.6853667430673948
PLCG1,0.6853150703896752
GPBP1L1,0.6851037392807197
CUL1,0.6849989611720654
MMS22L,0.6849129357811828
RAVER1,0.6848225710158294
ERGIC1,0.6847984782199911
FUT8,0.684209781250007
STRADB,0.6839372019455305
PFN3,0.6834300268969088
PYGL,0.6832731898145868
FANCM,0.6827535094505176
CCNB3,0.6827384888396305
NBAS,0.682561660198861
UGCG,0.6824424947477977
CALCRL,0.6818390346347479
PIGL,0.6815399879509072
CDK13,0.6811895711888789
ROPN1B,0.6809411088812569
IL15,0.6808931470637798
PPARGC1B,0.6807702744686498
SPRTN,0.6807558618495102
GRK6,0.6806995094151014
SGMS1,0.6805939126169456
MTHFD1,0.6799561513946455
MYD88,0.6795602168091168
ETV3,0.679330072088549
SGSH,0.6791987458892415
CKB,0.6789052596769007
EHBP1,0.6788711699248544
DCP2,0.678740669809289
ADAR,0.6785583057858293
RSBN1,0.6784867426350172
FOLR1,0.6778029542220584
MNT,0.6777565800793686
DSTYK,0.6774254042851547
YKT6,0.6770129580726407
LMAN1L,0.6768439805008472
ISCA1,0.6768267463050393
ALAS1,0.6767433773823904
GADD45G,0.6767037384583359
IQCK,0.676662265035294
TBCEL,0.6766487511508926
KIF3A,0.6766009965745817
PEX26,0.6765711328300776
CECR2,0.6762071857153302
RNF8,0.67618142668783
GFPT2,0.676040727062827
GCOM1,0.6756244390693439
GMEB2,0.6743662389593356
PGPEP1,0.6742819234045443
TCEA2,0.6739914736149836
PRR12,0.6739321642524624
ETS1,0.6735904357541621
TPX2,0.6734438925044627
PARD3,0.6734143599215124
RSU1,0.6733727860509221
WBSCR17,0.6733375114114049
OSTN,0.6731937263084767
CDK19,0.672701493083496
LAMTOR2,0.6719758041756071
PCDH10,0.671444485161453
KCNJ3,0.670785038591249
AQP9,0.6704718146248261
ST3GAL2,0.670043268057184
PCOLCE,0.6696917148950238
PRDM16,0.6695231251783876
ACVR2A,0.6694245889719671
GGNBP2,0.6682471999296432
DGKA,0.6678433036670656
NUCB1,0.667639436157069
FBXL17,0.6672301400978756
NLGN3,0.6671700813309848
OXSR1,0.6669538332653336
RPS26,0.6666317642562825
GPKOW,0.6665136059156797
HOXC10,0.6665008662681873
ANKRD28,0.6661688540785624
SPANXB1,0.6659488201216195
DSG1,0.6659314073299663
BAI2,0.6658124529490915
GNL1,0.6657752173809566
LZTS2,0.6656066745706615
CHRNE,0.6655293792760714
SHOX,0.6651881950564581
CDH9,0.664817129662732
XPO6,0.6644026167450086
NOL6,0.664364807432722
OFD1,0.6642275066445964
CTAGE5,0.6640399950380959
WHSC1,0.6639877766643518
FNDC3B,0.6635668548721062
PABPN1L,0.6631204339209451
DDX17,0.6617068661131565
AKAP1,0.6616602760899485
PHYHIPL,0.6615082170577418
TBC1D3C,0.6615028849175064
MAD2L2,0.6614642710739198
ZSWIM8,0.6613277273317187
CBWD5,0.6612373364465814
ZMYND8,0.6612368680558335
ALYREF,0.6612156558079934
AFF4,0.6612090095654395
SACS,0.6611173182219405
HAT1,0.661117265755654
HSPA5,0.6609116169066486
RAB12,0.6606912488757982
PEG3,0.6604454375961345
MFN2,0.6602960402366584
CCNL2,0.6599967399296826
WDR33,0.6599784767347104
EPC2,0.6596921125130624
RAD54L2,0.6596865259130457
TPPP3,0.6595112534122897
DPEP3,0.6593086496926636
AAMP,0.6592364102423071
FTMT,0.6590566006258283
PVRL2,0.6589453864902495
SHANK1,0.6587590922545009
JAK3,0.6582328729876071
IWS1,0.6578549312236353
NFKB1,0.657572934463753
OPN5,0.6574651524184492
EPHA2,0.6570978866640413
IKBKB,0.6570487470371135
C6orf163,0.6570232045723856
PPP2R1A,0.6565933407264372
RBM15B,0.6564833273776108
SRSF1,0.6563008903776687
CSN1S1,0.6562622709430646
STX12,0.6561856372729382
GLI2,0.6561392393516364
USO1,0.6554776197723597
FGGY,0.6553096061169843
SDHA,0.6551208892311061
MED29,0.6547539788672789
NIPAL4,0.6537486486318064
RORC,0.6537229822292973
TMEM91,0.6536642557040159
CPSF7,0.6533901251861446
NFATC3,0.6531462409018621
EBF3,0.6530359149728677
MKS1,0.6524507128147203
ADCK3,0.6521940144076652
SYNPO,0.6521569554246209
BAI1,0.6520051292497141
CDH7,0.651446784537239
RPL7A,0.6513258253999819
NPR2,0.650956629754494
LOX,0.6509268049930154
HOOK3,0.6500990147508687
WIPF1,0.6499382959145069
BAG6,0.6498861333710801
TSKS,0.6495679347122474
CFI,0.6487321236290954
DHCR7,0.6485713941913899
E2F8,0.6482535711225089
TSG101,0.6480143367270419
CTSC,0.646402157390836
MEF2D,0.6461182475644731
DLK1,0.6457740857575538
MXI1,0.6455888192801487
TPSD1,0.6455361261952106
COPS5,0.6454440863185567
CST9L,0.6447087494638809
SBF2,0.6443984899048899
PTPN23,0.6442438562274287
SLC12A5,0.6441073030712552
BLNK,0.6436917907012556
ACER3,0.6423672689291979
UMODL1,0.6423066592610719
PAPD7,0.6422153290695489
CDK4,0.64210565211016
UBA3,0.6420814253908892
DISP2,0.6417791920317609
LONRF1,0.6416504887169582
IPCEF1,0.6410525583542338
HAUS8,0.640476618483618
TRAT1,0.6404558552441972
EXO1,0.6403846884754688
H2AFY,0.6398923146238674
TCEB1,0.639754506856759
TBX2,0.6394969491243881
ABHD15,0.6388300704300979
KHDRBS3,0.6386149810063771
IL2RA,0.6382096051691084
TOMM34,0.6377035009917629
GLTSCR1,0.6374855317333873
ROCK2,0.6373593021464343
EHD2,0.6371912638775614
TESC,0.6364599392066047
POGK,0.6360769699179294
AGXT,0.6359618519777481
GABRR3,0.6355117081080055
C4B,0.6354878843900055
PAK7,0.6354763181557345
AHSA1,0.6353402903249734
SYNRG,0.6352706905856857
LRIG3,0.634680141154439
TLE2,0.6345774979684871
ANKRD20A1,0.6343111547658283
KIAA0319L,0.6337794601777349
PRODH,0.6331797950188356
CXorf22,0.6328502299436931
FEM1B,0.6325380463186356
SLAMF6,0.632352528626637
CES3,0.6322403356604446
EREG,0.6320931025781976
UBE2R2,0.6319768127156317
RHBDD2,0.6317731852924321
MDH1B,0.6315767791568647
CAV1,0.6314152264930539
GGA3,0.6313603326597704
AAK1,0.631266744276978
CNGB3,0.6312030615856209
TGFB2,0.6310802811603193
ESR1,0.6310644031101414
C1orf115,0.6304231924804427
XPO4,0.6302036551054522
ARHGAP25,0.6301215954442234
MAP2K2,0.6299168709894224
SEMA3A,0.629637041994296
SSBP3,0.6294325573342612
IFT46,0.6292554321312656
LOXL1,0.6290388241142971
NF1,0.6286934220394295
XYLT2,0.6285035195233242
PTPRO,0.6282841832481288
GNA12,0.627991330584497
FRAT1,0.6279551417088627
FNBP1,0.6278888478232009
GATA3,0.6274754680191446
DNM1,0.6274330270289882
BRD2,0.6273410562464962
HMGCLL1,0.6272189915847689
IGFALS,0.6264977308947809
TMEM184B,0.6264239164369162
A1BG,0.6262787957744738
ASIC2,0.6261880916814114
KCNB2,0.626062307388877
GALM,0.626050773651942
KEAP1,0.6259116836302733
ARID4A,0.625719832913271
EVC,0.6256024920566172
XPO1,0.6252063886656151
CTNNB1,0.6251024221634092
ASNA1,0.622396787962667
RPL7,0.6223248399868835
CUX2,0.6222403621766538
SUCLG2,0.6217948739975294
SATB1,0.6217679342712543
MAN2B2,0.6215576145921388
CYP26B1,0.6213898781589973
ARRB1,0.6211323615605332
CBWD2,0.6211169083169237
FREM1,0.6208247908429846
EFCAB2,0.6207686288018345
CDH2,0.6206647904768589
PLA2G4C,0.6204835629552284
CALD1,0.6203682952782616
ZBED4,0.6197869912237788
PIK3R2,0.6196449062454344
NRCAM,0.6194217749338445
UBA1,0.6192225263762003
KCNV1,0.6191762816881222
THOC7,0.6187094982997943
ISCU,0.6182053573671509
PCDH20,0.6173357112969851
KCNJ11,0.6158148061620278
MAT2A,0.6156961443950172
PAFAH1B1,0.6153476812743555
CDKAL1,0.6153165117341753
SVEP1,0.6143310919348156
HSFX2,0.6142598553730029
DUOX2,0.612884767361329
CNOT1,0.6126951128101373
RUFY3,0.6125963452781619
PYGO2,0.6119809413576366
UTP20,0.6119010763931253
ZNRD1,0.6114789929322013
SYNDIG1,0.6113500144958193
L1CAM,0.6112449279802546
MON1B,0.6110603737261608
ANO9,0.6106962574895917
CDH17,0.6101340107531422
CNIH4,0.6100637467622838
GMPPB,0.6100343771366826
CDKL5,0.6097802286687534
DND1,0.6092748306567028
SPARC,0.6091593893352363
NOP58,0.608996198082685
ISG20,0.6084590987872999
TEP1,0.608172658610785
HINFP,0.6081465557985604
HBG2,0.6080032243103624
ADH1B,0.607923527252209
MECP2,0.6078260093859604
HELLS,0.6077622357815889
AIMP1,0.6076496528186992
SYT3,0.6074547100193748
CACNG6,0.6073581322460853
TRIP11,0.6073298111050487
UHRF1BP1L,0.6072237437539514
ZC4H2,0.6069540252905636
HRSP12,0.6068656245118064
EPHB3,0.6066279762687822
LDOC1,0.6065318713888251
AGAP3,0.6064498551734605
NTSR1,0.605976309687181
FOCAD,0.6057100629593982
PLXNB2,0.6055632228953115
CLP1,0.6055395802524545
TLL1,0.6047263574290461
CHAMP1,0.6047152549702319
PATL1,0.6046255524257488
TFCP2L1,0.6042433999384179
SEMA4F,0.6040534740579306
BEX4,0.6039447505017137
SMAD5,0.6036919153373901
KCNH4,0.6035530473740272
PRRX2,0.6034345679797523
HNRNPA2B1,0.6027334128957366
SMOC2,0.6026320021617162
KCNF1,0.6025998028280511
CTSH,0.6025060913649858
SNX30,0.6023926705504107
CS,0.6023468046806565
IGFL3,0.6022305144501632
PDS5A,0.6021391742731069
EPHB1,0.6021343852617119
SNRPE,0.6009929320275419
GLA,0.6003926669978965
PCNP,0.5999184352261872
SLC4A2,0.5993594821954846
LAMA1,0.5991285960094378
ARSH,0.5990963724246061
KDM3A,0.5990814414712834
SREK1,0.5990642960227069
KIAA1468,0.5981037813343397
TRAF4,0.5980041386339985
PABPC4L,0.5978559872142285
GDPD2,0.5974029423369132
PTCHD2,0.597242115618247
VCP,0.5970447526100819
UNC45A,0.5961571820810435
LCK,0.5955922213312025
LBP,0.5954684046070586
FXYD2,0.5951566969602903
CNNM1,0.5951167518619556
SGIP1,0.5950982163600176
GPN2,0.5949522877342547
ACTB,0.594702177582213
CXorf56,0.5946653330930163
EPHB6,0.5944784860856396
PCBP1,0.5943043599564648
NAIF1,0.5941154056258134
WWP1,0.5939603776028529
NPY5R,0.5937843016993641
BMP4,0.5935618662544629
MDGA2,0.5929212480352988
SLC25A44,0.5926159678007358
C5AR1,0.5925440175371224
MYOM1,0.5924119863987221
SYT9,0.5917906736391046
LCE5A,0.591371348466137
AP1B1,0.5913536757438781
HP1BP3,0.5913108907160588
SDK1,0.5910601642841609
LRFN3,0.5909553871681732
EGLN1,0.5908102248783725
MIER2,0.5906678435455673
PRUNE,0.5905528001246426
CITED2,0.5905259086780963
CPNE5,0.5904809000598308
EFHD1,0.5899687694990331
CCNG2,0.5898257973767389
ZDBF2,0.5898016966949889
STIP1,0.5897257145557906
NR2E1,0.5894184656434707
MCM6,0.5892134436740678
CRKL,0.5887623295720014
RPE,0.5886465020032308
TIGD4,0.5884921597995361
SNRPF,0.5882140935359229
SRRM2,0.5880698033828
EPC1,0.5879828384157105
IRS4,0.587821788982727
ELK1,0.587708723607967
HCLS1,0.5874695979532817
BLM,0.5873543777842679
CARM1,0.5869715624652567
ZNF219,0.5867680777433713
FHL1,0.5864654504877524
E2F2,0.5861779069283611
SERAC1,0.5853634075994177
RAC2,0.5853195088165183
FNDC7,0.5848512329022114
TMPRSS5,0.5848334477026917
LRP6,0.5846975453900298
TRIM33,0.5843946650650179
RBBP5,0.583936005250418
ABLIM1,0.5838252292621572
MX2,0.5836630378728692
GUCY1A2,0.583615814507011
ZBTB1,0.5831123132683603
MBOAT2,0.582283216019987
CRNKL1,0.581426726728757
SUPT6H,0.5812222460756049
FPR2,0.5803142943139674
LY6H,0.5799602953028957
EEA1,0.5794647779131108
SCRN1,0.579280032686879
KIAA0368,0.5788698874937278
UBE2J2,0.5785866964971328
H3F3B,0.5774167116761509
WSB2,0.5772063071739894
GTF2H2C,0.5770844245517043
SMARCC2,0.5768713805608333
OCLN,0.5767748450165985
KCNA6,0.5763232864736242
AATK,0.5762697577460427
LMO1,0.5761990245529778
CNTRL,0.5761164254421681
TARBP2,0.5760507362562852
PTCHD1,0.5757312651714774
F2,0.5753802803529899
LPGAT1,0.5752095374955635
ITSN1,0.5749147993652386
BOK,0.5745303842174624
SENP3,0.5743733662464736
DLG2,0.574312390340943
ELAVL2,0.5739648006910766
BTBD11,0.5739205352507046
SYNJ1,0.572993814984449
CD47,0.5726422805281857
POP1,0.572318562810757
USP5,0.5722363733091732
NR1D1,0.5721018868100893
USP46,0.5719230413618157
INTS7,0.5717337987864755
PPP6R3,0.5716900986847016
HIPK3,0.5707936655451662
DKK2,0.5707815515273899
UAP1,0.5705452033303507
CDC23,0.5701260055224445
BRIX1,0.5696969966720007
SMAD1,0.5690583453307273
CLVS1,0.5686968355655421
DEFB119,0.5684788953081307
TCF4,0.5684444361195563
ACTN4,0.568303539727536
MTIF3,0.5682988829648745
TRAF3IP1,0.568293507377913
MPZ,0.5681103158727053
MED1,0.5678072512290325
KNSTRN,0.5677518209210953
ARHGEF17,0.5675911686454747
NPBWR1,0.5675336008998376
POLRMT,0.5673816332703321
RS1,0.5673177338746935
THOC1,0.5671887088556802
GAR1,0.5661935972220287
TIAL1,0.5654897130141138
PEX14,0.5654529909467789
PWWP2A,0.5652851218899277
COL6A1,0.5645002807224836
NR4A1,0.5644504719192963
BMPR1A,0.5641950634452036
KLHDC8A,0.5639957627843256
INSR,0.5637146471678172
SEMA3E,0.563636148412153
NEUROD2,0.5632607288252821
EPS15L1,0.563165073340309
CDH11,0.563127648136157
THRB,0.5629653480385155
PPA2,0.5629296880465695
LMAN1,0.5628845681109167
SCAND3,0.5626431700118715
SYNGR3,0.5625539874439383
MRGPRX2,0.5624264450451711
FAF2,0.5623853241201787
PLEKHA5,0.5622759183193661
WDR1,0.5618394403396205
VN1R2,0.561335865570043
LPCAT1,0.5612557034303659
AHCY,0.5601072871086938
ANKK1,0.560000029225766
CLCN7,0.5598108480768461
NTNG1,0.5590256293750926
BAX,0.558922379791652
TNFSF13B,0.5588351555363994
ADIPOR2,0.5587861345524062
NCOA3,0.558775635125131
PDHA1,0.5586767929080932
MITF,0.5586176768653442
FAM21B,0.5584316529779616
NCK2,0.5583146066290966
PPARG,0.5581540942100411
ADD2,0.5581017966820856
PRADC1,0.5579854739053601
PJA2,0.5579119780715937
RASAL1,0.5577894346540007
MED12L,0.5577310872731345
FBL,0.5576448936255777
TPBG,0.5571340639766014
CRADD,0.5569116106651993
ETNK1,0.556893514997498
WIZ,0.556800980580161
CYTH3,0.5567500448947696
PLAU,0.5566001812397162
LOXHD1,0.5565921147894487
LUC7L3,0.5563708486138983
TOP2B,0.5560282835817466
LZTS1,0.5558689263105839
CAT,0.5557193628473243
SPP1,0.5556399325820588
SERPINE2,0.5555876086203898
NCKAP1,0.5554997017897535
TNPO3,0.5550318783012981
DDX53,0.5539249659931921
FNDC4,0.5535434316259159
PPP2CA,0.5535400192273183
TRIP10,0.5529744548596921
SLU7,0.552586775160211
GRM5,0.5523212020290156
DPP9,0.5517105759034122
HMGCR,0.5513702113361663
IGSF3,0.5507400080300708
HDGF,0.5507127473886186
CCNA1,0.5502391064751704
VN1R4,0.5495881480783302
RPF1,0.548833388656096
MYOF,0.5487630664691961
KLF4,0.5485516908672714
LHFPL1,0.548525604125869
ARNT,0.5479153844166801
MAFK,0.5474203152350483
GDA,0.5468253416385811
TUBA1A,0.5467604857810955
FDX1,0.546592293616373
PCIF1,0.5465172260016188
VPS29,0.5463888032163835
BTBD7,0.5462258701691564
NODAL,0.5461047014072274
C2CD4A,0.5458805402436965
RCL1,0.5458107526222664
SZRD1,0.5454820798851349
PAIP2,0.5454420811658913
PALM3,0.5446833146770396
VASP,0.5445845422270683
GLOD4,0.5435936056304088
RGMB,0.543438753006445
KCTD21,0.5434344961245503
KCNMB2,0.5432250886410287
GPR112,0.5424845124441402
TET1,0.5419624313336842
SF3B5,0.5417977996478539
DAG1,0.5417077049270993
LENG8,0.5416838275690138
PSMG3,0.5415261659873181
LCOR,0.5411131981106434
LGALS9C,0.5410516778930202
GGT2,0.5409900686948652
BEND7,0.5409261486152086
VPS4A,0.5405546434359765
DNAJC9,0.5392599335981402
KIF3C,0.5391070095915299
RAB3GAP1,0.5390211277028203
ZNF326,0.537830375459969
CYB5R4,0.5376046453195267
SPIRE2,0.5376019816983916
NONO,0.5375893425727545
BHLHE40,0.5373184166975841
TPST2,0.536911791039639
FRS2,0.536803154665798
GOLGA3,0.5365272262137867
PBLD,0.5365095314208222
SRM,0.5364847201340454
COL18A1,0.5364191271844501
SV2B,0.5363908944702006
TUBA1C,0.5362039854425111
DHX30,0.5361132422112328
PHF16,0.5360190484626712
DFFB,0.5359715159558978
CABIN1,0.5355204752635453
FBLN5,0.535119656708521
ZFYVE21,0.535018559691974
PDLIM7,0.5346183843853708
ARPC5,0.5345988205605636
NCAN,0.534318248307446
DCX,0.5340715719628817
C22orf42,0.5339634860216709
MAGT1,0.5339423463929402
REG4,0.533802097254604
NOD1,0.53371719476379
CSF3,0.533372028375672
CPEB1,0.5331719600621238
TSPEAR,0.5327576772544658
PSD4,0.5323394473797824
CALN1,0.5322899476892083
FBXW11,0.5322224901879008
B4GALT6,0.5317447190869912
ACOT6,0.5317338132460667
PEG10,0.5316245042451423
BROX,0.5314608972918283
WAS,0.5314527710166765
CTDP1,0.5310218677966093
DDX41,0.5309379704230884
MAGI2,0.5308698052095971
ATL2,0.5307229132762908
CDC25A,0.5306310464871513
QRFPR,0.5305805422278005
SCAF4,0.5305326826191505
STAC,0.530388971641509
POLG2,0.5301790603189834
RAB2A,0.5294899752693608
HSBP1,0.5291490676019198
GORASP2,0.5286382473476237
NUP160,0.5283940745751539
NUS1,0.5283111114929718
OPTC,0.5280743658544712
PIDD,0.5280560271365572
RPS11,0.5279895732281313
DAZAP1,0.5275401451119837
EFTUD2,0.5275070092001986
NOP2,0.526925454500315
SYNGR2,0.5268048162009481
GZMK,0.5267086060609443
NME1-NME2,0.5265697584427559
AQPEP,0.5262021477809313
HSF5,0.5261678518622607
SLC35F4,0.5261482269691429
SHQ1,0.5260386700063308
LYPD4,0.5259881817384539
TRIP13,0.5258847309487378
PHB,0.5258760228367022
OGT,0.5254811419986698
ATP6V1A,0.5253818729528714
STRN4,0.5252222570836057
E2F1,0.5251219348975517
HMX1,0.5249030056544584
SPATC1,0.5242160085904107
POC5,0.5239963093151583
APOBEC3A,0.5238543992226887
KCNH2,0.5233862448217639
KCNK3,0.5232042468420518
TCF20,0.5227476820438245
ITPR1,0.5226468496696883
EIF2S3,0.5223040285880647
MARCH5,0.521988942380886
PRPF39,0.5218554866599623
ETS2,0.5216482868647578
PKMYT1,0.5215686569475244
KIFC3,0.5214280631744468
PWP1,0.5212787726615794
HSD17B10,0.5211742404616044
RNF165,0.5211021867313339
LSM4,0.5210521100446529
KCNA4,0.5207689843814689
IGSF22,0.520751037010346
RELL1,0.5204830337525433
ACVR1,0.5202830866377814
TLX3,0.5197909323296218
PLEKHA2,0.5197266075567253
TMIE,0.5196420487062331
TBCB,0.5195681201809962
NBEAL1,0.519127279908393
PDXK,0.5185982658866923
TEF,0.5184190622649499
GRIK2,0.518343984650157
PDK3,0.5181505806127803
HCRTR1,0.518099063771049
HCFC1R1,0.5180754909044277
ADRA2B,0.5177074860533
SERINC3,0.5175466299996517
DDA1,0.517504443973003
COL5A3,0.5173116151811082
FHOD3,0.5168575878706153
NAPG,0.516664989805772
RPS25,0.5166488794469049
PROL1,0.5159054499840827
INVS,0.5157540225576284
LTF,0.515724461987679
SOCS7,0.5154704560819044
FNIP2,0.5153944898836952
ZNF292,0.5150180740159909
LRRC41,0.5148700065013748
CTBP2,0.5146588904166841
C21orf2,0.514468099451569
FOXP3,0.5141460571747589
RSRC2,0.5140911626949206
TYROBP,0.5140633306721306
HAUS7,0.5138702719798273
SH2D5,0.5137281273551727
DLST,0.513564817837759
TUBG2,0.51348524354221
MORF4L1,0.5133457009607638
HMGB1,0.5133227332525869
UVRAG,0.5126448807821363
AGO1,0.5126433432937265
COL12A1,0.5118472807389927
KATNB1,0.5117338725194733
BBX,0.5116983591400897
CABLES1,0.5113346741538916
RHOT1,0.5113081254093745
WAPAL,0.5105164915863711
FGD1,0.5099773750352606
PAG1,0.5098828161316972
TRIM3,0.5094715485647308
NUBPL,0.5092820486575427
PITPNM1,0.508807118692504
ANGPT2,0.5081455742572456
BATF,0.5076110550127823
PGAM2,0.5073959516069358
DAOA,0.5069904056775867
GPRASP1,0.5067987504428229
NUDT17,0.5064734615111071
GFAP,0.5060731772122502
RFXAP,0.5056381943515185
SCN9A,0.5056227554975091
TFEB,0.5053569818502036
JUNB,0.5042174578346945
LEO1,0.5040113413102386
GGCT,0.5034822708523781
HNRNPA3,0.5029779116756223
CTNNAL1,0.502938347821076
SMG5,0.5027944050675834
HCRT,0.5026550614661718
TMED2,0.5024563456005547
CTIF,0.5020047889812721
DOCK1,0.5019127725543069
PACS2,0.5017180798609421
CALM2,0.5012096973419309
AFAP1L2,0.5009596764558907
OTP,0.5007725348597671
TXLNG,0.5004999019706657
NHLRC1,0.5004710648544589
MSL1,0.5004085339858381
FZD4,0.5002806392641815
SDCBP,0.49946568765313004
GNB1,0.4993576860674951
RPS6KA6,0.4992512825629988
METTL17,0.49923503810312353
DYNC1LI1,0.49730446425698044
ISL2,0.49631336190613007
DNAJA4,0.4962903329915819
GTF3C2,0.49628526757616254
EMILIN3,0.4961047914619735
USP10,0.4960132845835811
FAM122A,0.49600526095691877
SDHD,0.49552625405395345
PRMT1,0.49550213519449066
LRRN3,0.49524290812754934
C5orf45,0.49518104248253475
HNRNPA1L2,0.4946241950230089
NREP,0.4943581511630704
TRIML1,0.49416172742049796
PIN4,0.49397823130742524
TRPS1,0.493864000857905
RAPSN,0.49383253558526774
FSCN3,0.4935854346431104
MAST4,0.49329774127979126
GSTO1,0.4932770488235767
SLC9A3,0.49288647395926294
RGS17,0.492846440038309
PACS1,0.4926572939328346
RPL32,0.4925423871465537
SMARCD2,0.49226281511813014
DAB2IP,0.4919100054298345
VEZF1,0.4910257008323659
BAIAP2L1,0.4906217368980013
SHPRH,0.4905979261725321
ANGEL2,0.49017652136653356
LIMS2,0.48993874713530516
RRAGC,0.48977159351393557
YWHAZ,0.48974503576226075
POMZP3,0.4897384117309826
AOX1,0.4896996033937136
PAPOLA,0.48957951377719416
RASGEF1C,0.48957224669192223
SCD,0.4895570827670446
ING3,0.48941124242771233
TNC,0.4891318232025558
UBE2M,0.48869634186256633
CRTC1,0.4873397924721995
SRRM1,0.48685790733974826
OXER1,0.4864121927526224
TANGO6,0.4860689017817517
UFM1,0.48566677865231794
KHSRP,0.4856445414631456
IGLON5,0.48534636058266223
ARNTL,0.48516433514222385
B3GNT7,0.4851291529308486
C1orf116,0.4851057540233435
HSF2BP,0.4849151098874099
PROM1,0.4848455419681714
ASB1,0.4844224659130077
PDPK1,0.4843547278290968
MEF2BNB-MEF2B,0.48423161772868745
BDP1,0.4841891947258739
LPAR5,0.48417894634333164
FXR1,0.4841302241005463
ABCC2,0.48409585285776985
CCND2,0.4840271025080933
SPIC,0.48395943898792315
FBXO28,0.4839001741464784
DNMBP,0.48350472927545846
MEGF11,0.4833733033452198
CRBN,0.48326310528357974
CPLX3,0.4832472528267267
SAT1,0.4829393101733075
RADIL,0.4828438034702132
LIN37,0.4826158651801025
C1orf185,0.4823846362327341
NXN,0.4822246636745087
NOMO1,0.48180513001237174
RNF17,0.4817825109827249
RBM7,0.48162079734530266
SH3PXD2A,0.48150628414427216
SLC12A2,0.481434114692015
FCGR2A,0.48141876615264456
ADAM22,0.481393787311505
TAF7,0.48086141540642846
C1QTNF5,0.47997626549944705
C12orf57,0.47994716089335704
ZCRB1,0.4799390708246805
IKZF2,0.4799173063894288
ABI1,0.47990051515241416
TAF3,0.47977057102209325
MME,0.4792097918701563
KIAA1429,0.47918653383779763
NLRP3,0.4791720597697852
GALNT3,0.4791180633875327
PJA1,0.47895370480873406
KLHL36,0.4787305621140262
GRK5,0.47869661385835277
ARHGEF6,0.47839577130873134
CCT6A,0.4783044951764327
NOC2L,0.47829858235356654
ANKRD26,0.4782213553046961
PRUNE2,0.478130988390287
PICK1,0.47786620484754355
GALNTL5,0.47772403233531724
PDIA6,0.47763619535030016
SLC16A9,0.47751579119180143
MKNK1,0.47731020951152375
MBNL3,0.4770160680202857
CAMSAP2,0.4769452505053864
MMP15,0.47692703544975357
EPAS1,0.47686211695039266
ZC3H18,0.47685958744109835
DUSP10,0.47683112276043005
C2CD2L,0.4766740694945716
TFAP4,0.47667149270761633
SDK2,0.4765136218672597
ASGR2,0.4763889748534277
MBD1,0.4762957944140873
ASXL3,0.47610298139433765
KLHL2,0.475809533587759
CAMSAP3,0.47562327578012953
DEFB105B,0.47557113846588
PRAF2,0.4753212201511026
HOXA1,0.47517074118219293
ARFIP2,0.4750365728696523
NT5DC3,0.4750347590582021
TIMELESS,0.4749700432620224
GAS2L1,0.4747438022917814
PPP6R1,0.4746293520390186
PITPNA,0.47440831268373823
ESD,0.4743482065450455
MEGF6,0.47425777501985966
IL10RA,0.4737986312730394
RHOBTB3,0.4736644607042204
BEAN1,0.47347614377495917
SPATA2,0.4732508218892766
BCL6,0.4730531058875867
BEX2,0.4728227537685118
DOC2B,0.47246277932193853
DYX1C1,0.4724585103952047
TICAM1,0.47241896469240163
SUV39H1,0.47218250796172995
NPY1R,0.4719502730006216
LRRFIP1,0.4718739151719498
SEBOX,0.4718286939076735
DYNLT3,0.4718156044637475
RAD51AP2,0.47170063476131235
CLCN4,0.4716219876885547
PPP1R12A,0.47111154102306335
SPAG11A,0.47106666358670585
PKDCC,0.4710177334634278
PIK3R4,0.4706518515188247
U2SURP,0.4702372006257298
SAMD3,0.47016347786626744
HSD11B2,0.47016235851622823
RPS6KA5,0.47014674040465837
ACOX2,0.4700531590734402
PRSS12,0.46997018126374795
PCCB,0.4694204391904738
C4orf21,0.46937022620602
PLCL2,0.46920407838535655
TXNRD2,0.46919354135819635
MTHFD2,0.46885084723990395
POP4,0.4688087971871366
RAPGEFL1,0.468146595756316
CTAGE6,0.46809873924118367
GCLC,0.46806741480768754
AMIGO2,0.46783232208003356
IFT74,0.4678310724554986
FARP1,0.4671231927654508
EFNB3,0.46710335569276623
FOXA3,0.4667876368232268
EMC6,0.4664892436869902
UBE3C,0.4663521172713152
RNF10,0.4660234450158128
ABCC5,0.4656061011057944
CIB2,0.46520856331601895
C9orf64,0.46490919447540224
USP34,0.46486329607722604
CREBL2,0.46483639299494545
ZNF770,0.4647013958835797
CSRNP2,0.4645256589491132
SLTM,0.4644798819119632
FAM208B,0.4641070375713362
ABL2,0.46387686752914087
GABRB1,0.4638333993530819
SOX18,0.463805825095002
MTMR12,0.46365468291737855
MNX1,0.4636533590517551
GPM6A,0.463469887718068
DGCR6,0.4626181319142578
ARHGAP35,0.4622636699271407
CNTN5,0.4622447421803458
FAM193B,0.46185032438216034
GDF1,0.46169109963437177
SCLY,0.46131402874581384
NPEPPS,0.46111063784759115
XRCC5,0.4610320980901673
NTN1,0.46093618579631773
HSPA6,0.46011333738982285
CABS1,0.45997326399941446
FRMPD2,0.45994761073945684
SKAP2,0.45991019277535966
ZBTB41,0.45974518377556994
RCN2,0.4597307302703898
RPL9,0.4596723802552303
BDNF,0.4596097999782607
PYROXD1,0.45951050220184175
SOX17,0.45936473764679503
C20orf197,0.4593612421651902
KLHL32,0.4590221156786434
PSMD1,0.4589825368368217
IQCE,0.45875239861424244
XRRA1,0.4586433954426108
CHML,0.45864073935092337
CIR1,0.4581900134288767
REV1,0.4580906304005488
TAF1B,0.45805768738495867
ZFYVE28,0.4580003531921215
ST8SIA5,0.4579893509960241
ERMARD,0.45768000665221203
H2AFV,0.4573078863306337
PAXBP1,0.45728890666615435
BMP6,0.45716162721735
BRAF,0.457136510139351
REEP1,0.4564728023719259
MDC1,0.45645270270888716
SCN10A,0.4563028284172479
AKAP10,0.4561766999874883
BTN1A1,0.4561163435084393
METTL2B,0.455631129648613
CASP1,0.4553793662800605
CCNT1,0.45535859921831234
SMAD2,0.45510495759107666
ADCY6,0.45505424496267205
ANKRD13B,0.4550063719563648
IKBKG,0.4547186091065745
EIF6,0.4546689828848632
FAM69B,0.45440676647108685
GNL2,0.45420173274655773
UBE2K,0.453058257939562
ADD1,0.4529899224563678
BZW2,0.4529873709639318
SSBP2,0.45298716574246467
YBX1,0.4529513692657929
NCAPD3,0.45233656943814093
VMA21,0.452205498429839
CPE,0.4520995697223034
PHF20,0.4512378438273353
PLCL1,0.4511067985649679
CD33,0.45096300547655505
COL27A1,0.4506693509877105
FAS,0.45019588060785837
VPS37B,0.44992620789085164
BTLA,0.4498610767106998
FEM1C,0.44971876945913947
YWHAG,0.44957698815699143
MUC2,0.44925065035976913
KBTBD11,0.44921257621024513
PLAUR,0.44874513811636696
ELAVL3,0.4484845651429558
NFKBIA,0.4484533898740979
CILP2,0.4483019213776323
SOGA1,0.4479585311326633
DTX3,0.4477099347174177
KIR2DL4,0.4476506355697141
GPS1,0.44762736635784706
LCE3A,0.44741970888779403
JMJD6,0.447351028109784
SPATA25,0.44720364637909893
ADAMTS15,0.44720165407189755
KCND2,0.4468673312058189
GUF1,0.44632496571152547
STMN3,0.44566532158081823
HNF1B,0.44500163805729426
FBLN1,0.44490712618843004
ESAM,0.4448405686026491
CSPG5,0.4447299319841907
ZNF280D,0.44471185274588326
TMEM60,0.44457783484025354
PRKCB,0.44390758944405956
PTH1R,0.4433360417427952
CRISPLD1,0.4430614917477501
NKD1,0.44305818533562985
ABTB2,0.44262509488023055
LANCL2,0.4425288941275171
FUT7,0.44246891783668296
IPO11,0.44246753775119313
PSMD3,0.44241896017459914
FAXC,0.44194308843620095
PTGS2,0.4418892181779654
GNB2L1,0.4418695218518081
TMTC2,0.44143384948635256
CNN1,0.4413158816341894
STAT5A,0.44108426143659063
NFKBIE,0.4409745298665291
SSTR1,0.44097072535740905
OPHN1,0.4408640438027732
FOXS1,0.4408466934884242
GPAT2,0.4407686304716773
SLC18A2,0.44044871843148065
TBC1D32,0.44042451215700945
TRPM4,0.4398831173399897
DENND2C,0.4398302588552325
BRMS1L,0.43979965077474115
DOPEY2,0.4397204547297709
C6orf136,0.4394993881520722
ERICH1,0.4390213021585962
ERGIC3,0.43884172227566093
DEFB103A,0.43866260534952706
PLK3,0.4384054891162909
GAPVD1,0.4382204076399302
GATA4,0.43745162507032687
PAX2,0.4374092936532873
CYLD,0.43721440448992177
GPRC5A,0.4370137485677186
EXOC3L2,0.43662864831291304
RCAN2,0.4365730507307292
PPAPDC2,0.43640680434018436
MINPP1,0.43633642730004774
UBQLN4,0.43622584219931493
KCNE3,0.43604633560604344
GMEB1,0.43552627301963276
MLPH,0.4354404876295276
GNPAT,0.4353004871679914
TAF5L,0.4350693268244191
CENPV,0.43363473174206807
LAPTM5,0.43313048773859103
RASSF2,0.4325962956622511
KCNJ4,0.4325505362004912
IQCH,0.4319895755995151
ASPG,0.43197448889017237
UBP1,0.43080690256208676
BAG3,0.43078966070570146
SOX2,0.4307012095575236
TRPM8,0.4305953135164004
ATOH8,0.42970336491905464
HMGN2,0.4292116497743629
IGF2R,0.42888003484660897
C18orf8,0.42857677507643527
ABHD8,0.4285027696695444
DHX9,0.4285002514050924
SIAH2,0.4280338790227808
JTB,0.4280062256865165
PATZ1,0.42767727284885526
MED17,0.4271773814249219
OSBP,0.4269985530814529
DDX6,0.4267813421254969
COMP,0.4267617771233456
DENND5B,0.4266828876955232
TIMM44,0.4265116293654171
TRIM49,0.4263959596808745
FGFRL1,0.4263142222027483
SMARCA5,0.42593378062155085
GUCY2D,0.4257220286990643
KLHL3,0.4257128729839146
DDX18,0.4256572157212923
CTSO,0.4249750653103783
EFHC2,0.4246411623607921
HERPUD1,0.4246058062495416
GRPEL1,0.4245839890342511
FLRT2,0.4244663963934101
TSPAN7,0.42427541318451517
IGFBP3,0.424137773715736
TTC13,0.42410012448224754
CNNM2,0.42404474880032905
SSR2,0.4239533188172533
SBF1,0.42394516036708996
CAMK2A,0.42376622343893094
MAP4K4,0.423697817132607
PKM,0.4232866001835897
CNTNAP3,0.42325448661118875
SLIT2,0.42314094183601547
AEBP1,0.4230824548535756
USP36,0.4229827481311378
CHORDC1,0.4229026924956846
RASGRP1,0.42269303285129145
UPF3B,0.4226291440044745
ZGPAT,0.4222818603700639
CNN2,0.4219839400407056
SLC34A3,0.4218221026601455
ERV3-1,0.4216804769115535
FCHO1,0.42160040403937354
C2orf42,0.42159830036718143
GRASP,0.4213984414084823
WDR7,0.4210400440658966
GPIHBP1,0.42089658743493236
SYT11,0.42055222154465854
WAC,0.42035785866291986
HSP90AB1,0.4199145134967395
KLF7,0.41988706473131915
ASXL2,0.4197298513039648
HDX,0.41964705025605764
PLA2G2E,0.41895732994656504
TRIM50,0.4189269808165847
APPBP2,0.4189246449825952
SENP6,0.41884960504503144
EYA1,0.41836467930039345
BAHD1,0.4183640378808323
CSH1,0.41802112760095417
CRYGS,0.4178610703458099
PGAP2,0.4177341132226666
PIGA,0.41762502790615763
TRANK1,0.4175070974132538
RPTN,0.4170804797705886
DEFB106B,0.41649352687968355
FRS3,0.4161101580487959
HMHA1,0.4159585076147784
AGT,0.4158083131304828
ATG13,0.4157387995076113
WEE1,0.4155059154440193
STAB2,0.4153849543050357
C20orf24,0.41469335729396656
AMMECR1,0.41445416939195767
COLEC10,0.41443869387243865
RPS6KA4,0.4143216726078876
PAX6,0.41417136045906433
NKG7,0.4138319369059942
KCNJ10,0.41380621692103026
PRPF3,0.4137645728153407
RBM10,0.41351463195037325
KCNH5,0.412961628422848
TRPM2,0.4129489398930801
RPS12,0.4127424997903989
CARKD,0.41235502988035033
SYT1,0.4117948372986878
C11orf73,0.4117451595065933
C1RL,0.41168365621554737
PRL,0.41141098013340777
VIL1,0.41134668450555184
TUBG1,0.4111075182960122
PSMB2,0.41091787135657704
EHHADH,0.4107231212999777
CNOT11,0.4106990876380539
ARFGAP1,0.41042530561626794
WISP1,0.4098785154185242
CFP,0.40986879569271584
SELE,0.4096566620557213
FOXA1,0.4093949002106962
RAB1B,0.409233807150941
FNDC1,0.40901503463352423
COL4A6,0.4088019639885674
GLDC,0.4085741145945919
CDK14,0.40813344238186894
ELN,0.4079832965814875
SORL1,0.4076174675805592
EVA1C,0.4075315727457537
ZNF787,0.40748103775916644
ELMO3,0.4074337681636675
ATP2C1,0.407365324358871
DYNAP,0.4073194363893275
PNN,0.40686885782101456
CLPTM1L,0.40666455607815827
TMPRSS2,0.4064453539708335
CHCHD4,0.405958174964386
FGFBP3,0.4059498216865068
TUSC3,0.405640815868575
BICC1,0.40543243517937494
FOXO1,0.4053919981643552
PSMC1,0.40507216884931946
MPP1,0.40479454919576247
CREB3L3,0.4046552162979687
ARL4C,0.4046510943768981
SAMD4B,0.404233398054346
ARSA,0.40403741505050633
SNRNP40,0.4039368820125235
NEUROD4,0.40380924192223944
MEIS2,0.40375337119451216
NPHP1,0.4037286389054778
MAP3K5,0.4032407257961137
PDCL2,0.4030380475954065
PNISR,0.4029589674644135
WFIKKN2,0.40290978405303624
METAP1,0.402182613003121
TYMP,0.40215732224031026
PRSS3,0.40211577685881233
PTTG1,0.401751086973616
ELP5,0.4013905351563655
ORC1,0.4010119699096265
SGK223,0.400906079696189
GNA15,0.4008848521477843
RGL2,0.40071048670588266
SCYL2,0.40060029921615325
TAF5,0.4005348167989981
MOSPD2,0.4004748739643911
GPR85,0.4003629891002036
BTG3,0.4001100723361655
CCNK,0.4001076820408557
HEATR5A,0.39983015639357716
ATG2B,0.39975064871299204
RNF214,0.399691292006273
GRAMD1A,0.3995509067112247
DBP,0.39937364833924327
TOB2,0.39928354975023156
AMOTL1,0.39922476571698623
RPRM,0.39907922117598654
SMARCA1,0.3990409326760846
CABP1,0.39892598239226784
TDRD1,0.39879470991051214
OR4F4,0.39871816211372935
IL16,0.39870405929943936
ZMAT2,0.39867835110805244
FBXL20,0.3985372587157662
FNBP1L,0.39840598515455566
GK,0.39823899422405845
LARP6,0.39806945245993774
XPO7,0.3976128454657134
GSTM1,0.3975770305693259
EGF,0.3974490074182442
RAPGEF3,0.39738485028947007
ATXN7L3,0.39684164874350214
PPAPDC3,0.3965496708600274
LPCAT2,0.39645531052237776
PIGZ,0.3963073530433544
CHGB,0.39588248058421144
CHD3,0.3958252324477082
RND1,0.3957846204655024
AKAP8L,0.39552214290938636
GPR107,0.3950379518996503
BVES,0.39491019497915175
BACH1,0.39443468484269895
FANCF,0.3942188470445963
TAF12,0.3933217785623423
NDN,0.3930012857806753
DNAJB11,0.392975078238096
ITM2B,0.39279843532353353
ABHD16A,0.3926078820891132
RIOK3,0.39255813430248837
PPFIA3,0.3924327235156385
CDC42EP3,0.3920818807378194
KLHL13,0.3918855231964953
APOO,0.3916371469983971
CDK8,0.3913985334753433
CSF2RB,0.39128465399950385
CBFB,0.39107590367610895
CNIH2,0.39091116022462946
FLRT1,0.3904929288795282
ARRDC1,0.38992056248720575
EYA4,0.38979232696627997
COG5,0.3890960175278892
EGR1,0.3889613245393357
ACTG2,0.3888736744293171
LCN12,0.38884872954662375
SPRYD3,0.3888318700966978
ZNF750,0.3888177368004908
RBP4,0.3887763715735604
PTMS,0.3885282547943665
SGCG,0.38821091475290576
STT3B,0.3881527519338839
ZXDA,0.3880254087131326
UBA6,0.3874787229166314
EEPD1,0.38713265492573906
SBNO2,0.3870836074309178
PIWIL4,0.3868893953366729
PCSK5,0.3865633759631589
AKNA,0.3862492332243397
NELL2,0.38621110006135206
H2AFY2,0.3861691414576639
PPM1E,0.3853016788543335
IGFBP5,0.3851528399857236
RAB11FIP4,0.38505262361645354
PSMC2,0.3850002426581033
RPE65,0.38456600882827824
UNC5D,0.3844281854810363
HPCAL4,0.38437838627967424
COLEC11,0.38421156839781134
OCRL,0.384138326601224
PICALM,0.3838915595390464
ATP11B,0.38366585833698064
AP4M1,0.38365298787006685
ZFAND3,0.38346250678556304
NANOS1,0.38342083468003824
TIGD2,0.38336025346397157
TKTL1,0.38333471787748485
ADCK5,0.3832955786617869
PRPF4,0.38232702674359453
MYCBP,0.3822365987089802
RPGR,0.38212504087469357
IQGAP3,0.3818411126862065
ACE2,0.38180543107791265
LGALS2,0.3815896136796719
KBTBD2,0.38153293200022187
TNIK,0.38146970239328304
P4HA2,0.381347017449303
ITGA9,0.3812093437080884
TCEAL2,0.38098288751258996
RHBDL2,0.3809248807361915
RSPO2,0.38074578664163056
PSPH,0.38073538620796765
CHRAC1,0.38065910610428433
CP,0.38037657610254083
ITPK1,0.38021302051899264
RAPGEF5,0.38014686053597974
NOVA2,0.38009295748099786
PAX4,0.38009130421886483
CAMKV,0.3797746512892068
OPRL1,0.3796373717509533
MRVI1,0.37957071893390687
TENM1,0.37955224839724283
KIF26A,0.3794499898287153
DDX24,0.37942260535109223
CHMP7,0.37852046950348917
ARVCF,0.37850218394946494
CNTD1,0.3784589291762154
KCNT2,0.3784085402856139
FAM65A,0.3779178934293465
GFPT1,0.377681277074207
MAS1,0.37761479969367756
HOXA5,0.3774641643582904
C12orf44,0.37742163507125415
RAD50,0.37740637418003303
SLX1B,0.3770192130191526
SFTA3,0.376709482381576
ACD,0.37624840911986607
CGNL1,0.3761838394765956
ADAM17,0.3760642130867775
ANKRD27,0.375926967029286
VANGL2,0.3758542174167446
DGKB,0.37549747814148465
LCMT2,0.3753839408633677
ADRA1D,0.3753216800853394
RFESD,0.37505198525656264
FANCB,0.375050755798006
NNAT,0.37471527465964954
HSPD1,0.37442911753530145
NUMBL,0.37416729566865914
FBXO22,0.37412226923604325
P4HA3,0.37377309607470816
BCL2,0.3733763856263618
RPLP2,0.37332810244884523
DRP2,0.3731195421213704
ACADSB,0.37285218135128523
OXSM,0.3727896474728648
MARCH4,0.3726935568646971
SRSF3,0.3720365989391323
GPC6,0.3719957502898985
TNFAIP1,0.37182273174084135
BCL9,0.3718070250674587
DCAF4L1,0.37170411890331406
EEF1D,0.3716278076682467
MVP,0.37162037533457953
DTNA,0.37153651592277975
RGPD6,0.3714688279276201
GPR143,0.37137806566918824
LRRTM1,0.37135868643351794
LMCD1,0.37135673023147486
MYEF2,0.37126278432739374
ADARB2,0.3706863868814216
TCEB3,0.37041550514426824
IGIP,0.3700064830796585
SSRP1,0.36996319647466736
GDF6,0.3698079350627782
M6PR,0.36978867481320227
UBXN4,0.3692301137863773
GNA11,0.36922560748289845
SHISA2,0.3688969452483657
ZHX2,0.3687326290318907
SNAI1,0.36836565296839496
TWISTNB,0.3680093532510734
IQSEC3,0.3673573077024223
RAI2,0.36715635020055626
C8orf34,0.3668621302227162
KRTAP9-2,0.36669263693808996
TK2,0.36638240639087516
FOXP4,0.3663209780116501
AGPAT1,0.3661304132366623
PRKD1,0.3660887389146021
LRCH1,0.3660830796177982
SEPT8,0.3659949887802341
MET,0.3659400890581751
MYH6,0.36584032931035865
MANEAL,0.3658210776594787
CNIH3,0.3657987836384997
PHF3,0.36555097698067335
HEYL,0.3654743199337703
NOG,0.36544346694610375
NTRK2,0.36540578810394214
CSNK2B,0.36536141136506284
FES,0.3653453786108622
RING1,0.3653005476359297
SBSPON,0.3652566455820342
FIGLA,0.3650587894696548
MRTO4,0.3648088993558904
CALML6,0.3640936261183656
SRP68,0.3639592803016812
SNPH,0.3638747434401696
NNT,0.3638169512082105
ADRBK1,0.3636606089870148
FGF1,0.36348853103939777
FSIP2,0.36334839215866144
MYO1A,0.3633218128947646
DTYMK,0.3631036164546281
MCRS1,0.36305537832035095
RPL11,0.3626915737853876
ADO,0.3626295214471965
PRSS54,0.3623886482386012
LRIT1,0.3616651801478918
TRIM61,0.361608805545461
THAP2,0.3614969759834623
BPIFA1,0.3614651025956446
ITGAX,0.3613255406930468
GPR125,0.3613050765673752
KIF21B,0.36123278462763425
WDR6,0.3608992583019972
TMEM63B,0.36089475009434474
SEMA4D,0.3608146894693722
HECTD2,0.36064239864814435
CPSF4,0.36060876770476336
MIER1,0.3605872375148298
KIF19,0.3601631092381387
GAS1,0.3601434303161559
INTS8,0.35965603867122137
YIPF3,0.3596231309320272
IKZF3,0.3594016128429818
ZBTB43,0.3591683802292854
NRD1,0.359065578287664
NKIRAS2,0.3585680556545366
YWHAB,0.3583764243420839
XRCC1,0.35823188080695856
SF3B4,0.35820971859803685
SPHKAP,0.35807372581809177
TMPRSS11F,0.3576863811335684
SGCB,0.35754490692437313
GDI1,0.3570281448548273
FAT1,0.35701223733907606
ZKSCAN1,0.35681611836347804
ITGAL,0.35672635667443753
AGPS,0.35667073874588257
FRMPD3,0.3560230649376334
CSMD1,0.3558987626170691
RCOR3,0.35576194590834054
KRIT1,0.3555564198837633
MLLT11,0.3552827016884258
FLT3,0.3550526328566719
CD2AP,0.35488671543724826
HAAO,0.3548556144377852
GPR158,0.3541337024863645
LASP1,0.3540641989152038
STK38,0.3539868682080336
WDR5,0.3536628184053003
ESRRG,0.3535649648891525
NSA2,0.3534889811735298
PNLIPRP1,0.3534245674504606
SPG11,0.3531968128128512
FIG4,0.3526846171737023
CCDC92,0.3521135855162592
SCARA5,0.3520691126844776
PHF21A,0.35198873290125066
DUOX1,0.35191038733899604
ELK3,0.35173188026409913
KCTD16,0.3517234921113847
NAPSA,0.3516249677513652
SCG2,0.35151127944439337
SCUBE1,0.3515053250077761
FAM159B,0.3513229853012405
SUGP1,0.35114748733348383
ITGBL1,0.3510318529091289
SLC4A1,0.35030926282937574
HES5,0.3502360102227485
CLDN15,0.34988361098613646
UBE2Z,0.34973697417960986
SMDT1,0.3494514652394404
MEST,0.3494149515651177
ENY2,0.3493738487642456
LONRF2,0.34936731192854487
CENPF,0.34892623910455894
KLHL15,0.3488462626922171
ANO1,0.34859858149510375
CACNA2D3,0.34849835673177076
KIAA1217,0.3484593568619229
CIRBP,0.34841804283259253
PDGFC,0.34841441791982575
PIAS4,0.3482737936445931
GABRG2,0.3480107613401883
SEMA4C,0.3478245265122622
EXT1,0.34723912588191935
FAM91A1,0.3470207882163016
TCP1,0.3469969947603886
LCA5,0.3469522218763971
GYPA,0.3464107133340332
CHRNB4,0.3463981832243411
XKR9,0.346240899988757
B3GALTL,0.34584699379920064
CDK12,0.34565734779835017
CTXN3,0.34560817123003307
SIRPA,0.3455132591695714
SLBP,0.3452599909465615
RBM33,0.34515497582691834
KRT5,0.34430812888694656
AJUBA,0.3438584620058791
B3GNT2,0.34379198364880353
RALBP1,0.34316207112323693
TUBGCP6,0.34307245188524466
TNKS2,0.34297896676132034
ZFYVE26,0.3429711423337125
PGA3,0.34281529925080295
IER3,0.3427801298627061
AP5S1,0.3427670320205027
NHSL2,0.34266193994824123
KMT2E,0.34251136277088445
MAP3K9,0.34212269236561843
TNKS1BP1,0.3420549967075161
ZNF362,0.3419751903358592
SLFN11,0.3419653510066702
SPTLC2,0.34179496024833944
PPAP2A,0.341638643597408
SPO11,0.3414741324309785
PINK1,0.34129484259660736
KMT2D,0.3412946171796992
DCLRE1B,0.3412468466437577
OTX2,0.3412187701091083
MAP3K13,0.341123652443463
OXCT2,0.34111379072468556
TMCO3,0.3408759577780721
AMD1,0.34023545337831373
ZBTB40,0.34020075216467993
XAGE1D,0.3397550992431455
LIN52,0.3396661941246142
CMYA5,0.3388211175506298
GSDMD,0.3386397494522654
CALR,0.3385950835746512
DENND6A,0.3385937064090374
ORC2,0.33833670757433437
C12orf66,0.3382318112767018
ONECUT1,0.3379665850421817
AKAP6,0.3377780552341987
C14orf1,0.3376561884330889
PPP2R3A,0.3374996406103247
TNFRSF13B,0.3374123359965737
ADAM12,0.33677906643798333
ETV6,0.33647868945996157
PAK4,0.33618045217609
AP4B1,0.33600979243181817
SQLE,0.3359996661299214
ASCL4,0.3358791512033853
CHKA,0.3358025697810423
EPS15,0.33519200041490854
FOSB,0.3347915458323318
PLSCR2,0.3347000381342992
VPS13B,0.3345821234806396
IRGC,0.3343806982977381
COPS2,0.33428781238329397
SNX5,0.33373739930071683
ALG13,0.33346783636346994
CHI3L2,0.3334391884322011
TRAPPC8,0.33300236680846146
WDR26,0.3329014129544887
MATR3,0.3326130498390698
FRA10AC1,0.33219915615033546
XPOT,0.3320650160139164
SRGAP3,0.33180135362453084
PDE9A,0.3316872998039527
DLG1,0.33151917415428755
ASAP1,0.3313544296372625
PRELID1,0.3312843109098353
PIP,0.33121322923194557
OPRM1,0.33093896067249357
SRP14,0.33093386358959953
SMG6,0.33077999880547077
ACTL6A,0.33061453258607876
CASC3,0.3304759906124378
ARSJ,0.33035021948281673
NSMCE4A,0.33011157435401295
ECE2,0.32980829645200055
EXOSC6,0.32976744569076244
DSE,0.32964121701272237
TNKS,0.3295989614548655
PLEKHO1,0.32945415088565627
UNK,0.3293505627790146
HSPB9,0.32927908643161236
ARPC5L,0.32913008097983953
CCND1,0.32881745668236895
ENC1,0.3286384536427179
VSIG2,0.32859295285339596
SP3,0.32848004750423354
LAMA2,0.3283916374868752
MAP10,0.3281811270493895
HEG1,0.3280096689110175
CETN1,0.32794464483790453
KCTD8,0.32792818379240546
VCX3A,0.327534619220869
PRKG2,0.3270961608438621
STIL,0.32676539823972983
MTFP1,0.32666547656141437
TAPT1,0.32661284260864826
LPCAT4,0.3265972063968634
CUZD1,0.3261505361357102
SMCR8,0.3255170386014423
SSPN,0.3254199970946265
LSM12,0.32520119217896887
MXD4,0.32503957618735296
ARPC4,0.32502534612285083
ESCO1,0.32496617019779606
BRCC3,0.3247869123125966
DENND5A,0.3246194060750999
SLC9C1,0.32451350903650217
ZMYM1,0.3245099130238424
RIMS2,0.3244938006228487
CSNK1G3,0.3244325091256485
ATP8A1,0.3243640011904999
RPH3AL,0.324334716445283
VAMP2,0.32422645787209764
SUV39H2,0.32410069813472325
PPEF1,0.32403736521015875
GOLPH3,0.32391299970810633
SMN2,0.3236484499552902
CCM2L,0.3233760287797211
NAP1L5,0.32325906359961326
CYYR1,0.3232188747913149
GAGE2C,0.3225651409832059
PRAMEF4,0.32251393943312934
PARD6G,0.32208555629357777
YWHAQ,0.32196637241338694
SGPP1,0.32147189430826
HDAC1,0.32146387389758296
MYO3A,0.321051249478477
PURB,0.3207897910432436
DCTD,0.32053207859306526
CYBRD1,0.3203846947051108
TCEB3B,0.3203777559295756
GUCA1B,0.3203325277567688
AHCYL2,0.32026465751688676
KDM5A,0.3202034866826511
HOXA11,0.3197642662310341
ZNF280C,0.3195136061309461
TRIM71,0.3188874175894918
PROSER1,0.31885123563600437
RHOQ,0.31877016183227425
HNRNPH3,0.31864145321933374
DBN1,0.3185489343968304
SACM1L,0.3182604960355519
DCAF5,0.3181171243927966
MAN1A2,0.31799230589449684
PEF1,0.3179379280884944
DKC1,0.31790210354488435
PKIB,0.31773150873316136
RXFP2,0.31767894332952584
GRID2IP,0.3176240585825338
ZNF217,0.3173832405669554
PRRG1,0.31723857812710454
SFXN3,0.31716154651785206
KNTC1,0.3170301455859158
CSF2,0.31694034452182596
BCKDHB,0.3167051250881884
EVA1B,0.3166239841259209
PGD,0.3164160108815574
RBM39,0.3163757740585748
IRF2,0.3163607640911493
GBE1,0.31621155829662456
ZC3H6,0.3159429887603483
MROH1,0.31582523455493583
MAPKAPK3,0.31562551959866125
HCFC2,0.315617102084032
IGDCC4,0.3154996877187036
SMC2,0.3154883683472652
TM9SF3,0.3153320579169408
NIM1,0.3153057451973674
F13B,0.3151877072665997
WDR37,0.3151144113923112
MSN,0.3150634109985767
ARHGAP17,0.3149786751046455
TBL1X,0.3144246678745113
GPD1,0.31410863406605083
YTHDC1,0.3138616298640018
ATP2B3,0.3134303446903501
AMMECR1L,0.31342550963947
ANKRD20A2,0.3133465363557012
ARMC2,0.31316030668836287
POM121L12,0.3128932090885923
RFPL4A,0.31282079582162564
PARD6B,0.31250677755525297
MOB1A,0.3118970621532181
ALOX5,0.3117822368037839
PLXNC1,0.31177450031022685
MRPL54,0.3116328656252585
PIP4K2B,0.31163253785537265
FMO4,0.31158631211265236
RAG1,0.31119481652731984
DYNLL1,0.3110014127724204
MTMR9,0.31075306254627316
TMEM55B,0.3105878665867084
ATRNL1,0.310488708211056
WIPF2,0.3103397390334224
FAM115A,0.310289075469739
C9orf173,0.30999674856862497
KCNE4,0.30998748135889
CERCAM,0.30990283936084884
SUPT7L,0.30984845863768073
CCIN,0.3097970329691378
DAZAP2,0.30978647454957065
EFR3A,0.30962287233583224
VPS26B,0.3096220700771588
BFSP2,0.30941830275123966
CSE1L,0.30841803553637254
CYCS,0.30825556853230585
CCM2,0.308070557145363
CBX2,0.30781561882381536
NEURL,0.30779635828243757
IER5L,0.3077762827341162
LARS2,0.3077232889767602
INTS10,0.307720841157979
PELO,0.307615427826932
PRR5,0.30755090423846465
TRNAU1AP,0.3074524864212616
RCAN3,0.307296193642743
SPDYA,0.30704554658419353
GBX1,0.30665739370223544
RIT1,0.3064264637420732
GJC2,0.30633297519459785
SAMD4A,0.3062487337664811
MAG,0.3061713485811821
PBK,0.3056723838264251
ECE1,0.30552368388283235
DCLK1,0.30540008143934805
GIMAP1,0.3053499877774262
MPV17,0.3051337945480759
GYPC,0.30487279723487815
AGBL4,0.30458336708270844
HTR1A,0.3045062498588254
LTBP2,0.30438350362419053
SERTAD4,0.3043435431218819
YRDC,0.30371292324398763
SNX17,0.30342691292754453
TGFB1,0.3033677912773616
NASP,0.3029324281100106
C8orf46,0.3027769607600581
COA1,0.30271682293586366
YY2,0.3023837570136606
UHRF1BP1,0.3023757771078411
IQUB,0.3020194997092693
SUMF2,0.30195304574459014
ATP7A,0.3013653876438054
SELT,0.30120958011131027
KIFC1,0.3011598712576156
OR10G3,0.30072983194528047
ARSE,0.3006315345066561
EHBP1L1,0.30018207419866016
GGH,0.30013644757142177
MORN4,0.29962720325112524
LZTS3,0.299601247355558
TBL1Y,0.2994458421561052
ARMC3,0.29941923171730556
CCNB1IP1,0.29938543902753373
DHX36,0.29882847970790233
PTGDR,0.29880836151302426
PLK4,0.2987789467800648
MYO5B,0.29836794926706167
RNMT,0.2983642591356228
DHRS4L2,0.2981636776122435
ZC3H14,0.29808001504281434
SOX30,0.29790535752548236
SLC17A6,0.2978679507194217
PGP,0.29782216635916375
NMUR1,0.2978192701400972
PRAMEF12,0.2977948219969179
AADAT,0.2976504649418033
YME1L1,0.29744943372307026
IGSF9B,0.2974449144986958
TGFBRAP1,0.2973257861035127
NFU1,0.29719493310936523
GLUL,0.29698312804110627
ERBB2IP,0.29680351102590846
ATP1A2,0.2960072906107565
INTS3,0.29599194033600706
GRAP2,0.29564896158047516
XRCC6,0.29528780603137245
KAT5,0.29528525037775355
MYH1,0.29522843623149575
ENTPD2,0.29497218556227023
RCC2,0.2942983781906925
TMX4,0.2941316365633752
CD207,0.2939400234882803
RHBDL1,0.293884810183567
WNT3,0.29379938566686353
HSPB6,0.29374895089204306
ARF3,0.29372333741166595
HDGFL1,0.2936577119317664
PLB1,0.2935882180958796
C4orf17,0.2933430796458359
FN3K,0.2930401799739609
EPS8,0.29297262469203084
NFS1,0.29275947649740613
KCTD12,0.2927127908511811
NUP93,0.2926348247170745
ATP13A1,0.29238462017604344
CCAR2,0.29210182585872885
LCAT,0.2919512893787292
G3BP1,0.2919457075558068
FRRS1,0.2918234782625786
CHM,0.29180183113885144
PKD2,0.29177575307094145
SCML2,0.2917336733009705
MTA3,0.2916346102144643
NR6A1,0.29149385062415184
KRT33A,0.29131241191560786
ABCC8,0.2912944924747142
VIT,0.29107449715871786
GEMIN7,0.29096173249184276
ZRANB3,0.29093399347171467
MTPAP,0.2908439559105566
GSTO2,0.2907285274052407
LAMA4,0.29062012247986013
MAOA,0.2903189478405187
USP19,0.290205755201455
C15orf26,0.2900980886256015
NGLY1,0.2900749774247945
DPYSL5,0.2900550620560182
MESDC2,0.28987514759866895
RRH,0.28981030332453406
ATF7,0.28978668152828757
PGLYRP2,0.28951743142608405
BARX1,0.2894952414185899
CELA3A,0.2894609953452035
TMED4,0.2893939563113996
FBXL6,0.28920632404173136
KIAA1683,0.28918895491871727
ATG4B,0.28916976062281213
TPP1,0.28912408857864164
CTSA,0.28881121170620416
SPIB,0.28871150099200465
CUL3,0.28856533329359996
FSD1,0.28852272063554935
DNAH9,0.28851792997268644
C10orf118,0.2883783687193721
LTB4R,0.28831542517847947
POTED,0.2881525401538674
DNPEP,0.28814937891849685
STAC3,0.2881186170983369
MBD4,0.2880851835836638
RFPL2,0.2879159985367605
LSAMP,0.28739428977682135
DCAF15,0.2872307032330006
PRPSAP1,0.2871168974709706
MARCH7,0.28688644043566436
YTHDF2,0.2868308049379565
ADAM9,0.28678120692893017
HMGCS2,0.2867167317277646
ITGAE,0.2864282967448678
KLF5,0.2862687839098126
PSMD13,0.28623954191606726
LPPR2,0.2860753382989869
HOXA3,0.28589631371209995
AP2A1,0.28582505318508417
HDAC4,0.2858096868540973
CDYL,0.2856345582684404
PRDM6,0.28532655349214514
SAP30,0.28506402517773033
PRKAR1A,0.2850098867198072
OPN1MW,0.28473618282948066
ANPEP,0.2847336457425541
TRAPPC1,0.28452056335346154
ZUFSP,0.28439244526712026
SNRNP70,0.28433506207203424
SULT1C3,0.28424913663938206
TAF6L,0.28424793282048644
RHEB,0.284194512673514
MAGEB18,0.2841727204234873
PRKCDBP,0.28396622780417935
ZNF652,0.2837017007214938
FAR1,0.2836651035611062
PPL,0.2831913940177026
GM2A,0.28306019587251646
ADSSL1,0.2829419157195665
TBX18,0.28284790714473756
VPS13A,0.28267553449728433
PHKG2,0.28265863360583743
DYNC2H1,0.2824275553871719
EMC4,0.2823987384439944
MSI1,0.2821164177962944
CES1,0.28205235501896286
BGN,0.2819369767890951
ZMYND10,0.28182657537959716
PRR7,0.28152412619306577
FLG,0.28125496012109846
SYNPR,0.28106033363676486
TRAPPC5,0.28085939269872784
PAN3,0.2805906289415225
GPR52,0.2804248338854905
FAM19A1,0.2803589864322101
MATN2,0.28018809547903684
C1orf159,0.28001725981476216
SNIP1,0.2796939004127613
PXK,0.2794364556912706
B3GAT1,0.2794246427593773
BTF3,0.2793980516724722
PTHLH,0.27936472751055885
AKR1D1,0.2793461422402873
LHFPL5,0.27916379579863215
GPLD1,0.27911677732966533
PSMB5,0.2790668411981618
MEN1,0.27902679159113875
AUP1,0.27897265877229155
TUBGCP4,0.27889003588111055
C19orf47,0.27851751291553345
RAB4B,0.27849344709660306
ERP29,0.27821221655184747
MS4A4A,0.2776969579103456
EXOC5,0.27767848443234855
PPIP5K1,0.27744092097756085
STARD7,0.2770972991341905
CNN3,0.27707748112294667
C14orf182,0.27696049411953494
ABRA,0.2765966059419016
NXT2,0.2762061092276908
GBX2,0.2761391292822943
MLLT1,0.27606864067517695
METAP2,0.27596671064514927
MLXIPL,0.27583117420480585
HSF1,0.2757214490001799
FBXW2,0.27564209480584356
DPY19L4,0.2754874728387416
CUX1,0.2754863761063532
ADRB3,0.2752289935341474
CNOT3,0.2750985239503981
BMX,0.27498038905076855
B4GALNT4,0.2749711060352948
CYP1A1,0.27482847996553683
PKP3,0.27474074089669837
MAF,0.27472372422616825
SHISA5,0.27471907786435806
B3GALT2,0.2747171813842231
NRK,0.2746725330296432
VOPP1,0.2746551094184821
UNG,0.2746067701661218
LDB1,0.27426277409333943
ALDH1A2,0.274200768552236
C9orf114,0.27412647038847054
FHL5,0.27403550081243194
SEPT6,0.2737857566462968
PSME3,0.2735874948834063
NEURL1B,0.2731727888848691
IDNK,0.2730751279811692
THOC3,0.2726832512234531
ZFYVE9,0.2723980654342871
EIF5A,0.2723155465016495
FMNL3,0.2722681086819629
AKAP17A,0.2721846148043945
GOPC,0.27208088223216315
ANP32B,0.27189304621524146
HS3ST4,0.2717547968000495
ST8SIA3,0.2717525084019786
GRHL1,0.27160428944179643
MAGEA6,0.271428206260225
BRD4,0.27123884432744316
FOXRED2,0.2711924847669455
KIR3DL3,0.2710133801666997
C9orf117,0.2709673949553176
BRSK1,0.2708153369493387
CRYGB,0.2706579634307435
SFTPB,0.27058882825096725
GTF2H1,0.27028185280861977
RNFT2,0.27026020102632964
PLLP,0.26993479543676724
RQCD1,0.2695588324575196
NPAT,0.2692667442362348
TROAP,0.26914736598741534
OPA1,0.26844327277130015
NUP214,0.2683901058561199
MUC1,0.2683260207910871
EQTN,0.2682254184224707
SOCS3,0.2680447965153819
LURAP1,0.2680028716815644
NCAPG,0.26796573168560495
MYSM1,0.26793762180969216
AGL,0.26766385510045293
GCSH,0.26765603587580344
OPN3,0.2676075032929934
SLC17A4,0.2674592706511131
LAMB2,0.2674185254554481
MSX2,0.26734595880504974
GALK1,0.26732043703839764
ATF1,0.26731716362261065
CABYR,0.26729160037545
SETD5,0.2670618324805187
TNFAIP3,0.26697123352139635
HPS1,0.26683223481657387
ZNF439,0.2666672573291926
GAN,0.2665331424488473
MAP4K5,0.2664330634750626
PKHD1L1,0.26636444686392513
GMFG,0.2662088823358968
HSPBP1,0.2661965789143034
PTPRN2,0.2660164318673528
SPRED2,0.2659980867136207
LNX1,0.26584721841826836
UPP1,0.26580191925310365
SSR3,0.2657835666818508
PDIA2,0.26569992893705646
PLS1,0.26560093671210555
ZZZ3,0.26556738330610935
WDR82,0.26556374064654154
FOXM1,0.2652859499589901
KRBOX1,0.26521695717804306
AP3B2,0.2651847794621698
GEMIN5,0.2650607619324382
S100A11,0.2649789081940155
TECTA,0.2645906154263457
CSNK1G2,0.2645867938526715
RASGRP2,0.2645272659626008
RPL10A,0.26449173224468625
PPP2R2B,0.2644653305813313
HPX,0.2644577380166704
HSFY2,0.2643049338305616
LRRC7,0.26409811391283994
NUP210,0.26409657586816165
LEPROTL1,0.26359834005363847
FSHB,0.263502654929938
SLC25A12,0.26342979004980455
GNMT,0.26334254416686054
AHR,0.2632487121477966
MAT2B,0.2632467116191579
COX14,0.26323118259702355
COPE,0.2632221005366183
NUCKS1,0.26274323093510793
SPTA1,0.2627271421099856
CDC16,0.2626220840167103
AKIRIN1,0.2625892060028963
DNASE1L3,0.2625839357177948
TRPA1,0.2625595608089555
HAS2,0.26250287653895066
TSC22D2,0.2623176807303535
RRAS2,0.2620613031846707
CSNK1E,0.26181204894188664
TIGD3,0.26174244851826345
ZBTB2,0.261545363713399
KIF11,0.26146528962774995
ORC4,0.26138464036311765
SELENBP1,0.26134639067061904
STRBP,0.2612430345831954
RGP1,0.26095607006312194
C8orf47,0.2605378993042829
PLA2G15,0.260516880389154
ZC3H7A,0.26031217527730993
ZKSCAN8,0.25989607406701637
ACSL6,0.2598129357915509
RAB14,0.2598078090504485
ARAF,0.2597898985848914
KLRG2,0.25977191067673167
FAM65B,0.2597063866472208
CMTR1,0.2596720577673392
RAX,0.25946131526474153
VWA5A,0.25944206774413564
RRS1,0.25929791067174474
HELZ,0.2590135417752238
PLA2G16,0.2589923167260714
CYP27A1,0.258838596744592
CACNA1S,0.25882550395021287
BSDC1,0.25875713913447573
AP1S3,0.25837532988333056
FLII,0.2582276724115669
ATXN10,0.2581283542611692
FOXJ1,0.258070399262468
FSTL3,0.2579761921167943
NGFRAP1,0.25785388488605904
GALNT10,0.2578027378234365
PAK2,0.2577754157531031
LUM,0.25744819487096426
MGAT2,0.2572671599116625
ZSCAN1,0.25711889721654263
KHK,0.2571122494836296
NRG3,0.2568721623544185
UBE2A,0.25673943769315
MIB1,0.2565484763944804
COL17A1,0.25647120687172137
SOX13,0.25630892436516545
C14orf37,0.2562177742486543
ANTXR1,0.2560640861649201
AQP6,0.25600809508379646
PKDREJ,0.2559846292812998
SPAG16,0.25543679901088984
HNRNPL,0.25524929043625244
PKNOX2,0.25520862553462653
PPT2,0.2551215977306801
CREM,0.254549493329544
IFIT1,0.25454592713938884
SETD7,0.25441329364746146
PCDH15,0.25418011246522
DONSON,0.25401763388639537
PTK6,0.25398533430281706
CHIC1,0.2539821583886927
ZNF85,0.2539550483327824
PPP1R26,0.25384019604772434
MAP7D1,0.2537650224441579
LMO3,0.2536180373471544
HAND2,0.2535577604555659
CARTPT,0.2533319563284578
FASTKD5,0.2532081494614259
ZPBP,0.25313510101304937
PPOX,0.25303849153116
DCAF8,0.25297587775391245
SETD3,0.25296897290185844
TJP3,0.25290576656718555
RGS6,0.2528961627945739
RNF25,0.2528648229887137
HSPE1,0.2523762898158217
SSTR5,0.2521496580679735
EZH1,0.2518550378770447
SCFD1,0.2514848551928075
ZNF385D,0.2511774021331854
TUBB1,0.2508066009490625
FRMD4B,0.2507423823624507
PDK2,0.25065312430766623
TNFRSF19,0.2505067698924703
MEF2A,0.2503274731196179
STON2,0.2502413610702076
MMP26,0.2502258439435392
ABCA3,0.24973643138044654
MOB2,0.24896317716020042
ZC3HAV1,0.24838744706981256
MAGED2,0.24829850266472045
MIOS,0.2481655154190978
POLR2J,0.2481027135059822
GLI1,0.24809479321741712
TRIM74,0.24769760251464443
PNPLA7,0.24741300355708234
GPC5,0.24725750185796755
LRRC23,0.24725386829171112
PRRT3,0.24722551381696134
KLK11,0.2471677551150552
CBLN4,0.24705582927508896
HIST1H4D,0.24677292309940912
TUB,0.24676714279944098
ELMO2,0.24630309684980958
TMA7,0.2461698980631533
SLC13A4,0.246027996401132
SUPT20H,0.24546904376549156
PSMC6,0.24544200586861795
RCBTB1,0.2453846452732542
RBM38,0.24536506057108176
NEK5,0.2452579268983514
NVL,0.24515701418018948
KLHL9,0.245134006091909
LMBRD2,0.2449908827678359
FGL2,0.24467029561310483
SCAND1,0.24455629068396242
POLM,0.2445236121357489
MYO9B,0.24442395497059374
ANKH,0.2443206962562786
TINAGL1,0.24425518355579265
PIEZO2,0.24418244229446814
UBASH3B,0.2441394564068534
PTRF,0.24411412722679698
PDE3A,0.24402396974441118
GSTK1,0.2439997128991343
AGFG1,0.243895536455969
PLCB1,0.2438600773943607
HPN,0.2438506459346397
ELANE,0.24378885148715834
SYT7,0.24376374850995994
PREPL,0.2435508510978272
OTUB1,0.24347127223371426
PKIG,0.24345463300449263
SORCS2,0.24336363727186597
TXNL4B,0.24332849923262687
SVOP,0.24330583038004708
ADAMTS9,0.24322986655154893
ACP6,0.24313312449893543
TRIM26,0.24296131531460624
C16orf92,0.24288626257118892
ACTR2,0.2426741304448544
RALA,0.24249886937605894
TEKT5,0.24242906202592723
TRIM2,0.24236201221447118
HES1,0.24225667456812208
NUDT21,0.2421282938762771
PTP4A1,0.24212790019811992
SCP2,0.24208688929939393
MTPN,0.24178863642383946
ROM1,0.24176455066626118
MPST,0.24083535945856427
UTP14A,0.24074390393025533
PFN1,0.24031772325687842
DNAJC25-GNG10,0.2397923185046526
LMNB1,0.23968462608934246
GNE,0.2396716065675575
SNRPD3,0.23953023989078687
PASD1,0.23937905058663064
MKLN1,0.23935709397866187
GABARAP,0.23935626334489907
FAM71D,0.23913544085181024
ARFGAP2,0.2388208156485425
DBX2,0.23792137424283646
RAET1G,0.23788938960009534
TFAP2C,0.23776796547866502
PCGF2,0.2377482887359007
TTLL7,0.23768273591523006
TSHZ3,0.23763799309678463
VAV2,0.23748478786813168
UBE2D1,0.23713195296899514
CWC25,0.23713045568439378
PRCC,0.236839083182385
GMDS,0.23681779232913652
SIKE1,0.23675685939641886
AOC3,0.23668599916391977
CIDEC,0.23655763647435038
EPHB4,0.23652587294054925
TM7SF3,0.23649858107345587
DNMT3A,0.23641783446797474
HHIPL1,0.2362822397319048
ZFPM1,0.23624580228760567
ZFP57,0.23622531635532337
DCN,0.2361049395448766
KIAA1731,0.23600994662740588
ATG4D,0.23592016550579395
COPS3,0.23591207499625622
KLF10,0.23564944409093933
TCEB3C,0.23557907695964017
LFNG,0.23551387962130504
XXYLT1,0.23533082673284877
ILK,0.2353267843770576
JPH3,0.23531445349554186
GPR179,0.23500049703860024
GFI1,0.234993924224398
MAPRE2,0.23498922717938384
GLTSCR1L,0.23478646672786552
FLI1,0.23476746453019653
PPP1R12C,0.23410248699823538
MYBL1,0.2340327200900863
UBA2,0.2339288276480259
WDR45,0.23387011813877592
NUP155,0.2336407092475946
FAM26D,0.23363802549343832
PAFAH1B2,0.23292668888430096
POMP,0.23288273305621038
POLD3,0.2328701614226769
KLHDC3,0.23273421228915342
CBX7,0.23264000467735838
NDC1,0.2325952294213062
ARHGEF38,0.23259052987384254
PIGQ,0.23258560392200145
NHS,0.23245586355476
SKA1,0.23238661713688982
VRK3,0.23230283225755324
BCAM,0.2322891676075603
ACY3,0.23218014251396787
TCF7L2,0.23184780834428878
HERC6,0.23166834797444513
SNRPC,0.23166080617768697
RCAN1,0.2315423712495257
MYL3,0.2315195885167984
UNC5A,0.23098701506299854
IFITM5,0.23065366048904448
JUND,0.2300537701744475
VSX2,0.22995953527629648
LEF1,0.22990123700619888
APPL1,0.22987591966367726
ABCA7,0.22973038459504513
CA8,0.22971338422946802
MOCOS,0.22958469807340273
PPIAL4G,0.2295337372192469
DDX19A,0.2294050889328556
HCN4,0.229318290445743
TERF2,0.22920114574839986
LIPJ,0.2291494120082211
LEP,0.2290852206138791
DLX2,0.22898005944668304
HIF3A,0.22896870765142915
H3F3A,0.22879572876722545
PRICKLE3,0.2287715828199451
ZCCHC8,0.22873851817575774
FAM160A1,0.22847400197418874
EXOC4,0.22840373015574048
KRCC1,0.2283195712769535
SATB2,0.2282907720346358
PLD5,0.2282707265523008
APTX,0.228097385558327
LIMK1,0.227855550140589
NETO1,0.22766594297022918
PCDHGC3,0.22758344050300053
SERGEF,0.2274649582956154
INHA,0.22743572495902797
ABCG2,0.2273741254601386
AMN,0.22727132845857861
SPR,0.22724138870095442
KIRREL3,0.22722072343791086
VBP1,0.22698769038817676
FGFR4,0.2269446226657548
MED7,0.22693225967253042
KLRC1,0.2267805822673109
ITGA6,0.22667713305071246
SNW1,0.22661250308141626
HSCB,0.2264863537683668
CCDC28B,0.22647850088632013
BRD1,0.22617688356178225
DCTN3,0.2261765269290011
RGN,0.22586509358883253
RRP12,0.22573019267434302
TMPRSS7,0.22559585247842295
PGK2,0.22554610884872056
SLX4IP,0.22529094651686954
FTSJ3,0.2249200916424341
ATP9A,0.2248906493996996
NCLN,0.2248215520448651
EXOC3,0.22416076905751303
IRS1,0.2241333052408696
IREB2,0.224108678296084
RBMS3,0.22390167785001722
CLCN2,0.22379029464749203
NDST3,0.22363367813404442
MAPK10,0.22362870677805827
MAPK6,0.22347287819823108
CSTB,0.2234110943030699
TBX21,0.22332789457632735
WNT2,0.22331948791309678
RSL1D1,0.22329262217248147
HPD,0.22308324672011087
OSCAR,0.2229616573520559
RPL4,0.2229312873689021
MAPK8IP1,0.22285719667268652
THAP1,0.22284641870534957
ASPSCR1,0.22283851807452415
IRF8,0.22282996970509664
VKORC1L1,0.22258627499200548
PRMT8,0.22247599291113238
SCAF1,0.22242987907952552
CCT3,0.2222412925224725
HOXD8,0.22216113353911895
IFITM10,0.22214809462192056
KPNA4,0.22214712416150081
POLK,0.22212838189855127
DDX4,0.22189281931483926
LMBR1,0.221799335703192
DOCK8,0.22170446133054356
R3HDM4,0.22169600952717178
RASIP1,0.22164236813956303
TCEAL4,0.22137811058672713
C6orf201,0.22137001092839972
STK40,0.22130656619744565
DGCR2,0.22081384207711754
DENR,0.22067057143987856
MYBBP1A,0.22063617248362707
CNTNAP1,0.2205904254927023
CORO1C,0.22040396372541807
TRAF7,0.2203508696760016
PREB,0.22030438744298347
SMCHD1,0.22029366742530906
MCM7,0.22015859956743147
FGF17,0.22013097778661686
SNURF,0.2200398701414151
WDR20,0.21962775168285523
VWA5B2,0.21961551162066692
CACNA2D2,0.21957556021111202
KMT2B,0.2195220922864456
SLITRK1,0.2194054780398394
NRBF2,0.21935304828258706
STON1-GTF2A1L,0.21851369144765428
CELF2,0.21850147406660878
SRP9,0.21839092238356353
AARS,0.2182321509579433
TADA2B,0.21801477268237565
ACIN1,0.21795147620375052
RNF13,0.21785146579449075
MCAT,0.21782118405264203
CALCOCO1,0.2175896969184768
SLC16A10,0.21750163619881036
PRKCZ,0.217434152074698
ENPP6,0.21712384948348598
FIP1L1,0.21710095133435192
HNRNPD,0.21681279194350642
DRAM2,0.2166375240217622
LRRC8B,0.21658651088249067
ESM1,0.21636326918972065
WDR75,0.2162335864623449
TGM2,0.21623095335037618
CGGBP1,0.21597685044208687
NDUFB3,0.2159223928648333
MAS1L,0.21581027296256947
PLSCR3,0.21568184589146502
CYTH4,0.21567972944428335
DNAI2,0.21567721151610114
MPHOSPH10,0.21566182477653437
FUK,0.21537784000930854
FBXO32,0.2152889690956408
BZRAP1,0.21522335954087576
BGLAP,0.21495834988743429
REPS1,0.21491831405629533
DNAJC7,0.21486579070190187
RCN1,0.2147317151316488
PTPN2,0.2145504543069514
ARNT2,0.21433007132175966
HSPA8,0.21403463283807822
BRF2,0.21390228064373504
NANOS3,0.21372775010844247
POLDIP3,0.21370749891240046
CDH10,0.21357459779560764
DUSP15,0.21350318265722304
CMTM8,0.21335735033683959
GRB10,0.21327558364178884
SLITRK5,0.21264520959886624
GOLGA8A,0.2126197951381928
AFF1,0.2123414004027262
USPL1,0.2121358919461104
BCL11B,0.21207924695527247
GADD45A,0.21181504890024502
ARHGEF33,0.21174938414086047
ZBTB22,0.21148407354804355
KRAS,0.21146057206090116
RPRML,0.21127997275553503
MPPED2,0.21127198011230264
MYLPF,0.21120749921325166
ABHD3,0.21120667401066417
TNFRSF25,0.21116392797591213
RHO,0.21108489352679374
PHACTR2,0.21098745704840102
NPFFR1,0.21091261987977517
PCDH1,0.21071324444157832
ATP13A3,0.21069857667060451
RUNX1T1,0.21065700334545
ACP5,0.21027109841625585
KCTD5,0.2102252635122946
PAX1,0.21021934523004554
DEGS1,0.21020207164162213
CSRNP1,0.21009645872967692
FRMD7,0.2099249050844093
NCKAP1L,0.2098927830941335
TAX1BP1,0.20988940050454216
LANCL1,0.20976757287143372
TBKBP1,0.20973297017339887
FAM78A,0.2097150850650508
GPR64,0.20968008033540098
LRRK2,0.20958000970091265
PAX8,0.20935556967114555
RPS4X,0.20924588416632836
PSMB7,0.20921374463270073
BMP2K,0.20915029347955313
C14orf2,0.20911664817172676
MAGEC3,0.20911203120126326
MED23,0.2090592288703214
KLK6,0.20902085209254512
STK31,0.20860912246331842
RPLP0,0.20847030276554263
TMCO6,0.2084678820017548
ANKRD13C,0.20842970744962325
JAKMIP2,0.20813834139110265
CDYL2,0.2080439767437445
B2M,0.20785974995659634
FAHD2A,0.2078584425945462
ZC3H12D,0.20776910878275812
RAI14,0.2075755109906301
FER1L6,0.20754389022059663
PTPRE,0.20750629562702888
RNF130,0.2074695096621487
PITPNC1,0.20732870545433799
CC2D1B,0.20727252862218642
BLVRB,0.2069663588818328
CHTOP,0.2069194540884234
GRK4,0.2068485735593095
RPL35A,0.2068104759099262
SS18,0.2064204612328023
NDEL1,0.20630099213389563
ZDHHC14,0.2062723149465205
MAPK14,0.20614700149026768
ZNF445,0.20600321836518912
ELTD1,0.20590739558765783
TMEM204,0.20589389734279298
KCNH1,0.20583512486608724
AKAP4,0.20580653866282103
SEPT9,0.20579660181992557
ADAMTS10,0.20577468323122292
BBOX1,0.2056731968377947
CLSTN3,0.20548149638181323
TSACC,0.20544090346092989
CHRNA10,0.20528563539548894
BMP8A,0.20498168259053004
CACNG2,0.20490839011106687
PRR16,0.20486618152868835
ATG4A,0.20485150005679176
EGFL7,0.20456946131404652
NEUROG2,0.2044716469136546
UTY,0.20439913174846394
SPERT,0.2043376944513253
LRRIQ1,0.2040159959033991
PNKP,0.20399040117379438
OCM2,0.2037509011022893
NAT9,0.2036859974648007
PITX3,0.2036427984207202
FAM163A,0.20364104208356734
GAD2,0.20348859049256462
PPIE,0.2033993374087544
ARHGAP31,0.20329767214634645
MRPS6,0.2032480066899338
DTNB,0.2031848434218129
KATNAL1,0.20317963165393998
SLMAP,0.20303071760709476
EDA,0.2030107306438314
PCM1,0.20287331263292874
DMTF1,0.20275246257040072
APRT,0.20272985032747104
CSTF2,0.20266618226051694
ZNF131,0.20253492686851482
RIC8A,0.20243259441577804
DOCK11,0.20239886332563806
STT3A,0.20195153035946864
LCN8,0.20184183227062127
GPSM3,0.20167036081116915
SIRPB2,0.20158500163616944
MISP,0.2013999430880164
SYCP2L,0.20138256867161392
SPEF2,0.20084142123639956
CLCC1,0.20081228239978954
ZNF608,0.2007060662687691
CEP68,0.20061979144829895
NAA30,0.20013516907139678
MYOZ3,0.19995550470573614
ISYNA1,0.19983026440959628
SERPINE1,0.19942859228441323
PNMA2,0.19930452987705463
CBLN1,0.19894899923488452
PRPH2,0.1989442967000385
BNC1,0.19886806707586732
OR7C1,0.19873190331146148
AASDH,0.1985898249754105
GABPB2,0.19858651227725915
MAEA,0.19854141633818478
WDR92,0.1985253212626456
TXNIP,0.19848069887905292
GYLTL1B,0.19846333612071995
BICD1,0.19844728480893095
AHI1,0.19839594786917966
NFATC4,0.19835982350147238
RPL36A,0.19830761974155206
MKL2,0.19813704024092885
NUP205,0.19810556909721647
EBF1,0.19808889219244646
ONECUT2,0.1980297457992566
NADK2,0.19801034119889308
MTHFR,0.19787828777276803
KBTBD7,0.1978453876034992
ATG3,0.19752203837524818
MDFI,0.1974651005504447
MAGED4,0.1972470880273426
ATOX1,0.19718890015033883
DNASE2B,0.1971226544440769
TXNDC9,0.1970743025791602
TBX22,0.19705169552108462
SCNN1G,0.19701614219932437
CSPG4,0.19690059456057593
GLYR1,0.1963894322789475
RBMXL3,0.1963042272922692
IL21,0.1962849216830994
SPA17,0.1962816674568243
HNMT,0.19626418696442682
PABPC3,0.19617412461399703
ATF7IP,0.1961632382914686
MAGEA2B,0.1961121565433608
IKZF5,0.19586104451888411
FRAT2,0.19563697576934574
ZC3H11A,0.1955669880285863
PLEKHJ1,0.19552321284023383
ZBP1,0.1954177260427212
HMGB2,0.1950658681596917
CA10,0.1950471832899101
CYBB,0.1949826544022171
CXCL10,0.1948051766356382
RINL,0.19478946841398126
RASGEF1B,0.19473523257269554
AP1G1,0.19461704283288925
CELF5,0.19442300757356906
SUZ12,0.19438715722491237
C17orf96,0.19433616255966737
CCR9,0.19431786450286317
GABRB2,0.19429674167238709
TRAM1,0.1942257855706595
ASCC2,0.1940711563769031
C1orf228,0.19387275596779227
HOMER1,0.19350458794323824
ZNF799,0.1934787420278081
NAB1,0.19343004105128658
DPRX,0.19337009985923537
MAK16,0.19334741624784757
TNFRSF1A,0.19328365132478675
RRP1B,0.1932500062803339
FZD1,0.19321986158460489
PIGR,0.19308112999786659
KLK1,0.19300544400071037
ZBTB21,0.19283400967814165
OSGEP,0.19282664988476822
KLF6,0.19260643159063226
SMARCB1,0.19248084776849084
KCND1,0.1923959572391045
GLRA4,0.19234034504099987
RPS23,0.19231509120083196
CFC1,0.1922590693709662
DERL2,0.192216542658858
GDNF,0.19216126861699234
BTN3A1,0.19205916012208593
SERPINF2,0.192039747712418
IL12B,0.1918521448485737
SOCS6,0.19163309078569452
TTC39A,0.19157631486938662
COL4A2,0.19156413765162192
NPAS1,0.19147349011860376
SCUBE3,0.19146350509374477
RFX2,0.19140176845426876
LZIC,0.1913635813925759
ARHGEF7,0.19114605329228238
GART,0.19108782479055378
BASP1,0.19085615243315887
MMP14,0.1908004112528768
PDE1B,0.19061167942246132
CD79B,0.19025813966412114
OR2B2,0.1900958394963796
KCNK5,0.19005203134610846
CHRM2,0.18988402096903953
GMIP,0.1898237445377298
TCTN2,0.1897376925794786
ST5,0.18965022342594146
HERPUD2,0.18956678973153981
PPP2R2A,0.18956508571200203
TWF1,0.1894864695659721
MUC6,0.1893199089243372
ZNF473,0.1892396389867363
UTRN,0.18923651037556963
C17orf85,0.18921369209000574
MALT1,0.18920579205245158
PHF17,0.189194705225767
PDPN,0.1890325363725579
POU4F1,0.18896808571728324
PKD1L1,0.18851510361933
CSTF1,0.18850867893523074
SEPT5,0.18847032024783164
HCN2,0.1883102675422296
RNF103,0.18830420903616346
UPP2,0.1882985267790036
PCID2,0.18828890051319436
ERCC5,0.18822160437616123
CHD1L,0.18819638367666175
SSTR2,0.18813279364595567
MMP16,0.188015491671039
CHRFAM7A,0.18797477441794364
DGAT2,0.18758960504331568
CTLA4,0.18703648259378203
RPA3,0.1868076714088906
SUV420H2,0.18668154216371396
LHX1,0.18661501824580098
IGF1,0.18660843920880196
ALAD,0.18650394720109661
PHOX2B,0.1862451528564563
DHDDS,0.18613160950031138
NDUFA7,0.18611733454413856
INPP5A,0.18606645535162208
MED14,0.1859352449242175
CDH18,0.18586691432731495
AZI2,0.1858048343015032
CCNE1,0.18577396795350024
RTN4R,0.18573284027652648
CCRN4L,0.1856274410375945
VAMP1,0.18541281667464224
CSK,0.1854071061355495
CNRIP1,0.18530086658314532
MMRN1,0.18523341521993278
NAPEPLD,0.1850834918591993
BAIAP2,0.18500983637024437
SULT2B1,0.1848370880463049
FBXL16,0.1845948231591277
DALRD3,0.18451073480768368
PF4V1,0.18447876549866649
RSAD1,0.1844614009310319
USP22,0.1844313752575403
LINGO2,0.18438503395420563
BRWD3,0.18419822835377167
ANP32E,0.18409280400997494
ZNF740,0.1840178297182139
PCDHGA2,0.18393482865536068
PITX1,0.1838873759437316
CALHM1,0.1838324873367056
FBXO45,0.18380860958249526
SHD,0.18363284420409268
ELFN2,0.183624394058842
NALCN,0.18350602175192404
OTOGL,0.1833733419908801
TRIM28,0.18325776772686705
TIE1,0.18325159495138016
CIB3,0.18313433517104155
SRD5A3,0.18311014760438352
OSGIN2,0.18307974968444887
IL1RN,0.18300437610092493
GABRA4,0.1830003680550369
LRRC3B,0.18296700753172063
HDC,0.1827830237117516
SCMH1,0.1827688565682329
AMN1,0.182518688821218
PIM2,0.18240496680708412
CLIC2,0.18222719755248903
COX17,0.18203921250950345
HID1,0.18203337101212363
MAGEA4,0.18200162314890977
CCDC22,0.18186748039319148
DUT,0.1818569553936483
RERG,0.18173051885765276
NAT8L,0.1815181878484527
UBQLN1,0.1814292729068137
GATSL3,0.18131997988460982
TNFSF14,0.18121022784211707
TBC1D16,0.18113174910481641
NPHS2,0.18113019289997953
CD226,0.18109596591979008
CENPJ,0.18105414885627552
PLTP,0.18098077289659556
KIF17,0.18063211677143762
PABPC1L2A,0.1804401839542533
ARGLU1,0.18031445781832325
ADCY10,0.1803110508437817
C2CD2,0.18029605289746714
SPDEF,0.18022510745217732
GET4,0.1800936379337365
NR2F2,0.18005633770797416
PRRT2,0.17996872708437367
NEURL2,0.17986641254109573
GGT7,0.17927486074607718
PCDP1,0.17901104269642457
INSIG1,0.17899850443190796
PLA2G4F,0.1789432493921989
ARHGAP5,0.17893242000675585
CPT1A,0.17858321696352902
RTTN,0.1785039726910038
NOSIP,0.17837059016612428
C2orf16,0.17829108888959
ABRACL,0.17803634144289018
SNTA1,0.1779515554340719
KRT31,0.17781958154506253
PAX3,0.17781156546798854
MCF2L2,0.17772481590082534
EIF2AK3,0.1776992471903881
POGLUT1,0.17760128424592797
NOTUM,0.17755798046689747
APOL5,0.17731990762476343
CTNND1,0.17730942352502801
AKAP13,0.17723432697345926
SOWAHC,0.17718125024644976
HNRNPK,0.17714430803836462
HERC4,0.17712215230390851
ZNF195,0.17695530301080592
MPI,0.17688287263741517
SSX4B,0.17685764015549849
SIX4,0.1766497152516682
LHFP,0.17664136364894883
GLIS2,0.17644997362780687
PSMA1,0.1764241688981761
CTDSPL2,0.17637797211109954
IRGQ,0.1762875946177274
PBX2,0.17618718312965692
MORN1,0.17617117634939772
COTL1,0.17607158032874648
ACOT1,0.17596715572866733
VGLL1,0.17590038797261934
SMC4,0.17585118918787535
CAPN3,0.17572408198511952
ZDHHC9,0.17560848768918597
PDLIM4,0.17548875041547796
NLRC5,0.17540488049476763
NXPH3,0.17532233836068623
AKAP11,0.17512510134645298
KDM6B,0.17510323000050046
POU1F1,0.1750973823597551
REC8,0.17500441335289146
SLC1A6,0.17496547645593016
TRPC5,0.17452260646466225
SEPT2,0.17451284610169235
CACNG7,0.17448822394511462
STXBP4,0.17443449885538015
PIM1,0.17432778609209673
TOMM5,0.17420043149123463
KANSL3,0.17419969832789864
PLIN4,0.17376368792632482
OPTN,0.1735573820387554
TKTL2,0.1734651814537533
PIGG,0.1733891334560394
XAF1,0.17300333468039134
CMTR2,0.17282746885650913
SLC41A1,0.1727667131657491
PRKRIR,0.17272796250299632
PPIAL4B,0.17256040275474974
CTHRC1,0.17245276515994948
MGAT4A,0.17239755361300443
EPHX1,0.1723598231081034
EDN1,0.1722944396272814
PHF6,0.17215917543854656
FAM134A,0.17208956770747078
POLB,0.17191652015379708
NOX1,0.17190993850447325
LAMC3,0.17189747373817868
UQCRC1,0.1718840150234123
PHC3,0.17187222714660064
KCNK13,0.17186674801925067
BEND4,0.17183512392559175
TALDO1,0.17181938553871345
NOP10,0.17163643637597745
FAM180A,0.17135196030846728
TAPBP,0.17123826396306877
TTF2,0.17117132602819216
DNAI1,0.17108509924810114
ZNRF4,0.1710650947180958
WDR62,0.17077086405380276
MAGEB6,0.17075980192645265
DHCR24,0.17018060014852013
PLK2,0.17015780012344134
RASL10B,0.170149299121625
ITM2A,0.16998837787631146
EML3,0.1698034104580041
ITFG1,0.16975809277125384
DDX10,0.1697352526309411
GNAL,0.16964579194088897
RABEP2,0.16961414900991814
ABAT,0.16952791994966268
RPL27A,0.16925425397371366
GRID1,0.16917182933457392
FKBP4,0.1690451508235013
SERPINI2,0.16886933086225167
OSBPL8,0.1687954609440713
ACCS,0.16874787208901146
STXBP5,0.16845471782708252
PMS2,0.1684205192608506
MAP7D2,0.16839394386555423
DEXI,0.16816561661049537
COL22A1,0.16815670388410903
CDC20B,0.16815113783677707
TNR,0.16779154322530135
PUM2,0.16778847539959704
PCMTD1,0.1675453306280616
ETAA1,0.1674094264472286
ANP32D,0.16736361181651174
NUTM2A,0.16724780454247484
EBNA1BP2,0.16717396366679413
NPTX1,0.16713602628502552
EIF3E,0.1670966474234348
ZDHHC8,0.16705306854570348
NLGN1,0.16686832869486068
TCP10L2,0.16665098915900173
TRMT61B,0.1666358677541429
LRRIQ4,0.16650146624838233
CTPS2,0.16646859132786349
CDCA3,0.16638103860338277
CHD2,0.16637639697243695
LILRA6,0.1662637263799664
FGA,0.16622153541146875
AFG3L2,0.16604086695738182
PPP6C,0.1659948027334385
PCBP2,0.165990131505158
NEGR1,0.16598816947224915
MBD2,0.1659463842150218
RPRD1B,0.16580045197741516
ITGA11,0.16574810752086824
PRDM11,0.16571537859738916
RNF40,0.16538460004386776
PAK3,0.1653679748301097
LGALSL,0.16510105992149557
IPO7,0.1650303061489742
COX7C,0.16501249775610696
PARP1,0.16494541928558668
NRXN2,0.1648908227911093
GPR116,0.16469819123352197
PBX4,0.16464084289627065
PHGDH,0.16458159082778395
CCNF,0.16456506140882962
FGD6,0.1645502978733663
VPS33B,0.16454570294076631
BUB3,0.16434398742421555
MALSU1,0.16434232379842023
TYRO3,0.16428469190518805
HARS,0.16417018875138348
TMC2,0.16399868664076112
SCXA,0.16399223465252483
GJD4,0.1639576325433528
TBC1D4,0.16395587981352175
SHF,0.16377578516952465
CATSPER3,0.1636901628386517
IQCJ-SCHIP1,0.16365266477744286
PCGF6,0.16356588895964758
HECA,0.16351373022722993
VARS,0.16347795029146617
FLAD1,0.16336922456267186
CHMP2A,0.16334851781501264
IFT172,0.16314934434879716
MFHAS1,0.1631299113086408
CSF1,0.1630612638286783
GLRX3,0.1629889913487813
UBA5,0.16290074430372264
SUMO2,0.16286460524771385
MTMR3,0.16276339040864307
CDT1,0.1626925429063026
SEPW1,0.1626412507585578
MON2,0.16258564627285188
RAB11B,0.16255708744704989
L3MBTL1,0.16243417690688616
GDAP1L1,0.16234236139786068
ACER1,0.16232193376149395
PSMA2,0.16155301140819353
PCDHA4,0.16150958488225572
GAS8,0.16142891694096762
MFGE8,0.16134689834475996
SLAIN2,0.16129159198896445
DEFB124,0.1612499594576207
ZFP91,0.1612178203664404
SMG1,0.1611020627254877
TUFM,0.16105401290647933
RUNDC3B,0.1609987310863696
ZMAT1,0.16080634012010198
LNX2,0.16079927318240478
ARL8B,0.16078349621250934
UMPS,0.16069398777712335
CTSS,0.16059636105117114
DGKE,0.1605815790062699
SDHB,0.16048128266091902
FGD5,0.16038067368591352
DIO3,0.16036226320229677
FAM83H,0.16036144860122836
STXBP5L,0.16034691337021437
TOMM22,0.160309106405454
SARDH,0.1602196106756367
RFX4,0.16003488173746716
PAICS,0.15995419305424496
SAV1,0.1598699022410449
TM4SF20,0.15979234250113317
MCC,0.15974355434827164
TRPV1,0.1596708529748088
ARHGEF39,0.15947188178004015
SSX2,0.15945046950066422
SEH1L,0.15943163460764112
ZSCAN5B,0.15932971722232764
NIF3L1,0.15928652161693682
CHAF1B,0.15910849419874645
CRYL1,0.15907927684540446
GPR144,0.15901045172323572
LINS,0.15900229007120903
CAMKMT,0.15899442966936922
RCCD1,0.158924727683817
AVPI1,0.15886927653119784
CHPF2,0.1587874221513119
IGLL1,0.1587669987923514
NRGN,0.1584708731784046
PSMA7,0.15837810051250778
AQP3,0.15822163268593886
ACLY,0.1581777738993883
SS18L1,0.15814419780663166
GRIA2,0.1581078801911511
ACVR2B,0.15809094890907074
PPP1R11,0.1579774762572705
SPINT3,0.15785079662321225
GAA,0.15781688191424073
REEP5,0.15769426856945207
FRMPD1,0.15754771733703604
SEPT3,0.15751958602148936
MOB4,0.15748501532015888
RRAS,0.157400589606114
GDF11,0.15720005862669417
ATAD3B,0.15715704278735532
HOXA7,0.1570904374260371
UTP15,0.15707867320197463
MAN2B1,0.15694984555942498
ARRB2,0.15693940148865693
DCAF10,0.1568989646311375
NCKAP5,0.1565274753177226
CASC5,0.15643168368267463
JSRP1,0.15638705603745975
PEBP1,0.15630461236576135
AHSG,0.1562683139186569
AGAP6,0.15625581622968807
OPN1LW,0.15611129730775886
ZDHHC5,0.15609681042854337
DYM,0.1559634056864057
NXPH2,0.15594458276881834
GALE,0.1558583788691979
SH3BP1,0.1557970668530207
MEI1,0.15566466254714031
ECT2,0.1556200874690651
PORCN,0.15541304790447627
CCT4,0.15537325688974035
CCDC17,0.15534525605739688
SNAP25,0.15511299580939927
SPTBN5,0.15509744354163132
ABT1,0.1550539089407954
PLEKHH2,0.1550049051272623
RHOU,0.15488340663774258
FXR2,0.15488230501420253
LIN28A,0.1548436133158501
FMNL2,0.15466942056281902
TACR2,0.15464515733242107
FRG1,0.1546095939844439
PODXL2,0.15433580985954218
JPH1,0.1543073787005574
HRH2,0.15420213137442884
CKAP2,0.1541874761851487
NHLH2,0.15417396965153596
NR2F6,0.1541607652459715
HIST2H2BE,0.15409122190448174
SEMA6D,0.1539885054369463
XBP1,0.1539806452252235
PNPLA6,0.15387909371152314
CBL,0.15370745179941578
CIITA,0.1536629207503225
GJA9,0.15364160558261467
MUC17,0.15343725128514543
MAST2,0.1533335273341888
CRIPAK,0.1532178731245875
JMJD7,0.15308077645782595
PSMC3,0.1529210580478087
KANK1,0.15269759625254828
C11orf57,0.15258849036949484
ARID3A,0.15255623886094835
FHOD1,0.1524652743041144
LYPD5,0.15242732408399903
TTLL6,0.15213548604867783
ADC,0.152028457642919
TECTB,0.15202804810531254
NR2F1,0.15201731521373835
SERINC2,0.15189442944832016
YAE1D1,0.15189385968162175
RPL15,0.1518902264903616
QSOX1,0.1518898136457446
ERBB3,0.15174621997613452
TBXA2R,0.15170797222658697
UROC1,0.15164195154684978
MIDN,0.1516257746246713
CTRB2,0.15161432343547998
KIAA0922,0.15155301625354856
HLX,0.15154859374874574
CCDC104,0.15148609263915683
CLK4,0.15131203089124096
TESPA1,0.15125751612893426
FUCA1,0.15121706400901236
SRGAP1,0.15120621828057695
FTL,0.15117008318617486
FUT5,0.15112554782447668
ADAM15,0.1509902715659361
JMY,0.15097298300879408
RIMBP3,0.15097147780536685
KPNA1,0.15090384229625745
EGLN2,0.15082901400987145
PHKA2,0.1507958635255117
RBBP7,0.15069613471119592
HOXA10,0.1506451521872027
MTF2,0.15060936584219284
IQGAP2,0.15057432601847512
N4BP2L1,0.15008151791693913
RPS6KB1,0.1500688270518273
CLN6,0.15003588508633528
FAM135A,0.14997739320979642
TBC1D20,0.14978173706704145
EYS,0.14969437881046507
AP3M2,0.14955586242241894
ARMC5,0.14943328412855394
LRRC4,0.1494309220120784
ZAR1L,0.14932360731309222
FHL2,0.14907560267721298
XPNPEP1,0.14903662983060043
TMCO4,0.14902808052095212
ALOX5AP,0.14887600368645504
GPATCH4,0.1486768286059841
RUNDC1,0.14859638464608504
NFX1,0.14854975244107593
USP15,0.14842269853227916
TEC,0.14834799754172717
GTPBP4,0.14828507040320527
CAMKK2,0.14822438050790945
ZBTB33,0.14819988068053985
MRAP2,0.1481965984885489
MBD3,0.14818680381907606
MRO,0.14813207814332674
TOR2A,0.14799102443870482
RRAGD,0.14798298779162417
AGGF1,0.1479347200155625
ZMYND19,0.14790577130914184
MAP3K8,0.14781224817357483
TAOK3,0.1477721345815079
LHFPL2,0.1477627905378474
DECR2,0.14772634473916427
SRP72,0.147692823379268
KRTCAP3,0.1476117841556921
USP25,0.14759463640558537
MTM1,0.1475679878534267
MIER3,0.14739721583785909
SPTLC1,0.1472697258316413
PIH1D1,0.14717420702849682
AURKA,0.14710216758121347
ERO1L,0.14707199417463918
ITGAV,0.1470671521114802
NRAS,0.14687754180937804
NPEPL1,0.14664083336202194
ZWILCH,0.14663395034531682
TANC1,0.14655363847282019
FOXN4,0.1463078378941145
CDC123,0.1462822929306856
FBXW8,0.14627572548097798
AANAT,0.14611873002777082
PGK1,0.14604904235819377
TMEM63C,0.1459369237077079
PDZD11,0.14593188416621458
MESDC1,0.1458354674108566
CREB3L4,0.1457650897851411
SNRNP27,0.14543893810721634
IFNGR1,0.14537607796182556
CBLC,0.14537402648729983
C17orf75,0.14526193446865457
TDRD5,0.14510922551573804
PAXIP1,0.14503949216548137
TRAF2,0.14499817608024565
ABCC11,0.1449380305052515
CCNYL1,0.14492982933627904
ABHD17B,0.14487691191094962
ZNF384,0.14479802300247357
DBI,0.1447846794681138
PLEKHD1,0.14474191477957687
FAM168A,0.14440009421138333
TRIM52,0.14434274948353595
EVC2,0.14425351524387173
TCHH,0.14420780630280416
RHOC,0.14389430960536728
SPACA3,0.14388857707984315
FBXO9,0.14383046604696004
FBXO11,0.14380063818378444
HRK,0.14371776677006723
CADM2,0.14355181697690717
ACAA1,0.143335613414389
CLSTN2,0.14332460852225884
SIRT7,0.1432911412481768
TAGAP,0.14328412940704446
LRMP,0.1432263579778399
IL2,0.14316344753368146
PRKACG,0.14315931827522801
CFB,0.14313850393512378
ASTL,0.14305527124087974
IST1,0.14304538200861738
BAMBI,0.14302759124134798
SAAL1,0.14300639759266318
SCGB1D1,0.14300174023835094
GML,0.1429998112535084
GOLPH3L,0.1429573048323013
PDZRN4,0.1429484846003519
LCP1,0.1429296849862446
TMX2,0.14285442225412173
RP2,0.1427787552853084
BPNT1,0.14273423183378153
BFSP1,0.14267848849865186
FOXQ1,0.1425639805849639
ATP2B4,0.14241962848364229
MZT1,0.14236307417141264
SUDS3,0.14215675889964444
SCYL3,0.14195103182757696
SCN4B,0.14166506413575472
SGK494,0.14166292828627672
NDUFS7,0.1416294424344908
CNTLN,0.14159159266557692
SUMO4,0.14146470506849698
CTPS1,0.14141788133018077
DUSP26,0.14137230098588882
TATDN1,0.14129453976093545
FAM214A,0.14125094376997227
NKAIN1,0.14117851381107857
TNF,0.14117291647401006
FAM171A1,0.14111727051979622
WDR90,0.1410908830733987
ZNF236,0.14104891485741947
FBXW5,0.14102490833879727
MIOX,0.14089399650990628
ARAP1,0.1408660685908724
SPPL2C,0.14083796958867076
BCL2L11,0.14069736228084315
DLAT,0.14057527112724988
HTATIP2,0.1405680150129993
GREB1L,0.14056767446520527
SAMSN1,0.14039901682125083
SH3YL1,0.1403885000186565
CR2,0.14038830412978037
OR51M1,0.14036107472641637
HMG20A,0.1402809214016943
GREB1,0.14005839876277135
ATP2B2,0.14004436186816574
BBS12,0.1399114703246486
ARF4,0.13979614500974857
ZFPL1,0.1396150861983633
MAPKAPK5,0.13960357806794788
WDR18,0.13960188785519764
EEF1E1,0.13959366173018567
TOMM70A,0.13951772458022513
CCHCR1,0.13947408558568047
UACA,0.13943409428815237
STAU2,0.13928179761269455
RNF145,0.139277429610126
RPUSD4,0.13922991241089352
COL6A6,0.1392033025176429
GPR39,0.13919278837736251
DIRAS1,0.13917307888030997
STX1A,0.13904533839834077
DR1,0.13887282703527523
PCMT1,0.13884872105956375
AKIP1,0.13850272422005047
TDRKH,0.13846481754845186
POU6F1,0.13841372810774763
CELF1,0.13827139223325186
TRA2B,0.13815158866251961
C16orf62,0.13808298121847698
RMND1,0.13803330203366523
MICALL2,0.1379692500701658
EFNA3,0.13795997995950052
TAF4,0.13775225709351815
PCDH12,0.13758649977931384
IMPAD1,0.13742389396174987
CCND3,0.1374142087474681
BTBD16,0.13738435185337577
CHRNA5,0.1372315551245039
TUBB2B,0.13722992322671074
SPECC1L,0.13722306016235883
GUCA2B,0.13716430617551145
CCT8L2,0.1369381010601803
DDX39A,0.136924941649348
C5orf42,0.13688774912747517
WRB,0.13686595271376886
C11orf49,0.13659121471252053
GSK3A,0.13657771683741732
CLCA2,0.13656734821140007
TRIM58,0.13654872989281513
CHMP5,0.1365236617696835
CPNE1,0.1363520344037184
POT1,0.13635118187582507
KLF12,0.13606056293001487
FBRS,0.13604816409980058
SEC16B,0.13604539606077426
ACTL7B,0.13604261123512165
SMURF2,0.13599259288705576
SPDYE3,0.13596627990360932
QPRT,0.13580207879059233
RNF31,0.13577986074397194
THRAP3,0.1357597253914657
GYG1,0.135716848213915
TRAPPC13,0.13571154810147007
PDE4C,0.13570880864694565
FLYWCH2,0.1356626907421461
C19orf48,0.13526520826899988
L3MBTL2,0.13519171844756112
PRIMA1,0.13518371780565447
ZNF512,0.13500609874484637
FZD5,0.13486336777795155
FBXO41,0.1348584914892612
EIF3J,0.1348173316920398
SOX12,0.13481242124334308
MIB2,0.13477437845076734
ESRRB,0.13460107948682273
RNASEH2B,0.13457835023350898
ZNF827,0.13434881541264804
TGM3,0.13432914958049982
ATP6V0C,0.13430968456070314
DRAP1,0.1341820427689099
PDP1,0.13413613615130693
ARID3B,0.13409090006732305
ZSCAN5A,0.134000686531074
RAB11A,0.13393293439837153
LZTFL1,0.13393079062725374
ELAVL4,0.133923202941302
AGR2,0.13389252943018057
LSS,0.13370761616796684
SLC25A33,0.13351827371515534
PCGF3,0.1334951140021517
C18orf32,0.1333864873479649
CLCN5,0.13336234232102456
PDE4D,0.13329584660529947
SDF2,0.13318601504811062
ETV1,0.13313736530495152
TREX2,0.13309719094133157
NAMPT,0.13307063826459556
AMPD3,0.1329669127151566
WDFY1,0.13292255741266315
MINA,0.13288675355741134
BCL2L14,0.13283919662050522
TWSG1,0.1327529653883106
SYT10,0.13264087311617329
BRI3BP,0.1325694594256014
DCAF4,0.13252076515433256
ZNF138,0.13249307369547095
CCDC142,0.13246412295355822
GPR37,0.13246150546581106
UBXN7,0.13231749490280093
ZNF496,0.13231663326032392
PCDHGA1,0.132284613584289
FUT3,0.13227159346543452
KIF18B,0.13221888556576367
C8G,0.13213461617644598
ING2,0.13212035612582235
PTPN12,0.13211417424437302
COL11A1,0.1320951025646793
CDC20,0.1320488643606847
HMGA2,0.13200215652058572
ARHGEF28,0.13180328760934806
MRPL17,0.13173210014494688
SLC5A5,0.13172999042445155
FAM151A,0.13171754552692452
ALKBH6,0.13169837026342424
DOCK9,0.13167602422907498
TTC26,0.1316499795035844
ACTR8,0.1316257826697695
LRFN5,0.13155847824486958
MRPL27,0.1315453978875786
RBPMS,0.1314327973428491
ANHX,0.13141689905593754
PRPF8,0.13135681730427667
TNNT1,0.13130383557769063
SP110,0.13120201097908715
SPHK2,0.13110569766973412
CLINT1,0.1309921132992664
ADAL,0.13098539876332035
SYAP1,0.13093574852321183
PTGES2,0.1309085401764339
LGI1,0.1307783257032062
GALNT7,0.1303355937664984
FASTK,0.13017564155919814
SRD5A1,0.13017296878615492
PEX5,0.13013735980805674
DNAJC6,0.13007087376475193
DNA2,0.12997463726918992
IFI35,0.12990932562066929
MIEN1,0.12974452622301355
RMND5A,0.12965598815736087
DHX58,0.12954527939918808
HSFX1,0.12951181231302344
GAGE2B,0.1294271071805988
CNGB1,0.12936719927401052
FITM1,0.1293593767160471
GPRC5C,0.12930535686895445
YAP1,0.12917358640673396
GSTT1,0.12917074833941097
DOHH,0.129138194128467
RRBP1,0.1291054986587728
HGSNAT,0.12909844123265815
PPAPDC1A,0.12907800661663701
CTBP1,0.12897872742447303
NPM1,0.12895796015299635
CKAP4,0.12885121990885387
HDAC9,0.12884210405771693
ABCB7,0.12868476265903434
MAGOH,0.1286615894511219
MAGEF1,0.12863829789368647
PIH1D3,0.12862910527484023
PSAT1,0.1282877417346676
EXOC6B,0.12819055220655803
LONP2,0.12799993374615504
SCUBE2,0.12797390234041825
OR10G8,0.1278558513088019
HEPHL1,0.12782186532074477
FGF21,0.127673571001055
ZNF324,0.12760261672474366
NET1,0.12756465201882292
MX1,0.12752552144386112
DPCD,0.1274221871084619
P2RY13,0.12739394129946963
HLA-C,0.12736924404596264
ACSBG1,0.12724309826434618
CPNE4,0.1272069612439534
MAP4K2,0.12720214347163308
NPDC1,0.12713084543146527
LYPD2,0.12711389324130243
MYO5A,0.1270553675377264
IPMK,0.12698617375443472
KLRC3,0.12698052776387284
CORO1A,0.12684186127844652
WSCD2,0.12668051385717277
PSMA5,0.12661778279867314
RUNX2,0.12659111557920066
LITAF,0.1265533136815652
SUCNR1,0.12654235553864485
ABCA13,0.12650831297619597
FAM160A2,0.12643816816762066
ACBD3,0.12639926542291327
L1TD1,0.12638449908584573
TMEM72,0.12628514951147315
ABCF1,0.1262281921458014
HOXB3,0.1261211115792315
HMHB1,0.1260882531782449
MID2,0.1260863121802603
SULF2,0.12598725869637545
FHDC1,0.12595009578808497
VCAM1,0.1258858269251105
TNNC2,0.12576293458902038
PIK3CD,0.1256402648766155
CLCNKA,0.12560909599571868
PGF,0.12541839235320038
GHR,0.12529956978536722
SEC61G,0.12520182930128898
UBE2D4,0.12513668937581293
HCST,0.12512643126663905
BUB1,0.1248536925889768
RPS8,0.12484284702047471
DCD,0.12472196205339726
NUDT6,0.12472039568992811
ADORA1,0.12455678129030152
CCDC13,0.12449946407972742
DDT,0.12446986393675041
ANKRD62,0.12432695789773403
PER3,0.12416516114815448
ULK3,0.12414701989552278
PYGB,0.12409390868986916
C11orf63,0.12399738744272094
CATSPERG,0.1239904009108071
PML,0.12396708321389735
DLL3,0.12374467570048903
SSC5D,0.12366618839741794
SYBU,0.12356094811930952
CHAD,0.1235556213864773
PREX2,0.12355369257025381
PLEKHA4,0.12354593577589561
PAPLN,0.12354566278097961
MSANTD1,0.12353467479864012
POMGNT1,0.12349365194036024
RABL2A,0.12347297024256465
GLRX,0.12340205597739372
GABRA1,0.12337175273824175
GPX5,0.12326729841896525
RNF20,0.12323863220712314
CRISPLD2,0.12311621658591952
TAF15,0.12308249405044404
CHST5,0.12307726650276678
DPM1,0.12305238460953986
SUB1,0.1230111312948757
CYP46A1,0.12297068610319263
PHACTR1,0.12271948622455861
PIGY,0.12262334580700616
VWCE,0.1225341634003663
SP7,0.12250700646727143
ELF2,0.12238832675095836
ADM,0.12236564839444056
ADCY9,0.12233086026209015
DSEL,0.12230755048699349
SERF1A,0.1222710605204595
SDC1,0.12222600312613602
TUBGCP5,0.12216314333787984
TSPYL2,0.12216088448544617
MAD1L1,0.12213017066770701
PLG,0.12205291022890637
CCR6,0.12203787687454451
MADCAM1,0.12203630662706745
ETFDH,0.12190563538975008
TFF1,0.12184505936375044
GSTT2,0.1218177776936076
BNIP3,0.12163379017676924
RECK,0.12160392302927192
RAB11FIP2,0.12156616148659942
ATL1,0.12150534946526101
TSTD2,0.12137354509671394
LSM1,0.12133139586393582
NQO1,0.12127478886335492
FOXD2,0.1211182170363406
BHLHE22,0.12105644648869458
GUK1,0.12103102182274657
GJB1,0.12097329585987587
BEND3,0.1209233490287648
PIK3C2A,0.12090721550470591
DENND2A,0.12086668156890246
TBX5,0.12083486878414061
ARIH1,0.12059727420401667
GAB4,0.12046451397555913
RIPPLY2,0.12043326820541823
SYNC,0.12029016208102315
GNPTAB,0.12027309334651784
ZFP112,0.12010080525627366
HMGXB3,0.1200878218707174
CBWD6,0.11989255086889895
BNIPL,0.11986096527152275
DDRGK1,0.11985457039864658
INO80E,0.1198217287110235
PRC1,0.11969977268575469
ZFR,0.11961803736078311
VPS52,0.1196105706101144
DRD3,0.11953071058786546
MRGPRF,0.11944780218754569
RRAGB,0.11936094974721827
LRRC1,0.11917617097517229
CC2D2B,0.11904129104642656
ILF3,0.11900384124948422
LYNX1,0.11891012788005914
LDHD,0.11887508427532867
PLEKHG3,0.1188373098875406
GNPDA2,0.11875429243518415
LAT2,0.118747890679903
ANKZF1,0.11867184629551554
SH3BGRL3,0.11861913954771953
DNAAF1,0.11837693105930955
NLRP13,0.11836925899232076
SERP2,0.11828821592414436
BTBD2,0.1182185848936776
MBTPS2,0.11820888607503896
MAMDC4,0.11820332029724476
IGF2BP2,0.11820109079786674
CCDC36,0.11815335321287695
MIP,0.11813231506075127
DCDC2B,0.11810869700533581
ANKRD34A,0.1180400722698609
ATP11A,0.11802416183514466
GNB2,0.11791831843316244
SIAH1,0.11790196886047255
HRAS,0.11785988968162844
EXOC1,0.11784310928978141
ACACB,0.11781907040610007
IQGAP1,0.1177113510240408
DYNLRB2,0.11756151233920875
ZNHIT1,0.11750010778183664
UGT2B7,0.11736470387266194
TOLLIP,0.11735043755811947
SURF2,0.11731575650158702
ASXL1,0.1172875040783443
MBLAC1,0.11724559181274301
NYAP2,0.1171985868825148
SF1,0.11704869387321747
MRPL13,0.11691370144071407
BTN3A2,0.11691047919611665
GJB7,0.11690273586693693
C1orf141,0.11680183928857261
WIBG,0.1166807776284296
ATP6V0B,0.116676359690355
SOCS1,0.11667188294784168
JPH4,0.11663380587534936
ZNF549,0.11655467579231463
PI4K2A,0.1165430707272451
VIPAS39,0.11651585906550323
CPNE2,0.11632783879396022
LIMD1,0.11626219631976918
ST18,0.11618343297416436
LYZL4,0.11618306700974186
HNRNPCL1,0.11616392313994477
IL3,0.11606421701782493
MEPCE,0.11594349890723528
KLK13,0.11577890710152015
DHFR,0.115706758801408
RHOV,0.11567153369826925
MRPS36,0.11564478462243703
EML5,0.11563963758180691
UBTD2,0.11563094830381666
RRM2,0.11560558692005075
CNFN,0.11556602305984244
HOXC6,0.11553294897414186
FARS2,0.11540927784103325
RBMY1E,0.11524226592254372
TCEA1,0.11522749208247585
TPGS2,0.11501023366037567
CPPED1,0.11497595228942925
DMRTB1,0.11495547291231299
SSR1,0.1149522670574713
BMP8B,0.11485782966107734
MFAP1,0.11481088643191505
SIGLEC11,0.11479329102265065
EIF2B4,0.11470088987347764
HSPA4,0.1146623967878453
FBXO46,0.11456942971487805
ANKRD50,0.11455048177842483
ZIM3,0.11451465301019705
LAPTM4B,0.1144598901411891
SNX27,0.11432332171319123
ANAPC7,0.11430076431432565
DAAM1,0.11429988396275062
RAB10,0.1142518301745542
C19orf26,0.11415467772306119
ASB9,0.11413096356127801
TPO,0.11411628460320984
DAGLB,0.1140958682301116
CCL11,0.11408181965087547
FBXO42,0.11402302145252015
EIF4G3,0.11400116773073264
B4GALT2,0.11396413468153413
IL22RA1,0.11386021134031252
RHOH,0.11382531969065526
TRIP6,0.11378395085218443
MGMT,0.11366169554490911
VGLL4,0.11362584241956095
CKMT2,0.11352488950037552
CROT,0.11351736499850028
TAF11,0.11329179088052213
RPS14,0.11303964053781149
LYZ,0.11302927257692538
PCNXL2,0.11291942373824214
PGLYRP4,0.11291173257823005
GSG2,0.11281620394468841
GBP5,0.11280374070025748
CBX6,0.1126242803584944
OR51A4,0.11256008154948524
BPHL,0.11254103629835724
POLQ,0.11239150931455641
RBAK,0.11236001088493426
INHBB,0.11235276476992985
ZIC5,0.11227446066337558
CYSTM1,0.11221442920434291
NDUFB7,0.11215669397044695
GREM1,0.11214780534343696
OXTR,0.11203685199490611
TGIF2LX,0.11200467306348326
KIF5A,0.11196108860257575
ABCA4,0.11195173773076939
NSUN4,0.11194477619560701
HBA1,0.11185574620932184
LHX3,0.11180016677125063
ZNF512B,0.11177122406691664
PER1,0.11173126177863503
ZNF710,0.11172769207244898
DNAJC8,0.11172063641582591
MLST8,0.11146782262329347
NLRP6,0.11144569383679585
ADHFE1,0.11137148052019151
RUFY1,0.11125387743144
NEFH,0.11120832636083641
UQCC2,0.11106729215656588
PSMD11,0.11106322436733254
C22orf29,0.11098645718241117
SP4,0.11097470354245038
C9orf40,0.11096580778216537
TMEM138,0.11091654070551701
IFIT3,0.11088680328140237
SNAP47,0.1108838012802175
CLCN1,0.11075258328209237
MCAM,0.11073840205735422
MTMR1,0.1106293108318029
KRT18,0.11054964145156061
RBM47,0.11048957264388101
ST6GALNAC1,0.11046225323107704
TM6SF1,0.11039675691067974
COPZ1,0.11031146973419617
COX6A2,0.11030185898470715
TRMT112,0.11029545307444083
MARS2,0.11010698833228941
C15orf57,0.11004786468558954
NUAK1,0.1100437561800379
COL4A5,0.1097537233073226
RIPK4,0.10973025172177894
SPATA13,0.10966758648594825
RAB3A,0.10964779941585817
TOMM40,0.10960592633036215
PLCZ1,0.10957905120018017
GRM8,0.10942588780535756
HES7,0.10939457544886184
LSM6,0.10926227608925161
MTA2,0.10919755571451246
TRIM46,0.10913293498814901
OVCH1,0.10909607230040806
VTI1B,0.10893502733722575
TPRX1,0.10891430264456345
MZT2A,0.10885299640568469
RASA4B,0.10880557821189069
ENOX1,0.10867566447073529
IK,0.1086587818072107
OSGIN1,0.10865560086341237
DUPD1,0.10857377152228641
CPEB3,0.10851469065325715
CD99,0.10850996412395368
RBM22,0.10849994469601129
GATA1,0.10847137253981276
CDCP1,0.10847056997571891
PTPLAD1,0.1083354240059914
SERTAD2,0.10828089596205015
MAGEA8,0.10825101902445586
GPX3,0.1082452350455238
SLAIN1,0.1082145517626407
TGM6,0.10815658175371269
SUFU,0.10808842431523642
ASIP,0.1080537312886602
LSM10,0.10804333662364331
NPM3,0.10790812661663232
MLYCD,0.10789525379576635
AURKC,0.10784884567820081
BBC3,0.10780579860129509
ERRFI1,0.10775100722970504
HK3,0.10772322941957668
FAM86B1,0.10771193035997544
PKP2,0.10770705531933976
UQCR11,0.10769467654829466
SYTL4,0.10768232697255163
SEC14L1,0.10757232184247262
CCT6B,0.10755179294884781
SLCO2A1,0.10741846011735763
ABI3,0.10739105361635706
G6PD,0.10737595315364273
PYCARD,0.10735935034918638
GNB3,0.10734576688107485
FAM135B,0.10732547483235895
FTHL17,0.10716277041940345
GNAT1,0.1071315150770281
CYHR1,0.1071185373497769
PHF21B,0.10704379806013271
PSMD8,0.10703438913146769
MRGPRX4,0.10696279375055757
HN1L,0.106902496710029
ITGA5,0.10685063111859297
OSBPL6,0.10679403875725094
ASGR1,0.10677027289111017
TRAPPC6B,0.10675876494302715
AGMO,0.10657502527839387
FBXL5,0.1065245207658698
ASPRV1,0.10650530976248496
ZHX1,0.1063206602479517
ZRANB2,0.10629286457166363
OGDHL,0.10593928388092824
STAT1,0.10584669062865731
NYNRIN,0.1057982008036708
STX4,0.10579159112343448
DCTN2,0.10578582067038053
GGN,0.10558459582916153
TEAD4,0.10550908846201171
SEZ6L2,0.10541056476285865
TPH1,0.10538765655311365
OSBPL5,0.10536090031350076
KCNC2,0.10533044705452563
GSG1L,0.10528031671429595
NYX,0.1052060308653501
GPR26,0.10519791648064053
MCEE,0.10513810077507711
EIF1AX,0.10513250933228097
PTGDS,0.104938531697618
CNOT7,0.10493411896758018
U2AF1,0.10490018380252511
KAT2A,0.1048973634315314
WDR34,0.10487108751561804
TGFBR1,0.10486951415601271
HDAC7,0.10474579200639303
ARF5,0.10468370779538964
DEF8,0.10465754887583426
RDH10,0.10459421930946901
LRCH4,0.10452335390877612
SFXN5,0.10451395206284467
TSN,0.10439668473027071
POFUT2,0.10435078668880446
KDM1B,0.10429250729014955
CCT7,0.10426100340499313
IFT140,0.10419644288478577
PTPRH,0.10418736396520678
DMRTC2,0.10411354295585565
CCDC101,0.10409067378062802
MLEC,0.10406174400702996
PHOSPHO1,0.10405557138622239
WDR89,0.1040296589415224
KCNC1,0.10386356678119064
LRIG2,0.10381600776626206
ENPP2,0.10373541831032287
DDI2,0.10368590526824878
WRAP53,0.10365348210332724
IDH3A,0.10361228298163158
PSPC1,0.10361210726747963
TUBB8,0.10360396944853506
MORC3,0.10352658656562845
MAPK1,0.10339429559490325
ZBTB10,0.10330829406178754
FGFBP1,0.10328942404329194
PGS1,0.10326484323778377
CD5L,0.10323143829234309
GOSR1,0.10313651206616592
VPS18,0.10311471467896098
POTEH,0.10310745838153844
TTC28,0.10302445881225965
TLR7,0.10297399758743708
MANBAL,0.10292227101687851
MERTK,0.10280441682963432
CMPK1,0.10271726307628844
HIST1H2BB,0.10266716544610804
CGB,0.10256481947589408
GLS,0.10253900004977023
RFK,0.1023668830193705
RMI2,0.10235769151800042
COL10A1,0.10233715642530446
TGM1,0.10208981268143276
GPATCH2L,0.10205798138257076
MOS,0.10203058207213009
VAT1L,0.10188536261188216
AVL9,0.10186198815496923
ALPL,0.10159627993546565
RHD,0.10129353404682608
TOP3B,0.10120210861014346
CDC26,0.10119789245603637
SRR,0.1011897548095147
CNOT10,0.10116948128614558
LRRC24,0.10093741830264921
LMAN2,0.10075707097680742
EPHA4,0.1007556231057565
EIF3H,0.10067627541794293
ANGPTL4,0.10065507005255565
CDK16,0.10052713670670861
SNX18,0.10049574837024308
AP5M1,0.10047229289554138
ERI3,0.10040102824684864
NR1H3,0.10033505450346182
CST6,0.10029345796265257
KLRC2,0.10029340669418182
HMOX2,0.10021319209927368
SNX2,0.10020763839423164
ABCB1,0.1001779203257752
FBXO21,0.1001522094163586
SP5,0.10014424453871025
DNAJC16,0.10007648806255676
CERS6,0.09999637044430093
REEP4,0.09998612472354537
RBM15,0.09997183781743992
SOX10,0.09966608315130765
PAPSS1,0.09961775139427398
VWDE,0.09954187294309112
RPAP1,0.09951435081244929
FBXW7,0.09943088499837625
FHL3,0.09942616696323063
CYP4Z1,0.09940614921391312
SPIN2A,0.09927768784912425
HPSE,0.0992240999805075
TYK2,0.09876745559836815
GRIK4,0.09876705442078398
SPACA1,0.09860858035980437
FNTA,0.09858681250362011
DXO,0.09857080085661132
PABPN1,0.09843796283476512
METTL4,0.09836396423525263
SRSF4,0.09830984271250387
PEPD,0.09830239156369248
HARBI1,0.09828613111567534
RPIA,0.09812176721134228
GAL3ST1,0.09811363197884121
APOOL,0.09807621085426207
METTL12,0.09805657966861295
CD79A,0.0980245605644063
KLRC4,0.09796996766054297
MYH3,0.09794669312341737
SH2B3,0.09789505580902054
PSTPIP2,0.0978596452179902
PPIL3,0.09782670206176239
HOXD3,0.09774947647332762
CNPY3,0.09764324375280066
IDO1,0.09762019728357618
LIX1L,0.09757999144170296
KRTAP10-8,0.09756021611344252
GAST,0.0974193855684988
SLC6A1,0.09727046057364785
WASF3,0.09724567763302326
FJX1,0.09717117434567547
MMP8,0.09706542072015613
LRRC47,0.0970519648921121
MFAP4,0.0969937680265441
CNOT4,0.09687553017341899
BMP10,0.09683515820660814
PNRC1,0.09681353630539186
TYSND1,0.09674273878951099
PDE8A,0.09657202506714323
PPM1G,0.09655277450467799
BIRC3,0.09628877453631779
PAIP1,0.09627148990907357
TMPRSS15,0.09625519698875633
PTPRR,0.09625316283635262
SPTBN4,0.09622877578941748
DDX23,0.09618733916508304
ZCCHC16,0.09616452214379435
MYH7B,0.0960972573568582
SRRD,0.0960105511124384
PLP1,0.09594267351567318
IFNA8,0.09588775023199067
NANS,0.09575700313081428
SUCO,0.0955994327593565
PTPN14,0.09559440549970669
TBRG1,0.09552848996453998
TMBIM1,0.09551140487891747
GNPNAT1,0.09549060999772858
ZSCAN25,0.0954177438669314
MTHFD1L,0.0953307587105413
SGCZ,0.09533071976771293
KIAA0930,0.09531811243242855
CUL7,0.09524972267654223
BTN2A1,0.09523197900866501
RABGAP1,0.0951898150952739
CHDH,0.09494522237755265
SOX9,0.09470183746095945
ARHGEF25,0.09455188740148435
BLID,0.09449085486723763
CBX3,0.09441499181175961
PLXDC2,0.09440774350696099
DHTKD1,0.09436404000640931
SEMG2,0.09431308540903281
TUFT1,0.09422315780673844
CNTNAP2,0.09416437195192083
SNRPD1,0.09400725746914083
DDX5,0.0939032241616451
PWWP2B,0.09388689695808694
RHOBTB1,0.09386650452374046
MIXL1,0.09382864666531936
KRTAP10-2,0.09376126449876358
GSX2,0.09358504602134896
HRCT1,0.09356007608184212
ZNF75D,0.09349278665158099
SFRP5,0.09330957159724135
CHCHD6,0.0933002186124564
THUMPD1,0.09328003108119982
AP2A2,0.09322431547860995
GBA2,0.09316923120023712
SMAD7,0.09299417386726753
ASTE1,0.09297850754937102
ABHD13,0.09285443841563465
CAPN1,0.09275892801765982
PITPNB,0.09274288295586171
IFT20,0.09267650267185548
SYNE4,0.09267043918428344
MAP1S,0.09264288934316263
MYO15A,0.09258601325366861
GATA5,0.0925670309315351
PHF20L1,0.09233097226717504
ENPP4,0.09227923289456393
BRCA2,0.09220540381921433
NPHP4,0.09218214359001503
LHX4,0.09216045337957983
MCM2,0.09208703085498714
SLIRP,0.09200470835388767
SECISBP2L,0.09197071786810998
TCF21,0.09194986858441555
HTR3A,0.091925348768456
FCGR3A,0.09185611895897626
LRRN4,0.0917788747794502
ADAM18,0.09167991211911122
MLX,0.09164922767063023
VSIG8,0.09154071034358217
ITGA3,0.0914303083032645
RRM2B,0.09137990419263149
GPER1,0.09130863814790445
DNAAF2,0.09130400226171057
EPM2AIP1,0.09127682260366268
LOXL3,0.09116658971740046
LRRC17,0.091109137478502
TRIM27,0.09108371997672757
PRMT7,0.09103850458443792
SCTR,0.09098769062759966
NAPA,0.0909839491761103
KIR2DL1,0.09082518578415638
SULT6B1,0.0908202222499354
PCGF1,0.09071442367599268
SORBS3,0.09068426832587329
SHISA6,0.09065053152688997
MST1R,0.09048207381661119
MRPS7,0.09047343750249232
FBXO5,0.09047077008117117
FOXN3,0.09035452044765181
COQ9,0.0903309868704217
JAKMIP3,0.09030737263967638
DNAJC2,0.09024915243002384
DLX6,0.09015516221043644
GAPDHS,0.09014666559158681
ANKRA2,0.0900787751124634
OSBPL7,0.0900380489786369
CTNNBL1,0.09002815231141338
EHMT2,0.09000509900339212
PIGU,0.08992846792212263
VSX1,0.08990227126178385
KRT24,0.08985591526096008
PIGS,0.08979376933411466
NUDT18,0.08974585959645094
CD86,0.08971587314020606
HAVCR1,0.08971523694286017
MYO1E,0.08970737871126692
MCM5,0.08968858580846964
GEMIN4,0.08961564795934175
RHBDL3,0.08952529733752498
CSAD,0.08945921612146358
ANXA13,0.08942716760794463
GPR89C,0.08941419242895256
RAB7A,0.08938388925304815
ZNF704,0.08938334108525774
PPP1CB,0.0893827803791643
BATF3,0.08937777277555997
ASAP3,0.08934767654371972
PRDX1,0.08934213905564563
GCC2,0.08931093714116818
FHAD1,0.08917843669134996
CSRNP3,0.08909752832490951
BMP2,0.0890727176093955
PTGIS,0.08904075625132503
MARS,0.08903445747240173
ARHGAP44,0.08893611608321034
MSMP,0.08887422927317942
LAP3,0.08884202800200607
GZF1,0.0888344533820696
UCHL5,0.08880444229529315
SYNJ2BP,0.08878386280742344
ACADM,0.0887727660213659
HS3ST5,0.08874382101468042
EDEM2,0.0886143508657163
ZBTB4,0.08859574451171232
DIAPH1,0.08854595350845305
RRP8,0.08852532253375454
SMPD4,0.08852148581559889
EIF4ENIF1,0.08846341462173676
PSKH1,0.08835234549435395
TMCC1,0.08828734472568868
LHB,0.08827938565915511
MARVELD2,0.08826714586178307
NMRAL1,0.08819153344546934
PATL2,0.08815021011121418
FIZ1,0.08812417490045907
PFKFB1,0.08811868300083747
TNFAIP8L1,0.08809053718951554
FKBPL,0.0880535063332057
CPZ,0.0880063303615624
SERBP1,0.0879961306090231
RPL23,0.08796561903100814
ACTL9,0.0879212438365733
RNASEH2C,0.0878142570607649
ZBTB7B,0.08777817195597268
AGTRAP,0.08772821087860645
LYSMD3,0.08765386473711485
IER5,0.08754318793992594
PRKAR2A,0.08753255499462292
TGIF1,0.08740608925535048
SLC15A2,0.0873769485962874
ANAPC4,0.08727620822519139
MIS12,0.08727609438781232
CYP4V2,0.08724181286225506
UNC80,0.08723505629114219
NXPH4,0.08723297326540737
FANCC,0.08709231194175139
POLD2,0.08708476875912556
CALCR,0.08707871848348038
ALKBH4,0.08699213791492934
HSPA1L,0.08679003988273055
N6AMT2,0.0867687629772436
TCEAL7,0.0867104872845515
GDAP2,0.08662762883726677
COL8A2,0.08657319003286752
TM2D2,0.08656955766214137
SNTG2,0.08656557535853932
DFFA,0.08635146299681215
SULT1A2,0.08616740503154141
SAP30L,0.0861419430095837
GLRA2,0.08612714247391245
KRT3,0.08609101398377875
NFATC2IP,0.0860765703060847
TOM1L2,0.08604871960928556
ADSS,0.08602786714708964
RPS10,0.08596793850481131
RSPH4A,0.08589567273846274
RUNDC3A,0.0858574180643229
CELF6,0.0858211702777613
ABCE1,0.08571890833269125
NAT14,0.08570909499582703
DUSP27,0.08554706920718587
CEP78,0.08543086331436779
FKBP7,0.08542631627258958
DDOST,0.08540746543971295
TBCCD1,0.08536886669322216
FMR1,0.08536531642385355
ELL,0.08525950693307352
CPLX2,0.08525915372109626
WNT5B,0.08520017052255117
NDST4,0.08519880509798253
MTA1,0.08517265088652654
DHFRL1,0.08505925459136154
REEP2,0.08503990950347826
GLYATL3,0.08499287813220316
PCYOX1,0.0849763381322004
P2RY12,0.08494724209315431
ATF6,0.08477275192632037
FUT6,0.08473215336036648
IDS,0.08471621346724566
NUDCD3,0.08470978662299858
GGPS1,0.08464341226546104
MTNR1B,0.08460480900081585
OSBPL2,0.08458966056975772
RNLS,0.08458886875800169
UBE2L3,0.08448879131423116
ASRGL1,0.0844184434458508
DNALI1,0.08441807555527063
PABPC5,0.08433852738585021
ECM2,0.08426088918771171
FRK,0.08421006680751149
F5,0.08420088424899683
CHST15,0.08419438555373589
ASB8,0.0841930050917556
HEPN1,0.08411476693696483
TRAPPC3,0.0840958659141195
CEBPD,0.08408741521974697
SIGLEC15,0.08402355446080956
WISP2,0.0839961829750264
IL36A,0.08398557859209746
BNIP2,0.08397332203591183
FARSB,0.08396956945064067
GTPBP2,0.08392644703945115
EMILIN1,0.08386685243616293
CC2D2A,0.0838246011980586
GMPR2,0.08382047070875111
RABL2B,0.0838163596453942
PRR5-ARHGAP8,0.08380229023700018
NFXL1,0.08377902455606413
F11R,0.08376426069200683
PTRH2,0.08369085278966014
FGF13,0.08368820793086645
TMEM56,0.08368340825266404
CAPN15,0.0836447848991048
HDDC3,0.08363918247394052
YPEL4,0.08363162213171803
STX16,0.08352541439986587
HEATR5B,0.08349570707428289
VAX1,0.08345714603380273
TCEAL3,0.08335699360885931
HYI,0.08331811841599021
VPS37D,0.08330751109185466
PPP3CA,0.08326490538848387
XRN2,0.08325462763105466
NCSTN,0.08324368266899955
PPARA,0.08320391659675357
ATAD1,0.08319676904446036
PTPMT1,0.08316185974471846
LECT2,0.08311054485168284
KRT81,0.083077801762156
HTR3E,0.08303616973084443
FBXO8,0.08302048364060566
RIN1,0.08298027877303259
KCTD11,0.08289710839637499
OR56B1,0.0828810619247275
CYP1A2,0.08285359442025568
DPPA3,0.08280670052837294
PYCR2,0.08267862061777285
SFTPA1,0.0826201542188937
ASB15,0.08260946047792192
RPS3A,0.08252099633035571
BMPR2,0.08252085285725907
CWH43,0.08246270349682977
MST4,0.08244715777076951
TMEM120B,0.0823684535405543
TMEM200A,0.08229450405264513
BRS3,0.08228504653669737
TMEFF1,0.08228016129108891
SHBG,0.08217324941771889
CRTAC1,0.08203392387692728
KCNK18,0.08200778848481759
C12orf68,0.08198648064545878
DBF4,0.08198462057054516
OLR1,0.08193856140682942
TRIM39,0.08188718999232755
CALB2,0.08181556650846096
C8orf48,0.08179832421388367
AACS,0.08164472003313833
FLT1,0.08161754179219805
LSP1,0.08159091973974217
USP2,0.0815756729452474
PHLDB2,0.08157540576910206
CRAT,0.08152310057562118
QRICH2,0.08150180319827663
DERL3,0.08146637221143538
NOBOX,0.08145418653460772
RRP9,0.08139485159722684
BMP7,0.08139166597329306
FCRLA,0.08138167418739674
WDR44,0.08137076060663169
GTF2A1,0.08136549312884414
NIN,0.08135467433493203
TNNT3,0.08134535371305057
CYLC2,0.08128601302782024
MAP3K15,0.0811413616346011
C6orf203,0.08108930611767375
TRMT2A,0.08107163478836074
APOA5,0.08104550325683092
TLR4,0.08099872626301094
MAN1A1,0.08091979678514229
TRIM8,0.08073530808451133
TXNL4A,0.08069103557227045
COG3,0.08064742428534612
KPTN,0.08062644188822707
ANKRD40,0.08057451102611296
CDKN1B,0.08054909761441412
MYLK,0.08054776463666972
ANKRD20A4,0.08054552945075721
TLE3,0.08050573876567156
ZBTB46,0.08045383874345655
THBS3,0.0804231195793073
GYG2,0.0803484048704897
WBP11,0.08034549065976433
SYNDIG1L,0.08032496631097064
AGBL2,0.08022545415057131
PRPF38B,0.08019518022288383
EXD3,0.0801852977403163
CFHR1,0.080166324860429
GPR27,0.0801627426756501
COQ10B,0.08013720020113727
LIPN,0.0801334854519698
CHKB,0.08010842931241488
LCE1F,0.0800498992318396
MPP5,0.08001555659316992
ADRA2A,0.07991967192224313
ACSL5,0.07991714970160091
JUN,0.07987202472532393
EPDR1,0.07986321884295794
TMOD1,0.07984066200750162
ERG,0.07979676548425495
CLDN2,0.07978456144262676
CBX8,0.07973003286228385
ABHD17C,0.07967793405036142
PLCD3,0.07963731694312896
GNAI1,0.079630371118184
METTL15,0.07962157543953582
SNX3,0.07957836195506986
GYS2,0.07957217816306358
RPS13,0.07954804735051595
SOWAHA,0.07949196066189311
NEXN,0.07944307879055276
GLYATL2,0.07942463812373385
CRLF3,0.07940349017492739
OR9I1,0.0793882416644021
RPS19,0.079372018092729
NR1D2,0.07936480659908389
G0S2,0.07934418517902665
FOXF2,0.07921063548586416
ATP8B2,0.07920315423100752
UBB,0.07918943021958401
ST6GALNAC5,0.07918273507454614
DCXR,0.07914627071788757
CLCF1,0.07910824035482242
KREMEN2,0.07898272911214307
C4BPB,0.0789720820271812
PBDC1,0.07896550280067575
SLC25A46,0.07893206971894932
GOLGA4,0.07884883183430261
ZSCAN16,0.07866763836751038
C1orf50,0.07846954358591073
TBC1D21,0.07836916205023335
MYL12B,0.07833771300338306
GRIN3A,0.07797816692224344
BST1,0.0778652493235452
SRPK2,0.07782614437272797
H2AFZ,0.07780518777788392
MED30,0.07773465156664768
JRKL,0.077718686501166
MKX,0.07771542096258569
MADD,0.07759586152250184
C7orf26,0.07758271390442459
ALDH5A1,0.07753117563905203
PTX3,0.07752837615588123
PAF1,0.07751547444108711
MYO18B,0.07750772856080455
TJP2,0.07741252756174359
SMIM8,0.07738389789735624
UBXN10,0.0773792856014998
PIRT,0.0773650527631297
ST8SIA4,0.0773622580294604
LMO7,0.07732466910884672
DHRS9,0.07724047841063876
C5orf24,0.0772342773295395
MPPE1,0.07723015263915947
PNLIP,0.07718145859702344
HIST1H2BI,0.07716085286058258
KCMF1,0.07714706783528968
LBH,0.07713828902531364
ACSM2B,0.0770780757304954
BSG,0.07705242812284059
RWDD1,0.07704816902677489
PRCP,0.07702110461770062
TF,0.07698660788724383
HSF2,0.07697572389358104
C5orf38,0.07692059462919142
RPSA,0.07691401953092522
POU2F1,0.07686871306474098
HCK,0.07682653251768679
FAM110B,0.07679428071217334
SMC1B,0.07678622417605455
KCNJ16,0.07677149667159659
FCAMR,0.07676648471134793
TFIP11,0.07671398607740841
SEL1L,0.07670336376002508
SRFBP1,0.07667618353584822
POU3F4,0.07667189527336961
TANK,0.07666325053168081
PIWIL2,0.07663256707878727
TUBAL3,0.0765436623112853
AKR1C1,0.0765292244154073
STOX2,0.07652751827981621
EFS,0.07652318898561658
EPX,0.07643447040782059
ODF3L1,0.07643274492574215
CNOT6,0.0764034640838856
TBL1XR1,0.07639979614262844
DNAJA3,0.07639696610224025
C16orf54,0.07635416429943452
TGDS,0.07634786242642126
GKAP1,0.07633853195914646
MKRN1,0.07629732166537702
IFNA1,0.07620118045269926
TFG,0.07618642768956159
CRYZ,0.07614672082054878
CRYGN,0.07609650744734917
RHOG,0.07608420598962497
TLDC2,0.07608378346432212
MYO1D,0.07605922954471668
IRAK3,0.07603642417001447
MPC2,0.07600587508470089
PALM2-AKAP2,0.07597077224151767
AKR1C4,0.07592091789308902
ARHGAP18,0.07590221544088667
SCEL,0.07576589708793399
CLTB,0.07574411486400236
GABRR2,0.07570335497801982
GRM7,0.07562670896430293
SEMA4A,0.07561297154074435
AXIN1,0.07550887217857806
BRD8,0.07549421169997433
PHOSPHO2,0.07540902769227317
COMTD1,0.07538968690005443
ANO3,0.07537085236836179
SPAG5,0.07524601170069344
SCML1,0.07518372086828905
HAO1,0.07512649252674602
ZNF319,0.07511349824035188
MSLN,0.07510716700963017
MTMR7,0.07509840136346048
STATH,0.07509250157288823
IRX2,0.0750726739868956
C6orf106,0.07506946588067094
C1orf173,0.07505745420305861
BLOC1S6,0.07502423498066965
ATP1B1,0.0750058105566899
NLRC4,0.07481565359006062
FIGNL1,0.07479174149956319
DISP1,0.07477446447051111
PCDHB5,0.07476474403887096
ZP3,0.07476316213215065
LBX2,0.07475539602042648
CHST11,0.07474512298679872
RBL1,0.07474023197297824
PSG3,0.0747022272835229
RIC3,0.07467232342813983
KCNA1,0.07454943221048546
FLRT3,0.07449047049523166
EID2,0.07446853289376323
PTTG1IP,0.07441271881964721
NPLOC4,0.07439149536923126
RWDD4,0.07438010465676122
ANKRD6,0.07434907947893246
ANGPTL6,0.07427467776542018
SLC16A2,0.07423288011775607
CFL1,0.07419123421104737
ATP6V1B2,0.07415744898825398
MGAT5B,0.07409776056492759
CKS2,0.07400193378288117
CHST6,0.07398657815996518
ACO2,0.07394794116088227
RPAP2,0.0739463166273726
TEFM,0.07390364354470318
FAM92B,0.0738875070863356
KCNK10,0.07388026249585603
SYN3,0.07386119647209528
ZNF599,0.07372903052266402
ADAM33,0.07370097968485505
TMCC2,0.07367484168050811
VWF,0.07361718404513336
CALB1,0.0735943013709064
UBE2D2,0.07357128067948826
AP2M1,0.07352830839212102
ARRDC5,0.07352157559893929
CYP51A1,0.07350634218779194
PCDH18,0.07348373112554757
GRAPL,0.07343846986158374
PABPC1,0.07333935155585085
CALML5,0.07329433446925204
ADAMTS5,0.07326941909149522
HACL1,0.07323480285264376
DCLK3,0.0731979771626992
CAAP1,0.07315661323544197
FARP2,0.07314098537490742
NUP210L,0.07311580165932652
IER2,0.07311007465608862
CRIP3,0.07308471917824039
MRPS33,0.07304643779453135
ACR,0.07300748310076174
DEDD,0.07297677599307853
MYLK3,0.07296325488896968
MYPN,0.07288378211478393
MAPK3,0.07286420305045012
ZNF684,0.07285422572265103
CLDN11,0.07284396390504398
LIME1,0.07281363647831558
SF3A1,0.07280209500425712
CEP85L,0.07279328789479944
KCNIP3,0.07279258161714662
HSP90B1,0.0727128851467806
SLITRK3,0.07266747920975158
SLC25A25,0.07261136353313151
HAUS6,0.07260259924140079
PIGP,0.07256855279544751
IAPP,0.07256608923021993
PAPPA2,0.07256185618799442
NOP16,0.07249747177650877
HHATL,0.07248749707088213
NACA,0.07247332524681017
CER1,0.07246301602963295
CLCN3,0.07245164638301188
PTGER4,0.07239424439541481
GPR63,0.07237902111188652
SF3B3,0.07237531775022928
VCX,0.07237070246733614
UBE2I,0.0723294454074558
TAC1,0.07231720881996742
POLI,0.07231075158343733
ECHDC2,0.07221520636101782
GNG7,0.072184768384917
ARHGAP24,0.07218237015740311
PGBD3,0.07217768984146473
RBM23,0.07217354714662207
DRD2,0.07212835444469554
MCM4,0.07203288262882597
DRAXIN,0.07200810422297237
TCEA3,0.07188570771490471
RNF38,0.07187459071195576
WBP4,0.07182052356126055
ASIC4,0.0718188477083939
CXCR6,0.07175423184032324
PHACTR3,0.07160778012139425
ATOH1,0.0716020164966749
GJC3,0.07159974910114664
UTS2R,0.07152767358273064
S1PR3,0.07147537754145496
SIVA1,0.07141935499827967
CAMSAP1,0.0713880210495388
RPS16,0.07138739535792685
GFOD1,0.07126547548008719
NUP85,0.0712553286320456
TRAPPC9,0.07122600424379712
PANK3,0.07119812287974261
LRRC46,0.07105952459425043
SNX19,0.07103256140279658
POTEB2,0.07100267933871605
TRPM6,0.07093598103310171
FOXD4L1,0.07076436291098254
SRPX2,0.07073007460150041
SECISBP2,0.07071476190300494
MGP,0.07062050492906742
ACE,0.07050604288070698
LDHB,0.07041678447032902
TRIM68,0.07041210749269618
SQSTM1,0.07039658445621758
RALY,0.07039477516896771
FANCE,0.07033042899716968
ACTR5,0.0703190703029203
GLRB,0.07031049497918779
SULF1,0.07029810372605405
CLMN,0.0702585347641151
BRAP,0.07018179736429847
DNTTIP1,0.0701537446036001
SPATA12,0.07015165127815717
CLDN1,0.07014580100899889
ZNF382,0.07010253498837625
GDAP1,0.07006139363615457
RTN4RL2,0.07005592046471228
MOGAT3,0.07001447451862124
NME4,0.06999421594947541
MB21D2,0.06999386275587267
DHX38,0.06984648568557035
IZUMO1,0.06982965515891949
CALCA,0.0696790996179402
CAPZB,0.06966844618951246
OSM,0.06964106849630769
ARHGEF40,0.06961660878530586
ARHGDIA,0.06959971203790366
TRIB2,0.06956832476498176
TTC30B,0.06952794606247072
ADCY8,0.06952468789660582
ICAM1,0.06951728426878932
GPR133,0.06950543424263599
HMX3,0.06943087832980492
ZFP42,0.06936748957249314
AFP,0.06928704110915326
HILPDA,0.06925298615909692
MSC,0.06913684898995517
TNNT2,0.06907254446043619
OSER1,0.06905298769325584
PRDM15,0.06905120254152318
RIOK2,0.0689645357564519
UQCRFS1,0.06891532188331222
ORMDL1,0.06884321637688523
CYP4F22,0.06883522117375959
TMEM50A,0.06879040467249692
MDM1,0.06873689184662986
CSPP1,0.06871263030991237
MCM8,0.06865772223390978
ZNF213,0.06858252262019879
SPEM1,0.06858109921545694
GOT1,0.06855255677269406
JUP,0.06852917002525243
XAGE1E,0.06850592925740936
GEM,0.06850297477448258
CMTM7,0.06847997805112806
SART1,0.06839174021733427
HKDC1,0.06839040271320873
CLEC17A,0.06835660482374183
CBFA2T2,0.0683107443069828
EML4,0.06827995692675483
NOB1,0.06826888085533282
MYO1F,0.06823705288536229
PKN1,0.06821288979210773
NSDHL,0.06818096236961757
LSM3,0.06817620168196309
STK11,0.06816520626777489
FXYD7,0.06814417883531501
DLL4,0.06800411721911642
TACC1,0.06795742354352069
ANKAR,0.06793360459387063
VPRBP,0.067902695414664
PRM1,0.0678868835992128
PARP6,0.06788011326167816
HSPA4L,0.0678120227287988
AKAP8,0.06781012204159015
CARD14,0.06780356935538141
TMX3,0.06770964891366249
GOLT1A,0.06769328644590247
PNPLA5,0.06767587361374239
DUSP8,0.06764800517738358
RNF220,0.06759512629217876
TC2N,0.06756497905518305
ARHGAP26,0.06750202686912274
NUDT4,0.06747667445548015
PAX7,0.06744841725840287
MLN,0.0673582894617098
VPS45,0.0673581562250823
APBA2,0.06734326985874275
FGFR3,0.06729727236514002
PSCA,0.06729009835197806
ZFP90,0.06726849729786184
SSBP1,0.06723487482884996
EXTL3,0.06722759857523576
NR2C2AP,0.06721831663081293
NAT2,0.06718164376046136
OR5R1,0.06717815140792906
USP24,0.06717799242212136
KCNT1,0.06710522204032496
KCNS3,0.06708954579777
CCT2,0.0670727543727183
NSMCE1,0.06701275490018202
MBP,0.06699057344401194
KCNQ3,0.06694602112090642
COL2A1,0.06693821632558813
NDNL2,0.06693179252041644
CHRNB3,0.06690504699075076
NDUFB11,0.06688226116760922
DNASE1L1,0.06687420970542148
FRMD3,0.06684476496342522
SATL1,0.06680209177604389
PIAS3,0.0667815721644981
SFTPD,0.06675265010869982
SLC30A1,0.06667855036896216
KCNG2,0.06663688440705616
EML1,0.06659044050533094
SPDYE2,0.0664169427752273
LSM5,0.06633431303792692
PSEN1,0.06632790785501608
SENP2,0.06631364822942
ZNF644,0.06627201529259528
HLA-DQB1,0.06618811090434899
TMC8,0.06617616578757375
SPAG17,0.06613230842350241
MAGEB16,0.06609883949523492
UBIAD1,0.0660006531130095
STEAP3,0.06598805681896501
CLMP,0.06598359891849326
MACROD2,0.06598252120971686
PRRG4,0.06592969129545478
GMNN,0.0659098478149686
SEMA5B,0.06583512904334846
UBXN6,0.06583111041270155
CBFA2T3,0.0658040133008406
SASH3,0.06576444483397113
SMPD3,0.06575859395478766
AXIN2,0.06569700463841793
STK11IP,0.06567810793187132
GLOD5,0.06567685205573894
AKR1C2,0.06562902315458631
WDR17,0.06554191433792549
DOLK,0.06552749280974472
PSMC4,0.06549082737764346
EPYC,0.06546373506590433
UFL1,0.06546365917391485
GPX2,0.06545179083722617
KATNAL2,0.06543337485454746
TRIT1,0.06533094772878555
KRT12,0.06530088489591457
ASPA,0.06526983104752083
ZNF438,0.06518207866527535
MOCS3,0.06517157132812293
TBC1D22A,0.06515612074653876
KDR,0.06511594298136396
ATP5B,0.0650860431082926
MLANA,0.06503063933657394
ACY1,0.06495986363735032
LGALS7,0.064934321353709
SLC25A5,0.06491700978901543
SLC9A1,0.06490729525312224
APBB2,0.06490003000124894
HHAT,0.06489192921126564
SYCE1L,0.06486965382177531
OTUB2,0.06484601761455967
CA4,0.06479549963925349
PMM2,0.06479059367158181
KIF14,0.06471274431152822
THADA,0.06466051985481902
TAPBPL,0.06461176631207147
GTSE1,0.06457282356154158
PON3,0.06456065923295273
GSN,0.06455300381206115
GLIS1,0.06448520175647157
ZCCHC24,0.06447353005346403
UNC45B,0.06442898230213952
DNASE2,0.06442756140644357
ATP8B4,0.06440080478540058
ASZ1,0.06439904533025584
TBX4,0.06436549419803522
SMPDL3A,0.06436403110997203
FGB,0.06432484703800662
ZNF20,0.06423776471043342
WDR3,0.0641607334131194
TRAK1,0.06415348297138922
UBQLNL,0.06412449807938399
PSMD10,0.06412070601328178
TRIM73,0.06407929628727477
SCLT1,0.06406520546178579
EIF5B,0.06401604167711193
ZPLD1,0.06398973534396776
MUTYH,0.06390722622991049
PFKFB2,0.0638526533920093
AES,0.06385238615653888
CDK2AP1,0.06376913909934535
WWOX,0.06376282055967296
MINOS1,0.06376039193338463
SLC25A19,0.0637184988615424
EIF4EBP2,0.06369802349032047
C14orf166,0.06369065425419904
SOWAHB,0.06368646444885105
OTOP1,0.06367293850120978
CD97,0.06366855553939808
DEFB4A,0.06365244511007008
KIAA1751,0.06364259208408928
COL5A2,0.06354719818750285
USP38,0.06348875767062942
PARVB,0.06335010101811848
ARHGAP33,0.06333316275940386
IRX6,0.06329700778312881
JOSD2,0.06321925918146053
SPN,0.06320136402981182
SDE2,0.06309007828118574
UXT,0.06305410447891892
NXPH1,0.06304869088233375
SLX4,0.06288007615338383
C1orf86,0.06282183091085164
CNKSR1,0.0627558264918334
IDI1,0.06274025916860747
D2HGDH,0.0627380209792532
ECT2L,0.06272083287302896
MMP21,0.06267247690780915
MUT,0.06266293540146677
ARMCX5,0.06263155014958686
TSFM,0.06261782981816359
AMT,0.0626172838408205
SEC14L5,0.06260558145737675
GLO1,0.0625766482300948
CDC14B,0.062391982056497736
CBX4,0.06238355596440235
SMTN,0.06236862696028756
LRIG1,0.06227587865281891
CEBPB,0.06221261773104263
INTU,0.062171657861904976
CWF19L1,0.062164507904650744
PLOD1,0.062127117659463736
HDGFRP2,0.06210813981244674
GPR89A,0.062071590746510856
RIN2,0.06206717593140107
MRFAP1L1,0.062066050114580405
TSPY3,0.062061482607926
PRR13,0.062036524926210826
TFB2M,0.06199287732473308
SP2,0.06198131322791588
PLAC8,0.0619640621605527
CLLU1,0.061945410403453395
SRPK3,0.06188719990415914
ASPHD1,0.061879827348155496
MED15,0.06187768371569192
INPP5E,0.06186276371805707
MAPT,0.061850648137012666
LTA4H,0.06185011547545871
C5,0.06183076062329542
NAA40,0.06182859197972681
NXPE3,0.06181187814126039
P2RY4,0.06176332652337073
SPINT1,0.06175538250747453
PPAT,0.06172917970889497
GLYCTK,0.061724775874352815
CNIH1,0.06171434141763915
NUFIP1,0.06170663210775482
NDUFA8,0.06168142222120138
HMBS,0.06160625898648029
BST2,0.06159459580405149
ISCA2,0.06154368207990854
MTCH1,0.06152268660960957
LPAR1,0.06148448752308639
TEPP,0.06146640263764398
NPC1L1,0.061446027759933776
KCTD13,0.06144030097627231
SMYD2,0.06142067060709576
BAALC,0.06135977745735008
URB2,0.061350139496814345
SERPINB3,0.06127521451094632
PCP4,0.06120756323793435
CDH22,0.061196342917485845
PSG5,0.06118422043317771
PARP4,0.06118160465531505
UBE4A,0.06117953418745021
SWT1,0.06114031712303843
PMS1,0.06107541068430273
C12orf45,0.060983500386863475
LIN7C,0.06095409625036252
TATDN2,0.06094059090282778
TMCO5A,0.06088618313339836
GPR183,0.06085533006955035
EDA2R,0.06080540232367019
FGF14,0.060744803020245014
SCYL1,0.06072993181051909
PHLDA2,0.06068249117870741
CENPM,0.060657584604088204
SPINK2,0.060639976648563396
MRP63,0.060620532566749465
ZNF41,0.06057589153368208
UTP14C,0.06056435129645279
ACTR3B,0.0605582872966497
LGALS1,0.06050314558963799
ADORA3,0.06048911835879268
GOLM1,0.0604855131093714
MTO1,0.06045971386157021
TUSC2,0.06045021610693323
MSH5,0.06044473188813534
NBPF14,0.060440657437406696
GPR123,0.060328686051974355
AZI1,0.06032670630538282
RHOB,0.060199465117074816
TET2,0.060188098752072275
PPIH,0.060188094859601284
ECEL1,0.06016287263274065
DKKL1,0.06015479188608282
UBE2N,0.0601354959446814
KIAA1715,0.06009629888298959
ARL16,0.06005898467587076
ZNF346,0.060022615654034474
BRD3,0.05997806264840711
RERGL,0.05997585139476006
RGPD2,0.05989928124131264
DDX50,0.059894503722744886
PRRX1,0.059875876044877444
CCNG1,0.05987197764258959
NAAA,0.05985745081926947
PROM2,0.059830339129097444
KRBA1,0.05982755933727896
GPRASP2,0.059814549549049856
RBPJL,0.05976356932276213
ATP6V1E1,0.059670269573005745
TEDDM1,0.05963445741676896
ICAM5,0.05962639356322331
ZNF296,0.05957934125803463
KPRP,0.05956050848087274
GSK3B,0.05954707754015235
CACNB3,0.059528170680153716
INSM2,0.05943595918339137
FPR1,0.05941349753420812
ZIC3,0.05938943101862432
CARS,0.05938856124305514
POU2AF1,0.05935481669665627
MAGEE1,0.059339508622478686
NCDN,0.059302613859742385
SLC35F6,0.05929105023928883
ZAR1,0.059281946825647885
KCNN3,0.05925848439267042
SOST,0.05920965404521407
EIF3D,0.0592067710704738
DCAF12,0.05918714292383439
FLJ22184,0.05917947819577526
PRAMEF7,0.05917387573276887
KLF13,0.059137570839883365
SKI,0.0591167565606345
SLC12A9,0.05910659581907908
OSCP1,0.059103885257779626
HERC3,0.0590791490839549
NDUFA9,0.058965936209149965
ITIH2,0.05895401354464709
CDON,0.058875535794662905
ADAMTS13,0.058769463579580135
SLC1A4,0.05875987776731451
SOAT2,0.0587412101143019
HAVCR2,0.05868775189264738
SNCG,0.05868681749946714
ALOX12B,0.05868558745321892
DDC,0.058663677958394146
FAH,0.05863591984610021
VILL,0.05862969951313448
SCRN2,0.05861671905945148
AAR2,0.05860742198287169
KAT8,0.05859274953907553
C1QL1,0.05856306099756242
DPP6,0.058486364574521776
SHPK,0.05848147665792137
POLR2B,0.05846605893062752
GIMAP6,0.05840701634305681
DNAJC10,0.05839930291278466
GLMN,0.05831485096426197
SPRED1,0.05830238837319283
MPZL3,0.05821842897980579
SLC26A11,0.058210828874454466
TBC1D22B,0.05812822024993072
INTS1,0.05812330837591511
ZNF844,0.05810698046983514
POMT2,0.05805652616509756
ATG5,0.058043062223320945
USP47,0.05798463306005799
DSCC1,0.05784268209057696
HOXC13,0.05783414104224956
PSMB9,0.05782867881633112
KIAA1671,0.05781821002492515
STOML2,0.05780199223983548
ACTG1,0.057796822774954446
NPTX2,0.057782163139591336
PAH,0.05776638712075595
MYO9A,0.0577602100369304
CASP5,0.057735045007569326
F8A2,0.05770981109466391
BOLA1,0.057675783388622046
AADAC,0.05764374542041666
BIRC2,0.05757352622437361
RAPGEF2,0.05755955151728755
ACBD5,0.05745430521727584
ALPPL2,0.05743076441654601
HIRIP3,0.05739992222385964
RAP2A,0.0573924172684366
PIP5K1C,0.05736905518846911
PNLIPRP3,0.0572750697177861
MYOC,0.05722272351542796
ZG16B,0.057214362682653216
RABEP1,0.057205263012621715
EFNA1,0.057133345948627456
GNB5,0.0570824403183102
FAM8A1,0.05701369514975848
PDHB,0.05698414311648105
BAIAP3,0.05696664797995807
FOXL1,0.056955858365758595
ATP7B,0.05692628723668039
TUBA1B,0.056871735372239406
RTFDC1,0.056778175925681955
C16orf72,0.05672520085116208
ACAA2,0.05669345233673284
LHCGR,0.05663662206776134
SELPLG,0.05661692787139849
DIRC2,0.05657154891547625
NIPSNAP3B,0.05640203828170599
SMAP2,0.05632633373185809
ZNF777,0.05625218299611596
RALYL,0.05622992117475164
KCNJ5,0.05622284638672678
OXT,0.05616414792591476
TSPAN5,0.05615289617706819
MBTPS1,0.05614138670774203
PGGT1B,0.05613029165614713
FAM102B,0.05612159105502223
OTOP3,0.056107651989742276
H1FOO,0.05606816548347303
MAGEA2,0.05606398814703031
GATAD1,0.056063504818334435
RIMBP3B,0.05604603329502837
GRB7,0.0560131353011776
ABCB11,0.056009824798110744
SNAP29,0.05596748027218063
SDPR,0.055942900410885656
RD3,0.05592657815797466
SPAG6,0.055918907215850217
SNX29,0.055893167361110996
GCAT,0.05587078239048116
RNF26,0.05585142259067765
MANF,0.05576929994468169
NMRK1,0.055749445612758304
WDR83OS,0.0556653964700924
GPALPP1,0.055654737770671876
CDC5L,0.05562898323786292
SGCA,0.05562373592035282
PTDSS1,0.055596688839917516
RPS24,0.05551215766320438
CR1,0.05551115137319627
SPNS3,0.05550415432689894
PHLDA1,0.05548618404080017
TECPR2,0.05546194509858619
EXT2,0.05543429180676221
TMEM39A,0.055432744357633026
NACC2,0.05542013696338548
RBM25,0.05541150806099204
G3BP2,0.05538111237607746
RIPK1,0.05536062582567345
ID3,0.0553161930861758
TPSAB1,0.05525011602374442
STOML1,0.05517968230431915
CNTF,0.05512711290761594
VEZT,0.055011352079555126
GPD2,0.055004610967690146
AP1S2,0.054985940375626166
SNAPC2,0.05498096481934415
RPL26,0.05498073771140025
TPD52,0.05495621694960933
MRPL22,0.05494910588470461
HIST1H2AE,0.05483507749315701
MAMDC2,0.0548069929772251
WFIKKN1,0.05476837719116307
LRRTM2,0.05475510794984702
TSTD1,0.05472740049687064
EMX1,0.05472104873127962
EGFL8,0.05467296619245096
FAM208A,0.05465209129407005
AMZ2,0.05462616762670557
CORO7-PAM16,0.054625349460776455
NDUFB8,0.054620315538856316
ATE1,0.05459660404903745
TMEM207,0.05456129725507542
FAM111A,0.05448571061040282
SAMD13,0.05447419020982828
AKR7A2,0.05445367953565499
S100G,0.05440322717935445
SPINK8,0.05435659567218996
SF3B14,0.054327623997272555
UBA52,0.054294742849993624
ITM2C,0.054277416908210106
GSKIP,0.054273688460483034
NBPF10,0.054264539832868434
HPSE2,0.0542297720674068
GLYATL1,0.05418457630399054
CRLF1,0.05417429842874382
ZBTB3,0.05415554094388905
GAGE13,0.05413531842180902
MICALL1,0.054133513351077876
FBXO18,0.05411665334908129
CD96,0.054087364879490805
SNX7,0.054081062057115846
TEX2,0.05406093322757702
SLC31A1,0.05403244530741751
RAB6B,0.05402435913494279
PPIP5K2,0.05396491739090931
HFM1,0.05395757740275652
BHLHA9,0.053845813780618305
RABGGTA,0.05375947527777709
PCDHB1,0.053743400129560644
ZC3H15,0.0537414986632958
GSTM3,0.05354207480780382
LLPH,0.053525964462922904
CHN2,0.05347254328452082
CLCN6,0.053424283998738546
RTP4,0.053398650079353606
CCRL2,0.05331692511097206
SLC41A3,0.05331667753839617
NOL12,0.053302830861622366
MEIS3,0.0532166421404805
SLC35C2,0.05319048318208141
SYT2,0.05316893726934008
FBXO7,0.05312281762996443
TMED5,0.05311946813459794
RNF24,0.053089457005202415
RNF121,0.05308664200754298
LRPPRC,0.05307886295148845
POP7,0.05304283047170573
LSR,0.05298478294872592
MTTP,0.0529787140345602
PDLIM5,0.05297553712974301
CEL,0.05295477357117235
SELK,0.05295117279322517
ACN9,0.05295033265959214
NMNAT3,0.05293919329316863
PKN3,0.05289969564379692
ELF1,0.0528953861115435
LRP12,0.05284300328516733
NEUROD1,0.05278897066082827
TSPYL5,0.05276352393620343
G6PC2,0.052728852303556256
CHMP4B,0.05272023696013252
ACSL4,0.05268912096412447
NKX3-2,0.052645958799593294
RBM27,0.052639253746552796
TP73,0.05263288738825497
DDX39B,0.05262199824583658
PXMP4,0.05260455828588056
TRIM37,0.05258311342706476
INPP5B,0.05250987314392222
TMTC3,0.05249944882330741
STMN4,0.05247371529503583
FLYWCH1,0.05241650112509298
KDM5B,0.052415970965785784
MRS2,0.05238827654215326
MPO,0.052381215149905805
GTSF1,0.05230380256161217
MIEF2,0.05228311929663081
DESI2,0.05223784721709606
NAF1,0.052200023741097154
ABCB5,0.0521701381066463
CUTA,0.05211151370826696
TMEM173,0.05211035340708455
TANGO2,0.052105288699409426
PLOD2,0.05210470653849144
CDC6,0.05209436634014304
HOXD11,0.0520855308454202
JAM2,0.0520705486133187
UBL7,0.05203175593008986
VWA7,0.0520166203377981
C1D,0.05199014323098147
MOAP1,0.05194996639060744
RASL12,0.051943086450109005
ZHX3,0.05191755276943373
NTSR2,0.05189815497392884
SCP2D1,0.05187013150952329
RAB21,0.051755554219984255
RPS20,0.05174955844445077
LPIN3,0.05173318851809474
GRAMD3,0.0517104062625146
H6PD,0.051670362573880246
WIF1,0.051641720710400185
REG1A,0.05163202306068381
MYL4,0.051607985890295686
AGO4,0.051600507517862035
RRNAD1,0.05158781795719709
ZRSR2,0.05157133395513278
CYTH2,0.05156680990351154
RNF181,0.05156654952205811
PSMD2,0.05156015801643683
EXPH5,0.051485526890560074
PPP4R2,0.05146586062393672
RPS21,0.05146410590522273
TRAF6,0.051402356271238056
RPN1,0.051374059379995986
KLHDC7A,0.051359377964840046
BTF3L4,0.051355068801005196
BSND,0.05130380907086098
GPRC6A,0.05125367758405752
GLRX5,0.05123967251916655
AIM1L,0.051231778289785104
BANF2,0.051177477434667336
FBP1,0.05117251443737346
PHKG1,0.05116626451678714
PSMB8,0.05115321216840365
HTRA4,0.05115318081609669
PHKA1,0.0510877515392157
TELO2,0.05108421380789341
SSU72,0.05100897648204476
MFN1,0.050864426824356206
IVD,0.05078138973198455
TIGIT,0.05077633995783263
CCL26,0.0507654143877169
NPFF,0.05074169443573203
PDE7B,0.050731326343544936
EBP,0.0507285283740422
MALL,0.050684209453825534
SIGIRR,0.05066561108715647
DYNLL2,0.05065419544960139
LSM11,0.050630964338169
HIBADH,0.050622531868178965
THEM5,0.05061865154336822
IL13RA1,0.050614080051233946
VPS26A,0.050581992682649075
UBE2Q1,0.05054374561659519
MGRN1,0.05053260960249138
IL8,0.050526886608390185
FARSA,0.05047655484596291
PTN,0.0504696007515911
CAMKK1,0.05045037703638581
EPS8L1,0.050449081174415995
EPM2A,0.05042004253956109
OR5B12,0.050418579340528895
MTG1,0.050336036791601015
KCNS2,0.05032954018588613
UGGT1,0.050324074713031616
CTSF,0.05026991829787848
PHB2,0.05026236573761913
EPN3,0.050259781082068265
CRHR1,0.05025780657656648
HINT1,0.05024891861595423
PDCD6IP,0.05020280328397876
RAD51D,0.05012529433975922
DPM3,0.05008972941080357
POLR1D,0.050057548872912465
ZFYVE16,0.050019448865424886
OR4C12,0.049977180380917065
PLA2G12B,0.04994546770823516
TNFRSF1B,0.04980758591587133
MYOG,0.04978120548713798
HGS,0.0497528240010565
KIAA1009,0.04974107932356137
KISS1R,0.04972467605743942
MATN3,0.04972417301124448
SEC31A,0.049702315663421634
IMMT,0.04965742835865027
NAP1L3,0.04964063833955875
DNAJB7,0.0496129689254846
FKBP2,0.04958366906334206
CHRNA3,0.04957374254153358
UNC50,0.049568223159491
COPS7A,0.049535849790258935
SLC38A5,0.04953510155482779
FAXDC2,0.049531980660180344
C21orf33,0.04937120052180466
DHH,0.04932086329839116
TSPAN14,0.04931532767103893
CAMK1D,0.04931208273893147
DNM1L,0.049290245536120325
HIST2H3D,0.049280741909094684
LY6G5C,0.049280056197821394
OTC,0.049260234983476626
UQCRQ,0.049237853724894205
AKT1,0.04916225117732593
SNAPC1,0.04915070832109072
TNFRSF14,0.04911367531632324
OAZ2,0.04901175785492363
ARID5B,0.04896433778851777
IFIH1,0.04896174868329789
IMPG1,0.048931410770717346
MEIS1,0.04892690688042439
ARPC1A,0.048888396221626045
FIBIN,0.04883326860675558
HMGB3,0.048827977514953345
GABARAPL1,0.04881068210662342
DPYD,0.048741346450305416
TAP2,0.04873549337356035
CLPS,0.048670584546208255
PSAPL1,0.04866650627155462
SLFNL1,0.048608691504041235
ZNF30,0.04854855068378257
PRCD,0.048540504357545845
FUNDC1,0.04852730995171803
PDIA4,0.04852275998964038
KRT34,0.048521654820306355
PRTN3,0.048505740906608044
GABPA,0.0484797023892407
GAGE2E,0.04847780013075966
PTPN4,0.048412013144431595
NPHP3,0.04839224641092617
ABCC6,0.048388783772706924
GUCY1B3,0.048385593089219754
ARL9,0.04837719293292801
SHKBP1,0.048365297852379495
XRCC4,0.048359579049994425
PIP4K2A,0.048312780682339705
UGT1A5,0.04820329101898236
TPD52L2,0.04819955724543532
TBC1D15,0.04819731788913692
PGAM4,0.04811624634259933
S100A5,0.048111527323430076
ABCA6,0.048102424567414315
RFT1,0.04808142277229724
TPRN,0.04804493740798529
EGR4,0.0480050213283885
SEPT7,0.04799764695682033
HSD11B1,0.04799552871150795
SLC5A3,0.0479874926472348
CPS1,0.047984842698584176
GLIS3,0.04798232465143147
CH25H,0.047940613454428536
NKX6-1,0.047926073255142275
ZMYM5,0.047922652823412716
ARHGAP36,0.0479154122215254
ATP10D,0.047908398943757244
SLFN12L,0.047906864704660254
SERPINA4,0.04784165394515759
HS3ST2,0.047810251032653725
USF1,0.04770491901835926
RPA2,0.04769748257647874
AMIGO1,0.047684983246433
FBRSL1,0.04764585568805383
TMED10,0.047614513296573575
SNN,0.04760293273784244
MUC21,0.04755447101730675
SCN5A,0.04753371534696874
CACNB1,0.04753101047867376
NCAPD2,0.047525489246974986
PGM2,0.04749104180014922
SLC39A13,0.04742689558890679
KANSL2,0.04740781507818612
ACAP3,0.04738522857812188
ARSD,0.047311485354127096
QARS,0.04730015090693088
DLX4,0.04729633192371876
NRTN,0.047292256155718616
CPT1B,0.04729184870093115
IFNA13,0.0472836801094395
COL4A3BP,0.04723235354459508
KIF5C,0.04717904371330166
CEP19,0.04713172265278864
TTYH2,0.047078030444206394
SGOL1,0.047060568479204055
ABCB9,0.04706053121834506
PEX16,0.04705297242938372
NTN4,0.047039770511442036
PRNP,0.046978413376125065
TDRP,0.046961362702706164
STEAP1,0.04695860893160019
UNKL,0.04694849036832292
ADI1,0.046936669497723564
WNK4,0.046862796569262836
ODF2,0.046811722444178715
CDK17,0.046770612112397456
TBC1D10B,0.04674329786871579
NRM,0.0467111569054857
RAX2,0.0466771098978074
ZNF423,0.046672405724549816
MFNG,0.04666798613111501
MGAM,0.046611926885085586
DNASE1,0.046559436499828286
VN1R1,0.04655186812067833
SIT1,0.04652550434521056
LRRC8A,0.046482966174538405
FOXB2,0.04647968701505687
SMIM15,0.046454221372360195
WNT1,0.046439989346549665
THPO,0.04643671658158808
SESN2,0.04642437938351528
APOLD1,0.04642405353680062
OLA1,0.046422329363609634
RANBP6,0.04641109006856623
SLC6A14,0.04640905389234967
VTCN1,0.04632757144808187
RPUSD1,0.04629043807677695
APOBEC3D,0.04623783474921217
GNG13,0.0462355192416061
EXTL1,0.04623337255266512
H2BFM,0.046224946771063605
CASP8,0.04621313324284475
PLIN3,0.04614249648850873
NOM1,0.04611324334261869
KIF16B,0.046105848091389685
TRIM41,0.04607758473599022
CTDSPL,0.04607693104829234
AMH,0.04604750796848093
PLAT,0.04604663680945887
INPPL1,0.04604072860721183
CNPY4,0.04588669460743255
PEX13,0.04584782385749698
SAMD11,0.045772173307556875
PYROXD2,0.04573625107043431
ST3GAL4,0.04568939880713805
MYO10,0.04567613725391619
DDX3Y,0.045641302943809005
GNL3,0.045640640530527
TNPO1,0.045640035235191
VNN1,0.04561970004006346
FAHD2B,0.045572407060121806
TJAP1,0.04552226533083535
APEH,0.04551334520890044
ASAH1,0.04548395774329444
PAK1,0.045473856687211336
RAB18,0.04544458620705357
SFT2D1,0.045416221447626484
ITGB3,0.045364549190481315
CPT1C,0.045357398836838564
MPEG1,0.04535694400051465
MMACHC,0.045335195726495386
IGF2,0.045333152615436356
TACO1,0.04525839426293935
PIK3R5,0.04511661181320429
CXorf57,0.04511129513418358
RPAIN,0.04509515587746163
MPHOSPH9,0.04509087257442023
GBF1,0.04508670296023193
DCPS,0.045042981871335014
MIA3,0.04502436626217505
OR13C5,0.04501588026916229
LIPT1,0.04494699318509438
AIRE,0.04491483287146288
MLF1IP,0.04487657256837662
CDKN2AIPNL,0.04486900204379319
SLC25A36,0.0448580513109714
FGF8,0.044850778597063934
CRCP,0.04482934185316634
SNX6,0.04481891443866598
USH1C,0.044794749238300346
ACOX3,0.04478858808277349
LPPR4,0.0447243054454873
EIF3F,0.04468710092490847
FEN1,0.04463777614958538
NRXN3,0.04460488656832318
SNRPA,0.04458665115114609
TST,0.04458578392827098
RLN3,0.04456738691791508
CXCL11,0.044554529378142665
TFAP2E,0.0445523927231372
GBP7,0.04452144619699519
FPR3,0.04451929024434629
DEFB105A,0.04449691088520727
ZPBP2,0.0444899916777051
WASF2,0.04447099885228286
NFKBIB,0.044449877604863096
P4HTM,0.04443750620834305
MSH6,0.04443086581580991
GALK2,0.04442875507246304
FKBP3,0.044413030305405894
CHDC2,0.04440501228568561
TFAP2A,0.04439908021290752
F2R,0.04439303531324715
BCL7C,0.04425698525462024
TRPM3,0.04424148807749937
OGFOD1,0.044234122456898145
PODXL,0.04421832188096587
DDHD2,0.04419838298833339
PRSS57,0.044165861691278514
TESK2,0.04411644355515987
RPS2,0.04410853494293123
FGG,0.044083973316677745
LRR1,0.0440661369529523
PFDN2,0.04405802885311687
CREB3L1,0.044008363581127204
RIMBP3C,0.04398242149839641
AMDHD2,0.043952934364862674
CEBPZ,0.04395060673269199
COMMD9,0.0439458711187462
ARHGAP27,0.04393662444746167
OAF,0.04392499270470078
GRWD1,0.04387597948482729
STRA8,0.043852647974900606
CCNL1,0.043825956347748427
DSG2,0.043775553283962695
SPAM1,0.043771761199735026
CTSK,0.04370915422194093
TMPRSS6,0.043706094103478636
HTR2C,0.043700550447247855
POC1A,0.043682737114047195
CD300LB,0.043636189543661955
MTG2,0.0436091359945137
IGFBP6,0.04360200751183048
SERPINB2,0.043601722749293345
OR5A2,0.04360038954949718
CDR2L,0.0435687118121747
NLGN2,0.04353736410236358
DGKG,0.0435185975059374
POMK,0.04351764183464026
IFNW1,0.04350646215582809
SLC4A3,0.04349386875455372
APOBEC4,0.043415803008892424
GPR176,0.04340226701674215
PACSIN2,0.043380218052850146
TSR1,0.04333789565564309
SMIM19,0.04333049198914265
HHLA1,0.04329684733266349
OSTF1,0.04328450515090205
PRDM13,0.04326994621510733
ABHD16B,0.04324036268790576
POU4F2,0.043159529401373097
ADRA1B,0.04315188514331634
ADCY4,0.04309606330711821
UBE2G2,0.043053003416448694
SDAD1,0.04301265499236929
NIPSNAP1,0.042995844870504
PRKCA,0.04298944621503313
GALR1,0.04298003077218361
KCNK1,0.042974834891055504
FCN2,0.04295965943915595
MAB21L3,0.04280092374163092
CASP7,0.04278671516483615
IFI16,0.04276138382739518
SEC22A,0.042748610537908856
PAPL,0.04273744667868294
TSSK2,0.042735119236895595
PPP2R5B,0.04263895252237356
IFI6,0.042632658040572265
CHRNG,0.04262411581797645
CEACAM7,0.0426192082508956
NPY2R,0.04259587197607555
EEFSEC,0.04259320402648191
GANC,0.042567244408846946
KRTAP4-2,0.042537719283064455
ANTXR2,0.04246695893011246
PRDM1,0.04242683739467443
CASC10,0.04241192516202074
SEC23IP,0.04234551109688904
CLIP4,0.04234055632116832
LAMB3,0.042308207067545345
ITSN2,0.04230688128859632
TUBE1,0.04227538665681247
BCO2,0.04225601324821368
FAM175A,0.04222860052780577
GAPDH,0.042225413752347646
PCSK4,0.04221835794028788
HOXD9,0.04220990895879353
ZIC2,0.0421924101596217
ANAPC5,0.04219188936233751
KIAA0195,0.042188183395308075
CCDC112,0.04216798850713066
LPIN2,0.04213306984008104
EPB41L3,0.0421128380719509
BCL2L1,0.04211242353213635
SLA2,0.042111709959117324
CERS5,0.04209922107194917
ARF1,0.04209794274393957
UTP18,0.04208542061518285
KLHL18,0.042081247231040175
PPP2R5C,0.04206732788450289
MYH7,0.04205272726164995
LACC1,0.04203272345391464
TFCP2,0.04200278043225498
PRRC1,0.04199422582214473
NECAB2,0.041982308157778606
PZP,0.04196403760814148
MCTS1,0.041875459090672994
ASPM,0.041863593538306675
UNC119B,0.04184235951084607
SST,0.04183861373135585
XDH,0.04175966688077292
BRDT,0.04175816488129732
C9orf96,0.041696917990722
ITGB1,0.04168880922425445
PNMAL2,0.0416456910568291
AKAP5,0.04164216362444307
B4GALT5,0.04162706589388193
ASB13,0.04157757029299269
IKBKAP,0.0415492216095828
CXorf23,0.04154058216730077
USP35,0.04152439722630382
SEMA5A,0.041507220225257886
TUBD1,0.0414911433016579
NUBP1,0.04146827844198378
SLC25A28,0.04145861991659384
NCF4,0.04144152250311728
CGB1,0.04143412054799008
PTPN6,0.0413884956561024
ISLR2,0.04138379871092414
RBM20,0.041378487902773924
TPCN1,0.04133595348676467
LRFN2,0.041333627247798974
ATP13A2,0.04130285604401974
VEGFC,0.04129712376012759
SRSF10,0.04129161218586011
PTGER1,0.04127132053444473
MCOLN1,0.041269726130116056
DNAJB12,0.041231531276281756
MUC4,0.0412275173087624
FAM53B,0.041224713595456486
AIFM1,0.041218461987766526
COPS8,0.04121329294976605
PVRL4,0.041182529275486435
CT47B1,0.04116150982204467
FBF1,0.04112974526343791
PNRC2,0.041116608775593325
GOT1L1,0.041115097923745694
ACBD6,0.041103794964668164
VIPR2,0.04108443199719831
DENND1B,0.04107237587445896
GKN1,0.04106697826084917
AGRP,0.0410645725331176
PRDM4,0.041049657419782205
CEACAM1,0.04104548885790871
BDH2,0.041015002242795584
C2orf82,0.04098521034163432
LCMT1,0.04093365819675941
GCGR,0.04093021366380869
TRUB1,0.04092892034394565
EEF1A2,0.040922463493665975
TTC39C,0.04089853087406462
CLDN12,0.04089560250888504
LACE1,0.04088202014114415
MCCC2,0.04086350199739053
GPR137C,0.04084819806675317
C6orf52,0.04083045721371961
TPRKB,0.04080559496365157
PLA2G5,0.040799360590738076
HIST1H2AI,0.04079332985233892
FAM60A,0.040770683950218566
TOP1MT,0.04073720983323167
RPP30,0.04073720348679083
FILIP1L,0.040705337346114936
TTC7B,0.04070493297152304
GRID2,0.04069112476911127
TACC3,0.040681219055388844
NDE1,0.040674469111355555
FLCN,0.04067205059272193
DIAPH3,0.040573818150751464
ZNF691,0.04057379801856703
FAM78B,0.04052859959683483
PCDHB10,0.04047023226405108
MEDAG,0.04043493550061021
NAGA,0.04043456641801377
COASY,0.040391214912207714
ALG10,0.040384565948157196
CHRND,0.040372841262568064
MCOLN3,0.04036759101832317
TPD52L3,0.04030198520754446
PROKR1,0.04029284996728152
TMEM115,0.04026448491435015
CTRL,0.04024370854010638
TYRP1,0.04023847466723507
TNFAIP2,0.040238461377143035
GRK1,0.04023196841302274
CSF3R,0.040207977840826956
B3GNT5,0.04020248221113984
FYB,0.04020117810292014
STRN3,0.040181182038195484
TXNDC2,0.04014168816171058
TCERG1L,0.04013872571372288
MEPE,0.04012623842446437
IL20RB,0.04009203933683147
IGFBP2,0.04009021286931406
RPS19BP1,0.040088883824546145
TCN1,0.040077107975903754
ZDHHC19,0.04005325440105394
STAR,0.04001624025418337
PID1,0.039972020634149646
ARHGEF10L,0.03997006779812455
TCTA,0.039947684353939986
DAZ1,0.039869042601622585
LRAT,0.03986305808730949
NUDT12,0.039859131037865966
ZKSCAN5,0.03985736010566849
TBPL1,0.03981128010596974
ENTPD3,0.03978593702179232
OAS3,0.039758358193730345
ZNF654,0.03973949117484737
MZT2B,0.03973778240877363
GBP6,0.03971240593747094
DCLRE1A,0.03968361079202885
AGAP4,0.039683061582491366
FAM47B,0.03968069461862668
DAZ3,0.03965276076606976
ZC3H8,0.03963740570147258
CELF3,0.03962944466170422
ARHGEF19,0.039570874844571086
MYF6,0.03956785083040945
HES3,0.03954926533906753
PANK2,0.039537629659237336
MTR,0.03952084362453876
OAS2,0.03949497680244545
AGTR2,0.03947298222808172
ROMO1,0.03945224650727017
LEFTY2,0.03943207396885073
DMWD,0.039372018428691584
ADCK1,0.039365271044958364
SLCO1A2,0.03936187306565499
KAAG1,0.039345857428303356
APP,0.03932708571408189
CD36,0.039307489562029535
HTR6,0.03930250672920937
LY6G6D,0.0392678075497868
KRTDAP,0.03926403618640946
TRAPPC4,0.03926383681431919
TCEANC,0.03926202485008023
CELA2A,0.039255211626420934
GRK7,0.039244076083336965
ITPRIPL1,0.03923885850536869
NOMO2,0.03915901566516733
MTHFD2L,0.03915281748326801
HS6ST1,0.039147377306955125
SGSM2,0.039110131761874486
DENND4B,0.039095593767328574
CAMK2B,0.03908509330080578
GPR37L1,0.03906906080071694
CERK,0.03906747072106134
VLDLR,0.03906133709367205
ATHL1,0.03902383027758635
CDNF,0.03900288716976
SRSF7,0.03898471785333334
ARHGAP23,0.03896010358616546
DDX26B,0.038949269557057055
LIMA1,0.038945544881884085
KIDINS220,0.0389386109973902
PIK3IP1,0.03893513900223565
THSD7A,0.03891303383079924
RBM44,0.03890790553718595
RXFP3,0.03888338564844272
AASDHPPT,0.03885916976162328
UGT2B15,0.038846543509120784
PPP4C,0.03883224501295346
P2RX4,0.03881453299118095
ATP5G1,0.03881326808688821
PTPN1,0.03881083063843983
METTL13,0.03878541348631401
EPHA6,0.038763267916419306
ABI2,0.03872918085765565
STPG1,0.03871452834156198
ERAL1,0.038689101362116174
EIF1AD,0.03864221328651167
MSANTD2,0.038636636646274806
MRPL36,0.03863076367995622
DIO2,0.038602691332216985
SPIN1,0.03857715093376873
KCNV2,0.038543911737961366
RNPEP,0.03854096786293321
SMIM14,0.03853714905665833
CYTL1,0.038498290151182946
ZNF322,0.03846075697327441
RASEF,0.03843808929268241
ITGB5,0.03843568364102971
FBXO47,0.038425913184224
ZNF24,0.03835133001717032
RPL8,0.038343463190453814
XKR6,0.038341228209834655
GPR12,0.03832949969948045
UBXN1,0.03832414545264798
TCTN1,0.038316925033742316
PPP4R1,0.03830846230537476
LCT,0.03830173516309466
FLVCR1,0.03829754391831692
CADPS,0.03828202440367934
ZNF517,0.03827614992840108
AVIL,0.03824817138681754
C9orf66,0.03824486342808544
AP4S1,0.03823885485699865
PRDM9,0.038197479829760246
ETFA,0.03815548732065557
OR5H2,0.03814148647020082
USP7,0.038135504629819114
DUSP9,0.03811001364411475
LTC4S,0.03810423023442334
RAD51B,0.038087765405292004
MANSC1,0.038043454407919924
TMEM208,0.038033286501601364
C7orf43,0.0380043482433871
RNF208,0.037985525475417024
CPA3,0.03796525593392019
HOXC4,0.037927071741934444
ZNF689,0.03792047278642237
C6orf62,0.037908323580159144
METTL7B,0.03790296054965521
SPAG8,0.03789105452595195
TMEM121,0.03788326519417088
ITFG2,0.03787386378705877
GALNT16,0.03779229723919139
EBAG9,0.037763562165445366
SMO,0.03775594776916724
GDPD3,0.03772510008529633
SLC20A1,0.03770062469865105
SCRT2,0.03765666451221058
GCLM,0.03763632668900753
SLC23A2,0.03761946634299339
KIAA1279,0.03759456233612433
ACSF2,0.03759424018509037
RINT1,0.037591787766695514
LHFPL3,0.03759162271459337
PRKRA,0.03754629903687718
SAA1,0.03751998573813681
ATP8A2,0.037503032001717534
ANG,0.037487306886812795
ADAMTS12,0.03747019217590649
P2RX7,0.037455347280668454
VTI1A,0.03745256303379422
POLR3G,0.03745145954462775
CCKBR,0.03744533900905994
TAX1BP3,0.03743483383541214
KIAA1804,0.037434702550626794
BCAT2,0.037418934877507394
GZMB,0.03736959085946527
DGUOK,0.03734914447762769
NUDCD2,0.03734511600771869
GRAMD2,0.03732671857336921
MPP3,0.037272498705212286
FOXJ3,0.037209405668448776
BAG5,0.03719874410350046
TUBA8,0.03714083060661163
MUL1,0.037132943329582904
PTOV1,0.03710743533875789
NAP1L1,0.037105789012264564
MYEOV,0.037104718192373154
STAP2,0.03704935406054498
FAM126A,0.03704032065557593
XPNPEP2,0.03693892426373195
TAS2R8,0.0369235737332077
KIF27,0.03691404735402763
A1CF,0.036911501040139634
LCN6,0.036906191674351725
DYRK2,0.03689804753904065
C2orf83,0.03688901524822702
CCSAP,0.03688267296319519
SLC22A23,0.03684455491481936
RLBP1,0.036803175091271886
LMF1,0.0367941028479531
PLEKHF2,0.03678559185836536
LACTB,0.03678153803335479
ALKBH7,0.03671386540678679
DCAF7,0.03668405231883953
NSL1,0.03665535294373442
ADCY7,0.03663064266875539
HCN3,0.036589001482255835
OLFM2,0.03658624527246049
RCSD1,0.03650501209049121
SERF2,0.03649047913857276
WBSCR22,0.036463339666950804
MYBPC2,0.03645363267640989
DPH1,0.03645128284520617
TULP2,0.03645001321129128
GEMIN8,0.036428409025527464
VGLL2,0.03640949359853981
BRE,0.03640837724620245
ZFP64,0.03636957176763642
KRT8,0.03636305924992057
MAPK11,0.03631111190603454
FBXW12,0.03629802686775594
MYL9,0.03628858921923105
FGF19,0.03627835328589354
H3F3C,0.03627531073132264
PQBP1,0.036240626482652014
LMBR1L,0.03623515691991071
OPCML,0.03620496302683519
ZRANB1,0.036189588354529706
S1PR1,0.036156405072974906
ENDOV,0.03613275028374058
NEUROD6,0.036123123969746776
PAWR,0.036114975047996406
CEND1,0.03610473719659374
KIF20B,0.03609001297524358
WRN,0.03608929966923304
MEFV,0.03608878079361853
KIAA0907,0.03607983519684079
CPXCR1,0.036056489295532144
ADNP2,0.03603191562808093
KCNJ8,0.0360258344757478
DVL1,0.03602256308595769
PLA2R1,0.03601135152419457
HINT3,0.035979704656606666
MYOM3,0.03597624973648444
ACAT2,0.03597415706098703
FOXD4L3,0.03596559647008637
TKT,0.03596515696112373
BRI3,0.035888257691242806
TRERF1,0.035884147654601975
SEC61B,0.035865491856458646
CDADC1,0.035848296774488274
IL6ST,0.03582771265659038
AMPD1,0.035821118923613615
SOX7,0.035811678693794556
FUT1,0.03578876430569936
SLK,0.035787646154795114
TENM3,0.035786888412187065
EPHX2,0.03575880887845829
MRPL30,0.035752380707697755
FGD3,0.03572569978396784
TAS2R10,0.0357113473652173
ABCC4,0.03570933152733428
TPM1,0.03568309754863065
ASCC1,0.035635512840062465
GPT2,0.03561837555320507
MARCH8,0.03561585628155701
THG1L,0.035602778014957426
MRPL1,0.03558418086976448
GPRIN2,0.03553421624898064
SCIMP,0.03550971329530601
MMAA,0.035444758058633376
BHLHE41,0.03536337704985246
EML6,0.03534864194699201
UNC5B,0.03532949748140202
ARL6IP5,0.035319767529105685
FBXL19,0.03531542956509563
PLK1,0.03529631884465648
SENP1,0.03528923575382435
CLEC16A,0.03526889427846979
RDH5,0.03526353242916624
BAK1,0.035253971924842455
TRPC4,0.03524616815032301
MYOD1,0.0352378333057401
ESPN,0.03518279253411532
SP8,0.035170192252601866
ADARB1,0.035167594693437845
RCE1,0.035156583365433265
LY96,0.03513743543471948
FANCL,0.03504366314577138
CTDNEP1,0.0350379653216144
TXNRD3,0.035014435665117735
DARC,0.0350058470470895
PGC,0.03497040364229219
CEP120,0.034968253797885804
TSR3,0.03493077503833839
HAS1,0.03490706332158877
GID4,0.03488564298856144
KAZALD1,0.03486838719429119
FAM58A,0.03486724949873604
ALPK3,0.03476585340219969
AKT1S1,0.034739434897533415
MAPK8,0.034718695233142964
USHBP1,0.034714868879323776
PTGES,0.03470903176138521
SNRPD2,0.03469939512074042
RELL2,0.03469357123794828
HSPB3,0.034685539297019265
GAREML,0.034679380669412514
ALG3,0.034657370766930644
ENKD1,0.03465442971262467
EGFLAM,0.034644720319119776
POU3F3,0.03460883561972399
CALM1,0.03453691607043101
F11,0.03453375740873074
APOA4,0.034511258202587186
ARMC9,0.03450760520315251
GLS2,0.034501829226406634
LRRC73,0.03448541608902024
FCRL4,0.03446203835510199
NKX2-2,0.03446000777669
NUDT3,0.03443864798498566
COPS6,0.034408945689402635
PKD1L2,0.03438634140932211
THAP9,0.034374809690051404
CD209,0.03435871171696484
BTBD3,0.034358013735350926
DOCK6,0.034325819223477355
CLN8,0.034325752099233234
LTBR,0.03425346889983415
FAM179B,0.03422592881253394
APOD,0.03422444707029677
TXNDC5,0.03419814636649162
SIN3A,0.03418314278450731
E2F6,0.034175524202259285
MVB12B,0.03417364046074087
SH3KBP1,0.034171978145515855
NAGLU,0.03415849472054191
GEMIN2,0.03415210678315802
BRICD5,0.03412300858284535
GIF,0.03406691580790619
RNF43,0.034056335725978916
HOXB2,0.034019326135388175
SGCE,0.03399911052018808
TUBB6,0.033992011088281926
HIST4H4,0.03399099240157497
PCYOX1L,0.03398099200016958
C3orf67,0.03396149632107055
SHCBP1,0.03395924840619955
LRRC25,0.03394335851133097
CECR5,0.03390510982342822
PAQR5,0.03387178745836484
RIPPLY1,0.03386224960022361
CSHL1,0.03385873780285899
CDK1,0.033794408120619006
GLRA1,0.033760867620529385
DIS3,0.033746599559537134
HORMAD1,0.03372636030866037
NPAP1,0.033717368870109614
CORO6,0.033703570191060836
BYSL,0.03366636263469018
NTNG2,0.0336533787427866
C2orf88,0.033647141025832876
PSMA4,0.03364684400720953
SLCO1B3,0.0336067429390177
ZNF783,0.0335618237152343
ATG16L1,0.033552192498375696
NDUFA2,0.033532325246293244
TENC1,0.03352660941824937
ANKRD13A,0.03352252377977487
UTS2,0.0335185864489308
DBT,0.03347986160058001
PLEKHG4B,0.033478760969570906
TOR4A,0.03347841897812262
HAPLN3,0.033474816666406525
RAET1L,0.033472153449149285
SLC18A3,0.03346840861201894
ITIH4,0.03346734013791104
KMT2A,0.03346511598011716
ADAMTS6,0.03343361004153635
MYRIP,0.033407118914367116
CCL3L1,0.03339339815579473
NUPL2,0.0333840052429091
ARMC1,0.033382780916732295
SPAG7,0.033339629076096326
SYCN,0.03331959010643516
GPR20,0.03331106405451422
SEPT14,0.03330803733891435
SMTNL2,0.03330755352495279
NCR3,0.03329824476315093
PLA2G4E,0.033290981700721915
HS3ST3B1,0.033284590660629144
UNC13D,0.033273895154160404
HLA-DOA,0.03326842265972907
OCEL1,0.03325833838036552
ACOT7,0.03323527316867071
PALLD,0.03323346479814248
MMP2,0.03321384515127802
ZNF687,0.03321360737849017
OR10X1,0.03318037989283478
ZBTB44,0.033179478869367805
EPHX4,0.033168761711773735
EYA2,0.03310252681634293
MSL2,0.03310043413486113
ITFG3,0.03309807246039877
FGR,0.03309484407504992
GRHPR,0.03308434614995729
KISS1,0.033072595412609915
C17orf67,0.03306776369018611
SIRT2,0.03306662550052848
GPA33,0.03304092486062782
C1QTNF4,0.03300963853801826
ANKMY1,0.03300070805744147
ENPP7,0.0329972446563832
TNFSF4,0.03296427095192117
SLC9A2,0.032959798848983354
ALKBH5,0.03292655869617994
FADS2,0.03292354354932765
EMC3,0.03288256406049576
PAQR4,0.03287851749251648
HLA-DRA,0.03285302208643238
MEX3C,0.03284779213396258
TUBB3,0.03284186792165198
CHST8,0.03280364335311583
PI4KB,0.03280268366590122
THEMIS,0.032792124181259666
ISL1,0.032778590610087276
ADAT3,0.03275902991222771
AKT2,0.03275144548613297
ECHDC3,0.032711164969367726
TMIGD1,0.0327046097102356
ST14,0.03265345761166929
FIGN,0.03264863489492419
OLFML2A,0.03264284396359193
CNTNAP5,0.032642153145936666
HAPLN4,0.03263412997652101
HRC,0.03262340017631276
AIF1,0.03261130729790933
SGPL1,0.03259748375098465
A4GNT,0.032597354451680424
SP140,0.032586049240114656
NIT2,0.03256812634923824
SLC16A13,0.03256721844440286
TNN,0.032565486439891746
C8orf31,0.03256040237386688
HIST1H4I,0.03254017734155633
CGREF1,0.03253401084812202
ZBTB25,0.03252969686685803
RXFP1,0.03252643786948295
CNR2,0.03248872201792079
HPS6,0.032486286931165044
LHX2,0.03246975789626027
C1GALT1C1,0.03245413376683062
UNC13B,0.03241898421646768
WDR59,0.03237539589499321
UCN,0.03233093520764306
LAMP2,0.032320738164524174
PATE2,0.03231796576292252
ILDR2,0.03231447552155085
GBP4,0.032224344246934565
CLIC5,0.032196178981373905
PRB1,0.03219507640893831
FEM1A,0.03218358349600281
C16orf71,0.03216525443310133
NOL10,0.03214469987252816
PCYT1A,0.03210149862914519
ASL,0.032087480148750895
TCOF1,0.032074061850295515
NXT1,0.0320444127975648
SLC38A2,0.032024394780634194
HIST1H4K,0.032023531432296075
T,0.032012446626921084
RAB11FIP3,0.032007832631869564
TAC4,0.03200644915667934
WDR49,0.03197081993049375
SH2D3C,0.03196708225620306
IFNA2,0.031962292911439295
NDUFA4,0.03193310722032
DUSP2,0.031903639302380236
ZNF142,0.031900821588669206
PDK4,0.03186948972854612
DPT,0.031847523191458435
RTP3,0.03183643633387981
VPS41,0.03182670570045904
HDAC8,0.03181179692106938
CHRDL1,0.03180416387936582
C20orf194,0.03171992604831149
CLDN5,0.03171632419567589
ZNF26,0.031700983520059726
AREG,0.031681475089459045
CELA1,0.03164497562927025
SPZ1,0.031640987649531396
HAGH,0.03162851542214665
CCSER1,0.031606845083322226
ZDHHC22,0.031580078057618435
GGT6,0.03156684779328636
SYPL1,0.031489743250734996
CTH,0.03143232128254252
MAFF,0.0314318714069335
ZNF862,0.03141511457158623
PXN,0.03140295454852831
COL4A4,0.03139283485421856
TCEB3CL2,0.031377804973758416
LYAR,0.03136101208859226
PTPN7,0.031356753930219874
DEFA4,0.03134381815757535
ATP1A4,0.031336705863890514
PSG9,0.03133513874850111
KRT20,0.03132301559184856
GLB1L,0.03127547728294985
SELL,0.03124026700638814
TMEM110,0.03121772034950262
UBE2C,0.031208680340224854
GLE1,0.031196550115130967
NUGGC,0.031195772340323412
SAP18,0.031170144809271154
DCUN1D3,0.031153959179721566
RNF186,0.031151448321676885
TECPR1,0.03114108721559238
DEFB126,0.03106652396547514
PSEN2,0.031006463469878735
FAM19A2,0.030959936031027556
USP8,0.030925928061669602
NETO2,0.030899024570062467
LRRC8C,0.03089874530833508
SRXN1,0.03088508266297011
RNF41,0.03088225503634386
RTF1,0.03088067451596632
HEBP1,0.0308580699161934
CES5A,0.03082471500541758
GRPR,0.03082074771624989
SS18L2,0.030820207675997677
CDC37,0.030803026063559523
GGA2,0.03079647319648314
FKTN,0.030761854966274264
SLC6A12,0.030747195237301888
MPND,0.030742478915325517
EN1,0.03073697633491377
PPID,0.030731571328392316
PTH2,0.030717765955193068
WRNIP1,0.030713257905813758
MYCT1,0.030711711296069897
SEPN1,0.030695640053750414
CDH5,0.0306829036836917
CTAGE1,0.030681329663744643
GNG11,0.030675616819385337
CFDP1,0.030606254269892767
B3GALT1,0.03059964173039098
CBWD3,0.03058713801281202
EAF2,0.030585006431210714
SH3D19,0.03057399337799714
EIF3M,0.030534977090758607
FAAH2,0.03052486596453649
WDYHV1,0.03052414016361547
ARHGAP9,0.030520280567187686
KLC1,0.03050568175436155
SPG7,0.03049725898359622
ZFAND6,0.030486098552623696
TMPRSS11B,0.03048189999721335
NLN,0.030476341520981633
ANKEF1,0.030473829476605777
DCUN1D4,0.03045617743670545
B9D1,0.030445235558064273
CHCHD5,0.03043326591433592
PTPLA,0.03041855912146026
SLC24A3,0.030417320780216615
MYBPC1,0.030404143490802917
CNPPD1,0.030398876976276048
RUFY4,0.030396253512501373
IFT43,0.030370580846849345
SERINC4,0.030361590523891008
SEPHS1,0.030355056806170098
CYP2E1,0.030341408318430005
ITPA,0.030318415536535023
C1orf177,0.030314892819330173
FAM120B,0.030314118141053076
POM121,0.030313408658215857
AP1G2,0.03021487259863235
DLX5,0.03020146191860052
ATP5G2,0.0301111673910665
NOP9,0.03010236791063085
BHLHE23,0.030086233966294354
OVGP1,0.030066726003439924
GLP1R,0.03004847794645056
LRRN2,0.030046427926431023
PEMT,0.030043539607296332
NLGN4Y,0.030027663782068493
MLLT3,0.0299801383383379
HGD,0.02991525829875721
KPNA3,0.029908755257805727
CHRDL2,0.02990869008882512
FAM84A,0.029880761455818226
CD40,0.029870696664105013
GPR61,0.02986511165814656
WT1,0.029858404672651596
DHDH,0.02984753451926642
NEK9,0.029828831567501008
SESN1,0.029805322542979233
ADAMTS14,0.029787342799992803
COMMD3,0.029784387028646643
CD248,0.029772663449485388
HMOX1,0.02976104000485945
CPSF2,0.02975756760695096
NTF3,0.029727398412788025
ICA1,0.02968713620724703
CTCF,0.029672604588031417
RPGRIP1L,0.029664654663500673
ASF1B,0.029656337903790398
SEC24A,0.029624782613595295
SUMO1,0.029608113423764317
ERC1,0.029605911605419224
DUSP23,0.02958358367890773
BLOC1S1,0.02955757880063449
ITGA10,0.02954888227378263
MCF2L,0.029536478307332872
SEMA3F,0.02945774273701535
SERTM1,0.029443210066631063
SMARCAL1,0.02943309738315394
DRAM1,0.029428834885330442
NEFM,0.029410129545499236
OXR1,0.02940058151902937
MEX3D,0.029375106416926065
MMEL1,0.029368481453017504
CAPN8,0.029357454704196432
SFN,0.029352219222903764
PRX,0.029351219979822533
MFAP5,0.02934595317331663
NNMT,0.029325552083879956
NUTM2F,0.029324166494196918
ANKDD1A,0.029291854980527908
FOXR1,0.02926640676634204
CYB561D2,0.02926627387157101
FBXO2,0.029243236183271026
ZBTB39,0.029203737599324753
SLC38A10,0.029187100994214683
VPS35,0.029184067410454966
NOTCH3,0.02917004647021933
EPS8L3,0.029161004720869
RSC1A1,0.029143370305478825
PLCD4,0.02912441224241463
THEM4,0.029116097440257054
DNAJB1,0.029115906511263796
MFAP3,0.029113935247684433
TBC1D9,0.029098042106777258
NOS2,0.02906479415557854
CLN3,0.029064312106813244
MC4R,0.02906332400205301
ZBTB6,0.02904569212325176
RGS10,0.02902357343184965
CDKN2A,0.029002107386928724
SH2D6,0.028993599833613732
PUS7,0.02898143764228887
ALLC,0.028924765204257692
DFNB31,0.02890872002869703
BSX,0.028890179916562477
CSDC2,0.028870508623603887
SIRT4,0.028831466485546832
PPP1R14B,0.028813703995897232
GDF7,0.02879391555332222
FBXW4,0.028782715869026757
RFX6,0.028757030815293322
DUSP11,0.028725765780179435
ISOC2,0.028715801020810755
SNX11,0.028709775897505254
ZNF788,0.028688105305083665
SETD9,0.028684588772349712
MAN2A1,0.028670164835666777
MAN2A2,0.028658716358989318
PHAX,0.02865381529045743
MNDA,0.028620394704051724
COQ3,0.028616998384846905
MLNR,0.028616076511852325
VENTX,0.028613152361242965
RUNX1,0.02858794471860046
DSTN,0.028585638336207073
TFPT,0.028562658551981458
RBBP9,0.028554919633501877
TGFBR2,0.028524952845780018
PKIA,0.02852028184843881
MDP1,0.02848215319175666
TCFL5,0.028440874935884614
NUDT10,0.028406971455113547
C17orf104,0.02839425369747162
SERPINH1,0.028391400502384936
PIK3AP1,0.028379335791814876
MLIP,0.0283698398794731
PHKB,0.028364315444508636
MUC15,0.028363331937189915
LARP1B,0.028349169481597707
OR3A2,0.028337311950761748
GPATCH1,0.028335927173979647
GPATCH2,0.02831577749349883
EFHD2,0.028297648395679227
GBGT1,0.02829007974090047
AHSA2,0.0282862527096357
GH2,0.02827625295224247
ANKRD30B,0.028267496202741098
GRHL2,0.028255183290860516
BPIFC,0.028247399175354543
BTN2A2,0.028238070194321833
POMC,0.02823031643535468
ASCL2,0.02821584510740859
ZBTB16,0.02821302427090969
SERINC5,0.028204779932549804
VSTM4,0.028197152145709562
TRIM15,0.028194370767906096
SCAMP4,0.028192814201120322
ELMOD1,0.0281788032231121
CST2,0.02816357719508062
LGI4,0.02814019456144547
TUBB,0.028136559372824176
CTNNA3,0.02813587968927538
NUDT14,0.02809607200670657
MMP10,0.028087903174805726
APOF,0.028087555700383987
CDC42EP5,0.028007263657287135
LPA,0.027993753884105774
ZMAT3,0.0279901982467649
ESF1,0.027989962598920524
RNF126,0.027945294403675523
QDPR,0.027937325657193084
PLD4,0.027936666912967784
IFITM3,0.027898163871004772
CR1L,0.0278818292664461
CLEC2D,0.027858166933360885
TECRL,0.027856572891651527
ZSCAN29,0.02785554354152128
HLA-A,0.027845767599698968
DDX55,0.02784541543348339
TSC22D4,0.02783899822103898
SLC9A7,0.02778814785913945
PCP2,0.027760026616566208
VCY,0.027747926743064047
SCG3,0.02772739822561364
KHDRBS2,0.02772053142734147
IP6K3,0.02771745862226675
RP9,0.027716611294266804
DRD5,0.02771002576220767
UGT1A1,0.027648129316776456
MRPL4,0.027647223425531647
BIN2,0.027608129347966852
GJD3,0.027607578105468187
HKR1,0.02758753474132104
MFAP3L,0.027587330034097014
EPGN,0.02758498085130268
FGF7,0.027572175991060117
ZNF502,0.027562149193806902
MOGS,0.027548006151660212
ACSL3,0.02751779005023195
MELK,0.027476400583154516
EDARADD,0.027464451297813778
DCBLD1,0.027462189797946332
PCK1,0.027438356050882115
TSHR,0.02741471838153163
CDCA7,0.02740490444001038
GAL3ST3,0.02740037627771803
C20orf27,0.0273728000404525
CFTR,0.027371818007873323
PAK6,0.02736142208195491
NSF,0.027352316521713726
NPRL3,0.027302340919197678
ERCC8,0.027291537681879495
NAA35,0.02726857633903706
TSPO2,0.027260436173619063
LPAR3,0.027254255858478568
GNG5,0.027254240562028333
CDC42SE2,0.027236631836375633
P2RX6,0.027236142334524083
HSPBAP1,0.027221707896747525
IRX5,0.027216920446466772
MAGEA3,0.027216710287328374
GGT1,0.02720620710755248
RPL30,0.0271964264425727
HIATL1,0.02719545817195281
ALG10B,0.02719497831565848
IL9R,0.02719246235832578
CRY1,0.027190132079657117
PHYKPL,0.02718611421847294
PPP1R14A,0.027184402471952446
FDXR,0.02716698961386095
SLC30A10,0.0271665797971595
DPPA2,0.027153981159373244
MRGPRE,0.027122695026725388
ATP6AP1,0.027090444005297632
CERKL,0.027070950739103518
INSIG2,0.027061248008558924
ARL1,0.02705107409268366
HOXD4,0.02704606200279233
LY6D,0.02703796477014209
ADORA2A,0.027032330486214513
FAU,0.027010943594462506
SEPT1,0.026979209756782044
CX3CR1,0.026954820854647586
SLCO5A1,0.02695138401169713
INHBE,0.026944998901905878
NARS2,0.026918450970381404
CC2D1A,0.026918326443994358
ZNF114,0.026915750644538182
FADS6,0.02690714135100205
ERH,0.026897096308183946
KLF2,0.026863419591451405
HSPB11,0.026836521398505567
PBXIP1,0.026834400638075403
NPNT,0.026824093673260014
PLEK,0.026812505569386826
SPRY1,0.026804187458781797
PROB1,0.0267979580549487
SAP25,0.02678922886260772
ADRB2,0.026777306947340266
PFKFB3,0.02675169730623014
OR4A16,0.026750100161969118
C15orf53,0.026741562632055155
LRRC4C,0.026724739669266848
TP53INP2,0.026722073621105867
APOE,0.026695086318584808
EPB41L1,0.026688581347684915
GRM1,0.026678024344866144
PIGO,0.02667182010920188
XYLB,0.026657906863580598
FOXD4L2,0.02665170835118776
BCL7B,0.026650826764652386
SH3GL2,0.02662752245244676
POMGNT2,0.02661896898323283
STAU1,0.026617827042059956
SH2D4A,0.02661517403365281
PRKAB2,0.026614829034409572
EXOSC5,0.02660458953062212
SUN2,0.0266013324337488
ZNF354C,0.026600737454959028
TMEM151A,0.026599488367110777
WDR70,0.02657028027603512
NES,0.02655131006245112
USP49,0.026543403781492902
CDC42,0.026479500898750282
NUPL1,0.0264605841048397
ATM,0.02645369999352037
GGTLC2,0.026444232103651717
FMO1,0.026438183136593962
TRAM1L1,0.02643603087371139
FGF10,0.026421412505125842
CILP,0.026416018334827502
CDHR5,0.026407504289622907
ICA1L,0.026401052379758306
TUBGCP3,0.02639633785828518
STK10,0.0263834328564337
RAB22A,0.02636731070879044
SOX8,0.026362169294709473
PGLYRP3,0.02636144874678898
KCNJ6,0.026354280687032768
MBD3L3,0.026353455709719812
MORC4,0.02635221656534949
EIF2D,0.026347509749275255
PPP2R5E,0.026347134293385806
WFDC2,0.026321079545733865
NDUFAF4,0.02630235471981176
KNDC1,0.026293046313288475
SLURP1,0.026285203620684428
RASD2,0.026266609776066013
GK5,0.026234786849964966
FBXO24,0.0262303678972659
TH,0.026226757673579036
HS6ST2,0.02618867238088622
ACTRT2,0.026184867014336786
IFNA16,0.026183549409929882
MESP1,0.026158966589036266
FOXRED1,0.026119763196012755
RPH3A,0.02609730332418208
RNMTL1,0.0260948836449151
MTFR1,0.026093312782137782
HHLA2,0.02607904685258662
OSBPL10,0.026065012191893642
GFRAL,0.026047292982497694
PHLDA3,0.026042250260846552
CBR3,0.026033457066936824
IL22,0.026015000405213377
TBCA,0.02601499999907589
ASPHD2,0.02600961878179449
NLRP4,0.02600407665891662
C5orf22,0.02599825103734348
HAO2,0.025995160071205246
CTSD,0.02599198354423776
ATF4,0.025990963762151483
CHEK1,0.02597465383121789
MON1A,0.025971167554048595
AHRR,0.02596873370740596
ADAM2,0.025966557604598414
SLC22A1,0.025933014327239844
PRDM5,0.02587889039892008
SNAP23,0.02586207186981232
FZD6,0.025853334146520343
CAMK1G,0.025851933760872674
NDUFA1,0.025836605397190595
CMTM3,0.025831560389821182
DMP1,0.02581489609198284
IL17RC,0.025791705414633104
TMEM165,0.025787015456027306
THAP8,0.025774308820223548
APEX1,0.025758896906789
PXDC1,0.02575740228147401
H1F0,0.02575673187392986
IL23A,0.025749579049935543
MOG,0.02574679303450356
ZNF623,0.025740628471907848
AMBP,0.025723142042094665
B3GALT6,0.025676213680647667
NIPA2,0.02567251327897528
DHRS2,0.025671781878277126
ARL2,0.025670359397593576
TMTC4,0.02565413062814367
KAT7,0.02564949129508172
CYP19A1,0.025648803630580783
TTC1,0.02564330463441701
TRA2A,0.025617079712530265
TEKT3,0.025600982953280862
FOXJ2,0.025523224075225635
LDB3,0.025523056733029036
FAM129A,0.025507515465505066
RANBP1,0.025477680272368946
ZNF407,0.025474223637008277
ADAMTS18,0.025472724937119412
POLR3GL,0.02544894294159219
FAM46D,0.02541693841416574
TRPM5,0.025414615059917663
RXFP4,0.025398304147092463
CASQ2,0.02539273128409122
ARPP19,0.02535685871240326
MYO1H,0.025332971294070205
LMO2,0.025331255880552957
CLHC1,0.025315625423339226
MAP2K3,0.025239644288875387
COQ5,0.025238932485409354
CRTAM,0.025225658582718646
MARC2,0.025208164242204734
GLUD2,0.025207906172937215
ATP5O,0.025202506377584435
STMN1,0.02518665240624351
CRYAB,0.02518569470661816
CCL21,0.025178453645872644
HIST1H2AG,0.025164804918443202
CCNA2,0.025152115609296307
NOD2,0.02514650550304845
AARD,0.02514307441568653
CLNS1A,0.025130447003384848
CKAP2L,0.025117754740973317
MICB,0.025081149636188703
ULBP2,0.025075264686620222
DCTN6,0.025073436349411136
SULT1A3,0.025052616279638947
CIDEB,0.0250494514449576
FADD,0.025041590293222702
SIM2,0.02503838215462505
CHEK2,0.02503661613588737
LIX1,0.025034871118557553
LARP4,0.02501010327698023
MAFG,0.025001417413710817
DHRS12,0.02497774083807315
ASB5,0.0249648074624502
MAGEC1,0.024962936664616596
SIX2,0.024962164695551316
HIGD1B,0.024955197753809187
NKD2,0.024952889594120335
PTCH2,0.024941099514531714
LECT1,0.024937803487475964
SMYD4,0.024914799966181404
TPST1,0.024880508949651062
PPP2R4,0.02486208332571013
C19orf57,0.024856407722039033
IFT122,0.02484410831776468
PDZD3,0.024773830991798064
RASGRP4,0.024769551544066237
VASN,0.02473266465032037
STYX,0.0246990409917372
TSEN34,0.02469077857331295
ARHGAP39,0.024669985844931998
UGT3A1,0.024638619650197695
SMR3A,0.024634296987245764
ETNPPL,0.024626849812925792
LMLN,0.024623573042761325
ADH6,0.024617103981339657
THUMPD3,0.024603873672495436
B4GALT4,0.024582985921096326
SNAPC4,0.02456983664160714
NR5A2,0.024562622666977892
TXNRD3NB,0.024553492272679833
TMEM132D,0.024510575972399737
R3HCC1,0.024497423727056294
HSD17B14,0.02448778868777859
SH3BP4,0.024468201821336983
ACPT,0.024441466606618348
LEPREL2,0.024438452137409954
ACAD11,0.024432546301730078
ANGEL1,0.02443206686188137
RPL23A,0.024390532584395937
HAS3,0.02438366184032747
C19orf55,0.02435470950379143
WASL,0.02432488232667796
SPAG1,0.024309079890057133
ADAMTS16,0.024308842864701787
PUSL1,0.024299363953555426
SP1,0.024259340307869342
SLC52A2,0.02424900986869482
PADI2,0.024246251856859316
SFRP4,0.02423861626477551
IL26,0.02423321787015014
MEAF6,0.02422925489887076
SEMA3G,0.024201978394363336
SGPP2,0.024200755908187318
GAS2,0.0241976445070867
WNT16,0.02419441232161598
CCDC88C,0.02417640672343905
ADPRH,0.02417590745360216
CLU,0.024171281582516937
NOLC1,0.02416144211013241
C1orf85,0.024154888908479027
RAB37,0.02414404254517732
BORA,0.024139269710181033
MSX1,0.024135687742010147
SPATA5L1,0.024132161974208456
MGAT3,0.02412751146033622
CBWD1,0.024116410892203118
TAS2R40,0.02411292411350301
HSDL2,0.02406275069927635
PNP,0.024036547603349244
TLR9,0.02400574174139255
DCST1,0.024000066143856066
OSBPL1A,0.023997414310468073
MRPL28,0.02399659539765133
MAP4K1,0.023996217909638656
NXPE1,0.02399599886306178
PCOLCE2,0.023993378852024932
ULK4,0.023984195568221383
HACE1,0.023966297911684697
CACHD1,0.023963973341615877
CNEP1R1,0.02395282709609086
SPIN3,0.023937963387932134
TDRD12,0.02393668989217373
ROGDI,0.02393216519700306
TXNDC17,0.023879186956453996
SLITRK2,0.02387176521314899
CAPG,0.02387175886062809
LRIT2,0.023857718083866872
POLR3C,0.02384389702355074
INSL5,0.023842105551783264
AMER2,0.023824008082835562
KLK7,0.023823138924768072
L2HGDH,0.02379078971180229
NFE2,0.023779770436452807
BOD1,0.023762707657787232
REXO2,0.023758514086949886
GCHFR,0.02374931574919342
PRRG3,0.023740787911819442
CCDC136,0.02372414806048979
MARK2,0.023719848216423284
ADK,0.023702892823072436
PRDX2,0.02368104917052811
RBP2,0.023675829010946007
RGS12,0.023662292375183636
WBP1L,0.02364352704917785
C2orf47,0.023628921944831443
PMM1,0.023628159612906513
MAPK9,0.023596141940489524
SIMC1,0.023589133823546646
NXPE2,0.02358755185517252
CPOX,0.023577201656149512
GPR88,0.023565985475824627
ZNF28,0.023562842858282338
UBE2E2,0.023561404734716875
WDR88,0.02355603146634051
NR1H4,0.023555627066298674
MSH4,0.02355064883912043
RELT,0.023542993194507342
NTRK1,0.023539499499164153
IFNAR1,0.023531175130320707
MRPL50,0.02350693171762568
RBM28,0.02349570607040227
OVOL2,0.02349567761466118
EIF3G,0.023493183104472737
POU2F2,0.023492610042096084
SLC6A6,0.02347597167529031
EIF4E3,0.02347297555167089
CTRB1,0.023461970117165214
NEK3,0.02345339154548287
IGSF21,0.023443859993062654
FOXC1,0.02342156858434986
CHMP6,0.02341027414005081
SLC2A13,0.023405412957860805
C6orf47,0.02340270381634892
C1orf106,0.023363747028609893
MYO1C,0.02334967720082995
HS2ST1,0.023336625623836375
ABCA8,0.023328948409217284
ERAP2,0.023315212275390792
NADSYN1,0.023308584808930097
SLC1A2,0.023289503388944782
HPGD,0.023278581787739047
DEPDC1B,0.02327148402636725
C3orf52,0.02324466640163815
KIAA1407,0.0232391502128727
CYB5A,0.023208441865272843
LIG1,0.023161303687174967
CDH24,0.023155060028445848
HEXA,0.023107264303350635
TXK,0.023104005244189877
ZNF594,0.023091202103205196
DNAJC27,0.023085976514027964
ABCB10,0.023067467613198625
LRRN1,0.02305394406376839
C14orf105,0.02304037069335976
PNMAL1,0.02303456185009611
SLC35B2,0.02302442503469734
HMGN4,0.022992958725123226
CCNO,0.02299231237994254
H2AFJ,0.022974420826203396
FGD2,0.022973947419604762
C9orf139,0.02297242836598304
PAOX,0.022954541043307554
NPL,0.02294974200216821
UGT1A8,0.022948103387915787
ERMN,0.02293306994672593
OR5B2,0.02290276465140235
FOXD4L6,0.022890248136019885
TXNDC15,0.02288711726023175
IMPG2,0.022876868004093116
RDH8,0.022873707026527728
RAB33B,0.02285523217804434
ATXN7L2,0.022852046835591427
ERVFRD-1,0.022851171713549924
NMB,0.022798464112674777
MS4A13,0.02278572914549227
SWI5,0.022784856773601685
MRPS35,0.022783482369246898
SERPINB1,0.022778953738113936
ATXN7L1,0.02277724528177077
COL15A1,0.02276869375620684
DNAJB4,0.022748352496431305
SRY,0.022744194713874292
TMEM176A,0.022740629966321493
SCAP,0.022735738992982948
SLC1A1,0.02271761069973915
SGMS2,0.022714215292946482
FGF23,0.022713938195728034
GFOD2,0.02270111208067819
SMYD3,0.02267568360865453
UBASH3A,0.022661101569523452
OR6C74,0.02264904934315628
PPP1R27,0.02263979404459045
SYF2,0.022612466681374486
GLYAT,0.022601411546979713
PLEKHG5,0.022589016070884264
GXYLT1,0.022574621111976514
SLC7A8,0.022573027929460695
LEMD2,0.02256215267666779
CMKLR1,0.02255154007453542
TGOLN2,0.022549538804465877
NCBP2,0.02254412347936059
DUX4,0.022541521534064548
SLC2A14,0.02253486306092608
ZSWIM3,0.0224790275944148
NEDD9,0.022456958629971616
DSC3,0.022430418677758784
RPN2,0.02238597249382781
FBXO44,0.022381459707644408
NCAPH,0.022364545184097362
GPR21,0.022356832448934726
SOD1,0.022349335809222572
CHRM5,0.022343613847597827
SLC35E2B,0.022332774213908405
INSRR,0.022307639591081625
AP5Z1,0.022306471844973263
PACRGL,0.022305575184977958
KIN,0.022303299259351622
USP9Y,0.022263053812987526
CDX2,0.02224814746506958
RGS19,0.022243972903189028
LAPTM4A,0.02222227874797238
MCUR1,0.02221185615848991
CGB5,0.0221896052509308
NDP,0.02218946953870708
RANGRF,0.022144059982663323
HSPA12A,0.022137298044273113
WIPI2,0.022134686918902878
S1PR4,0.022108985809372185
PYCR1,0.022091348268986403
KCNE2,0.022059637375769662
LPL,0.022056852318687013
AMOT,0.0220433748736701
WFDC3,0.02201527802854484
HIGD1A,0.0220032879322987
ARNTL2,0.021988552871065867
THAP4,0.021988169256490928
TAS2R16,0.021970863727518095
RFX8,0.021970506760153864
MROH2A,0.02197040711291202
NR4A2,0.021964826120114935
TTLL3,0.021913096024121892
ELOF1,0.02190971711305707
NELL1,0.021889840719584056
ATXN1,0.021886661967070273
SF3A2,0.02188617896958076
GPR171,0.021878123700747494
SCARB2,0.021859437670507742
AADACL3,0.021859292104469547
PIN1,0.021858189301071102
TRO,0.02185809652295411
ARL11,0.021848806566089098
EI24,0.02184198283834032
GLTSCR2,0.021821108252793715
LOC100996750,0.021818870094179887
TRIML2,0.021802714566291195
KCTD19,0.021770995548455324
CHP1,0.021743427609322966
NDUFS4,0.02174003148830234
SEC24B,0.021739817762911295
COQ10A,0.02170629049003603
ITIH3,0.02167957362392893
ASCC3,0.021671076513571797
FABP9,0.021665253732650904
IGFN1,0.021652454746933933
TAS1R3,0.02163647905276843
CASS4,0.021631378305326437
COIL,0.021620249578281292
SPATA31A2,0.0216071637113442
UPK3BL,0.021603736108451965
INSM1,0.021602917373443754
UQCRH,0.02160272036470489
ALDH3A2,0.021602554327871656
NPB,0.021601760214038434
CENPBD1,0.02159718610705019
HOOK1,0.021593855963921868
SBDS,0.021583842678924086
XG,0.02157123275316815
TNFRSF8,0.02156352817384702
PHTF1,0.02155830903948474
ANKRD46,0.02155444610505735
TNPO2,0.02155269664075708
TAL2,0.021474768013687518
SCN1B,0.021465171263964994
ECD,0.021461611623505378
PDCD1,0.02144003368881717
PMP22,0.021434422816458323
YIF1B,0.02142919102071051
IL32,0.02142739793257189
SLC35G1,0.021422960919625363
HSPB8,0.02141804991659307
POLR3K,0.021383714523817033
TAF2,0.02138017002008061
SGK2,0.02135713892768322
KPNA2,0.02134689143230829
TPT1,0.021346319819365182
FCGR3B,0.021340947047029282
MOBP,0.021335012939006325
CNDP1,0.021332818239043268
RPS6KA1,0.021332418877718196
SPRED3,0.021318598860428816
TBL2,0.021293882110257085
LRRK1,0.02128651337042393
NXF2,0.021285111391514813
SFRP2,0.021279038966700244
KLHDC10,0.02127433858989554
MPV17L,0.021255981991567155
SSH3,0.02124034769669674
GJB4,0.021233694339892323
SCG5,0.021219067227183374
ZNF574,0.02119928151441152
CAPN14,0.021196939988720947
ROBO3,0.021192394676362816
CNOT2,0.021192030324154936
ISX,0.02117517370764775
DCAF13,0.02117516662286364
SPCS3,0.021146281072069183
CSRP1,0.02114567036457054
GJA4,0.02114159753358628
ZNF182,0.02112393087891791
GNPTG,0.0211237310257412
ZNF541,0.021115840045194886
HLCS,0.021111706552293396
PALMD,0.021085660972244867
PDLIM1,0.021077494320519558
BMP15,0.021071461759134644
C3orf33,0.021063326791441735
ITGA2B,0.021057723794403606
CLNK,0.02103876330611709
FSCB,0.02103678355515364
CPXM2,0.021033755215284267
BBS2,0.02103309038075977
SLC3A2,0.02098958983465859
CISD2,0.02098945662061566
ODC1,0.020987717109187894
ZNF449,0.02098133520390512
HLA-DPA1,0.02096312209440246
PLEKHA3,0.020960693601647002
CSNK1D,0.020956647255473575
DEPTOR,0.020950236005228582
NFYA,0.02094339048192092
RTCB,0.020938451161395637
HTR1D,0.02092020143931861
RNF166,0.020897821924100963
DDTL,0.02088386163099544
FBXL2,0.02087387032688919
TIAM2,0.02086053506314182
ZBTB20,0.020858596015597197
OGN,0.0208543131294522
AP3S1,0.02085101438391128
HRH1,0.020850464134055405
PTGS1,0.02084845217680622
MID1IP1,0.020822302677926473
HTR3C,0.020814986121802288
EIF4H,0.020807078757544246
HIP1,0.020801101947396202
GSX1,0.02079936149971665
ETV5,0.020793862557358864
ATP6V0A4,0.02078256713069846
RPL3L,0.02077268848117846
LIN7B,0.020757565795687168
TCP10L,0.020754469751234562
TRPV5,0.020748078972511824
GNAQ,0.020736211965582393
LY6G6C,0.020724897818412472
MKI67,0.02071730097989717
WDR74,0.02070165243324995
NAT1,0.020694736793334778
SRBD1,0.020687106169764016
RBBP8NL,0.020685194146729483
NEU4,0.02068061973553192
MFSD2A,0.020680244657668934
CYB5R3,0.020670259860654617
MARCH3,0.020664881387031722
FERD3L,0.02066415218126641
ENPP5,0.020662662742796392
WDR19,0.020647167171026447
NDFIP2,0.020628128640305613
CENPO,0.02062805043430323
ADGB,0.020624345863633965
PPM1B,0.020600053865832153
APPL2,0.020586209619652858
MAGIX,0.02057983132545677
HGFAC,0.02057461647169727
RBM26,0.020572397074334888
GARS,0.0205712134960796
FSIP1,0.020564260647378544
AGMAT,0.020549578488765395
DES,0.02054846492275821
TCHHL1,0.020537573848297064
PLEK2,0.02053702817160162
TTPAL,0.020514448683325776
PPFIBP1,0.02051431232772196
DEFB128,0.020480201550705776
ZNF133,0.02047814348398238
CHRNA6,0.020476344799001157
STAM2,0.0204595515072835
PEA15,0.02045750261629394
FAM9B,0.020455400184975242
NAT10,0.020436942140647604
NMUR2,0.02042530074869067
ROPN1L,0.020424153201278793
FUT11,0.02042085644855225
CPXM1,0.02042074028354964
ANXA4,0.02042026233355397
IL4R,0.020417241718991147
CLEC4A,0.020416000096793067
ICAM2,0.020407761544998307
BAG2,0.020407624119975994
CXorf58,0.02039184859877247
WFDC5,0.020377243772787632
SLC38A9,0.020347344137132267
ADRB1,0.020342043328491682
SMIM4,0.020335661135598176
ASMT,0.020331900590332602
TCTE3,0.020328966321268647
AMY1A,0.020298448819481358
IRX3,0.0202973970749707
IFNAR2,0.020291885014330005
TLX2,0.020276809803163307
CRYM,0.020276398583730194
WDR13,0.020272012099072232
RBM6,0.02026930532265073
SYNGR4,0.020265769985732693
PNOC,0.020263946552008173
MZB1,0.02026291174100171
OSBPL9,0.020262833050488805
SERPINB6,0.020252979208137015
ESYT1,0.020248625839171735
SLC16A1,0.02024154961277652
DMGDH,0.020228943542196887
TRIP4,0.020226925157490222
FMN1,0.02022507140922027
CEP170,0.02022303958316253
GATA6,0.0202053583019084
RHOD,0.020178202019290874
HAUS1,0.020162332833587777
AQP1,0.02013785962909325
SRP19,0.02012945829095954
CFHR4,0.020120714161065208
BHLHB9,0.020119769705539654
SLC44A1,0.020118739932285055
DHX32,0.020113693109040445
COLQ,0.020101398101357994
DCUN1D5,0.020099399244469292
GALNT2,0.02009253542215624
ACTR3,0.020088717059351422
HOXB1,0.02008790894222213
SELV,0.020072922957371363
ZNF805,0.020066995022957033
TUBA3E,0.020056341667839796
MDS2,0.02005084260950474
DEFB107A,0.020050594883316345
MAB21L1,0.020047859654426715
OGFRL1,0.02003533890895798
MFSD9,0.02002794890347004
GINS4,0.020018990275180035
MTIF2,0.020014744283065874
FAM222A,0.020010748955463967
WDR35,0.020009143862068524
DNAJC22,0.020007472766159558
HARS2,0.019998981860757235
IL17REL,0.019987141734434145
ZNF93,0.019983430637098083
NDST2,0.019970251633756347
ST6GALNAC6,0.01996445237584092
ZCCHC13,0.01995711902337171
TLR6,0.019941704587815336
RRN3,0.019910163099114926
MAGEA12,0.019909929707554265
ZFAT,0.01989270604234075
ADAMTS20,0.019885316855127406
FAIM3,0.019877645611911254
CCDC9,0.019866975409861796
ZNF385A,0.019858906308039166
F7,0.01985836454551576
DMRTA2,0.019852068465859764
ZYG11A,0.019850252509958206
CLDN24,0.01984289519582932
IL6R,0.019842628652635762
POLR2H,0.019833222650943536
TLCD2,0.019832460325301417
RPL24,0.019831033750428766
VPREB1,0.019827237754209647
ZWINT,0.019813909346748246
ARL4A,0.019812392982198303
KMO,0.019801191830678692
WDR60,0.0197922067871087
NME5,0.019771290904094005
ARID5A,0.019769115959337138
BFAR,0.019768616036418808
RIBC1,0.01975970823753289
SERHL2,0.01973234189007529
FANCD2,0.019726252355517455
STARD4,0.019689216876815425
ALG5,0.019685903744243533
ERAP1,0.01966989601171383
MYNN,0.019661476757679795
LPP,0.01965901755369754
SIRPG,0.01965387425407071
MIF,0.019649327859993026
MFSD2B,0.019638548295302708
GAPT,0.019637810131906738
NPIPA3,0.01963543358742864
SAA4,0.019634663881098233
NCMAP,0.01962039280795602
SLC7A6OS,0.019613348670026422
KLHL42,0.019607578297032892
BMP1,0.01960453250444035
ABCD1,0.019601215223984735
B4GALT7,0.01959074814110685
MTX1,0.019586134937590653
TOR1B,0.019571858073538013
BLOC1S2,0.019566669555911385
AMELX,0.01956092287035447
CRISP2,0.019551508744422436
ST3GAL6,0.019549626999623697
FADS3,0.019540146851327794
KLHL25,0.01953075178453619
LIG4,0.019528622152554825
HTN3,0.01952831509631366
BARHL2,0.019517490295886272
LTA,0.01949381215975537
ZNF709,0.01948555059922453
GNRH1,0.01946241866860621
UCN2,0.019451734818020105
RAB39B,0.019437901915855066
RTN3,0.019405918448723518
TCL1A,0.01939552460043083
GPC1,0.019394870238638524
SH3RF2,0.019389692005860857
PIAS2,0.019380877356317515
TRPC6,0.019380412902808838
H2AFB2,0.0193639718438897
TMEM178A,0.019354465725433524
SLC6A2,0.01931641959395626
AP4E1,0.01931626210031621
NID2,0.019313531751199906
INCA1,0.01930217443998538
OCM,0.019301563687988816
PRKAR2B,0.019290822445247796
CLDN16,0.01927425222098794
SLCO1B7,0.019262488915997293
CES2,0.019261593737063615
SPCS1,0.01923474951728158
LAYN,0.019216718161234114
FAM47A,0.019214486954847426
AADACL4,0.01920576156802025
DNAJB2,0.01919963156696894
RASSF6,0.019190003432246437
ANKRD49,0.019188976237441552
METTL8,0.019187459798048166
GLT8D2,0.019178915564875595
TCL1B,0.01917551113959101
LRRC55,0.0191433525794967
NKPD1,0.01913469043422737
ZBTB47,0.019132355473859414
NUDC,0.019129492553787025
TEX40,0.019111745708297805
C20orf196,0.01909844656883073
MYBPHL,0.019095919910490967
ARHGAP10,0.019088647293203562
ZNF513,0.019073331931304963
KCNK15,0.019068864370763237
FAM13B,0.019058708805992988
CPM,0.01904818434703216
GOLT1B,0.019033751973514645
ZNF536,0.01903060855592373
CABLES2,0.019027985774180023
SETD1B,0.019022606890568394
APOH,0.019018278479698194
ATOH7,0.019002194179516676
ROBO4,0.018993982462265035
CATSPERD,0.018989598270819103
RPS6KC1,0.018980885685437435
RIPPLY3,0.01895349848443637
C4orf46,0.018938428048085886
ZNF557,0.01893208441504936
C16orf45,0.018929503874326264
ZNF154,0.018928164960511657
IFNLR1,0.01892553452767881
NAA11,0.01891494493559651
CIB4,0.018901629123222484
ACSS3,0.018879510910793977
STX18,0.018878712993325567
SERPINA3,0.018853579333880138
PLA2G2A,0.018846751934769635
DUSP6,0.018824805618329055
SEL1L2,0.01882409811005309
PPAP2C,0.0188168555295185
RASA2,0.01878078046613393
CYP4F12,0.018772916608318497
HTR1B,0.01875928830323631
SLC41A2,0.01875299380628111
ZSWIM7,0.018749512379011974
RPL18,0.018745275257575553
IFNL1,0.018733343416722562
EPOR,0.01870698110310859
PIGM,0.018705501576977937
KXD1,0.018655650849815644
INHBC,0.018639141473533866
C1orf192,0.018629227957795275
NEDD8,0.018618082688450915
DCBLD2,0.018612554148929483
TTC8,0.018599704877696497
PRR14,0.018592345932141163
NAA20,0.018588892875688504
DDHD1,0.01857219160412422
SLC5A11,0.01856983207384816
C11orf53,0.018549455803640227
NKX2-1,0.018540443554701223
PLEKHS1,0.018536451567625734
TRIM54,0.018533715455930334
PRRG2,0.01853354171669702
ATPAF2,0.018529497975687575
KIAA0586,0.018525933586083107
AVPR1A,0.01851846975764937
DIP2A,0.01851032867940032
ZNF583,0.01850190625957829
LRIT3,0.018499343230494115
OR1Q1,0.018493851013345268
NCR1,0.018491081293839702
C12orf43,0.018468660909135376
NCK1,0.018444680659438436
KCNJ13,0.01844451150788454
PLEKHN1,0.018441149423051265
SLC6A5,0.018435035210734228
DZIP1,0.018434199128936627
ZBED5,0.018431673866376577
ASCL1,0.01842661606852771
SERPINB12,0.018426288037177642
RMDN2,0.01842119428803432
TNFAIP8L2,0.018404451203847965
MAPK7,0.01840053763021909
NKIRAS1,0.018396134330234015
DFNB59,0.01838880176287784
TUBGCP2,0.018387666570036664
LEKR1,0.0183629328951173
MFF,0.018334454332260094
KCTD6,0.018316511277357884
NOTCH4,0.018313361865508967
IBSP,0.018308777860692876
LIPK,0.018300118188225127
FAM9C,0.018297553662648083
GADD45GIP1,0.01829548442595239
TP53I13,0.018208381299369133
SMR3B,0.01819523562840106
TNFRSF13C,0.01818277409529243
SNX4,0.018150731893801522
FOXL2,0.018144821315228304
GALNT13,0.01814189208092556
ZSCAN9,0.018140417782935386
LYG2,0.018124514777374364
TAP1,0.01811392044362823
DUSP3,0.018096310518989692
SYNPO2,0.018094115240027013
DDX60L,0.01807182469711449
ZBTB8OS,0.018066162927135202
SOCS2,0.018063709829458572
LYPD1,0.018054793499019662
SOX14,0.018053648111099985
ENOSF1,0.018048571971941565
C9orf131,0.01798445513114079
CAMLG,0.01796843748080826
STK35,0.01796620663420097
N6AMT1,0.017965318146548604
DIRAS3,0.017964263641356542
PUS1,0.017962124212557076
RBM5,0.017955190664974828
APOL1,0.017940158343500403
COMMD8,0.01793812864345257
NENF,0.017928932840046843
ENAM,0.017928269128235922
PDSS2,0.017926673712884207
JMJD7-PLA2G4B,0.017918034968145886
LOC81691,0.01791150913935638
KNG1,0.01790091587821825
RUNX3,0.017899485162262266
MTUS1,0.017898638948589694
FAM49B,0.01789737487537581
PALM2,0.017893498498260503
TEX37,0.017888264023686755
CECR1,0.017882753415751965
TERF2IP,0.017882057916182154
TNFRSF9,0.017880572545300063
DVL2,0.01787932440507971
CPNE9,0.01787669826293713
MAPK15,0.0178737768744621
TBC1D13,0.017858654662555404
SP100,0.017852246644775964
KRTAP4-12,0.01781767870099416
ACAD9,0.01781455727304975
VAV3,0.017813107086297526
STIM2,0.017810171205376292
ZBTB8B,0.017792020425987994
APOL4,0.017788705512822155
ATAD3A,0.017779002187389134
DYRK4,0.017770189637048437
MLF1,0.017768290982631673
RASGRP3,0.017757043257596222
RAP1A,0.017737432130352355
KIAA1033,0.017736638404371147
E2F7,0.0177322090806788
NEK8,0.01772296471476706
TEAD1,0.017721582047252982
SDR39U1,0.017718352821961648
SLC22A5,0.017716746672500283
WBP1,0.017713187129989958
EFTUD1,0.01768984409002103
GPRC5B,0.017687992170297956
WNT8A,0.01767910068644479
ATAT1,0.017661324826941487
PDE4DIP,0.017653023501901004
HRASLS,0.01763677390259791
CEACAM5,0.017632564869679263
OLIG3,0.017613201620119787
EPN2,0.017601369292435616
CGB7,0.01759917869222303
WDR55,0.01759201105590106
ZFR2,0.017581811287127637
DDX20,0.017573491052256845
CDK6,0.017557470617951064
C6orf10,0.01755610828849239
WASF1,0.017546076278184525
EBI3,0.01752031345368038
NUP37,0.017505374615095198
MFSD5,0.017504090206576374
OSBP2,0.01749681028258975
MKNK2,0.01747613688119665
METTL14,0.017468645802297775
MYCL,0.017466356273341827
LIAS,0.01746339250711317
C16orf70,0.017460283000901248
WFDC6,0.017456459805054506
ERLIN2,0.017448618132816326
EIF5,0.017444106586479134
STEAP1B,0.01743055459434724
CIAO1,0.01742997737620759
XIRP1,0.01742744436013321
LRRC16A,0.01742738212505089
TAT,0.01741786467935317
POLR1E,0.01741430652957569
CNTROB,0.017410087023950978
LMOD3,0.017406956170972605
CARD9,0.017381819560709326
ZCWPW1,0.017380811566230035
FAM179A,0.017377319313631245
TBPL2,0.017362954496002087
IMP4,0.017346902267851436
GALNT12,0.01734450478598634
LRRC8D,0.01732335221954957
CLEC14A,0.017321255081870834
CCDC108,0.01731634845520435
FAM81B,0.01730872383156766
ATXN1L,0.017297217711703818
NSMF,0.0172951672124949
ZNF23,0.01728920240249614
TRAIP,0.017264995973643487
KANK3,0.01726029875561571
BTNL9,0.017247430524589078
APOC3,0.017245687429106926
KREMEN1,0.017244144267393232
WBP2,0.017234566397915103
SLC16A11,0.017229730036205343
ZFP28,0.017224514336837995
ANXA2,0.017218345818745772
MFSD1,0.017209531546716346
EPHA10,0.01720118366303365
ANO7,0.01717971778860959
GPR45,0.017178795417831037
CAB39,0.017161090911144518
NDUFAF2,0.01715572801467916
SLC1A5,0.017154452009706844
ZNF398,0.01714730487479361
FAM98B,0.017131307773619604
GBAS,0.01712880479991631
BTBD6,0.017123923035507714
CRELD2,0.017111896264160417
MC3R,0.017108667423717284
CST9,0.017089695911674863
KCNG3,0.017076167508361398
CEP152,0.0170754151931429
SPOCD1,0.01706883948657907
FABP7,0.01706311830764831
PHLPP2,0.017047547280101466
ZCWPW2,0.01703230838355757
MASTL,0.01701668921654421
RBM3,0.01700314694717319
IL1R1,0.016996235720795765
NYAP1,0.0169934024777763
SNX22,0.01699277164155026
NDUFV1,0.01697325166513539
ALX1,0.016950944466041822
KRT80,0.01695035905018292
SLC16A8,0.01694999610241349
APBA3,0.016946206541057517
STX2,0.016946081060822866
NEU3,0.016927962450359824
UCHL1,0.016915513824590205
HSPB7,0.01685976293709812
ADAM30,0.016858113358999786
C1orf51,0.016854599908436484
TRIM47,0.016853881039869584
TAS1R2,0.01682886630277993
PLSCR1,0.0168247186664273
VSTM2B,0.01682063755686279
C5orf46,0.016814783337788523
LIN28B,0.016790313286402632
CCT8,0.016790165261891324
SCN11A,0.016779130652811423
FAM83B,0.01677706763289457
ARG2,0.016774231022876077
PSMA8,0.016744090987230474
CYP2F1,0.016731232029444106
SCRG1,0.016725824574363866
ZNF646,0.01671232333869657
THBS2,0.016700290949604044
PLGRKT,0.016678040862471148
RPF2,0.016669595851894665
FAM122B,0.016664923674777087
PCED1A,0.016655213763118563
HPDL,0.016642816998152322
CATSPERB,0.016630016688583712
CSF2RA,0.016626021775468437
LARS,0.016615082190319534
THRSP,0.01661131451199538
RETNLB,0.016610443962118915
LRRD1,0.016609260838802997
MRPS26,0.016608942406236473
BTBD17,0.016606805860606415
RASA3,0.016602472825041792
MEP1B,0.01660005518206725
TPPP,0.016593905908722586
CD84,0.01659123705006733
TNIP2,0.016583412278713818
CETN2,0.016564466275006094
FZD10,0.016558010944654485
CDC42EP4,0.01655064810649435
GCFC2,0.016544976586108574
CD83,0.016543169478497585
SLC25A2,0.0165415334992655
CRYBG3,0.016537110617595198
PGM3,0.016530138779771636
PRELP,0.016518643799948607
GALNT9,0.016510917059547187
MTMR14,0.01649930862236634
SAMD9L,0.01649672238426463
IBA57,0.016494086430674508
C5orf50,0.016490070626085245
RGS18,0.016489250563336524
KCNN4,0.016485282270397503
AATF,0.016483260826631426
CDIP1,0.016482832476970855
B9D2,0.016470935913274674
THNSL2,0.016467404540506537
CPB1,0.016465354173771072
PCDHB8,0.01645785247360121
FAM127A,0.016424892568141634
FKBP10,0.016423051038683485
VEGFB,0.01641738557616176
UIMC1,0.016417347854366913
CCDC6,0.016415223411355317
NLRP10,0.01641506261324063
KRI1,0.016409929402367397
FER,0.01639171968151259
ATXN3,0.01638943726853146
BANF1,0.016389188283326427
B4GALT1,0.016376715689980625
GALNTL6,0.016371542516325763
ZNF521,0.01636767501187741
SPIRE1,0.016361309519773787
LPPR3,0.016361127180413524
ZSWIM5,0.016352599830924817
COMMD4,0.016347002390616906
OTUD1,0.016343123291481576
PPP1R17,0.016340245049538793
PLGLB1,0.016334975319165067
FCER1G,0.01633026737091406
B3GALT5,0.016299410321973618
DNAAF3,0.01628645787296458
EFHB,0.016286253410254532
SGCD,0.016276676000390525
SRGAP2,0.016267868414869244
STARD13,0.016245968407482603
KRT77,0.01624036117301594
TMA16,0.01623840947746784
ADAMTS3,0.01622991699543954
ZNF747,0.016226894877253675
TPTE,0.016222973689843403
USP6,0.016213502766983367
TM4SF4,0.0162055305719085
PLAG1,0.01619591360113826
CCNI,0.016162567873988412
SCN4A,0.01615223168610963
KCNIP1,0.016135333045489145
ESCO2,0.016135091469076553
PRICKLE4,0.01610583624697818
MCM3,0.01609516144151884
PGAP1,0.016070876181617563
PRPF6,0.0160618013220009
HP,0.016057466954903215
BMPER,0.016056770703793646
DSCR8,0.016056527142246268
C8B,0.016052396812513848
RBFOX3,0.01605060565322307
BCAP29,0.01603275665544781
TAGLN2,0.01601975285915025
ACVR1C,0.016017623924097973
MMP11,0.016015845449049135
C14orf119,0.016008036125507802
MANEA,0.01600596653721446
BPGM,0.01599261655461608
GOLGA6A,0.01598733092493217
NKAP,0.015973954051385002
KNOP1,0.015961220241605564
NUF2,0.015942133365978068
HOXC8,0.015938428648648785
IGSF8,0.015930452703824625
CDKL2,0.015926209390894803
NCKIPSD,0.01592437143004916
MCMDC2,0.015922716597537214
KDELC1,0.015919158304238436
CRB2,0.01589849888168926
MEGF9,0.015887413789606432
TBL3,0.01586595190278577
PNPLA2,0.01586130754104308
TRMT10C,0.015849243418766073
TBX6,0.015842592459265586
SNRPB2,0.015835418560267482
MAP3K3,0.0158349087304461
EGFL6,0.01582919483576403
NUDT11,0.015828287390566992
RASSF8,0.015827121958637332
MTFR1L,0.015812859155060668
MORN5,0.015805804467160248
UBOX5,0.01580425685474677
RASD1,0.015775281471678716
OLFM3,0.01577524505094101
OR52B6,0.015771655328729883
GABPB1,0.0157707495106939
HLA-DMB,0.01575769793599156
TOE1,0.015754716012609988
ZNF330,0.015754371586001514
ALG1,0.015743532523579788
ASB11,0.01573433726837398
RBKS,0.015727479392280534
RPL3,0.015724073806694126
TTC5,0.015716341021724964
PRSS16,0.015713480489226543
SERPINA11,0.01570035715626272
PGRMC2,0.0156967586116884
KIFAP3,0.015693041876064257
SLC7A9,0.015680512906879367
FAM120C,0.01567901240435037
NUBP2,0.01566814462654297
CCR4,0.015657365891235103
CEP128,0.015651263498034355
ARHGAP42,0.015639764804225968
NDUFS5,0.015627566530129144
ZNF550,0.015611245419422378
FFAR4,0.015600066751125297
SYT13,0.015599353455902425
MYO3B,0.015589218179264326
IRX1,0.015578663253954385
TM4SF1,0.015562862097260863
EDC3,0.0155617750815465
HNF4G,0.015559785061101485
UBE3B,0.015536248226885424
RASL11B,0.015535650285122268
SDC4,0.015520126661929489
F2RL1,0.015518193122448598
CNR1,0.015505343834996842
TBC1D10A,0.015503826576786027
RAVER2,0.015490483318339628
HUS1B,0.015489299199705578
IAH1,0.015487900575084453
ADH5,0.015475114700953283
BMF,0.015473235371947265
LGR6,0.015445310590339035
EFCAB1,0.015444219072904226
ITPRIPL2,0.015422029847504725
MXD3,0.015418864263030059
GIN1,0.015413731680486762
SPOP,0.0153859077046514
KARS,0.015368496123242216
KIRREL2,0.015355042372446358
MARCKSL1,0.01535487622570709
LSG1,0.015341400272557098
NOTO,0.01533912792128279
FCGR1B,0.015332385402886598
SEC14L3,0.015322556209542414
EIF3K,0.015322488266367867
ZNHIT2,0.0153206506410954
TVP23A,0.015309539201246612
HYPK,0.015308500245338075
GC,0.015303375321896564
GUSB,0.01529138462609662
NEK7,0.015288935060562238
ZNF836,0.015286497077074464
PRR15,0.015279297353326605
HENMT1,0.015276933753829557
RNH1,0.015268078947601781
DUXA,0.015265166934297749
NFE2L3,0.015260710657704455
NRIP2,0.015256046482555094
EIF4A3,0.01525350012813438
FBXL4,0.015250224936911524
ENDOD1,0.015248663700703536
IMMP1L,0.015224525641605877
TCEANC2,0.015201075556973241
ACOXL,0.015196880232375138
CORT,0.015191392428941576
APH1B,0.015184954421614645
CAMK2N1,0.015168246411193131
CCKAR,0.015165724838129438
NGFR,0.015159614995137547
HOMER2,0.015140278268368073
RANGAP1,0.015138929788643337
C19orf35,0.01513521053647161
NKAPL,0.015125530863247314
STAMBP,0.01511778170580194
NR4A3,0.015115328606119372
C8orf44,0.015102478893619603
CORIN,0.015098166611190709
DMRT1,0.015098067175949918
HMGN3,0.015090104881574307
NTM,0.015083979119197594
TIGD5,0.015082338884524264
ZBED1,0.015075766983632128
CRB1,0.015065382774913734
RHOBTB2,0.015052331892279492
AEN,0.015049875946723712
RAD9B,0.0150491742308124
TEX264,0.01504673388473889
RBMS2,0.015032953383039114
PSORS1C2,0.015018430342149718
UCP1,0.015014944478952323
SLC25A22,0.01500356732673382
MARCH1,0.01497737553164854
FABP2,0.014965626776963985
FANCG,0.014962022508243699
NCCRP1,0.014960963455795237
FAM49A,0.014960910726659955
BTG4,0.014960271610567287
SORCS3,0.014952045851435055
ODF3,0.014930551936543957
PSG4,0.014928735143874853
SPPL3,0.014928394786464688
GHRH,0.014927562673963873
HOXD10,0.01492138292768111
ODF3L2,0.014921253154659633
LY6E,0.014917476905838941
ZC3HC1,0.014917176837230133
DCT,0.014911412560483218
ZNF624,0.014900902648736405
BPIFB3,0.014895270646681684
IL12RB2,0.014889675546967542
YPEL3,0.014888844452777406
CARF,0.014866568432941466
ANGPTL5,0.014865249120708867
RNASE10,0.014842854930236356
TSSK1B,0.01483602977042712
TGFB1I1,0.014832302835910282
SCML4,0.01481546648406942
PPP2R2D,0.01481337218831723
MLH3,0.014797034488965995
OR9Q2,0.014770668865810526
EXOSC4,0.014760475749326877
RFC5,0.01476000459185971
GNG2,0.014759541160560916
SPI1,0.014753027754640647
NOP14,0.014751562110044384
CNTD2,0.014737379720607239
GSTZ1,0.014735630513395912
UNC5C,0.014718895314161746
POLH,0.014717180504880236
RFXANK,0.014706614640354432
LPAR2,0.014700484533842362
CRABP1,0.014698673393295444
SHC2,0.014696514239638903
SRCRB4D,0.014693412745767109
TM6SF2,0.014683767842299326
COL20A1,0.014680832253913525
KIAA2026,0.014674388113086237
TRIM11,0.014673200611444238
TUSC1,0.014670021828028255
SHMT2,0.014666134293062048
AGFG2,0.014653913793002326
ATP12A,0.01464713275219894
P2RX2,0.014646322477217049
RAD21L1,0.014640910325084971
LOH12CR1,0.014638462534245243
PGA4,0.014634749800508905
NUPR1,0.014605925704945842
OR10Q1,0.014605307170938204
NFE2L2,0.014595197416022193
TINF2,0.0145847743298731
MS4A12,0.01458347947167387
NHSL1,0.014580606672155286
OR2L5,0.014578785189491135
RWDD2B,0.014573098502396497
FAM65C,0.014572628820265337
AGPAT4,0.014565481274888386
BEST3,0.014564492576096398
AARS2,0.014563997809765025
ADAM29,0.014562759499351343
TADA2A,0.014557829722784967
CTDSP2,0.014551530407273406
EXOSC7,0.014542489621078158
SCAMP2,0.014542369742188754
HTR3B,0.014538620381013195
TWIST2,0.014535843536510752
TPM4,0.014533891052466342
NR2C1,0.014531885899404153
RIPK3,0.014531260339176538
GNLY,0.014530633713963244
AKTIP,0.014522401637105286
MOV10L1,0.01452064550888652
HEATR2,0.014518715864787927
SPNS2,0.01449135071561335
HIF1AN,0.014488115880934745
BTBD9,0.01448178942124818
SQRDL,0.014480443233773658
HIST1H4F,0.014477572621646274
CRP,0.014470168541547522
PIBF1,0.014462087442609826
COL24A1,0.014458385397733297
TSHB,0.01445624355396222
SAA2,0.014452931894352143
CAMP,0.014445177637205651
SPIN2B,0.014443767784043283
EXD2,0.014430202843133885
KIAA0232,0.014420191548174517
TGIF2,0.014414648282224956
C11orf48,0.014406909718917319
WIPI1,0.014398916731735625
GJD2,0.014392950026298604
OTOS,0.014379129972623817
TTLL9,0.014368531540900452
KRTAP19-1,0.014361992285501064
AGBL5,0.014360736734738663
STBD1,0.014360246900455377
MMGT1,0.014352140605914165
FOXG1,0.014348597096287387
CCBL2,0.014346116548238506
TPRA1,0.014342075596182354
MMD2,0.01433032777721207
UCP3,0.014329674398928231
NMBR,0.014329651364101435
RRAD,0.014327258680026926
PLCH1,0.01430162393876
QTRTD1,0.014292376948970698
SCN2B,0.014288811695073064
RPL5,0.01427587753671793
NUDT16,0.014262214002589115
DCAF12L2,0.014261953311025989
NECAP1,0.014259142607109473
PPP1R15B,0.014232896674047023
RBMXL1,0.01422601037190379
ZBTB32,0.014214882522958331
SRSF2,0.014208926146856319
TIAF1,0.014206908740382456
OGG1,0.014205227579180796
TFF3,0.014182004136432232
FOXD4L4,0.014175453076530512
SLC22A25,0.01417292048815918
MUSK,0.014159076179336448
HAUS5,0.014147165536548365
FGFR1,0.014145507113030672
SERTAD1,0.014130470077984555
AZGP1,0.014120629260599317
NDRG4,0.014115540588919992
EMC2,0.014104224328456183
N4BP3,0.014098137352183945
FLOT2,0.014086546478927207
BRAT1,0.014085335796904144
GPAM,0.01408205841698835
TBC1D3F,0.014078503309582126
HAPLN2,0.014077474479880172
FUBP1,0.014077168949881062
NBR1,0.014068377493586018
SLC5A9,0.014053264556420005
MED24,0.014049218855255051
VSIG4,0.014039464012422124
ACOT9,0.014031148613291548
GALNT1,0.014016712562209876
ZNF227,0.01399764816699447
PARP8,0.013983411954153627
CDKN2AIP,0.013970576947101817
PDILT,0.013965186969898914
GSAP,0.013964700088929485
FBXO3,0.013946958074902725
HLTF,0.01393716819756991
PUS3,0.013937137761063647
ZNF383,0.013931089554417502
ABHD4,0.013928253708712916
DGCR6L,0.01391661439341199
RAB5C,0.013889705868140229
ATF5,0.013889132723396097
SIL1,0.013874366115885814
ACADL,0.013868428613256895
BAAT,0.013853025919979585
TBCK,0.013842055766695647
PRAM1,0.013827345300826792
DIS3L,0.013814869285655484
KCNJ2,0.013809831714597657
DPH6,0.013805688693132895
DRD4,0.013783067642989234
PPP3R2,0.013782055467298656
RLN1,0.013779391145604206
ZNF77,0.013768374280909016
KRT27,0.013766575460053672
OR2T8,0.01376309243523704
SMG9,0.013751145531934803
OR6B2,0.013745916385402264
MMD,0.013724925174954598
UCN3,0.013718027749830273
UBXN2B,0.013700410388418549
TTC38,0.013696593706744895
FFAR3,0.013689732059072156
NSUN3,0.013672379455656138
ZNF621,0.013659889704991972
LDHA,0.013655405236487023
PRSS27,0.013650131320302395
FAM110C,0.013646940365569574
ZNF800,0.0136457025619265
PENK,0.013640594314667787
GCSAM,0.013633534636542995
LIPI,0.013628402131237682
AGAP8,0.013616440499178107
ETNK2,0.013606024286174303
FGFR2,0.013601431654537017
ITGA8,0.01359924890493846
TMEM106B,0.013584807504733454
TTC18,0.013578149624347882
ZNF136,0.013572965414896937
NAPRT1,0.013565258503950376
GJA5,0.01354850244227152
NTAN1,0.013543846195801457
OTUD6A,0.01353755618928263
HPCA,0.013521793151870161
KRT6A,0.013515343561921462
C9orf9,0.013512558767679093
ZBTB18,0.013503035586570058
ADAMTSL2,0.013501187177164387
ARHGAP11A,0.013496116797995023
CTTN,0.013489439984139342
SLC8A1,0.013488841847615458
NDUFS3,0.013462992694172084
SH2B2,0.013459299309028045
RGS3,0.013459086052295791
RSPRY1,0.013450633833340742
IGSF11,0.013443089404512137
S1PR5,0.013435828284985908
NRBP2,0.013433838867472752
TOMM20L,0.013427208342260516
PILRA,0.013427110505151206
ORAI3,0.013414577321976071
PMFBP1,0.013409962726952948
SAMD9,0.013409748180438103
TFB1M,0.013405897648714159
STAMBPL1,0.013393249731112482
LETM1,0.013380749189419375
HSPB2,0.013379067729370123
HPS5,0.013369799168533973
AIM1,0.01336695667241467
HYAL2,0.013365887928739079
RYK,0.01336031478512055
LNP1,0.013357664120195865
PPHLN1,0.013352657993111491
OR1E1,0.01334692405436093
APH1A,0.0133451374402457
SPAG4,0.013336215358062106
TPSG1,0.013335746725231613
SEPHS2,0.013331799928776068
ZNF639,0.013328236975365613
CLYBL,0.01332767206291406
WLS,0.013325405438758244
GCDH,0.013322917961702981
FILIP1,0.013322695363712781
TDP2,0.013322632802784631
UNCX,0.013321943813280744
GZMA,0.013318697278734932
RSPH3,0.013312767913900077
XAGE2,0.013305023333727488
GRN,0.013297522767943217
NRG4,0.01328806996123255
LIN9,0.013287115269411065
ERCC6,0.013278687054157693
RASAL3,0.013276453726555637
TARBP1,0.013275882754232896
TBX20,0.013273853429064824
OAZ3,0.013267026889148258
ACOT2,0.013250432742845597
LIPA,0.013249572534462234
HSPA1A,0.01324714680866294
KCNU1,0.013246585857448645
ZAP70,0.01324216346552756
PARK2,0.013230266623035628
PRMT5,0.013223937154684316
GLDN,0.013223506181385925
SOX4,0.013213703662997152
NME9,0.013212562880751514
KIAA1598,0.013205613409787934
PELI2,0.01320236372605926
NAE1,0.013199378807970334
RCOR2,0.013198263036308326
AASS,0.013194659390735726
IFI27L1,0.01319283503800964
NDUFS8,0.013191761242616685
FYTTD1,0.013190810217327565
ARHGEF37,0.01319054633618915
PTGDR2,0.013181016902284966
SYTL1,0.013167896325669576
SLC25A26,0.013164815048771213
DCTN1,0.013161135833040884
CSTF2T,0.013149965680850695
COPRS,0.01314991449942705
LRRIQ3,0.013143884709462976
MSRB2,0.013115962252958135
CDSN,0.013100763983403166
ZNF772,0.013100479077140742
TRIM5,0.013096495364900844
APLP2,0.013089379175446492
DYNLT1,0.013078718657435557
MRGPRX1,0.013058048613557449
APAF1,0.013042464520767487
KCNA7,0.013041223295014788
ATP6V0E2,0.013028063483708224
PNPO,0.013018361043166407
TSPYL4,0.01301188776051298
LEAP2,0.012999066808028115
FEZF1,0.012989701896507135
SH3GLB1,0.012983524931697426
RSPH9,0.012981056379275989
KRTAP13-2,0.012977865511746085
POMT1,0.012974156258433229
TAC3,0.01296968612349177
ACSM3,0.012968087773503898
B3GNTL1,0.01295659938096211
SDF4,0.01294661651250131
OR2W3,0.012946255005641848
OR6T1,0.012935367154152552
CDRT4,0.01293110615148115
TXN2,0.012914541936515369
DDO,0.012895974833688097
URB1,0.012892549217628403
DCTPP1,0.012883620064985219
FOLR3,0.012882720938823151
HFE,0.012881528828986424
CLIC4,0.012877849029860127
MARC1,0.012875500079987279
RBM17,0.012870261286729311
HDAC11,0.01286401844162262
PROC,0.0128537945969479
MRPS16,0.012848222280609613
APOM,0.012843919258812246
FAM133A,0.01284095579452615
PCDHB12,0.012819393135883162
OXGR1,0.012806164969472969
SIRPD,0.012804148146890387
ETFB,0.012793556300668798
SREK1IP1,0.012792843586552503
PRSS23,0.0127927883286583
MAGEC2,0.012790273291684211
NUTF2,0.012767846848177557
CLTCL1,0.012765736301278186
DIXDC1,0.012754088930086062
ZNF532,0.012747143563753328
ARMCX1,0.01274423292482371
WDR43,0.012730096754288137
BPIFA3,0.012724306116037956
ALDH6A1,0.012714435872590982
IARS,0.012710472121871364
NBN,0.012698519245913873
SCARB1,0.012693309097711755
THTPA,0.012692787966864742
CTU1,0.012690653805214983
CHAT,0.012690561798446895
ADAT1,0.012677948023907835
SGOL2,0.01267492266434167
ACOX1,0.012670588042874093
SCO2,0.012670244881098351
NUDT9,0.012668037442606524
GPR89B,0.012660287919316183
NPPC,0.01265373984573733
BCHE,0.012631086664622105
LRRC39,0.012626664098933284
LHX8,0.012613195862132892
NOL8,0.012611572128711723
CCL20,0.012603833824176824
RGS13,0.012588617016354168
UEVLD,0.012572569848020203
UROD,0.012564154198295407
MFSD12,0.012563470352122064
RMND5B,0.012557110604237713
TTC40,0.012551870584903872
THOP1,0.012540353828286025
SCCPDH,0.01252884561433239
GP9,0.012520709152325806
LCE2B,0.01251345051578742
REM1,0.012495060164450225
PON2,0.012494049414119076
FEV,0.012481184468767297
FAM35A,0.012457455109682635
GP1BB,0.012456949824373986
SERPINB7,0.012456215302016753
PITRM1,0.012452772199132942
MIA2,0.012438762005673192
P2RY8,0.012429777502370055
SCIN,0.012423836403523012
NUMB,0.012422431142299418
DENND6B,0.012419022762685502
WNT7A,0.012415510714623455
EPB41,0.012409023996504807
CNNM3,0.012400083042717395
CDH13,0.012396743137535696
TSPAN13,0.012391171536144307
GZMH,0.012389377851692416
COX4I1,0.012385342323467045
PPP2R5A,0.012371783737870306
TMF1,0.012350851506916444
ZNF282,0.012346254607354825
TMEM132C,0.01234031972628856
RGPD8,0.012336719651593346
RPRD1A,0.012326320363450981
MECR,0.012325163008284774
ASCL3,0.012319800370555163
TRMT10A,0.012319735623440433
TBX10,0.012318417705913062
FMO5,0.012298552953451818
CACNG4,0.012297845077559837
UBE2S,0.012290452147600392
CYP4B1,0.012286438030702578
OR51G1,0.012276456213715458
KRTAP10-9,0.012273636441940804
KRT26,0.012266603280309703
HMSD,0.012262791172249751
HORMAD2,0.012238377297669781
PYHIN1,0.012237709553831884
ATP1A1,0.012231939914758213
SMU1,0.012230302909578406
CDCA8,0.012210406049159957
FFAR2,0.012186614056234439
CXCL3,0.012182987892567188
ASPDH,0.012177417299917918
KRT16,0.01216921786069902
BRIP1,0.012161872080550182
TREML2,0.012145727068539652
CHI3L1,0.012142140522240233
METAP1D,0.012140740838604657
RAD9A,0.01213653138828819
MTMR10,0.012136127697151106
ZNRF1,0.012126600653785817
BBS5,0.012120706314371423
GATSL2,0.012116171468380402
LTK,0.012110643519682714
CDK18,0.012108999320618288
FAM214B,0.012084191760727683
SLC25A52,0.012080520540253513
LHPP,0.012074164590903224
VPS72,0.012074016623203563
BRMS1,0.012073866386946122
ANAPC11,0.01206952475960185
OMA1,0.012032382197264777
ECI2,0.012026394850273668
RALGAPA2,0.012021795681718525
SELP,0.0120190724961906
CT45A1,0.012003730263767777
OBP2A,0.012003592179147114
PCDHA6,0.012001264260173448
ARL5B,0.011991069822964578
RPP40,0.011986933794871391
OR2T29,0.011962158749443069
FAM86C1,0.011952786898849897
ISG15,0.011950821778367052
GPR6,0.011933295121639478
TRMT5,0.011928283819955199
TROVE2,0.011925683523292777
TMEM108,0.01192207561417242
ATP10B,0.01191654512934074
PTPN3,0.011898702026109105
SSFA2,0.011894117994848142
LCE3C,0.011886049888954957
OR7A5,0.011885491790527832
TEKT2,0.011878923251095783
TUBB2A,0.011877310691832172
DIEXF,0.011874806500087964
SERPINA10,0.011873483095549876
ABLIM3,0.011869319398857173
DRD1,0.01186741786174701
C10orf128,0.011859338241987415
C2orf69,0.011855743045114239
SLC10A4,0.011850274139326135
BPI,0.011847274560398932
NUP62,0.011839238301811926
BARX2,0.011837479218933205
ENPEP,0.011837339736286492
ZNF645,0.011836581556989585
PIH1D2,0.011832229967169683
RALB,0.011831210246414228
REEP3,0.011823624897392804
RNASEK,0.011822125996365425
SEC22C,0.011819320576694688
SCRT1,0.011809367924752918
KDELC2,0.011802577110410656
CERS1,0.011791506029234967
CATSPER2,0.011774542782467671
MRPL20,0.011772903403592133
DOCK5,0.011763072914780294
TCTEX1D1,0.011759005586293905
TSSK4,0.011752584432080111
BSCL2,0.011751812475411995
MYRFL,0.011731261503623944
C19orf60,0.01173059889082897
CMBL,0.011723691955514955
HOOK2,0.01171432109561783
RNF113A,0.011703991042754889
KRTAP5-4,0.01170084639968862
CPB2,0.011699919247060632
RBM41,0.011697557373274275
MAGEB10,0.011690019833642004
TMTC1,0.01168422314241666
PSRC1,0.011672016090486377
DDX21,0.011670968119017164
LIM2,0.011669849952529742
KRTCAP2,0.01166325735620962
CHCHD10,0.011643113482039653
PAGE3,0.011637668340527983
CRNN,0.011626955761866889
STARD8,0.011624177439963839
AMPH,0.011623479135081799
TBC1D14,0.01162334982415625
FBLN7,0.011621623527460063
PTGR2,0.011620149151074882
UTP3,0.011615047729838722
SLC25A14,0.011612928703848533
GPR34,0.01159287834878143
ACTBL2,0.011581774286521764
EVX2,0.011580198713074375
ZC3H12C,0.011570940539958358
FAM104A,0.01156785311723305
SPC24,0.01156502097552111
P2RY2,0.011557890369660366
ABCC9,0.011549834066803977
ZNF215,0.011545666303480154
PIFO,0.011528488769927837
OR5P2,0.011527970731476975
CCDC149,0.011518845213052978
GLIPR1,0.011510387074710512
ABI3BP,0.011489965649081564
C1GALT1,0.011489036206388286
ERO1LB,0.01148776595228847
PPIC,0.011486484580422774
RGCC,0.011478791607733952
LCE1C,0.011478316823754204
POM121L2,0.011476568427493911
C17orf99,0.011472131906248167
H1FNT,0.011465772562094764
CDRT1,0.0114643435740635
NOXRED1,0.011463483511655676
TNFSF8,0.011453708283435714
ANAPC13,0.011435547896047343
PCDH7,0.011427898989080382
IFNK,0.011425303350378318
ZBTB42,0.011416873337743721
SFTPC,0.011403215774331142
PNPLA8,0.011395151192393687
C16orf90,0.011384720770508812
TMEM199,0.011380811352411915
PDE2A,0.011372035610091135
FCRL3,0.011369329138751254
TYW1,0.011358474212269314
SPACA4,0.011353760767208846
ZIK1,0.011348159700832002
RAD21,0.011337857524676441
DZANK1,0.011318028213251756
CD74,0.011299832259137985
NME3,0.011295182079390047
RSPO1,0.011294226084116015
NDRG1,0.011269335828721467
HADHA,0.011260797455212742
GLIPR1L1,0.0112537724803744
APOC2,0.011247958761552353
G6PC,0.011245862007900597
MTFMT,0.011241720233202312
MDFIC,0.011240368357025868
ZXDC,0.011222736735603115
S100A14,0.011217430065370917
BMP3,0.011193844880609458
RNF34,0.011192884694295413
IMPA2,0.01118307340443317
DEFA3,0.011169087907255243
PLCXD3,0.011166093620367164
IL17A,0.011165435800498651
FOXE3,0.011157774195912358
JPH2,0.011146418743134693
UBLCP1,0.011144615836451675
KHNYN,0.011143121115163442
BARHL1,0.011140492966245795
FAM13C,0.011138454184034143
HOXB5,0.01113564518684042
NABP2,0.011135010998363174
MYCBPAP,0.011132309444167418
TMPRSS9,0.011132007387439965
KCNIP4,0.011128601006697878
PRKAG3,0.011125095296812758
UBE2L6,0.011121891220850656
TDRD10,0.011106585081022446
USP14,0.011098429606552362
ZNF831,0.011081043168712291
DLD,0.011079187764623506
LIPE,0.011078765192051235
TP53BP2,0.011074813784671532
NTHL1,0.011071790945918685
LGI2,0.011070863057955977
GLTPD2,0.011059087950740842
SLC45A1,0.011056824201458218
RAD51,0.01105654290515264
LRP2BP,0.011051000858548272
SLC2A1,0.011040533593677898
NT5C2,0.011035656296049431
MFSD8,0.01102649616149937
LILRB2,0.011022844185813169
ZNF34,0.011017012026252108
TSHZ2,0.011016767526956179
QRSL1,0.01100705219168099
SCNN1D,0.011005056599106023
ZBTB11,0.011003489643911714
VEGFA,0.01100314660802925
OXCT1,0.010985945727977666
DIABLO,0.010985684286998051
SLC35F1,0.010985046906025316
DDX42,0.010982457900364175
LAIR1,0.010967800549513369
QRFP,0.010960633824649726
PM20D2,0.010952316666836737
P2RY14,0.010948708245225399
NAT8,0.010946704727058986
GAS2L3,0.010943101071477954
CCL14,0.010928902413881135
P2RX1,0.010924008112099795
ZNF629,0.010914261209022325
RPS6,0.01091316403278543
RPL38,0.010906012573108657
MYLK4,0.010897250170785614
ENOPH1,0.010890475611066494
ZNF239,0.010889646108744763
UGP2,0.010877532971367346
BCCIP,0.010876440506913857
CGB2,0.010870536907483795
ASB4,0.01086228327271968
OR4D5,0.010844545327408802
SLC15A5,0.010838949383924018
SLC2A2,0.010836216355395861
NAALADL2,0.01083439595171748
SSNA1,0.010831124812793202
SAMM50,0.010829175316670053
APIP,0.010827687208162838
MTHFSD,0.010827078003821078
ZCCHC4,0.010825288462269407
ENPP3,0.010821581359228765
TCTN3,0.010819882124111722
GSTA5,0.01081174198143721
RBBP8,0.010808691643841968
STAG3,0.010800912524156223
DPY19L2,0.010800728534569417
TAF6,0.01079493338519322
NDUFV3,0.01078978977461841
LELP1,0.010788165438532699
MTERFD2,0.010788021745958488
PSME1,0.010778419070184984
SAR1A,0.010776224097721302
HMMR,0.010765701991532355
RTN4,0.010763683872287062
EXOSC8,0.010759098457345993
CLPB,0.010758423116617797
GGCX,0.010756932563151035
CPSF3L,0.010752770708215668
PLAC1,0.010742910769230618
KIAA0947,0.010742471803699114
ADCYAP1,0.01073071069446
EIF4EBP3,0.010729037335132932
LY6G6F,0.010720847749610145
DMRTA1,0.010715768630000344
C10orf99,0.010713943778504076
GAREM,0.010711769333777968
CYTIP,0.010709725684503851
PARP2,0.010707786883454962
GUCY2F,0.010707449349925185
RAB3GAP2,0.010703729972891
HLA-E,0.010695144928508442
NOMO3,0.010676700901766078
HIGD2A,0.010674217729633709
ASPH,0.010666545773138284
PPT1,0.010664222507017785
EMC7,0.010654590050147019
PAAF1,0.010652548778255487
PSMD12,0.010646312152586707
KIF3B,0.010643370679956486
CHIT1,0.010639104232907823
ENGASE,0.010636998400475687
R3HCC1L,0.010635136863799998
C2orf62,0.010631571842986501
ACSM1,0.010627035316240957
PRSS35,0.010621666137766085
HSDL1,0.010617150339783344
HDAC10,0.010613691750439712
BBS4,0.01061119158415611
CLC,0.01061112895560963
RAB5A,0.010606221880217436
KLHDC2,0.010601391196086314
SKIL,0.010599409480626857
TOM1L1,0.01059797192081543
CCDC65,0.010589778844361126
ARPP21,0.01058751500519406
C16orf91,0.010584727943816343
MLC1,0.010578117518352942
ASNS,0.010570546911561202
UBALD2,0.010566292701838058
IGFLR1,0.010562163383076948
FIBCD1,0.010559520587526282
HRH4,0.010557311076871578
NSMCE2,0.0105556130335526
INSL4,0.010554187783821018
GPR128,0.010545269409002902
SORD,0.010539631612893017
HSPB1,0.010532855561870759
LRRC3C,0.010516171627182802
PQLC1,0.010510156202760627
NR3C1,0.010508269554175902
EPB41L5,0.010508189608458968
LSM7,0.0105075025452855
IFNA21,0.01049507587187186
APCDD1L,0.010492581641090338
DAP,0.010489486897659472
ANKMY2,0.01048619749424685
LAD1,0.010475017649213233
MASP1,0.010468153156413753
LCN2,0.010454807137964739
THBD,0.010454154226971837
GOLGA2,0.01045395980631301
AMFR,0.010443965594860456
OR7G1,0.010440763367087358
GSDMB,0.01043423221776798
ATP1B2,0.010433099237983648
CHMP4C,0.010431936457793833
IYD,0.010421379136166321
PDCD5,0.010420954538761504
SLC4A11,0.01042063389580416
MB21D1,0.010419599462107531
IPO4,0.010414003100241409
EIF2AK4,0.010390671991536165
PSTPIP1,0.010390044790540134
OCIAD1,0.010375180564774806
IL7,0.010371938318976556
IMP3,0.010365291458642352
RIMS3,0.01036469340121049
HEATR4,0.010357049503825285
SCN3B,0.010355369764515055
ZNF696,0.010353403181950173
PROS1,0.010351138464389965
COA6,0.010348156200051558
PLEKHG6,0.010347069315428628
CDH15,0.010346533912364493
RBM45,0.010329481309266463
ORC5,0.010329449626393952
YDJC,0.01032290173085808
ZSCAN23,0.010321724777378239
PLA2G7,0.01031978425570446
CLCA1,0.01030958035742146
DDX43,0.010305717705518018
TSPYL6,0.01029721662305212
COL16A1,0.01029290169209543
ATP6V0E1,0.010285486834947014
FABP5,0.010269292654870931
DHX33,0.010266464175649088
TEX33,0.010266275535152974
PURA,0.01026208639390175
TGFA,0.010260226152052779
DUSP5,0.010253866699594142
ATP5C1,0.010253064240354957
PKP1,0.010252081177593268
CALHM2,0.010238924868148449
CATSPER4,0.010224201275134162
DNAJA1,0.010220654362071648
ARAP2,0.010218556306918161
CST8,0.010211579985416495
LUZP4,0.01021133493665003
CDR2,0.010207859348560255
EXOSC10,0.010206252620809859
FYCO1,0.010204540744524001
TSPY2,0.010198340128837531
KCTD17,0.010189173214999483
NDC80,0.01018414812113419
PIGK,0.01017899939485625
METTL21C,0.010165864482418225
TAS1R1,0.010154253673090067
S100A1,0.010146153795314706
PLEKHF1,0.01013901482478326
TSSC1,0.010134242146263872
PRF1,0.010131827469537192
CIDEA,0.010125082731786327
FAM134B,0.010122108184366676
PPCS,0.01012199525936438
NUSAP1,0.010119472165742943
CENPH,0.01011755859377247
C16orf11,0.010117415752248796
KLF8,0.010113455638635959
TMEM181,0.010106161151178144
DNAJC1,0.010096902319262389
LAMC2,0.010094796381917685
TYR,0.010086586233767942
YIPF4,0.010077375996113415
HIST2H2BF,0.010075040966625039
EPCAM,0.010074628494544192
SEMA3D,0.010060335142158485
CDK3,0.010058021390283318
ACOT11,0.010053197501010984
LRSAM1,0.01005239751513494
CAP2,0.010048939512229382
POU2F3,0.010047704612672327
SLC18A1,0.010044728366308719
TTLL5,0.010044117912323118
CRH,0.010043785856754662
TFPI2,0.010037096647561385
TBP,0.010028095873938509
CCDC50,0.010025021254961812
TPRG1,0.010023535211673023
BMI1,0.010020503379709726
CDA,0.010015865595909413
MAP2K1,0.010015450868210861
TIGD6,0.009999356987939752
ATP2A3,0.00999472289039343
TREM1,0.009993690254732573
UQCRC2,0.009990394457772772
KCNJ15,0.00998183727439289
KLK5,0.009980527333095046
ALKBH8,0.009974428309087263
HEPH,0.009971018456257034
C7orf76,0.009969117122549827
ST8SIA2,0.009967685398603647
LRRC57,0.009966704214665995
ERCC4,0.00996435333899127
PEX5L,0.009963934323850877
CPSF4L,0.00995664278286402
SCD5,0.009954139549669873
CISH,0.009944277047920475
P2RY1,0.009942844759993416
RAC1,0.009942133674849467
EARS2,0.009937829737577349
LDOC1L,0.009936454195541646
KLHDC9,0.009925837018589116
METTL21B,0.009916884144883497
KRTAP6-3,0.009916599304248782
FRMD6,0.0099154652381621
FRZB,0.009912912209111639
LILRB1,0.00990757997255793
KRT1,0.009906336452160906
PRND,0.00989733574783264
FAM188A,0.009894209095100005
PGLS,0.009893141935613773
DSG4,0.009892806557600707
OSTM1,0.009889938553744697
ZNF703,0.009873993288556579
CYLC1,0.009863606203823797
SLC38A8,0.0098539488973234
PCDHB14,0.009852462677001683
PI16,0.009843488006037843
ZNF335,0.009841141607950216
IQCA1,0.009840977377985402
CPQ,0.009839658303761439
DYTN,0.009837837107224745
FCAR,0.00983575779432362
WDR36,0.009832568169592425
OR2A4,0.009823810131223189
SIX3,0.00981455912646756
UBE2E1,0.009804429210251108
ADAM19,0.009793569754127372
SMCO3,0.009792954889087924
GALT,0.009790134489834281
SNX20,0.009787762186850131
WDHD1,0.009775713681984967
UVSSA,0.009775279420074083
ING5,0.00977179286122408
SLAMF7,0.009770593119675847
SULT1E1,0.009757127863430378
RPUSD2,0.009752949882381632
COX6B2,0.009752693437365777
GFM2,0.009741854867143313
CANT1,0.009730419455886865
TTC9B,0.009729865156581897
EGR2,0.009728607997492094
IFIT1B,0.009725067165014764
CWF19L2,0.009719051637601558
TAF1L,0.009718956670197619
LRRC10B,0.009712888886622209
GIPC1,0.009697808367064386
WHAMM,0.009688906341494325
ABCC10,0.009688000272865366
NBPF3,0.009686827827289947
ACSS1,0.009684580969382824
ADIG,0.009679521315701808
PIP4K2C,0.009677476009659248
KIAA1462,0.009674581244038128
H2AFB1,0.009669789596883444
RNF112,0.009667009360930906
RBPMS2,0.009665619747019495
PDIK1L,0.009658678964492724
FGF16,0.009657833528267662
ZFP30,0.009653324002641987
POLR3A,0.009650122634352274
CCL27,0.009647979555532031
LDLRAD4,0.00964502250907219
CYB5B,0.009643558908736565
GFRA3,0.009640574284949433
SPATA5,0.009634151355342938
APCDD1,0.009632523228492037
CSN2,0.009621806720427478
GGT5,0.009618441893449514
IHH,0.00961304154013704
STX5,0.009600575977549411
IL17B,0.009599284379181736
FBXO40,0.009594283335171228
MT1E,0.0095891940586648
ZNF404,0.00958842041277529
LMTK3,0.009578056219151952
PYDC1,0.009576871163130019
EXD1,0.00957668012299411
RAMP3,0.009570692370177963
OR4K13,0.009566597975958699
DAZ4,0.009559662823629203
STAC2,0.009556913488937948
KIAA1841,0.009553890046365353
GPR83,0.00955312415278913
PTH,0.009552323093277264
TREX1,0.009545669053470216
FABP3,0.00953308290764643
WDR41,0.009530711129151737
S1PR2,0.009528142789171636
GOLGA8J,0.009518857369934207
TRAP1,0.009491353569986294
DTNBP1,0.009490292285731136
CBY3,0.009484880945180928
GDF9,0.00947973361850765
MARCH6,0.009471791261295395
COA3,0.009455353667305814
RAB35,0.009450824935937654
MYOM2,0.00944734212138484
MND1,0.009445518363142733
DAZL,0.009445307816631087
PELI3,0.009439880472271756
ISM2,0.009433474892817817
ZAK,0.009429013444949497
COL9A3,0.009427063412838178
WNT9B,0.009425759943168936
RGL3,0.009416902221027233
BAD,0.009414699201531138
CT45A5,0.009413593621581607
SLC10A1,0.009404231651371608
CYP24A1,0.009399663650934078
ST20,0.009394550647481525
NKX6-3,0.009394346887053318
CHAC2,0.00938678408787792
CPEB2,0.00938530171547258
C6orf118,0.009382616973248633
GPR124,0.009377015251641321
MMP24,0.009375656666737519
DEFA1,0.009374547201397248
C12orf40,0.009374023893935173
UGGT2,0.009368136493193893
SLC38A1,0.009366462321608692
ST6GALNAC3,0.009362303382641012
RRAGA,0.009358801464178333
ASNSD1,0.009354562273713653
OLFML2B,0.009353155098481458
SEC61A1,0.009341746966453056
PSMB4,0.009340622533280914
C1orf101,0.009340520566464502
CD163L1,0.009338913518443643
GPR97,0.009327351129559068
CCDC151,0.009322831387362934
KCNE1L,0.009322731502374807
EIF1AY,0.009315757354160958
RAB7L1,0.009310225368937554
SLX1A,0.009300032928000567
GTF2E2,0.00929701028457647
AREL1,0.009287413719958173
KBTBD4,0.009278167280668773
PRKAA1,0.00927474729299687
PMEPA1,0.009270868227102479
TAAR8,0.009262475250222004
SPRYD4,0.009255611848535355
METTL21D,0.009254881538621737
TSPAN17,0.009252437761403562
RMDN3,0.009246212579175147
APLN,0.009237635474130132
HOGA1,0.009236267496547651
LRPAP1,0.009231680773251084
ADH7,0.009227042964032477
PIGN,0.00921333297509637
TRIAP1,0.009209176256289552
EFCAB6,0.009207862562006756
B4GALNT2,0.009200926682929685
TSPAN9,0.009195757468172073
DSCR3,0.009194999553799226
TRIM60,0.00919452524714859
PDAP1,0.00919297256698103
ZNF248,0.009191745326448085
GLB1L2,0.009181209207199535
B3GNT3,0.009178151173221037
NCAPH2,0.009166012476444146
ATP5G3,0.009163090882148464
FOSL1,0.009154147893425522
ATP11C,0.009150766605416636
NIT1,0.009145798971751894
GPR50,0.009145733013659334
NDUFAF5,0.009142870326050526
PRAME,0.009140234180092842
CCK,0.00913526615688892
NAT16,0.009130128041274112
DHX35,0.009122260193106382
TOMM7,0.00912049343160078
BIRC8,0.009108899177254269
MS4A7,0.009107968826054337
VGLL3,0.009099021033248979
STYK1,0.00909797409648945
LRG1,0.00909585086559528
STK17B,0.009092319873137574
HRASLS5,0.009082387007141927
UBE2H,0.009079550591623813
EPHA5,0.00907802913495613
MAZ,0.009076015664085493
PRG2,0.009066981268252207
SCGN,0.009066902126529799
SRSF12,0.009063225497881622
MRPS10,0.009059421666856684
GAL,0.00905714646770344
ZNF134,0.00905711567623667
SNCB,0.009053091904391514
FAM109B,0.009047409388551936
MRGPRG,0.009045801963943294
SMOC1,0.009042717329083166
HIP1R,0.009041224063700335
LCN1,0.00903206956887911
PYCRL,0.009031977762944973
NMRK2,0.009028019002884807
SAT2,0.00902634659958121
STX17,0.00902591499674705
ZDHHC11B,0.009025495952234404
IFFO2,0.009024432215474087
DYNC1I1,0.009024180584984968
ERCC3,0.009018245204741444
TSEN15,0.009015276550523699
PRR23A,0.009014252156525024
CPA2,0.009013926773940443
ZFAND5,0.008996170614888561
ANKLE2,0.008995319248330637
MBIP,0.008992607510433152
PHTF2,0.008989077634012648
ITGB2,0.008982887322695554
OTOP2,0.008982691344636418
PHOX2A,0.00896895846601141
MRPL9,0.008965473807090726
C4orf51,0.008951089176167505
ST13,0.00895051027528562
BBS1,0.008948667812134391
OR2T35,0.00894634885671679
LGR5,0.008938102367441402
UBL3,0.008938082161927515
OCIAD2,0.008937426077900995
POLR3B,0.00892766931945835
CCDC117,0.008927610634190394
ZNF146,0.008914824348791824
RFX3,0.008904818019675798
GTPBP3,0.008897086129347507
MMP9,0.008889592089980455
NOC4L,0.008887636354047405
PGBD1,0.008872833540638676
TNP1,0.008863312194198288
GSG1,0.008863288501795647
PDHX,0.00886163268109294
ABCB4,0.008858859865285418
ESPNL,0.00885840718149429
WDR91,0.008852196650562322
THOC6,0.008845345942605734
RNF114,0.008844484468837505
PLCB4,0.008831995996714154
WDR11,0.008826857033142736
FAM46B,0.008809937392038983
ACADS,0.008800445993238242
CCDC173,0.008792312068939646
MOCS1,0.008791172511681388
TMEM65,0.008789370694368312
USP18,0.00878144865936205
TXNDC16,0.008780078238054559
HIGD1C,0.008766039552998579
LINGO4,0.008764149918623954
PHF14,0.008759810149501146
PLXNB3,0.008759292568171375
AIM2,0.008757651364122633
CTSZ,0.008747707769325708
ERCC2,0.008730059789221973
HEATR6,0.008727316285764068
ADAMTS7,0.008723549764312874
CDKL1,0.00872121986191726
NARG2,0.008717359384610664
PVRIG,0.008716319281340895
NGB,0.008716181160291677
DCAKD,0.00871436376698441
TAS2R42,0.008708715850387336
ZSWIM4,0.008707657114668848
TRIM55,0.008699521969162363
FSHR,0.008684675593127415
WBSCR27,0.008684243208333114
ZNF493,0.00868011663893871
ORC6,0.008677343854812442
FAM86B2,0.008671951973052523
GOLGA6L10,0.00867059133677712
ALDH1B1,0.00866504853497194
GPT,0.008661566191209037
MRPL19,0.0086589896737836
LURAP1L,0.008656724089909532
DNAJB13,0.008656723431591474
CRLS1,0.00865662311705107
TMCO2,0.008653375918049804
HTN1,0.008651034918216392
GUCA2A,0.00864493045308236
LRCH3,0.008641017068230285
SNRNP25,0.008633166103629015
SORBS2,0.00862889534817612
ARSI,0.008621746845538758
PTPDC1,0.008616479074002877
NLRP14,0.008611477185437517
PLCXD2,0.008610689394443599
FETUB,0.008595849079588434
LGI3,0.008592003941362492
ANXA6,0.008587989419673248
GIPR,0.008574306673358201
MPDU1,0.008569492139485553
TMEM154,0.008563879440272492
CDHR3,0.008559112705243314
TTC33,0.008556610030615891
FMO2,0.008554978949013888
ZNF467,0.008547962713750865
FNDC5,0.008544955097299748
MAPK1IP1L,0.008541766234136276
MAP1LC3C,0.008540816572878617
MAP1LC3A,0.008539636045941193
RGPD4,0.008528731008202195
SLC30A9,0.00852654683060007
SHROOM2,0.008523634293836561
C6orf195,0.00852270460899988
TTC16,0.008518359774504904
AICDA,0.008517690293781683
SEC63,0.008501358504051286
SLC13A5,0.008501348700342323
DUSP21,0.008501302655648618
ZFAND2A,0.008498153228826901
POM121C,0.00849451358932349
ART3,0.008493267994994676
ACAD8,0.008492401854535274
KL,0.008488894388451036
PSMB11,0.008485844070781772
TMEM42,0.008485581564907712
CTAG1B,0.008483256612788715
MRPL33,0.008479593881733936
KRTAP13-1,0.008479340068010746
C19orf18,0.008478003454969536
UFSP1,0.008477197654511657
WDR78,0.008474255973668259
SDS,0.008468386776202912
CD69,0.008465644476457262
EFNA4,0.008462277293437924
ZMAT4,0.008461872692634384
MC2R,0.00845826406827484
PFDN6,0.008457871223080603
MPP7,0.008457375441564345
PAQR3,0.008449291654153616
C14orf93,0.008448574941222938
PAQR6,0.008443894892254264
PMVK,0.008441002348151807
GPS2,0.008434682737593173
GSTM4,0.008434175374153457
SHOX2,0.008432171786643112
LYRM7,0.00843209039433168
BRCA1,0.008431374479309816
MRFAP1,0.008431084544328732
HABP4,0.008429447866845753
DIAPH2,0.008423836141512861
USP12,0.008405332695193043
MS4A10,0.008398981296029652
DPY30,0.008394648842410772
PIGV,0.008394121283923372
FCN3,0.008390258224248963
RNASE4,0.008383870889256304
ST3GAL1,0.008378082825247116
TMEM81,0.008377452860096127
CPLX4,0.00837671801347277
OR5H15,0.00837453233489004
ZBTB45,0.008356724402605506
SUPT3H,0.00835338349826118
NARF,0.008349992197286623
USE1,0.008339135437136103
LCN10,0.008335677284622133
ECI1,0.008331404301631267
TMPO,0.008330700085969528
HOXA6,0.00832851147121412
IKBIP,0.008328145129971131
NEUROG3,0.008323435637071198
UMOD,0.008321633639500454
AQP4,0.00831469700723177
MAGEA11,0.008311504188552166
SLCO4A1,0.008306028602323287
CDC7,0.00828851749259808
CNBD1,0.008288147125583225
BLK,0.008279753727954387
F13A1,0.008276529186780424
SPDYC,0.008271662731492997
NLRP7,0.008266748162314248
AAMDC,0.00824235130222969
CEACAM21,0.008234917082018156
SLC48A1,0.008234635300507021
DCSTAMP,0.008232186818729077
DAD1,0.008230160091159403
YIPF5,0.008229580327545727
LOXL2,0.008221852488841943
FBXO31,0.008221655352929824
SYN1,0.008219767667578256
ZNF358,0.008218833776707088
FAM73B,0.008216403260443915
VWA1,0.008215890931886112
MBOAT7,0.008213953370786757
FAM189A1,0.008212301634844092
XPC,0.008211314091513803
CASP3,0.008205197522022313
SCGB2B2,0.008203579760202197
CETP,0.008195361868052831
RAG2,0.008194974827510543
C19orf54,0.008191458906457545
DDX1,0.00818684354402509
C1orf94,0.008185243007960292
TNFRSF4,0.008183561106439065
IRF7,0.008179869720954459
BNIP3L,0.00817094639344928
C10orf2,0.00816926697244899
RDH14,0.008167914336695212
KCNRG,0.008162873689449691
ZFYVE19,0.00816275803704018
PLA1A,0.008161708555658388
TRPM7,0.008159286562735991
SSX3,0.0081589331909252
CENPW,0.008155534758960472
TMEM14B,0.008153216745201163
VRK1,0.008153055031936548
RNF170,0.008151726434207892
CD1D,0.008148876393660036
CCDC122,0.00813466402204225
WIPF3,0.00813402514912726
PCDHA13,0.00813186766802074
ART4,0.008130014653787028
TGFBI,0.008126272736022368
CYP26C1,0.008126104421532427
FRMD8,0.008124110806822581
CYP4F3,0.008119291572218343
DNAH12,0.00811901481326759
IQCC,0.008115690864407804
PVALB,0.008108256624890786
VPS4B,0.008102490835803377
C21orf59,0.008084739289774157
OR5W2,0.0080825968548359
PDE6B,0.008076058199314352
C5orf64,0.008058520694489146
SDR42E1,0.00805735076784614
CCDC30,0.008056293111747293
P2RY10,0.008054074643729595
MAGEB3,0.008049652719738813
FAM211B,0.008034365074337326
PDXP,0.008020678874919782
USP48,0.008020328997511273
CKLF,0.008009752097442004
PDXDC1,0.008004506431258164
TBC1D3B,0.00800240463123092
S100A8,0.008001640839359071
TDRD3,0.008000438289671254
BOLA2,0.007997542905636267
PNPLA4,0.007989299313080884
HAUS2,0.007979779652130897
KYNU,0.00797915006918132
MPZL1,0.007977971752176582
RPL28,0.007973743096960674
NTMT1,0.007972506031874334
ARMC4,0.007966970492731207
KIAA1161,0.007964320083867877
SCOC,0.007960999410085705
RAB40AL,0.00795444962401959
AGPAT5,0.00795175971298555
TMIGD2,0.007929450214883726
COPS7B,0.007920309007048718
TNIP3,0.007912192977807318
EIF4E2,0.007910794383481638
C12orf4,0.007910624878719292
MFSD6,0.007906599872384418
COX6C,0.007902566567423311
STX19,0.007902322856133012
PNMA1,0.007891351136900374
SERTAD3,0.007891058983342959
C21orf62,0.007885841429625094
TMEM212,0.007880637159366412
MCM9,0.007877266722145677
CDK2,0.007863777799716259
SLFN12,0.007855879048710194
PLEKHH3,0.007853218446285835
CYP2S1,0.007849581163865998
RPS28,0.007841545476736529
CSRP2BP,0.007836799239523708
RYBP,0.007835047659772928
WFDC10B,0.00783405394809939
AKR1B1,0.007832987908724148
TBC1D7,0.00782939912456995
GTF2IRD2B,0.007829092554646117
MFI2,0.007827898820291163
KRTAP9-8,0.00782341634181885
NELFCD,0.00782267580981593
NOA1,0.007814142586496787
CTSL,0.007812449756701022
MRPS25,0.007811803632953015
TM2D3,0.007805398475347163
ORM1,0.007803950663427102
HOXD12,0.00780083446153161
SCNN1A,0.007799446691388687
SMCO2,0.007793567758354186
IFRD1,0.007786938342851173
CYP2W1,0.007784898017202334
NRSN1,0.007784666053914626
MYO1G,0.007781203243850338
STK36,0.007780118657583772
PLVAP,0.007775439678817046
C5orf30,0.0077602198054966985
ESYT2,0.007755371601531433
SERPINB5,0.0077514878527000855
MRPS31,0.007748672033994521
HDHD1,0.007739889316124505
EXO5,0.007738723757487919
LYVE1,0.007736809235938896
PGBD2,0.007731293414817069
PLBD1,0.007725143419894144
MED27,0.007720400248112231
HIST1H2AD,0.007719820203390767
C22orf15,0.007714910270688641
OR6C65,0.00771448852955867
RABL5,0.007711879525915607
FAM105B,0.007710398781878739
EDDM3B,0.0077085321939079085
RECQL5,0.007707314945318026
ORM2,0.007704934714861713
SULT1A4,0.007701119408792882
MYPOP,0.0076966641920375115
C8orf33,0.007688515434656613
FAM228A,0.007683925451693659
ACSM5,0.00767736244538298
TSLP,0.00767326844539897
OR7G3,0.007672894653748667
USP17L24,0.007671570135938526
ZNF414,0.007668318771713786
AK5,0.007663456560688145
P2RX3,0.007657030652286739
ASIC3,0.0076559412654221125
EXOSC2,0.0076540097485187485
ACO1,0.007650985023490721
IL15RA,0.00765058604910053
MZF1,0.007646163644195465
MGAT4C,0.0076460014603284025
GTF2H2,0.00764463475314482
GPR35,0.007644237521753317
MAP3K19,0.007643449185836262
ZNF2,0.00763581819261006
LIG3,0.007631490039555167
MARCO,0.007629340266365843
VWA8,0.007626717410196164
CCDC102A,0.0076216016776624994
PIWIL3,0.007608615197530798
SLC2A5,0.007601020598525298
ARHGAP15,0.007597736558833868
TBC1D12,0.00759675423907879
BCAS2,0.007592876450264346
KRT6C,0.007592763199035988
SRA1,0.007585024465767783
AK4,0.007583595895494453
ZNF625,0.007579812980448318
EIF3CL,0.007577349203254501
CFD,0.0075764111470817234
PRSS36,0.007576086441631492
CD3G,0.007566989118955072
CPNE6,0.007566062556805501
ANKS3,0.007562628934820539
NBL1,0.007555995506317701
C2CD3,0.007555459139998261
ZNF790,0.0075508401935331405
TAAR5,0.0075404754328757045
CLEC3B,0.00753869987612107
KCNS1,0.007531334297025771
MRPL44,0.007521919331421703
DHPS,0.007521068836790399
PDE6D,0.00751973762773812
RPL36AL,0.0075132563344541695
LMF2,0.007513122355144947
OTOG,0.0075079150719877955
MRAP,0.007503790777703816
MAGEB1,0.007503513580019114
ENO3,0.007499872027023739
TAS2R9,0.007493695778579918
IL20,0.007492635613686271
FCHSD1,0.007492528376920817
CDKN2B,0.007490823934884414
F12,0.007485840591178825
DNAJB9,0.007484372142900541
RABGAP1L,0.007480121368648159
HEXDC,0.007478496992200252
NR5A1,0.007469832152112208
AUH,0.00746850631356566
OR52A5,0.007464096834050045
KIR2DL3,0.007458895179180184
NICN1,0.007451600177192943
TMEM33,0.007447501080542427
ZACN,0.007447179885030706
NLRX1,0.007441694644126198
PRPF19,0.007438942993356993
MED4,0.007437227440542686
GEMIN6,0.00743556834492892
C9,0.0074351365838067176
CRYGA,0.0074305144284751365
RABAC1,0.007416211274889057
SLC27A1,0.0074049279759513245
POU5F1B,0.007402554172259816
C16orf74,0.007401887243924219
NT5C3B,0.007397250404780474
USMG5,0.007396457486058732
C7orf41,0.007393679480639981
METRNL,0.00739102976973468
KIAA0247,0.0073837851415228225
C9orf163,0.007379166491515484
GJB5,0.007378326991139122
PLBD2,0.00737518973922355
OR10H1,0.007368137533530836
ACYP1,0.0073662584375426545
CSAG1,0.007357699787345625
PTH2R,0.007350292505952145
ZC3H10,0.007349744567939858
SEC61A2,0.007342879061941836
ZNF148,0.007337463497527167
B3GALT4,0.007329980656379104
LY75,0.007325823978498686
PON1,0.007323295128461667
OR6C70,0.007316655678914715
SPATC1L,0.007313759054389429
CCDC66,0.007313640986178092
CACNB2,0.007310034603564185
FBP2,0.00730624814251625
KIAA1755,0.007299699609146267
PARK7,0.007292514738729156
PRR22,0.007289765640882364
IGFL4,0.007284575849158615
KLC4,0.007283988729264372
AUNIP,0.007283005298453142
COLCA2,0.00728037493507072
SLC9A3R2,0.0072783231630977425
PTP4A3,0.00727706967421072
CD7,0.007274565600993787
SFI1,0.007271264072256298
NARS,0.0072703483556627105
RNASE7,0.007266438172332702
CELA3B,0.00726210436739249
EBPL,0.007261175540230255
TEAD2,0.007259148118778832
LRRC4B,0.00725774915433866
HMX2,0.007256687174027302
YES1,0.007250467060670143
DLEC1,0.007246392573160346
RAB43,0.0072380862365784525
OMD,0.007231875748190566
C2orf71,0.007229754693036658
PTMA,0.007228239138720879
SKP1,0.007222658777162858
UBE2F,0.0072125219901406
FASLG,0.007211608303907255
MVB12A,0.007211072841459894
APOC1,0.007210028942306703
VRK2,0.007208090633028889
ARMC10,0.007206880424594323
BOLA2B,0.007205045406981832
RPA1,0.007200171918224905
ZNF208,0.007191983945550478
GPR152,0.007190717918315811
FOXO3,0.00718840629991809
SIRT3,0.007187204835955192
PRSS22,0.007183738942869309
PRB4,0.007182980485292641
ACAP1,0.007165624406777902
MKI67IP,0.007160142898929328
ANO6,0.0071583573401229625
ARF6,0.007153531680316091
INTS4,0.007153274548467373
RAB40A,0.007152178793088148
DKK3,0.007149766403683413
CGRRF1,0.007149374949836758
LYZL2,0.007144519689250314
ELF3,0.0071373362089950185
ST8SIA1,0.007132802451269838
DEFB135,0.007129746524935584
MIS18BP1,0.0071289326625687995
KLHL35,0.007124194201973321
SERF1B,0.007121104959157661
HIST2H2AC,0.007114016948865163
TNFRSF21,0.0071132152702117505
APBB3,0.0071124821163069995
NDUFA11,0.007111985204994486
FASTKD2,0.007109682654883117
ATP5L,0.007100997152087394
GSTP1,0.007093258552422645
CTNNBIP1,0.007092143007515183
ARHGEF4,0.0070898775553657435
LRTM1,0.007086198335426297
EAPP,0.007076893540520319
LDLR,0.0070757466883045045
XKR3,0.0070753161709761255
ACPL2,0.0070698352047697975
NEK2,0.007067245051042437
ARSF,0.007064124992105022
VKORC1,0.007057393649954688
WDR61,0.007053045126772641
VMAC,0.007050072303526177
IRF2BP2,0.007044844222983954
IMPACT,0.0070437474785902295
MMP25,0.007030246897432521
EEF1B2,0.007029628301996268
TLE1,0.0070264614839816615
ARG1,0.0070216732631595774
PAGR1,0.0070213212929950706
CHRNA1,0.007017127998624348
EGLN3,0.0070163283645313145
XKRX,0.007016295979182077
CALM3,0.007014495403106907
NTS,0.007004604942310165
LUZP1,0.007002815994321002
PPP4R4,0.0069970340798673
HYKK,0.006988412095112906
STEAP4,0.006986354882001689
RPL36,0.006985929462723496
TMEM59L,0.0069843049877338055
PNLDC1,0.00698177246445516
C1QTNF3,0.006980279541777217
PCBD2,0.0069791071446690875
UBE2U,0.006974186814914214
ZSCAN4,0.006973964156089959
RNASE1,0.006973266623946037
TSPO,0.006970772822075164
GPR141,0.006964901295102864
TAF9B,0.006963067341321423
PDCD11,0.0069597476233940955
AQP12B,0.006958848462036839
LYRM1,0.0069527596914897545
TES,0.006951464457308782
AGBL3,0.006951048646894584
OR13D1,0.006950976844132071
ALPK1,0.006949496175312708
SLC30A4,0.0069489840905270495
CABP5,0.006946358676766901
GALC,0.006945912838636093
SERPINA9,0.006943874794603527
GMPPA,0.006943431774452427
CTXN2,0.00694033837976421
PRTFDC1,0.006937115352390768
IRF5,0.00693484285003543
CCDC86,0.0069329167743761785
GPR146,0.006931957998105392
ACOT12,0.006931205471465376
TRIB3,0.0069204617055483785
OR5K1,0.006919727648268923
METTL16,0.006918475366903828
CA7,0.006913674959039173
LAMTOR5,0.006912728185558643
C16orf87,0.006912689638848277
KLLN,0.006910097557086
TBCE,0.006909362614669385
RPP21,0.00690542491873669
CEP97,0.006905253305065503
AFMID,0.006902491598876638
MAGEB17,0.006902483721886207
GALNT5,0.006900725695604485
TLR3,0.0068972326125382065
C12orf52,0.006896358743518607
SOGA2,0.006893901369183009
VARS2,0.006893364949474949
ITGA2,0.006885842334258013
ADAMTSL4,0.006884006747460013
WDR76,0.006882091370166435
KIAA1432,0.006879039237911624
ITLN1,0.0068775855092931696
DUSP18,0.006876680502604589
KCNJ12,0.0068745850534444805
PUS7L,0.00687403979205255
TMEM179,0.0068551782568687806
PPP1R1B,0.006853537342090562
IGFL1,0.006848961836547564
FAM21A,0.006836916236004785
ARMC12,0.00683614515705966
CMTM6,0.006832865496926997
MUSTN1,0.0068296215364995715
CCNE2,0.006828278700977577
LRWD1,0.006823812238399182
OTUD7B,0.006819631235853778
PPDPF,0.006810412651837796
FIS1,0.006808589608213115
C10orf10,0.0068083989495698926
TSPY10,0.00680720253995779
NDUFB6,0.006806468556867129
ZNF444,0.006805191195546366
PAPOLB,0.006801988277043878
RGS1,0.006801545077805793
TMBIM6,0.00679644110990785
WTIP,0.00678764510406779
SIX5,0.00678692219266946
PRSS50,0.00678379981276292
FUOM,0.006780096825247435
PPP5C,0.006771736966382283
KRT33B,0.0067695337411030595
ATPIF1,0.006769170603020451
DEPDC7,0.0067657720561282225
IQCD,0.006765365309314999
CASP10,0.006764391561265347
PTBP1,0.00676275705353092
TUBB4A,0.00676135817451519
CYP2B6,0.006759173575796455
MKRN2,0.006752055828090825
OSBPL11,0.006749866249394184
PPP2R1B,0.006744293769543577
NBPF11,0.006744150093400272
LTB,0.006740242465274874
FEZ2,0.006729276890810551
MBD3L1,0.006717484737423305
CLDN8,0.006716476464177461
SNX10,0.006713592837450556
MUCL1,0.006710657178193487
KIAA1239,0.006708293869925512
ENTPD5,0.0067080597156903765
ABHD12B,0.00670208335301185
IL9,0.006701824724384887
TXN,0.00669852955686938
BEND6,0.006695520161455548
PATE4,0.006695394914460985
ENTPD8,0.006693940061992439
TIPIN,0.006692645869670679
CNGA2,0.006691637249506239
CD48,0.006687544643178686
TIMMDC1,0.006685692377243105
CAPRIN2,0.006669795407285515
NXPE4,0.00666740707320663
ATAD3C,0.006666278313948819
C9orf50,0.006663659077708061
C1orf52,0.006662794652396112
RAP2C,0.006656768236549146
RPL10,0.0066512293226850955
UBR7,0.006650825809168173
NMI,0.006648613842013274
AGBL1,0.006646803850860812
KCNA5,0.0066415446123006495
SURF1,0.0066382564393580035
APBB1IP,0.006631085679616458
CD302,0.006616307198842054
AMY2B,0.006613271053883794
UQCR10,0.006611129474056957
CERS4,0.00660881523886958
SUMF1,0.006608332764748248
HDDC2,0.006603173057595365
ZYX,0.0065912716912132135
EIF4E1B,0.006584540241779384
MRPS18A,0.006577431423199822
CYP11A1,0.006576245504002551
ELOVL3,0.006575826285548082
CD40LG,0.006569358955053736
C20orf26,0.006566594775153577
EAF1,0.006564677865865925
AS3MT,0.006564436165568963
GOLGA6B,0.006564372336205725
CYP26A1,0.006560480495488389
TOPAZ1,0.006559345752209519
SLC7A1,0.006558485359102202
LXN,0.006558399932256437
LAMTOR4,0.00655383499990154
AP1AR,0.006552742886332845
GRIN2D,0.006552535702400705
CNPY2,0.006546162222421944
CCR1,0.0065420821155178594
MTMR8,0.006538028027746935
C14orf178,0.006535084446282877
ERP27,0.006526206281843897
PEX1,0.006519206928708557
ZBTB8A,0.006515566893765359
PTCHD4,0.006512287124635006
CCNI2,0.006509514986196621
FCRL2,0.006507970686134417
SLC39A1,0.006507337736424654
APOC4,0.006505842468481456
ZG16,0.006502834310601391
TMOD3,0.006499843103209316
ZCCHC10,0.006494189718210436
PRY,0.0064933622215926235
MED22,0.006490168123741398
HSPA9,0.0064879345020908774
C17orf70,0.006487846673445894
GAB1,0.006487463231336555
MPC1,0.006486485550899879
APOA1,0.006484661968888069
CAMK2N2,0.006483341919739905
TARSL2,0.006482963289236864
TIMM22,0.006480988469035626
BCAN,0.006475415415627346
COLGALT1,0.006472174047316979
CPSF3,0.006469936009325521
C19orf33,0.006469801156881483
C11orf65,0.006463887696089048
CEP290,0.006463555723772456
PPP3R1,0.006457252591508946
GLCCI1,0.006456411659139078
SPCS2,0.006453501849091449
NDUFS6,0.0064467643323920226
LONRF3,0.0064467335353194715
RNF128,0.0064428920522035206
ZNF721,0.006441651978314493
IQCJ,0.006430742497773755
FAM219A,0.0064298095533742465
NEK6,0.006429754697430619
CYP20A1,0.006428516684573811
PCDH8,0.006426031098119211
KIAA0226L,0.006422533055528234
MFRP,0.006422016566276317
CEP135,0.006421086910303918
FAM92A1,0.006418322456891531
OLFML3,0.006416997037829333
BPIFA2,0.006409998611648546
PPP2R3B,0.006409092814466813
RNF216,0.006404552007254019
MAPK4,0.006404101320822278
SLC4A5,0.006396418295999665
USP30,0.006393683162262948
C6orf25,0.006391768616440635
RARS,0.006384359566946366
PATE1,0.006383555568908338
C2orf72,0.006381084872814495
ZNF366,0.006374115170954147
ISPD,0.0063718944786433675
LMOD2,0.0063665264580809655
NUAK2,0.006366388890830399
IFT57,0.006358312254899835
TRAF3IP3,0.006354602686256781
PTAR1,0.00634902568665583
HOMER3,0.006346752457835173
SLC6A8,0.006344098038929958
RPUSD3,0.006342576324502007
SLC19A1,0.006337645936776312
DEC1,0.006328066824953571
HSPA2,0.006323065729122175
TMEM9,0.006320948076335102
MCCC1,0.006319946788131004
UPK3A,0.00631720427675655
CLUAP1,0.006314851526642479
CCDC150,0.006309719973080574
DMC1,0.00630926246815311
FBXL22,0.006304158514689664
ZNF181,0.0062974940069314075
CD37,0.006286059018630288
VAPA,0.006285061735924395
CEACAM6,0.006282744836672587
SEMG1,0.006281871839468956
C11orf87,0.006275105989669655
GSC,0.006273982541871955
C1QB,0.00627293360420446
ANXA11,0.00626924895471418
TMEM203,0.006266667327287703
TCF23,0.0062666391029734
ULBP1,0.00626416437999235
FA2H,0.00625944367169637
CXCR4,0.0062563735657671276
MOXD1,0.006249558841390643
PRR19,0.006249391321557992
SPATA32,0.006248870611770694
PCDHA9,0.006241490956894742
COBLL1,0.006235289560606547
LRP4,0.006230953906302555
SETMAR,0.006227477717323104
C1orf229,0.006225479168975956
TICAM2,0.00621816670972145
PRLHR,0.00621544230545317
GALR2,0.006207956596335335
WFDC13,0.0062052772490830055
MGME1,0.0062014097185552446
UBE2NL,0.006200814461362486
RPL17,0.006193262334420531
TNFAIP8,0.006187876889182572
RRP36,0.00618673685175223
RP1L1,0.006185073977100604
CAPZA3,0.006183683806512674
SELRC1,0.006181938017075509
HHLA3,0.006176632865954912
TMEM30A,0.006176519205226231
MVD,0.006170947098793346
C16orf59,0.006170022400475355
HAND1,0.006164496141905876
MRPL24,0.006150911653218769
MBL2,0.006147159827743883
C20orf112,0.00614574060508292
EMR2,0.006143927918860273
CCBE1,0.006140609230405061
SUOX,0.0061394035965853565
GLT1D1,0.006130482936239609
PILRB,0.0061286094779482774
PGBD5,0.006127571127067303
ENTPD1,0.006118935624024668
WNT9A,0.006117928080596443
CYS1,0.0061160060746867735
NANP,0.006115336099974541
AMICA1,0.006115128509927721
ZNF100,0.00611011664880214
BPIFB6,0.006109918314405728
CYP11B1,0.006109761759387298
ADIRF,0.0061088128713162266
STK38L,0.006108089733893539
SLC9A6,0.0061071393063192765
SYTL5,0.0061031061176213125
LEPREL1,0.006100060969531651
TAMM41,0.006097433522353338
NFKBID,0.006090914336144836
FXYD5,0.006077663184562053
ECM1,0.0060736109973285966
IRAK2,0.006072940044438309
SDCCAG3,0.006067184562813797
FOXN2,0.006058953811049488
FSD1L,0.006055465768405184
MED28,0.006054848656680974
PRR25,0.006051614361987794
GP2,0.006049512098705076
KLF17,0.006044665542089482
ELF5,0.0060422713916892514
KCNQ1,0.0060419843980505684
CYP2J2,0.006040376697596041
TMEM218,0.006040091207450443
COG6,0.006038939932231482
STX7,0.0060336739875734265
NT5DC2,0.006033108412708019
DUSP4,0.0060269184744077215
FAM71C,0.006025584931376717
A2ML1,0.006023711261774807
GFER,0.006022972680857832
BLOC1S5,0.006018237377203749
C5orf51,0.006009541775158037
USP3,0.006007935326981258
SOBP,0.00600584507363338
AMDHD1,0.006003300970902261
USP6NL,0.006002380390387078
TEX35,0.006002285917224898
SEP15,0.006001971167470251
PRKAG2,0.005993940217147448
ZNF678,0.005984212274711139
ANGPTL2,0.005984199134415566
ALDH1L1,0.005980539265753078
CHRNA7,0.005976178851884563
GPR18,0.005964146666016822
KLHL6,0.00596413979242613
BCMO1,0.005963129005055952
HTR5A,0.005962922191516034
RNF2,0.005960110891201397
RNPEPL1,0.005957255205597174
PSMG4,0.00595258595876436
KCNG1,0.005950589015063381
FUT9,0.005949597714326226
SCPEP1,0.005946781245707347
RLN2,0.005945878778362535
DPY19L1,0.005933963080308889
C9orf43,0.005930832183065402
BEST1,0.0059283554021608564
ACTRT3,0.005927399418357032
CRISP3,0.005921829857278413
METTL10,0.005919111901269807
UBL4B,0.0059190042030035864
ZBTB26,0.005913899450550964
KRTAP10-7,0.0059127582901449755
ARFRP1,0.005910824658337614
C19orf12,0.005905855246733347
CD1B,0.0059012140144997435
GRAMD4,0.005899384537000452
SPNS1,0.0058948612125791795
FAM3A,0.005894689039572817
CTAG2,0.005879034049563654
TAS2R41,0.00587604831894628
NSFL1C,0.005872885710736385
CRIP2,0.005872656868404629
C3orf30,0.005866524552226092
EVI2B,0.005865063037699356
PLEKHG1,0.005861426421572948
SEPSECS,0.005861037827792064
RNF11,0.005849697729095543
REEP6,0.005846453556410387
GPR87,0.005843911370921827
CHIC2,0.005841913754507871
ICAM4,0.005840732614643915
SP9,0.005840195712282562
TMBIM4,0.005838610610522471
TCN2,0.005834584552471674
LOR,0.005831582177897695
ERGIC2,0.005823340760771944
EMILIN2,0.005820597537810814
PFKP,0.005819164246546271
TSNARE1,0.005814033573513232
ZKSCAN4,0.005806495328625771
SLC39A9,0.005805832068324252
SERPINB4,0.0058051665637232205
RDH11,0.005802179600528249
TK1,0.005797381947420749
CDK2AP2,0.005796116622612143
MRPL11,0.005795825954990583
FGL1,0.0057948121087014765
MAN1B1,0.005791195631141577
S100P,0.005787314228712466
SSX4,0.005787095778770225
SLCO2B1,0.005778150760018456
TBX19,0.005771365561387987
SEMA3C,0.005769754186833645
TMCC3,0.005769398738425373
F2RL2,0.005767442640821419
INPP1,0.005766670043784109
RETN,0.005761997100458456
SPINT2,0.005761103884282392
HMGCL,0.005757466427474718
BET1L,0.005755178220064834
PCSK1N,0.00575458508299623
PAIP2B,0.005752842197142274
BET1,0.005748313888660264
ABTB1,0.005748054287240481
LIPH,0.0057469438800436656
KBTBD3,0.00574363800497083
ODAM,0.005740264496153985
OR8D1,0.005740107235838765
ANKUB1,0.005736718450130395
KCNH8,0.005735152219363156
GPR19,0.005733518381536899
EIF2S1,0.005733384335348716
ABCB8,0.005730785695192968
AVPR2,0.0057294961992305615
FIBP,0.005718202843144206
LIN7A,0.005715905180432694
TMEM187,0.005711862656883546
PPP1R21,0.005711055285249768
RDH16,0.005710542597718991
LCE3B,0.005710335584611729
NDUFB10,0.005709768932011838
ARMCX3,0.005703061698163063
RNASET2,0.005698917087558246
C12orf23,0.0056905998034833
CCDC8,0.005685917818654504
CXCL16,0.005685434122864484
C8orf74,0.005683597643302436
SPC25,0.005681957626826946
EIF2AK1,0.005681501676292097
METTL3,0.005680577548858685
FOPNL,0.00567718253292836
PSKH2,0.00567379061867176
NPR3,0.005671272886410101
FKBP1B,0.005670550896368658
KATNA1,0.005670151221109877
OPN4,0.005669557310533416
PPIB,0.005667017438181118
VSIG1,0.005666944400843729
HSF4,0.005657369271431023
SLC8A3,0.005655927584501123
C7orf25,0.00565315399547555
CRYBB2,0.005645683792653883
CRYBB1,0.0056438168628078576
EML2,0.005635668167237924
HDHD2,0.005635075749685398
IFIT5,0.0056345852836416025
C2orf49,0.005631948428393628
TMPRSS11E,0.00562923866095748
PPTC7,0.005625291680070255
PPP1R3E,0.00562451990136543
BIK,0.005624458145293651
LRRN4CL,0.00561679107042729
FABP1,0.005614816581805417
UGT1A10,0.005613634386809114
NKX1-1,0.005612937709274657
TAF9,0.005612491224185891
KLHL34,0.0056122083748776355
MGST2,0.0056073284997838
TMEM232,0.005603654349573025
ZBED2,0.005603476096618981
SLMO1,0.005597479457869264
GTF2F1,0.0055886909016920365
AMBN,0.005587748863075101
OR11H1,0.005585847010442326
MS4A6E,0.005580716913691631
GCC1,0.005573204715351468
REXO4,0.005571544338763082
APOBEC3G,0.00557149549451239
PCCA,0.005571154752757256
SALL2,0.005566809117024524
ZNF771,0.005565396896311551
LZTR1,0.005560828110032478
PRRT4,0.005560039979089234
TMED8,0.005559991003097839
DBR1,0.005559362168961442
FBXL18,0.005556096481405288
TLL2,0.005555716128213964
NLRP2,0.00555427909026119
ARMC7,0.005554174912645145
CRYBA2,0.005550479926280052
ZDHHC1,0.0055488161280895865
OOEP,0.005546887435636837
GHITM,0.005545125827374666
DHRS3,0.005543827698953513
FKRP,0.005542973672724046
HIST1H4H,0.005537039023512505
SLC6A4,0.005535936582100532
ME1,0.005534088100090595
CHST4,0.005533649508682833
EMR3,0.005532812675283729
LYG1,0.005527477960088627
KRTAP5-7,0.0055263496934808845
KTN1,0.00552520332077447
ZNF714,0.005525125381253787
GLTP,0.005524772697355003
LYZL1,0.00552015956472853
FAHD1,0.005505987399278125
PANX1,0.005503204229595605
DKK4,0.0055017562779460715
RTKN2,0.005500766045663723
DNAJC4,0.005498961117581802
TARS2,0.005498837424970421
CDIPT,0.00549762783503302
PIWIL1,0.005497069519230961
ST6GAL2,0.005493554873983198
ZBTB14,0.005491837298442148
SETDB2,0.005489237164785582
PROK2,0.00548867811915928
EPHX3,0.005487094230659635
ARL14EP,0.005486444509588916
KRTAP10-6,0.005485981152498811
ZFP62,0.005485885620239387
C10orf54,0.005482198175486355
UQCRB,0.0054820754665864556
ADAMTS8,0.005478250473371662
C17orf103,0.0054732557244151665
IFITM1,0.005472700692129023
TMEM51,0.005472605994789208
NAALADL1,0.005468690855313688
ADAMTSL1,0.005468007281983413
XCL2,0.005459726718768551
PTGER2,0.005459316163928965
LGSN,0.005458014712191526
HES2,0.005457073723111732
KCTD14,0.005450798703997476
MUC7,0.005447896906611056
IFI44L,0.005446323300688374
MATK,0.005444475172671993
DEK,0.00544439395702463
HIST2H2AB,0.005438792719273307
BBS10,0.005437162976450216
SRSF5,0.005436388745372141
NLE1,0.005431358399458212
GALNS,0.005430773403603121
SNTN,0.005429928425554252
SDHAF1,0.005428223918912805
ESYT3,0.005424084985807987
NDUFS1,0.0054197647895488
C10orf35,0.005415934913606075
RAB1A,0.00541474567339119
HTRA2,0.005410716453550554
DUS4L,0.005408794194252502
HTR4,0.0054042972821683605
OR2G2,0.005403321746552978
HHIPL2,0.005399743672171712
REP15,0.005399240227481657
KLHL31,0.005393934389263893
TDP1,0.0053917322331339355
FAM81A,0.005391009756989856
MS4A14,0.0053872542125110055
NUDT1,0.0053870866865307785
BLOC1S4,0.005385636771687351
LCE2D,0.005385529143731502
TMEM168,0.005383023220516388
BTN3A3,0.0053743058152383475
IFT80,0.005371413679037308
RGMA,0.005371054066048678
CRX,0.005369349213118346
POLR3H,0.0053674052904851945
RALGDS,0.005366364834337976
BUD31,0.005361627209306738
SIGLEC5,0.00535928548751247
LPXN,0.005356237597252918
HSPA1B,0.0053555350179962085
EMP1,0.005353970387853372
GEN1,0.005352028482107157
XCL1,0.005348153670658075
MKRN3,0.005346106030684987
ORAOV1,0.005331632162517915
PPM1L,0.005326777522773626
PRAP1,0.005322941873038312
PSD2,0.005318676789046784
DEFB110,0.005317704497847777
VAMP5,0.0053146121324714295
BCS1L,0.005307147763685342
TSPAN33,0.005306769167065152
LCE1B,0.005306512541414514
C22orf26,0.005303582918281974
DTX2,0.0053031226295064985
CYB561D1,0.005303074794995703
LYPD6B,0.005294200205830582
FAM53A,0.005287250774834034
CDRT15,0.005282278508338752
CTSG,0.005281381888887986
PTGIR,0.00527159443148726
CCNB2,0.005271338431680896
URAD,0.005263168543246148
EIF1B,0.005262163087865247
DAK,0.005254048630509679
ENKUR,0.005250677666194603
KRTAP10-4,0.005248177513475295
CST11,0.005243664932585591
OR8B4,0.005242667793546778
WWC2,0.005234296451602439
PROK1,0.00522901305250717
PRMT10,0.005225327821429503
MIEF1,0.00522196316763779
ZSCAN18,0.005213665937569489
ARHGAP40,0.005213117015312947
AFAP1,0.005212113283390101
TOMM20,0.005209401160920161
DMRT3,0.005204238532671705
TSTA3,0.00520422714268614
DEFB106A,0.005204001899081192
TSPAN6,0.005185202160995479
LRRC71,0.005185200786167118
TTK,0.005184730713920138
MRPL48,0.005184359912895923
PRMT2,0.0051813603201920815
OR5H1,0.005179397565518333
AIG1,0.0051763780433050025
FAM120A,0.005176211491852393
ZNF660,0.005173578903908048
TRAPPC6A,0.005167271701853824
ZNF410,0.005163854919044355
MEP1A,0.005163457199352167
KIF7,0.0051630315921902354
OR1S2,0.005161905856198914
HIPK4,0.005155603285394832
TNNI1,0.005154961165669184
HIST1H1A,0.00515219640066773
TRIM66,0.005149545883408936
PDSS1,0.005145013784426185
GTF2A2,0.005141856699790655
P4HA1,0.005141504856360186
LIPF,0.005139970935219062
HTR3D,0.0051390053373385905
DNAJC24,0.005134011349127867
SLC30A2,0.005131418035877663
CEP112,0.005123103859575854
LUZP2,0.005118008381914164
DHRSX,0.005117670003481684
CD22,0.005114111789489331
PHF15,0.005108180652342848
C1QL3,0.005102106679226611
LPO,0.005092250787143914
TBC1D1,0.005090482628205766
GNGT1,0.005088210008931756
IL1B,0.005086002592051956
ZNF830,0.0050831294965304075
TEX261,0.0050814452795222955
TFR2,0.005076807144326816
TRAK2,0.005070475384124438
UPK3B,0.005062710109445946
KBTBD13,0.005058119979974899
BTD,0.005055886077299933
HTR7,0.005054612261218672
FAM186B,0.0050471894133016695
MRPL51,0.005040938253302681
LACTB2,0.0050407567474552535
ATP2B1,0.005037578518137302
SEC11C,0.005035444653042507
CEP104,0.005033770964207295
OR8D4,0.005032373772485125
SULT1C4,0.0050309789597464995
SLC35D1,0.005030973209284171
HIST1H2AC,0.005030897979694388
EPHA8,0.005028455354717659
RETSAT,0.0050244439274797145
MRPL10,0.005023977575054102
SMCO4,0.005023645012261603
TREM2,0.005020961542513896
CEP76,0.005015422800221303
LGMN,0.0050146636214917165
RAB20,0.005013005024362403
IFNA10,0.005012550724199706
BDKRB2,0.005009125267338444
APOBR,0.0050070987562924624
DPH7,0.005003197584233214
COCH,0.005000962714940794
TCTEX1D4,0.004994557106327602
KCNA2,0.00498859298759713
LRP8,0.004979336274937887
PPY,0.004973123779329777
RPS7,0.004971367000367795
ZNF622,0.004965777426835195
LY9,0.004964887761631686
RAD51AP1,0.0049639971093026185
TOR1AIP2,0.004961471642117445
CDK7,0.004959982295763863
ZBTB49,0.004959713110223494
NTN3,0.00495572364389929
C15orf27,0.004954049075772744
FBXO48,0.004953947746166852
CXCL9,0.004951259334613544
CMC4,0.004950161711340307
CACNB4,0.004947630952642737
CCP110,0.00494088865484839
ZNF514,0.004940802389500312
CCDC11,0.004937069577897648
TAS2R4,0.004935512306241742
MRPL45,0.004935139749197778
ZNF585A,0.004934599663341995
TMEM240,0.004934447806177096
TBATA,0.004933284686981344
FAM131C,0.004931431873199681
CCS,0.004923504151758084
TTLL13,0.004921655375320102
MYH4,0.0049192922010060204
ZNF117,0.004917704097356321
HLA-F,0.004916991941352506
C1orf27,0.004914902951834253
DMAP1,0.004914660814811161
H2AFX,0.004913791318485265
AVPR1B,0.004908115019125304
KRT79,0.004907814993151015
MTAP,0.004903102789899153
MARCKS,0.004902715269821237
GHDC,0.004902633345787296
RHCE,0.004902198786723151
NDUFA4L2,0.004900829649936798
TRAPPC11,0.004894650154355538
TNFRSF11B,0.00489273194056627
OR52E4,0.0048915152929424445
SVIP,0.004891299551401873
OTOF,0.004881377172648618
KDM5D,0.004879791776247822
EMC1,0.004879380155173959
GIMAP4,0.0048793075047385975
TONSL,0.004878357892698074
TCHP,0.004874617094515795
LHX5,0.00487079490357862
KLRB1,0.004869544017038366
LRRC52,0.004866958628422899
FGF2,0.004866237084153833
ZNF573,0.0048651389992042235
KLHDC4,0.004865129700180122
OR10W1,0.004863504049559122
STX10,0.0048625206905200434
C1orf194,0.004861226927262089
PPM1K,0.004854448242111939
SUN3,0.004854422662310959
PTPRG,0.004851245780445117
LGALS4,0.004849151136292214
UBE2V1,0.004843284453470701
LRP10,0.004840303143618112
CCR10,0.004831985450087993
DGCR8,0.004829513630101058
PAMR1,0.004829434354190412
NECAP2,0.004826192784915439
FAM20C,0.004822585634789786
SEMA7A,0.004819973078319725
ADAMTS17,0.004817770142511474
GPR113,0.0048152483706373145
SDSL,0.004809443125956264
PAM,0.00480938566979664
MYF5,0.004808158495377655
TP53,0.004803192465759924
GTPBP8,0.004801473477625282
FAM107B,0.004796896250266165
CCDC120,0.004791840420136218
PPP1R15A,0.0047884378543487415
CHRNA2,0.004784559735037325
CXCL14,0.004783653687404287
PYGM,0.004782946764470388
NCEH1,0.004778347558480746
AGTPBP1,0.004774464804309195
NPIPA1,0.004773467828284171
RAB25,0.004772062973276899
POLR2G,0.004769851170214187
KIAA1147,0.004769664059039236
DDX51,0.004767523730455245
FDX1L,0.004762615264928265
MYC,0.004761616819137317
HOXD1,0.004758211755733113
COX5B,0.004757907928267793
RNF32,0.004755222927644853
CHST2,0.004751629679765884
BANK1,0.004749872540804645
ORAI1,0.004747869685844436
CCL1,0.004746096952916395
NOX3,0.004742708094908827
DOK7,0.004739558974303465
SPATA31A7,0.0047359304783091034
BBS9,0.004734925363554377
SAP30BP,0.004733269339012388
RGS16,0.004731932050456747
ARR3,0.0047266889357419125
ZDHHC23,0.004725396633562207
COX7B,0.004725177427874106
MAK,0.004721429110992707
ZNF436,0.004720743878348746
NKAIN3,0.004720256749823693
TRIM62,0.004720021289048716
BHLHA15,0.004719448907374654
UBQLN3,0.004719116118158093
DHX34,0.00471413681564826
SLC25A27,0.004702595090483412
TAGLN,0.004701905814035762
C1QL4,0.004694226833908558
GCG,0.004687151579826442
MED9,0.004686866531601376
TMEM198,0.004684735714886941
SLC16A14,0.0046780215987390905
SDCBP2,0.004676476684717104
FAAH,0.004672320119918926
HK1,0.004671036192455918
POLL,0.004670805703467663
RASSF9,0.004666315016777167
IL19,0.00466596971229765
FUT10,0.004664174024726663
RAB11FIP1,0.004657062337087358
C17orf51,0.004656462089645813
GUCA1A,0.004650434873462344
KCNK7,0.00464734962627569
PLD3,0.0046432767323364346
AK2,0.0046431878123516035
KIFC2,0.004640084225958428
CTTNBP2,0.004638963226732669
ITIH5,0.004636942465352929
HOXD13,0.004632815838523765
FOXD4,0.004631986658649889
WFDC9,0.004627033282208758
STC1,0.004606969974233906
SNF8,0.0046056606451282955
AMACR,0.004604444187883254
PPIL6,0.0045982829816558195
XPNPEP3,0.004597537716304798
ZNF638,0.0045956649353588955
PEX19,0.0045936383224603515
SCGB1D4,0.004593533929426459
CD1E,0.004590022155335905
CEP192,0.004589923031614828
STXBP6,0.0045890435658330194
KDM8,0.004584261177242276
C11orf74,0.004583835363889947
PDIA3,0.004583803805672221
VIPR1,0.0045836458021364344
C9orf41,0.004578548721176022
CHCHD7,0.004575357648120589
SH3BGRL,0.0045739494307629035
LDLRAP1,0.004569019466678403
TOP3A,0.004568619585527577
PLOD3,0.004566432909860545
CYB561,0.004564369888630373
SIGLEC10,0.004561029233332035
NRDE2,0.004560812327133931
MRPL2,0.00455980452474167
LEPROT,0.004559766824560213
TIMP2,0.004555953447301272
CISD1,0.0045524836971172905
ADTRP,0.004551731505065474
NOX5,0.004550923775057852
TNFRSF10C,0.004542246697750738
SMARCD3,0.004540671885746475
GRAMD1C,0.004539759152659924
MRGPRD,0.004536889571901312
SGK3,0.004533280611246288
ODF1,0.004532965847329261
ANKRD44,0.004532357426429354
THEG,0.004522715441034421
MAGEB2,0.004522299599404563
CPN2,0.004522021921655315
ZNF649,0.004518277002344495
KIAA1211,0.004516353885310412
KCNJ1,0.004511874503692432
GNG12,0.004511866141334767
NARFL,0.004511633952917001
AMY1B,0.004511335534133779
DAPK2,0.004506808650890455
BOC,0.00450434147199643
CLDN9,0.004499411246079953
FOS,0.004499155094407931
NUP88,0.004494959330522363
PLCXD1,0.004493133657291909
HMGXB4,0.004492271079768792
GTF2H5,0.004488309605358234
SLC26A7,0.004485885298003489
KRT6B,0.004483691182518462
TRIM65,0.004481926801665158
ABCG8,0.004480992929595235
NDUFB1,0.0044804172401141686
SPP2,0.004476876116012305
TRABD2A,0.0044764583078885705
DUS3L,0.004472782697044503
EIF2B2,0.004471990921978881
BSPRY,0.00446581781982185
PARM1,0.004459892942921651
ALDH2,0.004457205589039075
ERMP1,0.004455466814221006
DEFB104A,0.004452817588840799
KRTAP22-1,0.0044485996650833635
ZNF224,0.004443192222875255
KLHL24,0.004439728122998135
OR4X1,0.004435401389545867
ABCA10,0.0044306752256131985
SLC6A7,0.00442762967174915
PLEKHM2,0.004425775429471382
ETV2,0.004424423636631075
ENTPD4,0.004423012358827827
CLCNKB,0.004420607217171247
PIP5K1B,0.0044202667150558045
MEX3B,0.004417982940346833
POTEG,0.004417703763477545
MOB3C,0.0044115212752712865
TNNC1,0.004410436306200831
ARHGEF3,0.004409836893622196
ARSK,0.004409348261747237
SLC17A5,0.004408430968146903
HOXB6,0.004406727261764496
KLRD1,0.00440116995148239
UBE2G1,0.004399463277645264
SV2C,0.00439781308529109
ATIC,0.004394670836821947
OR11G2,0.004391933558899271
RHOJ,0.004390722353082658
SLC7A11,0.004389956714817481
SLC16A5,0.004388995826482912
GNA14,0.004386098756696483
PAPSS2,0.004374376288988894
C15orf48,0.004374347008358809
ATRIP,0.004366966700508471
KRTAP10-10,0.004365031257102551
IDH3B,0.00435832362593645
MUM1,0.004350203836137294
TTC32,0.004349534014014617
TP53RK,0.004347849545754294
FAM50B,0.004343940503994109
BTG2,0.004343289372054848
RGPD1,0.00434259320856674
NIPSNAP3A,0.0043417166184232785
TMEM206,0.004339418562367113
CCL16,0.004338329627109546
ZNF165,0.004337381901512963
MTX2,0.004336746747360421
HFE2,0.004328946851003064
DZIP3,0.0043286614851131295
ABCF3,0.004326800331703788
NKAIN4,0.004326440082832167
ITIH6,0.004323165247557272
AKR1E2,0.004323030643138045
OR10J5,0.004322401926274249
KLB,0.004321678044561237
GPX1,0.0043204701507954645
SLC15A1,0.004318690028930704
EFR3B,0.004316959218582705
CECR6,0.00431641469408282
TTC24,0.004313471065042622
NIPAL1,0.0043131778350707275
CAV2,0.004313066231563201
DNAJC30,0.004310425272971332
THEMIS2,0.004309991816662914
BPIFB2,0.004307573937011823
MASP2,0.004302650874141985
C12orf76,0.00429982566594223
RASL11A,0.004299226459511361
CCDC90B,0.004298337326493741
SLC25A42,0.0042962680615436484
C17orf105,0.00429563836447309
SAMHD1,0.004293557909352952
VPS51,0.004282578646544831
PCBD1,0.00428213275673418
FCN1,0.004281697558559122
C12orf61,0.004280462928745963
DPM2,0.004275525756143109
NRSN2,0.004274652901499212
FZD2,0.004269843722442484
LRRC48,0.00426635295285503
FAM168B,0.00426547789694675
EHD4,0.004265341535773422
WDR65,0.0042630559826100185
ZNF189,0.004261200410702146
TXNDC12,0.0042598794341313605
CD276,0.004257677789501319
KIAA1644,0.00425549984523539
DUSP28,0.00425523581638821
CXXC4,0.004253632157949195
HEPACAM2,0.004252655549997969
RSRC1,0.004251626356777392
HLA-G,0.004249538950809359
SRPX,0.004242614465619524
C17orf80,0.004242281064604849
THSD4,0.004240368906015028
KIAA1324,0.004239722788792411
CYP4A22,0.004236620461546405
YPEL5,0.004234009352531427
DQX1,0.004233408842869596
RPS4Y2,0.004232839397038289
FAM50A,0.004229124552064986
DKK1,0.0042291140470419285
CLEC2A,0.004227826086514689
PTPN22,0.004227571046578895
IRAK4,0.004227493901826909
UBD,0.004216844148954694
C14orf159,0.004215038506474126
POR,0.004211468803271984
C12orf50,0.004209937802629243
PDPR,0.004207932020001776
C15orf32,0.004201876210079716
GPN1,0.004201696198182354
FAM150B,0.004199447432535614
KIAA1143,0.004192417330488902
GABRA3,0.004191593558960055
CUEDC1,0.004188499865828846
DYNC1LI2,0.004186454307270628
STARD5,0.0041839715055753905
HNRNPLL,0.004181819233543593
KBTBD8,0.004179380955029599
VPREB3,0.004178268742979706
TPTE2,0.004174353425075549
EME1,0.004172079908317685
EIF3I,0.004170594058743569
USP17L26,0.004167531575528498
STUB1,0.004166863244031874
TBC1D31,0.004165450009853441
IL18,0.004165124998055948
SPOPL,0.004164261294634869
PCSK1,0.004163246918690911
MPPED1,0.004162063193856548
GBP2,0.004160633046008474
CNOT8,0.00415933200092055
ZBTB48,0.0041499610249159605
UBE2B,0.004145372703522297
DNAJC5,0.004142671292154989
ERN2,0.0041424909292202975
C11orf58,0.004140465234691106
PALM,0.004139992327579434
ZNF250,0.004135243334374838
PDCD1LG2,0.004133629260651151
WDR64,0.004132952540430597
POF1B,0.004132304785687614
KLHL23,0.004131333424556952
SPPL2A,0.004127549602593303
IL6,0.004126708399585567
NPVF,0.004125398521051614
ZNF528,0.004124960246950078
ZDHHC11,0.0041194684167752665
UBL5,0.004118345033192015
C6orf15,0.004118083820052198
PAFAH2,0.004117114531562164
SYT14,0.004111699075731159
CXorf21,0.004110565506723819
GDPGP1,0.004109675148983952
CBS,0.004108973202795973
HOXA13,0.004107553030455613
PPP1R14C,0.004101906404340089
MS4A2,0.004100328859025943
OR2T10,0.004096968201730705
TMEM156,0.004095443028914109
KCTD18,0.004092465205627911
SH3GLB2,0.004090713564095292
MBOAT1,0.004089918175286253
FAM117A,0.004089105261042374
CCNH,0.004087633840323104
HBB,0.004085761160775239
RBM4,0.00408372753189756
PDLIM2,0.0040822274115945726
LUC7L,0.004082079656782154
ESR2,0.004081943588911888
CEP55,0.004077271599682373
GJB2,0.004073614527636933
ARHGAP28,0.004072570062599654
HIST1H2BM,0.004071676129509936
OR13H1,0.0040681107394526465
DDX60,0.00406597941735967
UFSP2,0.004062502540267445
ZNF202,0.00406043018332699
QPCTL,0.004059869988392359
MYLIP,0.0040578490697095486
ODF3B,0.00405669092260417
FKBP14,0.004051282044087226
OTOL1,0.0040480598301285454
SENP8,0.00404504436536868
MYADM,0.004037430590859891
MAGEE2,0.004033538847883226
CEP89,0.004030530246602371
ATP6V1H,0.004028282177364894
MORN3,0.004027233360482952
C11orf54,0.004023903024214695
MAP1LC3B,0.004023201965536912
ADPRHL1,0.004020296731850483
CAGE1,0.00401795180411813
ZNF860,0.004016987470494
COL8A1,0.004016734013178067
KRT35,0.0040146130194546525
DGAT1,0.004013199854454721
CYP3A7,0.004012993055852539
INMT,0.004007415581665691
ROBO1,0.004006249608813698
GSTM5,0.004005461328961889
LHFPL4,0.004004816336392938
RFFL,0.00400207788124816
RSAD2,0.003999935724239311
POU4F3,0.003999655588248722
KLHL11,0.003998338956592039
LGALS3,0.003996661990822466
C2orf68,0.003992485584726525
DNMT3L,0.00398825541658214
ZNF841,0.0039858122138636525
FAM73A,0.0039821196404864
C14orf164,0.003981736652555413
IQCG,0.003975043707418102
NPIPB3,0.003972768535628146
SMN1,0.003971207625106437
SPRR1B,0.00396785053171324
DRC1,0.003966622008602453
ZNF780B,0.003960810282639765
COX20,0.003958345700300134
ABCG4,0.003943628049266698
TDRD6,0.003939424698256277
RTBDN,0.00393602613771409
ZNF568,0.003935161734270795
SLC39A10,0.003934505660679095
CDX4,0.003928048660310213
CMC1,0.003923898972734165
UROS,0.003922814679300621
RSPH10B,0.003915602728509286
KLKB1,0.0039145025417858074
VIMP,0.003914081834694892
GTF2H4,0.003913936667578677
CALML4,0.0039123700909301055
RNASEH2A,0.003910842286508306
DSG3,0.00390363289295295
MMP28,0.0039033624060528607
AGA,0.0039030767878270975
ABCD2,0.003901796691401609
SYCP3,0.0039003842722237347
CCL22,0.0038920671983652317
YIPF1,0.0038900926020795806
NAALAD2,0.0038895608964162358
TPM3,0.0038895148771291126
RPL21,0.0038864329369415087
PTPN20B,0.0038863545431252304
SERPINA12,0.00388441016869257
OR5K2,0.0038831440211834255
LTB4R2,0.0038830765962684505
TNS4,0.0038811790146527853
AIDA,0.0038788085119848066
ARFGAP3,0.0038783710659017006
ZNF516,0.0038776204243527444
FAM160B1,0.003877256620848548
MOB3A,0.0038763867287861555
PFN4,0.003875615021924859
FBXW10,0.0038726473748719892
KIAA1377,0.003871767361412179
FASTKD3,0.0038710458054436944
CAPN9,0.0038701640715054207
C13orf35,0.0038690863960864756
LYPD3,0.003866773086231171
PSPN,0.0038641141904180855
PLEKHH1,0.0038637539690876393
IFT52,0.0038604556162281423
NPS,0.00385930629697362
CLGN,0.0038581324830030735
CD244,0.0038553849572189117
LAG3,0.003840638518713762
C4BPA,0.0038400310390256562
SEZ6,0.0038296654218048735
MED18,0.003829086871183839
KRT4,0.003828045501611022
GSTA4,0.003827891521743944
C5orf34,0.0038232894096339827
CNKSR3,0.0038222812453253814
NKX2-8,0.0038204924925507324
DNAJC15,0.0038188074067975796
NTPCR,0.003816492770406988
TRIM21,0.0038158266607956374
LCE4A,0.0038080054430028347
CSRP2,0.0038071530034840847
RSPO3,0.0038055839602378055
SPINK6,0.003805170748688954
SLC35A1,0.0038034535008072763
TFF2,0.0038033676338992714
C5orf54,0.0038005328556468014
OLAH,0.0038004237802847255
BOLA3,0.003800274163777545
PRKAG1,0.003799758410126559
ZNF480,0.0037988688042301694
FAM154A,0.00379552958396963
TEX26,0.003795416106978356
ARHGAP11B,0.0037930375285224714
IL2RG,0.003792421709417052
SFT2D2,0.0037889013268182915
CCDC53,0.003786224310707463
BCOR,0.0037817906532518646
GLT8D1,0.003781273803717336
TIGD1,0.003781126245289023
NUTM1,0.003780512287071316
RILP,0.003780135299586828
KIF6,0.0037785280837163084
AHNAK2,0.0037773295026534213
NT5M,0.003774500380456776
SPSB4,0.003769619542011301
ASB18,0.0037695217786560945
KRTAP20-2,0.0037687678194178948
CDY1,0.003768048717527315
LRRC70,0.003766265934528165
MYOZ1,0.0037654000816157622
PCDHA2,0.0037613631589007604
RAB2B,0.003760811726761424
H1FX,0.0037573099645916066
NT5DC1,0.0037566302712608354
RPL41,0.003754059181631363
CLDN25,0.0037484648435177842
SELO,0.003746506922274077
HIC1,0.0037432927418018535
CD109,0.003741923338451127
SLFN13,0.0037417879736784394
ZNF45,0.0037405030504495873
TIMM8B,0.0037400098737837254
TIRAP,0.0037398451644998923
GOLGA7,0.003737272449990804
STAT2,0.003735929358586151
POTEI,0.0037342405703304454
SLC35D3,0.0037303947568287934
SH2B1,0.003730101545239552
NANOGNB,0.0037270105909459135
TM4SF5,0.0037253167356150795
ILVBL,0.003723800247360138
RFC4,0.003718954117638227
NDOR1,0.0037132351879393738
CCDC12,0.003712694001468995
SPOCK1,0.0037112045599666742
C6orf57,0.0037103673833581673
PIGX,0.0037089190378064123
N4BP2,0.003708595532195222
KRTAP12-3,0.003705534780588372
SPINK1,0.003704717273592253
TRHDE,0.0037016594499184982
RNF133,0.0036997335167517245
BLMH,0.0036996240362450594
TRIM56,0.003696341357011738
HIST1H4J,0.003695762823396115
DAP3,0.0036913368889346797
TTLL2,0.003690714479974503
RHBG,0.0036900315432553434
RSPH1,0.0036890967520746627
NQO2,0.0036888167093574544
HSD17B8,0.0036869834246834013
KLHL28,0.003686543487190834
RGS8,0.0036863388864725724
GNAZ,0.003685704490440877
TLX1,0.0036852065264878606
TBC1D29,0.00368317704375179
TM4SF19,0.003678859495816143
OR2M3,0.0036784412570523006
C2orf44,0.0036769559392003056
C1orf204,0.0036752480371608975
RSPO4,0.00367196786307685
NDUFA6,0.003670727185164076
DAPL1,0.003667217184017386
FBXO34,0.0036666293828713148
COX4I2,0.003666597303526293
ANO5,0.0036653340593261904
MRM1,0.0036632617404409426
SIGLEC1,0.0036613382857554363
RNF138,0.003659686309879205
PLEKHG4,0.0036571799879630954
OIP5,0.0036519295671323714
RABEPK,0.003647967183967839
C22orf39,0.003639524513005513
RABGGTB,0.0036366808022413022
OR4N5,0.0036356866498470065
NPSR1,0.0036334761884848966
RIBC2,0.003631438495299459
TRMU,0.0036311169351303098
FBXO25,0.003629575069401839
SGTA,0.0036276087856147335
FUZ,0.0036267396982113524
SCNM1,0.003625367880967925
GPR22,0.003624129170468537
MYO5C,0.0036239739676486075
FOLR2,0.0036235826090951846
KLF15,0.003622913889378876
SETD6,0.003621037207051638
FAM3D,0.0036183893597941464
SLC5A4,0.0036182114764269544
NT5E,0.0036174156331395743
LAMB4,0.0036171622082183915
C9orf72,0.0036157537201092133
SNAPC5,0.0036137850917045654
ZSCAN31,0.003612835671292194
HS3ST6,0.0036052905447621192
TAF1C,0.0036052418562012977
TRPV4,0.0036017103510483247
CCER1,0.0036006772128359377
RNF151,0.003597077992826793
EME2,0.0035969464720880984
PIF1,0.0035941525246399736
TMSB4Y,0.00359201439115785
KIAA1614,0.003589578883950602
SLC39A4,0.003586226888560004
BSPH1,0.003585878938787076
TNFRSF18,0.003583624055450644
DEFB129,0.003580953489262097
CFHR2,0.0035804040327146753
MTRF1,0.0035802537588617467
NME2,0.0035770394161698336
OR6B1,0.0035711065748724766
LIFR,0.0035702129066020917
BPY2,0.003569500275200648
SYT15,0.0035678253837857212
RNF19A,0.0035648013631020443
MRRF,0.0035619026600509623
CXCL13,0.003560045148391671
STK4,0.0035594923547966973
IFNA17,0.0035590531668876196
RAB31,0.003556709863363581
LSM2,0.003556262739838727
H2BFWT,0.003555986282673141
ZNF680,0.0035520650875506586
PLA2G2C,0.003542120508367896
DPP7,0.0035404755344150144
COMMD7,0.0035368651467037504
CBR1,0.003532066118745157
TICRR,0.0035283091481080825
PDLIM3,0.003526536952521915
FUT4,0.003526093061948908
CEACAM16,0.0035231850051437785
DDIT3,0.0035229210210749084
PIGC,0.0035185810594367804
ADCK4,0.003517131649669201
SLC6A17,0.003515545173004053
GINS2,0.0035154060153358554
COL6A5,0.003513378272183491
CHMP1A,0.0035075400270835186
C19orf68,0.003507223203773903
UBR1,0.00350701530072467
CRYGD,0.003505047269583927
SLC9B1,0.003503593649054547
IL36B,0.0035035465205059822
EDIL3,0.003499202230664029
SOHLH1,0.003498843768656353
GAS6,0.003498392197800218
AFAP1L1,0.0034981540934014284
EEF2K,0.0034977502305623765
PRDX6,0.0034972607289922345
DAPP1,0.003496812463457601
CEBPE,0.0034967310564204684
DPH5,0.0034964463943701132
C7orf49,0.0034951884906884194
GFRA1,0.0034916529327814814
PANX3,0.0034897795170171584
B4GALNT1,0.0034883247078948583
GTPBP6,0.0034880207410351127
LACRT,0.0034858713606126996
MICALCL,0.0034849238220607055
ZNF318,0.003484577653744939
LGALS13,0.0034824536067924873
SARM1,0.003481309764244673
TMPRSS11D,0.0034812052852070865
IPP,0.0034777568495679818
ADIPOQ,0.003477645960678323
KRT9,0.003476951493623555
UTP11L,0.003476038170298421
FAM167B,0.003475704705446465
OR4K15,0.003473722776480362
ATP2A1,0.0034696357650462906
TYW5,0.00346963423454559
NFAM1,0.0034694927563902905
CEMP1,0.003466548400163205
EVI2A,0.0034649835482095806
NPFFR2,0.0034644888470649958
IGFBPL1,0.003463777698831325
CCDC74B,0.0034630082269295585
DTD1,0.003458466084186584
GPR101,0.0034574048953906747
TSEN2,0.00345586598100407
TRIM36,0.0034518087853784535
C3AR1,0.003450957323968153
DDX59,0.0034452843218827187
PDIA5,0.00344510963256376
MIF4GD,0.003441411991852157
DAZ2,0.003440234206981113
CTBS,0.003436361903573674
DCAF4L2,0.0034345289869943778
PPP2CB,0.003431406282275069
ASS1,0.003425315758602026
ATP5I,0.00342245676002354
DRG2,0.003420972629418338
CST5,0.003419480865124291
OPRK1,0.003418607434655373
FAM173A,0.003413977117991266
GRP,0.003413443736291993
TDG,0.003411459150239729
POTEE,0.003407385670187566
GCA,0.003406211042299519
ANKRD33B,0.0034031675514520935
PRKCSH,0.0034028686706729042
DOK1,0.0034009108604939955
TUBA3C,0.0033984091103674407
TGM7,0.003398207222474104
DHRS7C,0.003397498853887903
KLHL5,0.00339702233826494
RPS5,0.003396750028609574
C4orf36,0.0033959822362245977
EFHC1,0.0033954825250796595
TINAG,0.003394970004787379
RCVRN,0.0033927020089978017
HEBP2,0.003385963974637029
LRP5L,0.0033853612684263757
RPP25,0.0033822196100758393
TACR3,0.003378389975212926
IRF9,0.0033726389332855446
EMCN,0.0033719510545440635
GCNT1,0.003371747180583556
XKR7,0.0033683649406362733
ANKRD33,0.0033663813643074374
ATP6AP2,0.003363766286379714
KRT37,0.003362494110291694
AAED1,0.003360916201797836
PCDHB15,0.0033603991151839605
FGF12,0.0033582737690115104
CCL3,0.003356603657629415
MCHR2,0.003355087370808594
SLAMF1,0.003353522722796664
ICAM3,0.003350793166835525
GLCE,0.003349354148935246
ZC2HC1A,0.00334598561711143
ETV7,0.0033453539737019096
SULT1C2,0.0033438678560371374
SLAMF9,0.0033420377208657603
LGALS12,0.0033353675303445162
SLC7A5,0.0033341598825257688
TMEM192,0.0033317006257313217
ERI2,0.003325710489546247
MMP20,0.0033242798319630226
ALDOB,0.0033209716186056743
TAS2R50,0.0033149873082619096
ALDH7A1,0.0033136063174448766
CGA,0.003310183225022526
MTERF,0.003309851639714963
SAGE1,0.0033097353608574098
C9orf47,0.003309236517600913
TTPA,0.003308251015691699
RTDR1,0.0033064725038188013
TEX12,0.003306285023573679
SLC7A4,0.00330517209199463
LRRC32,0.003305171604417782
KCNC4,0.003303768622229797
CTXN1,0.00330281757777343
KDM4C,0.003301356704623158
PARL,0.0032892858343037145
CXXC11,0.0032861596896497764
ATPAF1,0.0032857103833065144
SPATA7,0.0032848325643924014
EMC9,0.003281713474850833
IFIT2,0.0032804010593014857
RBM14,0.0032791854777931336
PPIL1,0.0032788296215300935
POTEC,0.0032768888170881505
SCAPER,0.0032761698120252723
RCHY1,0.0032732348940027493
C17orf49,0.003272594647120205
CHAC1,0.0032704359065520413
AGAP7,0.0032690948650909582
OARD1,0.0032679246556358006
TMEM132B,0.003263675267768142
PPM1J,0.003262299862494096
INO80C,0.0032576379661025286
SIPA1,0.0032563806457560473
ISM1,0.003256347180062842
NEIL3,0.0032559440073379026
MRPL55,0.0032557412356320793
GNAI3,0.0032514583140707235
EIF3C,0.003251378708742152
HIBCH,0.00325059384204835
ME3,0.003249275521068584
CDC25C,0.003246632608341874
BHMT2,0.003246256245119382
ARHGAP22,0.003242562246595744
OR6J1,0.00323534960431215
MRPL37,0.003235250760813757
ODF2L,0.003232643686499878
AKAP2,0.0032322120368349083
PFDN1,0.0032321914779824728
MXRA7,0.003231684442836625
ZNF567,0.0032303040460650544
DSPP,0.0032254843837299075
PSMF1,0.003221309205570132
GIMAP8,0.0032210036352417004
CCDC132,0.003220173334738005
CPNE7,0.0032194647269878536
DHX29,0.0032184268509142704
TCP11L1,0.0032182691975650895
IGSF6,0.0032182619785119364
FBXL3,0.003215175910455855
HOXB8,0.0032100269533456393
CHST3,0.0032070855475464844
OR10G2,0.00320287334642918
FITM2,0.003202550304736757
OR6X1,0.0032017934351387797
SLC25A24,0.0032006745520260504
HIST1H1B,0.0031960131730306416
TRIM6,0.003190176147354815
GPCPD1,0.0031874157568578415
VCX3B,0.0031855181191367903
IFNG,0.003185170593567143
CD200,0.0031823092105133914
CASC4,0.003180165445542747
GALNT14,0.0031765943279650592
SEC14L6,0.0031763027585068977
MMP27,0.003176021983719014
TIMP4,0.0031742291506713215
KLF9,0.0031719498635882086
NUP133,0.003168183205775424
LEUTX,0.0031663495860685667
FAM20A,0.0031661540902101363
TMX1,0.003165300455501017
ABCD4,0.003160795829921777
LRRC2,0.003158200460245413
MOCS2,0.003158141250735162
PEX10,0.003157962322070574
OR10A7,0.0031574337489127164
NXNL1,0.003154537139197591
TAB1,0.003153960196619167
DDIT4,0.003152398854963013
IGFBP1,0.0031519111238148155
CSTA,0.0031493997280744638
FMO3,0.003145653610534868
FOXD3,0.0031444798502940742
FAM84B,0.0031444381764962003
FBXL8,0.0031438291724733562
DIRC1,0.00314379547019054
RNASEH1,0.0031415158308782548
UBE3A,0.0031403456168279916
CYP7B1,0.003139518484342065
CSNK1A1L,0.0031394598949105756
SPATA21,0.003133429231264426
RARS2,0.0031330987530361807
ARHGAP1,0.0031325184926915325
TFEC,0.0031309656279775054
ANO10,0.0031292902768406106
SLC27A4,0.003128461173661283
MSRB1,0.003127851063328327
TNNI3,0.0031276343990352933
ARGFX,0.0031241626295422736
ATG7,0.003123743771036335
ARL6,0.003123588031794111
OR14I1,0.0031214317541033887
TMEM248,0.003115293708088254
TTI1,0.00311340383924889
NUDT13,0.0031122203978211087
TUBA3D,0.0031091378727464538
YIF1A,0.003107884719143257
TDRD9,0.003104556181768799
HIST3H3,0.0031045000693492213
NKX6-2,0.003104015456687346
COL28A1,0.00310340509677997
ZNF566,0.003102163289062455
XRCC3,0.0031019224313275045
CXCL17,0.0030997665688531815
ARMC6,0.0030948544877950385
TIMM17A,0.0030945946797953823
CTU2,0.003094284776907673
ULK2,0.003092680524325938
SLC46A3,0.0030883766278529583
NRARP,0.003085179284608462
DSC2,0.0030812685995684963
YARS2,0.0030803888569795337
POSTN,0.003079687771233731
FERMT1,0.0030780254130876707
HBQ1,0.003077474626754453
FAM110A,0.003076366852504383
FAM195A,0.0030758731503465614
CEP72,0.0030744611742116426
NOTCH2NL,0.00307438128855542
ZNF497,0.0030729235133859357
CAMK1,0.0030717471792388023
SLC25A39,0.0030650809914616753
NUDT19,0.0030646398301864986
GPX7,0.0030611397097983157
DDX49,0.0030604585540910906
OR10A2,0.00306014839354329
C20orf201,0.0030594355795977163
IDI2,0.003057701407027201
SPIDR,0.0030568086945904683
MED11,0.0030567452935043255
XCR1,0.0030473582013288486
FAM57A,0.0030452381463855795
ABHD14B,0.003044387452186775
C10orf129,0.0030442399764590337
CAPN12,0.003042283488207659
CHURC1-FNTB,0.0030386422988892396
SPRR1A,0.003033355373939606
FAM171B,0.003029423216624769
GPR25,0.003026524308481804
EFCAB12,0.003017104742628772
MYL2,0.003016821404708185
SLC4A7,0.0030162447161355232
PACRG,0.0030153571747737425
SUCLA2,0.0030141433914909967
ZNF562,0.003014012995088215
AMIGO3,0.003012482674208054
COQ2,0.0030120857254093015
SLC12A7,0.0030114963305227344
C9orf3,0.0030073413254449836
RPL22,0.0030066153706316337
NIP7,0.0030045966171506236
TRIM22,0.0030041239903188634
SLC22A14,0.0030034873204762957
ZNF16,0.0030031894756571125
CASC1,0.003002279100486414
C2CD4C,0.0029961437475958677
BCL10,0.002995191250254674
KIAA0391,0.0029904825799162015
ACTR3C,0.0029865033375068824
TOR1A,0.002986103871146021
LOC100133267,0.0029853101546929287
SPDYE1,0.0029811698159683867
GCNT2,0.0029806676764591576
HMG20B,0.0029775176427099138
MIIP,0.0029737563246526803
GNRHR,0.002973701612210826
PRPH,0.002973586735850041
APOBEC3H,0.0029729533211097572
TRMT44,0.002972880776871195
LGALS7B,0.002972852924567541
NUDCD1,0.0029701517405749524
CXorf64,0.0029679208183545575
S100A7L2,0.0029666940202508884
NEBL,0.002965850933851832
PSD,0.0029617344911419957
CD68,0.002959385922508889
MAD2L1,0.002958699940813674
HIST1H3J,0.0029585892949571075
TMEM87A,0.0029584514805518825
SLC6A13,0.0029568662793738373
PIGW,0.002955463045788605
OR52N5,0.0029548064713813037
SYT4,0.002954654452004266
FGFR1OP2,0.0029534597046832717
FAM90A1,0.0029511815765135624
TP53I3,0.00294985451081463
PSMB10,0.0029489469318439787
NLRP8,0.002948327109442384
ANKRD35,0.002947553956289068
PARP10,0.0029473614864184428
CASP4,0.0029455668198849587
OR1L1,0.002945046714360711
RPP38,0.002942943279301667
ARL6IP1,0.0029423063732537083
SNTG1,0.002939504536535967
DCST2,0.0029393841817385506
KRTAP19-4,0.0029356680208136284
GAMT,0.002934916053125316
SPEF1,0.0029347716531837867
FGD4,0.0029336565516810535
MYL5,0.002931862523830882
NLRP9,0.002930488430961824
PPIL2,0.002929958898865364
ZNF280B,0.0029295343897778213
POLA2,0.002927693708923056
FBXL13,0.002927612589520905
RAB11FIP5,0.0029263274007223926
TAS2R3,0.002925910185127352
SPHK1,0.0029245930570468803
TMEM87B,0.002922836808717659
SKA2,0.002922451690173228
LSM14A,0.0029187259347330935
CXorf36,0.0029167370863935073
CD27,0.002914737370971518
CEP250,0.0029139520673441164
KRTAP9-3,0.0029108942087506346
FGF11,0.0029100009791997376
HEMK1,0.002906098657813937
FAM169A,0.0029040384443477585
CYP4F2,0.0029039982636276697
NUDT22,0.0029039818728351374
NR0B1,0.002901607819797341
TIFAB,0.0028977716176812676
MARCH9,0.0028964523472211024
TAF1A,0.0028949139987647435
CUL4A,0.0028947921526821904
RFTN2,0.002890027473129129
WDR72,0.002882692564531629
MANBA,0.0028760407322729374
PRSS38,0.0028755512151799373
GBP3,0.0028755096713036286
OGFOD3,0.0028742982169703245
TUT1,0.002871773210694057
C1QBP,0.0028695315286328908
STAT6,0.002868928104419602
LRRFIP2,0.0028688792726196586
SUSD4,0.002868516099552866
ACTA1,0.002867816750875026
NR1H2,0.0028674406809281448
ARHGEF1,0.0028674332929356614
LYPLAL1,0.0028673974024202376
CD52,0.0028667573765366115
OLFML1,0.0028655094307387117
KLC3,0.0028654919599102814
IL4,0.0028620955657436974
CREB3L2,0.00285474154601009
S100A16,0.0028533136161292432
CPVL,0.0028486527621205578
GSS,0.0028474471620096795
RNF207,0.0028468462346205774
SYT8,0.0028464377318238184
MMP1,0.002844471753753962
PPIAL4A,0.002834748947364905
CABP4,0.0028328450939747937
RAP1B,0.0028322951808925174
RBP1,0.0028316423210434545
SCNN1B,0.002830398526377252
KRTAP4-5,0.0028257995518537987
ATP6V1F,0.002823238523191351
RARRES1,0.002820156580055314
ZFAND4,0.0028187625997417956
F8A1,0.0028184615054689583
UBE2D3,0.0028155054795768503
CENPQ,0.0028148520764667753
ALKBH3,0.002814255593821182
PKD2L2,0.002813573277320917
DEFB127,0.002812069057817758
ATP13A5,0.0028102791847900103
WARS2,0.0028098305737241395
NHLRC2,0.0028090553131845954
NPC1,0.0028078347653635377
NECAB1,0.002806379349556511
CAMK2D,0.0028049448835911726
GUCY1A3,0.00280423285246164
CCDC84,0.0028033463114392615
CCDC114,0.0028028528626393282
CARD8,0.00280246437541718
SNX16,0.0027983690307882042
SOX3,0.002797604997781702
C8orf76,0.002796293324497033
XPA,0.002795444615041171
HLA-DQA2,0.0027905956825152456
R3HDM1,0.0027886439610162253
DEFB134,0.002784787929625058
ENTHD1,0.0027841604204267515
ORAI2,0.0027837105182850763
DEFB1,0.0027814748976915916
AOC2,0.0027723155154866586
KIAA1191,0.0027701508442304697
SOD3,0.002769960177868022
RABIF,0.002765433226313245
POPDC2,0.002764711512850791
SASH1,0.002764698204007208
SLC9A3R1,0.002763769962620206
ABCC1,0.00276193282953434
IFFO1,0.0027572380999313227
TEX28,0.00275449492083549
DTX1,0.0027538865310871756
JMJD8,0.0027507229254792485
GTF3C5,0.0027502195770934173
PTGES3L-AARSD1,0.002748805212069443
WDR53,0.0027488011369744955
POLR2F,0.0027482757353997837
RNF175,0.002747970321172746
RTP1,0.002747835837939263
WDR24,0.0027460977172940205
L3MBTL4,0.002744445837412865
ATP5D,0.002742988537263431
S100A2,0.002742784452105886
KLHL12,0.0027424519789838427
FAM151B,0.002739371703154911
C10orf90,0.0027377437027275146
PPIL4,0.002736601437984095
TBC1D24,0.0027359273094080035
PI15,0.0027332187968404356
SEMA6B,0.0027309569848792113
GCNT7,0.0027303084143047926
RHBDD3,0.0027285067538491063
GGTLC1,0.002725590190214074
PEX11A,0.0027255531736938153
RIN3,0.0027224167642460116
NRG1,0.002722240951580025
COMMD5,0.0027189145564087062
RPS15A,0.002718025467230685
EFCC1,0.002717868613759102
NHP2,0.002716074572454664
SP140L,0.0027138569193611555
MAP2K7,0.002713181831627113
NOL3,0.0027116965149530914
RCC1,0.002711244095901714
SHMT1,0.002708600632075368
FCRLB,0.0027061412350316665
TTI2,0.002702923293197719
ITGB6,0.002702880621462795
MYL1,0.0027028388676538623
ZNF365,0.0027018900122070897
C1QTNF9,0.0027014259826436664
LTV1,0.0027010380955715726
RSBN1L,0.0027008113465138333
GSE1,0.0026991855457755413
C4orf22,0.002697600082077536
MIPOL1,0.0026957778208825966
APOL6,0.00269541243143662
ZNF669,0.0026943345939631075
HES6,0.0026888136737282407
RAB3IL1,0.0026848674045081345
KRT72,0.002682012170983149
TIMM10,0.002676728454541584
IRAK1BP1,0.0026766410520030004
GLP2R,0.0026740851401058545
PARP12,0.0026740796596939685
TNFAIP8L3,0.0026731175529529153
ANKRD39,0.002673113708936092
MROH2B,0.002672528449542662
C10orf55,0.0026703325911068953
MAP9,0.0026693860434770468
MRPS5,0.0026689547516552986
FOXE1,0.0026672704792330853
IL10,0.0026630625092883423
PRSS55,0.002662406638521889
CDK9,0.002662308100723511
FAM89B,0.0026611608621437033
EIF2B3,0.002660587112761798
CHCHD1,0.002658483483681638
ZNF526,0.0026560125102331952
PTCRA,0.00265350582384741
GINS1,0.0026523109322468324
SLPI,0.0026521225438390066
P2RY6,0.002647843782840788
CARD16,0.0026387683985330556
CDCP2,0.0026366464870063457
DECR1,0.0026317252439389165
C12orf65,0.0026306524379464406
WBP2NL,0.0026301890164012417
ARHGEF35,0.002627246952408037
ARHGEF15,0.00262604205123851
EMB,0.0026260291558763095
CCNY,0.002625977145299186
CHD1,0.0026247652612623844
HOPX,0.002622649058509644
OR8B8,0.00262172854803564
CRTAP,0.0026216449801883977
BATF2,0.0026210504107322783
CAST,0.002620363474892947
TRAPPC3L,0.002615965900964727
CLPSL1,0.0026134326273433302
UAP1L1,0.002609320173628549
JMJD4,0.002607318922781282
RNF144A,0.0026069580142617688
PRMT6,0.0026015211225833214
THSD1,0.0025971005774784975
PCDHB7,0.002594055451294937
PRSS37,0.0025900664276270473
ODF4,0.0025899755523562783
BID,0.002587716166282527
KEL,0.002585025075607887
LINGO3,0.0025838891922708163
APOBEC3B,0.002583834465202117
HAX1,0.002582240505507458
FAM174B,0.002581359998044418
CCDC87,0.0025811042369682036
HESX1,0.0025784614063352504
ACOT4,0.0025777557462864724
TMEM64,0.0025775593795276386
DHRS13,0.002576350997426105
DAPK3,0.002573472733589464
RBM19,0.0025724526556533058
RPL12,0.0025720531359928423
NR1I3,0.0025717068206085624
SLC7A13,0.00257106508681004
CCDC157,0.002570126627943589
TNNI3K,0.0025673495002640524
UXS1,0.0025672891732094424
ZIC4,0.0025640789116547925
SLC51A,0.002563327017974791
MS4A8,0.0025629344258168672
WDFY2,0.0025610524661099482
SLC37A3,0.002560971130897793
DMBT1,0.0025606564673145635
WBP5,0.00256023260998955
TULP3,0.002558890487834801
CLDN19,0.0025582637792929287
RPGRIP1,0.002557981159293851
PCBP4,0.002557187988476263
ST6GALNAC4,0.0025566374230008766
S100A6,0.0025562695950010128
TMEM79,0.002553661060663159
CIRH1A,0.002553081970309981
PROKR2,0.0025525743840421164
ALX3,0.0025525263410971833
ATG10,0.0025523333967584962
ADAMTSL3,0.0025502373694894632
GPR148,0.002549244310224589
GZMM,0.0025486611171854218
CCDC94,0.002547250908471106
SLC35G5,0.002546263010367287
MRPS17,0.0025459499009315815
CDY2A,0.0025456162499872003
POC1B,0.002544464326124072
NMD3,0.002543752489458232
EPHA1,0.0025433152518942897
EXOSC1,0.0025430037941457494
TMED6,0.0025429091753407128
FGF4,0.002542758209291507
C2orf73,0.0025424932207446962
PDCD2,0.0025411620142903623
QPCT,0.00253843209678386
SKAP1,0.0025336345648227865
TAF1D,0.002531718848939197
M1AP,0.002530972805443797
TMEM242,0.002530041023078819
LPIN1,0.0025294155849011845
CCDC158,0.0025271380727215713
SPESP1,0.0025257059978030776
DCP1B,0.0025248373004065983
IMMP2L,0.0025241161033064553
HCRTR2,0.0025226456825058635
PAEP,0.0025194825259509564
METTL25,0.002517038233735433
TMEM8A,0.0025166969959110855
STRA6,0.002516179134255635
C2orf81,0.0025155889538271054
FH,0.0025134087767594545
AKR7A3,0.0025116698455512807
CD58,0.002508520290625047
ZNF614,0.002506299962404693
CPNE8,0.002504319455573145
KIAA1324L,0.0025040235344122963
KLHL7,0.0024917982593685175
HK2,0.0024886219489643553
FAM53C,0.00248588382618001
SLC2A12,0.0024856138790190735
MRPL40,0.0024847917217598776
TLR5,0.0024845618916342705
HAPLN1,0.0024841013448579988
WRAP73,0.0024807796791123907
TMEM256,0.002476291090690826
LCA5L,0.0024750600198776675
ZFAND1,0.0024742329119909687
TTC31,0.0024692234109210892
PHYH,0.002468074822814441
C21orf91,0.0024661484252886446
LRRC20,0.002463372716308316
MCTP1,0.0024632141756592268
PRPF18,0.002461918522859934
ZNF485,0.002461602542544966
SLC25A1,0.002461051068936045
GPR151,0.0024594195877970454
C9orf24,0.002459262747211003
PDZK1,0.0024583014458705943
TDRD7,0.002455170220518786
ZNF618,0.002454324551370593
SLC6A16,0.002452603963271601
SPATA2L,0.0024510816549271623
CBX5,0.0024495838736181765
SCGB1D2,0.0024489862900653357
PDE6G,0.0024476109115274996
SNX32,0.0024474480495078376
FAM103A1,0.0024470112186357447
CMTM1,0.002445976925581955
ID1,0.0024397860589918724
NLRP11,0.002439478781115581
IL10RB,0.0024385363374558504
CCR3,0.0024384514986547246
SH3TC1,0.0024375107689871404
TMEM127,0.002436849552101773
LYPD6,0.002432726773111359
SDC3,0.0024322896234030313
MBLAC2,0.0024307404362917473
OR10Z1,0.0024303077536253666
CRISP1,0.00243015043237298
ZCCHC12,0.002428025182183383
POLE3,0.002422822191334685
CASP6,0.0024225996123063416
C12orf10,0.0024216298332586823
HSD17B7,0.0024184916078996335
COX7B2,0.0024182971001073966
TMEM225,0.0024179776168782884
OR8A1,0.0024171322288208774
B4GALNT3,0.0024170392633928186
PLSCR4,0.0024169981318409093
TRMT1,0.002416310669279583
ZBED6CL,0.0024162023572767096
DEFB112,0.002414949324114727
ENPP1,0.0024144048996442825
SLC30A8,0.0024135272625797123
YWHAH,0.002409921324189001
ARL2BP,0.0024091298162881376
DENND3,0.0024086602321958823
AFM,0.0024084928331484616
WDSUB1,0.002403135666639369
MC5R,0.002402390831208492
TMEM150A,0.002400567818568383
GPR84,0.0023993461860907428
NPTXR,0.002398594832078898
ZNF460,0.0023985696147285854
APOBEC2,0.002397068474267379
TMEM161A,0.0023970576541228537
PHYHD1,0.002394023538098244
HMGN5,0.0023938766756812484
ANKRD34B,0.0023921356240407714
SLC4A1AP,0.0023920184491345565
AADACL2,0.0023900264223504527
DPH3,0.002388682894543045
PFDN4,0.0023866491644522116
GDE1,0.0023848027248204364
SLC22A9,0.002383616929248155
PTPN13,0.0023822893993562396
STRA13,0.002381648278773151
CHGA,0.002381622048893042
SLC25A4,0.002381194550297355
NCAM1,0.0023805708467478006
SPATA18,0.002380129181248039
PITHD1,0.0023752297745613686
VSTM2L,0.0023752063253314123
PRKAA2,0.0023745713260033894
TUSC5,0.0023734547766462934
AGER,0.0023732691377779643
CD55,0.002368910003584523
KRTAP9-1,0.002365994346926207
SALL3,0.0023659802284026073
NPC2,0.002362173681644413
HTRA1,0.0023614214376471146
CENPK,0.0023603068469511446
CDCA5,0.002359991809580602
TRIM42,0.0023597411109734043
MPL,0.0023593646532466196
GFM1,0.002357234158297142
ALPP,0.0023570164052597355
EN2,0.002355953000422774
INSC,0.0023558715716706343
CPA6,0.0023543617159254085
SLC22A24,0.002353895824160564
CDKN2D,0.0023515936656947484
AMY2A,0.0023509985052049976
THAP11,0.0023483992895210796
CCDC18,0.0023468781421412
DMRT2,0.002344590831917436
PROCR,0.0023437563969828296
KCNK6,0.002342347593279778
EDEM1,0.0023361797104486603
HSD3B1,0.0023332396193829073
TNFAIP6,0.002332143371804419
RIPK2,0.002330257644785789
SPTSSB,0.0023255622455642965
MYH15,0.002325324738927528
CD53,0.0023199050708225056
FAM206A,0.0023193959264488574
INTS9,0.002319190994462682
DTD2,0.002317823552745682
IFNB1,0.0023159162609254257
PTCD2,0.0023138835430835994
TSPAN3,0.002313663623378828
EPO,0.0023115080568058563
PLA2G12A,0.0023105725506574006
ANGPTL7,0.0023060208612372245
SLC25A3,0.0023056502287483165
TRIM10,0.0023040681811522874
MAN1C1,0.0023039524261011975
RHBDD1,0.002301659936468453
SPACA5,0.002300089992559762
CLK1,0.0022984998720996094
MPV17L2,0.0022958182641721545
VHL,0.002292976847742527
GOLGA5,0.0022929488086206318
CXCL12,0.0022927874489467727
AMER3,0.0022927699940464884
TTC7A,0.002291547995809059
ANXA9,0.00229078716189184
GRXCR1,0.002289833077988603
PI4KA,0.0022895363592920076
TMLHE,0.002289360095949972
C3orf18,0.002286871458091223
DEFB121,0.0022855607511421162
C9orf89,0.0022851423873032615
AIPL1,0.0022848402410812958
COG2,0.0022832595264668
IL18RAP,0.002282896327831568
SYDE2,0.002280212869283604
UGT3A2,0.0022795201576503326
PPM1F,0.002276576747313214
KIF2C,0.002275692956758418
ZNF37A,0.0022755783539801988
PSMG1,0.0022750919593590158
RFNG,0.0022749226257711614
COQ6,0.0022735575148360864
CCNB1,0.002272834551170143
TBXAS1,0.0022723389179944015
STK19,0.0022710859770916233
DYNC2LI1,0.0022690300429679647
WDR12,0.0022678372896049307
MAP6,0.0022669141281355908
PARP3,0.002264479030060361
BMPR1B,0.0022644688418721813
IGFL2,0.0022641637372951408
CD164,0.0022637710757428095
TCIRG1,0.0022624166400946515
ZFY,0.002262103675642785
PDCD4,0.0022594814942135054
ATF3,0.0022578150678861228
PGAP3,0.0022561793179062817
ALOXE3,0.0022558419351356622
ECSCR,0.002249239468427077
AGAP5,0.0022491444059077126
NBPF4,0.002248930112658339
ITIH1,0.0022475083250183925
HMP19,0.0022472177069745533
C4orf6,0.0022456954078950387
PADI3,0.002245592004106795
TGM5,0.002239487631319106
ARV1,0.0022393284051481555
C14orf39,0.002237670533884657
CD274,0.0022364617962963404
ZNF443,0.0022363854280146056
YY1AP1,0.0022356016609922248
PRM2,0.0022321793922695232
ECSIT,0.0022320300742912874
ZNF263,0.0022318877512195303
GPX8,0.0022304690198662615
CD300LD,0.0022299450081047496
PHEX,0.0022289830498331883
SNTB2,0.002228809018030256
TMPRSS4,0.002228715974355691
C8orf86,0.0022281732659694942
IL27,0.002226796088584533
PDE1C,0.0022243977891916946
CT62,0.002222135588194418
ZDHHC3,0.0022202932014042053
SAMD14,0.002220151364466603
SPDL1,0.0022164249029448992
PLAC8L1,0.0022157717080037577
ZFP41,0.0022133775329399264
CMAS,0.00221313520990595
NCL,0.0022129303121937944
ITGA4,0.0022102208288425768
SIRT6,0.0022094857714826666
NUDT7,0.002205594696891669
GIPC3,0.002205383745294827
ASB12,0.0022050710800353684
IGDCC3,0.0022038037391089948
TTR,0.002203669189448168
SLC51B,0.0022034128738494738
MRPS2,0.0022006119134805272
RAB9B,0.002196944795167145
HSD17B12,0.002196737547835196
RPL13A,0.0021961870236280653
RAMP2,0.0021958017254012376
TMEM139,0.002195287790030944
ADCK2,0.0021940901363358342
HSPA13,0.002192698951274537
GRIN2C,0.0021902073397692162
TNFRSF6B,0.0021900990090830182
ABHD11,0.0021876924372948746
TAAR6,0.002187108019312403
RPL22L1,0.0021866072946345808
PDGFD,0.002180855525064321
ZNF619,0.0021806683578702037
CDS1,0.002177617924742585
FAM101A,0.002177569687890061
MCFD2,0.0021775024439796616
SLC16A6,0.0021755600474360703
POLR2J2,0.002175314869954108
HINT2,0.002172781766244414
ZGLP1,0.0021662929455411937
ZNF667,0.002164957360553851
TRPV2,0.002163581556798175
ACSM4,0.002162351191784292
VWA2,0.00216223562265621
IRF4,0.0021596554492134654
KRT36,0.0021592157525878223
FOXI1,0.0021580248044297517
MCHR1,0.0021580103724001395
ABHD6,0.0021568366746650635
SWAP70,0.002155633155253376
NMT2,0.0021526698583488016
UGT2B11,0.002152276470591884
TMEM50B,0.002151918678567257
COLGALT2,0.0021517822120600254
TTC12,0.002147921200375157
PXDNL,0.00214750584535231
KRTAP24-1,0.0021445355489732067
SLC44A3,0.002144444944203718
ATP8B3,0.0021434328840323094
DCTN5,0.0021433633482629616
SERPINB10,0.002142389273876392
NOS1AP,0.0021397674001132883
GRPEL2,0.0021387970609791753
COL21A1,0.0021344566471182516
FBXL7,0.0021342529546224957
WDR4,0.002132348036773614
HIST1H4B,0.0021322380329404636
STK33,0.002130968362994428
KIAA0196,0.0021266607784755772
AVEN,0.002126557566604244
KIAA1430,0.0021260346563135766
HN1,0.0021245449157440486
ARL13A,0.002124336363457671
ZNF468,0.002124209750610166
NAA10,0.0021238181450209115
CDS2,0.0021226295087630855
STARD6,0.0021225774291485865
CCDC85B,0.00212128436188503
PRDX3,0.0021202411118215283
LOC400499,0.002120174948214871
S100A7,0.0021193263412475514
TMEM11,0.0021192656241564817
HSH2D,0.0021151630537065667
SNX15,0.002112895998387873
CDY1B,0.0021117588904050574
NMS,0.0021078247564569733
SLFN5,0.0021070901070391426
NDUFB5,0.0021059170611641854
TMEM25,0.0021058836687449455
KRT222,0.0021056820058455187
GINM1,0.0021050251453911197
DDX27,0.0021026470058562122
MAPRE3,0.0021019525106568304
KIAA1107,0.002101825215108453
NEU1,0.0020978879870811014
MTERFD3,0.002097651145283551
FAM172A,0.0020947274051832912
ZNF304,0.002093877360915827
CCNJL,0.002093522159983889
PF4,0.002092709166139485
JAGN1,0.0020924283201165174
SP6,0.002092097239919242
WDR63,0.002090598993661258
GFRA4,0.002089236796722642
FTSJ2,0.0020887154995799916
CRYGC,0.0020873111134422527
FAP,0.0020869806476329503
OTOA,0.002086877574777104
NLRP5,0.0020841035133861044
ZNF611,0.002084073784541085
SLC25A51,0.0020839700290272403
KLK10,0.002079658442406756
TBC1D19,0.002079368893168329
TBC1D3G,0.0020790159914892987
PRPS2,0.002075483876359807
ZW10,0.00207513632942779
LUC7L2,0.0020732333256769505
SPATA31E1,0.0020728637905733168
RGL4,0.002072566127448803
C8orf58,0.002072561485691768
GBA,0.002071070381807402
SIGMAR1,0.0020709235081139287
ZNF711,0.0020685172338050263
MYO7A,0.0020678281433276326
FABP6,0.0020664261806224325
ANKRD18B,0.0020658924223557295
PDE6C,0.002065246937723546
EIF4E,0.0020651969425424495
DNAJC25,0.002062450391613558
OR1D5,0.0020624285434173184
GHRHR,0.0020582991532642906
DNTTIP2,0.002053377714777206
NUP35,0.0020526361924173785
CALY,0.00205152229025078
DFNA5,0.002050994202910999
VPS37A,0.0020506275287274335
FAM129B,0.002050411239942052
TAF10,0.0020485177649615487
OR5AU1,0.0020475884435407457
C3orf27,0.002046598612439359
GTPBP10,0.002045157069390249
TIMP1,0.0020447797158021394
LENEP,0.0020406160159237643
KCNMB1,0.0020372376099896615
TBCC,0.0020370625100278902
C10orf25,0.0020348262965169174
GOLGA8G,0.002032563756533547
DCAF16,0.002031529804830461
CCL25,0.0020304708772542917
RPS6KB2,0.0020298169590780755
CPO,0.002029341156286825
TRIM23,0.00202790031762285
STXBP3,0.002027865480664647
SNX31,0.00202734438037158
CES4A,0.0020268374693225874
CDC42SE1,0.0020264985307014392
ONECUT3,0.0020260128922184335
ZNF648,0.0020253882433174633
RSG1,0.002024043990922108
LDHC,0.0020224076436432055
POLR2L,0.0020170666982472305
CCNT2,0.002017032010452875
SLC26A6,0.002016220984636617
DPPA5,0.0020142864807536054
ADM2,0.002013683711558386
FDFT1,0.0020134930046031103
TCP11,0.0020133316614140946
IFNA7,0.0020090385307987456
FN3KRP,0.0020084685918406986
TTC21A,0.002008374087724062
AK7,0.00200737470527772
PADI1,0.0020071587109561652
SLC25A11,0.002006199825047966
C1orf63,0.0020036771328019055
CT45A2,0.002002863048384416
GREM2,0.0020018661842743815
ZNF274,0.0020016664398039463
FBXL15,0.0020014541602579937
IGHMBP2,0.002001290905914952
RAB24,0.0019967366148983885
KCNK17,0.0019926921148522257
MSRB3,0.0019924287019778063
UBXN2A,0.001991740442061936
SYT12,0.0019885013844294073
GTSF1L,0.0019834591150208036
SCGB3A1,0.00198311494128952
SLCO1C1,0.001980835681575712
RPL29,0.0019807924063773383
TMEM145,0.0019806198120334677
PTDSS2,0.001979956199870782
SETD4,0.0019787020093276543
TIMM23,0.0019769409463064264
KCNK2,0.0019753899208446273
C11orf83,0.0019734943554896
KY,0.0019733046575745256
FCRL1,0.0019724092580701144
TCEAL1,0.001972037478580092
MS4A1,0.0019717360973045862
LYRM5,0.0019672212551117394
CARHSP1,0.0019648066713611467
MSMO1,0.001964478570551821
CMTM2,0.0019629217843452635
SPTLC3,0.0019583629688054104
SLC6A19,0.0019583480423479597
C22orf43,0.0019582215145742253
FBXO30,0.0019562243311839035
BAIAP2L2,0.001955621371973581
PEX7,0.0019548762154512323
PRR4,0.001949346971694679
GLUD1,0.0019492361443307965
TMEM8B,0.0019491244861268022
ZNF627,0.0019464190614646548
PERP,0.00194633832002925
SRPRB,0.0019459201380602083
PKLR,0.0019455698372523947
GPR126,0.001943516400803655
VTA1,0.0019429383231361183
HAL,0.0019414470006525256
ZBED3,0.001939755854306645
KDSR,0.0019385846632991764
ENTHD2,0.0019372255202348308
C2orf40,0.0019356708242964464
MMP13,0.0019337111532240767
TOMM6,0.0019334733564401406
ZNF816,0.0019329571674294183
AURKB,0.0019319612136327162
MFSD4,0.0019311348985595511
RBM12B,0.0019268543417124023
MSS51,0.0019263042654086428
SUSD5,0.0019261181087695907
PLA2G10,0.0019245830053960915
NOL11,0.0019225802823758724
TMEM92,0.00192256529057864
RGAG4,0.0019216102370142258
VAT1,0.0019206836550123999
BCAP31,0.0019177631583506744
GCNT3,0.001916933829392914
HOXB13,0.0019160816805016618
KIAA0556,0.0019157646385366907
EPRS,0.001913978628929521
ORMDL2,0.0019131215141962536
CGN,0.0019131145228783683
TNFRSF10B,0.0019090493591560052
C5orf28,0.0019087109983255965
GLT6D1,0.0019083144588343665
SLC25A10,0.0019073571055774274
ST6GALNAC2,0.0019068404919027053
SH3BP5L,0.0019051685650145571
ATP9B,0.0019050835371232384
C7orf10,0.0019043368717137261
MAGEA10,0.0019035241035934788
GP5,0.0019015624189897098
CDKL4,0.0019004921794492792
RILPL2,0.0018983631909054225
THAP6,0.001898345898083994
LSM14B,0.0018977463818123568
SPICE1,0.0018957971320493123
MAP2K4,0.0018951180653852733
PLAC1L,0.0018948888011276045
TAS2R1,0.0018948788314822813
KRTAP19-8,0.0018929756553028804
LRRC66,0.001892861469528688
GPR110,0.0018923798548702948
DSCR4,0.0018923518553075178
P2RY11,0.001891162447752658
ZNF177,0.0018898575739749795
HOXA4,0.00188981729030396
NDUFA13,0.0018867177021150336
GCM2,0.0018861315186176782
SYNJ2,0.0018850238192856636
KRTAP2-4,0.0018845173496464568
KIR3DL1,0.001883258008400011
OR4F6,0.0018814952099433365
C11orf40,0.001881422177056914
CYBA,0.0018809797642056563
KCNK4,0.0018803671946380962
C11orf82,0.0018803586362185908
RMI1,0.0018803095863898001
CA3,0.001877851503380228
RABGEF1,0.001877265222630667
F2RL3,0.0018731669885804268
STK39,0.0018727860402619314
RPL14,0.001872022433660993
SLC25A16,0.0018704534805777688
IL17RE,0.0018699410905223441
MFAP2,0.0018696648890859915
LCE3E,0.0018690789333850736
TEX13B,0.0018666444501334852
TGIF2LY,0.001862570002445256
PLN,0.0018623884909689775
CCR8,0.0018621275700418452
ABHD17A,0.0018617082863364766
TPMT,0.001861062497083562
RFC2,0.0018600451825064738
ARHGAP19,0.0018590529479980992
LAMP3,0.0018586331556494716
FAM210A,0.001858374405895569
SELM,0.0018576107700730806
FRRS1L,0.0018558557792381482
RGS20,0.0018555121118299489
SLC25A31,0.0018555086029055545
CCL2,0.0018540778305033744
NPPB,0.00185154353915707
IL11RA,0.0018486661783031183
FAM213B,0.0018452329890839162
FAM126B,0.0018440480986330187
DPCR1,0.001843325899717371
TACR1,0.001842904302942906
MED10,0.0018379491492048438
CXorf38,0.0018375365029833686
HIST1H1D,0.0018375282162376647
TTLL10,0.0018373693433423285
GPR56,0.001835474622998017
KRTAP6-1,0.0018353053283355146
SLC46A1,0.0018318362621598165
CST4,0.0018314748020638921
UTS2B,0.0018301851453548321
FAM102A,0.0018301803341400347
ECH1,0.00182992640725303
ANGPTL3,0.0018275956109580999
MYBPH,0.0018195535749983205
RFX5,0.001819299287345044
ART1,0.0018189299275409966
SLC39A11,0.0018171693157140903
CDPF1,0.0018169285413582096
PSMD14,0.0018168262940377853
COMMD10,0.0018165249844587625
TMEM183A,0.001816003791212038
COL13A1,0.0018159796169220828
DCDC1,0.0018158972002610245
PPFIA4,0.0018148182758925145
PPP2R2C,0.0018130251148926017
HIST3H2BB,0.0018118688159173275
MPP2,0.001811786050690947
MAGEH1,0.0018113840400356504
CHRNB1,0.0018109059970076225
CDKN2C,0.0018092277138167109
IL12A,0.0018091515268366485
ELK4,0.00180908867898905
CA5B,0.0018074907296908723
CLDN14,0.0018068898891685397
FUCA2,0.0018060846426886349
NAGS,0.001805881698147867
SYNE3,0.0018055221094007538
GNG3,0.0018052038929442936
ADCY3,0.0018041727976062364
SPATA31A5,0.0018036690031499997
TRMT13,0.0018010212003991342
MTBP,0.0018002461454459974
ASAH2,0.001799334281286165
COQ7,0.0017982142019550376
CCDC137,0.00179776226514295
TRIM6-TRIM34,0.0017946939966364632
SMIM7,0.0017943396026775399
C9orf171,0.0017939536410305158
MAP3K11,0.0017898879765737752
INA,0.001788806213921939
ATP5J,0.0017869959495219352
RBM11,0.0017852678872377935
CCDC106,0.0017826033267053525
IPO13,0.0017811061032094824
TTC27,0.0017801501268404575
COG7,0.0017790636296999853
FAM98A,0.0017789908504464184
RBM34,0.0017784409418804448
GLRA3,0.0017778724114682963
HIST2H3C,0.0017770184701233916
C15orf41,0.0017762989399149934
CASD1,0.0017751131429323995
PPWD1,0.0017727092742036677
OGFOD2,0.0017713063399744935
CD80,0.0017695855053343004
S100Z,0.0017690377990074563
KCTD10,0.0017629847520704036
CISD3,0.0017628942268644355
DERL1,0.0017628597546579187
SIGLEC8,0.0017606398705035287
KRTAP4-4,0.0017601283978910423
TATDN3,0.001760077958916727
C1QA,0.0017600265136908158
RAD18,0.0017584158910680305
GPATCH3,0.0017534432456523445
TCTEX1D2,0.0017521442955475597
TMED3,0.001751396265420217
RND2,0.0017493707249414897
CCL8,0.0017489291811983044
ZDHHC12,0.0017487578305455137
TIMM13,0.0017484903118930204
HRH3,0.001748202584731691
TSNAXIP1,0.001746390506083266
ABCG1,0.0017452983557101097
PNPLA3,0.0017438015626990674
KRT75,0.0017437674485591306
GTF2H3,0.0017427713565389463
SLC36A1,0.0017419088357476123
CHRNA4,0.0017410039389289325
HOXC5,0.0017404311580067678
SCARA3,0.0017397484821412054
TMC3,0.0017395459549298488
MT1M,0.001738298933220007
PLEKHG7,0.0017359524852418378
OR1G1,0.001733051672086734
ZFP36L2,0.0017327008278037223
POLN,0.001731549691071291
TMEM259,0.0017311110809037369
FAM181A,0.001730118245571614
FAM124B,0.0017294892605601564
ARSB,0.0017259249410302075
APLF,0.0017255789115799146
SHARPIN,0.0017249981640721902
RIT2,0.0017233863979365792
KRTAP4-6,0.0017227612627769132
KRTAP10-5,0.001721738455427604
ZNF705B,0.0017216728710406242
MAML3,0.001721672169958343
SUSD3,0.0017191909226976906
RSPH6A,0.0017182589563379156
CCDC176,0.0017178328590629053
CNGA4,0.0017174015182943613
TMC7,0.001716059514703935
CSRP3,0.00171390228524298
TP53INP1,0.001713358322634691
SLC40A1,0.0017128949377820412
DEFB114,0.0017122137033988513
KCNJ9,0.001712060088211869
NEK4,0.0017089885574608815
PRSS8,0.001708452301816913
C14orf80,0.0017078482133323167
ARL17B,0.001705715370341595
ALDH4A1,0.0017054078739561446
DPP4,0.001701880245285565
FADS1,0.0016999324851714904
CPA4,0.0016987695925641476
THY1,0.0016987638784053474
IDH2,0.0016983285483897408
ZNF705G,0.001697775924120335
CEACAM8,0.0016970916250208154
KIAA0753,0.0016970880739828173
ZNF668,0.0016968145479072593
ZNF615,0.0016960931509439761
KIF21A,0.001694866822251766
NDRG2,0.0016935348543048224
IGFBP7,0.0016933174277570279
TBC1D26,0.00169316744173686
TSPAN19,0.001693071629549284
ZNF628,0.0016927747370364993
DYDC2,0.0016925606798491612
CCDC25,0.0016891611244847886
C1orf158,0.001687724639812856
SH3TC2,0.0016874647936955423
TNNI2,0.0016868573583820052
C16orf78,0.0016862497087917854
ELP6,0.0016855598150848582
GADL1,0.0016852823752508052
OR1C1,0.0016823056586126872
PLA2G2D,0.0016821730284907993
RHBDF2,0.001682111045704656
ELL3,0.0016818696529783482
NPY4R,0.0016815149267356115
MSANTD4,0.0016814472743752447
PRM3,0.0016807665520042882
UCK1,0.0016806834745464138
TM7SF2,0.0016798561379706893
CRABP2,0.001676897136016276
SPATA17,0.0016746669873438627
SPATA31A1,0.0016740647777559693
EDNRB,0.001673558242570669
FCER2,0.0016724567766424857
ANKRD7,0.0016705986526206573
MROH8,0.0016685641772365522
OR1J4,0.0016662639089335244
CORO1B,0.0016652785872645957
RHOT2,0.0016641683990333647
SPATA24,0.0016632169944788575
MSR1,0.0016572599258153078
THAP5,0.0016492458014121436
ZNF664,0.0016490882592346482
TRPV6,0.0016489645663028069
ZNF32,0.0016471754681932935
GABRE,0.0016471457383243138
ANKRD22,0.0016453454479570652
SAR1B,0.0016442618260211728
PIK3C3,0.0016438979450236469
ACSM2A,0.0016430166560769896
MRE11A,0.0016426915468522366
USH1G,0.0016398563336227972
CLIC3,0.0016353610953141415
DPY19L3,0.0016353523625741778
ZCCHC3,0.001635095774358132
DBNDD1,0.001634646140285259
KIF22,0.0016343144405342644
MIA,0.0016339208506453322
USP13,0.0016321546264192795
USB1,0.0016304407066347506
S100A10,0.0016299204345285865
HRASLS2,0.0016287685997311901
CCDC144A,0.0016285948371068443
GPR82,0.0016265361859778397
PTGR1,0.0016265330669268517
SLC24A5,0.00162508568991749
BRINP2,0.0016249965399281437
BPY2B,0.0016247978711681958
PAGE5,0.0016240820414118173
KRTAP9-4,0.001623407521737545
NT5C,0.0016232350778955472
ZNF768,0.0016222211049912844
TRIM17,0.0016222193735665072
BTBD10,0.0016208804007369446
CDKN1A,0.0016205753904862078
ZFAND2B,0.00161883836178172
CD180,0.001617827332709601
NUDT5,0.0016176897697042032
GRTP1,0.0016169707815571477
CRCT1,0.0016144221502011912
THUMPD2,0.0016141676113544572
ZNF254,0.0016117596769560907
ING1,0.0016100388959868041
IL17D,0.0016099982430241209
ELOVL4,0.001608962806658501
ARL6IP4,0.0016089124434289475
JOSD1,0.0016083628616112109
TBC1D9B,0.0016035821739349208
OR2A12,0.0016032961616232692
OAZ1,0.0016017642045294907
RPL39,0.0016011983245105478
IL1F10,0.0015990765980193142
SPANXC,0.0015982660213835665
GIP,0.0015975504922406748
ABCC3,0.0015969868186018203
OSBPL3,0.0015938904822847854
SLC45A2,0.001592996267107033
ACSF3,0.0015927534974617794
KCNE1,0.0015911611530607598
FAM71A,0.0015891506031895956
BLVRA,0.0015889090023758158
TXNRD1,0.0015868262779955558
CXCL1,0.0015865895192842259
TMEM88,0.0015845603431806031
LAMTOR1,0.0015831433705532142
RAB6C,0.0015831224790227886
RNASE2,0.00158309824533461
HSD17B4,0.001582713525747254
UCK2,0.0015780742471820438
CCDC51,0.0015769620801700218
ZCCHC11,0.001575689156440818
LCN15,0.0015750082446429226
MTRF1L,0.0015741761286840994
RNF183,0.0015732658186896904
ARHGEF10,0.001573259632780624
ZNF284,0.0015725071508086662
RAC3,0.0015712068866669878
HTR2B,0.0015710214046711908
POLR2D,0.0015705438079964464
C18orf54,0.0015694838433277123
QTRT1,0.0015674629521909825
GP1BA,0.0015659773502181265
ARL10,0.0015650082141894634
CCDC64B,0.001564483533803076
PLA2G6,0.0015642292438993058
CDH26,0.0015635344301593442
ADAM20,0.0015609823789234417
CDH3,0.0015588108778632145
NDUFA5,0.001558545471417786
NME8,0.0015579942362709243
AURKAIP1,0.0015573511374114015
SBK2,0.001556284874576617
CTTNBP2NL,0.001556154324617287
CALHM3,0.001555790860676114
IL24,0.0015556084762727777
RPL10L,0.0015554369270336535
KIF23,0.001555026435035841
TEX29,0.0015544524513612203
SCGB2A2,0.0015534802087289528
FAM105A,0.0015524266384296462
OR52L1,0.001552315917656507
SLC35A4,0.0015517107802796688
MYH8,0.0015502103606495816
ZNF91,0.0015490598548240757
PRG3,0.0015468877292250335
KCNIP2,0.0015438403424611314
ALS2CR12,0.001543597457261035
S100B,0.0015427256265968768
LY86,0.001542253927869049
CEP164,0.001541286446794268
FAM110D,0.0015400458312286346
SLC6A9,0.001539510001048921
MTX3,0.001538649934009146
ZNF214,0.0015363077458670391
TIFA,0.0015360764670052133
TCEB2,0.0015336470422667738
DTX3L,0.0015274744384272667
ZNF524,0.001527268416954655
LCE1A,0.0015262424310311916
HIST1H2BE,0.001526022935685164
MSGN1,0.0015258816668206475
SLC9A4,0.0015257916767911258
FZD3,0.0015243514633513425
CA14,0.0015229886571882598
TAS2R46,0.0015225288266519916
BCAS4,0.0015210611283331787
MAN2C1,0.0015188596200234928
MYO6,0.0015182524651806382
ANXA10,0.0015167655222322694
C19orf52,0.0015155968864961798
FAM209A,0.0015121688356091918
CD320,0.0015108336066351233
SULT1A1,0.001510280780411437
TRAFD1,0.001510238428373274
COL9A2,0.0015095499957366477
RPS6KA3,0.001508394566429397
C8orf4,0.001508020190976951
VPS53,0.0015078988123488105
RPS17,0.001507484121136371
IFNGR2,0.0015060238275644631
SH3PXD2B,0.001505933653904877
ANKRD53,0.0015033157523979363
PDK1,0.0015031509284015806
TFPI,0.00150169048263675
MAFA,0.0015011510378910064
ERI1,0.0015002680044748013
KBTBD12,0.0015001736592491876
RGS5,0.0014995272507324026
CPN1,0.0014994186405337061
ZNF556,0.001498601019665644
GDPD1,0.0014973011725592043
ZNF552,0.0014964605481034303
CLDN17,0.001495947858985933
C1QTNF7,0.0014955612398404666
UGT1A6,0.0014951529509175444
UNC119,0.0014935378868717458
RGS7,0.0014933183739995253
TREH,0.001493178994545726
BCL2A1,0.0014926324223100403
GRM6,0.001492488972561588
UBAC2,0.001492157093382644
CAPN13,0.001491769944276686
TREML4,0.001491674226474956
CASP14,0.0014877101105676704
C1orf53,0.001487121391315515
RNF167,0.001486880154772156
CD300C,0.001486678247617008
GPSM2,0.0014861542336390735
PRR15L,0.0014847991518282871
GABARAPL2,0.0014835767603979758
ZBTB12,0.0014830698225445631
IFT81,0.0014824988686321292
OR5K4,0.0014821688117580294
CREBZF,0.001479169783273468
C1orf105,0.0014774919987541107
CETN3,0.0014772416089243786
CRYBA1,0.0014772172546270645
ACAT1,0.0014751088684109856
SMAD9,0.0014749821108486559
FPGS,0.0014734572083383174
GSTA2,0.0014734091881417571
CEACAM19,0.0014704689964482925
CCDC129,0.0014693054464352637
CDH16,0.0014675358823030649
FGF5,0.0014675307752516134
SYS1,0.0014669986559618792
ZNF408,0.0014658351627288135
FKBP8,0.0014649537351765355
SDF2L1,0.001464401483001724
PPP1R37,0.0014629724861389567
IL5RA,0.0014623823675675254
FANK1,0.0014618230421557911
TEX15,0.0014617585960528502
ARL15,0.0014607983693827068
TDO2,0.0014595324169264267
CASQ1,0.0014594433547744632
KIF9,0.0014583033779920823
SPG20,0.0014562609155606137
AP1M2,0.0014555069682792715
AMELY,0.0014554304955747403
CCDC85C,0.001454688680903455
GALNT6,0.0014537743283595222
TMPRSS3,0.0014532689118420018
MPHOSPH6,0.0014530190856022233
COL14A1,0.001452887222708466
RECQL,0.0014515084670378008
CEP63,0.0014513446715010017
KRTAP23-1,0.0014510481947545718
ACRBP,0.001450476879124381
C12orf71,0.001449885038632089
DDX52,0.0014497870842547988
DOK5,0.0014475324341670871
FKBP9,0.001445480200221096
USP50,0.0014437167346557987
SHC4,0.001443671608419723
PCED1B,0.0014398871435177508
C10orf112,0.0014395733730502747
SLC7A6,0.0014374585234343301
SLC52A1,0.0014360353234701047
GPR119,0.0014346485892819903
ELSPBP1,0.0014340543701130302
OR2S2,0.0014330008999912068
RPL35,0.0014323482458324548
ZNF141,0.0014321292461299741
TADA1,0.0014297398647555467
SLC35E4,0.0014289471686003941
CHRNA9,0.0014270402137403118
ZNF317,0.0014265079549530503
TTC39B,0.0014247730711830738
ZNF140,0.0014243602439366944
SAG,0.0014229340296914317
AQP5,0.0014217489980796931
SLC2A10,0.0014192169536206658
SERPINA5,0.0014190977362165107
KLF11,0.0014182792571697457
GJA1,0.001417378809788766
IMPA1,0.0014163735232890422
NPIPA5,0.0014154767576997828
CARD18,0.0014147690018590313
C2orf50,0.0014136674347404177
CLEC11A,0.0014132933877000367
ITGA7,0.0014118353185360467
RHCG,0.001410959045406675
DPAGT1,0.00141013133034857
C11orf30,0.0014094848960128127
LENG1,0.0014093268539574855
PARD3B,0.0014087911404538484
DNAL1,0.0014084141638113145
GLRX2,0.0014057940795152194
ANKRD18A,0.0014056732343034055
CAPN11,0.001404616983027887
CD300A,0.001403250497539699
KIF4B,0.0014028398277455146
PARP15,0.001402572428205472
SLC35D2,0.001400963780370756
DEFA6,0.0013999368894934065
UPK1B,0.0013991633458046496
HIST2H4B,0.0013989478019280192
IER3IP1,0.0013977851961323004
MBD3L5,0.001396158003170615
PEX11G,0.0013954650329124397
S100A13,0.0013952012162694795
IL34,0.0013946940010938112
IFT27,0.001393400464579059
MOGAT1,0.001393374981312634
PDHA2,0.001389882608443417
B3GAT3,0.0013872594803022674
ICK,0.001386538112640285
POLE2,0.0013865316455335236
GPN3,0.0013849817404666229
FCGR2B,0.0013845206914272705
KCNJ14,0.0013844149512015648
OR6K2,0.0013842975259502034
FTO,0.001383916467864845
GSTCD,0.001382983188951895
KRT10,0.0013817522965407683
SLC35B3,0.0013813342704496528
PTPN21,0.0013797224835978307
PNPLA1,0.0013796667309055092
MSRA,0.0013771817382208212
HIST1H2BK,0.0013770248372383996
KLHDC7B,0.0013766917539372243
OR4F21,0.0013766274581130061
ZNF320,0.0013752704611341027
ERVW-1,0.0013744020344286655
IL7R,0.0013734799327884183
SPTSSA,0.0013732772027027094
CMTM5,0.0013732657378223677
TMED9,0.0013717809354256252
SLC44A5,0.0013714758569819392
MKKS,0.0013690729768501813
GABRQ,0.0013671681960599888
POLR2J3,0.0013669692626244697
FFAR1,0.0013668855560803723
KRTAP27-1,0.0013629402590890263
HS6ST3,0.0013615550129347962
C19orf10,0.0013612462063236433
VAX2,0.0013611920679263035
OR8B3,0.0013584346170284049
MAEL,0.0013557759843082129
ELOVL2,0.0013555275940432658
ASB10,0.0013545342674439707
NLRP1,0.0013533270827900952
RBP7,0.0013522195007214292
LRRC27,0.0013515034160799478
ZSCAN12,0.0013508892562411055
FXYD4,0.001349727764064855
SLC38A4,0.0013487571890321924
C14orf142,0.0013484056180330705
MMADHC,0.0013476184206531717
KIR3DL2,0.0013466039770298963
KRTAP26-1,0.0013461537411378786
GK2,0.0013453717169177508
MST1,0.0013452598831871498
AWAT1,0.0013449472889219404
FOLR4,0.001342328067279163
ST7L,0.0013398125228058777
OR4X2,0.0013396787671630394
IFNA5,0.0013389221771283252
OR4F17,0.0013377572141672182
NAA38,0.001337020973009995
ANKRD1,0.0013368002432245355
FAM170A,0.0013361976154709927
GJA3,0.0013358018043878861
PIP5KL1,0.0013354018533539218
DCUN1D2,0.001335130359271352
MMP19,0.0013350237318127478
SLC35E1,0.001332693115962526
SOX1,0.0013325538102435274
TMEM217,0.0013316437423746609
DNPH1,0.0013312730617267203
OR10T2,0.0013309415515716388
RNF219,0.0013279313635269653
B4GALT3,0.0013277856657468194
POTEF,0.001327288484862511
EPS8L2,0.0013272148521921818
LPAR4,0.001327017489560754
ROPN1,0.0013265998251602215
KLK14,0.0013257132776473576
OR5C1,0.0013254725987425172
CCDC47,0.0013253862422443613
NGDN,0.0013251214163493871
NSUN6,0.001324445764714479
SLC25A48,0.0013235388130988029
FBXO38,0.001323235120548443
STX11,0.0013221586775804244
SCGB2A1,0.001321654383641841
EPB41L4A,0.0013215023695597454
C11orf35,0.0013208816676343591
PANX2,0.0013186331549515141
POLR2E,0.0013179815748788756
SIRPB1,0.0013170889484420986
CXCR5,0.0013169368313664855
TMEM104,0.0013164399632106226
AK1,0.001315166976603106
OR1L4,0.0013143479585742794
PCDHGC5,0.0013143231870267232
PSMG2,0.0013140785743440573
FGF18,0.0013140575379109152
PHF10,0.001313687226888958
ENTPD7,0.001312436702964453
ZNF592,0.0013114743849421842
AREGB,0.0013102354052894373
SFR1,0.0013100249370011723
FAM189A2,0.0013096691202355646
MURC,0.0013095337384908955
B3GALNT1,0.001309422422990294
STOML3,0.0013088063334385498
PPP1R8,0.001305902204670759
CYP3A43,0.0013049483115233082
DDAH1,0.001304861058653449
C10orf137,0.0013022726265692877
GPD1L,0.0013018935875080781
RTCA,0.0013004275122269829
PTCD1,0.0012998109004976886
TMEM134,0.001299695739602103
IL17RA,0.001299593013797619
DEGS2,0.0012963833986111
LRRC42,0.001295542366327059
AMOTL2,0.0012938012669949904
GABRR1,0.0012937939713675353
SPRR2B,0.0012924514807991225
AGPAT9,0.001291948581248123
DOC2A,0.0012916316306047675
ZP1,0.0012911764536602671
CDR1,0.0012911261265483895
CXCL2,0.0012897727440260437
SLC23A1,0.0012897561134484084
A4GALT,0.0012896460875690108
CKMT1A,0.0012884223943275567
OR2T2,0.0012879345731182446
ZNF367,0.0012877326681063252
TTC19,0.001286057833964737
ZNF655,0.001285644591305986
MBOAT4,0.0012852003657314245
ZSCAN30,0.0012849566540395355
CNDP2,0.0012846786172152425
TMEM255A,0.0012842227829833793
DBF4B,0.0012832047689138259
TLCD1,0.0012824262772664484
THBS4,0.0012822201541997289
GSDMC,0.0012819927522942796
SPANXN2,0.0012798090810455316
DDIT4L,0.0012784530704478218
GPR155,0.0012779412484446833
GDPD4,0.0012774228792231763
IL17RB,0.0012758859823780349
CCDC130,0.0012750442759657885
ZNF334,0.0012748777471556438
PARP14,0.0012745492481694306
ITGAD,0.001274064273910118
ASMTL,0.0012738107216743483
NABP1,0.0012734279797900567
UGT2B17,0.0012726916733090668
ZNF598,0.0012683841203485829
ZNF746,0.001267436218292303
SLC25A15,0.0012663988980381744
OR5AN1,0.0012645940470137576
SLC36A2,0.0012639383814001992
NBPF1,0.0012637866005769979
ABHD14A,0.001262980625812185
DDX54,0.0012608286664342544
RCN3,0.0012601734017661029
HIST2H4A,0.0012599996063282308
ALPI,0.0012590352463206177
ETV4,0.0012590341852571176
ZNF677,0.0012584713747960717
DCAF11,0.001257890005308724
CTGF,0.0012574179345387754
TCF24,0.0012569526594290875
FAM111B,0.0012562179001800909
VDR,0.0012559974591525574
MAGOHB,0.0012559453232290079
PCDHB2,0.0012542475767688816
HIST3H2A,0.0012531721621906497
FAIM,0.0012524028202018386
ZNF90,0.0012521311715376932
OR4P4,0.0012512097216999785
PI4K2B,0.001250573344862712
MEF2C,0.001250459835341791
RGS4,0.0012503427847763069
WDR46,0.001248085057093369
TMEM68,0.0012473898270731357
OR1N1,0.0012463242320599791
CD2,0.0012460389390251683
GUCD1,0.0012450252659471398
SEMA4G,0.0012444426532887398
CTRC,0.0012441012818662515
TMEM40,0.0012440058532878508
TUBA4A,0.0012426135866196232
DNAJB5,0.0012421558390432322
TMEM179B,0.0012418198646293006
RAD54B,0.0012410563519677908
TTC3,0.0012405840266149085
ZNF69,0.0012389792012553935
NUCB2,0.0012385455376128598
ITGA1,0.001237023230599788
FSD2,0.001235168106632246
LCE1D,0.0012326517131221906
C16orf58,0.0012319663023969288
SLC10A7,0.0012314039860615211
NXF3,0.0012305253006766128
KIF24,0.0012295203007011211
PARP9,0.0012285807030414041
TBX15,0.001227630311463614
TRIM43,0.0012248820808596446
NXF2B,0.0012245260578750267
OR2T34,0.001224437283383296
TRMT2B,0.0012237018392396984
GIMAP2,0.0012235315349913174
UGDH,0.0012232171000007023
EVX1,0.0012226484507505825
ACER2,0.001222161881396905
KRTAP19-2,0.0012216302685648188
FAM221A,0.001221313607015713
C1QL2,0.0012197023961761692
ZNF251,0.0012189491295489365
LGALS3BP,0.0012183211214370675
H2AFB3,0.001218229421393302
TNP2,0.0012165141398233182
TSGA13,0.0012161582361520404
TSPAN12,0.001215714337313202
TOPORS,0.0012155300221963388
TMOD4,0.0012154421701497966
PVRL3,0.0012153483423007207
CST3,0.0012148548149591618
TPCN2,0.0012145817400702552
TRNT1,0.0012142318410461725
PTAFR,0.0012134601142483946
FAM13A,0.0012132401630950557
MLKL,0.001213129874239669
MIS18A,0.0012130276094380207
IFI44,0.001212835738193301
COG8,0.0012106781294081521
TEKT4,0.0012057134567693716
CHADL,0.0012055022549957925
ZP4,0.0012053985193252559
KIAA1467,0.0012050514506883867
OR52R1,0.0012048287312531332
PSMD7,0.001204086813903521
USP29,0.00120227413006139
CERS3,0.0012014328088376617
COL25A1,0.0012006492161860422
TAAR1,0.0012002996012110496
C16orf13,0.0011993910524373233
ZNF469,0.0011993137266569946
RGS14,0.0011992790454911646
B3GNT4,0.0011984390838411987
PLIN2,0.0011983215964282835
CHST10,0.0011981210704028133
LRRC38,0.0011980218582201304
CCDC154,0.0011976947911843505
PROZ,0.001196883289336078
HUS1,0.001195325272123291
CLDN20,0.0011926511087522263
ZNF354B,0.0011922659743974927
ALDH8A1,0.001191930724543527
TRIM14,0.0011916711539133233
RNF150,0.0011916639994613337
ZNF507,0.0011910945093998424
SMUG1,0.00119098747233922
OR2V1,0.0011907793102649922
GPR149,0.0011906922162161638
CAPS2,0.0011906766798291302
TBC1D8,0.0011904000704757724
CLECL1,0.001190214832186309
ZNF17,0.0011901658297180102
PPIAL4C,0.001189979298533209
CYP2C9,0.0011899261074835988
ADAMDEC1,0.001187985813694041
SULT1B1,0.0011862206733567616
CCDC126,0.0011862021939119775
KCNH6,0.0011852764160622314
KCTD9,0.0011851783535189772
THAP10,0.0011837511274782936
RAB8B,0.0011829595316511792
ALG2,0.0011825884619813217
TIMM9,0.0011822286999623051
HEATR3,0.001181499830689977
YIPF7,0.0011803852264604725
CRHR2,0.001180289624665934
POLR1C,0.001180145672244243
C5orf63,0.0011793573659266768
MED8,0.001179274792514966
BCL7A,0.0011774103262445828
ADPRM,0.0011771660066472898
CASP9,0.0011764450772625756
FIGF,0.0011756583279514837
CACNA2D4,0.0011734152763257727
C2orf80,0.0011732907977685288
PRR11,0.0011728318211924635
CLDN22,0.0011727317731073936
KRTAP4-1,0.001172081213147531
TTC4,0.0011715867442726035
OR1I1,0.0011714977593078504
RPS29,0.0011707150537882624
ICOS,0.0011706292331347093
LIMD2,0.001170224496155229
ENOX2,0.0011693765993707156
MDH2,0.0011687675772201378
TMEM47,0.0011682265934106996
LAMP5,0.0011681749949839276
BEND5,0.0011659691032436038
ENO4,0.0011653980520471407
PPP1R3A,0.0011648415374490352
TYW3,0.001164147623497795
PADI4,0.0011639846184740303
KIAA1919,0.0011637151927486808
BDKRB1,0.0011636889367317496
GRAP,0.0011629867510610215
C1QC,0.0011628549789041184
FAM71B,0.001160601758844061
IQCB1,0.0011604502546075275
FAM177A1,0.0011588198639984964
KRTAP10-3,0.001158633817143038
FAM198A,0.0011579814658290298
GALNT11,0.0011575168283759609
ANKRD60,0.0011574289407432579
GALR3,0.0011564671695352459
CMA1,0.0011551825631152964
DDX56,0.001154887471499341
CCDC77,0.0011543956601851564
SLC5A6,0.001153070456808168
SLC26A1,0.0011517131556394566
CCDC147,0.0011507368529414255
LCE6A,0.0011506727866430456
DOK6,0.0011502773743076095
MPP4,0.0011502719563770965
OR2AT4,0.0011501919470690092
PDDC1,0.001150116220212683
APOBEC1,0.0011494854419032239
ZNF823,0.001147741261862883
RNF146,0.0011472803860049956
CD14,0.0011469710613699962
SYTL3,0.001145436493709613
RAB41,0.0011436397398337623
TTC30A,0.001142639023442135
C12orf56,0.0011424169853950304
ZNF596,0.0011420521665863224
MYL6B,0.0011393770196965647
OTUD3,0.0011390562795910851
TBC1D17,0.0011379884859171973
DNAJC11,0.001137839370154437
TCF25,0.0011375457320868892
CLEC18A,0.0011357075194319052
CAV3,0.0011355716221388948
DNTT,0.0011353361872697523
ST8SIA6,0.001134944595595564
ZC3H12A,0.0011344733002826917
ACSL1,0.0011323184934574925
PANK1,0.0011317325684359592
OR5P3,0.0011300550585754089
RPA4,0.0011284195363500534
TBC1D2,0.001125200011590462
COG1,0.0011247749663126833
TSSK6,0.0011247088239400836
LGALS9,0.0011230839804736898
WFDC8,0.0011223621910252126
PDP2,0.001122171432902947
TTC37,0.0011194166018340837
TP53I11,0.001118633744239392
CENPA,0.0011182910757046177
AGR3,0.0011179250703591422
MBD3L2,0.0011174745240856584
AGK,0.001116966811081041
ZFP69B,0.0011168064626891417
AQP7,0.0011153600322877477
HS1BP3,0.0011145960813313946
DHRS11,0.0011131836990532177
TMEM45B,0.0011128856324652504
C16orf80,0.0011111758300152521
PPP1R12B,0.0011111536508101752
IFI27L2,0.0011081609982627862
IL1RAP,0.0011081050638757528
OR56A4,0.001107704600830145
EMP2,0.0011071726447758926
OR2AK2,0.0011068611215187929
TNFRSF12A,0.0011065840609765112
CDC42EP1,0.0011059104083024718
TMEM101,0.0011036328936010502
NKX2-4,0.0011034904662008496
RASSF4,0.0011028062970940334
RGS9,0.001102379404580982
TMEM8C,0.0011018407774121633
TMSB10,0.0010997950986753764
SPINT4,0.0010996503711571187
DPYSL3,0.0010989678437944418
WFDC11,0.0010986579857412133
SLC5A10,0.0010974756888763276
THAP3,0.0010955635103502648
OR2AG2,0.001095298947971081
CHODL,0.0010950003895515137
TAS2R60,0.0010949653398603862
ACTRT1,0.001094613526873414
OR7C2,0.001094188088208398
METTL22,0.0010936482004229914
OR56A1,0.001092650256348518
KLHL26,0.0010898833242947307
MSTO1,0.0010896275807187115
ZNF74,0.0010891003070129831
TMEM136,0.0010888960790159583
GPX4,0.001088745352711341
RNF115,0.0010880389758775799
C7orf63,0.0010872878940000868
AMTN,0.0010870663544702576
LRRTM4,0.0010863719665698017
SLC11A1,0.0010857770625921368
NCF2,0.0010850378909043207
PEBP4,0.0010844598475398455
THRA,0.001083226634747748
ID2,0.0010832249266031402
DUS1L,0.0010829221919887568
PLEKHB1,0.0010828708438022287
CENPT,0.0010821552402450734
ADCYAP1R1,0.0010817516779004826
NEIL2,0.0010813476552059048
CACNG1,0.001081303852156077
COL23A1,0.0010796245790201983
HIST1H2BG,0.001078740058208758
PROSER2,0.0010780368239578185
CLEC1A,0.0010775212455075543
SCGB1C1,0.0010772398682879084
ZNF276,0.001077131475092568
GPR62,0.0010769856535772044
GPR132,0.0010767940364888155
WDR81,0.0010766793501864036
GOLGA6L1,0.0010762859051252527
DDX11,0.001076242246066617
NEIL1,0.001076239885542168
CYP2A7,0.001075994695843708
IDH1,0.0010754634341884905
NME7,0.0010751171115071414
ZNF546,0.001072772461338642
CLEC6A,0.0010724190793351084
BDH1,0.0010722460852789588
LDLRAD2,0.0010716961903310537
CDH12,0.0010709730635927294
C15orf43,0.0010688850247181428
FOXI2,0.0010688202837262292
CAPSL,0.0010664130407047531
PRDM12,0.001066207237658531
WFDC12,0.0010644673590362735
PLA2G3,0.0010635501381550023
RASL10A,0.0010626145327565521
LRTOMT,0.0010619932264961972
C1orf87,0.0010619624485351422
NCR2,0.001058881702306486
ARHGAP20,0.001058022539146132
RNF5,0.0010574412896067317
KIF13B,0.0010550888936663283
SSUH2,0.0010550055781053242
NAV1,0.001054189504041202
GADD45B,0.0010541684809183673
FXYD6,0.001053449068116523
TMEM5,0.0010521751983478317
FKBP6,0.00105032149863779
FAM129C,0.0010486010873927997
PM20D1,0.0010485937947818536
CALR3,0.001048392061570854
CUEDC2,0.001047370410268553
RGS9BP,0.0010438672634126333
OR2M4,0.0010435281758592665
ADORA2B,0.0010426368636818955
PRKD3,0.001042068065621488
PODN,0.0010404624537656533
PROP1,0.001040139266510355
HAUS4,0.0010394825720229882
NDUFAF6,0.001038739734450169
ASB6,0.001037535646295642
CXCR3,0.0010341539910935043
ANKRD16,0.0010341511349296357
FAM133B,0.001033198210484321
TRIM34,0.0010331655395828033
ZNF653,0.0010326219896993234
CLEC4C,0.0010319702690469602
MAPK13,0.0010310262290246378
TVP23B,0.0010302979167046112
FERMT3,0.001028999498233938
TNK2,0.0010287297799668462
SNX21,0.0010283828237219051
KCNK9,0.001028168880400175
ZNF35,0.001027319886998344
STARD10,0.0010248445708441356
LRRC58,0.001024811194916552
CCDC70,0.0010238509679238717
CHSY3,0.0010228063005851952
ZNF597,0.001021590479267451
OR4A5,0.0010212520752552988
CENPP,0.0010201952840388471
PNKD,0.0010187340375155138
VCX2,0.0010181677618844608
OR52N2,0.0010169177228715476
C14orf166B,0.0010165525149933151
NPY,0.0010161867532842118
C17orf78,0.0010161292605312025
ATP5F1,0.0010161108741460604
PRSS45,0.0010142318016269523
AHSP,0.001013890325971583
LRRC31,0.0010131979097466727
RAB36,0.0010130502529846278
STON1,0.0010129227260398577
SPRY3,0.0010126492552528727
TSPAN8,0.0010123149626036182
CLEC18B,0.0010108596246877185
HLA-DRB1,0.001010555067296703
MOB3B,0.0010090933181825176
TMEM201,0.0010087125347755473
DCDC2,0.0010072647619285531
RAB38,0.0010069461493293567
TMEM255B,0.0010063646354269839
PARP11,0.0010060123734651092
NSUN5,0.0010052138803477884
MYOZ2,0.0010050929271497925
OXA1L,0.0010046075114663112
ELOVL7,0.0010046039949094508
DCAF17,0.0010039569108065047
INPP5F,0.0010037115923749475
RAD17,0.0010034064626917312
SERPINI1,0.0010029059443194804
INCENP,0.0010016567015769795
GPR75,0.0010013744282432989
CMPK2,0.001001178765833882
SLC12A4,0.0010006717205706208
SEPT10,0.000999100495360116
DEPDC4,0.000998309940915806
FAM216B,0.000997964966099674
CDK15,0.0009972273267982404
PRDM7,0.000996475488208547
CDC45,0.0009963906761088126
DYNC1I2,0.000995904356704827
CRYBB3,0.000995467124304976
ZNF558,0.000994821519916059
UGT1A7,0.0009943672967259332
SLC37A1,0.000994263168449762
KRTAP5-10,0.0009935338528645717
OR14A16,0.0009926876825321186
HTR2A,0.000992604389817816
TRIM59,0.0009903113783815045
SH3BP2,0.0009894585954339245
RAD1,0.0009885576354704629
ACTR1B,0.0009883526058930639
BBS7,0.0009882225744055058
DIO1,0.000988104863957827
HOXC12,0.000987676912359067
AKR1C3,0.0009871407790719602
CAPN10,0.0009862981316299873
OR2G6,0.0009856054341518543
STX8,0.0009847135222103632
PRLH,0.0009843773738992124
SLC43A3,0.000983838965014026
RNF185,0.0009825984757424753
ING4,0.0009824824352005787
C12orf42,0.0009816746048346167
DMKN,0.0009809206129236766
ACADVL,0.0009806948834924871
KIAA1551,0.0009805260974362774
AOC1,0.0009795318976127182
BUB1B,0.0009782755358525858
GTF3C3,0.0009780123708181816
ZNF175,0.0009754354609863378
SPATA3,0.0009753446305670628
RNF44,0.0009749657683970156
BPIFB4,0.0009745375787365301
TMEM200C,0.0009728190983065557
SEC31B,0.0009725626224776374
RGS2,0.0009723661420610769
SLC30A3,0.0009716056588200384
CHTF8,0.0009710976435895453
MRPS15,0.0009710651208301802
COPZ2,0.0009682334636532526
KLRG1,0.0009679161509279269
ZFP37,0.0009676036115442921
PLEKHA1,0.0009672193105971581
NDUFB2,0.0009670775856325392
METTL5,0.0009655503954287821
AGPAT6,0.0009650309299039281
OR6B3,0.0009629592185344614
MXRA8,0.0009623781637256039
EDDM3A,0.0009620906228459082
MTMR11,0.0009613728407268977
CALCB,0.0009609331667978083
KCNAB3,0.0009603727995489552
CD82,0.0009601580885832845
RARRES2,0.0009599720520191646
MRPS11,0.0009598023437548648
UGT1A4,0.0009573682147295666
SOX11,0.0009557675799152861
GNAT2,0.000948410071215587
ZKSCAN3,0.0009479737215740413
KLK3,0.0009478686383500779
SLC22A8,0.0009477218463115389
FAM166A,0.000946911750666876
CPA1,0.0009456116869372249
GNB1L,0.000945393531050769
KRT82,0.0009450672552463486
SPANXN4,0.0009437549986314104
FAM163B,0.0009436849499072531
WDR86,0.0009433754940340968
HBZ,0.0009419223419882785
GORAB,0.0009411817980013274
SCN7A,0.0009400084757502298
GPR137B,0.0009393695368241071
SLC2A4,0.0009391947707103168
CCDC3,0.0009373563507458475
MEIOB,0.000936683567236939
CCDC159,0.0009365124395246476
BIVM,0.0009361740346802369
LGALS14,0.0009351416378585785
ACSS2,0.0009351385407721006
RNF187,0.0009337212996543159
METTL23,0.000933318578691978
EFCAB4A,0.000933219854315742
EDN2,0.0009326055995810973
LIMK2,0.0009319802872317428
DUSP1,0.0009307659707523487
EIF2B5,0.0009307010802601825
GABRP,0.0009306678390048603
ALDH3B2,0.0009302224376443964
HEMGN,0.0009297746402588353
SLC17A9,0.0009285403605389717
TPRG1L,0.0009281761649699177
SGK110,0.0009276786454596921
C9orf84,0.0009276594113360591
GALP,0.0009270930201264789
TMEM18,0.0009268706237035485
TMEM9B,0.0009268470161183615
OR5AS1,0.0009266600695006172
PAGE2B,0.000925793645102349
RBM18,0.0009252622869452079
WBSCR16,0.0009249256820041701
JKAMP,0.0009244903250606494
BOLL,0.0009239592205016818
TADA3,0.0009236235335619706
TAS2R39,0.0009230949563929926
NDUFA3,0.0009218976629835317
SLC2A8,0.0009216666194149513
BIRC7,0.0009215296507672575
GPX6,0.0009198615555479481
RPS3,0.0009191430431175576
MTHFS,0.0009188529556639945
FATE1,0.0009188128187871819
WFDC1,0.0009179986684978897
NPBWR2,0.0009176683588737887
EFCAB7,0.0009173827795707019
TAS2R5,0.0009173543128679309
CLRN1,0.0009169556737579732
CCDC33,0.0009165049766107571
ACKR3,0.0009161843420952216
CYB561A3,0.0009147713906335573
MTNR1A,0.0009146967590222654
DGCR14,0.0009144773044088693
C11orf71,0.0009134185884212353
U2AF1L4,0.0009131465808939708
ZNF700,0.0009129463987658389
PTPRN,0.0009129327543791916
SLC26A2,0.0009121109320878242
UGT2B28,0.0009116775950688218
IL4I1,0.0009109617174536262
LCE2C,0.0009104394441773904
SYPL2,0.0009103425046674612
IL1RL1,0.0009099890209496557
OR51V1,0.0009072667478043431
PTCD3,0.0009064254235275315
VPS28,0.0009058302682223763
TRIM4,0.0009055715298043636
ATP5J2,0.0009046219416402038
RNASEL,0.0009039894919942158
CLDN6,0.0009038268606154267
PCTP,0.0009033737264341235
TMEM167A,0.00090256430083685
HAGHL,0.0009004250688008903
PCMTD2,0.0008989656961700828
NDUFC1,0.0008982925362930507
TPI1,0.0008973534730075663
LIPT2,0.0008968068010098996
PYY,0.0008949790647039743
GLTPD1,0.000893672475518884
TMEM150B,0.0008925623395119037
OR8I2,0.0008924778822485565
TMEM14C,0.0008906906371532692
PEX11B,0.0008899218008269783
C11orf1,0.0008895443253278771
KLHDC8B,0.0008895440847921487
CAPN2,0.0008893835103235447
DDX19B,0.000889049376214417
IL17C,0.0008885028212762648
OR2B6,0.0008884425843695749
CYB5R1,0.0008878163588673658
CYGB,0.0008874216836555569
EPPIN,0.000886869940567889
SMAD6,0.0008868103780410167
DDX28,0.0008867158222926008
GSC2,0.0008859598786010818
IL1A,0.0008859073621316806
MT1H,0.0008856265572540314
COQ4,0.0008854510965840646
NUDT2,0.0008852759455820939
NEDD1,0.0008839191635561603
PTER,0.0008828483909001846
OR7D2,0.0008826715732515086
CCDC63,0.0008824641496007863
ZNF675,0.0008815591881536652
MRPS27,0.0008800941528796125
ZNF341,0.0008800539297791119
COX18,0.0008793341612543878
MED19,0.000879060296072622
KIAA0226,0.00087904609145575
USP28,0.0008786916344535952
KRT40,0.0008779138482341061
ABHD12,0.0008775084354051964
EXTL2,0.0008765647527626621
C5orf47,0.0008746411053565283
FAM71E2,0.0008741219538285903
SDR9C7,0.0008733271479726051
ACOT13,0.0008732968245614028
AIFM3,0.0008725782720277177
ZNF395,0.0008715331965064255
GNPDA1,0.0008712354456773866
MYLK2,0.0008698546110234522
ST6GAL1,0.0008698104616171796
DDI1,0.000869616091897701
ARPC1B,0.0008691194798432637
CPT2,0.0008682661787331189
FAM71F1,0.0008681867434820711
CNTN2,0.0008670154053272657
KRTAP6-2,0.0008666923156054191
OCSTAMP,0.0008663401048714712
PCK2,0.000866229064020222
STEAP2,0.0008636243068619115
ATP6AP1L,0.0008635378643802229
ADAM28,0.0008634832926426335
MTRR,0.0008629920117709837
ANGPT4,0.000862619089337196
TSSC4,0.0008623096658951233
CKM,0.0008620365126234936
LPAR6,0.0008607822818874528
NEUROG1,0.0008606678276822216
TTC29,0.0008604179760053032
MYOT,0.0008599417605323589
NKX2-6,0.0008598073017366317
CD19,0.0008596138299593599
ZNF695,0.0008577964070679649
C1orf95,0.0008576241586943243
PKD2L1,0.0008560967064185292
RAD52,0.0008545651489135439
RDH12,0.0008533160760287163
NGRN,0.0008532976655896002
DIMT1,0.0008531966164314809
CBR4,0.0008527638042154585
RBM46,0.0008524189786730722
GCKR,0.0008523990396732821
SPATA8,0.0008523891146910783
PRMT3,0.0008518469270028713
XKR8,0.0008505895517261878
UQCC1,0.0008505878489867724
KDELR3,0.0008499399496315011
MESP2,0.0008494394750267126
LDHAL6A,0.0008489371042218731
DNLZ,0.0008477705663599477
NDUFAF3,0.000846751471626968
ITGB3BP,0.0008464658885653309
CD1A,0.0008459614080535417
CYB5D2,0.0008448742386461552
ATP4A,0.0008442796881456865
C9orf169,0.0008409581914901068
KRTAP13-3,0.0008394425437876034
FBXO10,0.0008392410559794894
CLEC12A,0.0008390251083600327
CRYZL1,0.000838675936167863
RASAL2,0.0008372492940542645
WFDC10A,0.0008357724204100065
MRPS23,0.0008349693569572795
ANKRD61,0.0008348257422997348
PMP2,0.0008345341784772756
TCEB3CL,0.0008337664014263441
AKR1A1,0.0008336550373965761
CCDC85A,0.000832408821467781
RNF157,0.000831724101919244
SLC24A4,0.0008305565309510297
SAMD1,0.000830552774311928
ELP3,0.0008292620076574543
RILPL1,0.0008288081450188194
SLC29A4,0.0008270369459949225
DNAJC5G,0.0008261204116673579
OTX1,0.0008256932772959665
CD247,0.0008251934189522737
PRSS53,0.000824692957948568
UGT1A3,0.0008244981364792218
MUC13,0.0008239232172251937
FHIT,0.0008238759588896459
C6orf132,0.0008236522882832902
POU3F1,0.0008231632860376599
PMPCB,0.0008228841253670028
ENDOU,0.0008223468287990092
ACBD7,0.0008215420237124314
CCDC59,0.0008196865909967984
GPR157,0.0008195561736168109
REXO1L1,0.000816309113850085
CSGALNACT2,0.0008163042971328062
COMT,0.000816166091388748
ZNF626,0.0008157634056756212
MEA1,0.0008154761229208123
RBM4B,0.0008151650295784285
KRT86,0.0008138959000513749
RABL3,0.0008135336256482539
CHCHD2,0.0008127622754033223
ERMAP,0.0008125322812160268
GPR3,0.0008123026869311768
THOC5,0.0008120406826439723
YBEY,0.0008118233723042461
ADPRHL2,0.0008117921409007085
SPRR2E,0.0008112820623529872
C2orf48,0.0008094220245049051
AQP10,0.0008088936833578426
RTP2,0.0008069972560497246
ANAPC10,0.0008065194423185065
ALG9,0.0008064431375259943
HIST1H2BA,0.0008061778231749111
PAPD4,0.0008053224921970398
CCZ1B,0.0008045315219217283
RAB17,0.0008038017438579165
RAMP1,0.0008027898564511785
SLC8A2,0.0008025565413564571
USP17L27,0.0008024893971202036
LANCL3,0.0008018582537372296
OPRD1,0.0008015577223421593
SARS2,0.0008008680739716063
GPR139,0.0007999531073672719
TAS2R13,0.0007998565264084521
MOK,0.0007997657623893779
LRRC36,0.0007996123992451672
TMEM185A,0.0007989624217034907
GNRH2,0.0007989006561831043
SLC45A3,0.0007988823119903588
VPS36,0.000798356255218716
SPATA16,0.0007983246504783186
ZNF716,0.0007980582618589764
GPR173,0.000798050145995641
ZDHHC6,0.0007978526505985467
SLC44A4,0.0007963063131684744
FAM86A,0.0007955404869722392
HBA2,0.0007952216349811518
OR6C6,0.0007950699771823609
METTL6,0.000794260495516914
CXorf66,0.0007938390060995666
BAG4,0.0007925740105991669
OPALIN,0.000792499108263891
GUCY2C,0.0007916310468914845
GHRL,0.0007913000405439673
BCL6B,0.0007909614007758774
RGS11,0.0007883684223817656
POLR3D,0.0007877590463250348
C12orf5,0.0007875719911462703
KLK9,0.0007875656274529549
VPS8,0.0007866328676155222
C19orf43,0.0007864984312650517
HIST2H2AA3,0.0007861708867844252
TXNDC11,0.0007860592102968505
SRGN,0.0007849068703868137
NUP50,0.0007848273528473665
FAM175B,0.0007841903669329641
C19orf25,0.0007832082113546568
CHCHD3,0.0007791511910474326
EXOSC9,0.0007790974068376806
SCGB3A2,0.0007789017983273788
RNF182,0.000778825655847248
ANKFN1,0.0007779403898883634
CDO1,0.0007775655670228473
SUN5,0.0007771217498178652
GTF2F2,0.0007770825109369021
WNT5A,0.000776326370771276
OR10J3,0.0007762704008121352
GPR15,0.0007759589512065856
TRUB2,0.0007736057385826786
PAX9,0.0007733213922448193
ZNF280A,0.000770270433955401
AKAP7,0.0007695864316607111
PSMC3IP,0.0007686946784101545
ZBTB37,0.0007678657952635111
CHMP2B,0.0007672326464408961
ATP6V0D2,0.000767048188099743
SLMO2,0.0007666675938069413
ENSA,0.0007664478748136847
LYSMD1,0.0007655292249202705
SNX33,0.0007645194201683202
ZFP14,0.0007644241880942294
CCDC64,0.0007643759997162843
CSN3,0.0007641821418626245
GAS7,0.0007641215121764478
MRPL47,0.0007624355123304233
SRL,0.0007621314959394005
BLZF1,0.0007606328707111033
SYCE3,0.0007606324708706466
ZNF454,0.0007586852736203576
FGF22,0.0007584659304085209
KRT13,0.0007578772932526681
KLHL14,0.0007577563544436958
ARHGAP12,0.0007574951686586979
TMEM164,0.0007567007460870343
SERPINA1,0.0007565820331534781
SLC25A47,0.0007564192952188277
FAM124A,0.000755171655745004
SERPINF1,0.0007551147570152901
ZFYVE20,0.0007550851590434441
SPRR2F,0.000754455634750399
ELP4,0.0007544530583522359
PLD6,0.0007532365183205491
SPRR3,0.000750669229899031
GLIPR1L2,0.0007485126471374031
C1orf61,0.0007481611913772141
S100A3,0.0007479138311323718
DHRS1,0.0007477207724572522
LETM2,0.000747299643173491
RAB32,0.0007467134847591424
CATSPER1,0.0007463846123296548
OASL,0.0007444004296365096
OR52M1,0.0007443607399672371
ZC2HC1C,0.000744210962255246
MGLL,0.0007441027141381819
SLC3A1,0.0007438501159134712
CTAGE4,0.0007435331731095836
CCL13,0.0007429209671556358
PARP16,0.0007420900770809543
DDX47,0.0007417303544666395
PVR,0.0007416225529680673
CYP39A1,0.0007409862902763919
OLIG2,0.000740686607919863
CCDC62,0.0007389456846329264
WDR27,0.0007388423635262729
IL1R2,0.0007379400347162569
OR4Q3,0.0007376995605204481
VAMP7,0.000737476197159379
TIMP3,0.0007374713110587107
ZNF22,0.0007367655620874073
GPM6B,0.0007367401823829077
SNX14,0.0007346143213608656
R3HDML,0.0007340688507287429
ZNF837,0.0007335563692835202
PDE6H,0.0007333153757362695
SLC24A1,0.0007328236239884559
SYT16,0.0007315467971749794
KRT85,0.0007306467406433721
EDAR,0.0007296190115842348
OR51E1,0.0007295844378753336
DEFB108B,0.000729381573203957
FAM20B,0.0007281074148857839
FRMD1,0.0007268905190061308
SSMEM1,0.0007267494350902396
NOL7,0.0007266358628259139
ZNF232,0.0007255343297338258
TRAF5,0.0007240636400152647
TMEM114,0.0007239518258736539
ENDOG,0.0007239201426976032
OR6C3,0.0007231667611339196
KPNA7,0.0007230354148756062
RFC3,0.0007228939351605763
ZMYM6,0.0007225789764964284
AGPAT2,0.000721076594398494
TMED7,0.0007205688722855712
TMC6,0.0007201762418654131
TSPYL1,0.0007198237154087422
CCDC38,0.0007182208242933327
RAB23,0.0007179637656003067
LCTL,0.0007179540549791052
FBXL12,0.0007173935565144352
CD5,0.0007172150326739819
DHRS7,0.0007153836044892015
LMBRD1,0.0007147886938444508
EXOC2,0.0007140726506889
LMX1A,0.000713876825792688
KIAA0101,0.0007136924149916503
CMTM4,0.0007136708084766231
INPP5D,0.0007135615908808343
ZKSCAN7,0.0007123115117859507
ERLEC1,0.0007112859901287838
PQLC3,0.0007107808186238551
OSMR,0.0007106180090824358
APMAP,0.000708846709111601
HLA-DPB1,0.0007083773065595773
TTC21B,0.0007076627011808372
GMCL1,0.0007070331445676958
POLR3F,0.0007061000415583213
EFCAB4B,0.0007060160095486416
C11orf16,0.0007052828677215511
PPP1R2,0.0007045738804189245
PFN2,0.0007045563357507916
LYSMD4,0.0007039823278033444
ADM5,0.000703383761885708
CYP21A2,0.0007026905274873398
VPS16,0.0007011927841925262
BEST2,0.0007010237039359804
ZMYND12,0.0007005534466226632
DEFB118,0.000698970610161302
APITD1,0.0006984215853076223
GSTA1,0.0006971437421161733
COG4,0.0006964007945231335
MOB1B,0.0006956714611151063
TMEM175,0.0006953905180686918
MPLKIP,0.0006940292733038606
PI3,0.0006935500834904895
SLCO6A1,0.0006931039188427839
MACROD1,0.0006930957527353366
MCOLN2,0.0006930099080188808
PRKAB1,0.0006924910523184396
KRT84,0.0006916687380082127
TMEM37,0.0006911664518175669
DHX16,0.0006906121736957965
GTF2A1L,0.0006887644773585573
HEXB,0.0006884695393361482
IFT88,0.0006884498645651832
SLC25A40,0.0006874451334951445
ZNF610,0.0006874171081653862
CXCL5,0.0006867438614575887
CDK11A,0.0006856966635958862
KHDC3L,0.0006841508144612965
PRAMEF2,0.0006831624137450368
CCDC97,0.0006821407495488332
LCE2A,0.000681360908262088
DENND2D,0.0006807417028649359
PGLYRP1,0.0006805819146269084
ZCCHC7,0.0006804611516645079
JAM3,0.0006804523235942573
FAM98C,0.0006804271742741082
UGT2B10,0.0006804089777620054
SSTR4,0.0006801933419120238
KRT71,0.0006797645368968683
MAGEA1,0.0006792617471147753
GPR55,0.0006787207645833752
GLB1,0.0006779888577710933
PDZK1IP1,0.0006769846772260653
SEC23B,0.0006769257559595639
HERC5,0.0006762393396901282
OR5M8,0.0006757616640920145
FAM150A,0.0006753713299998346
NUP43,0.0006739145230073621
NAGK,0.0006736285676352604
HELZ2,0.0006732478102905275
ZNF75A,0.0006725753797855714
APOL2,0.0006725208517687186
MED16,0.0006724472142086774
LY6K,0.0006722950042619908
CCDC178,0.000671578182893216
POLE4,0.0006707885743879382
IFNA6,0.0006702329719788198
CD8B,0.0006698799279689349
EXOC3L4,0.000669823399639897
ZNF415,0.0006696543322155475
PTPLAD2,0.000669536498000749
ATXN3L,0.0006694221926063123
RAB5B,0.0006692858717148722
MSH3,0.0006692495831015742
CD46,0.0006680915948730296
OR2Y1,0.0006680814512107862
EID2B,0.0006675941413034209
TMEM194B,0.0006665124780839135
OXNAD1,0.0006656511256200472
DZIP1L,0.0006651085159985433
NUB1,0.0006647080030521746
TCF12,0.000664090854362531
PDE12,0.0006638253282711262
COX15,0.0006633813004889482
OR5D14,0.0006631000582249123
OR2T12,0.0006629457655334974
SLC13A1,0.0006624568403613982
KIAA1199,0.0006622280829178521
CNGA3,0.0006605165485322751
TMEM128,0.0006604563568432463
ASB2,0.0006602248832419413
ANKRD9,0.0006601544793399614
PPP3CC,0.0006599553568767064
CIB1,0.0006598663422546687
ITK,0.0006586097545337617
MBD3L4,0.000658030876891902
OCA2,0.000657874705938871
CTC1,0.0006577950110508531
TMEM54,0.0006572411666196501
PRR20B,0.0006563087061415377
MMAB,0.0006562733920695053
CINP,0.0006560385955379656
ANKRD20A3,0.0006551782563953279
SURF6,0.0006551220497851328
TTC23,0.0006550142090664507
RAB40C,0.0006546308048219677
ALS2CL,0.0006542379073570204
TPD52L1,0.000654062990959606
SRI,0.0006539858095884766
GMNC,0.0006533792435236995
RAB3C,0.0006528454583899625
OR4C11,0.0006526003560110964
NEK1,0.0006521285891607504
FBXO43,0.0006518187469881355
PLEKHO2,0.0006516491773810498
SC5D,0.0006510624631220378
SH3D21,0.0006501988718082817
TOR1AIP1,0.0006495705979057937
FAM132A,0.000649301741601373
CCL15,0.00064884558395897
SYCE2,0.0006486489940577256
GALNT15,0.0006484501197564297
DUOXA2,0.0006479936134268226
PRIM1,0.0006478115902646924
SLC25A45,0.0006471300943279796
BUD13,0.0006462318052065845
HES4,0.0006461562889475297
PECR,0.0006461377492486998
HEXIM2,0.0006455432632808876
TNK1,0.0006444505723501484
WNT4,0.0006440990997956722
SIGLEC7,0.0006434780725902528
GPRIN3,0.0006432603591635325
ITLN2,0.0006432390374030259
ARFIP1,0.0006424695167210704
WDR45B,0.0006419759569199834
CCDC57,0.000641412672678447
TLR10,0.0006411618193319416
OR8B2,0.0006403410770306583
SMPDL3B,0.0006400460613774651
ZDHHC20,0.000639930559412745
IFNA4,0.0006395714501687972
SLC26A8,0.0006392773694473899
LGALS8,0.000638630545854046
PPP1R1A,0.0006380599244138413
CLEC1B,0.0006338205982580392
SMTNL1,0.0006328654139293175
FAM43B,0.0006328335236049235
ZNF155,0.0006322404420148171
TMEM160,0.0006309714932384946
OLFM4,0.0006305639119882297
ACTL10,0.00063014745648172
ZNF571,0.000629014044048861
TM9SF1,0.0006284294216933871
FBXO15,0.0006283622265822229
ACTL7A,0.0006276970473301634
STRIP2,0.0006274994627390823
KRTAP1-5,0.0006256865245305022
SLC52A3,0.0006256697481268955
KRTAP8-1,0.0006244156886270817
PTCHD3,0.0006236603682782983
KIF15,0.0006234912613069327
OR2B11,0.0006233749037533145
AMPD2,0.0006229782843782017
TRAPPC2,0.0006227130503112227
LGALS9B,0.0006223552230590118
ZNF630,0.0006216156839259628
ZNF784,0.0006213170271398902
OR2T11,0.0006208691651944674
ELAC2,0.0006208071562102042
MYL10,0.0006198943977969533
GNG10,0.0006194512082634844
SH2D1B,0.0006188609587919168
GRHL3,0.0006182229850589955
MIPEP,0.000616792413159265
GYS1,0.0006165299088565132
IRF3,0.0006161879168347074
CCDC146,0.0006142890402498672
ZNF749,0.0006128887392257154
CCL18,0.0006115019331496876
DACT2,0.0006105002355638714
AZU1,0.0006104017043786558
OR2L13,0.000610302485489449
DBH,0.0006102382784323551
RANBP3L,0.0006099706607911454
C20orf195,0.0006095591273289162
SOAT1,0.0006075806674509955
TMPRSS12,0.0006070727534046214
CLVS2,0.0006068278597474523
MRPS24,0.0006064672737929409
OR5L1,0.000606358467113693
HTRA3,0.0006055888760363571
MAP3K6,0.0006052092559364033
IL27RA,0.0006049155237227417
HSD17B6,0.000604323689885008
TEX14,0.0006041537344019675
ZNF417,0.0006031392159131013
RRP1,0.0006030721769795847
ZMPSTE24,0.0006019179648109581
MRPL35,0.0006018847302128361
USP31,0.0006017176165767637
DSN1,0.0006014164764362929
CBY1,0.0006012274405751462
KIAA1211L,0.0006010690179460121
KRTAP20-1,0.0006008547380052041
WDR5B,0.0006001515655040368
SPINK9,0.0006000563598889737
LST1,0.0005997362985592557
TTC9,0.0005996026063489515
OR1E2,0.0005989568214190978
XRCC2,0.0005988165629693178
TEAD3,0.0005969868049664628
COMMD1,0.0005967149147243895
HADH,0.0005958716952167032
APCS,0.0005957930985861517
ANKRD36,0.0005955199529311609
ZNF581,0.0005946697816178974
TSPAN16,0.0005940103821616678
MXD1,0.0005936646938714989
PRSS1,0.0005935610904640476
GPR17,0.0005935156084527806
C21orf58,0.000593116271272789
CLEC4G,0.0005929100194019477
GPSM1,0.0005922319695613317
AKR1B10,0.0005916185140214746
EFEMP2,0.000591602979947235
NUDT8,0.0005914580480346664
KRT7,0.000591148666766306
ARL14,0.0005896316472269728
CACNG5,0.000589520038705963
ZNF548,0.0005892629167474488
TIMM50,0.0005886846871505098
DPH2,0.0005883506773576468
ABHD1,0.0005876169824577788
RAD51C,0.0005875377054201162
OR5I1,0.0005867021057848566
ZNF12,0.0005865660157739335
PAQR7,0.0005857938776384653
CCDC140,0.0005857340927252993
ICT1,0.0005855594405618794
SLC28A1,0.000585264098440049
OR51T1,0.0005851985070114758
SERPINA7,0.0005849947734889554
LAX1,0.0005845002877793349
FKBP15,0.000583892763904689
SERP1,0.0005838655535361793
CCDC39,0.0005834618184464074
EXOSC3,0.0005833489615345806
PMPCA,0.0005823090293862817
ZFP69,0.0005814889895430119
OR13C2,0.0005814550691859648
SAMD8,0.0005813215809374131
C2orf57,0.0005798392207421201
SCXB,0.0005795963383055373
ATCAY,0.0005787466175745877
LRRC37A3,0.0005778701602786612
ZNF396,0.0005777099721248731
PRKRIP1,0.0005776713606010257
PRDM8,0.0005774917939852375
CDK10,0.0005767999750227936
SDCCAG8,0.0005767779921410208
IFITM2,0.0005756776290056709
IRGM,0.0005752904504486375
ZNF699,0.0005751441510287405
CXorf27,0.0005746121856677688
CD101,0.0005745880008608111
HBD,0.0005739047480786846
UGT1A9,0.0005724349462312817
TMEM252,0.0005719912447829962
ZNF789,0.0005719447128632786
NAGPA,0.0005718868576190311
SIGLEC9,0.0005716635089472371
CA6,0.0005710343630925141
C1orf112,0.0005710157370762538
OR52I2,0.0005708490901962242
PLEKHA7,0.0005705301071503308
SPINK14,0.0005703027590811446
LCLAT1,0.0005694491819455109
MT1A,0.0005691145367909096
PPM1N,0.0005689903967089165
SLC29A1,0.0005683971294988057
MAP3K7CL,0.0005665168956308646
NRL,0.0005660485161001126
DAND5,0.0005656930981619702
B3GNT9,0.0005656855793107197
GMPR,0.0005655142723199086
NOC3L,0.0005654693768096057
GPR161,0.0005652049863937751
C1orf123,0.0005651893968692832
CMC2,0.0005646686491012365
CYP3A4,0.000564576807693803
ILDR1,0.0005644555830690108
WDR73,0.0005629183175086119
MYL7,0.0005626780782868458
CCDC180,0.0005623211265959011
DDX25,0.0005622851444457182
GDF15,0.0005608253648307162
KRT76,0.0005607849383898293
PRPS1L1,0.0005605964941261545
HMCN2,0.0005604571633302843
OR5H14,0.0005598290520927153
KLK4,0.0005596547372878445
BEST4,0.0005594486927621404
CTSE,0.0005591416088514236
ZNF266,0.0005582109261340791
ABHD10,0.0005581761332993891
DDB2,0.0005570189000898522
C5orf20,0.0005568005314745277
SNX8,0.000556726668469866
TMC1,0.0005564419136748624
MNS1,0.0005563033157270691
SEC13,0.0005562418071492407
EMR1,0.0005556420317148227
FAM171A2,0.0005552664609519849
CLDN7,0.0005547821549232801
FAM127C,0.000554407345560575
USP40,0.0005542224563540906
LRRC69,0.0005538406595388621
TMEM163,0.0005536507895678641
ZNF471,0.0005534411745675898
USP16,0.0005533600359659234
ADAM11,0.0005531575455835115
ADIPOR1,0.0005526848614294672
PAGE2,0.0005523628854199484
SLC17A7,0.0005522490439654571
SLC16A3,0.0005511738030759475
USP39,0.000550828895248803
PPBP,0.0005507852486128905
SLC10A2,0.0005507665596481716
SLC5A1,0.0005497707681964586
SLC6A11,0.0005493045615670664
SERPIND1,0.0005490462775875343
CDC27,0.0005485549917690935
NPR1,0.0005484125795566152
LEPRE1,0.000547872516518394
OR51I1,0.0005474556845637291
NPIPB5,0.0005467636635638653
PLA2G1B,0.0005456127714518975
MPZL2,0.0005454159990853733
GABRG1,0.0005448574908905542
FAM63A,0.0005448556122592381
CCDC7,0.0005445520971962489
LRRC26,0.0005443934000830676
GPR4,0.0005437829486271165
KPNA5,0.0005428563973619521
TRIM49C,0.0005420014347097323
BCAT1,0.0005412979868106864
RCBTB2,0.0005409921713079911
ZNF569,0.0005406732419627517
ZNF337,0.0005402778555144302
TBC1D2B,0.0005385011337083872
PQLC2,0.0005383492499275751
ATP6V0A2,0.0005379155343406258
PGM2L1,0.0005370699133233342
GATS,0.0005368301988306431
OR4E2,0.0005366086127565915
CLEC4M,0.0005352356088144663
TMEM230,0.0005346773516708938
SMYD1,0.000534581069338798
ZNF729,0.0005343956229345049
ICOSLG,0.0005343572886986783
TBC1D10C,0.0005341923370771696
ASAH2B,0.000534028409205923
TMEM182,0.000533401666831646
COA5,0.0005330749149569188
DGAT2L6,0.0005328013652183593
C3orf35,0.0005324390037041364
ZFP36,0.000532291347912716
OR9K2,0.0005321983170172918
SNX24,0.0005309874172093192
IL22RA2,0.0005306024476548588
TMEM147,0.0005303934433484777
OR51F1,0.000530151426158838
CTSB,0.0005300835528807955
OR3A3,0.0005300711230440883
EXOG,0.0005286892875130858
ZNF843,0.0005282135036947726
CXCL6,0.0005266794879925213
N4BP1,0.000526179154391691
CYP27C1,0.0005259953639216112
GAL3ST4,0.0005250707275594367
SPATA6,0.0005248200785298773
KRTAP3-1,0.0005245902100445255
OR2A42,0.0005242347834565475
TLDC1,0.0005241944897989246
TMEM82,0.0005241147553764377
DGKQ,0.0005237576917723724
SLC28A2,0.0005232729940441283
CLEC10A,0.0005229154228066375
RRP7A,0.0005228867164845074
CCDC144NL,0.0005226235009982156
C1orf100,0.0005225064931385763
ZNF605,0.0005221209355583793
ELMOD3,0.00052208072529363
NEU2,0.0005211775317050498
C15orf38,0.0005200613529279379
MEOX1,0.0005199791413501691
C10orf32,0.0005197652166805468
BIN3,0.0005193901157498847
ZNF554,0.00051927517814769
ZNF99,0.0005192078762083055
C6orf165,0.0005188512704896757
RNF122,0.000518698466229301
STRIP1,0.0005183703752259142
ATG16L2,0.0005174717109952313
IL17F,0.0005173686440762496
C14orf28,0.0005166631452440053
CFC1B,0.0005165571528036103
OR6C2,0.0005160241612754159
DTL,0.0005154587845035546
POU6F2,0.0005153795493992042
C17orf58,0.0005148576175509303
C1orf65,0.0005131254222447509
STARD3,0.0005129642544046725
SLC35A2,0.0005128429065010954
CLEC4D,0.000512511768163633
TSPAN2,0.0005119548593735102
CA5A,0.0005119002914408678
METTL18,0.000509228201988251
CCDC171,0.0005092225776527372
C17orf64,0.0005090558302637637
ADAMTS4,0.0005085906303632558
SLC45A4,0.000508549916120168
TMEM38B,0.0005082105740203102
RGR,0.0005081951764826442
RGPD5,0.0005078561721048452
SLC30A6,0.0005075539168476125
CDC14A,0.0005065041614607315
SCARF2,0.0005063743661634049
POLR2C,0.0005058318098748176
OR10H2,0.0005056921178216439
TTF1,0.0005051863639191281
MAPK12,0.0005040914593539607
HBG1,0.0005031951368391472
FAM220A,0.0005025438046335436
FXYD3,0.000502527367550516
CLIC6,0.0005022827821696981
C4orf19,0.0005011328325084751
LRRC3,0.0005005007596415028
KRT73,0.000500072532970785
ANKRD32,0.0004990179760534624
ZNF442,0.000498993402240095
ATL3,0.0004988730372395824
CUTC,0.0004987794710390003
FAM114A2,0.0004984500325737888
TRH,0.0004981138345722441
METTL9,0.000496824616911131
COX16,0.0004958751176063855
STC2,0.0004954602707117305
LRRC16B,0.0004954354609293107
MRPS28,0.0004953360955356063
ZNF804A,0.0004950011469967585
CDHR2,0.0004934117060545101
BCL2L12,0.00049245010844632
FAM127B,0.0004923616723030868
STK17A,0.000492196069149339
TMEM213,0.0004921221118461599
L3HYPDH,0.0004915086342309461
TSPAN4,0.0004914073972350048
NINJ1,0.0004911457706761224
SNX9,0.0004909348889167392
CCNDBP1,0.0004904978832654781
CHST7,0.0004897648581019408
CNTN3,0.0004889129988651717
CCL4,0.0004881973680718711
SCN2A,0.00048816567475688116
RPS18,0.00048771572037192157
PHF23,0.0004875092723083864
SLCO1B1,0.0004860902287509722
MACC1,0.0004853907944754518
SLCO4C1,0.00048466380654011104
OR11L1,0.00048265638736352947
DNAJC19,0.00048265170552302196
SH2D3A,0.0004815635797129454
ZNF540,0.0004805434999945449
TMEM143,0.00047912279341443047
CD1C,0.0004789961839210335
ATMIN,0.0004787339726281784
DEFB104B,0.0004781686077026957
PARPBP,0.00047795435472332726
ZMAT5,0.0004774448930676644
OR5B17,0.00047729857831082417
RNF39,0.00047727945174402033
SLC15A4,0.0004760410150967143
FGF3,0.0004760121577618133
KLHL29,0.00047509615772736816
VPS25,0.00047500482672381506
TNFSF15,0.00047484460396680423
SCAMP3,0.00047409453102258386
CRB3,0.00047402236108032243
WNT7B,0.0004739179966909933
SLC22A4,0.0004738096108496444
GABRA6,0.0004732893272562049
SFXN2,0.0004720872677832573
EIF5A2,0.0004720817468727242
FAM184B,0.0004719919783593463
OR1M1,0.0004719563677305947
NT5C1A,0.0004717944253504716
HOXB4,0.00047166926746112993
OR11H6,0.00047054134891277025
KRTAP19-6,0.0004703714066973418
TMEM117,0.0004702018428228316
OR51Q1,0.0004701305838510376
BCL2L13,0.0004686424716526427
CDK20,0.0004685011748514732
BLOC1S3,0.00046833969645150174
OR1B1,0.00046759850312374823
SLC14A1,0.00046710206938459773
NUDT16L1,0.0004669631213719716
C6orf120,0.0004666053122868855
PIGB,0.00046644593439621357
IVL,0.000465589394836992
GLIPR2,0.0004653556948364541
WISP3,0.000465347741631756
CEP57L1,0.0004646780390206973
GPANK1,0.00046425359331088564
OR6A2,0.0004641299354785075
CAB39L,0.00046385864713155336
MRPL46,0.00046339974839051517
SOCS4,0.0004633305255297742
GALNT18,0.0004629756758473901
OR52K2,0.0004621544424882813
CARD10,0.00046198208781465783
KRT15,0.0004614000050737539
CCL5,0.00046114978622370864
MAMSTR,0.00046012752002095713
IL37,0.0004595207051288042
GOLGA1,0.0004594367881326896
PAFAH1B3,0.0004586349631759432
CDKN3,0.00045842135086185615
TMEM30B,0.0004572941125783762
C17orf53,0.0004563008526145898
GRB2,0.00045619314081089395
TMEM35,0.00045618070745948757
OR2T3,0.0004558928114208205
RFPL3,0.00045536464087461064
PUS10,0.00045517080670712934
OR51I2,0.00045471824220185667
BTBD18,0.0004544817821727251
PIR,0.0004543338421328302
HSD17B3,0.00045400887756430605
REN,0.0004539612433352146
NPW,0.0004531273919571666
ATP6V1G2,0.00045296521272072563
RPP14,0.0004522854179048179
LRRC10,0.0004521292778127838
DEFA5,0.0004518756923310148
RTKN,0.0004508108023023153
CASP2,0.00045057170900167305
ABCA9,0.00045049384937101525
ZC2HC1B,0.00045044463402938096
ISOC1,0.00045040102967789953
ZNF492,0.00044980540707216933
GTF3C6,0.0004495767616034497
PSMD9,0.00044910906837639916
SOHLH2,0.00044867839054101076
ATP5SL,0.00044848430333514023
OR8S1,0.0004484629669907566
FAM118A,0.0004484471304001023
CWC22,0.00044840506510300396
HIST1H2BO,0.00044776014951832796
KRT2,0.0004463767747918152
C1QTNF6,0.00044555856175706814
DNAH6,0.00044472879499558697
OBP2B,0.0004438150068097935
RBMY1A1,0.00044379015693734924
BCAS1,0.0004437839489909836
KIAA1737,0.0004424656126974613
FAM117B,0.0004423372929730954
TRMT61A,0.000441911316739235
ZNF394,0.00044169759842614876
ALKBH2,0.00044157359153317906
GPR160,0.0004414046681230697
PATE3,0.0004410929281216004
TTC14,0.00044105486927697616
MRGPRX3,0.0004410069156546821
SH3BP5,0.000440952789512199
CCL19,0.0004407000570635372
RPL26L1,0.0004394032237752011
CCDC155,0.0004385914700807074
SLC5A12,0.0004381045683077582
CDH19,0.00043734003746516534
TMEM41A,0.0004370246182441297
TMEM129,0.00043660871556142766
TNFSF11,0.00043579280930828695
SPRY4,0.00043553508168155087
CLEC7A,0.000435427967613996
NIPAL2,0.0004353351451743807
TRIM29,0.00043508285502904924
TRIM35,0.00043502387757338374
KLHL38,0.00043473306048443395
WASH1,0.000434283139735533
ZNF511,0.00043428271728553075
C5orf48,0.00043398753387061226
CLIC1,0.0004339216271919309
PLP2,0.0004337128641902056
ANAPC16,0.00043359333346201995
TMEM258,0.00043329337533879673
NR0B2,0.0004324977409581015
FAM96B,0.00043239968101824546
DAO,0.00043210190328567684
CCDC34,0.00043154482105614735
AIMP2,0.0004315328289140354
ZNHIT6,0.00043116685446164117
HLA-DQB2,0.000431034469086271
SVOPL,0.00043099216425568387
SLC7A7,0.0004308293250491724
DEFB116,0.00043040420939532227
FMOD,0.00043006956122098374
FAM45A,0.00042993211981265627
CHP2,0.0004297951733946241
ZC3HAV1L,0.0004290043624093268
RNASE13,0.00042897527259559687
MREG,0.00042858680444702777
CD4,0.0004283600531997758
COMMD2,0.0004281836233847144
CALML3,0.0004280493356247397
HBM,0.00042755304476403883
CAPS,0.00042726218236947844
ABHD5,0.00042710233332767455
VNN2,0.0004267417568304719
TRDN,0.0004266357945438799
SLC39A5,0.00042639267504397015
C12orf63,0.00042636137629933766
KLF14,0.0004262172686530295
TMEM53,0.00042605222029388964
TTLL4,0.00042542446052313876
TVP23C,0.0004253562363994524
SPATA20,0.0004251309666260014
FAM63B,0.00042389423867518955
DENND1C,0.0004235006354124636
SLC34A2,0.00042348139197153137
TMOD2,0.0004225562703334782
TMEM126A,0.00042226269159402946
MAP1LC3B2,0.00042081269792076844
ACBD4,0.0004207283674799182
HJURP,0.0004203045510237449
TIMM8A,0.00041979135456404195
KCNMB3,0.0004196769319760998
MTMR6,0.00041932520257845777
RNF222,0.00041888420814946057
ACRV1,0.0004187209022192442
DNAJC18,0.000418395191635849
TIMM21,0.00041808876778181295
TAS2R7,0.0004169204295739249
FABP12,0.00041599471558610414
RNF7,0.00041582763681945585
KLRK1,0.00041525918412891916
C10orf62,0.0004152288801583605
TRPC3,0.00041511886723381066
SLC6A18,0.0004146646875664081
METTL1,0.00041452436378521456
ZNF106,0.0004144910547736146
CARS2,0.00041445506823845
NELFA,0.0004142625077862479
CHL1,0.00041375126405743235
ALG14,0.0004134384100456271
LRRC28,0.0004130663306192734
DNAJC12,0.0004130508138923537
RALGPS2,0.0004123425441956369
TEX22,0.0004121590354702448
HIST1H2AL,0.0004112130786307995
CCDC54,0.00041055731577341456
MTMR2,0.0004104857424528761
VAMP8,0.00041016450076494944
COX8C,0.00041013470528495727
CXCR1,0.0004099482243868961
PPP1R16A,0.0004097742584199607
MRPS12,0.0004090767354532083
KRT17,0.00040897999668091604
REG1B,0.0004074367511228655
CRELD1,0.0004071910317815777
SIGLEC6,0.0004069821800614512
CELA2B,0.00040692861488631177
RNF4,0.0004067767790539105
STK32A,0.0004065179322781595
DDX58,0.00040648442556820864
SH3RF1,0.00040637841530138263
ATP8B1,0.0004047034612157811
C7orf62,0.00040447032235334793
CLEC9A,0.00040385387278654776
SRMS,0.00040354197468562273
DBNL,0.00040352510623794423
REG3G,0.0004034054127711978
C17orf59,0.0004033936306058744
ACSBG2,0.0004029938697446484
GCNT4,0.000402755482918405
SLC2A4RG,0.0004021406137869072
SDR16C5,0.0004018113381928426
SIAH3,0.0004008283151133182
PPP1R1C,0.0004004532030155779
SEPT4,0.0004001838091186059
ZNF785,0.0003992629858106288
MAD2L1BP,0.00039883814542251414
KIAA0408,0.0003983866611647151
GPR180,0.0003981126831014836
KRR1,0.0003980955252722967
TTC23L,0.0003973439194446712
ARHGDIB,0.00039613394765738053
OR4A15,0.0003960756042470254
KLK15,0.00039571096182258633
INSL6,0.0003953906681894748
OR5AC2,0.000395108809115588
CHMP4A,0.0003949254330124014
ZNF71,0.00039403348924609233
PRRT1,0.00039388166006785146
ZNF641,0.0003936684820388098
HSFY1,0.00039342021197690474
OR52B4,0.0003929185497992088
FAM204A,0.00039220658498861357
CD38,0.0003920842529122801
SLC25A41,0.0003920559262405103
GIPC2,0.00039200880925439364
KRT74,0.00039170445370612984
PODNL1,0.00039162134675737285
PPP1R32,0.00039102997747794964
TFDP3,0.0003910298585326099
RNF180,0.0003909320003526029
UBN1,0.00039031225902269134
BCLAF1,0.0003901340344791589
IGFBP4,0.0003899809027694173
DNAJC28,0.0003887341372403308
SKIDA1,0.0003886601072152071
FAM166B,0.00038850209662954734
ITGAM,0.0003883631365535046
GPR150,0.0003883391527175575
ATG14,0.0003882881532740139
GKN2,0.00038704607298820705
C1orf131,0.0003858534110449741
ZNF813,0.00038571316801410077
HECTD3,0.0003856545227330278
HOXA2,0.00038557355989632836
PTF1A,0.0003852090466468114
IFNL3,0.00038510736231537533
C1orf216,0.00038443607771213826
EMC8,0.00038396534672026583
LRRC43,0.0003836720035163397
DOK2,0.0003827504494076155
DPYS,0.00038257359703496214
TMEM86A,0.0003825006132838784
RNASE9,0.00038132061897239264
ZNF143,0.00038111901970529856
ALDOA,0.00038031535647737826
EPHA3,0.0003803055847309438
ZDHHC4,0.00038026065886882646
ZDHHC21,0.000380084374120395
ATP6V1D,0.00038006587551453756
EMC10,0.00037982440449930006
DEFB131,0.00037948209040396486
ZNF205,0.0003791888695403286
ANKRD63,0.000379067098320099
C15orf54,0.0003787293006860137
SLC26A3,0.0003784060865531103
TMEM19,0.00037824501256748664
DISC1,0.00037809718671278844
KNCN,0.0003777294639082566
AQP11,0.00037759985161059097
SSTR3,0.00037710523113959377
POLG,0.00037569579671101476
HSD17B1,0.0003755280894380837
LOXL4,0.00037549169471301155
GIMAP7,0.00037465841626854566
ITGB1BP2,0.0003742671222731691
ATRAID,0.0003742553912175332
OR10K2,0.0003740051926299059
CNTNAP4,0.0003735331351239354
EXOC3L1,0.00037334982032537716
THYN1,0.00037324737912086393
AP3S2,0.0003732398212793962
FDCSP,0.00037319298574940447
ATP4B,0.0003730097233454315
SHISA9,0.00037240739034021675
TMEM205,0.0003716142180085299
C1orf198,0.0003713093127506452
MRPL21,0.00037102465258979906
RNF169,0.0003708725000504633
NRP2,0.0003703818124241874
CKMT1B,0.00037037088401152557
SLC17A2,0.00036947237056616453
ADAM8,0.0003694232594521243
ZNF446,0.00036888873094565003
ENTPD6,0.0003685185102978478
WDR16,0.0003679634852884033
SLC22A17,0.0003679214262514405
TNFRSF10A,0.0003673040766314771
OR2T5,0.0003665876524211334
FSCN2,0.00036535660954954767
SLC13A3,0.0003650913187893282
ANKS4B,0.000364316387303449
CCDC71,0.0003639970148100801
EVI5,0.00036395066458189856
COL4A3,0.0003634102410710097
GSPT2,0.00036307658492532214
SEC14L2,0.00036188349695307235
SLC9A9,0.00036151277369705155
COX19,0.00036066522109707774
MMP17,0.000360538132365576
ENO1,0.00036005918444200017
C19orf45,0.0003583639240270554
LRRC34,0.00035761483857669254
NRIP3,0.0003572330162533787
DMRTC1,0.00035690707405431813
TMEM222,0.00035688344249060064
LRRC37A2,0.0003566178850563664
ZNF491,0.00035638574196357936
RNF141,0.0003557826081436898
PPP1R13L,0.00035571518393646035
FOXA2,0.0003556227994723588
ALDH3A1,0.0003553894453632543
TM2D1,0.0003553040639394113
ZSCAN20,0.0003552439773472659
KLHL1,0.0003552205894723746
FAM43A,0.00035506262552857226
PROX2,0.000353825077972742
PHF11,0.0003533847442375372
ST3GAL5,0.00035322533060302134
OR1S1,0.0003531899331408087
TSPAN1,0.000353164361836142
CLDN10,0.0003525360965776565
COX7A2,0.0003514372396103434
RPS6KA2,0.0003507319942511612
NDUFA10,0.00035069792160588077
POLR3E,0.0003506205427147955
PET100,0.00035059654569845447
ULBP3,0.00035058788962476624
RAET1E,0.00035044555199780376
C11orf34,0.00035003070411764156
OR52K1,0.00034963433954549115
DNASE1L2,0.00034939648487296066
OR8J3,0.0003493961381270085
CDK5RAP2,0.0003493937927397898
POPDC3,0.0003493292368131706
ASB17,0.0003492461384269473
CREG1,0.00034890325645488084
WDR38,0.0003484450563576056
FAM71F2,0.0003483870830107895
LEFTY1,0.00034812834136229375
C12orf73,0.0003470758051501971
B3GNT1,0.0003467499185503391
MRPL12,0.0003463798376010704
CCDC102B,0.0003462167004795876
YIPF2,0.00034605219601517177
ARL4D,0.000345554427641579
OR14C36,0.00034521726134991235
CCDC40,0.0003434965549225463
ACP1,0.0003434858021782815
TTC36,0.0003421304372029352
SMCP,0.0003410085826733665
PEX6,0.00034089874220313767
C8orf59,0.000340650199430713
OR51B4,0.0003403300348432619
FAM83E,0.0003398197452425091
PHPT1,0.00033930044735392144
CD6,0.00033925096128383837
OR51A7,0.000339040672883951
EVPLL,0.0003388346666972566
SRPK1,0.00033862688203038533
ZNF461,0.00033829074069510853
OPA3,0.0003381204142596507
OR6M1,0.00033809654722748666
IL13RA2,0.00033798944133368663
VSIG10L,0.00033784062532094244
TSPAN31,0.00033732462055335063
RAB39A,0.0003371758201076682
STK25,0.00033624581770627296
ZNF259,0.0003360166220456283
GXYLT2,0.00033596849433285895
CEACAM3,0.00033570549211208513
GPR115,0.0003347557540926756
UBXN11,0.000334651169507805
PDGFRL,0.00033448830595775737
DCLRE1C,0.0003344369730406659
ZSCAN2,0.00033361611142402714
ADRA1A,0.00033354783526605994
SEPT11,0.00033314390525995174
ZNF519,0.00033254690169169383
LRRC6,0.00033249976056488054
OR6Y1,0.00033193136703847545
LDHAL6B,0.00033172983399378376
KCNG4,0.00033172373239752237
PPP3CB,0.0003315013541292728
BCDIN3D,0.0003312244395187138
SLC13A2,0.0003301850095447993
RPS6KL1,0.0003298925465831684
OR4N2,0.00032972954730408857
CASP16,0.0003292531790123912
RNF215,0.0003286800103193205
TMEM170A,0.0003286011471675044
NME6,0.0003283111265578982
FAM198B,0.00032732655003188464
CCL23,0.00032664087043755954
IL31RA,0.00032653662388457653
TMEM236,0.0003258385954328815
UBE2V2,0.00032364562430450307
TMEM99,0.0003231283660242838
OR4L1,0.00032267147511959055
ADAD2,0.0003226578502565763
CLEC3A,0.0003220084034199388
MROH7,0.00032177711645697637
SERPINB8,0.0003201280495312664
ALG12,0.0003199837102182636
CCDC88B,0.00031924826815364935
SEC23A,0.00031887593218338917
EVA1A,0.000318436601153289
ZNF737,0.0003182564306540613
RAB19,0.000317986776472266
NPHS1,0.00031703267885114004
RNF217,0.0003166274878580925
NADK,0.00031634327196205706
NCR3LG1,0.0003160050978320766
N4BP2L2,0.0003159311386911011
OR5AP2,0.00031557155054732686
ATP5S,0.00031542814529043596
OR4K2,0.00031534964758560085
SLC39A7,0.0003149071962613995
ZNF426,0.0003145776721941407
TMEM223,0.00031394315848991256
VSTM2A,0.00031337900943531567
HIST1H2BL,0.0003133680835235144
FAM71E1,0.0003133629029590375
HPS3,0.0003123215634649639
ZNF7,0.0003122852630003146
DUSP22,0.0003121110041729101
CYP4X1,0.0003119148772167047
MRPS18C,0.00031144836818866264
CHST13,0.00031143984400911547
TMEM31,0.00031132424173306307
ACCSL,0.0003111986643884424
PNMA3,0.000310417451551641
CNTN6,0.0003100020379429016
RAB3D,0.00030989035027799265
HYAL4,0.00030988995210357994
NAA16,0.00030875438804954053
TOM1,0.0003085409952255976
MMP23B,0.000308256818525128
SH2D1A,0.0003079759386135006
C7orf34,0.0003078330904641149
IL31,0.0003076483251100024
ALOX12,0.0003074549626017597
ATP5E,0.0003071750729114667
LYRM4,0.0003070984713734741
USP44,0.0003070606752881919
GAP43,0.000306810742072978
RBM43,0.00030623974558890727
EIF2B1,0.000305868439418005
SPRR2D,0.0003058658916705218
OR10V1,0.0003056277009026294
SGSM3,0.0003053083759368191
ZDHHC7,0.00030440510054916025
ZNF268,0.0003039027955542306
HS3ST1,0.0003037551955792255
SMG8,0.0003031199784838796
TMEM144,0.0003028722274936601
COX6A1,0.00030233030351838183
SEMA6C,0.0003022161168744278
CYP2C8,0.00030144503787775726
KRT38,0.0003008938692473533
KRTAP5-1,0.0003005641430654243
TMEM132E,0.0003003641117376673
SMAGP,0.0003003167629794487
BMP5,0.0003001430337199347
SPRYD7,0.00029998376647288834
SLC2A3,0.000299974378732398
MDK,0.00029994687855706346
ZNF211,0.0002999401049447056
TMEM260,0.00029961309739027847
CCDC152,0.00029929352941312836
C12orf49,0.000299251649386118
C12orf39,0.00029921329460557897
ARID3C,0.0002986087263268761
KRTAP5-5,0.000298488428606411
ZNF586,0.0002984880335666727
TRIM16L,0.0002979952759480595
ANXA5,0.0002976968293580801
SFT2D3,0.0002974278131816454
WDR54,0.00029677329583216666
IL18BP,0.0002962053898753168
ANKLE1,0.00029574017676371316
MARCH2,0.00029559215932845723
PDCL3,0.0002952551614733422
TMEM161B,0.0002949518574156477
UCP2,0.0002943272291596785
XAGE1A,0.0002942399029712786
UBE2E3,0.00029400225138636937
SPINK7,0.00029368460448851063
DPEP2,0.00029310681924274055
ZFP3,0.0002927566043403687
CRIPT,0.0002922540036147517
ZNF697,0.0002920589488058586
KLHL30,0.00029077168450175486
PLA2G2F,0.0002906394454715765
GDF3,0.00029017973702304784
AP1S1,0.0002900128360194999
TTLL11,0.0002899206403864761
ZNF440,0.0002896689832969991
C1orf109,0.0002895726248092447
TRAF3IP2,0.0002894422288693702
NDUFA12,0.00028940993857806886
C7orf31,0.0002892078886914882
HIST1H1T,0.0002891468577564667
GJB6,0.00028911745544244545
KCTD2,0.0002885410593796336
MARCH11,0.0002870927036538064
SLC30A5,0.0002865960439063663
TMEM2,0.0002859298705790411
C10orf95,0.00028531449076605204
TMEM246,0.00028487336037957833
NSUN7,0.0002848096481528776
C1orf110,0.00028407021417286774
KRTAP1-1,0.0002839931290726067
C19orf53,0.00028386050995811684
KCTD4,0.000283641450819989
GPR153,0.0002831774264045658
ACTL8,0.0002830644336777557
CFHR5,0.0002830180046032123
CT47A4,0.00028278273424176226
ANAPC15,0.000282559031583614
MICU2,0.00028226946517658874
C8orf37,0.00028187101847908263
ZNF530,0.00028135894832626674
NKX3-1,0.0002811675203676855
ATP1B4,0.0002811365984360632
DNAJB8,0.0002811167124973334
WFS1,0.00028109307905253134
C17orf82,0.0002809687886956711
SAMD10,0.00028075403069668985
GPR1,0.0002804948205555965
BRINP3,0.0002803132944174445
SLC23A3,0.00028020419680721814
CD160,0.0002800895439729681
ANKDD1B,0.00027988773719800683
C7,0.00027983030758593546
OR4K17,0.0002790614437741014
MFSD7,0.0002789122622655874
TMEM116,0.0002785688913218178
RPL31,0.0002782099184389843
PSMB6,0.0002780387444666908
E2F4,0.00027783591934252494
SLC17A3,0.0002775552469855501
TRIM13,0.0002775082783557337
FAM213A,0.0002774512113358812
GOLGA6L9,0.00027684396126735785
KRTAP19-5,0.0002765964540154629
FAM83G,0.0002756447649915269
CD163,0.0002752240134355862
TRAF1,0.00027493979627672514
MTFR2,0.00027476757169440745
ADA,0.000274546828178473
SLC25A6,0.00027436701582212093
DUOXA1,0.00027356655853209643
KRBOX4,0.0002733619877072931
CYP1B1,0.000273286311078882
ACOT8,0.00027324974403243775
ZNF343,0.000272855944027707
BIRC5,0.00027282209889108324
TRAPPC12,0.00027147770159839077
CASR,0.00027124203054726214
APOA2,0.0002710787585100094
TRIM44,0.0002706577433784015
ALDH16A1,0.00027012254659060044
SLC47A1,0.00026926808159081594
TEX19,0.00026893994608170895
ZNF662,0.00026878932120360084
ZNF500,0.00026846635916840105
USP17L29,0.0002680712915626178
ZNF518B,0.00026792807611344884
PTPRCAP,0.000267882223572899
BNIP1,0.00026777256264942645
C16orf46,0.0002670479032370096
TBC1D30,0.00026692796670608777
PIK3R3,0.00026663508354331954
LDLRAD3,0.0002666205414575564
C7orf55,0.00026654291576424735
VWA3A,0.00026604828662712065
MATN1,0.00026594765245554195
OR5D13,0.0002659426444982447
LRRC45,0.00026581338926281734
CCL28,0.000265649825444927
SLC26A10,0.0002651179718988053
ACKR4,0.0002647316173373233
PPP2R3C,0.0002647033566462499
RNF139,0.0002644717174498934
LYZL6,0.0002641504566637097
C14orf177,0.0002640758413262173
CCDC124,0.00026357952356988163
CYB5R2,0.00026335715346359576
PPCDC,0.0002632798804674785
OR2K2,0.0002626113443352547
HLA-B,0.00026141578542265
TMEM177,0.0002604024257644249
KIF20A,0.00026012272537144303
TAAR2,0.00025988121806160854
FBXO39,0.00025984687037940553
SLC37A2,0.000259770365570932
OR1L6,0.00025940124058390987
SPRR2A,0.00025933573939385265
ZNF575,0.00025912858858587206
ANXA8L1,0.0002586452508758373
ZNF184,0.0002583706077737598
SLC17A8,0.0002582435268255273
SLC25A17,0.00025824206657624256
KIF2B,0.0002577059898956385
EDN3,0.00025737249045188816
RBMY1J,0.0002572291871029537
OR1J1,0.0002565531907169842
ZSCAN21,0.0002565179863170695
C2orf70,0.0002555063328628509
C2orf76,0.0002550892495062316
FAM161A,0.00025494121434843555
NPM2,0.000254540386426723
OR7E24,0.00025345268888437054
OR2M7,0.000253179826493358
UPK2,0.0002531450174436094
HIST1H2BF,0.0002526415978098912
DHODH,0.0002525676144771128
MED31,0.00025229545109351636
MRPL53,0.0002518167379946746
CBLN3,0.00025175044153427493
C4orf26,0.0002517057199626359
WDR25,0.00025169796060046164
ZNF329,0.00025167394005263334
RIMKLA,0.0002513223635961906
ZCCHC17,0.00025092495199434693
ZNF792,0.0002501471898311
RRP15,0.0002500494095673831
C1QTNF8,0.0002498801331132567
KLHL21,0.00024942843578701617
STYXL1,0.00024896700735598675
PPP1R3G,0.00024853809896370515
OR10J1,0.00024798439019858967
MRPL23,0.00024766162717728205
TRIM38,0.00024692866025386833
USP43,0.0002466677796219023
PSG8,0.0002460579609118093
ASF1A,0.0002458322938050989
OR13F1,0.0002458276561263357
KLHDC1,0.0002443560371186662
NBPF9,0.0002441345369248243
ANXA7,0.00024405435331888048
IL36G,0.0002437440578801897
GPBAR1,0.00024335869440813098
FAM203B,0.00024193582872905286
ZNF286A,0.00024138642523231798
PDC,0.00024099443655818786
CST7,0.00024068596572299078
UTP6,0.00024042167155202283
OR52I1,0.00024038415836395238
OR2T4,0.00024036533974078597
METTL7A,0.00024036520104866996
ZNF57,0.00024017525044939047
KRTAP4-9,0.00023994506542017747
RHOF,0.0002399229432531498
VWC2L,0.0002396801972369412
NUDT15,0.00023950099765691156
GOLIM4,0.00023947502880429273
TMEM151B,0.0002392709704729943
C16orf3,0.00023922823745155372
GDPD5,0.0002390513241111041
RAB3B,0.0002389835211024143
MGST1,0.0002389066519689533
VPS37C,0.0002388073355906161
OR2A14,0.0002384046585834237
NPPA,0.00023831844418226045
OR4C16,0.00023818093591753894
SLC25A37,0.00023811924283360323
ZNF730,0.00023781348877972627
TMEM245,0.0002372829070951421
OR4K1,0.00023717153492871482
FAM101B,0.00023697939041907886
CLDN18,0.00023633687265066342
OR8B12,0.00023618370735138756
CYB5D1,0.0002356886533821489
LCN9,0.0002356253254119834
C3orf72,0.00023486816358192196
RAB42,0.0002347251102669124
LRRC8E,0.0002347192986708592
OR4S2,0.0002346750974886041
APOBEC3C,0.000234647034907262
HIST1H4G,0.0002345149088496486
C22orf23,0.00023441812187358307
GRSF1,0.00023431592686595546
TPGS1,0.00023425525699246778
C10orf107,0.00023391575096011583
RNASE3,0.00023375953017287093
FAM211A,0.0002335297443049462
CLEC2B,0.0002333931543377686
GIMAP5,0.00023312371103185304
KRT83,0.0002330739362086183
RBFA,0.00023307323518353504
COX5A,0.00023241155517704542
IL12RB1,0.0002322674282202173
DEFB132,0.0002319393683102106
RNASE8,0.00023190315674250208
SLC25A38,0.0002318632239927957
OR51A2,0.00023181136384542846
MORN2,0.0002312825294780735
INIP,0.00023056044300677516
SLC9C2,0.00023031267287573022
DUSP16,0.00023015052108175396
OR4C5,0.00022983768528110702
ANKRD31,0.00022936186513701108
TCP11L2,0.00022915458857261813
TMEM97,0.00022878719360799353
FOLH1B,0.00022871943012840924
ZNF701,0.00022853120617578133
MAP7D3,0.0002283979573585865
CD200R1L,0.0002281990746588553
ALG8,0.0002281436955922729
RAB26,0.00022813195075322486
SLC35C1,0.00022801556413292655
OR8D2,0.0002276765496320327
MUS81,0.00022758681592778933
CA2,0.00022552684274439853
ZNF479,0.00022546070589068775
TRIM40,0.00022524005995713155
CCL17,0.0002248434426679752
ATP6V1G3,0.00022447695950965986
AQP8,0.00022435044435127255
LRRC14,0.00022357765199816385
EIF2S2,0.00022277757230737988
UBE2QL1,0.00022269388447073826
OR51B5,0.0002226048911581102
TCAP,0.00022259738034579498
TNFRSF17,0.0002222412391739707
KRT32,0.00022220204756735797
CYP2D6,0.00022158601795077595
ZNF551,0.00022116655602875656
CENPC,0.00022040075131633918
RGS22,0.00022031682125173778
TARS,0.0002198596944686682
SMYD5,0.00021964038683805137
GPR108,0.0002191159155942036
HRG,0.00021910755234622373
GPNMB,0.00021896848476826917
ZNF197,0.00021894475025215342
OR2C1,0.00021825925741549902
RNF212,0.0002179256928910807
HPGDS,0.0002175132807781945
MYO19,0.00021740928481939193
C4orf27,0.00021740321206619793
MARCH10,0.0002170532573676985
KRTAP10-1,0.0002168745400278207
C3orf58,0.00021623138853894358
SLC25A34,0.0002162112487149465
ZNF527,0.00021610505692900442
C22orf31,0.0002159479638666707
TRIM63,0.00021566114445386057
KLHL41,0.00021543668073201422
KRTAP10-11,0.00021463252307317616
OR4C15,0.00021456367996436191
ZNF283,0.0002144453664734637
TMEM214,0.00021373057300491736
NME1,0.00021337658599952542
UPK1A,0.00021322449194466329
TSEN54,0.00021320259263907967
GJA10,0.0002127598537720378
LRRC30,0.00021246529061961182
SLC24A2,0.0002122233550061767
SYT5,0.0002121254011040007
OR52D1,0.00021168332285100344
HLA-DOB,0.0002115540687366848
FGFBP2,0.0002114223674335268
TMEM59,0.00021135230117958615
TMEM63A,0.00021122247446274788
SEC24D,0.00021078570267892336
WNT11,0.00021042653017821315
CDHR1,0.00021025421575416296
ZNF816-ZNF321P,0.00021017255151604223
C11orf88,0.000210029841109949
ITGB1BP1,0.00020989644655069575
PPP1R3B,0.00020972702015909503
FBXO6,0.00020939983769066491
PALD1,0.0002092929251518259
OR10A5,0.00020919366821419368
RPL39L,0.00020872417627046668
EPSTI1,0.0002085189003345896
BTBD1,0.00020796151851139593
TMEM52B,0.00020776861742828197
CBLN2,0.0002076698908834536
AKR1B15,0.00020760013390567884
PARVG,0.0002075738772807297
SLC7A14,0.00020743067385636322
FAM64A,0.0002070418488923237
SLC6A15,0.00020682084742802077
CD44,0.00020650686758040928
OR1F1,0.00020647687177271145
CYP11B2,0.00020639176598033046
TMEM69,0.00020615360820130208
SLC2A11,0.00020609282863003666
SLC27A3,0.0002040461921229614
ZNF804B,0.00020364118911049922
ARL5A,0.00020275517832734485
IRX4,0.00020266374166267272
OR10H4,0.00020200812306402126
FAM169B,0.0002019838082318869
SMIM21,0.00020151298646226167
IGSF5,0.0002012563876902425
HIST1H1E,0.00020117782583393634
RFWD3,0.00020110235860826124
OR1A1,0.00020109818172857254
OR6P1,0.00020085999953212589
SH3BGR,0.00020076722901134398
ZCCHC9,0.0002005275524911282
RASSF7,0.00020046744496649357
SLC38A7,0.00020020722255074188
SLC36A3,0.00019999203823495716
ALOX15,0.00019993011623742614
OR5AK2,0.00019979788069187092
HSD3B2,0.00019931952546667548
BTC,0.00019918344615611915
SLC4A9,0.000198994829289147
CHID1,0.00019887990945736782
ZNF620,0.00019863514538241798
C11orf84,0.00019845572116050688
TMEM211,0.00019815213834096317
IL33,0.000197397032469143
OR1N2,0.0001972000436752329
TMEM234,0.0001965867351418293
DTWD2,0.000196247314885048
SLC38A11,0.0001960619052449388
ISLR,0.0001956558383655825
ZNF80,0.00019554860171460238
NDUFB9,0.00019515812892110759
KRTAP5-6,0.00019508614329195176
ZNF79,0.00019505289411890026
ACYP2,0.00019496368161436568
CCR5,0.00019475940160840376
RPL27,0.00019436622522069866
OR11H4,0.00019408790012322258
F3,0.00019383246224734943
FASTKD1,0.0001935756624082601
B3GAT2,0.0001935329029900208
NOXA1,0.0001929770400552457
CCDC113,0.00019256612076774772
SERPINA6,0.00019228437377308863
ERCC6L2,0.00019162748604868965
OR1L3,0.0001914218721454028
OR6N1,0.00019134945507888977
TLR2,0.00019087413615421925
ARHGEF16,0.00019024209743729077
DOK3,0.0001900708987537917
ZNF264,0.00018955713896635326
ZNF593,0.00018954414263859558
ANKRD30A,0.00018937240912303446
FAM149A,0.00018925227458751808
SLC46A2,0.00018896209941527564
CACFD1,0.00018894842895358295
SLC27A2,0.00018849976701946117
CD8A,0.00018835304124711476
PDE11A,0.0001881757616176252
KCNA3,0.00018798964467123502
MAGEB5,0.00018793044938102536
STK24,0.00018779970784288123
CRIP1,0.0001877366263010761
PLEKHA8,0.0001867629531653943
ZNF229,0.00018664268885390626
HIST1H2AB,0.0001864853305798518
CCDC115,0.00018625873513737593
MT2A,0.00018540096019623598
PLA2G4A,0.00018511297037963732
SLC22A6,0.00018469288126450207
REG3A,0.0001844030162140591
ZNF81,0.00018432218476212826
PSTK,0.00018416419635365524
SPECC1,0.00018368682637450506
NHEJ1,0.0001830854861672428
PSMD5,0.00018297634913681202
GOLGA7B,0.00018291376961609082
C10orf53,0.00018279751770676453
TMEM95,0.0001824289042358267
C19orf40,0.00018224425057835334
ZNF529,0.00018196974350791017
SPATA6L,0.00018100316736638638
DPEP1,0.00018083108389724468
TMEM80,0.0001805195920388214
SLC22A2,0.00018045248070840182
MRPL52,0.00018037316414592271
OR8U1,0.00017997979469989948
KRTAP11-1,0.00017950345450741659
GSTA3,0.00017950031541368782
KRTAP4-11,0.00017933451370006294
CDY2B,0.00017926765721241398
FAM57B,0.00017847660578325925
LYPLA1,0.0001780801019939065
SLC2A6,0.00017797285117503915
ZNF764,0.00017776928547082838
OR5B3,0.00017718364018207586
WDR31,0.00017706787477082353
TMEM67,0.0001767536520071347
ZNF564,0.000176572811511942
ARRDC4,0.00017611896806148708
KRTAP20-3,0.00017550863017400597
UNC93A,0.00017549963425204677
ZNF835,0.00017518341894961722
CCDC109B,0.000175057507001203
OR51G2,0.00017500366668845815
CHTF18,0.0001745300895090697
ADAM32,0.00017448434427198874
ZNF572,0.00017445980017218287
PLSCR5,0.0001742982293467133
KRTAP20-4,0.0001738806439296061
CMSS1,0.00017368100084632536
SLC39A12,0.00017351024811983754
ZNF781,0.0001734342133170062
SSSCA1,0.00017338926366697302
TTC9C,0.00017336369937122836
NT5C1B,0.00017318892170400363
RAB27B,0.00017307966611129904
KRTAP5-8,0.00017296321223156293
ANXA3,0.00017287989828205206
WDPCP,0.0001727693199988687
C19orf44,0.00017262556252677506
CLN5,0.0001725116469532009
OTUD6B,0.00017249557861113448
VMO1,0.00017246814094802203
AMHR2,0.00017125280120405242
LAMB1,0.00017075417137818664
NR1I2,0.00017048942414035466
ZNF14,0.00017022529720684613
GOLGA6L6,0.00017002196455400784
HSD3B7,0.00016987276671566684
SFTPA2,0.00016981043567466217
USP21,0.00016975302646885434
CPNE3,0.00016945897163144294
UNC5CL,0.00016934569371751998
ATP6V1C1,0.0001691017729018076
CA13,0.0001685965595882637
CCDC15,0.00016855557167814227
C6orf1,0.00016834229517811717
SFXN4,0.0001679879536776166
FBXO16,0.00016792873689823467
SLC6A20,0.0001670486200090955
OR51E2,0.00016700644612036445
SLC34A1,0.0001667825305579512
SLC47A2,0.00016663053648491305
C1orf127,0.0001665663999667713
TMEM62,0.00016625467363781018
TMPRSS13,0.00016578066412002045
CCDC127,0.0001650763274762253
HLA-DQA1,0.0001648851665387379
FKBP11,0.0001647418866216959
C1orf68,0.0001647011638987397
ZSCAN10,0.0001643192271704029
ZNF565,0.0001640494151690317
ZFHX2,0.00016327518092275215
NT5C3A,0.00016296636170360984
YEATS4,0.00016291111575906288
OR13C8,0.0001627504269725288
KIF25,0.00016262923113575628
MGARP,0.000162382492936656
KRTAP2-3,0.0001620089237691183
OR6Q1,0.00016192784339828374
XYLT1,0.00016184325751753096
CYP7A1,0.00016171545741043794
TMEM176B,0.00016165765505374305
PLEKHB2,0.0001612469363927762
ACTR6,0.0001603926117090822
DNAJC5B,0.0001603165323893188
DHX57,0.0001598723191916963
TTLL1,0.00015985314622974752
ZNF736,0.00015967129943680753
TMEM254,0.00015936037188155397
OR5A1,0.0001591253926626297
MRPL39,0.00015905668856192425
TMEM159,0.00015894370178049655
COMMD6,0.0001584770394278683
TMED1,0.00015845340122974826
COX7A2L,0.00015826760288846752
FAM118B,0.00015811685315122732
SLC26A4,0.00015794186131562596
FOXH1,0.00015778882716938115
ZNF300,0.00015777646076738748
ANXA1,0.00015763203987873337
ACP2,0.00015743683308478107
CD151,0.00015742799040702456
CREG2,0.00015739723228207287
DUSP7,0.00015736456887161562
C1orf146,0.0001573596064207323
PRR9,0.00015713421872157684
SLC22A11,0.00015706483871335335
DGAT2L7P,0.00015681212376932022
GOSR2,0.0001564451504261309
COX6B1,0.00015644354186559084
WDR77,0.00015641652299278687
NEK11,0.00015636537001809703
EXOC7,0.00015623328917189707
ZNF692,0.00015597427631959922
RAB27A,0.00015563752030195484
OR2AE1,0.00015555038657924503
OR4D2,0.00015527046243995538
ZNF124,0.00015493231559765883
SLC25A23,0.00015487826885718505
SLC22A7,0.00015449892243536026
CD70,0.00015448979068719405
TRIM72,0.00015439161690799426
STOX1,0.00015423803271819288
OR4K14,0.00015390959414586018
MT1F,0.00015388288263150474
DPPA4,0.00015357976270804046
SLC2A7,0.00015336225232333056
RFPL1,0.00015334125734498994
HIST1H3H,0.00015330896860397334
C18orf21,0.0001532784020413791
SLC16A7,0.00015307851925891764
ZNF347,0.00015293029395598454
ZNF185,0.0001528702969938209
CNBD2,0.00015254673001874366
OR51J1,0.00015224983669307558
OR7G2,0.00015220786429426443
C19orf80,0.00015205950157659868
OR4D1,0.00015191917544965497
CYP2U1,0.0001518862500297608
COL9A1,0.00015185796278946462
OR5D16,0.00015133450590136213
TMEM38A,0.00015124397286396318
SLC43A2,0.00015107759965177634
MPG,0.00015105214932411686
NOL9,0.00015084471239170004
TPM2,0.00015083788669783478
KIAA1524,0.00015049300715667033
HSD11B1L,0.00015032905573226656
CCDC110,0.00014942508660493022
ALKBH1,0.00014915224884904225
S100A12,0.00014912004721345592
TMEM220,0.00014864450582302205
LCE3D,0.00014837520274065954
S100A4,0.00014830783216169836
PAQR8,0.0001481515449591462
ZNF256,0.00014814555386148207
EFCAB13,0.00014809890315755627
RPL7L1,0.00014774345843065017
ANKRD54,0.00014744412906876793
MARK3,0.00014691308423717773
IL36RN,0.00014645327468632339
SYCE1,0.0001463623627100235
UGT2B4,0.0001463511205295389
SLC35F5,0.00014574572298370507
PPP1R14D,0.0001454334047947155
METTL21A,0.0001454202714409988
TEX13A,0.00014515348082226338
SLC25A21,0.00014503643834611616
C7orf57,0.00014480487974536743
HADHB,0.00014478856212802907
SLC10A3,0.00014471382697882107
CEBPG,0.00014461139308037397
C1orf43,0.0001446083591909995
LILRB4,0.00014456591521399005
PGM1,0.00014436629063007493
TMEM102,0.00014422088180766722
TMEM100,0.00014421165995464014
STARD3NL,0.0001438790917964456
STK32C,0.00014329664578611317
CARD6,0.00014322688897589673
SLC43A1,0.00014279404267960222
SIAE,0.0001427500537209661
CCDC153,0.00014257458953596342
ZNF717,0.00014226735881699983
C10orf88,0.00014218059864978656
GPHA2,0.000142075765901067
CABP2,0.00014202510594210342
PGPEP1L,0.0001416565136763751
C1orf174,0.0001402568609732041
ZNF778,0.00014021812524994643
ADAP2,0.00014001057079850485
NSG1,0.0001400040354196871
UGT2A3,0.00013972734987866776
CD300LG,0.00013969316566581048
LRRC40,0.00013952464938105173
TRIM25,0.00013937637899640756
TMEM74,0.0001392920026819666
FAM132B,0.00013880162206335718
KRTAP4-8,0.0001386694668061624
DUSP14,0.00013854479299283285
CNPY1,0.00013851694904987765
GHSR,0.00013850797835741844
TMPRSS11A,0.00013783858238094787
ZNF845,0.00013770804969820725
TMEM17,0.0001367070881955405
ZNF235,0.0001366526795289686
MRPL41,0.00013653053983473455
KDM4D,0.000136074461377151
EFNA2,0.0001360243177885047
FBXO27,0.00013570118491266044
EFCAB11,0.0001353641236182948
CEP41,0.0001351214688298763
CDC42EP2,0.00013450803228350744
OR10S1,0.00013416133847046115
EMP3,0.0001339078095412942
C4orf33,0.00013374871947003858
ZNF600,0.00013322571264011781
RNASE6,0.00013314760088441508
TEX9,0.00013298676091617594
DDX31,0.00013275491836754473
ZNF665,0.0001327470310499952
ARRDC2,0.0001327115219441021
MICU1,0.00013264854223851678
BARD1,0.00013247525767291364
NSMAF,0.0001322993863101426
ZNF391,0.0001320511600923696
NIPA1,0.00013155333688079295
ATP2C2,0.00013146860603898924
GUCA1C,0.00013104784753916916
ZNF180,0.00013067937635983699
CCR2,0.00013061975998549075
OR2G3,0.00013059797978371004
ABCA5,0.0001305865722875858
VWA9,0.0001301234239528268
CYR61,0.00012978196501727804
SULT2A1,0.0001294461026849009
HIGD2B,0.00012924149681499194
ANKRD45,0.00012917304679555704
EIF4G2,0.00012917000623796323
SPG21,0.00012891547232799915
C1orf168,0.00012876038878402874
TBC1D5,0.00012866573534010454
OR2A2,0.00012862959443436065
SLC36A4,0.00012823268016913197
FBXW9,0.00012796953889930882
CENPN,0.00012709671170407712
POU3F2,0.00012690454560846333
KIAA0141,0.00012667285620556268
HSD17B13,0.0001265031360431497
ZNF707,0.0001261640780237184
PNMT,0.00012614989885219638
TMEM171,0.00012603431619342324
C1orf56,0.00012560942793737526
RNF19B,0.00012508242903761538
PLAC9,0.0001242779143077355
CYSLTR2,0.00012425598843764297
ZNF679,0.00012420502030975286
LRRC29,0.00012383178790192768
P2RX5,0.00012337380355222926
ZNF501,0.00012335550161249727
FCRL5,0.00012287980273476532
AQP12A,0.00012271891487252438
SNX25,0.00012263028109619898
MT4,0.00012257404395452372
OR5H6,0.000122542495264339
PLA2G4D,0.00012233103485000037
WNT10A,0.00012216923644481532
KIF18A,0.00012210799174729842
CNGA1,0.00012203914077814502
HPS4,0.00012154643151696098
OR6K6,0.0001215454921797116
SLC31A2,0.00012141671182085046
OR4D6,0.00012138032030456902
SLC11A2,0.00012134492787006921
RWDD3,0.00012125525097371839
MT3,0.00012069868235028889
ZNF606,0.0001206359853465974
CDRT15L2,0.00012027597922133578
ZNF765,0.00012023328182213042
TMUB2,0.00012012301034225636
ZNF543,0.00011996515759431742
ZNF76,0.00011989325233922844
PRR5L,0.00011955177201466034
ACVRL1,0.00011928115071026822
SOCS5,0.00011922653586534067
CD3EAP,0.00011906508130790241
ZSWIM2,0.00011879689665989812
CDK5RAP3,0.00011856745503405696
HIST1H2AM,0.00011856549854879337
TMEM174,0.00011853505441186582
CEACAM4,0.00011839797259172878
KRT19,0.00011802840940684073
E2F5,0.0001178629777240402
ARTN,0.00011755538346119934
DOK4,0.00011749224328783898
FAM157A,0.00011745085634311803
KIAA1958,0.00011740347631777282
MYL12A,0.00011737343005496765
DUSP12,0.00011725608733588942
FAM174A,0.0001172300209671098
SORBS1,0.00011720554381160507
TEX30,0.00011700011610378223
IRG1,0.00011675394795964975
CCDC27,0.00011670444360617424
C9orf78,0.00011650698221205392
MFSD3,0.00011567502439293256
ARL13B,0.0001153661140188826
PTS,0.00011533174664957479
HIST1H4E,0.00011490085791240555
C1QTNF1,0.0001148354365857293
CCDC172,0.00011475675989449415
OR4N4,0.00011457265995531811
WDR83,0.00011410664300570637
STK32B,0.00011402460018197627
SLC5A2,0.00011366103775537255
KRTAP25-1,0.00011344458214474103
STRADA,0.00011340863419424452
CD2BP2,0.00011336369820445106
FAM24B,0.00011335503524042266
PIK3C2G,0.00011306183517185822
RBP5,0.00011279948313164376
OR52E2,0.00011252154810282935
CLRN2,0.00011231734149312875
HS3ST3A1,0.00011220974793808914
ATG4C,0.00011208208149096098
TDGF1,0.00011207264296115981
DAW1,0.0001119252237034915
ZNF8,0.00011175663501276784
KLK8,0.00011169606904357442
MR1,0.00011168650900247698
DNAJC17,0.00011160656282062664
CTF1,0.00011158981693497176
SYT6,0.00011144217543992487
C2orf54,0.00011141693670969046
SLC44A2,0.0001113984233131335
TMEM107,0.00011137570022130136
SLC39A2,0.00011115946919591034
CDC25B,0.00011094093158183194
MTERFD1,0.00011073182093887232
STK3,0.0001105619148552745
FGF6,0.00011052973926353153
FAM114A1,0.00011040528400668165
TRIM69,0.00011038408089069406
TAS2R38,0.00010992958693747164
ACTR10,0.0001096838556742337
ZBTB24,0.00010937471510075377
ATG12,0.0001093357338113037
SLC14A2,0.00010913950680223261
DNAJC21,0.00010901731802268771
MICAL1,0.0001090128940059052
EDEM3,0.00010866214871479228
OR10A6,0.00010804893151658652
TMC5,0.00010803433725559822
OR51F2,0.00010795278520104694
PCNXL4,0.00010770835833771301
CCDC83,0.00010752727093284337
COA4,0.00010742356174334321
ARHGEF5,0.00010695060403727915
C3orf38,0.0001067734221252521
C15orf60,0.00010646844021021452
CHST12,0.00010625518307171525
OR4S1,0.00010623454037562333
SPATA31A6,0.00010613064912265826
GLB1L3,0.00010590631741870952
OR2T27,0.0001057771434393156
KRT25,0.00010532523696357879
STXBP2,0.00010495983094261445
NFYB,0.00010481452844630198
SEC11A,0.00010460543616322296
ZNF70,0.00010439720155599219
CCDC58,0.00010436207194225294
TIGD7,0.00010382939931948308
DARS,0.00010378878014610506
DEFB103B,0.00010365754539231879
TSPAN15,0.00010357556828297528
OR13C9,0.00010352020742966323
CLCA4,0.0001034362970517889
TMEM184A,0.00010336382517693631
ZNF577,0.00010307616064335829
ZNF720,0.00010286875027361608
MITD1,0.00010282468678290693
TMEM86B,0.00010243718515750047
CCDC93,0.00010194988817852616
IL11,0.00010193261307242678
CD300E,0.00010182002139552501
KLK12,0.00010169105939484061
FAM180B,0.00010151824541757342
HIST1H2AK,0.0001012846299347903
POU5F1,0.00010119519998672031
PEX12,0.00010118634546603762
SLC22A16,0.00010116201336355418
SCAMP5,0.00010098059895192958
SLC38A6,0.00010071414324790023
CYP2A13,0.00010067375987894536
ZNF726,0.00010032671955070385
ZFP2,0.00010007393512056147
CCDC43,9.992781014179006e-05
CCDC103,9.96648999310705e-05
CCDC78,9.951804944155933e-05
NANOS2,9.926113832039208e-05
MRPL38,9.918893469008323e-05
DACT3,9.872524472109751e-05
HOXB9,9.838202398963048e-05
TRIM45,9.8070710745197e-05
POLR2K,9.800294272731565e-05
APOBEC3F,9.770728609628312e-05
MEIG1,9.752763564539776e-05
PPP1R9A,9.749401043375149e-05
OR4M1,9.744100032612811e-05
KHDC1,9.716491106218019e-05
CD9,9.710695898336784e-05
PPAN-P2RY11,9.684233207178282e-05
LCE1E,9.6781268847959e-05
MRPL3,9.670960616437467e-05
FAM9A,9.645461100677658e-05
ASB14,9.630566750329588e-05
SLC32A1,9.603382305160542e-05
NOSTRIN,9.588856172337676e-05
TRAPPC2L,9.539815552424861e-05
RNFT1,9.539411268682774e-05
ZNF670,9.511577532259566e-05
SLC39A14,9.508876199054584e-05
C9orf16,9.464839237306513e-05
SLC26A9,9.461901732684856e-05
ZNF683,9.4480335600305e-05
TMEM109,9.425707727194966e-05
MRPS22,9.413658527513857e-05
DEFA1B,9.400672070014535e-05
CCDC138,9.391090908618385e-05
OR10A4,9.385810487489006e-05
C9orf156,9.341542954610745e-05
IFI30,9.324779453261748e-05
SLC27A6,9.321322555423964e-05
ALDH9A1,9.320152679667454e-05
SLC15A3,9.314471302595138e-05
MFSD10,9.302452200059625e-05
SLC19A3,9.299212898246903e-05
USP4,9.279958835478475e-05
EFCAB9,9.256565804360811e-05
SNAPC3,9.25483604656076e-05
SMIM5,9.233074676566824e-05
PRAMEF1,9.230495077494718e-05
PGBD4,9.223304200919717e-05
OR2A25,9.210600202599331e-05
RNF149,9.192863912545547e-05
LIMS3,9.191616777020331e-05
ZNF559,9.189376827079374e-05
SH3BGRL2,9.173573380864418e-05
C11orf24,9.158672844974122e-05
PPP1R3F,9.136877659050517e-05
C11orf68,9.124991954920141e-05
MRPS21,9.111111595658184e-05
TBCD,9.110022736399385e-05
LRRC19,9.085789020617208e-05
EHD3,9.085288787614888e-05
TMEM261,9.067098806862358e-05
FAM160B2,9.052992268443386e-05
ID4,9.037968244436839e-05
TMEM14E,9.016387472890058e-05
GGACT,8.982175348962373e-05
PTPN18,8.960764053464657e-05
TEX101,8.948130985165463e-05
C9orf135,8.930563323812668e-05
C3orf55,8.871232571713978e-05
COX7A1,8.868096257080792e-05
C1orf111,8.856656975718945e-05
LRRC59,8.839525301765136e-05
KLHL20,8.836360383164278e-05
FOXD4L5,8.833193853820999e-05
CLEC2L,8.752078922570003e-05
ZBTB9,8.725928566788286e-05
AGXT2,8.70843094252435e-05
CDV3,8.692862203282197e-05
ZBTB7A,8.671734176424446e-05
LIMS1,8.66513364756036e-05
ZDHHC16,8.663291782051899e-05
WDR52,8.649680787485552e-05
TRPT1,8.645866373215824e-05
DUSP13,8.63582154011834e-05
HIST1H2BN,8.566465816053777e-05
TNFSF10,8.541811333141602e-05
IL13,8.539626786918523e-05
SYT17,8.535816850445914e-05
TBC1D3H,8.524395607730665e-05
TREML1,8.518667506309724e-05
ZNHIT3,8.485851384364237e-05
PRAC1,8.476809451184008e-05
OR5L2,8.446190087279291e-05
HOXB7,8.445991111796387e-05
GPR68,8.445180284782606e-05
TMEM98,8.4228718682602e-05
OR2M2,8.40809452092117e-05
HLA-DRB5,8.400600637280283e-05
ZNF852,8.391401481953079e-05
TEKT1,8.382439444807349e-05
TMEM126B,8.373459778156444e-05
LRRC56,8.357636226174706e-05
TMEM132A,8.338056925618279e-05
C6orf211,8.333453187416072e-05
C10orf131,8.332537170016113e-05
TMEM216,8.328588923821239e-05
C18orf63,8.312695764908716e-05
TMEM140,8.204489108210398e-05
ZNF420,8.202067631214499e-05
KRTAP12-2,8.194768444686593e-05
MUC20,8.183813266198457e-05
OR51L1,8.170038669536038e-05
OR52E6,8.166157067997711e-05
PPP1R3C,8.144415898783563e-05
GPR156,8.135841322489795e-05
TMEM241,8.126714251654513e-05
KLHL33,8.123904133686016e-05
FAM188B,8.101732218013793e-05
TAF13,8.098921403372186e-05
PDRG1,8.06760576278042e-05
CCDC134,8.061909183930169e-05
FCER1A,8.048548763080374e-05
PDE5A,8.041864604959323e-05
HIST1H2BJ,8.036436035873523e-05
PHF7,8.018169958650213e-05
OR2A7,8.006121928747753e-05
TMEM239,7.980179712717276e-05
COX11,7.954448164536766e-05
OR1J2,7.950828881295506e-05
USP17L25,7.933287921845219e-05
KIAA2013,7.91749895730853e-05
ATP6V1C2,7.916934712845428e-05
RNF148,7.916355284604026e-05
OR6C75,7.904886472721391e-05
HDHD3,7.904339837010551e-05
RAB30,7.892265599823115e-05
FAM195B,7.874386645167281e-05
HABP2,7.84279115168546e-05
C9orf85,7.815006877272286e-05
ZNF43,7.81285639897862e-05
TRIM48,7.806560600048187e-05
C1orf162,7.774227207264374e-05
FAM83F,7.763690737220805e-05
MED20,7.726613328529044e-05
SAMD12,7.724663808853225e-05
KRTAP2-1,7.710734366866454e-05
TP53AIP1,7.707667575306642e-05
FAM136A,7.706546280495549e-05
OR6N2,7.683427447007871e-05
NUP62CL,7.676675663136316e-05
HELQ,7.656968814723251e-05
EFCAB3,7.629075753299288e-05
TMEM194A,7.601649781768891e-05
FAM19A5,7.598479554820428e-05
NT5DC4,7.595321209403103e-05
RPS4Y1,7.572200862777985e-05
DEFB123,7.566144915904792e-05
FAM216A,7.565907483861615e-05
MRPL32,7.557760432344004e-05
SCRN3,7.55706341940594e-05
CDKN1C,7.554722273097142e-05
CD3E,7.554665270017346e-05
PEX2,7.547653828360796e-05
ZNF706,7.541721952724838e-05
KLF1,7.53112171166232e-05
HCAR2,7.513775251766442e-05
PDE3B,7.510314123000644e-05
GTF3C4,7.50705827153599e-05
MAGEA9,7.504826386156338e-05
SPINK13,7.494548066423093e-05
HIST1H2AJ,7.476783995272311e-05
CCDC125,7.476371274735944e-05
GH1,7.474588613523961e-05
RNF113B,7.442532053481286e-05
SLC9B2,7.389823908909728e-05
ITGB7,7.360298402440863e-05
TRIM7,7.335657485512629e-05
MRPS14,7.329370383942406e-05
ARL6IP6,7.299840503764692e-05
METTL2A,7.289156473060708e-05
FAM203A,7.285711205561816e-05
CCDC141,7.268276288204013e-05
GAL3ST2,7.231566180858095e-05
CYP2R1,7.219482417097529e-05
USP17L5,7.217664406115815e-05
NTN5,7.198067650011622e-05
KLHL22,7.172905874753366e-05
ZNF613,7.149421554841195e-05
ZNF681,7.114110021644353e-05
ZNF92,7.101819919271891e-05
SLC9A8,7.093127952204284e-05
OR4D9,7.092595241582149e-05
MRI1,7.091275995978275e-05
RAB44,7.080663723722829e-05
CACNG8,7.06841726326858e-05
CCDC67,7.06344328449904e-05
SLC25A18,7.057729099232461e-05
MS4A5,7.056448981062977e-05
GNG8,7.054533599480024e-05
SLC7A10,7.050066272592868e-05
GPR65,7.04700678452073e-05
LYSMD2,7.025273123310897e-05
KRTAP15-1,7.005379159555469e-05
C10orf111,6.974632247316841e-05
TMEM55A,6.947555247822942e-05
HSD17B2,6.918330628956975e-05
FAM76A,6.909543073511713e-05
OR5B21,6.906973149520799e-05
ZNF483,6.898702787689839e-05
GPATCH11,6.892668892027023e-05
CCDC107,6.880041111800388e-05
CPED1,6.869523658670436e-05
TMEM229B,6.866090124955721e-05
ZNF221,6.86373130329486e-05
TBC1D28,6.839566592045059e-05
TMEM237,6.827950247977751e-05
PRSS21,6.82661341338192e-05
MFSD6L,6.807913647887566e-05
PRR21,6.772886888519357e-05
RPS27L,6.770783781689036e-05
OR10AG1,6.769441730752395e-05
SLC22A10,6.750576733504618e-05
PDCD2L,6.723074570020336e-05
OR2C3,6.720588937102765e-05
ZNF484,6.712556108027899e-05
ZNF19,6.711283229469665e-05
SLC12A1,6.704629719050342e-05
C2orf43,6.695964316862102e-05
POP5,6.675978914563611e-05
KIAA1984,6.67314135880434e-05
IL20RA,6.646755473887627e-05
SLC25A29,6.609008034420103e-05
TMEM251,6.60803001344632e-05
FAM3C,6.602082591692537e-05
FAM21C,6.588558956867964e-05
AKAP3,6.587671223585103e-05
OR13A1,6.575409984551087e-05
CCDC68,6.532602909742407e-05
SPATA22,6.53251986593981e-05
ZNF433,6.524989061579369e-05
FLOT1,6.521502062461504e-05
FAM89A,6.506001038010372e-05
OR2AG1,6.504655665620946e-05
THEM6,6.479312240686432e-05
TMEM189-UBE2V1,6.462432854361227e-05
IGJ,6.408683952461974e-05
STX6,6.377380614406716e-05
CD93,6.343551008321344e-05
TAS2R14,6.309208424619015e-05
IMPDH2,6.279249443591448e-05
ZNF474,6.27210810572127e-05
OR52A1,6.242421950735976e-05
OR2T33,6.235144137549214e-05
FAM189B,6.190468460498038e-05
ZNF18,6.182209953314939e-05
OR5J2,6.10933118071424e-05
FAM69A,6.108554658682622e-05
ZNF672,6.0785614272342676e-05
C10orf67,6.0676479074505076e-05
SPATA4,6.047637807258403e-05
ANKRD42,6.032529044010972e-05
LRRC18,6.017919179280839e-05
OSGEPL1,6.0049455328352944e-05
SSX2IP,6.001193693450294e-05
ZNF223,5.9969128789308795e-05
LSMD1,5.994990902916959e-05
ZNF135,5.9909246161944634e-05
SLC35E2,5.970698840037273e-05
OR13J1,5.9455414999562485e-05
SLC17A1,5.940568531159044e-05
UGT8,5.916346513443006e-05
C6orf89,5.90085674236111e-05
SLC4A10,5.891416601679205e-05
IL5,5.881215522059092e-05
CA1,5.867817832008336e-05
SLC25A13,5.840112719143135e-05
CCDC14,5.834553461241685e-05
HIST1H1C,5.831283405727536e-05
SPINK5,5.8045713143199405e-05
TRIM67,5.790055387116223e-05
OR52J3,5.773356071421896e-05
HIST1H2AH,5.756138509639406e-05
SH2D4B,5.746140896935423e-05
CCDC111,5.7446090104369846e-05
CCDC135,5.740747445437294e-05
MED25,5.739083341119084e-05
KRT23,5.725689779190539e-05
OR5D18,5.709666363559591e-05
SLC30A7,5.6885458734214875e-05
SEMA4B,5.683720992829383e-05
MAP2K5,5.679000558111022e-05
HIST1H2BD,5.664371018844163e-05
CCDC80,5.648865457887046e-05
OR5AR1,5.646038422428388e-05
CCDC19,5.640261236937576e-05
LIPC,5.611474344945688e-05
ANKRD37,5.585963452872785e-05
TSPAN32,5.583095448114343e-05
ATP6V1B1,5.581324340048317e-05
NKAIN2,5.554113460067967e-05
CEP44,5.55260340192601e-05
TMEM130,5.54366285273653e-05
ZNF879,5.535919847008701e-05
RAB40B,5.528922954323013e-05
PIGF,5.5197118328311566e-05
TRIM16,5.515847652998359e-05
TMEM167B,5.5057517199207186e-05
NDUFB4,5.49700025877648e-05
ATP1B3,5.483592552385881e-05
CCDC116,5.478089787765823e-05
KIAA0020,5.4777231139502226e-05
TMEM119,5.474566293602325e-05
KIAA1024,5.459283847330171e-05
PTEN,5.4542634262743835e-05
CYP2C18,5.450672625150356e-05
KIAA1024L,5.43753825608379e-05
TENM4,5.430574004650928e-05
HIST1H2BH,5.413500297044653e-05
KIAA1586,5.4023884648880884e-05
INPP5K,5.402065073706627e-05
YARS,5.387678132863074e-05
BPY2C,5.369356504400532e-05
RTN4IP1,5.362225516140802e-05
ATF6B,5.350846868474113e-05
TAF8,5.29702405934419e-05
PLIN1,5.29099257141192e-05
GPR182,5.2847837203676574e-05
FAM212B,5.265044940477713e-05
LARP7,5.2225022635507694e-05
CAPN5,5.217762620150465e-05
RAB34,5.183446361053381e-05
ZSCAN32,5.169712874772958e-05
CCDC89,5.127557277631342e-05
ZNF226,5.124843409591398e-05
CCDC73,5.1066378925131997e-05
KRTAP2-2,5.104896880093094e-05
USP53,5.092856817448589e-05
LRRC15,5.079763285296537e-05
RASSF3,5.077272338807301e-05
C1QTNF9B,5.069014441727018e-05
IQCF2,5.0608848028853344e-05
NOX4,5.0341566734262335e-05
CYP2C19,5.0309233924502445e-05
COL6A2,4.9863957207921135e-05
TBC1D23,4.977522245801355e-05
HOXA9,4.9773514972228034e-05
TIMM10B,4.9471388431182375e-05
FAM72B,4.9268479225725675e-05
MRPS9,4.923046755979111e-05
PHACTR4,4.916251838567604e-05
PPAPDC1B,4.910639399405499e-05
OR5F1,4.90155047258323e-05
SLC25A30,4.896527228403384e-05
MRPL34,4.892036187772236e-05
HIST2H3A,4.891246746075479e-05
TMEM27,4.865805304162563e-05
C11orf96,4.860478763701753e-05
POTEJ,4.8465643117627896e-05
EOGT,4.78215410574314e-05
SLC25A20,4.7697898511944454e-05
OR4F15,4.749923722731928e-05
C10orf11,4.749449510435947e-05
OR4C6,4.74358153453367e-05
OR1L8,4.719531304234319e-05
FAM46A,4.715349605400399e-05
ARL17A,4.7136530576023875e-05
ZNF561,4.692202547892838e-05
ADAM7,4.6837947301905476e-05
PRR20E,4.676884672265095e-05
KRTAP21-2,4.643137050145766e-05
C2orf74,4.639255086876223e-05
OR10H5,4.6379326601678696e-05
OR2L2,4.590923849479143e-05
ARC,4.583560116898772e-05
ZNF451,4.5800029714188584e-05
TMEM70,4.564489335636352e-05
SLC27A5,4.558366350294188e-05
OR2AP1,4.5475765678390294e-05
ZDHHC18,4.511541813395277e-05
CEP85,4.480262024702454e-05
TCF19,4.397238914713885e-05
PLGLB2,4.387025251605134e-05
SPATA19,4.375312733667832e-05
MCIDAS,4.369222239909636e-05
ZNF766,4.365900122204089e-05
MAGEB4,4.358273313055958e-05
OR2D2,4.342508371145488e-05
ZNF786,4.3334423826471804e-05
CWC27,4.316110551128697e-05
AK8,4.298577330669286e-05
ANKRD29,4.2657179281195685e-05
C1orf189,4.254273122225371e-05
TMEM43,4.240839713175711e-05
C1orf35,4.23543620872359e-05
CDK5R2,4.206269986865338e-05
WEE2,4.198498525649888e-05
GRIN3B,4.196439816029003e-05
ZNF773,4.179847857882611e-05
FAM210B,4.1773839515618814e-05
ZNF302,4.1748617583490025e-05
OR4D11,4.164195758326653e-05
C11orf70,4.160325929037062e-05
CD59,4.151900958426869e-05
OBSL1,4.1466797985586435e-05
ZNF470,4.1316573731967224e-05
C3orf14,4.119872464193653e-05
KRTAP12-4,4.11944062197256e-05
C4orf29,4.113759012876088e-05
NXF5,4.105356887702575e-05
PIPOX,4.076268101572205e-05
FAM72C,4.066980958394131e-05
ZNF257,4.0598643851560086e-05
C4orf45,4.0144595592450786e-05
KRTAP1-4,4.0115863812180786e-05
ZNF174,3.9826415724546226e-05
CHPT1,3.975157175255812e-05
ZNF782,3.9699318924004183e-05
E2F3,3.966530138313022e-05
SLC33A1,3.9657024508798714e-05
CA9,3.9570861257740055e-05
CRYBA4,3.947188662142402e-05
ZNF880,3.935596865234484e-05
TMEM190,3.883762964243013e-05
MOSPD3,3.859639096649186e-05
TNFRSF10D,3.8467921124347664e-05
C1orf64,3.843162543131977e-05
OLIG1,3.8419784343340425e-05
CYP27B1,3.8236078020217536e-05
ZNF44,3.8222337486430635e-05
FAM178A,3.812875343464431e-05
ZNF544,3.807277295144567e-05
DNAJB6,3.7748739317383665e-05
SLC16A4,3.747191870637662e-05
CHIA,3.7312996642609185e-05
SLC2A9,3.715181797987117e-05
TEX36,3.713119417403855e-05
ZNF555,3.705358378434228e-05
ZNF83,3.698995446760218e-05
ZNF267,3.695160182480823e-05
OR6F1,3.679908480970012e-05
FBXO4,3.673104846478856e-05
ZNF132,3.6600977120639245e-05
PFKFB4,3.659732645968511e-05
GPR135,3.6558773173477e-05
ZNF814,3.655242355231998e-05
OR4C3,3.649245871627246e-05
EIF3L,3.635681305434941e-05
ZNF418,3.6068678239635774e-05
PFAS,3.581903153761557e-05
C16orf89,3.548743084513251e-05
CA12,3.508271879836187e-05
FAM207A,3.492633095765385e-05
ACKR2,3.48938070628976e-05
UCHL3,3.481509780798962e-05
OR10R2,3.46502155595761e-05
KIAA0513,3.4391418821993196e-05
ZNF776,3.4298049893712306e-05
OR2T6,3.421362183407783e-05
SH2D2A,3.4124065386625904e-05
OR5M3,3.39554404080212e-05
CD164L2,3.376835572359098e-05
ZNF732,3.3741988602710966e-05
IL25,3.372325898967806e-05
PRPSAP2,3.346703770053312e-05
ATP5H,3.339710413251146e-05
CCDC174,3.337693667009356e-05
FAM209B,3.319101890292727e-05
HTR1F,3.315588433686256e-05
HTR1E,3.315251818198544e-05
OR10G9,3.292680489737186e-05
C20orf144,3.2920399003543296e-05
ZNF397,3.2216262156211146e-05
PPA1,3.214331199594015e-05
CLEC5A,3.20377856923653e-05
SLC22A13,3.185688281360084e-05
RMDN1,3.181360465236898e-05
PPP1R3D,3.170754762761954e-05
TMEM229A,3.170130997132201e-05
RASSF1,3.1425182281324e-05
ZNF273,3.136347625949194e-05
OR5M9,3.12507149544969e-05
DNAL4,3.121141238029231e-05
OR13C4,3.109925882008265e-05
PRSS33,3.103039496836364e-05
ZNF419,3.100391975207874e-05
KCNK16,3.090443526208202e-05
ZNF101,3.064882878354851e-05
ZNF547,3.0587371512785105e-05
TMEM45A,3.058211296475621e-05
ZNF33A,3.0487361837589078e-05
USP54,3.0446319240237486e-05
GALNT8,3.0343955704095165e-05
SLC26A5,3.0309079419835902e-05
METTL24,3.019117345707608e-05
MRPL43,3.012288809046972e-05
FAM19A4,2.9829658625821482e-05
TAB2,2.9610204705283746e-05
ALDH1L2,2.9556945167288985e-05
VAMP3,2.9443754753564313e-05
CD177,2.94402945765044e-05
OR51S1,2.9399873642552704e-05
EVPL,2.9307863919496202e-05
ZNF429,2.9083816255292425e-05
OR2M5,2.9065660570528433e-05
OR8H3,2.9049502051775366e-05
TSPAN18,2.904452212843875e-05
ZNF157,2.894003870073707e-05
TMEM180,2.8767028925730766e-05
OR10A3,2.8731033288421078e-05
ZNF576,2.8727689140260958e-05
FUT2,2.8673196988494528e-05
OR6K3,2.85072051633677e-05
FAM3B,2.847559659621525e-05
EIF2A,2.846693511779584e-05
ZNF705A,2.8440478316173804e-05
CYB5RL,2.8405389476305424e-05
MRPS30,2.837616380080194e-05
RNF125,2.833815030006153e-05
DNAH14,2.8296130012570332e-05
ZNF780A,2.825102012109142e-05
IL23R,2.8203449235396154e-05
SLC25A43,2.8104719709592826e-05
ADH4,2.7991729163448242e-05
ZNF774,2.798885977817002e-05
NDUFAF1,2.7791676523725507e-05
OR6C76,2.771689020277051e-05
GPR114,2.7626224179469624e-05
KLK2,2.7501790831753727e-05
ARL5C,2.7417879473162735e-05
ELOVL1,2.7311977076157623e-05
OR2A5,2.7176046437757843e-05
C1QTNF2,2.715153860443358e-05
ZNF582,2.7089769520646515e-05
TRIM32,2.701044521141964e-05
CTSW,2.6847864599238062e-05
SLC12A3,2.6756922229710427e-05
OR2L8,2.672791938980584e-05
FAM200A,2.6619178479633098e-05
SLC22A15,2.6509340300328284e-05
GJB3,2.649407015587338e-05
ZNF676,2.6478077152904724e-05
HSPA12B,2.639767367691173e-05
MS4A3,2.6338694813699832e-05
HIST1H2AA,2.6315132492640124e-05
TSPAN11,2.621099044520577e-05
OR4B1,2.6180370095144567e-05
METTL20,2.5980091410011496e-05
DHRS7B,2.5686211721003835e-05
TBC1D8B,2.5648887207323615e-05
OR4C46,2.5634242682812677e-05
GTF2B,2.5560205615162872e-05
OR4F5,2.5529298540621673e-05
WDR66,2.5365889091214725e-05
OR10H3,2.5316664010865287e-05
TRMT10B,2.5197366013707735e-05
TMCO1,2.4907055405235135e-05
MRPS18B,2.488855213657621e-05
KIAA1328,2.473682214076178e-05
OR4K5,2.4695444826278622e-05
PHLDB3,2.4602960212135636e-05
SLC39A3,2.459675856624427e-05
PRDX5,2.4573064118862553e-05
TMEM66,2.4528191003573956e-05
UBE3D,2.431623387205847e-05
OR52W1,2.4198037424581193e-05
ZNF385B,2.4175555522421553e-05
ANKRD2,2.414523111540864e-05
USP17L28,2.409803114984332e-05
SLC12A8,2.3953532054361813e-05
MICU3,2.389783472676758e-05
FBXO36,2.3688690280776272e-05
ZNF98,2.3666564560649467e-05
WWC1,2.3652450125382964e-05
ZNF570,2.354846357550615e-05
CD3D,2.3519522435438697e-05
FREM3,2.351120634451691e-05
C5orf15,2.337458447918377e-05
ANKRD10,2.331511009209714e-05
OR7A10,2.3300551191060303e-05
CCDC96,2.323289120542751e-05
RAB4A,2.304187783157874e-05
IL17RD,2.3013335366207618e-05
MNAT1,2.2986318403762022e-05
IRS2,2.2906697410453847e-05
C12orf54,2.2781545651348006e-05
KCNAB1,2.2764690500897384e-05
OR52N1,2.2757072241690968e-05
RPS27A,2.274328882619817e-05
C11orf31,2.2636138646819318e-05
ZNF48,2.2461115966765146e-05
CCDC61,2.2305375557071123e-05
SUMO3,2.2236176999841713e-05
GRB14,2.213733998861039e-05
TMEM106A,2.20409432596309e-05
OR10P1,2.201998353420963e-05
ZDHHC2,2.1972043889682076e-05
LBX1,2.193455362980981e-05
TLE6,2.19248569884128e-05
APOA1BP,2.183482345652581e-05
YAF2,2.1830307338660607e-05
ZNF560,2.1746036072988514e-05
ZNF534,2.154295693067552e-05
ZNF607,2.1461759896926972e-05
CD63,2.1409749312458298e-05
CORO2A,2.136089292385375e-05
KRTAP16-1,2.1305399482882938e-05
SLC16A12,2.122326105855501e-05
CHST9,2.1157432404549725e-05
DEFB136,2.1057276062223793e-05
OR13G1,2.0992643741538467e-05
KIAA0319,2.09779571491478e-05
SLC25A35,2.093178961353426e-05
UBE2Q2,2.090587238082027e-05
CLDND2,2.0901906892034436e-05
ZNF212,2.078999555583677e-05
IDUA,2.0629775470341487e-05
C8A,2.0610624300288848e-05
FKBP5,2.0490472471346062e-05
SWSAP1,2.042998651812593e-05
BTBD8,2.039046944698159e-05
OR1A2,2.017577564290708e-05
OR2T1,2.0155020585813283e-05
ADH1A,2.0111867776925205e-05
ZNF333,2.0080052170669685e-05
EFCAB5,1.9945702030581247e-05
FAM32A,1.9942371471658457e-05
SBK1,1.9820782063402594e-05
RPS17L,1.9744370212372242e-05
ERCC1,1.9681823546077487e-05
ZNF416,1.9478114014040863e-05
SLC28A3,1.9472957163652095e-05
TMEM44,1.9172276040688976e-05
TMEM39B,1.9026353340572984e-05
SLC35A5,1.870840093335429e-05
OR51B6,1.8565585258521658e-05
CYP4A11,1.8534418805496785e-05
ZFP82,1.8528399998954813e-05
RNF135,1.84764573482442e-05
PSG2,1.843893640576993e-05
C7orf72,1.828666372967233e-05
ATP13A4,1.8179702555967473e-05
HIST1H4L,1.801076183617688e-05
HOXC9,1.800459444863824e-05
WNT10B,1.7822327681753005e-05
SAMD7,1.781310717490642e-05
ZNF616,1.7730339942498435e-05
PDCD7,1.7688153607402467e-05
AK9,1.7621747745292818e-05
EIF4EBP1,1.7539410356785572e-05
OR8K5,1.729134940457414e-05
DEFB107B,1.719405251332977e-05
C2CD5,1.719026197080319e-05
SLC29A2,1.7188816174392867e-05
KRTAP4-3,1.7104489586894298e-05
OR3A1,1.7036084588468755e-05
MRPL14,1.6907866806303488e-05
CYP4F11,1.685626557803926e-05
CFHR3,1.6825720929920717e-05
DENND4A,1.6818770288884e-05
MRPL49,1.6772503131137015e-05
GPR78,1.6729006912593994e-05
ZNF775,1.6666689992148977e-05
TMEM71,1.6609087997287066e-05
CCDC74A,1.655683824544229e-05
SEC14L4,1.6363281554526122e-05
OR13C3,1.63578584417835e-05
NSRP1,1.6317251554967845e-05
DUSP19,1.6245075828227606e-05
MED21,1.6227888192847726e-05
FAM173B,1.621155091181548e-05
TRPC7,1.6165917026258174e-05
FAM170B,1.6142281303416215e-05
CYP17A1,1.5727521112855992e-05
TSPY4,1.570105964779266e-05
SDHAF2,1.5637420074779682e-05
SH3GL1,1.5621313115241443e-05
OR56B4,1.5585104649829764e-05
TMEM41B,1.5427005202468308e-05
CD200R1,1.5374628738998814e-05
C7orf50,1.5239514618480052e-05
ME2,1.5199522126009948e-05
C6orf58,1.5106462895719252e-05
OR6C68,1.5017620783418055e-05
FAM184A,1.4999731059002697e-05
OR52H1,1.4850808781901316e-05
ZNF671,1.4767903663564557e-05
ZFP1,1.4654514684173677e-05
CCDC42,1.4598008497526794e-05
HIST1H4C,1.4340140491179354e-05
SLC22A3,1.4256601162435408e-05
MT1G,1.4235655049110757e-05
KCNA10,1.4136144745859423e-05
SLC39A6,1.413467788514025e-05
ZNF579,1.4055226642924655e-05
SLC50A1,1.3990065987850902e-05
RAB15,1.3901065906925277e-05
IL1RL2,1.3861066479891514e-05
UBE2T,1.3671459497555543e-05
OR5K3,1.3633846288959817e-05
UFC1,1.3599364971212572e-05
TCP10,1.357111921395644e-05
TRIM31,1.3449167712877566e-05
MMP7,1.3426004658460078e-05
HOXC11,1.3377090552932334e-05
HELT,1.3304712300488466e-05
SLC35F2,1.3252290904717273e-05
OR6C1,1.3235004865072822e-05
S100A7A,1.3090445991137227e-05
PPM1M,1.2995347015905359e-05
KCTD20,1.2790314802474027e-05
ZNF121,1.2746792734407274e-05
MYL6,1.2652881440697704e-05
C19orf70,1.2650383876336616e-05
POLR2I,1.2508864645318002e-05
RFC1,1.2342858311736131e-05
OR9Q1,1.234100197190779e-05
ZNF441,1.2219627918142542e-05
HIST1H4A,1.2178352591471063e-05
PDCL,1.2131942756621186e-05
MRPS34,1.1972041665082818e-05
TMEM231,1.1831993428188298e-05
CD28,1.1760706566011175e-05
RNF168,1.1507464374870314e-05
PPP5D1,1.1385981979608698e-05
KRT78,1.1350408258705037e-05
OR2V2,1.1318517420474658e-05
ZNF587,1.1272133814332822e-05
CD300LF,1.1182731092435288e-05
CCDC148,1.1154978433893095e-05
USP45,1.1132929193967959e-05
NDUFV2,1.1129534607007737e-05
FAM76B,1.1128164084188657e-05
FAM161B,1.1112560957127588e-05
ZNF490,1.1091900828934216e-05
ZNF713,1.0863960894282204e-05
PNCK,1.0705209726494045e-05
SLC5A8,1.0594769515790777e-05
TRIM64B,1.058388187476678e-05
OR7A17,1.0582553034375315e-05
FAM196B,1.0397730731837992e-05
SLC9A5,1.0395056003112698e-05
SLITRK6,1.0391246725879342e-05
VPS39,1.0316037857599518e-05
OR2D3,1.0310561881112838e-05
GPR111,1.026887079752772e-05
FAM47E,1.023497255924728e-05
FXYD1,1.0169392744493737e-05
SNAPIN,1.011920545678965e-05
FAM155A,1.01076257440803e-05
FAM69C,1.007856250154213e-05
HCAR1,9.996733524640624e-06
LRRC63,9.971084394128418e-06
KLHL8,9.94742732801934e-06
PSME2,9.935100367490547e-06
CLEC4E,9.891188621107432e-06
CRLF2,9.845160615457764e-06
ZNF311,9.826864135848219e-06
PEX3,9.825943846663764e-06
OR2F1,9.816677609923307e-06
OR6C4,9.70893054293958e-06
TRIM51,9.648740920848539e-06
ZNF25,9.611823228883242e-06
GPR31,9.574269968045262e-06
UBA7,9.507665991729485e-06
SNRNP48,9.50061340754444e-06
PTRH1,9.473312541865754e-06
CCDC79,9.429712273515689e-06
TRMT6,9.417683046035188e-06
YBX3,9.254126183401477e-06
KIAA1549L,9.235277959086836e-06
SLC18B1,9.221867057574168e-06
ZNF793,9.184261993345257e-06
SPATA31A3,9.048622656851342e-06
TMEM209,9.041207058115678e-06
SLC25A53,9.035110912104127e-06
NRXN1,9.015967731814352e-06
BCL2L15,8.928185285449931e-06
FAM46C,8.900470693455915e-06
RAB3IP,8.83608978086947e-06
CCDC60,8.59941623137605e-06
USP17L2,8.56286312257477e-06
CCDC28A,8.52521805597739e-06
ZNF525,8.523325017298758e-06
FAM107A,8.459107327384827e-06
IFNA14,8.419816650662645e-06
PPP1R42,8.414809116227854e-06
KLHL40,8.39238739899938e-06
C9orf152,8.246188019466579e-06
SLC10A5,8.23042705924434e-06
ZP2,8.143399244481096e-06
C19orf77,8.06709870651932e-06
ZNF688,7.894416929630527e-06
SLC22A12,7.876270000817333e-06
SLC5A7,7.822893674146902e-06
SLC19A2,7.767596160146784e-06
GBP1,7.751485653332793e-06
ZNF431,7.733941750990639e-06
C4orf32,7.658876101032513e-06
SLC8B1,7.6069719416598505e-06
STK16,7.583807653018376e-06
ZNF584,7.553853739545451e-06
SUSD2,7.450471728910035e-06
ATP6V1G1,7.32733224657226e-06
OR10K1,7.323124140683329e-06
TGM4,7.169831346475467e-06
OR2L3,7.132395364891009e-06
ANKRD23,7.068693825595314e-06
OR10AD1,6.901064858812366e-06
HSD17B11,6.891371488343836e-06
SLC35B1,6.571255588258009e-06
ZNF791,6.390649852557644e-06
ZNF425,6.336198075671328e-06
SASS6,6.275914121203879e-06
ANKRD55,6.220865598350442e-06
SLC29A3,6.18638525472102e-06
SLC25A32,6.161782157185346e-06
FAM134C,6.095479201710863e-06
ZNF207,5.945200016746826e-06
MT1X,5.898692040594374e-06
CAPNS1,5.825931555571442e-06
TMEM106C,5.7435743146798856e-06
PCSK2,5.728615938156906e-06
ZNF808,5.601978911092819e-06
ZNF277,5.5629279957038324e-06
CCDC37,5.463402791703795e-06
SUPV3L1,5.448067486275969e-06
ZNF33B,5.331429681738791e-06
OR8H2,5.319039007602226e-06
IL3RA,5.211363859311384e-06
OR2F2,5.119010100619132e-06
SLC1A7,5.098218095642596e-06
HAUS3,5.060711009802195e-06
ZNF354A,4.93172659131751e-06
ZNF385C,4.893305717742564e-06
SLC35E3,4.892351592049189e-06
PACSIN3,4.854414748163802e-06
TMEM133,4.7893004006498325e-06
OR6S1,4.78279332568979e-06
ZNF708,4.699884054737456e-06
ZNF682,4.6838338746432646e-06
ZNF430,4.68059235660714e-06
ATP6V1E2,4.6294442247927945e-06
ZSCAN22,4.60764528062719e-06
CD34,4.530781768380952e-06
CDK5RAP1,4.514712378698326e-06
SLC35B4,4.5020903626869954e-06
ZNF107,4.4879790010709776e-06
FAM182B,4.480348614694755e-06
ZNF563,4.447285850773516e-06
KRTAP3-3,4.398671255504813e-06
FAM162A,4.372664272244705e-06
KRT14,4.360653244706187e-06
ZNF589,4.297092166114189e-06
SPRR2G,4.286504959300352e-06
B3GALNT2,4.215096694245177e-06
LMAN2L,4.1112189376681736e-06
OR10G7,4.045161427490825e-06
CAMK4,3.992149757527184e-06
IL18R1,3.987117834238142e-06
NUP107,3.959529580917367e-06
C12orf60,3.943354532832265e-06
KRTAP3-2,3.939084642575421e-06
FAM96A,3.908329778594928e-06
SEPT12,3.885950056809816e-06
CCDC91,3.816903036863006e-06
TMEM26,3.8075137160162666e-06
CCDC24,3.777337206352633e-06
ZNF233,3.7549788585481017e-06
SERPINB13,3.7493548177874285e-06
SNAI3,3.7258692032064816e-06
FAM167A,3.7113122675657253e-06
MAFB,3.693293783235564e-06
MRPL16,3.6658158562931154e-06
SLC35A3,3.4546738535490582e-06
OR51H1P,3.435201483866464e-06
GTF3A,3.4316929513796927e-06
URM1,3.3823776914995102e-06
OR52N4,3.3764863483471347e-06
AAGAB,3.3586596914840557e-06
PPP1R35,3.3455152960998944e-06
RAB28,3.3059255203995897e-06
ZNF222,3.2789399304636458e-06
RNF152,3.268612429776115e-06
GSTM2,3.229346025124402e-06
OR51D1,3.2046435621686816e-06
RPL37A,3.192700676089918e-06
IMPDH1,3.1780010577954603e-06
ZNF3,3.147177086193284e-06
SPOCK3,3.0733837938825415e-06
RNF14,3.065165221262598e-06
ZNF812,3.0538334118238357e-06
OR7D4,2.979753897200122e-06
ANKRD24,2.8257095891456234e-06
C2orf61,2.7821644637522285e-06
FAM109A,2.7034661118828235e-06
KRTAP10-12,2.662816130346073e-06
CCDC23,2.63380147510428e-06
SLC7A2,2.569501272087249e-06
ZNF160,2.515507921510176e-06
ZNF506,2.3649090198168504e-06
FAM149B1,2.313576048260353e-06
DEFB115,2.2528568228585487e-06
ZNF705D,2.1868493021072173e-06
SNX12,2.1773125277749815e-06
MMP3,2.130692541217584e-06
NEDD4,2.1109831828549395e-06
RNASE11,2.108686528368685e-06
C3orf17,2.0700526625235213e-06
RPS15,2.033560595115524e-06
ZNF763,1.97047043533638e-06
DRGX,1.951331402040327e-06
AK3,1.9388249046292045e-06
SAMD5,1.9308320233527283e-06
SETX,1.9280851699765922e-06
EIF2AK2,1.844936493769239e-06
FAM26F,1.8193974945072848e-06
SNRPB,1.812928515562649e-06
TMEM74B,1.7852192293469052e-06
KIF12,1.6305884769698131e-06
OR4M2,1.5997492192076207e-06
THAP7,1.5705469004275275e-06
OR56A3,1.4722797180521385e-06
G6PC3,1.3621430569570201e-06
ZNF674,1.3054099990935687e-06
TRIM49B,1.296468329625832e-06
FABP4,1.1784175855103507e-06
DEFB125,1.13495632708685e-06
SLC10A6,1.0872550782056162e-06
ZNF846,1.0688330702844412e-06
ACAD10,9.720941073716208e-07
CDH6,9.611669133102192e-07
MS4A6A,9.214229151088464e-07
CYP3A5,8.929094006504128e-07
TMEM14A,8.842086650872067e-07
GNGT2,8.631676333533756e-07
BHMT,8.54630291437835e-07
OR52E8,8.402458900902798e-07
OR1D2,8.044623425629085e-07
LRRC61,7.573833619854243e-07
CALCOCO2,6.995906679326391e-07
FAM178B,6.558614173749254e-07
AP3M1,6.08703071344457e-07
C15orf52,5.692158655956501e-07
SDHC,5.63509759559776e-07
SNUPN,5.182406433163806e-07
SLC22A18,5.125196368449055e-07
DUS2,4.881608138859737e-07
OR4F29,4.770067926972674e-07
OR51B2,4.7389590084215905e-07
CCDC181,4.7286953664896264e-07
ZNF230,4.5067353054977657e-07
KATNBL1,4.463102615417667e-07
LRP11,4.285963328227701e-07
CST1,4.064117682450599e-07
MARVELD3,3.9735980439019826e-07
MRPL15,3.242705150249301e-07
VEPH1,2.930954102176706e-07
MCPH1,2.6488532419048724e-07
ZNF580,2.5821244821797103e-07
ZNF821,2.5696241239948097e-07
KLHL17,2.1378654875724032e-07
C6,2.1335182363165233e-07
ZNF510,1.6079850900231717e-07
CEP70,1.5491897729271366e-07
EIF1,1.2234524029880805e-07
EFCAB14,1.1117038908091136e-07
KRTAP12-1,1.1111108032213966e-07
DEFB130,9.794985610722452e-08
PLCB2,8.812647286640258e-08
BEND2,8.0712934885539e-08
ZNF585B,7.396837497347375e-08
C3orf62,6.349323157762337e-08
C9orf116,5.812586543500621e-08
PRKCI,5.802746080223341e-08
MCTP2,5.486069431218171e-08
DLGAP5,5.307395565861025e-08
WNT3A,4.8480579098148544e-08
AGTR1,4.837048316150228e-08
ZNF200,4.7960503608194146e-08
MSANTD3,2.551296205168755e-08
CCDC41,1.6491067465141446e-08
REM2,1.628050387014226e-08
SPAG11B,1.1780390292050763e-08
C9orf172,1.0191645117502151e-08
LNPEP,9.172476790878372e-09
FAM115C,8.821334087296374e-09
KERA,5.843247082191038e-09
DYRK3,5.783533309021657e-09
B3GNT8,1.3984429692597875e-09
MRPL18,1.037784689051446e-09
HMGN1,5.940772179255629e-10
ZNF169,1.4291096541512828e-10
TMEM243,5.408940234725029e-11
CCDC170,3.7891367402681544e-11
MED6,2.8951537363518745e-12
FAM212A,8.581829173255208e-13
CCL7,2.2600623126698346e-13
CDC73,1.428144172717621e-14
USP20,4.780367008683101e-15
