gene_name	deposit_set	chrom	pos	ref	alt	key	hgvs	vtype	score_dominant	score_dominant_gene_pct	score_recessive	score_recessive_gene_pct	frac_states_protein_contact	nb_frac_prot	phylop447	cadd_phred	training_label
RNU2-2P	primary	chr11	62841619	GGAGAGTGCA	G	chr11:62841619:GGAGAGTGCA:G		del	0.2095	0.5212	0.2434	0.1463	0.3333	0.3646	-0.6167		pathogenic
RNU2-2P	primary	chr11	62841624	G	GT	chr11:62841624:G:GT	n.184_185insA	ins	0.09659	0.267	0.1775	0.08393	0.0	0.2417	0.02485		
RNU2-2P	primary	chr11	62841625	TG	T	chr11:62841625:TG:T	n.184del	del	0.09535	0.2586	0.1121	0.01839	0.0	0.2417	-0.03529		
RNU2-2P	primary	chr11	62841625	T	TA	chr11:62841625:T:TA	n.184_185insT	ins	0.09535	0.2586	0.1121	0.01839	0.0	0.2417	-0.03529		
RNU2-2P	primary	chr11	62841625	T	TC	chr11:62841625:T:TC	n.184_185insG	ins	0.09535	0.2586	0.1121	0.01839	0.0	0.2417	-0.03529		
RNU2-2P	primary	chr11	62841625	T	TG	chr11:62841625:T:TG	n.183_184insC	ins	0.1074	0.299	0.4602	0.3917	0.8333	0.2647	-0.03529		
RNU2-2P	primary	chr11	62841626	G	A	chr11:62841626:G:A	n.184C>T	snv	0.09535	0.2586	0.1121	0.01839	0.0	0.2417	-0.03529	5.996	control
RNU2-2P	primary	chr11	62841626	G	C	chr11:62841626:G:C	n.184C>G	snv	0.09535	0.2586	0.1121	0.01839	0.0	0.2417	-0.03529	4.615	
RNU2-2P	primary	chr11	62841626	GC	G	chr11:62841626:GC:G	n.183del	del	0.1146	0.3082	0.7938	0.8869	0.8333	0.2647	0.2454		
RNU2-2P	primary	chr11	62841626	G	GA	chr11:62841626:G:GA	n.183_184insT	ins	0.1146	0.3082	0.7938	0.8869	0.8333	0.2647	0.2454		
RNU2-2P	primary	chr11	62841626	G	GC	chr11:62841626:G:GC	n.182_183insG	ins	0.223	0.5516	0.6057	0.6882	0.3333	0.3646	0.2454		
RNU2-2P	primary	chr11	62841626	G	GT	chr11:62841626:G:GT	n.183_184insA	ins	0.1146	0.3082	0.7938	0.8869	0.8333	0.2647	0.2454		pathogenic
RNU2-2P	primary	chr11	62841626	G	T	chr11:62841626:G:T	n.184C>A	snv	0.09535	0.2586	0.1121	0.01839	0.0	0.2417	-0.03529	4.465	
RNU2-2P	primary	chr11	62841627	C	A	chr11:62841627:C:A	n.183G>T	snv	0.1146	0.3082	0.7938	0.8869	0.8333	0.2647	0.2454	7.734	pathogenic
RNU2-2P	primary	chr11	62841627	CA	C	chr11:62841627:CA:C	n.182del	del	0.2211	0.5488	0.5544	0.5931	0.3333	0.3646	0.2053		
RNU2-2P	primary	chr11	62841627	C	CA	chr11:62841627:C:CA	n.181_182insT	ins	0.2693	0.6371	0.6293	0.7302	0.5	0.5088	0.2053		
RNU2-2P	primary	chr11	62841627	C	CG	chr11:62841627:C:CG	n.182_183insC	ins	0.2211	0.5488	0.5544	0.5931	0.3333	0.3646	0.2053		
RNU2-2P	primary	chr11	62841627	C	CT	chr11:62841627:C:CT	n.182_183insA	ins	0.2211	0.5488	0.5544	0.5931	0.3333	0.3646	0.2053		
RNU2-2P	primary	chr11	62841627	C	G	chr11:62841627:C:G	n.183G>C	snv	0.1146	0.3082	0.7938	0.8869	0.8333	0.2647	0.2454	7.867	pathogenic
RNU2-2P	primary	chr11	62841627	C	T	chr11:62841627:C:T	n.183G>A	snv	0.1146	0.3082	0.7938	0.8869	0.8333	0.2647	0.2454	9.022	pathogenic
RNU2-2P	primary	chr11	62841628	AC	A	chr11:62841628:AC:A	n.180del	del	0.283	0.6571	0.8088	0.9029	0.5	0.6458	0.486		
RNU2-2P	primary	chr11	62841628	A	AC	chr11:62841628:A:AC	n.179_180insG	ins	0.1848	0.4884	0.5737	0.6355	0.0	0.3768	0.486		
RNU2-2P	primary	chr11	62841628	A	AG	chr11:62841628:A:AG	n.181_182insC	ins	0.2771	0.6499	0.8088	0.9029	0.5	0.5088	0.486		
RNU2-2P	primary	chr11	62841628	A	AT	chr11:62841628:A:AT	n.181_182insA	ins	0.2771	0.6499	0.8088	0.9029	0.5	0.5088	0.486		
RNU2-2P	primary	chr11	62841628	A	C	chr11:62841628:A:C	n.182T>G	snv	0.2211	0.5488	0.5544	0.5931	0.3333	0.3646	0.2053	10.79	
RNU2-2P	primary	chr11	62841628	A	G	chr11:62841628:A:G	n.182T>C	snv	0.2211	0.5488	0.5544	0.5931	0.3333	0.3646	0.2053	11.07	pathogenic
RNU2-2P	primary	chr11	62841628	A	T	chr11:62841628:A:T	n.182T>A	snv	0.2211	0.5488	0.5544	0.5931	0.3333	0.3646	0.2053	9.903	
RNU2-2P	primary	chr11	62841629	C	A	chr11:62841629:C:A	n.181G>T	snv	0.2771	0.6499	0.8088	0.9029	0.5	0.5088	0.486	11.36	pathogenic
RNU2-2P	primary	chr11	62841629	C	CA	chr11:62841629:C:CA	n.180_181insT	ins	0.2774	0.6543	0.6807	0.7798	0.5	0.6458	0.2454		
RNU2-2P	primary	chr11	62841629	C	CG	chr11:62841629:C:CG	n.180_181insC	ins	0.2774	0.6543	0.6807	0.7798	0.5	0.6458	0.2454		
RNU2-2P	primary	chr11	62841629	C	CT	chr11:62841629:C:CT	n.180_181insA	ins	0.2774	0.6543	0.6807	0.7798	0.5	0.6458	0.2454		
RNU2-2P	primary	chr11	62841629	C	G	chr11:62841629:C:G	n.181G>C	snv	0.2771	0.6499	0.8088	0.9029	0.5	0.5088	0.486	11.44	pathogenic
RNU2-2P	primary	chr11	62841629	C	T	chr11:62841629:C:T	n.181G>A	snv	0.2771	0.6499	0.8088	0.9029	0.5	0.5088	0.486	11.96	control
RNU2-2P	primary	chr11	62841630	C	A	chr11:62841630:C:A	n.180G>T	snv	0.2774	0.6543	0.6807	0.7798	0.5	0.6458	0.2454	12.25	
RNU2-2P	primary	chr11	62841630	CG	C	chr11:62841630:CG:C	n.179del	del	0.1746	0.4648	0.2584	0.1671	0.0	0.3768	0.085		
RNU2-2P	primary	chr11	62841630	CGTTCCTGGA	C	chr11:62841630:CGTTCCTGGA:C		del	0.221	0.5412	0.4934	0.4568	0.5	0.4333	0.085		pathogenic
RNU2-2P	primary	chr11	62841630	C	CA	chr11:62841630:C:CA	n.179_180insT	ins	0.1746	0.4648	0.2584	0.1671	0.0	0.3768	0.085		
RNU2-2P	primary	chr11	62841630	C	CG	chr11:62841630:C:CG	n.178_179insC	ins	0.1747	0.4676	0.3493	0.2534	0.1667	0.35	0.085		
RNU2-2P	primary	chr11	62841630	C	CT	chr11:62841630:C:CT	n.179_180insA	ins	0.1746	0.4648	0.2584	0.1671	0.0	0.3768	0.085		
RNU2-2P	primary	chr11	62841630	C	G	chr11:62841630:C:G	n.180G>C	snv	0.2774	0.6543	0.6807	0.7798	0.5	0.6458	0.2454	11.93	
RNU2-2P	primary	chr11	62841630	C	T	chr11:62841630:C:T	n.180G>A	snv	0.2774	0.6543	0.6807	0.7798	0.5	0.6458	0.2454	13.12	pathogenic
RNU2-2P	primary	chr11	62841631	G	A	chr11:62841631:G:A	n.179C>T	snv	0.1746	0.4648	0.2584	0.1671	0.0	0.3768	0.085	8.731	pathogenic
RNU2-2P	primary	chr11	62841631	G	C	chr11:62841631:G:C	n.179C>G	snv	0.1746	0.4648	0.2584	0.1671	0.0	0.3768	0.085	8.638	control
RNU2-2P	primary	chr11	62841631	GT	G	chr11:62841631:GT:G	n.177del	del	0.2188	0.5348	0.3869	0.3054	0.3333	0.4167	0.06495		
RNU2-2P	primary	chr11	62841631	G	GA	chr11:62841631:G:GA	n.178_179insT	ins	0.1737	0.4556	0.3177	0.223	0.1667	0.35	0.06495		
RNU2-2P	primary	chr11	62841631	G	GC	chr11:62841631:G:GC	n.178_179insG	ins	0.1737	0.4556	0.3177	0.223	0.1667	0.35	0.06495		
RNU2-2P	primary	chr11	62841631	G	GT	chr11:62841631:G:GT	n.176_177insA	ins	0.261	0.6187	0.3869	0.3054	0.3333	0.625	0.06495		
RNU2-2P	primary	chr11	62841631	G	T	chr11:62841631:G:T	n.179C>A	snv	0.1746	0.4648	0.2584	0.1671	0.0	0.3768	0.085	8.435	
RNU2-2P	primary	chr11	62841632	T	A	chr11:62841632:T:A	n.178A>T	snv	0.1737	0.4556	0.3177	0.223	0.1667	0.35	0.06495	7.763	
RNU2-2P	primary	chr11	62841632	T	C	chr11:62841632:T:C	n.178A>G	snv	0.1737	0.4556	0.3177	0.223	0.1667	0.35	0.06495	8.264	control
RNU2-2P	primary	chr11	62841632	T	G	chr11:62841632:T:G	n.178A>C	snv	0.1737	0.4556	0.3177	0.223	0.1667	0.35	0.06495	7.86	
RNU2-2P	primary	chr11	62841632	T	TA	chr11:62841632:T:TA	n.177_178insT	ins	0.22	0.5376	0.4185	0.3669	0.3333	0.4167	0.085		
RNU2-2P	primary	chr11	62841632	T	TC	chr11:62841632:T:TC	n.177_178insG	ins	0.22	0.5376	0.4185	0.3669	0.3333	0.4167	0.085		
RNU2-2P	primary	chr11	62841632	T	TG	chr11:62841632:T:TG	n.177_178insC	ins	0.22	0.5376	0.4185	0.3669	0.3333	0.4167	0.085		
RNU2-2P	primary	chr11	62841633	T	A	chr11:62841633:T:A	n.177A>T	snv	0.22	0.5376	0.4185	0.3669	0.3333	0.4167	0.085	9.383	
RNU2-2P	primary	chr11	62841633	T	C	chr11:62841633:T:C	n.177A>G	snv	0.22	0.5376	0.4185	0.3669	0.3333	0.4167	0.085	8.643	
RNU2-2P	primary	chr11	62841633	T	G	chr11:62841633:T:G	n.177A>C	snv	0.22	0.5376	0.4185	0.3669	0.3333	0.4167	0.085	8.676	control
RNU2-2P	primary	chr11	62841633	TC	T	chr11:62841633:TC:T	n.175del	del	0.2236	0.5548	0.293	0.2054	0.1667	0.4444	0.0449		
RNU2-2P	primary	chr11	62841633	T	TA	chr11:62841633:T:TA	n.176_177insT	ins	0.2599	0.6151	0.3621	0.2754	0.3333	0.625	0.0449		control
RNU2-2P	primary	chr11	62841633	T	TC	chr11:62841633:T:TC	n.174_175insG	ins	0.1759	0.4732	0.293	0.2054	0.1667	0.3667	0.0449		
RNU2-2P	primary	chr11	62841633	T	TCCTGGAAGTACTGCAATA	chr11:62841633:T:TCCTGGAAGTACTGCAATA		ins	0.2599	0.6151	0.3621	0.2754	0.3333	0.625	0.0449		pathogenic
RNU2-2P	primary	chr11	62841633	T	TG	chr11:62841633:T:TG	n.176_177insC	ins	0.2599	0.6151	0.3621	0.2754	0.3333	0.625	0.0449		
RNU2-2P	primary	chr11	62841634	C	A	chr11:62841634:C:A	n.176G>T	snv	0.2599	0.6151	0.3621	0.2754	0.3333	0.625	0.0449	8.33	
RNU2-2P	primary	chr11	62841634	C	CA	chr11:62841634:C:CA	n.175_176insT	ins	0.2236	0.5548	0.293	0.2054	0.1667	0.4444	0.0449		
RNU2-2P	primary	chr11	62841634	C	CG	chr11:62841634:C:CG	n.175_176insC	ins	0.2236	0.5548	0.293	0.2054	0.1667	0.4444	0.0449		
RNU2-2P	primary	chr11	62841634	C	CT	chr11:62841634:C:CT	n.175_176insA	ins	0.2236	0.5548	0.293	0.2054	0.1667	0.4444	0.0449		
RNU2-2P	primary	chr11	62841634	C	G	chr11:62841634:C:G	n.176G>C	snv	0.2599	0.6151	0.3621	0.2754	0.3333	0.625	0.0449	7.296	control
RNU2-2P	primary	chr11	62841634	C	T	chr11:62841634:C:T	n.176G>A	snv	0.2599	0.6151	0.3621	0.2754	0.3333	0.625	0.0449	8.387	control
RNU2-2P	primary	chr11	62841635	C	A	chr11:62841635:C:A	n.175G>T	snv	0.2236	0.5548	0.293	0.2054	0.1667	0.4444	0.0449	8.926	
RNU2-2P	primary	chr11	62841635	CT	C	chr11:62841635:CT:C	n.174del	del	0.1736	0.4512	0.2206	0.1223	0.1667	0.3667	-0.01524		
RNU2-2P	primary	chr11	62841635	C	CA	chr11:62841635:C:CA	n.174_175insT	ins	0.1736	0.4512	0.2206	0.1223	0.1667	0.3667	-0.01524		
RNU2-2P	primary	chr11	62841635	C	CG	chr11:62841635:C:CG	n.174_175insC	ins	0.1736	0.4512	0.2206	0.1223	0.1667	0.3667	-0.01524		
RNU2-2P	primary	chr11	62841635	C	CT	chr11:62841635:C:CT	n.173_174insA	ins	0.1154	0.311	0.2206	0.1223	0.1667	0.2556	-0.01524		
RNU2-2P	primary	chr11	62841635	C	G	chr11:62841635:C:G	n.175G>C	snv	0.2236	0.5548	0.293	0.2054	0.1667	0.4444	0.0449	7.979	control
RNU2-2P	primary	chr11	62841635	C	T	chr11:62841635:C:T	n.175G>A	snv	0.2236	0.5548	0.293	0.2054	0.1667	0.4444	0.0449	9.23	pathogenic
RNU2-2P	primary	chr11	62841636	T	A	chr11:62841636:T:A	n.174A>T	snv	0.1736	0.4512	0.2206	0.1223	0.1667	0.3667	-0.01524	8.381	
RNU2-2P	primary	chr11	62841636	T	C	chr11:62841636:T:C	n.174A>G	snv	0.1736	0.4512	0.2206	0.1223	0.1667	0.3667	-0.01524	9.708	
RNU2-2P	primary	chr11	62841636	T	G	chr11:62841636:T:G	n.174A>C	snv	0.1736	0.4512	0.2206	0.1223	0.1667	0.3667	-0.01524	8.73	
RNU2-2P	primary	chr11	62841636	TG	T	chr11:62841636:TG:T	n.172del	del	0.1625	0.4357	0.4125	0.3533	0.5	0.3917	0.02485		
RNU2-2P	primary	chr11	62841636	T	TA	chr11:62841636:T:TA	n.173_174insT	ins	0.1164	0.3133	0.2684	0.1934	0.1667	0.2556	0.02485		
RNU2-2P	primary	chr11	62841636	T	TC	chr11:62841636:T:TC	n.173_174insG	ins	0.1164	0.3133	0.2684	0.1934	0.1667	0.2556	0.02485		
RNU2-2P	primary	chr11	62841636	T	TG	chr11:62841636:T:TG	n.171_172insC	ins	0.2179	0.534	0.4125	0.3533	0.5	0.4333	0.02485		
RNU2-2P	primary	chr11	62841637	G	A	chr11:62841637:G:A	n.173C>T	snv	0.1164	0.3133	0.2684	0.1934	0.1667	0.2556	0.02485	11.08	control
RNU2-2P	primary	chr11	62841637	G	C	chr11:62841637:G:C	n.173C>G	snv	0.1164	0.3133	0.2684	0.1934	0.1667	0.2556	0.02485	9.321	
RNU2-2P	primary	chr11	62841637	G	GA	chr11:62841637:G:GA	n.172_173insT	ins	0.1649	0.4448	0.4934	0.4568	0.5	0.3917	0.085		
RNU2-2P	primary	chr11	62841637	G	GC	chr11:62841637:G:GC	n.172_173insG	ins	0.1649	0.4448	0.4934	0.4568	0.5	0.3917	0.085		
RNU2-2P	primary	chr11	62841637	G	GT	chr11:62841637:G:GT	n.172_173insA	ins	0.1649	0.4448	0.4934	0.4568	0.5	0.3917	0.085		
RNU2-2P	primary	chr11	62841637	G	T	chr11:62841637:G:T	n.173C>A	snv	0.1164	0.3133	0.2684	0.1934	0.1667	0.2556	0.02485	9.378	
RNU2-2P	primary	chr11	62841638	G	A	chr11:62841638:G:A	n.172C>T	snv	0.1649	0.4448	0.4934	0.4568	0.5	0.3917	0.085	12.08	control
RNU2-2P	primary	chr11	62841638	G	C	chr11:62841638:G:C	n.172C>G	snv	0.1649	0.4448	0.4934	0.4568	0.5	0.3917	0.085	11.14	
RNU2-2P	primary	chr11	62841638	GA	G	chr11:62841638:GA:G	n.170del	del	0.2206	0.5404	0.7014	0.7914	0.8333	0.5278	0.1652		
RNU2-2P	primary	chr11	62841638	G	GA	chr11:62841638:G:GA	n.169_170insT	ins	0.2837	0.6579	0.5883	0.6703	0.5	0.7381	0.1652		
RNU2-2P	primary	chr11	62841638	G	GC	chr11:62841638:G:GC	n.171_172insG	ins	0.2246	0.5596	0.5883	0.6703	0.5	0.4333	0.1652		
RNU2-2P	primary	chr11	62841638	G	GT	chr11:62841638:G:GT	n.171_172insA	ins	0.2246	0.5596	0.5883	0.6703	0.5	0.4333	0.1652		
RNU2-2P	primary	chr11	62841638	G	T	chr11:62841638:G:T	n.172C>A	snv	0.1649	0.4448	0.4934	0.4568	0.5	0.3917	0.085	11.3	
RNU2-2P	primary	chr11	62841639	A	AC	chr11:62841639:A:AC	n.170_171insG	ins	0.2123	0.5248	0.4778	0.4105	0.8333	0.5278	-0.01524		
RNU2-2P	primary	chr11	62841639	A	AG	chr11:62841639:A:AG	n.170_171insC	ins	0.2123	0.5248	0.4778	0.4105	0.8333	0.5278	-0.01524		
RNU2-2P	primary	chr11	62841639	A	AT	chr11:62841639:A:AT	n.170_171insA	ins	0.2123	0.5248	0.4778	0.4105	0.8333	0.5278	-0.01524		
RNU2-2P	primary	chr11	62841639	A	C	chr11:62841639:A:C	n.171T>G	snv	0.2246	0.5596	0.5883	0.6703	0.5	0.4333	0.1652	11.94	
RNU2-2P	primary	chr11	62841639	A	G	chr11:62841639:A:G	n.171T>C	snv	0.2246	0.5596	0.5883	0.6703	0.5	0.4333	0.1652	12.03	
RNU2-2P	primary	chr11	62841639	A	T	chr11:62841639:A:T	n.171T>A	snv	0.2246	0.5596	0.5883	0.6703	0.5	0.4333	0.1652	11.71	
RNU2-2P	primary	chr11	62841640	AG	A	chr11:62841640:AG:A	n.169del	del	0.2727	0.6407	0.3401	0.245	0.5	0.7381	-0.05534		
RNU2-2P	primary	chr11	62841640	A	AC	chr11:62841640:A:AC	n.169_170insG	ins	0.2727	0.6407	0.3401	0.245	0.5	0.7381	-0.05534		
RNU2-2P	primary	chr11	62841640	A	AG	chr11:62841640:A:AG	n.168_169insC	ins	0.3095	0.705	0.4946	0.4672	1.0	0.8333	-0.05534		
RNU2-2P	primary	chr11	62841640	A	AT	chr11:62841640:A:AT	n.169_170insA	ins	0.2727	0.6407	0.3401	0.245	0.5	0.7381	-0.05534		
RNU2-2P	primary	chr11	62841640	A	C	chr11:62841640:A:C	n.170T>G	snv	0.2123	0.5248	0.4778	0.4105	0.8333	0.5278	-0.01524	5.384	
RNU2-2P	primary	chr11	62841640	A	G	chr11:62841640:A:G	n.170T>C	snv	0.2123	0.5248	0.4778	0.4105	0.8333	0.5278	-0.01524	5.918	control
RNU2-2P	primary	chr11	62841640	A	T	chr11:62841640:A:T	n.170T>A	snv	0.2123	0.5248	0.4778	0.4105	0.8333	0.5278	-0.01524	5.536	control
RNU2-2P	primary	chr11	62841641	G	A	chr11:62841641:G:A	n.169C>T	snv	0.2727	0.6407	0.3401	0.245	0.5	0.7381	-0.05534	8.376	control
RNU2-2P	primary	chr11	62841641	G	C	chr11:62841641:G:C	n.169C>G	snv	0.2727	0.6407	0.3401	0.245	0.5	0.7381	-0.05534	7.932	control
RNU2-2P	primary	chr11	62841641	GT	G	chr11:62841641:GT:G	n.168del	del	0.3095	0.705	0.4946	0.4672	1.0	0.8333	-0.05534		
RNU2-2P	primary	chr11	62841641	G	GA	chr11:62841641:G:GA	n.168_169insT	ins	0.3095	0.705	0.4946	0.4672	1.0	0.8333	-0.05534		
RNU2-2P	primary	chr11	62841641	G	GC	chr11:62841641:G:GC	n.168_169insG	ins	0.3095	0.705	0.4946	0.4672	1.0	0.8333	-0.05534		
RNU2-2P	primary	chr11	62841641	G	GT	chr11:62841641:G:GT	n.167_168insA	ins	0.287	0.6587	0.4946	0.4672	1.0	0.6667	-0.05534		
RNU2-2P	primary	chr11	62841641	G	T	chr11:62841641:G:T	n.169C>A	snv	0.2727	0.6407	0.3401	0.245	0.5	0.7381	-0.05534	7.384	
RNU2-2P	primary	chr11	62841642	T	A	chr11:62841642:T:A	n.168A>T	snv	0.3095	0.705	0.4946	0.4672	1.0	0.8333	-0.05534	9.986	
RNU2-2P	primary	chr11	62841642	T	C	chr11:62841642:T:C	n.168A>G	snv	0.3095	0.705	0.4946	0.4672	1.0	0.8333	-0.05534	10.45	control
RNU2-2P	primary	chr11	62841642	T	G	chr11:62841642:T:G	n.168A>C	snv	0.3095	0.705	0.4946	0.4672	1.0	0.8333	-0.05534	10.09	
RNU2-2P	primary	chr11	62841642	TA	T	chr11:62841642:TA:T	n.167del	del	0.3025	0.6727	0.8351	0.9412	1.0	0.6667	0.2454		
RNU2-2P	primary	chr11	62841642	T	TA	chr11:62841642:T:TA	n.166_167insT	ins	0.38	0.797	0.8351	0.9412	1.0	1.0	0.2454		
RNU2-2P	primary	chr11	62841642	T	TC	chr11:62841642:T:TC	n.167_168insG	ins	0.3025	0.6727	0.8351	0.9412	1.0	0.6667	0.2454		
RNU2-2P	primary	chr11	62841642	T	TG	chr11:62841642:T:TG	n.167_168insC	ins	0.3025	0.6727	0.8351	0.9412	1.0	0.6667	0.2454		
RNU2-2P	primary	chr11	62841643	AC	A	chr11:62841643:AC:A	n.166del	del	0.3812	0.8046	0.8579	0.9488	1.0	1.0	0.2855		
RNU2-2P	primary	chr11	62841643	A	AC	chr11:62841643:A:AC	n.165_166insG	ins	0.4275	0.8457	0.8579	0.9488	1.0	1.0	0.2855		
RNU2-2P	primary	chr11	62841643	A	AG	chr11:62841643:A:AG	n.166_167insC	ins	0.3812	0.8046	0.8579	0.9488	1.0	1.0	0.2855		
RNU2-2P	primary	chr11	62841643	A	AT	chr11:62841643:A:AT	n.166_167insA	ins	0.3812	0.8046	0.8579	0.9488	1.0	1.0	0.2855		
RNU2-2P	primary	chr11	62841643	A	C	chr11:62841643:A:C	n.167T>G	snv	0.3025	0.6727	0.8351	0.9412	1.0	0.6667	0.2454	12.49	
RNU2-2P	primary	chr11	62841643	A	G	chr11:62841643:A:G	n.167T>C	snv	0.3025	0.6727	0.8351	0.9412	1.0	0.6667	0.2454	12.63	
RNU2-2P	primary	chr11	62841643	A	T	chr11:62841643:A:T	n.167T>A	snv	0.3025	0.6727	0.8351	0.9412	1.0	0.6667	0.2454	12.53	
RNU2-2P	primary	chr11	62841644	C	A	chr11:62841644:C:A	n.166G>T	snv	0.3812	0.8046	0.8579	0.9488	1.0	1.0	0.2855	14.68	
RNU2-2P	primary	chr11	62841644	CT	C	chr11:62841644:CT:C	n.165del	del	0.4291	0.8561	0.8873	0.972	1.0	1.0	0.3256		
RNU2-2P	primary	chr11	62841644	C	CA	chr11:62841644:C:CA	n.165_166insT	ins	0.4291	0.8561	0.8873	0.972	1.0	1.0	0.3256		
RNU2-2P	primary	chr11	62841644	C	CG	chr11:62841644:C:CG	n.165_166insC	ins	0.4291	0.8561	0.8873	0.972	1.0	1.0	0.3256		
RNU2-2P	primary	chr11	62841644	C	CT	chr11:62841644:C:CT	n.164_165insA	ins	0.4291	0.8561	0.8873	0.972	1.0	1.0	0.3256		
RNU2-2P	primary	chr11	62841644	C	G	chr11:62841644:C:G	n.166G>C	snv	0.3812	0.8046	0.8579	0.9488	1.0	1.0	0.2855	14.36	pathogenic
RNU2-2P	primary	chr11	62841644	C	T	chr11:62841644:C:T	n.166G>A	snv	0.3812	0.8046	0.8579	0.9488	1.0	1.0	0.2855	15.28	control
RNU2-2P	primary	chr11	62841645	T	A	chr11:62841645:T:A	n.165A>T	snv	0.4291	0.8561	0.8873	0.972	1.0	1.0	0.3256	14.36	
RNU2-2P	primary	chr11	62841645	T	C	chr11:62841645:T:C	n.165A>G	snv	0.4291	0.8561	0.8873	0.972	1.0	1.0	0.3256	14.62	control
RNU2-2P	primary	chr11	62841645	T	G	chr11:62841645:T:G	n.165A>C	snv	0.4291	0.8561	0.8873	0.972	1.0	1.0	0.3256	14.34	
RNU2-2P	primary	chr11	62841645	TG	T	chr11:62841645:TG:T	n.164del	del	0.4213	0.8405	0.7428	0.8365	1.0	1.0	0.1652		
RNU2-2P	primary	chr11	62841645	T	TA	chr11:62841645:T:TA	n.164_165insT	ins	0.4213	0.8405	0.7428	0.8365	1.0	1.0	0.1652		
RNU2-2P	primary	chr11	62841645	T	TC	chr11:62841645:T:TC	n.164_165insG	ins	0.4213	0.8405	0.7428	0.8365	1.0	1.0	0.1652		
RNU2-2P	primary	chr11	62841645	T	TG	chr11:62841645:T:TG	n.163_164insC	ins	0.3167	0.713	0.7428	0.8365	1.0	0.6667	0.1652		
RNU2-2P	primary	chr11	62841646	G	A	chr11:62841646:G:A	n.164C>T	snv	0.4213	0.8405	0.7428	0.8365	1.0	1.0	0.1652	14.07	control
RNU2-2P	primary	chr11	62841646	G	C	chr11:62841646:G:C	n.164C>G	snv	0.4213	0.8405	0.7428	0.8365	1.0	1.0	0.1652	12.8	
RNU2-2P	primary	chr11	62841646	GC	G	chr11:62841646:GC:G	n.163del	del	0.3187	0.7166	0.7838	0.8777	1.0	0.6667	0.2053		
RNU2-2P	primary	chr11	62841646	G	GA	chr11:62841646:G:GA	n.163_164insT	ins	0.3187	0.7166	0.7838	0.8777	1.0	0.6667	0.2053		
RNU2-2P	primary	chr11	62841646	G	GC	chr11:62841646:G:GC	n.162_163insG	ins	0.3089	0.697	0.7838	0.8777	1.0	0.8333	0.2053		
RNU2-2P	primary	chr11	62841646	G	GT	chr11:62841646:G:GT	n.163_164insA	ins	0.3187	0.7166	0.7838	0.8777	1.0	0.6667	0.2053		
RNU2-2P	primary	chr11	62841646	G	T	chr11:62841646:G:T	n.164C>A	snv	0.4213	0.8405	0.7428	0.8365	1.0	1.0	0.1652	12.79	
RNU2-2P	primary	chr11	62841647	C	A	chr11:62841647:C:A	n.163G>T	snv	0.3187	0.7166	0.7838	0.8777	1.0	0.6667	0.2053	15.14	
RNU2-2P	primary	chr11	62841647	CA	C	chr11:62841647:CA:C	n.161del	del	0.3657	0.7754	0.7328	0.8301	0.5	0.8889	0.3256		
RNU2-2P	primary	chr11	62841647	C	CA	chr11:62841647:C:CA	n.160_161insT	ins	0.2288	0.5627	0.7328	0.8301	0.5	0.5	0.3256		pathogenic
RNU2-2P	primary	chr11	62841647	C	CG	chr11:62841647:C:CG	n.162_163insC	ins	0.3138	0.7106	0.8873	0.972	1.0	0.8333	0.3256		
RNU2-2P	primary	chr11	62841647	C	CT	chr11:62841647:C:CT	n.162_163insA	ins	0.3138	0.7106	0.8873	0.972	1.0	0.8333	0.3256		
RNU2-2P	primary	chr11	62841647	C	G	chr11:62841647:C:G	n.163G>C	snv	0.3187	0.7166	0.7838	0.8777	1.0	0.6667	0.2053	14.76	
RNU2-2P	primary	chr11	62841647	C	T	chr11:62841647:C:T	n.163G>A	snv	0.3187	0.7166	0.7838	0.8777	1.0	0.6667	0.2053	15.59	control
RNU2-2P	primary	chr11	62841648	A	AC	chr11:62841648:A:AC	n.161_162insG	ins	0.3631	0.771	0.6807	0.7798	0.5	0.8889	0.2454		
RNU2-2P	primary	chr11	62841648	A	AG	chr11:62841648:A:AG	n.161_162insC	ins	0.3631	0.771	0.6807	0.7798	0.5	0.8889	0.2454		
RNU2-2P	primary	chr11	62841648	A	AT	chr11:62841648:A:AT	n.161_162insA	ins	0.3631	0.771	0.6807	0.7798	0.5	0.8889	0.2454		
RNU2-2P	primary	chr11	62841648	A	C	chr11:62841648:A:C	n.162T>G	snv	0.3138	0.7106	0.8873	0.972	1.0	0.8333	0.3256	13.97	
RNU2-2P	primary	chr11	62841648	A	G	chr11:62841648:A:G	n.162T>C	snv	0.3138	0.7106	0.8873	0.972	1.0	0.8333	0.3256	14.12	
RNU2-2P	primary	chr11	62841648	A	T	chr11:62841648:A:T	n.162T>A	snv	0.3138	0.7106	0.8873	0.972	1.0	0.8333	0.3256	14.04	
RNU2-2P	primary	chr11	62841649	AT	A	chr11:62841649:AT:A	n.160del	del	0.2211	0.544	0.5298	0.552	0.5	0.5	0.1251		
RNU2-2P	primary	chr11	62841649	A	AC	chr11:62841649:A:AC	n.160_161insG	ins	0.2211	0.544	0.5298	0.552	0.5	0.5	0.1251		
RNU2-2P	primary	chr11	62841649	A	AG	chr11:62841649:A:AG	n.160_161insC	ins	0.2211	0.544	0.5298	0.552	0.5	0.5	0.1251		
RNU2-2P	primary	chr11	62841649	A	AT	chr11:62841649:A:AT	n.159_160insA	ins	0.1888	0.4924	0.5298	0.552	0.5	0.4778	0.1251		
RNU2-2P	primary	chr11	62841649	A	C	chr11:62841649:A:C	n.161T>G	snv	0.3631	0.771	0.6807	0.7798	0.5	0.8889	0.2454	13.94	
RNU2-2P	primary	chr11	62841649	A	G	chr11:62841649:A:G	n.161T>C	snv	0.3631	0.771	0.6807	0.7798	0.5	0.8889	0.2454	14.45	
RNU2-2P	primary	chr11	62841649	A	T	chr11:62841649:A:T	n.161T>A	snv	0.3631	0.771	0.6807	0.7798	0.5	0.8889	0.2454	13.7	
RNU2-2P	primary	chr11	62841650	T	A	chr11:62841650:T:A	n.160A>T	snv	0.2211	0.544	0.5298	0.552	0.5	0.5	0.1251	13.72	
RNU2-2P	primary	chr11	62841650	T	C	chr11:62841650:T:C	n.160A>G	snv	0.2211	0.544	0.5298	0.552	0.5	0.5	0.1251	14.02	control
RNU2-2P	primary	chr11	62841650	T	G	chr11:62841650:T:G	n.160A>C	snv	0.2211	0.544	0.5298	0.552	0.5	0.5	0.1251	13.59	
RNU2-2P	primary	chr11	62841650	TA	T	chr11:62841650:TA:T	n.159del	del	0.1908	0.504	0.5883	0.6703	0.5	0.4778	0.1652		
RNU2-2P	primary	chr11	62841650	T	TA	chr11:62841650:T:TA	n.158_159insT	ins	0.1884	0.4916	0.4442	0.3813	0.1667	0.375	0.1652		
RNU2-2P	primary	chr11	62841650	T	TC	chr11:62841650:T:TC	n.159_160insG	ins	0.1908	0.504	0.5883	0.6703	0.5	0.4778	0.1652		
RNU2-2P	primary	chr11	62841650	T	TG	chr11:62841650:T:TG	n.159_160insC	ins	0.1908	0.504	0.5883	0.6703	0.5	0.4778	0.1652		
RNU2-2P	primary	chr11	62841651	AC	A	chr11:62841651:AC:A	n.157del	del	0.1092	0.3022	0.5544	0.5931	0.3333	0.25	0.2053		
RNU2-2P	primary	chr11	62841651	A	AC	chr11:62841651:A:AC	n.156_157insG	ins	0.102	0.2878	0.6293	0.7302	0.5	0.2222	0.2053		
RNU2-2P	primary	chr11	62841651	A	AG	chr11:62841651:A:AG	n.158_159insC	ins	0.1898	0.4948	0.4852	0.4396	0.1667	0.375	0.2053		
RNU2-2P	primary	chr11	62841651	A	AT	chr11:62841651:A:AT	n.158_159insA	ins	0.1898	0.4948	0.4852	0.4396	0.1667	0.375	0.2053		
RNU2-2P	primary	chr11	62841651	A	C	chr11:62841651:A:C	n.159T>G	snv	0.1908	0.504	0.5883	0.6703	0.5	0.4778	0.1652	13.55	
RNU2-2P	primary	chr11	62841651	A	G	chr11:62841651:A:G	n.159T>C	snv	0.1908	0.504	0.5883	0.6703	0.5	0.4778	0.1652	14.03	
RNU2-2P	primary	chr11	62841651	A	T	chr11:62841651:A:T	n.159T>A	snv	0.1908	0.504	0.5883	0.6703	0.5	0.4778	0.1652	13.44	
RNU2-2P	primary	chr11	62841652	C	A	chr11:62841652:C:A	n.158G>T	snv	0.1898	0.4948	0.4852	0.4396	0.1667	0.375	0.2053	14.12	
RNU2-2P	primary	chr11	62841652	C	CA	chr11:62841652:C:CA	n.157_158insT	ins	0.1092	0.3022	0.5544	0.5931	0.3333	0.25	0.2053		
RNU2-2P	primary	chr11	62841652	C	CG	chr11:62841652:C:CG	n.157_158insC	ins	0.1092	0.3022	0.5544	0.5931	0.3333	0.25	0.2053		
RNU2-2P	primary	chr11	62841652	C	CT	chr11:62841652:C:CT	n.157_158insA	ins	0.1092	0.3022	0.5544	0.5931	0.3333	0.25	0.2053		
RNU2-2P	primary	chr11	62841652	C	G	chr11:62841652:C:G	n.158G>C	snv	0.1898	0.4948	0.4852	0.4396	0.1667	0.375	0.2053	13.92	pathogenic
RNU2-2P	primary	chr11	62841652	C	T	chr11:62841652:C:T	n.158G>A	snv	0.1898	0.4948	0.4852	0.4396	0.1667	0.375	0.2053	14.4	
RNU2-2P	primary	chr11	62841653	C	A	chr11:62841653:C:A	n.157G>T	snv	0.1092	0.3022	0.5544	0.5931	0.3333	0.25	0.2053	14.27	
RNU2-2P	primary	chr11	62841653	CA	C	chr11:62841653:CA:C	n.156del	del	0.1	0.2842	0.5298	0.552	0.5	0.2222	0.1251		
RNU2-2P	primary	chr11	62841653	C	CA	chr11:62841653:C:CA	n.155_156insT	ins	0.1622	0.4349	0.5298	0.552	0.5	0.3333	0.1251		
RNU2-2P	primary	chr11	62841653	C	CG	chr11:62841653:C:CG	n.156_157insC	ins	0.1	0.2842	0.5298	0.552	0.5	0.2222	0.1251		
RNU2-2P	primary	chr11	62841653	C	CT	chr11:62841653:C:CT	n.156_157insA	ins	0.1	0.2842	0.5298	0.552	0.5	0.2222	0.1251		
RNU2-2P	primary	chr11	62841653	C	G	chr11:62841653:C:G	n.157G>C	snv	0.1092	0.3022	0.5544	0.5931	0.3333	0.25	0.2053	13.98	pathogenic
RNU2-2P	primary	chr11	62841653	C	T	chr11:62841653:C:T	n.157G>A	snv	0.1092	0.3022	0.5544	0.5931	0.3333	0.25	0.2053	14.99	pathogenic
RNU2-2P	primary	chr11	62841654	AG	A	chr11:62841654:AG:A	n.154del	del	0.1267	0.3309	0.6479	0.7498	1.0	0.3646	0.085		
RNU2-2P	primary	chr11	62841654	A	AC	chr11:62841654:A:AC	n.155_156insG	ins	0.1612	0.4229	0.4934	0.4568	0.5	0.3333	0.085		
RNU2-2P	primary	chr11	62841654	A	AG	chr11:62841654:A:AG	n.153_154insC	ins	0.1357	0.3637	0.4185	0.3669	0.3333	0.3258	0.085		
RNU2-2P	primary	chr11	62841654	A	AT	chr11:62841654:A:AT	n.155_156insA	ins	0.1612	0.4229	0.4934	0.4568	0.5	0.3333	0.085		
RNU2-2P	primary	chr11	62841654	A	C	chr11:62841654:A:C	n.156T>G	snv	0.1	0.2842	0.5298	0.552	0.5	0.2222	0.1251	13.08	
RNU2-2P	primary	chr11	62841654	A	G	chr11:62841654:A:G	n.156T>C	snv	0.1	0.2842	0.5298	0.552	0.5	0.2222	0.1251	13.51	
RNU2-2P	primary	chr11	62841654	A	T	chr11:62841654:A:T	n.156T>A	snv	0.1	0.2842	0.5298	0.552	0.5	0.2222	0.1251	13.14	
RNU2-2P	primary	chr11	62841655	G	A	chr11:62841655:G:A	n.155C>T	snv	0.1612	0.4229	0.4934	0.4568	0.5	0.3333	0.085	13.38	control
RNU2-2P	primary	chr11	62841655	G	C	chr11:62841655:G:C	n.155C>G	snv	0.1612	0.4229	0.4934	0.4568	0.5	0.3333	0.085	12.8	pathogenic
RNU2-2P	primary	chr11	62841655	G	GA	chr11:62841655:G:GA	n.154_155insT	ins	0.1242	0.3281	0.5422	0.5687	1.0	0.3646	0.004803		
RNU2-2P	primary	chr11	62841655	G	GC	chr11:62841655:G:GC	n.154_155insG	ins	0.1242	0.3281	0.5422	0.5687	1.0	0.3646	0.004803		
RNU2-2P	primary	chr11	62841655	G	GT	chr11:62841655:G:GT	n.154_155insA	ins	0.1242	0.3281	0.5422	0.5687	1.0	0.3646	0.004803		
RNU2-2P	primary	chr11	62841655	G	T	chr11:62841655:G:T	n.155C>A	snv	0.1612	0.4229	0.4934	0.4568	0.5	0.3333	0.085	12.58	
RNU2-2P	primary	chr11	62841656	G	A	chr11:62841656:G:A	n.154C>T	snv	0.1242	0.3281	0.5422	0.5687	1.0	0.3646	0.004803	13.48	
RNU2-2P	primary	chr11	62841656	G	C	chr11:62841656:G:C	n.154C>G	snv	0.1242	0.3281	0.5422	0.5687	1.0	0.3646	0.004803	12.77	
RNU2-2P	primary	chr11	62841656	GT	G	chr11:62841656:GT:G	n.153del	del	0.1316	0.3401	0.2596	0.1851	0.3333	0.3258	-0.07539		
RNU2-2P	primary	chr11	62841656	G	GA	chr11:62841656:G:GA	n.153_154insT	ins	0.1316	0.3401	0.2596	0.1851	0.3333	0.3258	-0.07539		
RNU2-2P	primary	chr11	62841656	G	GC	chr11:62841656:G:GC	n.153_154insG	ins	0.1316	0.3401	0.2596	0.1851	0.3333	0.3258	-0.07539		
RNU2-2P	primary	chr11	62841656	G	GT	chr11:62841656:G:GT	n.152_153insA	ins	0.1332	0.3477	0.3995	0.3461	0.6667	0.3333	-0.07539		
RNU2-2P	primary	chr11	62841656	G	T	chr11:62841656:G:T	n.154C>A	snv	0.1242	0.3281	0.5422	0.5687	1.0	0.3646	0.004803	13.06	
RNU2-2P	primary	chr11	62841657	T	A	chr11:62841657:T:A	n.153A>T	snv	0.1316	0.3401	0.2596	0.1851	0.3333	0.3258	-0.07539	9.811	
RNU2-2P	primary	chr11	62841657	T	C	chr11:62841657:T:C	n.153A>G	snv	0.1316	0.3401	0.2596	0.1851	0.3333	0.3258	-0.07539	10.27	control
RNU2-2P	primary	chr11	62841657	T	G	chr11:62841657:T:G	n.153A>C	snv	0.1316	0.3401	0.2596	0.1851	0.3333	0.3258	-0.07539	10.65	
RNU2-2P	primary	chr11	62841657	TC	T	chr11:62841657:TC:T	n.152del	del	0.1444	0.3777	0.8283	0.9357	0.6667	0.3333	0.3657		
RNU2-2P	primary	chr11	62841657	T	TA	chr11:62841657:T:TA	n.152_153insT	ins	0.1444	0.3777	0.8283	0.9357	0.6667	0.3333	0.3657		
RNU2-2P	primary	chr11	62841657	T	TC	chr11:62841657:T:TC	n.151_152insG	ins	0.2536	0.5987	0.8765	0.9568	0.8333	0.5222	0.3657		
RNU2-2P	primary	chr11	62841657	T	TG	chr11:62841657:T:TG	n.152_153insC	ins	0.1444	0.3777	0.8283	0.9357	0.6667	0.3333	0.3657		
RNU2-2P	primary	chr11	62841658	C	A	chr11:62841658:C:A	n.152G>T	snv	0.1444	0.3777	0.8283	0.9357	0.6667	0.3333	0.3657	14.47	
RNU2-2P	primary	chr11	62841658	CG	C	chr11:62841658:CG:C	n.151del	del	0.2383	0.5799	0.5008	0.4832	0.8333	0.5222	0.004803		
RNU2-2P	primary	chr11	62841658	C	CA	chr11:62841658:C:CA	n.151_152insT	ins	0.2383	0.5799	0.5008	0.4832	0.8333	0.5222	0.004803		
RNU2-2P	primary	chr11	62841658	C	CG	chr11:62841658:C:CG	n.150_151insC	ins	0.2458	0.5931	0.3127	0.2206	0.3333	0.4375	0.004803		
RNU2-2P	primary	chr11	62841658	C	CT	chr11:62841658:C:CT	n.151_152insA	ins	0.2383	0.5799	0.5008	0.4832	0.8333	0.5222	0.004803		
RNU2-2P	primary	chr11	62841658	C	G	chr11:62841658:C:G	n.152G>C	snv	0.1444	0.3777	0.8283	0.9357	0.6667	0.3333	0.3657	14.98	
RNU2-2P	primary	chr11	62841658	C	T	chr11:62841658:C:T	n.152G>A	snv	0.1444	0.3777	0.8283	0.9357	0.6667	0.3333	0.3657	15.08	control
RNU2-2P	primary	chr11	62841659	G	A	chr11:62841659:G:A	n.151C>T	snv	0.2383	0.5799	0.5008	0.4832	0.8333	0.5222	0.004803	13.85	control
RNU2-2P	primary	chr11	62841659	G	C	chr11:62841659:G:C	n.151C>G	snv	0.2383	0.5799	0.5008	0.4832	0.8333	0.5222	0.004803	12.98	
RNU2-2P	primary	chr11	62841659	GA	G	chr11:62841659:GA:G	n.150del	del	0.2569	0.6063	0.5801	0.6531	0.3333	0.4375	0.2253		
RNU2-2P	primary	chr11	62841659	G	GA	chr11:62841659:G:GA	n.149_150insT	ins	0.26	0.6179	0.5801	0.6531	0.3333	0.5175	0.2253		
RNU2-2P	primary	chr11	62841659	G	GC	chr11:62841659:G:GC	n.150_151insG	ins	0.2569	0.6063	0.5801	0.6531	0.3333	0.4375	0.2253		
RNU2-2P	primary	chr11	62841659	G	GT	chr11:62841659:G:GT	n.150_151insA	ins	0.2569	0.6063	0.5801	0.6531	0.3333	0.4375	0.2253		
RNU2-2P	primary	chr11	62841659	G	T	chr11:62841659:G:T	n.151C>A	snv	0.2383	0.5799	0.5008	0.4832	0.8333	0.5222	0.004803	13.89	
RNU2-2P	primary	chr11	62841660	AT	A	chr11:62841660:AT:A	n.149del	del	0.2509	0.5959	0.3621	0.2754	0.3333	0.5175	0.0449		
RNU2-2P	primary	chr11	62841660	A	AC	chr11:62841660:A:AC	n.149_150insG	ins	0.2509	0.5959	0.3621	0.2754	0.3333	0.5175	0.0449		
RNU2-2P	primary	chr11	62841660	A	AG	chr11:62841660:A:AG	n.149_150insC	ins	0.2509	0.5959	0.3621	0.2754	0.3333	0.5175	0.0449		
RNU2-2P	primary	chr11	62841660	A	AT	chr11:62841660:A:AT	n.148_149insA	ins	0.1519	0.3925	0.293	0.2054	0.1667	0.3333	0.0449		
RNU2-2P	primary	chr11	62841660	A	C	chr11:62841660:A:C	n.150T>G	snv	0.2569	0.6063	0.5801	0.6531	0.3333	0.4375	0.2253	14.07	
RNU2-2P	primary	chr11	62841660	A	G	chr11:62841660:A:G	n.150T>C	snv	0.2569	0.6063	0.5801	0.6531	0.3333	0.4375	0.2253	14.27	pathogenic
RNU2-2P	primary	chr11	62841660	A	T	chr11:62841660:A:T	n.150T>A	snv	0.2569	0.6063	0.5801	0.6531	0.3333	0.4375	0.2253	13.86	
RNU2-2P	primary	chr11	62841661	T	A	chr11:62841661:T:A	n.149A>T	snv	0.2509	0.5959	0.3621	0.2754	0.3333	0.5175	0.0449	13.83	pathogenic
RNU2-2P	primary	chr11	62841661	T	C	chr11:62841661:T:C	n.149A>G	snv	0.2509	0.5959	0.3621	0.2754	0.3333	0.5175	0.0449	14.59	control
RNU2-2P	primary	chr11	62841661	T	G	chr11:62841661:T:G	n.149A>C	snv	0.2509	0.5959	0.3621	0.2754	0.3333	0.5175	0.0449	13.99	
RNU2-2P	primary	chr11	62841661	TG	T	chr11:62841661:TG:T	n.148del	del	0.1553	0.4153	0.4135	0.3573	0.1667	0.3333	0.1451		
RNU2-2P	primary	chr11	62841661	T	TA	chr11:62841661:T:TA	n.148_149insT	ins	0.1553	0.4153	0.4135	0.3573	0.1667	0.3333	0.1451		
RNU2-2P	primary	chr11	62841661	T	TC	chr11:62841661:T:TC	n.148_149insG	ins	0.1553	0.4153	0.4135	0.3573	0.1667	0.3333	0.1451		
RNU2-2P	primary	chr11	62841661	T	TG	chr11:62841661:T:TG	n.147_148insC	ins	0.07635	0.1751	0.4135	0.3573	0.1667	0.125	0.1451		
RNU2-2P	primary	chr11	62841662	G	A	chr11:62841662:G:A	n.148C>T	snv	0.1553	0.4153	0.4135	0.3573	0.1667	0.3333	0.1451	14.62	control
RNU2-2P	primary	chr11	62841662	G	C	chr11:62841662:G:C	n.148C>G	snv	0.1553	0.4153	0.4135	0.3573	0.1667	0.3333	0.1451	13.66	
RNU2-2P	primary	chr11	62841662	GC	G	chr11:62841662:GC:G	n.147del	del	0.07747	0.1779	0.4852	0.4396	0.1667	0.125	0.2053		
RNU2-2P	primary	chr11	62841662	G	GA	chr11:62841662:G:GA	n.147_148insT	ins	0.07747	0.1779	0.4852	0.4396	0.1667	0.125	0.2053		
RNU2-2P	primary	chr11	62841662	G	GC	chr11:62841662:G:GC	n.146_147insG	ins	0.05623	0.1087	0.3943	0.3273	0.0	0.08246	0.2053		
RNU2-2P	primary	chr11	62841662	G	GT	chr11:62841662:G:GT	n.147_148insA	ins	0.07747	0.1779	0.4852	0.4396	0.1667	0.125	0.2053		
RNU2-2P	primary	chr11	62841662	G	T	chr11:62841662:G:T	n.148C>A	snv	0.1553	0.4153	0.4135	0.3573	0.1667	0.3333	0.1451	13.72	pathogenic
RNU2-2P	primary	chr11	62841663	C	A	chr11:62841663:C:A	n.147G>T	snv	0.07747	0.1779	0.4852	0.4396	0.1667	0.125	0.2053	13.92	
RNU2-2P	primary	chr11	62841663	CG	C	chr11:62841663:CG:C	n.146del	del	0.05623	0.1087	0.3943	0.3273	0.0	0.08246	0.2053		
RNU2-2P	primary	chr11	62841663	C	CA	chr11:62841663:C:CA	n.146_147insT	ins	0.05623	0.1087	0.3943	0.3273	0.0	0.08246	0.2053		
RNU2-2P	primary	chr11	62841663	C	CG	chr11:62841663:C:CG	n.145_146insC	ins	0.06424	0.1535	0.3943	0.3273	0.0	0.103	0.2053		
RNU2-2P	primary	chr11	62841663	C	CT	chr11:62841663:C:CT	n.146_147insA	ins	0.05623	0.1087	0.3943	0.3273	0.0	0.08246	0.2053		
RNU2-2P	primary	chr11	62841663	C	G	chr11:62841663:C:G	n.147G>C	snv	0.07747	0.1779	0.4852	0.4396	0.1667	0.125	0.2053	14.11	control
RNU2-2P	primary	chr11	62841663	C	T	chr11:62841663:C:T	n.147G>A	snv	0.07747	0.1779	0.4852	0.4396	0.1667	0.125	0.2053	14.87	control
RNU2-2P	primary	chr11	62841664	G	A	chr11:62841664:G:A	n.146C>T	snv	0.05623	0.1087	0.3943	0.3273	0.0	0.08246	0.2053	14.12	pathogenic
RNU2-2P	primary	chr11	62841664	G	C	chr11:62841664:G:C	n.146C>G	snv	0.05623	0.1087	0.3943	0.3273	0.0	0.08246	0.2053	12.78	
RNU2-2P	primary	chr11	62841664	GT	G	chr11:62841664:GT:G	n.145del	del	0.06111	0.1459	0.1527	0.05396	0.0	0.103	0.004803		
RNU2-2P	primary	chr11	62841664	G	GA	chr11:62841664:G:GA	n.145_146insT	ins	0.06111	0.1459	0.1527	0.05396	0.0	0.103	0.004803		
RNU2-2P	primary	chr11	62841664	G	GC	chr11:62841664:G:GC	n.145_146insG	ins	0.06111	0.1459	0.1527	0.05396	0.0	0.103	0.004803		
RNU2-2P	primary	chr11	62841664	G	GT	chr11:62841664:G:GT	n.144_145insA	ins	0.05717	0.1175	0.1527	0.05396	0.0	0.09231	0.004803		
RNU2-2P	primary	chr11	62841664	G	T	chr11:62841664:G:T	n.146C>A	snv	0.05623	0.1087	0.3943	0.3273	0.0	0.08246	0.2053	12.75	
RNU2-2P	primary	chr11	62841665	T	A	chr11:62841665:T:A	n.145A>T	snv	0.06111	0.1459	0.1527	0.05396	0.0	0.103	0.004803	11.93	pathogenic
RNU2-2P	primary	chr11	62841665	T	C	chr11:62841665:T:C	n.145A>G	snv	0.06111	0.1459	0.1527	0.05396	0.0	0.103	0.004803	11.93	pathogenic
RNU2-2P	primary	chr11	62841665	T	G	chr11:62841665:T:G	n.145A>C	snv	0.06111	0.1459	0.1527	0.05396	0.0	0.103	0.004803	12.18	
RNU2-2P	primary	chr11	62841665	TG	T	chr11:62841665:TG:T	n.143del	del	0.08628	0.2174	0.4684	0.4049	0.0	0.1704	0.2855		
RNU2-2P	primary	chr11	62841665	T	TA	chr11:62841665:T:TA	n.144_145insT	ins	0.06104	0.1415	0.4684	0.4049	0.0	0.09231	0.2855		
RNU2-2P	primary	chr11	62841665	T	TC	chr11:62841665:T:TC	n.144_145insG	ins	0.06104	0.1415	0.4684	0.4049	0.0	0.09231	0.2855		
RNU2-2P	primary	chr11	62841665	T	TG	chr11:62841665:T:TG	n.142_143insC	ins	0.09411	0.2454	0.6285	0.729	0.3333	0.2095	0.2855		
RNU2-2P	primary	chr11	62841666	G	A	chr11:62841666:G:A	n.144C>T	snv	0.06104	0.1415	0.4684	0.4049	0.0	0.09231	0.2855	14.99	
RNU2-2P	primary	chr11	62841666	G	C	chr11:62841666:G:C	n.144C>G	snv	0.06104	0.1415	0.4684	0.4049	0.0	0.09231	0.2855	14.7	
RNU2-2P	primary	chr11	62841666	G	GA	chr11:62841666:G:GA	n.143_144insT	ins	0.085	0.2106	0.3943	0.3273	0.0	0.1704	0.2053		
RNU2-2P	primary	chr11	62841666	G	GC	chr11:62841666:G:GC	n.143_144insG	ins	0.085	0.2106	0.3943	0.3273	0.0	0.1704	0.2053		
RNU2-2P	primary	chr11	62841666	G	GT	chr11:62841666:G:GT	n.143_144insA	ins	0.085	0.2106	0.3943	0.3273	0.0	0.1704	0.2053		
RNU2-2P	primary	chr11	62841666	G	T	chr11:62841666:G:T	n.144C>A	snv	0.06104	0.1415	0.4684	0.4049	0.0	0.09231	0.2855	14.41	
RNU2-2P	primary	chr11	62841667	G	A	chr11:62841667:G:A	n.143C>T	snv	0.085	0.2106	0.3943	0.3273	0.0	0.1704	0.2053	13.1	control
RNU2-2P	primary	chr11	62841667	G	C	chr11:62841667:G:C	n.143C>G	snv	0.085	0.2106	0.3943	0.3273	0.0	0.1704	0.2053	13.0	pathogenic
RNU2-2P	primary	chr11	62841667	GA	G	chr11:62841667:GA:G	n.142del	del	0.09466	0.249	0.6579	0.7562	0.3333	0.2095	0.3256		
RNU2-2P	primary	chr11	62841667	G	GA	chr11:62841667:G:GA	n.141_142insT	ins	0.101	0.287	0.6579	0.7562	0.3333	0.2333	0.3256		
RNU2-2P	primary	chr11	62841667	G	GC	chr11:62841667:G:GC	n.142_143insG	ins	0.09466	0.249	0.6579	0.7562	0.3333	0.2095	0.3256		
RNU2-2P	primary	chr11	62841667	G	GT	chr11:62841667:G:GT	n.142_143insA	ins	0.09466	0.249	0.6579	0.7562	0.3333	0.2095	0.3256		
RNU2-2P	primary	chr11	62841667	G	T	chr11:62841667:G:T	n.143C>A	snv	0.085	0.2106	0.3943	0.3273	0.0	0.1704	0.2053	12.83	
RNU2-2P	primary	chr11	62841668	AG	A	chr11:62841668:AG:A	n.141del	del	0.09756	0.2698	0.4826	0.4261	0.3333	0.2333	0.1451		
RNU2-2P	primary	chr11	62841668	A	AC	chr11:62841668:A:AC	n.141_142insG	ins	0.09756	0.2698	0.4826	0.4261	0.3333	0.2333	0.1451		
RNU2-2P	primary	chr11	62841668	A	AG	chr11:62841668:A:AG	n.140_141insC	ins	0.1226	0.3205	0.4826	0.4261	0.3333	0.2083	0.1451		
RNU2-2P	primary	chr11	62841668	A	AT	chr11:62841668:A:AT	n.141_142insA	ins	0.09756	0.2698	0.4826	0.4261	0.3333	0.2333	0.1451		
RNU2-2P	primary	chr11	62841668	A	C	chr11:62841668:A:C	n.142T>G	snv	0.09466	0.249	0.6579	0.7562	0.3333	0.2095	0.3256	14.55	
RNU2-2P	primary	chr11	62841668	A	G	chr11:62841668:A:G	n.142T>C	snv	0.09466	0.249	0.6579	0.7562	0.3333	0.2095	0.3256	15.26	pathogenic
RNU2-2P	primary	chr11	62841668	A	T	chr11:62841668:A:T	n.142T>A	snv	0.09466	0.249	0.6579	0.7562	0.3333	0.2095	0.3256	14.58	
RNU2-2P	primary	chr11	62841669	G	A	chr11:62841669:G:A	n.141C>T	snv	0.09756	0.2698	0.4826	0.4261	0.3333	0.2333	0.1451	11.14	control
RNU2-2P	primary	chr11	62841669	G	C	chr11:62841669:G:C	n.141C>G	snv	0.09756	0.2698	0.4826	0.4261	0.3333	0.2333	0.1451	10.41	control
RNU2-2P	primary	chr11	62841669	GT	G	chr11:62841669:GT:G	n.140del	del	0.1233	0.3233	0.5134	0.51	0.3333	0.2083	0.1652		
RNU2-2P	primary	chr11	62841669	G	GA	chr11:62841669:G:GA	n.140_141insT	ins	0.1233	0.3233	0.5134	0.51	0.3333	0.2083	0.1652		
RNU2-2P	primary	chr11	62841669	G	GC	chr11:62841669:G:GC	n.140_141insG	ins	0.1233	0.3233	0.5134	0.51	0.3333	0.2083	0.1652		
RNU2-2P	primary	chr11	62841669	G	GT	chr11:62841669:G:GT	n.139_140insA	ins	0.07479	0.1687	0.3533	0.2622	0.0	0.1389	0.1652		
RNU2-2P	primary	chr11	62841669	G	T	chr11:62841669:G:T	n.141C>A	snv	0.09756	0.2698	0.4826	0.4261	0.3333	0.2333	0.1451	10.94	
RNU2-2P	primary	chr11	62841670	T	A	chr11:62841670:T:A	n.140A>T	snv	0.1233	0.3233	0.5134	0.51	0.3333	0.2083	0.1652	13.62	
RNU2-2P	primary	chr11	62841670	T	C	chr11:62841670:T:C	n.140A>G	snv	0.1233	0.3233	0.5134	0.51	0.3333	0.2083	0.1652	13.81	control
RNU2-2P	primary	chr11	62841670	T	G	chr11:62841670:T:G	n.140A>C	snv	0.1233	0.3233	0.5134	0.51	0.3333	0.2083	0.1652	13.97	
RNU2-2P	primary	chr11	62841670	TG	T	chr11:62841670:TG:T	n.138del	del	0.09319	0.2438	0.5576	0.6135	0.5	0.1875	0.1451		
RNU2-2P	primary	chr11	62841670	T	TA	chr11:62841670:T:TA	n.139_140insT	ins	0.07432	0.1663	0.3225	0.2338	0.0	0.1389	0.1451		
RNU2-2P	primary	chr11	62841670	T	TC	chr11:62841670:T:TC	n.139_140insG	ins	0.07432	0.1663	0.3225	0.2338	0.0	0.1389	0.1451		
RNU2-2P	primary	chr11	62841670	T	TG	chr11:62841670:T:TG	n.137_138insC	ins	0.3039	0.6811	0.5576	0.6135	0.5	0.6	0.1451		
RNU2-2P	primary	chr11	62841671	G	A	chr11:62841671:G:A	n.139C>T	snv	0.07432	0.1663	0.3225	0.2338	0.0	0.1389	0.1451	13.91	control
RNU2-2P	primary	chr11	62841671	G	C	chr11:62841671:G:C	n.139C>G	snv	0.07432	0.1663	0.3225	0.2338	0.0	0.1389	0.1451	13.56	
RNU2-2P	primary	chr11	62841671	G	GA	chr11:62841671:G:GA	n.138_139insT	ins	0.09143	0.2314	0.4618	0.3949	0.5	0.1875	0.06495		control
RNU2-2P	primary	chr11	62841671	G	GC	chr11:62841671:G:GC	n.138_139insG	ins	0.09143	0.2314	0.4618	0.3949	0.5	0.1875	0.06495		
RNU2-2P	primary	chr11	62841671	G	GT	chr11:62841671:G:GT	n.138_139insA	ins	0.09143	0.2314	0.4618	0.3949	0.5	0.1875	0.06495		
RNU2-2P	primary	chr11	62841671	G	T	chr11:62841671:G:T	n.139C>A	snv	0.07432	0.1663	0.3225	0.2338	0.0	0.1389	0.1451	13.5	
RNU2-2P	primary	chr11	62841672	G	A	chr11:62841672:G:A	n.138C>T	snv	0.09143	0.2314	0.4618	0.3949	0.5	0.1875	0.06495	13.6	pathogenic
RNU2-2P	primary	chr11	62841672	G	C	chr11:62841672:G:C	n.138C>G	snv	0.09143	0.2314	0.4618	0.3949	0.5	0.1875	0.06495	13.21	control
RNU2-2P	primary	chr11	62841672	GA	G	chr11:62841672:GA:G	n.137del	del	0.3054	0.6894	0.5883	0.6703	0.5	0.6	0.1652		
RNU2-2P	primary	chr11	62841672	G	GA	chr11:62841672:G:GA	n.136_137insT	ins	0.16	0.4205	0.7428	0.8365	1.0	0.375	0.1652		
RNU2-2P	primary	chr11	62841672	G	GC	chr11:62841672:G:GC	n.137_138insG	ins	0.3054	0.6894	0.5883	0.6703	0.5	0.6	0.1652		
RNU2-2P	primary	chr11	62841672	G	GT	chr11:62841672:G:GT	n.137_138insA	ins	0.3054	0.6894	0.5883	0.6703	0.5	0.6	0.1652		
RNU2-2P	primary	chr11	62841672	G	T	chr11:62841672:G:T	n.138C>A	snv	0.09143	0.2314	0.4618	0.3949	0.5	0.1875	0.06495	12.97	
RNU2-2P	primary	chr11	62841673	AC	A	chr11:62841673:AC:A	n.136del	del	0.1535	0.4105	0.5192	0.5288	1.0	0.375	-0.01524		
RNU2-2P	primary	chr11	62841673	A	AC	chr11:62841673:A:AC	n.135_136insG	ins	0.08451	0.207	0.1297	0.03197	0.0	0.2	-0.01524		
RNU2-2P	primary	chr11	62841673	A	AG	chr11:62841673:A:AG	n.136_137insC	ins	0.1535	0.4105	0.5192	0.5288	1.0	0.375	-0.01524		
RNU2-2P	primary	chr11	62841673	A	AT	chr11:62841673:A:AT	n.136_137insA	ins	0.1535	0.4105	0.5192	0.5288	1.0	0.375	-0.01524		
RNU2-2P	primary	chr11	62841673	A	C	chr11:62841673:A:C	n.137T>G	snv	0.3054	0.6894	0.5883	0.6703	0.5	0.6	0.1652	13.58	
RNU2-2P	primary	chr11	62841673	A	G	chr11:62841673:A:G	n.137T>C	snv	0.3054	0.6894	0.5883	0.6703	0.5	0.6	0.1652	14.5	
RNU2-2P	primary	chr11	62841673	A	T	chr11:62841673:A:T	n.137T>A	snv	0.3054	0.6894	0.5883	0.6703	0.5	0.6	0.1652	13.51	
RNU2-2P	primary	chr11	62841674	C	A	chr11:62841674:C:A	n.136G>T	snv	0.1535	0.4105	0.5192	0.5288	1.0	0.375	-0.01524	11.26	
RNU2-2P	primary	chr11	62841674	CG	C	chr11:62841674:CG:C	n.134del	del	0.04489	0.01439	0.1775	0.08393	0.0	0.0	0.02485		
RNU2-2P	primary	chr11	62841674	C	CA	chr11:62841674:C:CA	n.135_136insT	ins	0.08532	0.215	0.1775	0.08393	0.0	0.2	0.02485		
RNU2-2P	primary	chr11	62841674	C	CG	chr11:62841674:C:CG	n.133_134insC	ins	0.04489	0.01439	0.1775	0.08393	0.0	0.0	0.02485		
RNU2-2P	primary	chr11	62841674	C	CT	chr11:62841674:C:CT	n.135_136insA	ins	0.08532	0.215	0.1775	0.08393	0.0	0.2	0.02485		
RNU2-2P	primary	chr11	62841674	C	G	chr11:62841674:C:G	n.136G>C	snv	0.1535	0.4105	0.5192	0.5288	1.0	0.375	-0.01524	11.54	control
RNU2-2P	primary	chr11	62841674	C	T	chr11:62841674:C:T	n.136G>A	snv	0.1535	0.4105	0.5192	0.5288	1.0	0.375	-0.01524	12.3	control
RNU2-2P	primary	chr11	62841675	G	A	chr11:62841675:G:A	n.135C>T	snv	0.08532	0.215	0.1775	0.08393	0.0	0.2	0.02485	12.77	pathogenic
RNU2-2P	primary	chr11	62841675	G	C	chr11:62841675:G:C	n.135C>G	snv	0.08532	0.215	0.1775	0.08393	0.0	0.2	0.02485	11.33	
RNU2-2P	primary	chr11	62841675	G	GA	chr11:62841675:G:GA	n.134_135insT	ins	0.04489	0.01439	0.1775	0.08393	0.0	0.0	0.02485		
RNU2-2P	primary	chr11	62841675	G	GC	chr11:62841675:G:GC	n.134_135insG	ins	0.04489	0.01439	0.1775	0.08393	0.0	0.0	0.02485		
RNU2-2P	primary	chr11	62841675	G	GT	chr11:62841675:G:GT	n.134_135insA	ins	0.04489	0.01439	0.1775	0.08393	0.0	0.0	0.02485		
RNU2-2P	primary	chr11	62841675	G	T	chr11:62841675:G:T	n.135C>A	snv	0.08532	0.215	0.1775	0.08393	0.0	0.2	0.02485	11.36	
RNU2-2P	primary	chr11	62841676	G	A	chr11:62841676:G:A	n.134C>T	snv	0.04489	0.01439	0.1775	0.08393	0.0	0.0	0.02485	8.363	control
RNU2-2P	primary	chr11	62841676	G	C	chr11:62841676:G:C	n.134C>G	snv	0.04489	0.01439	0.1775	0.08393	0.0	0.0	0.02485	7.773	
RNU2-2P	primary	chr11	62841676	GA	G	chr11:62841676:GA:G	n.133del	del	0.04658	0.04237	0.3533	0.2622	0.0	0.0	0.1652		
RNU2-2P	primary	chr11	62841676	G	GA	chr11:62841676:G:GA	n.132_133insT	ins	0.04658	0.04237	0.3533	0.2622	0.0	0.0	0.1652		
RNU2-2P	primary	chr11	62841676	G	GC	chr11:62841676:G:GC	n.133_134insG	ins	0.04658	0.04237	0.3533	0.2622	0.0	0.0	0.1652		
RNU2-2P	primary	chr11	62841676	G	GT	chr11:62841676:G:GT	n.133_134insA	ins	0.04658	0.04237	0.3533	0.2622	0.0	0.0	0.1652		
RNU2-2P	primary	chr11	62841676	G	T	chr11:62841676:G:T	n.134C>A	snv	0.04489	0.01439	0.1775	0.08393	0.0	0.0	0.02485	7.463	
RNU2-2P	primary	chr11	62841677	AG	A	chr11:62841677:AG:A	n.132del	del	0.04512	0.02558	0.202	0.1083	0.0	0.0	0.0449		
RNU2-2P	primary	chr11	62841677	A	AC	chr11:62841677:A:AC	n.132_133insG	ins	0.04512	0.02558	0.202	0.1083	0.0	0.0	0.0449		
RNU2-2P	primary	chr11	62841677	A	AG	chr11:62841677:A:AG	n.131_132insC	ins	0.04512	0.02558	0.202	0.1083	0.0	0.0	0.0449		
RNU2-2P	primary	chr11	62841677	A	AT	chr11:62841677:A:AT	n.132_133insA	ins	0.04512	0.02558	0.202	0.1083	0.0	0.0	0.0449		
RNU2-2P	primary	chr11	62841677	A	C	chr11:62841677:A:C	n.133T>G	snv	0.04658	0.04237	0.3533	0.2622	0.0	0.0	0.1652	12.5	
RNU2-2P	primary	chr11	62841677	A	G	chr11:62841677:A:G	n.133T>C	snv	0.04658	0.04237	0.3533	0.2622	0.0	0.0	0.1652	13.04	control
RNU2-2P	primary	chr11	62841677	A	T	chr11:62841677:A:T	n.133T>A	snv	0.04658	0.04237	0.3533	0.2622	0.0	0.0	0.1652	12.4	
RNU2-2P	primary	chr11	62841678	G	A	chr11:62841678:G:A	n.132C>T	snv	0.04512	0.02558	0.202	0.1083	0.0	0.0	0.0449	12.53	control
RNU2-2P	primary	chr11	62841678	G	C	chr11:62841678:G:C	n.132C>G	snv	0.04512	0.02558	0.202	0.1083	0.0	0.0	0.0449	12.03	
RNU2-2P	primary	chr11	62841678	GC	G	chr11:62841678:GC:G	n.131del	del	0.04881	0.06954	0.5765	0.6451	0.0	0.0	0.5261		
RNU2-2P	primary	chr11	62841678	G	GA	chr11:62841678:G:GA	n.131_132insT	ins	0.04881	0.06954	0.5765	0.6451	0.0	0.0	0.5261		
RNU2-2P	primary	chr11	62841678	G	GC	chr11:62841678:G:GC	n.130_131insG	ins	0.04881	0.06954	0.5765	0.6451	0.0	0.0	0.5261		
RNU2-2P	primary	chr11	62841678	G	GT	chr11:62841678:G:GT	n.131_132insA	ins	0.04881	0.06954	0.5765	0.6451	0.0	0.0	0.5261		
RNU2-2P	primary	chr11	62841678	G	T	chr11:62841678:G:T	n.132C>A	snv	0.04512	0.02558	0.202	0.1083	0.0	0.0	0.0449	11.77	
RNU2-2P	primary	chr11	62841679	C	A	chr11:62841679:C:A	n.131G>T	snv	0.04881	0.06954	0.5765	0.6451	0.0	0.0	0.5261	13.33	
RNU2-2P	primary	chr11	62841679	CA	C	chr11:62841679:CA:C	n.129del	del	0.04801	0.05915	0.4978	0.4756	0.0	0.0	0.3256		
RNU2-2P	primary	chr11	62841679	C	CA	chr11:62841679:C:CA	n.128_129insT	ins	0.04801	0.05915	0.4978	0.4756	0.0	0.0	0.3256		
RNU2-2P	primary	chr11	62841679	C	CG	chr11:62841679:C:CG	n.130_131insC	ins	0.04801	0.05915	0.4978	0.4756	0.0	0.0	0.3256		
RNU2-2P	primary	chr11	62841679	C	CT	chr11:62841679:C:CT	n.130_131insA	ins	0.04801	0.05915	0.4978	0.4756	0.0	0.0	0.3256		
RNU2-2P	primary	chr11	62841679	C	G	chr11:62841679:C:G	n.131G>C	snv	0.04881	0.06954	0.5765	0.6451	0.0	0.0	0.5261	13.4	pathogenic
RNU2-2P	primary	chr11	62841679	C	T	chr11:62841679:C:T	n.131G>A	snv	0.04881	0.06954	0.5765	0.6451	0.0	0.0	0.5261	13.73	pathogenic
RNU2-2P	primary	chr11	62841680	A	AC	chr11:62841680:A:AC	n.129_130insG	ins	0.04724	0.05356	0.4201	0.3749	0.0	0.0	0.2253		
RNU2-2P	primary	chr11	62841680	A	AG	chr11:62841680:A:AG	n.129_130insC	ins	0.04724	0.05356	0.4201	0.3749	0.0	0.0	0.2253		
RNU2-2P	primary	chr11	62841680	A	AT	chr11:62841680:A:AT	n.129_130insA	ins	0.04724	0.05356	0.4201	0.3749	0.0	0.0	0.2253		
RNU2-2P	primary	chr11	62841680	A	C	chr11:62841680:A:C	n.130T>G	snv	0.04801	0.05915	0.4978	0.4756	0.0	0.0	0.3256	14.13	
RNU2-2P	primary	chr11	62841680	A	G	chr11:62841680:A:G	n.130T>C	snv	0.04801	0.05915	0.4978	0.4756	0.0	0.0	0.3256	14.11	
RNU2-2P	primary	chr11	62841680	A	T	chr11:62841680:A:T	n.130T>A	snv	0.04801	0.05915	0.4978	0.4756	0.0	0.0	0.3256	14.19	
RNU2-2P	primary	chr11	62841681	AG	A	chr11:62841681:AG:A	n.128del	del	0.04698	0.04796	0.3943	0.3273	0.0	0.0	0.2053		
RNU2-2P	primary	chr11	62841681	A	AC	chr11:62841681:A:AC	n.128_129insG	ins	0.04698	0.04796	0.3943	0.3273	0.0	0.0	0.2053		
RNU2-2P	primary	chr11	62841681	A	AG	chr11:62841681:A:AG	n.127_128insC	ins	0.04698	0.04796	0.3943	0.3273	0.0	0.0	0.2053		
RNU2-2P	primary	chr11	62841681	A	AT	chr11:62841681:A:AT	n.128_129insA	ins	0.04698	0.04796	0.3943	0.3273	0.0	0.0	0.2053		
RNU2-2P	primary	chr11	62841681	A	C	chr11:62841681:A:C	n.129T>G	snv	0.04724	0.05356	0.4201	0.3749	0.0	0.0	0.2253	12.64	pathogenic
RNU2-2P	primary	chr11	62841681	A	G	chr11:62841681:A:G	n.129T>C	snv	0.04724	0.05356	0.4201	0.3749	0.0	0.0	0.2253	12.89	pathogenic
RNU2-2P	primary	chr11	62841681	A	T	chr11:62841681:A:T	n.129T>A	snv	0.04724	0.05356	0.4201	0.3749	0.0	0.0	0.2253	12.51	control
RNU2-2P	primary	chr11	62841682	G	A	chr11:62841682:G:A	n.128C>T	snv	0.04698	0.04796	0.3943	0.3273	0.0	0.0	0.2053	11.68	pathogenic
RNU2-2P	primary	chr11	62841682	G	C	chr11:62841682:G:C	n.128C>G	snv	0.04698	0.04796	0.3943	0.3273	0.0	0.0	0.2053	11.07	pathogenic
RNU2-2P	primary	chr11	62841682	GC	G	chr11:62841682:GC:G	n.127del	del	0.04628	0.03637	0.3225	0.2338	0.0	0.0	0.1451		
RNU2-2P	primary	chr11	62841682	GCTCCTATTCCAT	G	chr11:62841682:GCTCCTATTCCAT:G		del	0.09354	0.2446	0.4826	0.4261	0.3333	0.1778	0.1451		pathogenic
RNU2-2P	primary	chr11	62841682	G	GA	chr11:62841682:G:GA	n.127_128insT	ins	0.04628	0.03637	0.3225	0.2338	0.0	0.0	0.1451		
RNU2-2P	primary	chr11	62841682	G	GC	chr11:62841682:G:GC	n.126_127insG	ins	0.04628	0.03637	0.3225	0.2338	0.0	0.0	0.1451		
RNU2-2P	primary	chr11	62841682	G	GCTCCTATTCCAT	chr11:62841682:G:GCTCCTATTCCAT		ins	0.04628	0.03637	0.3225	0.2338	0.0	0.0	0.1451		pathogenic
RNU2-2P	primary	chr11	62841682	G	GT	chr11:62841682:G:GT	n.127_128insA	ins	0.04628	0.03637	0.3225	0.2338	0.0	0.0	0.1451		
RNU2-2P	primary	chr11	62841682	G	T	chr11:62841682:G:T	n.128C>A	snv	0.04698	0.04796	0.3943	0.3273	0.0	0.0	0.2053	11.11	
RNU2-2P	primary	chr11	62841683	C	A	chr11:62841683:C:A	n.127G>T	snv	0.04628	0.03637	0.3225	0.2338	0.0	0.0	0.1451	13.81	
RNU2-2P	primary	chr11	62841683	CT	C	chr11:62841683:CT:C	n.126del	del	0.04489	0.01439	0.1775	0.08393	0.0	0.0	0.02485		
RNU2-2P	primary	chr11	62841683	C	CA	chr11:62841683:C:CA	n.126_127insT	ins	0.04489	0.01439	0.1775	0.08393	0.0	0.0	0.02485		
RNU2-2P	primary	chr11	62841683	C	CG	chr11:62841683:C:CG	n.126_127insC	ins	0.04489	0.01439	0.1775	0.08393	0.0	0.0	0.02485		
RNU2-2P	primary	chr11	62841683	C	CT	chr11:62841683:C:CT	n.125_126insA	ins	0.04489	0.01439	0.1775	0.08393	0.0	0.0	0.02485		
RNU2-2P	primary	chr11	62841683	C	G	chr11:62841683:C:G	n.127G>C	snv	0.04628	0.03637	0.3225	0.2338	0.0	0.0	0.1451	14.24	pathogenic
RNU2-2P	primary	chr11	62841683	C	T	chr11:62841683:C:T	n.127G>A	snv	0.04628	0.03637	0.3225	0.2338	0.0	0.0	0.1451	14.37	control
RNU2-2P	primary	chr11	62841684	T	A	chr11:62841684:T:A	n.126A>T	snv	0.04489	0.01439	0.1775	0.08393	0.0	0.0	0.02485	9.451	
RNU2-2P	primary	chr11	62841684	T	C	chr11:62841684:T:C	n.126A>G	snv	0.04489	0.01439	0.1775	0.08393	0.0	0.0	0.02485	11.19	control
RNU2-2P	primary	chr11	62841684	T	G	chr11:62841684:T:G	n.126A>C	snv	0.04489	0.01439	0.1775	0.08393	0.0	0.0	0.02485	9.068	
RNU2-2P	primary	chr11	62841684	TC	T	chr11:62841684:TC:T	n.124del	del	0.08037	0.1966	0.28	0.1982	0.0	0.1667	0.105		
RNU2-2P	primary	chr11	62841684	T	TA	chr11:62841684:T:TA	n.125_126insT	ins	0.04587	0.03038	0.28	0.1982	0.0	0.0	0.105		
RNU2-2P	primary	chr11	62841684	T	TC	chr11:62841684:T:TC	n.123_124insG	ins	0.06066	0.1391	0.28	0.1982	0.0	0.1	0.105		
RNU2-2P	primary	chr11	62841684	T	TG	chr11:62841684:T:TG	n.125_126insC	ins	0.04587	0.03038	0.28	0.1982	0.0	0.0	0.105		
RNU2-2P	primary	chr11	62841685	C	A	chr11:62841685:C:A	n.125G>T	snv	0.04587	0.03038	0.28	0.1982	0.0	0.0	0.105	14.35	
RNU2-2P	primary	chr11	62841685	C	CA	chr11:62841685:C:CA	n.124_125insT	ins	0.08002	0.1886	0.2584	0.1671	0.0	0.1667	0.085		
RNU2-2P	primary	chr11	62841685	C	CG	chr11:62841685:C:CG	n.124_125insC	ins	0.08002	0.1886	0.2584	0.1671	0.0	0.1667	0.085		
RNU2-2P	primary	chr11	62841685	C	CT	chr11:62841685:C:CT	n.124_125insA	ins	0.08002	0.1886	0.2584	0.1671	0.0	0.1667	0.085		
RNU2-2P	primary	chr11	62841685	C	G	chr11:62841685:C:G	n.125G>C	snv	0.04587	0.03038	0.28	0.1982	0.0	0.0	0.105	13.62	
RNU2-2P	primary	chr11	62841685	C	T	chr11:62841685:C:T	n.125G>A	snv	0.04587	0.03038	0.28	0.1982	0.0	0.0	0.105	14.08	control
RNU2-2P	primary	chr11	62841686	C	A	chr11:62841686:C:A	n.124G>T	snv	0.08002	0.1886	0.2584	0.1671	0.0	0.1667	0.085	8.903	
RNU2-2P	primary	chr11	62841686	CT	C	chr11:62841686:CT:C	n.123del	del	0.06244	0.1507	0.4201	0.3749	0.0	0.1	0.2253		
RNU2-2P	primary	chr11	62841686	C	CA	chr11:62841686:C:CA	n.123_124insT	ins	0.06244	0.1507	0.4201	0.3749	0.0	0.1	0.2253		
RNU2-2P	primary	chr11	62841686	C	CG	chr11:62841686:C:CG	n.123_124insC	ins	0.06244	0.1507	0.4201	0.3749	0.0	0.1	0.2253		
RNU2-2P	primary	chr11	62841686	C	CT	chr11:62841686:C:CT	n.122_123insA	ins	0.04724	0.05356	0.4201	0.3749	0.0	0.0	0.2253		
RNU2-2P	primary	chr11	62841686	C	G	chr11:62841686:C:G	n.124G>C	snv	0.08002	0.1886	0.2584	0.1671	0.0	0.1667	0.085	9.147	
RNU2-2P	primary	chr11	62841686	C	T	chr11:62841686:C:T	n.124G>A	snv	0.08002	0.1886	0.2584	0.1671	0.0	0.1667	0.085	9.933	control
RNU2-2P	primary	chr11	62841687	T	A	chr11:62841687:T:A	n.123A>T	snv	0.06244	0.1507	0.4201	0.3749	0.0	0.1	0.2253	11.99	
RNU2-2P	primary	chr11	62841687	T	C	chr11:62841687:T:C	n.123A>G	snv	0.06244	0.1507	0.4201	0.3749	0.0	0.1	0.2253	12.51	control
RNU2-2P	primary	chr11	62841687	T	G	chr11:62841687:T:G	n.123A>C	snv	0.06244	0.1507	0.4201	0.3749	0.0	0.1	0.2253	12.19	
RNU2-2P	primary	chr11	62841687	TA	T	chr11:62841687:TA:T	n.122del	del	0.04444	0.003197	0.1297	0.03197	0.0	0.0	-0.01524		
RNU2-2P	primary	chr11	62841687	T	TA	chr11:62841687:T:TA	n.121_122insT	ins	0.06729	0.1543	0.1297	0.03197	0.0	0.125	-0.01524		control
RNU2-2P	primary	chr11	62841687	T	TC	chr11:62841687:T:TC	n.122_123insG	ins	0.04444	0.003197	0.1297	0.03197	0.0	0.0	-0.01524		
RNU2-2P	primary	chr11	62841687	T	TG	chr11:62841687:T:TG	n.122_123insC	ins	0.04444	0.003197	0.1297	0.03197	0.0	0.0	-0.01524		
RNU2-2P	primary	chr11	62841688	AT	A	chr11:62841688:AT:A	n.120del	del	0.1303	0.3373	0.3877	0.3082	0.5	0.2857	0.004803		
RNU2-2P	primary	chr11	62841688	A	AC	chr11:62841688:A:AC	n.121_122insG	ins	0.06761	0.1567	0.1527	0.05396	0.0	0.125	0.004803		
RNU2-2P	primary	chr11	62841688	A	AG	chr11:62841688:A:AG	n.121_122insC	ins	0.06761	0.1567	0.1527	0.05396	0.0	0.125	0.004803		
RNU2-2P	primary	chr11	62841688	A	AT	chr11:62841688:A:AT	n.119_120insA	ins	0.1033	0.2942	0.1527	0.05396	0.0	0.25	0.004803		
RNU2-2P	primary	chr11	62841688	A	C	chr11:62841688:A:C	n.122T>G	snv	0.04444	0.003197	0.1297	0.03197	0.0	0.0	-0.01524	5.573	
RNU2-2P	primary	chr11	62841688	A	G	chr11:62841688:A:G	n.122T>C	snv	0.04444	0.003197	0.1297	0.03197	0.0	0.0	-0.01524	6.837	
RNU2-2P	primary	chr11	62841688	A	T	chr11:62841688:A:T	n.122T>A	snv	0.04444	0.003197	0.1297	0.03197	0.0	0.0	-0.01524	5.431	
RNU2-2P	primary	chr11	62841689	T	A	chr11:62841689:T:A	n.121A>T	snv	0.06761	0.1567	0.1527	0.05396	0.0	0.125	0.004803	1.818	
RNU2-2P	primary	chr11	62841689	T	C	chr11:62841689:T:C	n.121A>G	snv	0.06761	0.1567	0.1527	0.05396	0.0	0.125	0.004803	2.228	control
RNU2-2P	primary	chr11	62841689	T	G	chr11:62841689:T:G	n.121A>C	snv	0.06761	0.1567	0.1527	0.05396	0.0	0.125	0.004803	1.806	
RNU2-2P	primary	chr11	62841689	T	TA	chr11:62841689:T:TA	n.120_121insT	ins	0.1339	0.3505	0.5298	0.552	0.5	0.2857	0.1251		
RNU2-2P	primary	chr11	62841689	T	TC	chr11:62841689:T:TC	n.120_121insG	ins	0.1339	0.3505	0.5298	0.552	0.5	0.2857	0.1251		
RNU2-2P	primary	chr11	62841689	T	TG	chr11:62841689:T:TG	n.120_121insC	ins	0.1339	0.3505	0.5298	0.552	0.5	0.2857	0.1251		
RNU2-2P	primary	chr11	62841690	T	A	chr11:62841690:T:A	n.120A>T	snv	0.1339	0.3505	0.5298	0.552	0.5	0.2857	0.1251	11.11	
RNU2-2P	primary	chr11	62841690	T	C	chr11:62841690:T:C	n.120A>G	snv	0.1339	0.3505	0.5298	0.552	0.5	0.2857	0.1251	11.7	control
RNU2-2P	primary	chr11	62841690	T	G	chr11:62841690:T:G	n.120A>C	snv	0.1339	0.3505	0.5298	0.552	0.5	0.2857	0.1251	10.65	
RNU2-2P	primary	chr11	62841690	TC	T	chr11:62841690:TC:T	n.118del	del	0.07532	0.1743	0.2584	0.1671	0.0	0.1458	0.085		
RNU2-2P	primary	chr11	62841690	T	TA	chr11:62841690:T:TA	n.119_120insT	ins	0.1055	0.2966	0.2584	0.1671	0.0	0.25	0.085		
RNU2-2P	primary	chr11	62841690	T	TC	chr11:62841690:T:TC	n.117_118insG	ins	0.09074	0.2286	0.2584	0.1671	0.0	0.2167	0.085		
RNU2-2P	primary	chr11	62841690	T	TG	chr11:62841690:T:TG	n.119_120insC	ins	0.1055	0.2966	0.2584	0.1671	0.0	0.25	0.085		
RNU2-2P	primary	chr11	62841691	C	A	chr11:62841691:C:A	n.119G>T	snv	0.1055	0.2966	0.2584	0.1671	0.0	0.25	0.085	6.523	
RNU2-2P	primary	chr11	62841691	CCATCTCCTATTT	C	chr11:62841691:CCATCTCCTATTT:C		del	0.3319	0.7402	0.5268	0.5356	0.6667	0.9352	0.06495		pathogenic
RNU2-2P	primary	chr11	62841691	C	CA	chr11:62841691:C:CA	n.118_119insT	ins	0.07484	0.1715	0.2268	0.1303	0.0	0.1458	0.06495		
RNU2-2P	primary	chr11	62841691	C	CG	chr11:62841691:C:CG	n.118_119insC	ins	0.07484	0.1715	0.2268	0.1303	0.0	0.1458	0.06495		
RNU2-2P	primary	chr11	62841691	C	CT	chr11:62841691:C:CT	n.118_119insA	ins	0.07484	0.1715	0.2268	0.1303	0.0	0.1458	0.06495		
RNU2-2P	primary	chr11	62841691	C	G	chr11:62841691:C:G	n.119G>C	snv	0.1055	0.2966	0.2584	0.1671	0.0	0.25	0.085	6.03	
RNU2-2P	primary	chr11	62841691	C	T	chr11:62841691:C:T	n.119G>A	snv	0.1055	0.2966	0.2584	0.1671	0.0	0.25	0.085	6.846	
RNU2-2P	primary	chr11	62841692	C	A	chr11:62841692:C:A	n.118G>T	snv	0.07484	0.1715	0.2268	0.1303	0.0	0.1458	0.06495	4.523	
RNU2-2P	primary	chr11	62841692	CA	C	chr11:62841692:CA:C	n.117del	del	0.09248	0.2402	0.3533	0.2622	0.0	0.2167	0.1652		
RNU2-2P	primary	chr11	62841692	C	CA	chr11:62841692:C:CA	n.116_117insT	ins	0.09411	0.2462	0.5134	0.51	0.3333	0.1778	0.1652		
RNU2-2P	primary	chr11	62841692	C	CG	chr11:62841692:C:CG	n.117_118insC	ins	0.09248	0.2402	0.3533	0.2622	0.0	0.2167	0.1652		
RNU2-2P	primary	chr11	62841692	C	CT	chr11:62841692:C:CT	n.117_118insA	ins	0.09248	0.2402	0.3533	0.2622	0.0	0.2167	0.1652		
RNU2-2P	primary	chr11	62841692	C	G	chr11:62841692:C:G	n.118G>C	snv	0.07484	0.1715	0.2268	0.1303	0.0	0.1458	0.06495	4.084	
RNU2-2P	primary	chr11	62841692	C	T	chr11:62841692:C:T	n.118G>A	snv	0.07484	0.1715	0.2268	0.1303	0.0	0.1458	0.06495	6.435	
RNU2-2P	primary	chr11	62841693	AT	A	chr11:62841693:AT:A	n.116del	del	0.08934	0.2258	0.253	0.1491	0.3333	0.1778	-0.1355		
RNU2-2P	primary	chr11	62841693	A	AC	chr11:62841693:A:AC	n.116_117insG	ins	0.08934	0.2258	0.253	0.1491	0.3333	0.1778	-0.1355		
RNU2-2P	primary	chr11	62841693	A	AG	chr11:62841693:A:AG	n.116_117insC	ins	0.08934	0.2258	0.253	0.1491	0.3333	0.1778	-0.1355		
RNU2-2P	primary	chr11	62841693	A	AT	chr11:62841693:A:AT	n.115_116insA	ins	0.07963	0.1855	0.2054	0.1143	0.2	0.1619	-0.1355		
RNU2-2P	primary	chr11	62841693	A	C	chr11:62841693:A:C	n.117T>G	snv	0.09248	0.2402	0.3533	0.2622	0.0	0.2167	0.1652	7.899	
RNU2-2P	primary	chr11	62841693	A	G	chr11:62841693:A:G	n.117T>C	snv	0.09248	0.2402	0.3533	0.2622	0.0	0.2167	0.1652	7.846	pathogenic
RNU2-2P	primary	chr11	62841693	A	T	chr11:62841693:A:T	n.117T>A	snv	0.09248	0.2402	0.3533	0.2622	0.0	0.2167	0.1652	6.34	
RNU2-2P	primary	chr11	62841694	T	A	chr11:62841694:T:A	n.116A>T	snv	0.08934	0.2258	0.253	0.1491	0.3333	0.1778	-0.1355	0.776	
RNU2-2P	primary	chr11	62841694	T	C	chr11:62841694:T:C	n.116A>G	snv	0.08934	0.2258	0.253	0.1491	0.3333	0.1778	-0.1355	0.923	
RNU2-2P	primary	chr11	62841694	T	G	chr11:62841694:T:G	n.116A>C	snv	0.08934	0.2258	0.253	0.1491	0.3333	0.1778	-0.1355	0.543	
RNU2-2P	primary	chr11	62841694	TC	T	chr11:62841694:TC:T	n.115del	del	0.08023	0.1938	0.2422	0.1431	0.2	0.1619	-0.01524		
RNU2-2P	primary	chr11	62841694	T	TA	chr11:62841694:T:TA	n.115_116insT	ins	0.08023	0.1938	0.2422	0.1431	0.2	0.1619	-0.01524		
RNU2-2P	primary	chr11	62841694	T	TC	chr11:62841694:T:TC	n.114_115insG	ins	0.08807	0.223	0.2422	0.1431	0.2	0.1152	-0.01524		
RNU2-2P	primary	chr11	62841694	T	TG	chr11:62841694:T:TG	n.115_116insC	ins	0.08023	0.1938	0.2422	0.1431	0.2	0.1619	-0.01524		
RNU2-2P	primary	chr11	62841695	C	A	chr11:62841695:C:A	n.115G>T	snv	0.08023	0.1938	0.2422	0.1431	0.2	0.1619	-0.01524	2.345	
RNU2-2P	primary	chr11	62841695	CT	C	chr11:62841695:CT:C	n.114del	del	0.09611	0.2642	0.6797	0.7722	0.2	0.1152	0.4659		
RNU2-2P	primary	chr11	62841695	C	CA	chr11:62841695:C:CA	n.114_115insT	ins	0.09611	0.2642	0.6797	0.7722	0.2	0.1152	0.4659		
RNU2-2P	primary	chr11	62841695	C	CG	chr11:62841695:C:CG	n.114_115insC	ins	0.09611	0.2642	0.6797	0.7722	0.2	0.1152	0.4659		
RNU2-2P	primary	chr11	62841695	C	CT	chr11:62841695:C:CT	n.113_114insA	ins	0.09995	0.2814	0.6797	0.7722	0.2	0.1231	0.4659		
RNU2-2P	primary	chr11	62841695	C	G	chr11:62841695:C:G	n.115G>C	snv	0.08023	0.1938	0.2422	0.1431	0.2	0.1619	-0.01524	2.338	
RNU2-2P	primary	chr11	62841695	C	T	chr11:62841695:C:T	n.115G>A	snv	0.08023	0.1938	0.2422	0.1431	0.2	0.1619	-0.01524	3.326	pathogenic
RNU2-2P	primary	chr11	62841696	T	A	chr11:62841696:T:A	n.114A>T	snv	0.09611	0.2642	0.6797	0.7722	0.2	0.1152	0.4659	8.65	
RNU2-2P	primary	chr11	62841696	T	C	chr11:62841696:T:C	n.114A>G	snv	0.09611	0.2642	0.6797	0.7722	0.2	0.1152	0.4659	10.62	
RNU2-2P	primary	chr11	62841696	T	G	chr11:62841696:T:G	n.114A>C	snv	0.09611	0.2642	0.6797	0.7722	0.2	0.1152	0.4659	7.853	
RNU2-2P	primary	chr11	62841696	TC	T	chr11:62841696:TC:T	n.112del	del	0.04925	0.07274	0.1527	0.05396	0.0	0.01818	0.004803		
RNU2-2P	primary	chr11	62841696	T	TA	chr11:62841696:T:TA	n.113_114insT	ins	0.09203	0.2358	0.2652	0.1894	0.2	0.1231	0.004803		
RNU2-2P	primary	chr11	62841696	T	TC	chr11:62841696:T:TC	n.111_112insG	ins	0.07039	0.1639	0.1527	0.05396	0.0	0.1333	0.004803		
RNU2-2P	primary	chr11	62841696	T	TG	chr11:62841696:T:TG	n.113_114insC	ins	0.09203	0.2358	0.2652	0.1894	0.2	0.1231	0.004803		
RNU2-2P	primary	chr11	62841697	C	A	chr11:62841697:C:A	n.113G>T	snv	0.09203	0.2358	0.2652	0.1894	0.2	0.1231	0.004803	3.754	
RNU2-2P	primary	chr11	62841697	C	CA	chr11:62841697:C:CA	n.112_113insT	ins	0.0495	0.07554	0.1775	0.08393	0.0	0.01818	0.02485		
RNU2-2P	primary	chr11	62841697	C	CG	chr11:62841697:C:CG	n.112_113insC	ins	0.0495	0.07554	0.1775	0.08393	0.0	0.01818	0.02485		
RNU2-2P	primary	chr11	62841697	C	CT	chr11:62841697:C:CT	n.112_113insA	ins	0.0495	0.07554	0.1775	0.08393	0.0	0.01818	0.02485		
RNU2-2P	primary	chr11	62841697	C	G	chr11:62841697:C:G	n.113G>C	snv	0.09203	0.2358	0.2652	0.1894	0.2	0.1231	0.004803	2.66	
RNU2-2P	primary	chr11	62841697	C	T	chr11:62841697:C:T	n.113G>A	snv	0.09203	0.2358	0.2652	0.1894	0.2	0.1231	0.004803	2.844	pathogenic
RNU2-2P	primary	chr11	62841698	C	A	chr11:62841698:C:A	n.112G>T	snv	0.0495	0.07554	0.1775	0.08393	0.0	0.01818	0.02485	4.683	control
RNU2-2P	primary	chr11	62841698	CT	C	chr11:62841698:CT:C	n.111del	del	0.06942	0.1611	0.08493	0.003197	0.0	0.1333	-0.3561		
RNU2-2P	primary	chr11	62841698	C	CA	chr11:62841698:C:CA	n.111_112insT	ins	0.06942	0.1611	0.08493	0.003197	0.0	0.1333	-0.3561		
RNU2-2P	primary	chr11	62841698	C	CG	chr11:62841698:C:CG	n.111_112insC	ins	0.06942	0.1611	0.08493	0.003197	0.0	0.1333	-0.3561		
RNU2-2P	primary	chr11	62841698	C	CT	chr11:62841698:C:CT	n.110_111insA	ins	0.05065	0.07834	0.08493	0.003197	0.0	0.05	-0.3561		
RNU2-2P	primary	chr11	62841698	C	G	chr11:62841698:C:G	n.112G>C	snv	0.0495	0.07554	0.1775	0.08393	0.0	0.01818	0.02485	4.496	
RNU2-2P	primary	chr11	62841698	C	T	chr11:62841698:C:T	n.112G>A	snv	0.0495	0.07554	0.1775	0.08393	0.0	0.01818	0.02485	5.863	control
RNU2-2P	primary	chr11	62841699	T	A	chr11:62841699:T:A	n.111A>T	snv	0.06942	0.1611	0.08493	0.003197	0.0	0.1333	-0.3561	0.143	
RNU2-2P	primary	chr11	62841699	T	C	chr11:62841699:T:C	n.111A>G	snv	0.06942	0.1611	0.08493	0.003197	0.0	0.1333	-0.3561	0.18	control
RNU2-2P	primary	chr11	62841699	T	G	chr11:62841699:T:G	n.111A>C	snv	0.06942	0.1611	0.08493	0.003197	0.0	0.1333	-0.3561	0.149	
RNU2-2P	primary	chr11	62841699	TA	T	chr11:62841699:TA:T	n.110del	del	0.05068	0.08114	0.08773	0.008393	0.0	0.05	-0.2157		
RNU2-2P	primary	chr11	62841699	T	TA	chr11:62841699:T:TA	n.109_110insT	ins	0.0875	0.2222	0.2164	0.1191	0.25	0.2	-0.2157		
RNU2-2P	primary	chr11	62841699	T	TC	chr11:62841699:T:TC	n.110_111insG	ins	0.05068	0.08114	0.08773	0.008393	0.0	0.05	-0.2157		
RNU2-2P	primary	chr11	62841699	T	TG	chr11:62841699:T:TG	n.110_111insC	ins	0.05068	0.08114	0.08773	0.008393	0.0	0.05	-0.2157		
RNU2-2P	primary	chr11	62841700	AT	A	chr11:62841700:AT:A	n.107del	del	0.3247	0.725	0.3793	0.303	0.6667	0.9352	-2.0		
RNU2-2P	primary	chr11	62841700	A	AC	chr11:62841700:A:AC	n.109_110insG	ins	0.08735	0.2198	0.208	0.1167	0.25	0.2	-2.0		
RNU2-2P	primary	chr11	62841700	A	AG	chr11:62841700:A:AG	n.109_110insC	ins	0.08735	0.2198	0.208	0.1167	0.25	0.2	-2.0		
RNU2-2P	primary	chr11	62841700	A	AT	chr11:62841700:A:AT	n.106_107insA	ins	0.3621	0.7682	0.4688	0.4077	1.0	0.8889	-2.0		
RNU2-2P	primary	chr11	62841700	A	C	chr11:62841700:A:C	n.110T>G	snv	0.05068	0.08114	0.08773	0.008393	0.0	0.05	-0.2157	0.527	
RNU2-2P	primary	chr11	62841700	A	G	chr11:62841700:A:G	n.110T>C	snv	0.05068	0.08114	0.08773	0.008393	0.0	0.05	-0.2157	0.95	
RNU2-2P	primary	chr11	62841700	A	T	chr11:62841700:A:T	n.110T>A	snv	0.05068	0.08114	0.08773	0.008393	0.0	0.05	-0.2157	0.56	
RNU2-2P	primary	chr11	62841701	T	A	chr11:62841701:T:A	n.109A>T	snv	0.08735	0.2198	0.208	0.1167	0.25	0.2	-2.0	0.001	
RNU2-2P	primary	chr11	62841701	T	C	chr11:62841701:T:C	n.109A>G	snv	0.08735	0.2198	0.208	0.1167	0.25	0.2	-2.0	0.001	
RNU2-2P	primary	chr11	62841701	T	G	chr11:62841701:T:G	n.109A>C	snv	0.08735	0.2198	0.208	0.1167	0.25	0.2	-2.0	0.001	
RNU2-2P	primary	chr11	62841701	T	TA	chr11:62841701:T:TA	n.108_109insT	ins	0.2322	0.5655	0.3989	0.3433	0.75	0.5833	-0.6969		
RNU2-2P	primary	chr11	62841701	T	TC	chr11:62841701:T:TC	n.108_109insG	ins	0.2322	0.5655	0.3989	0.3433	0.75	0.5833	-0.6969		
RNU2-2P	primary	chr11	62841701	T	TG	chr11:62841701:T:TG	n.108_109insC	ins	0.2322	0.5655	0.3989	0.3433	0.75	0.5833	-0.6969		
RNU2-2P	primary	chr11	62841702	T	A	chr11:62841702:T:A	n.108A>T	snv	0.2322	0.5655	0.3989	0.3433	0.75	0.5833	-0.6969	0.011	
RNU2-2P	primary	chr11	62841702	T	C	chr11:62841702:T:C	n.108A>G	snv	0.2322	0.5655	0.3989	0.3433	0.75	0.5833	-0.6969	0.014	
RNU2-2P	primary	chr11	62841702	T	G	chr11:62841702:T:G	n.108A>C	snv	0.2322	0.5655	0.3989	0.3433	0.75	0.5833	-0.6969	0.011	
RNU2-2P	primary	chr11	62841702	T	TA	chr11:62841702:T:TA	n.107_108insT	ins	0.3252	0.7326	0.3903	0.3114	0.6667	0.9352	-0.1756		
RNU2-2P	primary	chr11	62841702	T	TC	chr11:62841702:T:TC	n.107_108insG	ins	0.3252	0.7326	0.3903	0.3114	0.6667	0.9352	-0.1756		
RNU2-2P	primary	chr11	62841702	T	TG	chr11:62841702:T:TG	n.107_108insC	ins	0.3252	0.7326	0.3903	0.3114	0.6667	0.9352	-0.1756		
RNU2-2P	primary	chr11	62841703	T	A	chr11:62841703:T:A	n.107A>T	snv	0.3252	0.7326	0.3903	0.3114	0.6667	0.9352	-0.1756	0.252	control
RNU2-2P	primary	chr11	62841703	T	C	chr11:62841703:T:C	n.107A>G	snv	0.3252	0.7326	0.3903	0.3114	0.6667	0.9352	-0.1756	0.221	control
RNU2-2P	primary	chr11	62841703	T	G	chr11:62841703:T:G	n.107A>C	snv	0.3252	0.7326	0.3903	0.3114	0.6667	0.9352	-0.1756	0.155	
RNU2-2P	primary	chr11	62841703	TC	T	chr11:62841703:TC:T	n.105del	del	0.3655	0.7746	0.6163	0.7106	1.0	0.8202	0.06495		
RNU2-2P	primary	chr11	62841703	T	TA	chr11:62841703:T:TA	n.106_107insT	ins	0.3696	0.7834	0.6163	0.7106	1.0	0.8889	0.06495		
RNU2-2P	primary	chr11	62841703	T	TC	chr11:62841703:T:TC	n.104_105insG	ins	0.3851	0.8169	0.6163	0.7106	1.0	0.9028	0.06495		
RNU2-2P	primary	chr11	62841703	T	TG	chr11:62841703:T:TG	n.106_107insC	ins	0.3696	0.7834	0.6163	0.7106	1.0	0.8889	0.06495		
RNU2-2P	primary	chr11	62841704	C	A	chr11:62841704:C:A	n.106G>T	snv	0.3696	0.7834	0.6163	0.7106	1.0	0.8889	0.06495	5.279	
RNU2-2P	primary	chr11	62841704	C	CA	chr11:62841704:C:CA	n.105_106insT	ins	0.3606	0.7646	0.5192	0.5288	1.0	0.8202	-0.01524		
RNU2-2P	primary	chr11	62841704	C	CG	chr11:62841704:C:CG	n.105_106insC	ins	0.3606	0.7646	0.5192	0.5288	1.0	0.8202	-0.01524		
RNU2-2P	primary	chr11	62841704	C	CT	chr11:62841704:C:CT	n.105_106insA	ins	0.3606	0.7646	0.5192	0.5288	1.0	0.8202	-0.01524		
RNU2-2P	primary	chr11	62841704	C	G	chr11:62841704:C:G	n.106G>C	snv	0.3696	0.7834	0.6163	0.7106	1.0	0.8889	0.06495	4.419	
RNU2-2P	primary	chr11	62841704	C	T	chr11:62841704:C:T	n.106G>A	snv	0.3696	0.7834	0.6163	0.7106	1.0	0.8889	0.06495	4.975	pathogenic
RNU2-2P	primary	chr11	62841705	C	A	chr11:62841705:C:A	n.105G>T	snv	0.3606	0.7646	0.5192	0.5288	1.0	0.8202	-0.01524	4.226	
RNU2-2P	primary	chr11	62841705	CA	C	chr11:62841705:CA:C	n.100del	del	0.4249	0.8437	0.8096	0.9125	1.0	1.0	0.2253		
RNU2-2P	primary	chr11	62841705	C	CA	chr11:62841705:C:CA	n.99_100insT	ins	0.4249	0.8437	0.8096	0.9125	1.0	1.0	0.2253		
RNU2-2P	primary	chr11	62841705	C	CG	chr11:62841705:C:CG	n.104_105insC	ins	0.3952	0.8209	0.8096	0.9125	1.0	0.9028	0.2253		
RNU2-2P	primary	chr11	62841705	C	CT	chr11:62841705:C:CT	n.104_105insA	ins	0.3952	0.8209	0.8096	0.9125	1.0	0.9028	0.2253		
RNU2-2P	primary	chr11	62841705	C	G	chr11:62841705:C:G	n.105G>C	snv	0.3606	0.7646	0.5192	0.5288	1.0	0.8202	-0.01524	3.585	
RNU2-2P	primary	chr11	62841705	C	T	chr11:62841705:C:T	n.105G>A	snv	0.3606	0.7646	0.5192	0.5288	1.0	0.8202	-0.01524	6.319	
RNU2-2P	primary	chr11	62841706	A	AC	chr11:62841706:A:AC	n.103_104insG	ins	0.3808	0.7998	0.8873	0.972	1.0	0.7667	0.3256		
RNU2-2P	primary	chr11	62841706	A	AG	chr11:62841706:A:AG	n.103_104insC	ins	0.3808	0.7998	0.8873	0.972	1.0	0.7667	0.3256		
RNU2-2P	primary	chr11	62841706	A	AT	chr11:62841706:A:AT	n.103_104insA	ins	0.3808	0.7998	0.8873	0.972	1.0	0.7667	0.3256		
RNU2-2P	primary	chr11	62841706	A	C	chr11:62841706:A:C	n.104T>G	snv	0.3952	0.8209	0.8096	0.9125	1.0	0.9028	0.2253	8.058	pathogenic
RNU2-2P	primary	chr11	62841706	A	G	chr11:62841706:A:G	n.104T>C	snv	0.3952	0.8209	0.8096	0.9125	1.0	0.9028	0.2253	8.043	pathogenic
RNU2-2P	primary	chr11	62841706	A	T	chr11:62841706:A:T	n.104T>A	snv	0.3952	0.8209	0.8096	0.9125	1.0	0.9028	0.2253	8.288	
RNU2-2P	primary	chr11	62841707	A	AC	chr11:62841707:A:AC	n.102_103insG	ins	0.4291	0.8561	0.8873	0.972	1.0	1.0	0.3256		
RNU2-2P	primary	chr11	62841707	A	AG	chr11:62841707:A:AG	n.102_103insC	ins	0.4291	0.8561	0.8873	0.972	1.0	1.0	0.3256		
RNU2-2P	primary	chr11	62841707	A	AT	chr11:62841707:A:AT	n.102_103insA	ins	0.4291	0.8561	0.8873	0.972	1.0	1.0	0.3256		
RNU2-2P	primary	chr11	62841707	A	C	chr11:62841707:A:C	n.103T>G	snv	0.3808	0.7998	0.8873	0.972	1.0	0.7667	0.3256	8.504	
RNU2-2P	primary	chr11	62841707	A	G	chr11:62841707:A:G	n.103T>C	snv	0.3808	0.7998	0.8873	0.972	1.0	0.7667	0.3256	9.226	
RNU2-2P	primary	chr11	62841707	A	T	chr11:62841707:A:T	n.103T>A	snv	0.3808	0.7998	0.8873	0.972	1.0	0.7667	0.3256	8.448	
RNU2-2P	primary	chr11	62841708	A	AC	chr11:62841708:A:AC	n.101_102insG	ins	0.4338	0.8637	0.7428	0.8365	1.0	1.0	0.1652		
RNU2-2P	primary	chr11	62841708	A	AG	chr11:62841708:A:AG	n.101_102insC	ins	0.4338	0.8637	0.7428	0.8365	1.0	1.0	0.1652		
RNU2-2P	primary	chr11	62841708	A	AT	chr11:62841708:A:AT	n.101_102insA	ins	0.4338	0.8637	0.7428	0.8365	1.0	1.0	0.1652		
RNU2-2P	primary	chr11	62841708	A	C	chr11:62841708:A:C	n.102T>G	snv	0.4291	0.8561	0.8873	0.972	1.0	1.0	0.3256	11.1	
RNU2-2P	primary	chr11	62841708	A	G	chr11:62841708:A:G	n.102T>C	snv	0.4291	0.8561	0.8873	0.972	1.0	1.0	0.3256	11.39	pathogenic
RNU2-2P	primary	chr11	62841708	A	T	chr11:62841708:A:T	n.102T>A	snv	0.4291	0.8561	0.8873	0.972	1.0	1.0	0.3256	10.95	
RNU2-2P	primary	chr11	62841709	A	AC	chr11:62841709:A:AC	n.100_101insG	ins	0.4132	0.8349	0.5915	0.6807	1.0	1.0	0.0449		
RNU2-2P	primary	chr11	62841709	A	AG	chr11:62841709:A:AG	n.100_101insC	ins	0.4132	0.8349	0.5915	0.6807	1.0	1.0	0.0449		
RNU2-2P	primary	chr11	62841709	A	AT	chr11:62841709:A:AT	n.100_101insA	ins	0.4132	0.8349	0.5915	0.6807	1.0	1.0	0.0449		
RNU2-2P	primary	chr11	62841709	A	C	chr11:62841709:A:C	n.101T>G	snv	0.4338	0.8637	0.7428	0.8365	1.0	1.0	0.1652	8.167	
RNU2-2P	primary	chr11	62841709	A	G	chr11:62841709:A:G	n.101T>C	snv	0.4338	0.8637	0.7428	0.8365	1.0	1.0	0.1652	8.297	
RNU2-2P	primary	chr11	62841709	A	T	chr11:62841709:A:T	n.101T>A	snv	0.4338	0.8637	0.7428	0.8365	1.0	1.0	0.1652	8.088	pathogenic
RNU2-2P	primary	chr11	62841710	AT	A	chr11:62841710:AT:A	n.99del	del	0.4078	0.8301	0.489	0.4468	1.0	1.0	-0.07539		
RNU2-2P	primary	chr11	62841710	A	AC	chr11:62841710:A:AC	n.99_100insG	ins	0.4078	0.8301	0.489	0.4468	1.0	1.0	-0.07539		
RNU2-2P	primary	chr11	62841710	A	AG	chr11:62841710:A:AG	n.99_100insC	ins	0.4078	0.8301	0.489	0.4468	1.0	1.0	-0.07539		
RNU2-2P	primary	chr11	62841710	A	AT	chr11:62841710:A:AT	n.98_99insA	ins	0.3613	0.7674	0.489	0.4468	1.0	0.9137	-0.07539		
RNU2-2P	primary	chr11	62841710	A	C	chr11:62841710:A:C	n.100T>G	snv	0.4132	0.8349	0.5915	0.6807	1.0	1.0	0.0449	8.69	pathogenic
RNU2-2P	primary	chr11	62841710	A	G	chr11:62841710:A:G	n.100T>C	snv	0.4132	0.8349	0.5915	0.6807	1.0	1.0	0.0449	9.213	pathogenic
RNU2-2P	primary	chr11	62841710	A	T	chr11:62841710:A:T	n.100T>A	snv	0.4132	0.8349	0.5915	0.6807	1.0	1.0	0.0449	8.521	pathogenic
RNU2-2P	primary	chr11	62841711	T	A	chr11:62841711:T:A	n.99A>T	snv	0.4078	0.8301	0.489	0.4468	1.0	1.0	-0.07539	6.176	
RNU2-2P	primary	chr11	62841711	T	C	chr11:62841711:T:C	n.99A>G	snv	0.4078	0.8301	0.489	0.4468	1.0	1.0	-0.07539	7.133	control
RNU2-2P	primary	chr11	62841711	T	G	chr11:62841711:T:G	n.99A>C	snv	0.4078	0.8301	0.489	0.4468	1.0	1.0	-0.07539	5.529	
RNU2-2P	primary	chr11	62841711	TC	T	chr11:62841711:TC:T	n.97del	del	0.3693	0.7786	0.6884	0.7882	0.3333	0.6667	0.3657		
RNU2-2P	primary	chr11	62841711	T	TA	chr11:62841711:T:TA	n.98_99insT	ins	0.3834	0.8145	0.9179	0.9936	1.0	0.9137	0.3657		
RNU2-2P	primary	chr11	62841711	T	TC	chr11:62841711:T:TC	n.96_97insG	ins	0.1268	0.3317	0.5284	0.5404	0.0	0.2778	0.3657		
RNU2-2P	primary	chr11	62841711	T	TG	chr11:62841711:T:TG	n.98_99insC	ins	0.3834	0.8145	0.9179	0.9936	1.0	0.9137	0.3657		
RNU2-2P	primary	chr11	62841712	C	A	chr11:62841712:C:A	n.98G>T	snv	0.3834	0.8145	0.9179	0.9936	1.0	0.9137	0.3657	10.9	
RNU2-2P	primary	chr11	62841712	C	CA	chr11:62841712:C:CA	n.97_98insT	ins	0.3693	0.7786	0.6884	0.7882	0.3333	0.6667	0.3657		
RNU2-2P	primary	chr11	62841712	C	CG	chr11:62841712:C:CG	n.97_98insC	ins	0.3693	0.7786	0.6884	0.7882	0.3333	0.6667	0.3657		
RNU2-2P	primary	chr11	62841712	C	CT	chr11:62841712:C:CT	n.97_98insA	ins	0.3693	0.7786	0.6884	0.7882	0.3333	0.6667	0.3657		
RNU2-2P	primary	chr11	62841712	C	G	chr11:62841712:C:G	n.98G>C	snv	0.3834	0.8145	0.9179	0.9936	1.0	0.9137	0.3657	9.954	
RNU2-2P	primary	chr11	62841712	C	T	chr11:62841712:C:T	n.98G>A	snv	0.3834	0.8145	0.9179	0.9936	1.0	0.9137	0.3657	10.55	
RNU2-2P	primary	chr11	62841713	C	A	chr11:62841713:C:A	n.97G>T	snv	0.3693	0.7786	0.6884	0.7882	0.3333	0.6667	0.3657	13.46	
RNU2-2P	primary	chr11	62841713	CA	C	chr11:62841713:CA:C	n.96del	del	0.1174	0.3177	0.1297	0.03197	0.0	0.2778	-0.01524		
RNU2-2P	primary	chr11	62841713	C	CA	chr11:62841713:C:CA	n.95_96insT	ins	0.07889	0.1847	0.3647	0.283	0.5	0.1667	-0.01524		
RNU2-2P	primary	chr11	62841713	C	CG	chr11:62841713:C:CG	n.96_97insC	ins	0.1174	0.3177	0.1297	0.03197	0.0	0.2778	-0.01524		
RNU2-2P	primary	chr11	62841713	C	CT	chr11:62841713:C:CT	n.96_97insA	ins	0.1174	0.3177	0.1297	0.03197	0.0	0.2778	-0.01524		
RNU2-2P	primary	chr11	62841713	C	G	chr11:62841713:C:G	n.97G>C	snv	0.3693	0.7786	0.6884	0.7882	0.3333	0.6667	0.3657	12.6	
RNU2-2P	primary	chr11	62841713	C	T	chr11:62841713:C:T	n.97G>A	snv	0.3693	0.7786	0.6884	0.7882	0.3333	0.6667	0.3657	14.38	
RNU2-2P	primary	chr11	62841714	AT	A	chr11:62841714:AT:A	n.93del	del	0.1383	0.3653	0.3471	0.2502	0.5	0.3571	-0.03529		
RNU2-2P	primary	chr11	62841714	A	AC	chr11:62841714:A:AC	n.95_96insG	ins	0.07861	0.1823	0.3471	0.2502	0.5	0.1667	-0.03529		
RNU2-2P	primary	chr11	62841714	A	AG	chr11:62841714:A:AG	n.95_96insC	ins	0.07861	0.1823	0.3471	0.2502	0.5	0.1667	-0.03529		
RNU2-2P	primary	chr11	62841714	A	AT	chr11:62841714:A:AT	n.92_93insA	ins	0.1872	0.49	0.1121	0.01839	0.0	0.4388	-0.03529		
RNU2-2P	primary	chr11	62841714	A	C	chr11:62841714:A:C	n.96T>G	snv	0.1174	0.3177	0.1297	0.03197	0.0	0.2778	-0.01524	9.511	
RNU2-2P	primary	chr11	62841714	A	G	chr11:62841714:A:G	n.96T>C	snv	0.1174	0.3177	0.1297	0.03197	0.0	0.2778	-0.01524	10.09	
RNU2-2P	primary	chr11	62841714	A	T	chr11:62841714:A:T	n.96T>A	snv	0.1174	0.3177	0.1297	0.03197	0.0	0.2778	-0.01524	8.833	pathogenic
RNU2-2P	primary	chr11	62841715	T	A	chr11:62841715:T:A	n.95A>T	snv	0.07861	0.1823	0.3471	0.2502	0.5	0.1667	-0.03529	7.495	
RNU2-2P	primary	chr11	62841715	T	C	chr11:62841715:T:C	n.95A>G	snv	0.07861	0.1823	0.3471	0.2502	0.5	0.1667	-0.03529	7.338	
RNU2-2P	primary	chr11	62841715	T	G	chr11:62841715:T:G	n.95A>C	snv	0.07861	0.1823	0.3471	0.2502	0.5	0.1667	-0.03529	6.881	
RNU2-2P	primary	chr11	62841715	T	TA	chr11:62841715:T:TA	n.94_95insT	ins	0.134	0.3553	0.4978	0.4756	0.0	0.3061	0.3256		
RNU2-2P	primary	chr11	62841715	T	TC	chr11:62841715:T:TC	n.94_95insG	ins	0.134	0.3553	0.4978	0.4756	0.0	0.3061	0.3256		
RNU2-2P	primary	chr11	62841715	T	TG	chr11:62841715:T:TG	n.94_95insC	ins	0.134	0.3553	0.4978	0.4756	0.0	0.3061	0.3256		
RNU2-2P	primary	chr11	62841716	T	A	chr11:62841716:T:A	n.94A>T	snv	0.134	0.3553	0.4978	0.4756	0.0	0.3061	0.3256	11.3	
RNU2-2P	primary	chr11	62841716	T	C	chr11:62841716:T:C	n.94A>G	snv	0.134	0.3553	0.4978	0.4756	0.0	0.3061	0.3256	11.56	
RNU2-2P	primary	chr11	62841716	T	G	chr11:62841716:T:G	n.94A>C	snv	0.134	0.3553	0.4978	0.4756	0.0	0.3061	0.3256	11.43	
RNU2-2P	primary	chr11	62841716	T	TA	chr11:62841716:T:TA	n.93_94insT	ins	0.1506	0.3897	0.8022	0.8981	0.5	0.3571	0.4659		
RNU2-2P	primary	chr11	62841716	T	TC	chr11:62841716:T:TC	n.93_94insG	ins	0.1506	0.3897	0.8022	0.8981	0.5	0.3571	0.4659		
RNU2-2P	primary	chr11	62841716	T	TG	chr11:62841716:T:TG	n.93_94insC	ins	0.1506	0.3897	0.8022	0.8981	0.5	0.3571	0.4659		
RNU2-2P	primary	chr11	62841717	T	A	chr11:62841717:T:A	n.93A>T	snv	0.1506	0.3897	0.8022	0.8981	0.5	0.3571	0.4659	8.096	
RNU2-2P	primary	chr11	62841717	T	C	chr11:62841717:T:C	n.93A>G	snv	0.1506	0.3897	0.8022	0.8981	0.5	0.3571	0.4659	11.37	
RNU2-2P	primary	chr11	62841717	T	G	chr11:62841717:T:G	n.93A>C	snv	0.1506	0.3897	0.8022	0.8981	0.5	0.3571	0.4659	11.04	
RNU2-2P	primary	chr11	62841717	TA	T	chr11:62841717:TA:T	n.91del	del	0.1446	0.3805	0.5671	0.6323	0.0	0.3265	0.4659		
RNU2-2P	primary	chr11	62841717	T	TA	chr11:62841717:T:TA	n.90_91insT	ins	0.1374	0.3645	0.5671	0.6323	0.0	0.3095	0.4659		
RNU2-2P	primary	chr11	62841717	T	TC	chr11:62841717:T:TC	n.92_93insG	ins	0.2029	0.51	0.5671	0.6323	0.0	0.4388	0.4659		
RNU2-2P	primary	chr11	62841717	T	TG	chr11:62841717:T:TG	n.92_93insC	ins	0.2029	0.51	0.5671	0.6323	0.0	0.4388	0.4659		
RNU2-2P	primary	chr11	62841718	A	AC	chr11:62841718:A:AC	n.91_92insG	ins	0.1413	0.3729	0.4456	0.3841	0.0	0.3265	0.2454		
RNU2-2P	primary	chr11	62841718	A	AG	chr11:62841718:A:AG	n.91_92insC	ins	0.1413	0.3729	0.4456	0.3841	0.0	0.3265	0.2454		
RNU2-2P	primary	chr11	62841718	A	AT	chr11:62841718:A:AT	n.91_92insA	ins	0.1413	0.3729	0.4456	0.3841	0.0	0.3265	0.2454		
RNU2-2P	primary	chr11	62841718	A	C	chr11:62841718:A:C	n.92T>G	snv	0.2029	0.51	0.5671	0.6323	0.0	0.4388	0.4659	12.94	
RNU2-2P	primary	chr11	62841718	A	G	chr11:62841718:A:G	n.92T>C	snv	0.2029	0.51	0.5671	0.6323	0.0	0.4388	0.4659	13.19	
RNU2-2P	primary	chr11	62841718	A	T	chr11:62841718:A:T	n.92T>A	snv	0.2029	0.51	0.5671	0.6323	0.0	0.4388	0.4659	12.82	
RNU2-2P	primary	chr11	62841719	AT	A	chr11:62841719:AT:A	n.90del	del	0.1319	0.3449	0.3533	0.2622	0.0	0.3095	0.1652		
RNU2-2P	primary	chr11	62841719	A	AC	chr11:62841719:A:AC	n.90_91insG	ins	0.1319	0.3449	0.3533	0.2622	0.0	0.3095	0.1652		
RNU2-2P	primary	chr11	62841719	A	AG	chr11:62841719:A:AG	n.90_91insC	ins	0.1319	0.3449	0.3533	0.2622	0.0	0.3095	0.1652		
RNU2-2P	primary	chr11	62841719	A	AT	chr11:62841719:A:AT	n.89_90insA	ins	0.06038	0.1383	0.3533	0.2622	0.0	0.09524	0.1652		
RNU2-2P	primary	chr11	62841719	A	C	chr11:62841719:A:C	n.91T>G	snv	0.1413	0.3729	0.4456	0.3841	0.0	0.3265	0.2454	13.31	
RNU2-2P	primary	chr11	62841719	A	G	chr11:62841719:A:G	n.91T>C	snv	0.1413	0.3729	0.4456	0.3841	0.0	0.3265	0.2454	13.54	
RNU2-2P	primary	chr11	62841719	A	T	chr11:62841719:A:T	n.91T>A	snv	0.1413	0.3729	0.4456	0.3841	0.0	0.3265	0.2454	13.0	
RNU2-2P	primary	chr11	62841720	T	A	chr11:62841720:T:A	n.90A>T	snv	0.1319	0.3449	0.3533	0.2622	0.0	0.3095	0.1652	7.818	
RNU2-2P	primary	chr11	62841720	T	C	chr11:62841720:T:C	n.90A>G	snv	0.1319	0.3449	0.3533	0.2622	0.0	0.3095	0.1652	11.65	
RNU2-2P	primary	chr11	62841720	T	G	chr11:62841720:T:G	n.90A>C	snv	0.1319	0.3449	0.3533	0.2622	0.0	0.3095	0.1652	10.94	
RNU2-2P	primary	chr11	62841720	TA	T	chr11:62841720:TA:T	n.89del	del	0.0592	0.1211	0.2584	0.1671	0.0	0.09524	0.085		
RNU2-2P	primary	chr11	62841720	T	TA	chr11:62841720:T:TA	n.88_89insT	ins	0.08002	0.1886	0.2584	0.1671	0.0	0.1667	0.085		
RNU2-2P	primary	chr11	62841720	T	TC	chr11:62841720:T:TC	n.89_90insG	ins	0.0592	0.1211	0.2584	0.1671	0.0	0.09524	0.085		
RNU2-2P	primary	chr11	62841720	T	TG	chr11:62841720:T:TG	n.89_90insC	ins	0.0592	0.1211	0.2584	0.1671	0.0	0.09524	0.085		
RNU2-2P	primary	chr11	62841721	AT	A	chr11:62841721:AT:A	n.88del	del	0.08061	0.1994	0.2948	0.2146	0.0	0.1667	0.1251		
RNU2-2P	primary	chr11	62841721	A	AC	chr11:62841721:A:AC	n.88_89insG	ins	0.08061	0.1994	0.2948	0.2146	0.0	0.1667	0.1251		
RNU2-2P	primary	chr11	62841721	A	AG	chr11:62841721:A:AG	n.88_89insC	ins	0.08061	0.1994	0.2948	0.2146	0.0	0.1667	0.1251		
RNU2-2P	primary	chr11	62841721	A	AT	chr11:62841721:A:AT	n.87_88insA	ins	0.04601	0.03277	0.2948	0.2146	0.0	0.0	0.1251		
RNU2-2P	primary	chr11	62841721	A	C	chr11:62841721:A:C	n.89T>G	snv	0.0592	0.1211	0.2584	0.1671	0.0	0.09524	0.085	12.27	
RNU2-2P	primary	chr11	62841721	A	G	chr11:62841721:A:G	n.89T>C	snv	0.0592	0.1211	0.2584	0.1671	0.0	0.09524	0.085	12.84	
RNU2-2P	primary	chr11	62841721	A	T	chr11:62841721:A:T	n.89T>A	snv	0.0592	0.1211	0.2584	0.1671	0.0	0.09524	0.085	12.16	
RNU2-2P	primary	chr11	62841722	T	A	chr11:62841722:T:A	n.88A>T	snv	0.08061	0.1994	0.2948	0.2146	0.0	0.1667	0.1251	12.97	
RNU2-2P	primary	chr11	62841722	T	C	chr11:62841722:T:C	n.88A>G	snv	0.08061	0.1994	0.2948	0.2146	0.0	0.1667	0.1251	13.82	control
RNU2-2P	primary	chr11	62841722	T	G	chr11:62841722:T:G	n.88A>C	snv	0.08061	0.1994	0.2948	0.2146	0.0	0.1667	0.1251	13.07	
RNU2-2P	primary	chr11	62841722	TA	T	chr11:62841722:TA:T	n.87del	del	0.04489	0.01439	0.1775	0.08393	0.0	0.0	0.02485		
RNU2-2P	primary	chr11	62841722	T	TA	chr11:62841722:T:TA	n.86_87insT	ins	0.05939	0.1259	0.1775	0.08393	0.0	0.1	0.02485		
RNU2-2P	primary	chr11	62841722	T	TC	chr11:62841722:T:TC	n.87_88insG	ins	0.04489	0.01439	0.1775	0.08393	0.0	0.0	0.02485		
RNU2-2P	primary	chr11	62841722	T	TG	chr11:62841722:T:TG	n.87_88insC	ins	0.04489	0.01439	0.1775	0.08393	0.0	0.0	0.02485		
RNU2-2P	primary	chr11	62841723	AT	A	chr11:62841723:AT:A	n.85del	del	0.05103	0.08393	0.4125	0.3533	0.5	0.08333	0.02485		
RNU2-2P	primary	chr11	62841723	A	AC	chr11:62841723:A:AC	n.86_87insG	ins	0.05939	0.1259	0.1775	0.08393	0.0	0.1	0.02485		
RNU2-2P	primary	chr11	62841723	A	AG	chr11:62841723:A:AG	n.86_87insC	ins	0.05939	0.1259	0.1775	0.08393	0.0	0.1	0.02485		
RNU2-2P	primary	chr11	62841723	A	AT	chr11:62841723:A:AT	n.84_85insA	ins	0.05236	0.09512	0.1775	0.08393	0.0	0.07143	0.02485		
RNU2-2P	primary	chr11	62841723	A	C	chr11:62841723:A:C	n.87T>G	snv	0.04489	0.01439	0.1775	0.08393	0.0	0.0	0.02485	9.435	
RNU2-2P	primary	chr11	62841723	A	G	chr11:62841723:A:G	n.87T>C	snv	0.04489	0.01439	0.1775	0.08393	0.0	0.0	0.02485	10.52	control
RNU2-2P	primary	chr11	62841723	A	T	chr11:62841723:A:T	n.87T>A	snv	0.04489	0.01439	0.1775	0.08393	0.0	0.0	0.02485	6.581	
RNU2-2P	primary	chr11	62841724	T	A	chr11:62841724:T:A	n.86A>T	snv	0.05939	0.1259	0.1775	0.08393	0.0	0.1	0.02485	9.848	
RNU2-2P	primary	chr11	62841724	T	C	chr11:62841724:T:C	n.86A>G	snv	0.05939	0.1259	0.1775	0.08393	0.0	0.1	0.02485	11.03	
RNU2-2P	primary	chr11	62841724	T	G	chr11:62841724:T:G	n.86A>C	snv	0.05939	0.1259	0.1775	0.08393	0.0	0.1	0.02485	9.968	
RNU2-2P	primary	chr11	62841724	T	TA	chr11:62841724:T:TA	n.85_86insT	ins	0.0519	0.09233	0.4934	0.4568	0.5	0.08333	0.085		
RNU2-2P	primary	chr11	62841724	T	TC	chr11:62841724:T:TC	n.85_86insG	ins	0.0519	0.09233	0.4934	0.4568	0.5	0.08333	0.085		
RNU2-2P	primary	chr11	62841724	T	TG	chr11:62841724:T:TG	n.85_86insC	ins	0.0519	0.09233	0.4934	0.4568	0.5	0.08333	0.085		
RNU2-2P	primary	chr11	62841725	T	A	chr11:62841725:T:A	n.85A>T	snv	0.0519	0.09233	0.4934	0.4568	0.5	0.08333	0.085	12.01	
RNU2-2P	primary	chr11	62841725	T	C	chr11:62841725:T:C	n.85A>G	snv	0.0519	0.09233	0.4934	0.4568	0.5	0.08333	0.085	11.99	
RNU2-2P	primary	chr11	62841725	T	G	chr11:62841725:T:G	n.85A>C	snv	0.0519	0.09233	0.4934	0.4568	0.5	0.08333	0.085	11.61	
RNU2-2P	primary	chr11	62841725	TG	T	chr11:62841725:TG:T	n.84del	del	0.05397	0.1035	0.3225	0.2338	0.0	0.07143	0.1451		
RNU2-2P	primary	chr11	62841725	T	TA	chr11:62841725:T:TA	n.84_85insT	ins	0.05397	0.1035	0.3225	0.2338	0.0	0.07143	0.1451		
RNU2-2P	primary	chr11	62841725	T	TC	chr11:62841725:T:TC	n.84_85insG	ins	0.05397	0.1035	0.3225	0.2338	0.0	0.07143	0.1451		
RNU2-2P	primary	chr11	62841725	T	TG	chr11:62841725:T:TG	n.83_84insC	ins	0.05175	0.08953	0.3225	0.2338	0.0	0.025	0.1451		
RNU2-2P	primary	chr11	62841726	G	A	chr11:62841726:G:A	n.84C>T	snv	0.05397	0.1035	0.3225	0.2338	0.0	0.07143	0.1451	11.6	
RNU2-2P	primary	chr11	62841726	G	C	chr11:62841726:G:C	n.84C>G	snv	0.05397	0.1035	0.3225	0.2338	0.0	0.07143	0.1451	10.24	
RNU2-2P	primary	chr11	62841726	GT	G	chr11:62841726:GT:G	n.83del	del	0.05106	0.08673	0.2584	0.1671	0.0	0.025	0.085		
RNU2-2P	primary	chr11	62841726	G	GA	chr11:62841726:G:GA	n.83_84insT	ins	0.05106	0.08673	0.2584	0.1671	0.0	0.025	0.085		
RNU2-2P	primary	chr11	62841726	G	GC	chr11:62841726:G:GC	n.83_84insG	ins	0.05106	0.08673	0.2584	0.1671	0.0	0.025	0.085		
RNU2-2P	primary	chr11	62841726	G	GT	chr11:62841726:G:GT	n.82_83insA	ins	0.05871	0.1183	0.3871	0.307	0.25	0.08333	0.085		
RNU2-2P	primary	chr11	62841726	G	T	chr11:62841726:G:T	n.84C>A	snv	0.05397	0.1035	0.3225	0.2338	0.0	0.07143	0.1451	10.73	
RNU2-2P	primary	chr11	62841727	T	A	chr11:62841727:T:A	n.83A>T	snv	0.05106	0.08673	0.2584	0.1671	0.0	0.025	0.085	11.83	
RNU2-2P	primary	chr11	62841727	T	C	chr11:62841727:T:C	n.83A>G	snv	0.05106	0.08673	0.2584	0.1671	0.0	0.025	0.085	12.32	
RNU2-2P	primary	chr11	62841727	T	G	chr11:62841727:T:G	n.83A>C	snv	0.05106	0.08673	0.2584	0.1671	0.0	0.025	0.085	11.5	
RNU2-2P	primary	chr11	62841727	TC	T	chr11:62841727:TC:T	n.81del	del	0.05682	0.1119	0.3471	0.2502	0.5	0.1111	-0.03529		
RNU2-2P	primary	chr11	62841727	T	TA	chr11:62841727:T:TA	n.82_83insT	ins	0.05696	0.1147	0.2408	0.1379	0.25	0.08333	-0.03529		
RNU2-2P	primary	chr11	62841727	T	TC	chr11:62841727:T:TC	n.80_81insG	ins	0.05696	0.1147	0.2408	0.1379	0.25	0.08333	-0.03529		
RNU2-2P	primary	chr11	62841727	T	TG	chr11:62841727:T:TG	n.82_83insC	ins	0.05696	0.1147	0.2408	0.1379	0.25	0.08333	-0.03529		
RNU2-2P	primary	chr11	62841728	C	A	chr11:62841728:C:A	n.82G>T	snv	0.05696	0.1147	0.2408	0.1379	0.25	0.08333	-0.03529	11.55	
RNU2-2P	primary	chr11	62841728	C	CA	chr11:62841728:C:CA	n.81_82insT	ins	0.05997	0.1355	0.6075	0.6938	0.5	0.1111	0.1852		
RNU2-2P	primary	chr11	62841728	C	CG	chr11:62841728:C:CG	n.81_82insC	ins	0.05997	0.1355	0.6075	0.6938	0.5	0.1111	0.1852		
RNU2-2P	primary	chr11	62841728	C	CT	chr11:62841728:C:CT	n.81_82insA	ins	0.05997	0.1355	0.6075	0.6938	0.5	0.1111	0.1852		
RNU2-2P	primary	chr11	62841728	C	G	chr11:62841728:C:G	n.82G>C	snv	0.05696	0.1147	0.2408	0.1379	0.25	0.08333	-0.03529	10.91	
RNU2-2P	primary	chr11	62841728	C	T	chr11:62841728:C:T	n.82G>A	snv	0.05696	0.1147	0.2408	0.1379	0.25	0.08333	-0.03529	11.22	pathogenic
RNU2-2P	primary	chr11	62841729	C	A	chr11:62841729:C:A	n.81G>T	snv	0.05997	0.1355	0.6075	0.6938	0.5	0.1111	0.1852	12.03	
RNU2-2P	primary	chr11	62841729	CT	C	chr11:62841729:CT:C	n.80del	del	0.0595	0.1307	0.4512	0.3889	0.25	0.08333	0.1451		
RNU2-2P	primary	chr11	62841729	C	CA	chr11:62841729:C:CA	n.80_81insT	ins	0.0595	0.1307	0.4512	0.3889	0.25	0.08333	0.1451		
RNU2-2P	primary	chr11	62841729	C	CG	chr11:62841729:C:CG	n.80_81insC	ins	0.0595	0.1307	0.4512	0.3889	0.25	0.08333	0.1451		
RNU2-2P	primary	chr11	62841729	C	CT	chr11:62841729:C:CT	n.79_80insA	ins	0.05248	0.09592	0.3225	0.2338	0.0	0.03125	0.1451		
RNU2-2P	primary	chr11	62841729	C	G	chr11:62841729:C:G	n.81G>C	snv	0.05997	0.1355	0.6075	0.6938	0.5	0.1111	0.1852	12.01	
RNU2-2P	primary	chr11	62841729	C	T	chr11:62841729:C:T	n.81G>A	snv	0.05997	0.1355	0.6075	0.6938	0.5	0.1111	0.1852	12.71	
RNU2-2P	primary	chr11	62841730	T	A	chr11:62841730:T:A	n.80A>T	snv	0.0595	0.1307	0.4512	0.3889	0.25	0.08333	0.1451	12.37	
RNU2-2P	primary	chr11	62841730	T	C	chr11:62841730:T:C	n.80A>G	snv	0.0595	0.1307	0.4512	0.3889	0.25	0.08333	0.1451	12.68	pathogenic
RNU2-2P	primary	chr11	62841730	T	G	chr11:62841730:T:G	n.80A>C	snv	0.0595	0.1307	0.4512	0.3889	0.25	0.08333	0.1451	12.22	
RNU2-2P	primary	chr11	62841730	TC	T	chr11:62841730:TC:T	n.79del	del	0.05303	0.09872	0.3725	0.2918	0.0	0.03125	0.1852		
RNU2-2P	primary	chr11	62841730	T	TA	chr11:62841730:T:TA	n.79_80insT	ins	0.05303	0.09872	0.3725	0.2918	0.0	0.03125	0.1852		pathogenic
RNU2-2P	primary	chr11	62841730	T	TC	chr11:62841730:T:TC	n.78_79insG	ins	0.1343	0.3629	0.3725	0.2918	0.0	0.07292	0.1852		
RNU2-2P	primary	chr11	62841730	T	TG	chr11:62841730:T:TG	n.79_80insC	ins	0.05303	0.09872	0.3725	0.2918	0.0	0.03125	0.1852		
RNU2-2P	primary	chr11	62841731	C	A	chr11:62841731:C:A	n.79G>T	snv	0.05303	0.09872	0.3725	0.2918	0.0	0.03125	0.1852	12.57	
RNU2-2P	primary	chr11	62841731	CG	C	chr11:62841731:CG:C	n.77del	del	0.1627	0.4365	0.1775	0.08393	0.0	0.1111	0.02485		
RNU2-2P	primary	chr11	62841731	C	CA	chr11:62841731:C:CA	n.78_79insT	ins	0.1293	0.3349	0.1775	0.08393	0.0	0.07292	0.02485		
RNU2-2P	primary	chr11	62841731	C	CG	chr11:62841731:C:CG	n.76_77insC	ins	0.2134	0.5276	0.1775	0.08393	0.0	0.1333	0.02485		
RNU2-2P	primary	chr11	62841731	C	CT	chr11:62841731:C:CT	n.78_79insA	ins	0.1293	0.3349	0.1775	0.08393	0.0	0.07292	0.02485		
RNU2-2P	primary	chr11	62841731	C	G	chr11:62841731:C:G	n.79G>C	snv	0.05303	0.09872	0.3725	0.2918	0.0	0.03125	0.1852	12.25	
RNU2-2P	primary	chr11	62841731	C	T	chr11:62841731:C:T	n.79G>A	snv	0.05303	0.09872	0.3725	0.2918	0.0	0.03125	0.1852	12.72	
RNU2-2P	primary	chr11	62841732	G	A	chr11:62841732:G:A	n.78C>T	snv	0.1293	0.3349	0.1775	0.08393	0.0	0.07292	0.02485	11.09	
RNU2-2P	primary	chr11	62841732	G	C	chr11:62841732:G:C	n.78C>G	snv	0.1293	0.3349	0.1775	0.08393	0.0	0.07292	0.02485	10.61	pathogenic
RNU2-2P	primary	chr11	62841732	G	GA	chr11:62841732:G:GA	n.77_78insT	ins	0.1613	0.4273	0.1297	0.03197	0.0	0.1111	-0.01524		
RNU2-2P	primary	chr11	62841732	G	GC	chr11:62841732:G:GC	n.77_78insG	ins	0.1613	0.4273	0.1297	0.03197	0.0	0.1111	-0.01524		
RNU2-2P	primary	chr11	62841732	G	GT	chr11:62841732:G:GT	n.77_78insA	ins	0.1613	0.4273	0.1297	0.03197	0.0	0.1111	-0.01524		
RNU2-2P	primary	chr11	62841732	G	T	chr11:62841732:G:T	n.78C>A	snv	0.1293	0.3349	0.1775	0.08393	0.0	0.07292	0.02485	9.809	
RNU2-2P	primary	chr11	62841733	G	A	chr11:62841733:G:A	n.77C>T	snv	0.1613	0.4273	0.1297	0.03197	0.0	0.1111	-0.01524	10.64	
RNU2-2P	primary	chr11	62841733	G	C	chr11:62841733:G:C	n.77C>G	snv	0.1613	0.4273	0.1297	0.03197	0.0	0.1111	-0.01524	10.07	
RNU2-2P	primary	chr11	62841733	GA	G	chr11:62841733:GA:G	n.76del	del	0.2152	0.5304	0.2268	0.1303	0.0	0.1333	0.06495		
RNU2-2P	primary	chr11	62841733	G	GA	chr11:62841733:G:GA	n.75_76insT	ins	0.1645	0.442	0.2268	0.1303	0.0	0.1204	0.06495		
RNU2-2P	primary	chr11	62841733	G	GC	chr11:62841733:G:GC	n.76_77insG	ins	0.2152	0.5304	0.2268	0.1303	0.0	0.1333	0.06495		
RNU2-2P	primary	chr11	62841733	G	GT	chr11:62841733:G:GT	n.76_77insA	ins	0.2152	0.5304	0.2268	0.1303	0.0	0.1333	0.06495		
RNU2-2P	primary	chr11	62841733	G	T	chr11:62841733:G:T	n.77C>A	snv	0.1613	0.4273	0.1297	0.03197	0.0	0.1111	-0.01524	10.05	
RNU2-2P	primary	chr11	62841734	AT	A	chr11:62841734:AT:A	n.75del	del	0.1746	0.46	0.5512	0.5795	0.0	0.1204	0.4459		
RNU2-2P	primary	chr11	62841734	A	AC	chr11:62841734:A:AC	n.75_76insG	ins	0.1746	0.46	0.5512	0.5795	0.0	0.1204	0.4459		
RNU2-2P	primary	chr11	62841734	A	AG	chr11:62841734:A:AG	n.75_76insC	ins	0.1746	0.46	0.5512	0.5795	0.0	0.1204	0.4459		
RNU2-2P	primary	chr11	62841734	A	AT	chr11:62841734:A:AT	n.74_75insA	ins	0.1566	0.4189	0.5512	0.5795	0.0	0.1017	0.4459		
RNU2-2P	primary	chr11	62841734	A	C	chr11:62841734:A:C	n.76T>G	snv	0.2152	0.5304	0.2268	0.1303	0.0	0.1333	0.06495	11.94	
RNU2-2P	primary	chr11	62841734	A	G	chr11:62841734:A:G	n.76T>C	snv	0.2152	0.5304	0.2268	0.1303	0.0	0.1333	0.06495	12.47	
RNU2-2P	primary	chr11	62841734	A	T	chr11:62841734:A:T	n.76T>A	snv	0.2152	0.5304	0.2268	0.1303	0.0	0.1333	0.06495	12.03	
RNU2-2P	primary	chr11	62841735	T	A	chr11:62841735:T:A	n.75A>T	snv	0.1746	0.46	0.5512	0.5795	0.0	0.1204	0.4459	13.43	
RNU2-2P	primary	chr11	62841735	T	C	chr11:62841735:T:C	n.75A>G	snv	0.1746	0.46	0.5512	0.5795	0.0	0.1204	0.4459	14.18	
RNU2-2P	primary	chr11	62841735	T	G	chr11:62841735:T:G	n.75A>C	snv	0.1746	0.46	0.5512	0.5795	0.0	0.1204	0.4459	13.6	
RNU2-2P	primary	chr11	62841735	TA	T	chr11:62841735:TA:T	n.74del	del	0.1521	0.3953	0.3943	0.3273	0.0	0.1017	0.2053		
RNU2-2P	primary	chr11	62841735	T	TA	chr11:62841735:T:TA	n.73_74insT	ins	0.1716	0.4484	0.3943	0.3273	0.0	0.1299	0.2053		
RNU2-2P	primary	chr11	62841735	T	TC	chr11:62841735:T:TC	n.74_75insG	ins	0.1521	0.3953	0.3943	0.3273	0.0	0.1017	0.2053		
RNU2-2P	primary	chr11	62841735	T	TG	chr11:62841735:T:TG	n.74_75insC	ins	0.1521	0.3953	0.3943	0.3273	0.0	0.1017	0.2053		
RNU2-2P	primary	chr11	62841736	AG	A	chr11:62841736:AG:A	n.73del	del	0.1641	0.4392	0.1527	0.05396	0.0	0.1299	0.004803		
RNU2-2P	primary	chr11	62841736	A	AC	chr11:62841736:A:AC	n.73_74insG	ins	0.1641	0.4392	0.1527	0.05396	0.0	0.1299	0.004803		
RNU2-2P	primary	chr11	62841736	A	AG	chr11:62841736:A:AG	n.72_73insC	ins	0.2178	0.5332	0.1527	0.05396	0.0	0.2478	0.004803		
RNU2-2P	primary	chr11	62841736	A	AT	chr11:62841736:A:AT	n.73_74insA	ins	0.1641	0.4392	0.1527	0.05396	0.0	0.1299	0.004803		
RNU2-2P	primary	chr11	62841736	A	C	chr11:62841736:A:C	n.74T>G	snv	0.1521	0.3953	0.3943	0.3273	0.0	0.1017	0.2053	12.62	
RNU2-2P	primary	chr11	62841736	A	G	chr11:62841736:A:G	n.74T>C	snv	0.1521	0.3953	0.3943	0.3273	0.0	0.1017	0.2053	13.03	
RNU2-2P	primary	chr11	62841736	A	T	chr11:62841736:A:T	n.74T>A	snv	0.1521	0.3953	0.3943	0.3273	0.0	0.1017	0.2053	12.48	
RNU2-2P	primary	chr11	62841737	G	A	chr11:62841737:G:A	n.73C>T	snv	0.1641	0.4392	0.1527	0.05396	0.0	0.1299	0.004803	11.38	
RNU2-2P	primary	chr11	62841737	G	C	chr11:62841737:G:C	n.73C>G	snv	0.1641	0.4392	0.1527	0.05396	0.0	0.1299	0.004803	10.78	
RNU2-2P	primary	chr11	62841737	GA	G	chr11:62841737:GA:G	n.72del	del	0.2332	0.5751	0.5512	0.5795	0.0	0.2478	0.4459		
RNU2-2P	primary	chr11	62841737	G	GA	chr11:62841737:G:GA	n.71_72insT	ins	0.2621	0.6203	0.5512	0.5795	0.0	0.2652	0.4459		
RNU2-2P	primary	chr11	62841737	G	GC	chr11:62841737:G:GC	n.72_73insG	ins	0.2332	0.5751	0.5512	0.5795	0.0	0.2478	0.4459		
RNU2-2P	primary	chr11	62841737	G	GT	chr11:62841737:G:GT	n.72_73insA	ins	0.2332	0.5751	0.5512	0.5795	0.0	0.2478	0.4459		
RNU2-2P	primary	chr11	62841737	G	T	chr11:62841737:G:T	n.73C>A	snv	0.1641	0.4392	0.1527	0.05396	0.0	0.1299	0.004803	10.8	
RNU2-2P	primary	chr11	62841738	AG	A	chr11:62841738:AG:A	n.70del	del	0.1469	0.3861	0.1297	0.03197	0.0	0.1181	-0.01524		
RNU2-2P	primary	chr11	62841738	A	AC	chr11:62841738:A:AC	n.71_72insG	ins	0.2446	0.5859	0.1297	0.03197	0.0	0.2652	-0.01524		
RNU2-2P	primary	chr11	62841738	A	AG	chr11:62841738:A:AG	n.69_70insC	ins	0.04444	0.003197	0.1297	0.03197	0.0	0.0	-0.01524		
RNU2-2P	primary	chr11	62841738	A	AT	chr11:62841738:A:AT	n.71_72insA	ins	0.2446	0.5859	0.1297	0.03197	0.0	0.2652	-0.01524		
RNU2-2P	primary	chr11	62841738	A	C	chr11:62841738:A:C	n.72T>G	snv	0.2332	0.5751	0.5512	0.5795	0.0	0.2478	0.4459	13.96	
RNU2-2P	primary	chr11	62841738	A	G	chr11:62841738:A:G	n.72T>C	snv	0.2332	0.5751	0.5512	0.5795	0.0	0.2478	0.4459	14.4	
RNU2-2P	primary	chr11	62841738	A	T	chr11:62841738:A:T	n.72T>A	snv	0.2332	0.5751	0.5512	0.5795	0.0	0.2478	0.4459	13.95	
RNU2-2P	primary	chr11	62841739	G	A	chr11:62841739:G:A	n.71C>T	snv	0.2446	0.5859	0.1297	0.03197	0.0	0.2652	-0.01524	11.11	control
RNU2-2P	primary	chr11	62841739	G	C	chr11:62841739:G:C	n.71C>G	snv	0.2446	0.5859	0.1297	0.03197	0.0	0.2652	-0.01524	9.924	
RNU2-2P	primary	chr11	62841739	G	GA	chr11:62841739:G:GA	n.70_71insT	ins	0.1459	0.3833	0.09552	0.01319	0.0	0.1181	-0.1155		
RNU2-2P	primary	chr11	62841739	G	GC	chr11:62841739:G:GC	n.70_71insG	ins	0.1459	0.3833	0.09552	0.01319	0.0	0.1181	-0.1155		
RNU2-2P	primary	chr11	62841739	G	GT	chr11:62841739:G:GT	n.70_71insA	ins	0.1459	0.3833	0.09552	0.01319	0.0	0.1181	-0.1155		
RNU2-2P	primary	chr11	62841739	G	T	chr11:62841739:G:T	n.71C>A	snv	0.2446	0.5859	0.1297	0.03197	0.0	0.2652	-0.01524	9.84	
RNU2-2P	primary	chr11	62841740	G	A	chr11:62841740:G:A	n.70C>T	snv	0.1459	0.3833	0.09552	0.01319	0.0	0.1181	-0.1155	9.957	control
RNU2-2P	primary	chr11	62841740	G	C	chr11:62841740:G:C	n.70C>G	snv	0.1459	0.3833	0.09552	0.01319	0.0	0.1181	-0.1155	8.82	
RNU2-2P	primary	chr11	62841740	GA	G	chr11:62841740:GA:G	n.69del	del	0.04855	0.06435	0.5512	0.5795	0.0	0.0	0.4459		
RNU2-2P	primary	chr11	62841740	G	GA	chr11:62841740:G:GA	n.68_69insT	ins	0.1476	0.3869	0.5512	0.5795	0.0	0.09091	0.4459		
RNU2-2P	primary	chr11	62841740	G	GC	chr11:62841740:G:GC	n.69_70insG	ins	0.04855	0.06435	0.5512	0.5795	0.0	0.0	0.4459		
RNU2-2P	primary	chr11	62841740	G	GT	chr11:62841740:G:GT	n.69_70insA	ins	0.04855	0.06435	0.5512	0.5795	0.0	0.0	0.4459		
RNU2-2P	primary	chr11	62841740	G	T	chr11:62841740:G:T	n.70C>A	snv	0.1459	0.3833	0.09552	0.01319	0.0	0.1181	-0.1155	8.801	
RNU2-2P	primary	chr11	62841741	AC	A	chr11:62841741:AC:A	n.68del	del	0.1397	0.3681	0.2584	0.1671	0.0	0.09091	0.085		
RNU2-2P	primary	chr11	62841741	A	AC	chr11:62841741:A:AC	n.67_68insG	ins	0.1938	0.5068	0.2584	0.1671	0.0	0.1667	0.085		
RNU2-2P	primary	chr11	62841741	A	AG	chr11:62841741:A:AG	n.68_69insC	ins	0.1397	0.3681	0.2584	0.1671	0.0	0.09091	0.085		
RNU2-2P	primary	chr11	62841741	A	AT	chr11:62841741:A:AT	n.68_69insA	ins	0.1397	0.3681	0.2584	0.1671	0.0	0.09091	0.085		
RNU2-2P	primary	chr11	62841741	A	C	chr11:62841741:A:C	n.69T>G	snv	0.04855	0.06435	0.5512	0.5795	0.0	0.0	0.4459	14.28	
RNU2-2P	primary	chr11	62841741	A	G	chr11:62841741:A:G	n.69T>C	snv	0.04855	0.06435	0.5512	0.5795	0.0	0.0	0.4459	15.07	
RNU2-2P	primary	chr11	62841741	A	T	chr11:62841741:A:T	n.69T>A	snv	0.04855	0.06435	0.5512	0.5795	0.0	0.0	0.4459	14.26	
RNU2-2P	primary	chr11	62841742	C	A	chr11:62841742:C:A	n.68G>T	snv	0.1397	0.3681	0.2584	0.1671	0.0	0.09091	0.085	13.11	
RNU2-2P	primary	chr11	62841742	CG	C	chr11:62841742:CG:C	n.67del	del	0.1902	0.4992	0.1527	0.05396	0.0	0.1667	0.004803		
RNU2-2P	primary	chr11	62841742	C	CA	chr11:62841742:C:CA	n.67_68insT	ins	0.1902	0.4992	0.1527	0.05396	0.0	0.1667	0.004803		
RNU2-2P	primary	chr11	62841742	C	CG	chr11:62841742:C:CG	n.66_67insC	ins	0.1697	0.4476	0.3877	0.3082	0.5	0.3125	0.004803		
RNU2-2P	primary	chr11	62841742	C	CT	chr11:62841742:C:CT	n.67_68insA	ins	0.1902	0.4992	0.1527	0.05396	0.0	0.1667	0.004803		
RNU2-2P	primary	chr11	62841742	C	G	chr11:62841742:C:G	n.68G>C	snv	0.1397	0.3681	0.2584	0.1671	0.0	0.09091	0.085	13.0	
RNU2-2P	primary	chr11	62841742	C	T	chr11:62841742:C:T	n.68G>A	snv	0.1397	0.3681	0.2584	0.1671	0.0	0.09091	0.085	14.14	
RNU2-2P	primary	chr11	62841743	G	A	chr11:62841743:G:A	n.67C>T	snv	0.1902	0.4992	0.1527	0.05396	0.0	0.1667	0.004803	13.81	pathogenic
RNU2-2P	primary	chr11	62841743	G	C	chr11:62841743:G:C	n.67C>G	snv	0.1902	0.4992	0.1527	0.05396	0.0	0.1667	0.004803	13.29	
RNU2-2P	primary	chr11	62841743	GT	G	chr11:62841743:GT:G	n.66del	del	0.175	0.4704	0.5576	0.6135	0.5	0.3125	0.1451		
RNU2-2P	primary	chr11	62841743	G	GA	chr11:62841743:G:GA	n.66_67insT	ins	0.175	0.4704	0.5576	0.6135	0.5	0.3125	0.1451		
RNU2-2P	primary	chr11	62841743	G	GC	chr11:62841743:G:GC	n.66_67insG	ins	0.175	0.4704	0.5576	0.6135	0.5	0.3125	0.1451		
RNU2-2P	primary	chr11	62841743	G	GT	chr11:62841743:G:GT	n.65_66insA	ins	0.1021	0.2886	0.3225	0.2338	0.0	0.2462	0.1451		
RNU2-2P	primary	chr11	62841743	G	T	chr11:62841743:G:T	n.67C>A	snv	0.1902	0.4992	0.1527	0.05396	0.0	0.1667	0.004803	12.81	
RNU2-2P	primary	chr11	62841744	T	A	chr11:62841744:T:A	n.66A>T	snv	0.175	0.4704	0.5576	0.6135	0.5	0.3125	0.1451	12.5	
RNU2-2P	primary	chr11	62841744	T	C	chr11:62841744:T:C	n.66A>G	snv	0.175	0.4704	0.5576	0.6135	0.5	0.3125	0.1451	12.9	
RNU2-2P	primary	chr11	62841744	T	G	chr11:62841744:T:G	n.66A>C	snv	0.175	0.4704	0.5576	0.6135	0.5	0.3125	0.1451	12.24	
RNU2-2P	primary	chr11	62841744	TA	T	chr11:62841744:TA:T	n.65del	del	0.09969	0.2786	0.202	0.1083	0.0	0.2462	0.0449		
RNU2-2P	primary	chr11	62841744	T	TA	chr11:62841744:T:TA	n.64_65insT	ins	0.1565	0.4181	0.202	0.1083	0.0	0.3639	0.0449		
RNU2-2P	primary	chr11	62841744	T	TC	chr11:62841744:T:TC	n.65_66insG	ins	0.09969	0.2786	0.202	0.1083	0.0	0.2462	0.0449		
RNU2-2P	primary	chr11	62841744	T	TG	chr11:62841744:T:TG	n.65_66insC	ins	0.09969	0.2786	0.202	0.1083	0.0	0.2462	0.0449		
RNU2-2P	primary	chr11	62841745	AT	A	chr11:62841745:AT:A	n.64del	del	0.1622	0.4321	0.3943	0.3273	0.0	0.3639	0.2053		
RNU2-2P	primary	chr11	62841745	A	AC	chr11:62841745:A:AC	n.64_65insG	ins	0.1622	0.4321	0.3943	0.3273	0.0	0.3639	0.2053		
RNU2-2P	primary	chr11	62841745	A	AG	chr11:62841745:A:AG	n.64_65insC	ins	0.1622	0.4321	0.3943	0.3273	0.0	0.3639	0.2053		
RNU2-2P	primary	chr11	62841745	A	AT	chr11:62841745:A:AT	n.63_64insA	ins	0.2653	0.6267	0.5068	0.502	0.2	0.3708	0.2053		
RNU2-2P	primary	chr11	62841745	A	C	chr11:62841745:A:C	n.65T>G	snv	0.09969	0.2786	0.202	0.1083	0.0	0.2462	0.0449	11.44	
RNU2-2P	primary	chr11	62841745	A	G	chr11:62841745:A:G	n.65T>C	snv	0.09969	0.2786	0.202	0.1083	0.0	0.2462	0.0449	12.2	
RNU2-2P	primary	chr11	62841745	A	T	chr11:62841745:A:T	n.65T>A	snv	0.09969	0.2786	0.202	0.1083	0.0	0.2462	0.0449	11.45	
RNU2-2P	primary	chr11	62841746	T	A	chr11:62841746:T:A	n.64A>T	snv	0.1622	0.4321	0.3943	0.3273	0.0	0.3639	0.2053	14.41	
RNU2-2P	primary	chr11	62841746	T	C	chr11:62841746:T:C	n.64A>G	snv	0.1622	0.4321	0.3943	0.3273	0.0	0.3639	0.2053	14.55	pathogenic
RNU2-2P	primary	chr11	62841746	T	G	chr11:62841746:T:G	n.64A>C	snv	0.1622	0.4321	0.3943	0.3273	0.0	0.3639	0.2053	13.95	
RNU2-2P	primary	chr11	62841746	TC	T	chr11:62841746:TC:T	n.63del	del	0.2676	0.6343	0.5582	0.6239	0.2	0.3708	0.2454		
RNU2-2P	primary	chr11	62841746	T	TA	chr11:62841746:T:TA	n.63_64insT	ins	0.2676	0.6343	0.5582	0.6239	0.2	0.3708	0.2454		control
RNU2-2P	primary	chr11	62841746	T	TC	chr11:62841746:T:TC	n.62_63insG	ins	0.2974	0.6643	0.5743	0.6363	0.25	0.4227	0.2454		
RNU2-2P	primary	chr11	62841746	T	TG	chr11:62841746:T:TG	n.63_64insC	ins	0.2676	0.6343	0.5582	0.6239	0.2	0.3708	0.2454		
RNU2-2P	primary	chr11	62841747	C	A	chr11:62841747:C:A	n.63G>T	snv	0.2676	0.6343	0.5582	0.6239	0.2	0.3708	0.2454	11.75	
RNU2-2P	primary	chr11	62841747	CA	C	chr11:62841747:CA:C	n.62del	del	0.2988	0.6679	0.6053	0.6855	0.25	0.4227	0.3055		
RNU2-2P	primary	chr11	62841747	C	CA	chr11:62841747:C:CA	n.61_62insT	ins	0.2978	0.6651	0.5891	0.6779	0.2	0.3937	0.3055		
RNU2-2P	primary	chr11	62841747	C	CG	chr11:62841747:C:CG	n.62_63insC	ins	0.2988	0.6679	0.6053	0.6855	0.25	0.4227	0.3055		
RNU2-2P	primary	chr11	62841747	C	CT	chr11:62841747:C:CT	n.62_63insA	ins	0.2988	0.6679	0.6053	0.6855	0.25	0.4227	0.3055		
RNU2-2P	primary	chr11	62841747	C	G	chr11:62841747:C:G	n.63G>C	snv	0.2676	0.6343	0.5582	0.6239	0.2	0.3708	0.2454	11.46	pathogenic
RNU2-2P	primary	chr11	62841747	C	T	chr11:62841747:C:T	n.63G>A	snv	0.2676	0.6343	0.5582	0.6239	0.2	0.3708	0.2454	12.14	pathogenic
RNU2-2P	primary	chr11	62841748	AG	A	chr11:62841748:AG:A	n.61del	del	0.2895	0.6615	0.4073	0.3497	0.2	0.3937	0.1251		
RNU2-2P	primary	chr11	62841748	A	AC	chr11:62841748:A:AC	n.61_62insG	ins	0.2895	0.6615	0.4073	0.3497	0.2	0.3937	0.1251		
RNU2-2P	primary	chr11	62841748	A	AG	chr11:62841748:A:AG	n.60_61insC	ins	0.244	0.5835	0.3857	0.3038	0.1667	0.3408	0.1251		
RNU2-2P	primary	chr11	62841748	A	AT	chr11:62841748:A:AT	n.61_62insA	ins	0.2895	0.6615	0.4073	0.3497	0.2	0.3937	0.1251		
RNU2-2P	primary	chr11	62841748	A	C	chr11:62841748:A:C	n.62T>G	snv	0.2988	0.6679	0.6053	0.6855	0.25	0.4227	0.3055	13.69	pathogenic
RNU2-2P	primary	chr11	62841748	A	G	chr11:62841748:A:G	n.62T>C	snv	0.2988	0.6679	0.6053	0.6855	0.25	0.4227	0.3055	14.03	
RNU2-2P	primary	chr11	62841748	A	T	chr11:62841748:A:T	n.62T>A	snv	0.2988	0.6679	0.6053	0.6855	0.25	0.4227	0.3055	13.63	
RNU2-2P	primary	chr11	62841749	G	A	chr11:62841749:G:A	n.61C>T	snv	0.2895	0.6615	0.4073	0.3497	0.2	0.3937	0.1251	10.93	pathogenic
RNU2-2P	primary	chr11	62841749	G	C	chr11:62841749:G:C	n.61C>G	snv	0.2895	0.6615	0.4073	0.3497	0.2	0.3937	0.1251	9.582	pathogenic
RNU2-2P	primary	chr11	62841749	GA	G	chr11:62841749:GA:G	n.60del	del	0.2546	0.6015	0.6421	0.7438	0.1667	0.3408	0.4459		
RNU2-2P	primary	chr11	62841749	G	GA	chr11:62841749:G:GA	n.59_60insT	ins	0.1109	0.3054	0.7862	0.8809	0.5	0.2491	0.4459		
RNU2-2P	primary	chr11	62841749	G	GC	chr11:62841749:G:GC	n.60_61insG	ins	0.2546	0.6015	0.6421	0.7438	0.1667	0.3408	0.4459		
RNU2-2P	primary	chr11	62841749	G	GT	chr11:62841749:G:GT	n.60_61insA	ins	0.2546	0.6015	0.6421	0.7438	0.1667	0.3408	0.4459		
RNU2-2P	primary	chr11	62841749	G	T	chr11:62841749:G:T	n.61C>A	snv	0.2895	0.6615	0.4073	0.3497	0.2	0.3937	0.1251	9.986	
RNU2-2P	primary	chr11	62841750	AT	A	chr11:62841750:AT:A	n.59del	del	0.1021	0.2914	0.3647	0.283	0.5	0.2491	-0.01524		
RNU2-2P	primary	chr11	62841750	A	AC	chr11:62841750:A:AC	n.59_60insG	ins	0.1021	0.2914	0.3647	0.283	0.5	0.2491	-0.01524		
RNU2-2P	primary	chr11	62841750	A	AG	chr11:62841750:A:AG	n.59_60insC	ins	0.1021	0.2914	0.3647	0.283	0.5	0.2491	-0.01524		
RNU2-2P	primary	chr11	62841750	A	AT	chr11:62841750:A:AT	n.58_59insA	ins	0.09308	0.243	0.4043	0.3469	0.5714	0.2532	-0.01524		
RNU2-2P	primary	chr11	62841750	A	C	chr11:62841750:A:C	n.60T>G	snv	0.2546	0.6015	0.6421	0.7438	0.1667	0.3408	0.4459	12.37	
RNU2-2P	primary	chr11	62841750	A	G	chr11:62841750:A:G	n.60T>C	snv	0.2546	0.6015	0.6421	0.7438	0.1667	0.3408	0.4459	13.06	
RNU2-2P	primary	chr11	62841750	A	T	chr11:62841750:A:T	n.60T>A	snv	0.2546	0.6015	0.6421	0.7438	0.1667	0.3408	0.4459	12.29	
RNU2-2P	primary	chr11	62841751	T	A	chr11:62841751:T:A	n.59A>T	snv	0.1021	0.2914	0.3647	0.283	0.5	0.2491	-0.01524	9.002	
RNU2-2P	primary	chr11	62841751	T	C	chr11:62841751:T:C	n.59A>G	snv	0.1021	0.2914	0.3647	0.283	0.5	0.2491	-0.01524	9.646	
RNU2-2P	primary	chr11	62841751	T	G	chr11:62841751:T:G	n.59A>C	snv	0.1021	0.2914	0.3647	0.283	0.5	0.2491	-0.01524	9.119	
RNU2-2P	primary	chr11	62841751	TA	T	chr11:62841751:TA:T	n.58del	del	0.0949	0.2538	0.5014	0.4912	0.5714	0.2532	0.06495		
RNU2-2P	primary	chr11	62841751	T	TA	chr11:62841751:T:TA	n.57_58insT	ins	0.09565	0.2614	0.5014	0.4912	0.5714	0.2308	0.06495		
RNU2-2P	primary	chr11	62841751	T	TC	chr11:62841751:T:TC	n.58_59insG	ins	0.0949	0.2538	0.5014	0.4912	0.5714	0.2532	0.06495		
RNU2-2P	primary	chr11	62841751	T	TG	chr11:62841751:T:TG	n.58_59insC	ins	0.0949	0.2538	0.5014	0.4912	0.5714	0.2532	0.06495		
RNU2-2P	primary	chr11	62841752	AT	A	chr11:62841752:AT:A	n.56del	del	0.2102	0.522	0.7058	0.7922	0.7143	0.3673	0.2053		
RNU2-2P	primary	chr11	62841752	A	AC	chr11:62841752:A:AC	n.57_58insG	ins	0.09888	0.2742	0.6689	0.7658	0.5714	0.2308	0.2053		
RNU2-2P	primary	chr11	62841752	A	AG	chr11:62841752:A:AG	n.57_58insC	ins	0.09888	0.2742	0.6689	0.7658	0.5714	0.2308	0.2053		
RNU2-2P	primary	chr11	62841752	A	AT	chr11:62841752:A:AT	n.55_56insA	ins	0.2611	0.6195	0.5306	0.5604	0.2857	0.4643	0.2053		
RNU2-2P	primary	chr11	62841752	A	C	chr11:62841752:A:C	n.58T>G	snv	0.0949	0.2538	0.5014	0.4912	0.5714	0.2532	0.06495	9.868	
RNU2-2P	primary	chr11	62841752	A	G	chr11:62841752:A:G	n.58T>C	snv	0.0949	0.2538	0.5014	0.4912	0.5714	0.2532	0.06495	10.75	
RNU2-2P	primary	chr11	62841752	A	T	chr11:62841752:A:T	n.58T>A	snv	0.0949	0.2538	0.5014	0.4912	0.5714	0.2532	0.06495	7.047	
RNU2-2P	primary	chr11	62841753	T	A	chr11:62841753:T:A	n.57A>T	snv	0.09888	0.2742	0.6689	0.7658	0.5714	0.2308	0.2053	9.259	
RNU2-2P	primary	chr11	62841753	T	C	chr11:62841753:T:C	n.57A>G	snv	0.09888	0.2742	0.6689	0.7658	0.5714	0.2308	0.2053	10.59	pathogenic
RNU2-2P	primary	chr11	62841753	T	G	chr11:62841753:T:G	n.57A>C	snv	0.09888	0.2742	0.6689	0.7658	0.5714	0.2308	0.2053	9.498	
RNU2-2P	primary	chr11	62841753	T	TA	chr11:62841753:T:TA	n.56_57insT	ins	0.2033	0.5144	0.5136	0.5152	0.7143	0.3673	0.0449		
RNU2-2P	primary	chr11	62841753	T	TC	chr11:62841753:T:TC	n.56_57insG	ins	0.2033	0.5144	0.5136	0.5152	0.7143	0.3673	0.0449		
RNU2-2P	primary	chr11	62841753	T	TG	chr11:62841753:T:TG	n.56_57insC	ins	0.2033	0.5144	0.5136	0.5152	0.7143	0.3673	0.0449		
RNU2-2P	primary	chr11	62841754	T	A	chr11:62841754:T:A	n.56A>T	snv	0.2033	0.5144	0.5136	0.5152	0.7143	0.3673	0.0449	7.087	pathogenic
RNU2-2P	primary	chr11	62841754	T	C	chr11:62841754:T:C	n.56A>G	snv	0.2033	0.5144	0.5136	0.5152	0.7143	0.3673	0.0449	7.494	
RNU2-2P	primary	chr11	62841754	T	G	chr11:62841754:T:G	n.56A>C	snv	0.2033	0.5144	0.5136	0.5152	0.7143	0.3673	0.0449	7.554	
RNU2-2P	primary	chr11	62841754	TA	T	chr11:62841754:TA:T	n.53del	del	0.1586	0.4197	0.6749	0.769	0.4286	0.2437	0.3055		
RNU2-2P	primary	chr11	62841754	T	TA	chr11:62841754:T:TA	n.52_53insT	ins	0.1867	0.4892	0.7116	0.793	0.5	0.2829	0.3055		
RNU2-2P	primary	chr11	62841754	T	TC	chr11:62841754:T:TC	n.55_56insG	ins	0.2646	0.6243	0.6129	0.7034	0.2857	0.4643	0.3055		
RNU2-2P	primary	chr11	62841754	T	TG	chr11:62841754:T:TG	n.55_56insC	ins	0.2646	0.6243	0.6129	0.7034	0.2857	0.4643	0.3055		
RNU2-2P	primary	chr11	62841755	A	AC	chr11:62841755:A:AC	n.54_55insG	ins	0.1821	0.476	0.6129	0.7034	0.2857	0.2917	0.3055		
RNU2-2P	primary	chr11	62841755	A	AG	chr11:62841755:A:AG	n.54_55insC	ins	0.1821	0.476	0.6129	0.7034	0.2857	0.2917	0.3055		
RNU2-2P	primary	chr11	62841755	A	AT	chr11:62841755:A:AT	n.54_55insA	ins	0.1821	0.476	0.6129	0.7034	0.2857	0.2917	0.3055		
RNU2-2P	primary	chr11	62841755	A	C	chr11:62841755:A:C	n.55T>G	snv	0.2646	0.6243	0.6129	0.7034	0.2857	0.4643	0.3055	12.14	
RNU2-2P	primary	chr11	62841755	A	G	chr11:62841755:A:G	n.55T>C	snv	0.2646	0.6243	0.6129	0.7034	0.2857	0.4643	0.3055	12.29	
RNU2-2P	primary	chr11	62841755	A	T	chr11:62841755:A:T	n.55T>A	snv	0.2646	0.6243	0.6129	0.7034	0.2857	0.4643	0.3055	8.934	
RNU2-2P	primary	chr11	62841756	A	AC	chr11:62841756:A:AC	n.53_54insG	ins	0.1529	0.4001	0.4782	0.4153	0.4286	0.2437	0.105		
RNU2-2P	primary	chr11	62841756	A	AG	chr11:62841756:A:AG	n.53_54insC	ins	0.1529	0.4001	0.4782	0.4153	0.4286	0.2437	0.105		
RNU2-2P	primary	chr11	62841756	A	AT	chr11:62841756:A:AT	n.53_54insA	ins	0.1529	0.4001	0.4782	0.4153	0.4286	0.2437	0.105		
RNU2-2P	primary	chr11	62841756	A	C	chr11:62841756:A:C	n.54T>G	snv	0.1821	0.476	0.6129	0.7034	0.2857	0.2917	0.3055	12.05	
RNU2-2P	primary	chr11	62841756	A	G	chr11:62841756:A:G	n.54T>C	snv	0.1821	0.476	0.6129	0.7034	0.2857	0.2917	0.3055	12.2	
RNU2-2P	primary	chr11	62841756	A	T	chr11:62841756:A:T	n.54T>A	snv	0.1821	0.476	0.6129	0.7034	0.2857	0.2917	0.3055	11.87	
RNU2-2P	primary	chr11	62841757	AC	A	chr11:62841757:AC:A	n.52del	del	0.1833	0.4808	0.6075	0.6938	0.5	0.2829	0.1852		
RNU2-2P	primary	chr11	62841757	A	AC	chr11:62841757:A:AC	n.51_52insG	ins	0.1873	0.4908	0.6075	0.6938	0.5	0.31	0.1852		
RNU2-2P	primary	chr11	62841757	A	AG	chr11:62841757:A:AG	n.52_53insC	ins	0.1833	0.4808	0.6075	0.6938	0.5	0.2829	0.1852		
RNU2-2P	primary	chr11	62841757	A	AT	chr11:62841757:A:AT	n.52_53insA	ins	0.1833	0.4808	0.6075	0.6938	0.5	0.2829	0.1852		
RNU2-2P	primary	chr11	62841757	A	C	chr11:62841757:A:C	n.53T>G	snv	0.1529	0.4001	0.4782	0.4153	0.4286	0.2437	0.105	8.139	
RNU2-2P	primary	chr11	62841757	A	G	chr11:62841757:A:G	n.53T>C	snv	0.1529	0.4001	0.4782	0.4153	0.4286	0.2437	0.105	11.58	
RNU2-2P	primary	chr11	62841757	A	T	chr11:62841757:A:T	n.53T>A	snv	0.1529	0.4001	0.4782	0.4153	0.4286	0.2437	0.105	11.26	
RNU2-2P	primary	chr11	62841758	C	A	chr11:62841758:C:A	n.52G>T	snv	0.1833	0.4808	0.6075	0.6938	0.5	0.2829	0.1852	11.86	
RNU2-2P	primary	chr11	62841758	CT	C	chr11:62841758:CT:C	n.51del	del	0.1842	0.4856	0.515	0.5212	0.5	0.31	0.105		
RNU2-2P	primary	chr11	62841758	C	CA	chr11:62841758:C:CA	n.51_52insT	ins	0.1842	0.4856	0.515	0.5212	0.5	0.31	0.105		
RNU2-2P	primary	chr11	62841758	C	CG	chr11:62841758:C:CG	n.51_52insC	ins	0.1842	0.4856	0.515	0.5212	0.5	0.31	0.105		
RNU2-2P	primary	chr11	62841758	C	CT	chr11:62841758:C:CT	n.50_51insA	ins	0.1282	0.3325	0.515	0.5212	0.5	0.2394	0.105		
RNU2-2P	primary	chr11	62841758	C	G	chr11:62841758:C:G	n.52G>C	snv	0.1833	0.4808	0.6075	0.6938	0.5	0.2829	0.1852	11.7	
RNU2-2P	primary	chr11	62841758	C	T	chr11:62841758:C:T	n.52G>A	snv	0.1833	0.4808	0.6075	0.6938	0.5	0.2829	0.1852	12.4	pathogenic
RNU2-2P	primary	chr11	62841759	T	A	chr11:62841759:T:A	n.51A>T	snv	0.1842	0.4856	0.515	0.5212	0.5	0.31	0.105	11.0	
RNU2-2P	primary	chr11	62841759	T	C	chr11:62841759:T:C	n.51A>G	snv	0.1842	0.4856	0.515	0.5212	0.5	0.31	0.105	11.69	
RNU2-2P	primary	chr11	62841759	T	G	chr11:62841759:T:G	n.51A>C	snv	0.1842	0.4856	0.515	0.5212	0.5	0.31	0.105	11.5	
RNU2-2P	primary	chr11	62841759	TG	T	chr11:62841759:TG:T	n.50del	del	0.134	0.3601	0.75	0.8529	0.5	0.2394	0.3456		
RNU2-2P	primary	chr11	62841759	T	TA	chr11:62841759:T:TA	n.50_51insT	ins	0.134	0.3601	0.75	0.8529	0.5	0.2394	0.3456		
RNU2-2P	primary	chr11	62841759	T	TC	chr11:62841759:T:TC	n.50_51insG	ins	0.134	0.3601	0.75	0.8529	0.5	0.2394	0.3456		
RNU2-2P	primary	chr11	62841759	T	TG	chr11:62841759:T:TG	n.49_50insC	ins	0.08463	0.2078	0.75	0.8529	0.5	0.1394	0.3456		
RNU2-2P	primary	chr11	62841760	G	A	chr11:62841760:G:A	n.50C>T	snv	0.134	0.3601	0.75	0.8529	0.5	0.2394	0.3456	12.55	pathogenic
RNU2-2P	primary	chr11	62841760	G	C	chr11:62841760:G:C	n.50C>G	snv	0.134	0.3601	0.75	0.8529	0.5	0.2394	0.3456	10.63	pathogenic
RNU2-2P	primary	chr11	62841760	GA	G	chr11:62841760:GA:G	n.49del	del	0.08141	0.2042	0.5576	0.6135	0.5	0.1394	0.1451		
RNU2-2P	primary	chr11	62841760	G	GA	chr11:62841760:G:GA	n.48_49insT	ins	0.1534	0.4053	0.4826	0.4261	0.3333	0.2567	0.1451		
RNU2-2P	primary	chr11	62841760	G	GC	chr11:62841760:G:GC	n.49_50insG	ins	0.08141	0.2042	0.5576	0.6135	0.5	0.1394	0.1451		
RNU2-2P	primary	chr11	62841760	G	GT	chr11:62841760:G:GT	n.49_50insA	ins	0.08141	0.2042	0.5576	0.6135	0.5	0.1394	0.1451		
RNU2-2P	primary	chr11	62841760	G	T	chr11:62841760:G:T	n.50C>A	snv	0.134	0.3601	0.75	0.8529	0.5	0.2394	0.3456	11.75	
RNU2-2P	primary	chr11	62841761	AT	A	chr11:62841761:AT:A	n.48del	del	0.1534	0.4053	0.4826	0.4261	0.3333	0.2567	0.1451		
RNU2-2P	primary	chr11	62841761	A	AC	chr11:62841761:A:AC	n.48_49insG	ins	0.1534	0.4053	0.4826	0.4261	0.3333	0.2567	0.1451		
RNU2-2P	primary	chr11	62841761	A	AG	chr11:62841761:A:AG	n.48_49insC	ins	0.1534	0.4053	0.4826	0.4261	0.3333	0.2567	0.1451		
RNU2-2P	primary	chr11	62841761	A	AT	chr11:62841761:A:AT	n.47_48insA	ins	0.5507	0.9492	0.5104	0.5048	0.4	0.6417	0.1451		
RNU2-2P	primary	chr11	62841761	A	C	chr11:62841761:A:C	n.49T>G	snv	0.08141	0.2042	0.5576	0.6135	0.5	0.1394	0.1451	9.461	
RNU2-2P	primary	chr11	62841761	A	G	chr11:62841761:A:G	n.49T>C	snv	0.08141	0.2042	0.5576	0.6135	0.5	0.1394	0.1451	10.7	pathogenic
RNU2-2P	primary	chr11	62841761	A	T	chr11:62841761:A:T	n.49T>A	snv	0.08141	0.2042	0.5576	0.6135	0.5	0.1394	0.1451	9.504	
RNU2-2P	primary	chr11	62841762	T	A	chr11:62841762:T:A	n.48A>T	snv	0.1534	0.4053	0.4826	0.4261	0.3333	0.2567	0.1451	13.0	
RNU2-2P	primary	chr11	62841762	T	C	chr11:62841762:T:C	n.48A>G	snv	0.1534	0.4053	0.4826	0.4261	0.3333	0.2567	0.1451	13.33	pathogenic
RNU2-2P	primary	chr11	62841762	T	G	chr11:62841762:T:G	n.48A>C	snv	0.1534	0.4053	0.4826	0.4261	0.3333	0.2567	0.1451	12.98	pathogenic
RNU2-2P	primary	chr11	62841762	TA	T	chr11:62841762:TA:T	n.46del	del	0.3949	0.8185	0.6707	0.7682	0.8333	0.566	0.1451		
RNU2-2P	primary	chr11	62841762	T	TA	chr11:62841762:T:TA	n.45_46insT	ins	0.4669	0.8873	0.5208	0.534	0.4286	0.6558	0.1451		
RNU2-2P	primary	chr11	62841762	T	TC	chr11:62841762:T:TC	n.47_48insG	ins	0.5507	0.9492	0.5104	0.5048	0.4	0.6417	0.1451		
RNU2-2P	primary	chr11	62841762	T	TG	chr11:62841762:T:TG	n.47_48insC	ins	0.5507	0.9492	0.5104	0.5048	0.4	0.6417	0.1451		
RNU2-2P	primary	chr11	62841763	A	AC	chr11:62841763:A:AC	n.46_47insG	ins	0.407	0.8253	0.8993	0.9892	0.8333	0.566	0.4459		
RNU2-2P	primary	chr11	62841763	A	AG	chr11:62841763:A:AG	n.46_47insC	ins	0.407	0.8253	0.8993	0.9892	0.8333	0.566	0.4459		
RNU2-2P	primary	chr11	62841763	A	AT	chr11:62841763:A:AT	n.46_47insA	ins	0.407	0.8253	0.8993	0.9892	0.8333	0.566	0.4459		
RNU2-2P	primary	chr11	62841763	A	C	chr11:62841763:A:C	n.47T>G	snv	0.5507	0.9492	0.5104	0.5048	0.4	0.6417	0.1451	9.627	
RNU2-2P	primary	chr11	62841763	A	G	chr11:62841763:A:G	n.47T>C	snv	0.5507	0.9492	0.5104	0.5048	0.4	0.6417	0.1451	10.4	
RNU2-2P	primary	chr11	62841763	A	T	chr11:62841763:A:T	n.47T>A	snv	0.5507	0.9492	0.5104	0.5048	0.4	0.6417	0.1451	9.609	
RNU2-2P	primary	chr11	62841764	AG	A	chr11:62841764:AG:A	n.45del	del	0.4589	0.8845	0.3757	0.2998	0.4286	0.6558	0.02485		
RNU2-2P	primary	chr11	62841764	A	AC	chr11:62841764:A:AC	n.45_46insG	ins	0.4589	0.8845	0.3757	0.2998	0.4286	0.6558	0.02485		
RNU2-2P	primary	chr11	62841764	A	AG	chr11:62841764:A:AG	n.44_45insC	ins	0.1957	0.5076	0.3757	0.2998	0.4286	0.36	0.02485		
RNU2-2P	primary	chr11	62841764	A	AT	chr11:62841764:A:AT	n.45_46insA	ins	0.4589	0.8845	0.3757	0.2998	0.4286	0.6558	0.02485		
RNU2-2P	primary	chr11	62841764	A	C	chr11:62841764:A:C	n.46T>G	snv	0.407	0.8253	0.8993	0.9892	0.8333	0.566	0.4459	12.2	pathogenic
RNU2-2P	primary	chr11	62841764	A	G	chr11:62841764:A:G	n.46T>C	snv	0.407	0.8253	0.8993	0.9892	0.8333	0.566	0.4459	12.13	
RNU2-2P	primary	chr11	62841764	A	T	chr11:62841764:A:T	n.46T>A	snv	0.407	0.8253	0.8993	0.9892	0.8333	0.566	0.4459	12.06	
RNU2-2P	primary	chr11	62841765	G	A	chr11:62841765:G:A	n.45C>T	snv	0.4589	0.8845	0.3757	0.2998	0.4286	0.6558	0.02485	9.132	pathogenic
RNU2-2P	primary	chr11	62841765	G	C	chr11:62841765:G:C	n.45C>G	snv	0.4589	0.8845	0.3757	0.2998	0.4286	0.6558	0.02485	7.897	pathogenic
RNU2-2P	primary	chr11	62841765	GA	G	chr11:62841765:GA:G	n.43del	del	0.3044	0.6843	0.6301	0.7338	0.1429	0.4286	0.4459		
RNU2-2P	primary	chr11	62841765	G	GA	chr11:62841765:G:GA	n.42_43insT	ins	0.4728	0.8929	0.8257	0.9221	0.5714	0.5755	0.4459		
RNU2-2P	primary	chr11	62841765	G	GC	chr11:62841765:G:GC	n.44_45insG	ins	0.209	0.5188	0.7494	0.8457	0.4286	0.36	0.4459		
RNU2-2P	primary	chr11	62841765	G	GT	chr11:62841765:G:GT	n.44_45insA	ins	0.209	0.5188	0.7494	0.8457	0.4286	0.36	0.4459		
RNU2-2P	primary	chr11	62841765	G	T	chr11:62841765:G:T	n.45C>A	snv	0.4589	0.8845	0.3757	0.2998	0.4286	0.6558	0.02485	8.294	
RNU2-2P	primary	chr11	62841766	A	AC	chr11:62841766:A:AC	n.43_44insG	ins	0.3044	0.6843	0.6301	0.7338	0.1429	0.4286	0.4459		
RNU2-2P	primary	chr11	62841766	A	AG	chr11:62841766:A:AG	n.43_44insC	ins	0.3044	0.6843	0.6301	0.7338	0.1429	0.4286	0.4459		
RNU2-2P	primary	chr11	62841766	A	AT	chr11:62841766:A:AT	n.43_44insA	ins	0.3044	0.6843	0.6301	0.7338	0.1429	0.4286	0.4459		
RNU2-2P	primary	chr11	62841766	A	C	chr11:62841766:A:C	n.44T>G	snv	0.209	0.5188	0.7494	0.8457	0.4286	0.36	0.4459	12.08	
RNU2-2P	primary	chr11	62841766	A	G	chr11:62841766:A:G	n.44T>C	snv	0.209	0.5188	0.7494	0.8457	0.4286	0.36	0.4459	12.33	pathogenic
RNU2-2P	primary	chr11	62841766	A	T	chr11:62841766:A:T	n.44T>A	snv	0.209	0.5188	0.7494	0.8457	0.4286	0.36	0.4459	12.05	
RNU2-2P	primary	chr11	62841767	AC	A	chr11:62841767:AC:A	n.42del	del	0.467	0.8901	0.7202	0.8213	0.5714	0.5755	0.2454		
RNU2-2P	primary	chr11	62841767	A	AC	chr11:62841767:A:AC	n.41_42insG	ins	0.5052	0.8993	0.7572	0.8633	0.7143	0.6796	0.2454		
RNU2-2P	primary	chr11	62841767	A	AG	chr11:62841767:A:AG	n.42_43insC	ins	0.467	0.8901	0.7202	0.8213	0.5714	0.5755	0.2454		
RNU2-2P	primary	chr11	62841767	A	AT	chr11:62841767:A:AT	n.42_43insA	ins	0.467	0.8901	0.7202	0.8213	0.5714	0.5755	0.2454		
RNU2-2P	primary	chr11	62841767	A	C	chr11:62841767:A:C	n.43T>G	snv	0.3044	0.6843	0.6301	0.7338	0.1429	0.4286	0.4459	12.16	pathogenic
RNU2-2P	primary	chr11	62841767	A	G	chr11:62841767:A:G	n.43T>C	snv	0.3044	0.6843	0.6301	0.7338	0.1429	0.4286	0.4459	12.58	pathogenic
RNU2-2P	primary	chr11	62841767	A	T	chr11:62841767:A:T	n.43T>A	snv	0.3044	0.6843	0.6301	0.7338	0.1429	0.4286	0.4459	12.4	
RNU2-2P	primary	chr11	62841768	C	A	chr11:62841768:C:A	n.42G>T	snv	0.467	0.8901	0.7202	0.8213	0.5714	0.5755	0.2454	8.997	
RNU2-2P	primary	chr11	62841768	CA	C	chr11:62841768:CA:C	n.41del	del	0.511	0.9069	0.8627	0.954	0.7143	0.6796	0.4459		
RNU2-2P	primary	chr11	62841768	C	CA	chr11:62841768:C:CA	n.40_41insT	ins	0.5023	0.8985	0.8257	0.9221	0.5714	0.6071	0.4459		pathogenic
RNU2-2P	primary	chr11	62841768	C	CG	chr11:62841768:C:CG	n.41_42insC	ins	0.511	0.9069	0.8627	0.954	0.7143	0.6796	0.4459		
RNU2-2P	primary	chr11	62841768	C	CT	chr11:62841768:C:CT	n.41_42insA	ins	0.511	0.9069	0.8627	0.954	0.7143	0.6796	0.4459		
RNU2-2P	primary	chr11	62841768	C	G	chr11:62841768:C:G	n.42G>C	snv	0.467	0.8901	0.7202	0.8213	0.5714	0.5755	0.2454	8.639	
RNU2-2P	primary	chr11	62841768	C	T	chr11:62841768:C:T	n.42G>A	snv	0.467	0.8901	0.7202	0.8213	0.5714	0.5755	0.2454	9.874	pathogenic
RNU2-2P	primary	chr11	62841769	AG	A	chr11:62841769:AG:A	n.40del	del	0.4845	0.8957	0.5014	0.4912	0.5714	0.6071	0.06495		
RNU2-2P	primary	chr11	62841769	A	AC	chr11:62841769:A:AC	n.40_41insG	ins	0.4845	0.8957	0.5014	0.4912	0.5714	0.6071	0.06495		
RNU2-2P	primary	chr11	62841769	A	AG	chr11:62841769:A:AG	n.39_40insC	ins	0.4268	0.8449	0.5014	0.4912	0.5714	0.553	0.06495		
RNU2-2P	primary	chr11	62841769	A	AT	chr11:62841769:A:AT	n.40_41insA	ins	0.4845	0.8957	0.5014	0.4912	0.5714	0.6071	0.06495		
RNU2-2P	primary	chr11	62841769	A	C	chr11:62841769:A:C	n.41T>G	snv	0.511	0.9069	0.8627	0.954	0.7143	0.6796	0.4459	12.1	
RNU2-2P	primary	chr11	62841769	A	G	chr11:62841769:A:G	n.41T>C	snv	0.511	0.9069	0.8627	0.954	0.7143	0.6796	0.4459	12.45	
RNU2-2P	primary	chr11	62841769	A	T	chr11:62841769:A:T	n.41T>A	snv	0.511	0.9069	0.8627	0.954	0.7143	0.6796	0.4459	11.81	pathogenic
RNU2-2P	primary	chr11	62841770	G	A	chr11:62841770:G:A	n.40C>T	snv	0.4845	0.8957	0.5014	0.4912	0.5714	0.6071	0.06495	8.856	pathogenic
RNU2-2P	primary	chr11	62841770	G	C	chr11:62841770:G:C	n.40C>G	snv	0.4845	0.8957	0.5014	0.4912	0.5714	0.6071	0.06495	7.769	pathogenic
RNU2-2P	primary	chr11	62841770	GA	G	chr11:62841770:GA:G	n.39del	del	0.4403	0.8741	0.7512	0.8605	0.5714	0.553	0.3055		
RNU2-2P	primary	chr11	62841770	G	GA	chr11:62841770:G:GA	n.38_39insT	ins	0.4546	0.8817	0.7882	0.8817	0.7143	0.6256	0.3055		
RNU2-2P	primary	chr11	62841770	G	GC	chr11:62841770:G:GC	n.39_40insG	ins	0.4403	0.8741	0.7512	0.8605	0.5714	0.553	0.3055		
RNU2-2P	primary	chr11	62841770	G	GT	chr11:62841770:G:GT	n.39_40insA	ins	0.4403	0.8741	0.7512	0.8605	0.5714	0.553	0.3055		
RNU2-2P	primary	chr11	62841770	G	T	chr11:62841770:G:T	n.40C>A	snv	0.4845	0.8957	0.5014	0.4912	0.5714	0.6071	0.06495	8.271	
RNU2-2P	primary	chr11	62841771	AT	A	chr11:62841771:AT:A	n.38del	del	0.441	0.8789	0.5384	0.5639	0.7143	0.6256	0.06495		
RNU2-2P	primary	chr11	62841771	A	AC	chr11:62841771:A:AC	n.38_39insG	ins	0.441	0.8789	0.5384	0.5639	0.7143	0.6256	0.06495		
RNU2-2P	primary	chr11	62841771	A	AG	chr11:62841771:A:AG	n.38_39insC	ins	0.441	0.8789	0.5384	0.5639	0.7143	0.6256	0.06495		
RNU2-2P	primary	chr11	62841771	A	AT	chr11:62841771:A:AT	n.37_38insA	ins	0.331	0.7394	0.5749	0.6371	0.8333	0.8762	0.06495		
RNU2-2P	primary	chr11	62841771	A	C	chr11:62841771:A:C	n.39T>G	snv	0.4403	0.8741	0.7512	0.8605	0.5714	0.553	0.3055	11.96	pathogenic
RNU2-2P	primary	chr11	62841771	A	G	chr11:62841771:A:G	n.39T>C	snv	0.4403	0.8741	0.7512	0.8605	0.5714	0.553	0.3055	12.53	pathogenic
RNU2-2P	primary	chr11	62841771	A	T	chr11:62841771:A:T	n.39T>A	snv	0.4403	0.8741	0.7512	0.8605	0.5714	0.553	0.3055	12.0	
RNU2-2P	primary	chr11	62841772	T	A	chr11:62841772:T:A	n.38A>T	snv	0.441	0.8789	0.5384	0.5639	0.7143	0.6256	0.06495	6.606	
RNU2-2P	primary	chr11	62841772	T	C	chr11:62841772:T:C	n.38A>G	snv	0.441	0.8789	0.5384	0.5639	0.7143	0.6256	0.06495	7.622	
RNU2-2P	primary	chr11	62841772	T	G	chr11:62841772:T:G	n.38A>C	snv	0.441	0.8789	0.5384	0.5639	0.7143	0.6256	0.06495	6.846	
RNU2-2P	primary	chr11	62841772	TA	T	chr11:62841772:TA:T	n.37del	del	0.3417	0.743	0.7938	0.8869	0.8333	0.8762	0.2454		
RNU2-2P	primary	chr11	62841772	T	TA	chr11:62841772:T:TA	n.36_37insT	ins	0.3649	0.7738	0.8351	0.9412	1.0	0.9583	0.2454		
RNU2-2P	primary	chr11	62841772	T	TC	chr11:62841772:T:TC	n.37_38insG	ins	0.3417	0.743	0.7938	0.8869	0.8333	0.8762	0.2454		
RNU2-2P	primary	chr11	62841772	T	TG	chr11:62841772:T:TG	n.37_38insC	ins	0.3417	0.743	0.7938	0.8869	0.8333	0.8762	0.2454		
RNU2-2P	primary	chr11	62841773	AC	A	chr11:62841773:AC:A	n.36del	del	0.3587	0.755	0.712	0.7962	1.0	0.9583	0.1451		
RNU2-2P	primary	chr11	62841773	A	AC	chr11:62841773:A:AC	n.35_36insG	ins	0.3867	0.8177	0.712	0.7962	1.0	1.0	0.1451		
RNU2-2P	primary	chr11	62841773	A	AG	chr11:62841773:A:AG	n.36_37insC	ins	0.3587	0.755	0.712	0.7962	1.0	0.9583	0.1451		
RNU2-2P	primary	chr11	62841773	A	AT	chr11:62841773:A:AT	n.36_37insA	ins	0.3587	0.755	0.712	0.7962	1.0	0.9583	0.1451		
RNU2-2P	primary	chr11	62841773	A	C	chr11:62841773:A:C	n.37T>G	snv	0.3417	0.743	0.7938	0.8869	0.8333	0.8762	0.2454	12.21	pathogenic
RNU2-2P	primary	chr11	62841773	A	G	chr11:62841773:A:G	n.37T>C	snv	0.3417	0.743	0.7938	0.8869	0.8333	0.8762	0.2454	12.82	
RNU2-2P	primary	chr11	62841773	A	T	chr11:62841773:A:T	n.37T>A	snv	0.3417	0.743	0.7938	0.8869	0.8333	0.8762	0.2454	12.1	
RNU2-2P	primary	chr11	62841774	C	A	chr11:62841774:C:A	n.36G>T	snv	0.3587	0.755	0.712	0.7962	1.0	0.9583	0.1451	5.761	
RNU2-2P	primary	chr11	62841774	CT	C	chr11:62841774:CT:C	n.35del	del	0.3834	0.8102	0.6479	0.7498	1.0	1.0	0.085		
RNU2-2P	primary	chr11	62841774	C	CA	chr11:62841774:C:CA	n.35_36insT	ins	0.3834	0.8102	0.6479	0.7498	1.0	1.0	0.085		
RNU2-2P	primary	chr11	62841774	C	CG	chr11:62841774:C:CG	n.35_36insC	ins	0.3834	0.8102	0.6479	0.7498	1.0	1.0	0.085		
RNU2-2P	primary	chr11	62841774	C	CT	chr11:62841774:C:CT	n.34_35insA	ins	0.3482	0.7466	0.6479	0.7498	1.0	0.9333	0.085		
RNU2-2P	primary	chr11	62841774	C	G	chr11:62841774:C:G	n.36G>C	snv	0.3587	0.755	0.712	0.7962	1.0	0.9583	0.1451	5.892	
RNU2-2P	primary	chr11	62841774	C	T	chr11:62841774:C:T	n.36G>A	snv	0.3587	0.755	0.712	0.7962	1.0	0.9583	0.1451	6.689	pathogenic
RNU2-2P	primary	chr11	62841775	T	A	chr11:62841775:T:A	n.35A>T	snv	0.3834	0.8102	0.6479	0.7498	1.0	1.0	0.085	10.64	
RNU2-2P	primary	chr11	62841775	T	C	chr11:62841775:T:C	n.35A>G	snv	0.3834	0.8102	0.6479	0.7498	1.0	1.0	0.085	11.47	pathogenic
RNU2-2P	primary	chr11	62841775	T	G	chr11:62841775:T:G	n.35A>C	snv	0.3834	0.8102	0.6479	0.7498	1.0	1.0	0.085	10.91	pathogenic
RNU2-2P	primary	chr11	62841775	TA	T	chr11:62841775:TA:T	n.34del	del	0.3603	0.7598	0.8873	0.972	1.0	0.9333	0.3256		
RNU2-2P	primary	chr11	62841775	T	TA	chr11:62841775:T:TA	n.33_34insT	ins	0.3194	0.7202	0.8459	0.9448	0.8333	0.7429	0.3256		
RNU2-2P	primary	chr11	62841775	T	TC	chr11:62841775:T:TC	n.34_35insG	ins	0.3603	0.7598	0.8873	0.972	1.0	0.9333	0.3256		
RNU2-2P	primary	chr11	62841775	T	TG	chr11:62841775:T:TG	n.34_35insC	ins	0.3603	0.7598	0.8873	0.972	1.0	0.9333	0.3256		
RNU2-2P	primary	chr11	62841776	AC	A	chr11:62841776:AC:A	n.33del	del	0.3091	0.6998	0.6281	0.7262	0.8333	0.7429	0.105		
RNU2-2P	primary	chr11	62841776	A	AC	chr11:62841776:A:AC	n.32_33insG	ins	0.2275	0.562	0.44	0.3805	0.3333	0.5754	0.105		
RNU2-2P	primary	chr11	62841776	A	AG	chr11:62841776:A:AG	n.33_34insC	ins	0.3091	0.6998	0.6281	0.7262	0.8333	0.7429	0.105		
RNU2-2P	primary	chr11	62841776	A	AT	chr11:62841776:A:AT	n.33_34insA	ins	0.3091	0.6998	0.6281	0.7262	0.8333	0.7429	0.105		
RNU2-2P	primary	chr11	62841776	A	C	chr11:62841776:A:C	n.34T>G	snv	0.3603	0.7598	0.8873	0.972	1.0	0.9333	0.3256	12.37	
RNU2-2P	primary	chr11	62841776	A	G	chr11:62841776:A:G	n.34T>C	snv	0.3603	0.7598	0.8873	0.972	1.0	0.9333	0.3256	13.03	
RNU2-2P	primary	chr11	62841776	A	T	chr11:62841776:A:T	n.34T>A	snv	0.3603	0.7598	0.8873	0.972	1.0	0.9333	0.3256	12.31	
RNU2-2P	primary	chr11	62841777	C	A	chr11:62841777:C:A	n.33G>T	snv	0.3091	0.6998	0.6281	0.7262	0.8333	0.7429	0.105	10.82	
RNU2-2P	primary	chr11	62841777	CA	C	chr11:62841777:CA:C	n.32del	del	0.2329	0.5703	0.5801	0.6531	0.3333	0.5754	0.2253		
RNU2-2P	primary	chr11	62841777	C	CA	chr11:62841777:C:CA	n.31_32insT	ins	0.2408	0.5827	0.5326	0.5612	0.2	0.5701	0.2253		
RNU2-2P	primary	chr11	62841777	C	CG	chr11:62841777:C:CG	n.32_33insC	ins	0.2329	0.5703	0.5801	0.6531	0.3333	0.5754	0.2253		
RNU2-2P	primary	chr11	62841777	C	CT	chr11:62841777:C:CT	n.32_33insA	ins	0.2329	0.5703	0.5801	0.6531	0.3333	0.5754	0.2253		
RNU2-2P	primary	chr11	62841777	C	G	chr11:62841777:C:G	n.33G>C	snv	0.3091	0.6998	0.6281	0.7262	0.8333	0.7429	0.105	10.4	
RNU2-2P	primary	chr11	62841777	C	T	chr11:62841777:C:T	n.33G>A	snv	0.3091	0.6998	0.6281	0.7262	0.8333	0.7429	0.105	11.54	
RNU2-2P	primary	chr11	62841778	AC	A	chr11:62841778:AC:A	n.31del	del	0.2452	0.5903	0.6409	0.739	0.2	0.5701	0.3657		
RNU2-2P	primary	chr11	62841778	A	AC	chr11:62841778:A:AC	n.30_31insG	ins	0.2628	0.6219	0.8573	0.9456	0.8	0.6027	0.3657		
RNU2-2P	primary	chr11	62841778	A	AG	chr11:62841778:A:AG	n.31_32insC	ins	0.2452	0.5903	0.6409	0.739	0.2	0.5701	0.3657		
RNU2-2P	primary	chr11	62841778	A	AT	chr11:62841778:A:AT	n.31_32insA	ins	0.2452	0.5903	0.6409	0.739	0.2	0.5701	0.3657		
RNU2-2P	primary	chr11	62841778	A	C	chr11:62841778:A:C	n.32T>G	snv	0.2329	0.5703	0.5801	0.6531	0.3333	0.5754	0.2253	10.4	pathogenic
RNU2-2P	primary	chr11	62841778	A	G	chr11:62841778:A:G	n.32T>C	snv	0.2329	0.5703	0.5801	0.6531	0.3333	0.5754	0.2253	10.27	pathogenic
RNU2-2P	primary	chr11	62841778	A	T	chr11:62841778:A:T	n.32T>A	snv	0.2329	0.5703	0.5801	0.6531	0.3333	0.5754	0.2253	9.275	
RNU2-2P	primary	chr11	62841779	C	A	chr11:62841779:C:A	n.31G>T	snv	0.2452	0.5903	0.6409	0.739	0.2	0.5701	0.3657	13.0	
RNU2-2P	primary	chr11	62841779	CT	C	chr11:62841779:CT:C	n.29del	del	0.5277	0.9241	0.7746	0.8717	0.8	0.698	0.2454		
RNU2-2P	primary	chr11	62841779	C	CA	chr11:62841779:C:CA	n.30_31insT	ins	0.2593	0.6107	0.7746	0.8717	0.8	0.6027	0.2454		
RNU2-2P	primary	chr11	62841779	C	CG	chr11:62841779:C:CG	n.30_31insC	ins	0.2593	0.6107	0.7746	0.8717	0.8	0.6027	0.2454		
RNU2-2P	primary	chr11	62841779	C	CT	chr11:62841779:C:CT	n.28_29insA	ins	0.5988	0.9672	0.7746	0.8717	0.8	0.751	0.2454		
RNU2-2P	primary	chr11	62841779	C	G	chr11:62841779:C:G	n.31G>C	snv	0.2452	0.5903	0.6409	0.739	0.2	0.5701	0.3657	12.77	
RNU2-2P	primary	chr11	62841779	C	T	chr11:62841779:C:T	n.31G>A	snv	0.2452	0.5903	0.6409	0.739	0.2	0.5701	0.3657	13.55	pathogenic
RNU2-2P	primary	chr11	62841780	T	A	chr11:62841780:T:A	n.30A>T	snv	0.2593	0.6107	0.7746	0.8717	0.8	0.6027	0.2454	11.12	
RNU2-2P	primary	chr11	62841780	T	C	chr11:62841780:T:C	n.30A>G	snv	0.2593	0.6107	0.7746	0.8717	0.8	0.6027	0.2454	11.92	pathogenic
RNU2-2P	primary	chr11	62841780	T	G	chr11:62841780:T:G	n.30A>C	snv	0.2593	0.6107	0.7746	0.8717	0.8	0.6027	0.2454	11.26	
RNU2-2P	primary	chr11	62841780	T	TA	chr11:62841780:T:TA	n.29_30insT	ins	0.5194	0.9205	0.6237	0.7214	0.8	0.698	0.1251		
RNU2-2P	primary	chr11	62841780	T	TC	chr11:62841780:T:TC	n.29_30insG	ins	0.5194	0.9205	0.6237	0.7214	0.8	0.698	0.1251		
RNU2-2P	primary	chr11	62841780	T	TG	chr11:62841780:T:TG	n.29_30insC	ins	0.5194	0.9205	0.6237	0.7214	0.8	0.698	0.1251		
RNU2-2P	primary	chr11	62841781	T	A	chr11:62841781:T:A	n.29A>T	snv	0.5194	0.9205	0.6237	0.7214	0.8	0.698	0.1251	11.02	
RNU2-2P	primary	chr11	62841781	T	C	chr11:62841781:T:C	n.29A>G	snv	0.5194	0.9205	0.6237	0.7214	0.8	0.698	0.1251	10.26	
RNU2-2P	primary	chr11	62841781	T	G	chr11:62841781:T:G	n.29A>C	snv	0.5194	0.9205	0.6237	0.7214	0.8	0.698	0.1251	10.5	
RNU2-2P	primary	chr11	62841781	TG	T	chr11:62841781:TG:T	n.28del	del	0.5846	0.9636	0.5064	0.4992	0.8	0.751	0.02485		
RNU2-2P	primary	chr11	62841781	T	TA	chr11:62841781:T:TA	n.28_29insT	ins	0.5846	0.9636	0.5064	0.4992	0.8	0.751	0.02485		
RNU2-2P	primary	chr11	62841781	T	TC	chr11:62841781:T:TC	n.28_29insG	ins	0.5846	0.9636	0.5064	0.4992	0.8	0.751	0.02485		
RNU2-2P	primary	chr11	62841781	T	TG	chr11:62841781:T:TG	n.27_28insC	ins	0.5307	0.9257	0.29	0.2014	0.2	0.6551	0.02485		
RNU2-2P	primary	chr11	62841782	G	A	chr11:62841782:G:A	n.28C>T	snv	0.5846	0.9636	0.5064	0.4992	0.8	0.751	0.02485	9.957	pathogenic
RNU2-2P	primary	chr11	62841782	G	C	chr11:62841782:G:C	n.28C>G	snv	0.5846	0.9636	0.5064	0.4992	0.8	0.751	0.02485	8.338	pathogenic
RNU2-2P	primary	chr11	62841782	GA	G	chr11:62841782:GA:G	n.27del	del	0.5454	0.9404	0.5582	0.6239	0.2	0.6551	0.2454		
RNU2-2P	primary	chr11	62841782	G	GA	chr11:62841782:G:GA	n.26_27insT	ins	0.5363	0.9305	0.7326	0.8265	0.6	0.7282	0.2454		
RNU2-2P	primary	chr11	62841782	G	GC	chr11:62841782:G:GC	n.27_28insG	ins	0.5454	0.9404	0.5582	0.6239	0.2	0.6551	0.2454		
RNU2-2P	primary	chr11	62841782	G	GT	chr11:62841782:G:GT	n.27_28insA	ins	0.5454	0.9404	0.5582	0.6239	0.2	0.6551	0.2454		
RNU2-2P	primary	chr11	62841782	G	T	chr11:62841782:G:T	n.28C>A	snv	0.5846	0.9636	0.5064	0.4992	0.8	0.751	0.02485	9.082	
RNU2-2P	primary	chr11	62841783	AT	A	chr11:62841783:AT:A	n.26del	del	0.5363	0.9305	0.7326	0.8265	0.6	0.7282	0.2454		
RNU2-2P	primary	chr11	62841783	A	AC	chr11:62841783:A:AC	n.26_27insG	ins	0.5363	0.9305	0.7326	0.8265	0.6	0.7282	0.2454		
RNU2-2P	primary	chr11	62841783	A	AG	chr11:62841783:A:AG	n.26_27insC	ins	0.5363	0.9305	0.7326	0.8265	0.6	0.7282	0.2454		
RNU2-2P	primary	chr11	62841783	A	AT	chr11:62841783:A:AT	n.25_26insA	ins	0.5198	0.9233	0.7746	0.8717	0.8	0.7155	0.2454		
RNU2-2P	primary	chr11	62841783	A	C	chr11:62841783:A:C	n.27T>G	snv	0.5454	0.9404	0.5582	0.6239	0.2	0.6551	0.2454	12.48	
RNU2-2P	primary	chr11	62841783	A	G	chr11:62841783:A:G	n.27T>C	snv	0.5454	0.9404	0.5582	0.6239	0.2	0.6551	0.2454	12.85	
RNU2-2P	primary	chr11	62841783	A	T	chr11:62841783:A:T	n.27T>A	snv	0.5454	0.9404	0.5582	0.6239	0.2	0.6551	0.2454	12.48	
RNU2-2P	primary	chr11	62841784	T	A	chr11:62841784:T:A	n.26A>T	snv	0.5363	0.9305	0.7326	0.8265	0.6	0.7282	0.2454	12.72	
RNU2-2P	primary	chr11	62841784	T	C	chr11:62841784:T:C	n.26A>G	snv	0.5363	0.9305	0.7326	0.8265	0.6	0.7282	0.2454	13.11	pathogenic
RNU2-2P	primary	chr11	62841784	T	G	chr11:62841784:T:G	n.26A>C	snv	0.5363	0.9305	0.7326	0.8265	0.6	0.7282	0.2454	12.67	pathogenic
RNU2-2P	primary	chr11	62841784	TC	T	chr11:62841784:TC:T	n.25del	del	0.5095	0.9021	0.5873	0.6607	0.8	0.7155	0.085		
RNU2-2P	primary	chr11	62841784	T	TA	chr11:62841784:T:TA	n.25_26insT	ins	0.5095	0.9021	0.5873	0.6607	0.8	0.7155	0.085		
RNU2-2P	primary	chr11	62841784	T	TC	chr11:62841784:T:TC	n.24_25insG	ins	0.3175	0.7138	0.6479	0.7498	1.0	0.74	0.085		
RNU2-2P	primary	chr11	62841784	T	TG	chr11:62841784:T:TG	n.25_26insC	ins	0.5095	0.9021	0.5873	0.6607	0.8	0.7155	0.085		
RNU2-2P	primary	chr11	62841785	C	A	chr11:62841785:C:A	n.25G>T	snv	0.5095	0.9021	0.5873	0.6607	0.8	0.7155	0.085	9.953	
RNU2-2P	primary	chr11	62841785	CT	C	chr11:62841785:CT:C	n.23del	del	0.6186	0.9848	0.749	0.8429	0.8	0.7071	0.2253		
RNU2-2P	primary	chr11	62841785	C	CA	chr11:62841785:C:CA	n.24_25insT	ins	0.3253	0.737	0.8096	0.9125	1.0	0.74	0.2253		
RNU2-2P	primary	chr11	62841785	C	CG	chr11:62841785:C:CG	n.24_25insC	ins	0.3253	0.737	0.8096	0.9125	1.0	0.74	0.2253		
RNU2-2P	primary	chr11	62841785	C	CT	chr11:62841785:C:CT	n.22_23insA	ins	0.6077	0.9688	0.749	0.8429	0.8	0.7071	0.2253		
RNU2-2P	primary	chr11	62841785	C	G	chr11:62841785:C:G	n.25G>C	snv	0.5095	0.9021	0.5873	0.6607	0.8	0.7155	0.085	9.213	
RNU2-2P	primary	chr11	62841785	C	T	chr11:62841785:C:T	n.25G>A	snv	0.5095	0.9021	0.5873	0.6607	0.8	0.7155	0.085	10.41	pathogenic
RNU2-2P	primary	chr11	62841786	T	A	chr11:62841786:T:A	n.24A>T	snv	0.3253	0.737	0.8096	0.9125	1.0	0.74	0.2253	10.06	
RNU2-2P	primary	chr11	62841786	T	C	chr11:62841786:T:C	n.24A>G	snv	0.3253	0.737	0.8096	0.9125	1.0	0.74	0.2253	10.9	pathogenic
RNU2-2P	primary	chr11	62841786	T	G	chr11:62841786:T:G	n.24A>C	snv	0.3253	0.737	0.8096	0.9125	1.0	0.74	0.2253	10.33	
RNU2-2P	primary	chr11	62841786	T	TA	chr11:62841786:T:TA	n.23_24insT	ins	0.6226	0.9876	0.8267	0.9281	0.8	0.7071	0.3256		
RNU2-2P	primary	chr11	62841786	T	TC	chr11:62841786:T:TC	n.23_24insG	ins	0.6226	0.9876	0.8267	0.9281	0.8	0.7071	0.3256		
RNU2-2P	primary	chr11	62841786	T	TG	chr11:62841786:T:TG	n.23_24insC	ins	0.6226	0.9876	0.8267	0.9281	0.8	0.7071	0.3256		
RNU2-2P	primary	chr11	62841787	T	A	chr11:62841787:T:A	n.23A>T	snv	0.6226	0.9876	0.8267	0.9281	0.8	0.7071	0.3256	12.4	
RNU2-2P	primary	chr11	62841787	T	C	chr11:62841787:T:C	n.23A>G	snv	0.6226	0.9876	0.8267	0.9281	0.8	0.7071	0.3256	12.37	pathogenic
RNU2-2P	primary	chr11	62841787	T	G	chr11:62841787:T:G	n.23A>C	snv	0.6226	0.9876	0.8267	0.9281	0.8	0.7071	0.3256	12.01	
RNU2-2P	primary	chr11	62841787	TA	T	chr11:62841787:TA:T	n.22del	del	0.6118	0.9716	0.8267	0.9281	0.8	0.7071	0.3256		
RNU2-2P	primary	chr11	62841787	T	TA	chr11:62841787:T:TA	n.21_22insT	ins	0.5926	0.9664	0.8267	0.9281	0.8	0.6808	0.3256		
RNU2-2P	primary	chr11	62841787	T	TC	chr11:62841787:T:TC	n.22_23insG	ins	0.6118	0.9716	0.8267	0.9281	0.8	0.7071	0.3256		
RNU2-2P	primary	chr11	62841787	T	TG	chr11:62841787:T:TG	n.22_23insC	ins	0.6118	0.9716	0.8267	0.9281	0.8	0.7071	0.3256		
RNU2-2P	primary	chr11	62841788	AG	A	chr11:62841788:AG:A	n.21del	del	0.5781	0.9588	0.5558	0.6031	0.8	0.6808	0.06495		pathogenic
RNU2-2P	primary	chr11	62841788	A	AC	chr11:62841788:A:AC	n.21_22insG	ins	0.5781	0.9588	0.5558	0.6031	0.8	0.6808	0.06495		
RNU2-2P	primary	chr11	62841788	AGCCA	ACCC	chr11:62841788:AGCCA:ACCC		complex	0.6448	0.9956	0.5268	0.5356	0.6667	0.7393	0.06495		pathogenic
RNU2-2P	primary	chr11	62841788	A	AG	chr11:62841788:A:AG	n.20_21insC	ins	0.5717	0.954	0.5558	0.6031	0.8	0.6465	0.06495		pathogenic
RNU2-2P	primary	chr11	62841788	A	AT	chr11:62841788:A:AT	n.21_22insA	ins	0.5781	0.9588	0.5558	0.6031	0.8	0.6808	0.06495		
RNU2-2P	primary	chr11	62841788	A	C	chr11:62841788:A:C	n.22T>G	snv	0.6118	0.9716	0.8267	0.9281	0.8	0.7071	0.3256	12.32	
RNU2-2P	primary	chr11	62841788	A	G	chr11:62841788:A:G	n.22T>C	snv	0.6118	0.9716	0.8267	0.9281	0.8	0.7071	0.3256	12.64	
RNU2-2P	primary	chr11	62841788	A	T	chr11:62841788:A:T	n.22T>A	snv	0.6118	0.9716	0.8267	0.9281	0.8	0.7071	0.3256	12.17	
RNU2-2P	primary	chr11	62841789	G	A	chr11:62841789:G:A	n.21C>T	snv	0.5781	0.9588	0.5558	0.6031	0.8	0.6808	0.06495	8.278	
RNU2-2P	primary	chr11	62841789	G	C	chr11:62841789:G:C	n.21C>G	snv	0.5781	0.9588	0.5558	0.6031	0.8	0.6808	0.06495	8.521	
RNU2-2P	primary	chr11	62841789	GC	G	chr11:62841789:GC:G	n.19del	del	0.6058	0.968	0.5138	0.518	0.6	0.659	0.06495		
RNU2-2P	primary	chr11	62841789	G	GA	chr11:62841789:G:GA	n.20_21insT	ins	0.5717	0.954	0.5558	0.6031	0.8	0.6465	0.06495		
RNU2-2P	primary	chr11	62841789	G	GC	chr11:62841789:G:GC	n.18_19insG	ins	0.6448	0.9956	0.5268	0.5356	0.6667	0.7393	0.06495		
RNU2-2P	primary	chr11	62841789	G	GT	chr11:62841789:G:GT	n.20_21insA	ins	0.5717	0.954	0.5558	0.6031	0.8	0.6465	0.06495		
RNU2-2P	primary	chr11	62841789	G	T	chr11:62841789:G:T	n.21C>A	snv	0.5781	0.9588	0.5558	0.6031	0.8	0.6808	0.06495	7.108	
RNU2-2P	primary	chr11	62841790	C	A	chr11:62841790:C:A	n.20G>T	snv	0.5717	0.954	0.5558	0.6031	0.8	0.6465	0.06495	11.85	
RNU2-2P	primary	chr11	62841790	C	CA	chr11:62841790:C:CA	n.19_20insT	ins	0.6181	0.982	0.75	0.8529	0.6	0.659	0.2654		
RNU2-2P	primary	chr11	62841790	C	CG	chr11:62841790:C:CG	n.19_20insC	ins	0.6181	0.982	0.75	0.8529	0.6	0.659	0.2654		
RNU2-2P	primary	chr11	62841790	C	CT	chr11:62841790:C:CT	n.19_20insA	ins	0.6181	0.982	0.75	0.8529	0.6	0.659	0.2654		
RNU2-2P	primary	chr11	62841790	C	G	chr11:62841790:C:G	n.20G>C	snv	0.5717	0.954	0.5558	0.6031	0.8	0.6465	0.06495	11.41	
RNU2-2P	primary	chr11	62841790	C	T	chr11:62841790:C:T	n.20G>A	snv	0.5717	0.954	0.5558	0.6031	0.8	0.6465	0.06495	12.11	pathogenic
RNU2-2P	primary	chr11	62841791	C	A	chr11:62841791:C:A	n.19G>T	snv	0.6181	0.982	0.75	0.8529	0.6	0.659	0.2654	12.08	
RNU2-2P	primary	chr11	62841791	CA	C	chr11:62841791:CA:C	n.15del	del	0.614	0.9744	0.8873	0.972	1.0	0.7917	0.3256		
RNU2-2P	primary	chr11	62841791	C	CA	chr11:62841791:C:CA	n.14_15insT	ins	0.5308	0.9265	0.6857	0.785	0.4	0.6357	0.3256		
RNU2-2P	primary	chr11	62841791	C	CG	chr11:62841791:C:CG	n.18_19insC	ins	0.6583	0.9984	0.7978	0.8937	0.6667	0.7393	0.3256		
RNU2-2P	primary	chr11	62841791	C	CT	chr11:62841791:C:CT	n.18_19insA	ins	0.6583	0.9984	0.7978	0.8937	0.6667	0.7393	0.3256		
RNU2-2P	primary	chr11	62841791	C	G	chr11:62841791:C:G	n.19G>C	snv	0.6181	0.982	0.75	0.8529	0.6	0.659	0.2654	11.61	
RNU2-2P	primary	chr11	62841791	C	T	chr11:62841791:C:T	n.19G>A	snv	0.6181	0.982	0.75	0.8529	0.6	0.659	0.2654	13.12	pathogenic
RNU2-2P	primary	chr11	62841792	A	AC	chr11:62841792:A:AC	n.17_18insG	ins	0.6418	0.9924	0.8096	0.9125	1.0	0.7523	0.2253		
RNU2-2P	primary	chr11	62841792	A	AG	chr11:62841792:A:AG	n.17_18insC	ins	0.6418	0.9924	0.8096	0.9125	1.0	0.7523	0.2253		
RNU2-2P	primary	chr11	62841792	A	AT	chr11:62841792:A:AT	n.17_18insA	ins	0.6418	0.9924	0.8096	0.9125	1.0	0.7523	0.2253		
RNU2-2P	primary	chr11	62841792	A	C	chr11:62841792:A:C	n.18T>G	snv	0.6583	0.9984	0.7978	0.8937	0.6667	0.7393	0.3256	13.2	pathogenic
RNU2-2P	primary	chr11	62841792	A	G	chr11:62841792:A:G	n.18T>C	snv	0.6583	0.9984	0.7978	0.8937	0.6667	0.7393	0.3256	13.26	
RNU2-2P	primary	chr11	62841792	A	T	chr11:62841792:A:T	n.18T>A	snv	0.6583	0.9984	0.7978	0.8937	0.6667	0.7393	0.3256	13.55	
RNU2-2P	primary	chr11	62841793	A	AC	chr11:62841793:A:AC	n.16_17insG	ins	0.5127	0.9117	0.8873	0.972	1.0	0.6029	0.3256		
RNU2-2P	primary	chr11	62841793	A	AG	chr11:62841793:A:AG	n.16_17insC	ins	0.5127	0.9117	0.8873	0.972	1.0	0.6029	0.3256		
RNU2-2P	primary	chr11	62841793	A	AT	chr11:62841793:A:AT	n.16_17insA	ins	0.5127	0.9117	0.8873	0.972	1.0	0.6029	0.3256		
RNU2-2P	primary	chr11	62841793	A	C	chr11:62841793:A:C	n.17T>G	snv	0.6418	0.9924	0.8096	0.9125	1.0	0.7523	0.2253	11.74	
RNU2-2P	primary	chr11	62841793	A	G	chr11:62841793:A:G	n.17T>C	snv	0.6418	0.9924	0.8096	0.9125	1.0	0.7523	0.2253	12.43	
RNU2-2P	primary	chr11	62841793	A	T	chr11:62841793:A:T	n.17T>A	snv	0.6418	0.9924	0.8096	0.9125	1.0	0.7523	0.2253	11.71	
RNU2-2P	primary	chr11	62841794	A	AC	chr11:62841794:A:AC	n.15_16insG	ins	0.6176	0.9772	0.9566	0.998	1.0	0.7917	0.4659		
RNU2-2P	primary	chr11	62841794	A	AG	chr11:62841794:A:AG	n.15_16insC	ins	0.6176	0.9772	0.9566	0.998	1.0	0.7917	0.4659		
RNU2-2P	primary	chr11	62841794	A	AT	chr11:62841794:A:AT	n.15_16insA	ins	0.6176	0.9772	0.9566	0.998	1.0	0.7917	0.4659		
RNU2-2P	primary	chr11	62841794	A	C	chr11:62841794:A:C	n.16T>G	snv	0.5127	0.9117	0.8873	0.972	1.0	0.6029	0.3256	12.95	
RNU2-2P	primary	chr11	62841794	A	G	chr11:62841794:A:G	n.16T>C	snv	0.5127	0.9117	0.8873	0.972	1.0	0.6029	0.3256	13.12	
RNU2-2P	primary	chr11	62841794	A	T	chr11:62841794:A:T	n.16T>A	snv	0.5127	0.9117	0.8873	0.972	1.0	0.6029	0.3256	13.0	
RNU2-2P	primary	chr11	62841795	AG	A	chr11:62841795:AG:A	n.13del	del	0.5318	0.9273	0.3869	0.3054	0.3333	0.488	0.06495		
RNU2-2P	primary	chr11	62841795	A	AC	chr11:62841795:A:AC	n.14_15insG	ins	0.5159	0.9161	0.4147	0.3621	0.4	0.6357	0.06495		
RNU2-2P	primary	chr11	62841795	A	AG	chr11:62841795:A:AG	n.12_13insC	ins	0.5295	0.9249	0.4618	0.3949	0.5	0.4479	0.06495		
RNU2-2P	primary	chr11	62841795	A	AT	chr11:62841795:A:AT	n.14_15insA	ins	0.5159	0.9161	0.4147	0.3621	0.4	0.6357	0.06495		
RNU2-2P	primary	chr11	62841795	A	C	chr11:62841795:A:C	n.15T>G	snv	0.6176	0.9772	0.9566	0.998	1.0	0.7917	0.4659	12.87	
RNU2-2P	primary	chr11	62841795	A	G	chr11:62841795:A:G	n.15T>C	snv	0.6176	0.9772	0.9566	0.998	1.0	0.7917	0.4659	13.28	
RNU2-2P	primary	chr11	62841795	A	T	chr11:62841795:A:T	n.15T>A	snv	0.6176	0.9772	0.9566	0.998	1.0	0.7917	0.4659	12.73	
RNU2-2P	primary	chr11	62841796	G	A	chr11:62841796:G:A	n.14C>T	snv	0.5159	0.9161	0.4147	0.3621	0.4	0.6357	0.06495	13.35	
RNU2-2P	primary	chr11	62841796	G	C	chr11:62841796:G:C	n.14C>G	snv	0.5159	0.9161	0.4147	0.3621	0.4	0.6357	0.06495	12.67	
RNU2-2P	primary	chr11	62841796	G	GA	chr11:62841796:G:GA	n.13_14insT	ins	0.5371	0.9357	0.4826	0.4261	0.3333	0.488	0.1451		
RNU2-2P	primary	chr11	62841796	G	GC	chr11:62841796:G:GC	n.13_14insG	ins	0.5371	0.9357	0.4826	0.4261	0.3333	0.488	0.1451		
RNU2-2P	primary	chr11	62841796	G	GT	chr11:62841796:G:GT	n.13_14insA	ins	0.5371	0.9357	0.4826	0.4261	0.3333	0.488	0.1451		
RNU2-2P	primary	chr11	62841796	G	T	chr11:62841796:G:T	n.14C>A	snv	0.5159	0.9161	0.4147	0.3621	0.4	0.6357	0.06495	12.85	
RNU2-2P	primary	chr11	62841797	G	A	chr11:62841797:G:A	n.13C>T	snv	0.5371	0.9357	0.4826	0.4261	0.3333	0.488	0.1451	11.97	pathogenic
RNU2-2P	primary	chr11	62841797	G	C	chr11:62841797:G:C	n.13C>G	snv	0.5371	0.9357	0.4826	0.4261	0.3333	0.488	0.1451	11.02	
RNU2-2P	primary	chr11	62841797	GC	G	chr11:62841797:GC:G	n.11del	del	0.4363	0.8689	0.7162	0.8062	0.4	0.3552	0.3657		
RNU2-2P	primary	chr11	62841797	G	GA	chr11:62841797:G:GA	n.12_13insT	ins	0.546	0.9448	0.7634	0.8665	0.5	0.4479	0.3657		
RNU2-2P	primary	chr11	62841797	G	GC	chr11:62841797:G:GC	n.10_11insG	ins	0.3823	0.8074	0.8153	0.9205	0.6	0.3321	0.3657		
RNU2-2P	primary	chr11	62841797	G	GT	chr11:62841797:G:GT	n.12_13insA	ins	0.546	0.9448	0.7634	0.8665	0.5	0.4479	0.3657		
RNU2-2P	primary	chr11	62841797	G	T	chr11:62841797:G:T	n.13C>A	snv	0.5371	0.9357	0.4826	0.4261	0.3333	0.488	0.1451	10.5	pathogenic
RNU2-2P	primary	chr11	62841798	C	A	chr11:62841798:C:A	n.12G>T	snv	0.546	0.9448	0.7634	0.8665	0.5	0.4479	0.3657	13.33	
RNU2-2P	primary	chr11	62841798	C	CA	chr11:62841798:C:CA	n.11_12insT	ins	0.4363	0.8689	0.7162	0.8062	0.4	0.3552	0.3657		
RNU2-2P	primary	chr11	62841798	C	CG	chr11:62841798:C:CG	n.11_12insC	ins	0.4363	0.8689	0.7162	0.8062	0.4	0.3552	0.3657		
RNU2-2P	primary	chr11	62841798	C	CT	chr11:62841798:C:CT	n.11_12insA	ins	0.4363	0.8689	0.7162	0.8062	0.4	0.3552	0.3657		
RNU2-2P	primary	chr11	62841798	C	G	chr11:62841798:C:G	n.12G>C	snv	0.546	0.9448	0.7634	0.8665	0.5	0.4479	0.3657	13.83	
RNU2-2P	primary	chr11	62841798	C	T	chr11:62841798:C:T	n.12G>A	snv	0.546	0.9448	0.7634	0.8665	0.5	0.4479	0.3657	13.66	pathogenic
RNU2-2P	primary	chr11	62841799	C	A	chr11:62841799:C:A	n.11G>T	snv	0.4363	0.8689	0.7162	0.8062	0.4	0.3552	0.3657	13.62	
RNU2-2P	primary	chr11	62841799	CG	C	chr11:62841799:CG:C	n.10del	del	0.3743	0.7878	0.6595	0.7614	0.6	0.3321	0.1852		
RNU2-2P	primary	chr11	62841799	C	CA	chr11:62841799:C:CA	n.10_11insT	ins	0.3743	0.7878	0.6595	0.7614	0.6	0.3321	0.1852		
RNU2-2P	primary	chr11	62841799	C	CG	chr11:62841799:C:CG	n.9_10insC	ins	0.4206	0.8377	0.5604	0.6291	0.4	0.3612	0.1852		
RNU2-2P	primary	chr11	62841799	C	CT	chr11:62841799:C:CT	n.10_11insA	ins	0.3743	0.7878	0.6595	0.7614	0.6	0.3321	0.1852		
RNU2-2P	primary	chr11	62841799	C	G	chr11:62841799:C:G	n.11G>C	snv	0.4363	0.8689	0.7162	0.8062	0.4	0.3552	0.3657	13.55	
RNU2-2P	primary	chr11	62841799	C	T	chr11:62841799:C:T	n.11G>A	snv	0.4363	0.8689	0.7162	0.8062	0.4	0.3552	0.3657	14.4	
RNU2-2P	primary	chr11	62841800	G	A	chr11:62841800:G:A	n.10C>T	snv	0.3743	0.7878	0.6595	0.7614	0.6	0.3321	0.1852	10.51	
RNU2-2P	primary	chr11	62841800	G	C	chr11:62841800:G:C	n.10C>G	snv	0.3743	0.7878	0.6595	0.7614	0.6	0.3321	0.1852	9.118	
RNU2-2P	primary	chr11	62841800	GA	G	chr11:62841800:GA:G	n.9del	del	0.4289	0.8485	0.7162	0.8062	0.4	0.3612	0.3657		
RNU2-2P	primary	chr11	62841800	G	GA	chr11:62841800:G:GA	n.8_9insT	ins	0.3423	0.7458	0.8153	0.9205	0.6	0.2725	0.3657		
RNU2-2P	primary	chr11	62841800	G	GC	chr11:62841800:G:GC	n.9_10insG	ins	0.4289	0.8485	0.7162	0.8062	0.4	0.3612	0.3657		
RNU2-2P	primary	chr11	62841800	G	GT	chr11:62841800:G:GT	n.9_10insA	ins	0.4289	0.8485	0.7162	0.8062	0.4	0.3612	0.3657		
RNU2-2P	primary	chr11	62841800	G	T	chr11:62841800:G:T	n.10C>A	snv	0.3743	0.7878	0.6595	0.7614	0.6	0.3321	0.1852	9.511	
RNU2-2P	primary	chr11	62841801	AG	A	chr11:62841801:AG:A	n.8del	del	0.3251	0.7278	0.4644	0.4001	0.6	0.2725	0.02485		
RNU2-2P	primary	chr11	62841801	A	AC	chr11:62841801:A:AC	n.8_9insG	ins	0.3251	0.7278	0.4644	0.4001	0.6	0.2725	0.02485		
RNU2-2P	primary	chr11	62841801	A	AG	chr11:62841801:A:AG	n.7_8insC	ins	0.303	0.6755	0.3653	0.2862	0.4	0.2601	0.02485		
RNU2-2P	primary	chr11	62841801	A	AT	chr11:62841801:A:AT	n.8_9insA	ins	0.3251	0.7278	0.4644	0.4001	0.6	0.2725	0.02485		
RNU2-2P	primary	chr11	62841801	A	C	chr11:62841801:A:C	n.9T>G	snv	0.4289	0.8485	0.7162	0.8062	0.4	0.3612	0.3657	11.31	
RNU2-2P	primary	chr11	62841801	A	G	chr11:62841801:A:G	n.9T>C	snv	0.4289	0.8485	0.7162	0.8062	0.4	0.3612	0.3657	11.58	
RNU2-2P	primary	chr11	62841801	A	T	chr11:62841801:A:T	n.9T>A	snv	0.4289	0.8485	0.7162	0.8062	0.4	0.3612	0.3657	11.12	
RNU2-2P	primary	chr11	62841802	G	A	chr11:62841802:G:A	n.8C>T	snv	0.3251	0.7278	0.4644	0.4001	0.6	0.2725	0.02485	8.271	pathogenic
RNU2-2P	primary	chr11	62841802	G	C	chr11:62841802:G:C	n.8C>G	snv	0.3251	0.7278	0.4644	0.4001	0.6	0.2725	0.02485	7.333	
RNU2-2P	primary	chr11	62841802	GA	G	chr11:62841802:GA:G	n.6del	del	0.3509	0.7498	0.5284	0.5404	0.0	0.2872	0.3657		
RNU2-2P	primary	chr11	62841802	G	GA	chr11:62841802:G:GA	n.5_6insT	ins	0.3189	0.7194	0.5284	0.5404	0.0	0.2564	0.3657		
RNU2-2P	primary	chr11	62841802	G	GC	chr11:62841802:G:GC	n.7_8insG	ins	0.3196	0.7226	0.7162	0.8062	0.4	0.2601	0.3657		
RNU2-2P	primary	chr11	62841802	G	GT	chr11:62841802:G:GT	n.7_8insA	ins	0.3196	0.7226	0.7162	0.8062	0.4	0.2601	0.3657		pathogenic
RNU2-2P	primary	chr11	62841802	G	T	chr11:62841802:G:T	n.8C>A	snv	0.3251	0.7278	0.4644	0.4001	0.6	0.2725	0.02485	7.392	
RNU2-2P	primary	chr11	62841803	A	AC	chr11:62841803:A:AC	n.6_7insG	ins	0.3509	0.7498	0.5284	0.5404	0.0	0.2872	0.3657		
RNU2-2P	primary	chr11	62841803	A	AG	chr11:62841803:A:AG	n.6_7insC	ins	0.3509	0.7498	0.5284	0.5404	0.0	0.2872	0.3657		
RNU2-2P	primary	chr11	62841803	A	AT	chr11:62841803:A:AT	n.6_7insA	ins	0.3509	0.7498	0.5284	0.5404	0.0	0.2872	0.3657		
RNU2-2P	primary	chr11	62841803	A	C	chr11:62841803:A:C	n.7T>G	snv	0.3196	0.7226	0.7162	0.8062	0.4	0.2601	0.3657	10.45	
RNU2-2P	primary	chr11	62841803	A	G	chr11:62841803:A:G	n.7T>C	snv	0.3196	0.7226	0.7162	0.8062	0.4	0.2601	0.3657	10.77	
RNU2-2P	primary	chr11	62841803	A	T	chr11:62841803:A:T	n.7T>A	snv	0.3196	0.7226	0.7162	0.8062	0.4	0.2601	0.3657	10.35	
RNU2-2P	primary	chr11	62841804	AG	A	chr11:62841804:AG:A	n.5del	del	0.3078	0.6942	0.2948	0.2146	0.0	0.2564	0.1251		
RNU2-2P	primary	chr11	62841804	A	AC	chr11:62841804:A:AC	n.5_6insG	ins	0.3078	0.6942	0.2948	0.2146	0.0	0.2564	0.1251		
RNU2-2P	primary	chr11	62841804	A	AG	chr11:62841804:A:AG	n.4_5insC	ins	0.2721	0.6379	0.2948	0.2146	0.0	0.2313	0.1251		
RNU2-2P	primary	chr11	62841804	A	AT	chr11:62841804:A:AT	n.5_6insA	ins	0.3078	0.6942	0.2948	0.2146	0.0	0.2564	0.1251		
RNU2-2P	primary	chr11	62841804	A	C	chr11:62841804:A:C	n.6T>G	snv	0.3509	0.7498	0.5284	0.5404	0.0	0.2872	0.3657	12.59	
RNU2-2P	primary	chr11	62841804	A	G	chr11:62841804:A:G	n.6T>C	snv	0.3509	0.7498	0.5284	0.5404	0.0	0.2872	0.3657	12.73	pathogenic
RNU2-2P	primary	chr11	62841804	A	T	chr11:62841804:A:T	n.6T>A	snv	0.3509	0.7498	0.5284	0.5404	0.0	0.2872	0.3657	12.29	
RNU2-2P	primary	chr11	62841805	G	A	chr11:62841805:G:A	n.5C>T	snv	0.3078	0.6942	0.2948	0.2146	0.0	0.2564	0.1251	11.23	pathogenic
RNU2-2P	primary	chr11	62841805	G	C	chr11:62841805:G:C	n.5C>G	snv	0.3078	0.6942	0.2948	0.2146	0.0	0.2564	0.1251	10.17	
RNU2-2P	primary	chr11	62841805	GC	G	chr11:62841805:GC:G	n.4del	del	0.2755	0.6455	0.3725	0.2918	0.0	0.2313	0.1852		
RNU2-2P	primary	chr11	62841805	G	GA	chr11:62841805:G:GA	n.4_5insT	ins	0.2755	0.6455	0.3725	0.2918	0.0	0.2313	0.1852		
RNU2-2P	primary	chr11	62841805	G	GC	chr11:62841805:G:GC	n.3_4insG	ins	0.2623	0.6211	0.485	0.4349	0.2	0.1545	0.1852		
RNU2-2P	primary	chr11	62841805	G	GT	chr11:62841805:G:GT	n.4_5insA	ins	0.2755	0.6455	0.3725	0.2918	0.0	0.2313	0.1852		
RNU2-2P	primary	chr11	62841805	G	T	chr11:62841805:G:T	n.5C>A	snv	0.3078	0.6942	0.2948	0.2146	0.0	0.2564	0.1251	10.04	pathogenic
RNU2-2P	primary	chr11	62841806	C	A	chr11:62841806:C:A	n.4G>T	snv	0.2755	0.6455	0.3725	0.2918	0.0	0.2313	0.1852	11.53	
RNU2-2P	primary	chr11	62841806	CG	C	chr11:62841806:CG:C	n.3del	del	0.2662	0.6295	0.5755	0.6399	0.2	0.1545	0.2654		
RNU2-2P	primary	chr11	62841806	C	CA	chr11:62841806:C:CA	n.3_4insT	ins	0.2662	0.6295	0.5755	0.6399	0.2	0.1545	0.2654		
RNU2-2P	primary	chr11	62841806	C	CG	chr11:62841806:C:CG	n.2_3insC	ins	0.3105	0.7082	0.763	0.8641	0.6667	0.2606	0.2654		
RNU2-2P	primary	chr11	62841806	C	CT	chr11:62841806:C:CT	n.3_4insA	ins	0.2662	0.6295	0.5755	0.6399	0.2	0.1545	0.2654		
RNU2-2P	primary	chr11	62841806	C	G	chr11:62841806:C:G	n.4G>C	snv	0.2755	0.6455	0.3725	0.2918	0.0	0.2313	0.1852	11.6	
RNU2-2P	primary	chr11	62841806	C	T	chr11:62841806:C:T	n.4G>A	snv	0.2755	0.6455	0.3725	0.2918	0.0	0.2313	0.1852	11.76	pathogenic
RNU2-2P	primary	chr11	62841807	G	A	chr11:62841807:G:A	n.3C>T	snv	0.2662	0.6295	0.5755	0.6399	0.2	0.1545	0.2654	10.75	pathogenic
RNU2-2P	primary	chr11	62841807	G	C	chr11:62841807:G:C	n.3C>G	snv	0.2662	0.6295	0.5755	0.6399	0.2	0.1545	0.2654	8.893	
RNU2-2P	primary	chr11	62841807	GA	G	chr11:62841807:GA:G	n.2del	del	0.3039	0.6783	0.6225	0.7162	0.6667	0.2606	0.1451		
RNU2-2P	primary	chr11	62841807	G	GA	chr11:62841807:G:GA	n.1_2insT	ins	0.3749	0.7906	0.6225	0.7162	0.6667	0.3333	0.1451		
RNU2-2P	primary	chr11	62841807	G	GC	chr11:62841807:G:GC	n.2_3insG	ins	0.3039	0.6783	0.6225	0.7162	0.6667	0.2606	0.1451		
RNU2-2P	primary	chr11	62841807	G	GT	chr11:62841807:G:GT	n.2_3insA	ins	0.3039	0.6783	0.6225	0.7162	0.6667	0.2606	0.1451		
RNU2-2P	primary	chr11	62841807	G	T	chr11:62841807:G:T	n.3C>A	snv	0.2662	0.6295	0.5755	0.6399	0.2	0.1545	0.2654	11.39	pathogenic
RNU2-2P	primary	chr11	62841808	AT	A	chr11:62841808:AT:A	n.1del	del	0.3799	0.7938	0.72	0.8161	0.6667	0.3333	0.2253		
RNU2-2P	primary	chr11	62841808	A	AC	chr11:62841808:A:AC	n.1_2insG	ins	0.3799	0.7938	0.72	0.8161	0.6667	0.3333	0.2253		
RNU2-2P	primary	chr11	62841808	A	AG	chr11:62841808:A:AG	n.1_2insC	ins	0.3799	0.7938	0.72	0.8161	0.6667	0.3333	0.2253		
RNU2-2P	primary	chr11	62841808	A	AT	chr11:62841808:A:AT	n.1_2insA	ins	0.3799	0.7938	0.72	0.8161	0.6667	0.3333	0.2253		
RNU2-2P	primary	chr11	62841808	A	C	chr11:62841808:A:C	n.2T>G	snv	0.3039	0.6783	0.6225	0.7162	0.6667	0.2606	0.1451	7.212	
RNU2-2P	primary	chr11	62841808	A	G	chr11:62841808:A:G	n.2T>C	snv	0.3039	0.6783	0.6225	0.7162	0.6667	0.2606	0.1451	7.718	
RNU2-2P	primary	chr11	62841808	A	T	chr11:62841808:A:T	n.2T>A	snv	0.3039	0.6783	0.6225	0.7162	0.6667	0.2606	0.1451	7.956	
RNU2-2P	primary	chr11	62841809	T	A	chr11:62841809:T:A	n.1A>T	snv	0.3799	0.7938	0.72	0.8161	0.6667	0.3333	0.2253	9.966	
RNU2-2P	primary	chr11	62841809	T	C	chr11:62841809:T:C	n.1A>G	snv	0.3799	0.7938	0.72	0.8161	0.6667	0.3333	0.2253	10.6	
RNU2-2P	primary	chr11	62841809	T	G	chr11:62841809:T:G	n.1A>C	snv	0.3799	0.7938	0.72	0.8161	0.6667	0.3333	0.2253	10.05	
RNU5A-1	secondary	chr15	65296052	TA	T	chr15:65296052:TA:T	n.3del	del	0.09596	0.2379	0.1209	0.08716	0.0	0.3143	-0.7344		
RNU5A-1	secondary	chr15	65296053	AC	A	chr15:65296053:AC:A	n.4del	del	0.1048	0.2693	0.2375	0.1743	0.0	0.33	0.08076		
RNU5A-1	secondary	chr15	65296053	A	AC	chr15:65296053:A:AC	n.3_4insC	ins	0.09821	0.2529	0.2375	0.1743	0.0	0.3143	0.08076		
RNU5A-1	secondary	chr15	65296053	A	AG	chr15:65296053:A:AG	n.3_4insG	ins	0.09821	0.2529	0.2375	0.1743	0.0	0.3143	0.08076		
RNU5A-1	secondary	chr15	65296053	A	AT	chr15:65296053:A:AT	n.3_4insT	ins	0.09821	0.2529	0.2375	0.1743	0.0	0.3143	0.08076		
RNU5A-1	secondary	chr15	65296053	A	C	chr15:65296053:A:C	n.3A>C	snv	0.09596	0.2379	0.1209	0.08716	0.0	0.3143	-0.7344	8.939	
RNU5A-1	secondary	chr15	65296053	A	G	chr15:65296053:A:G	n.3A>G	snv	0.09596	0.2379	0.1209	0.08716	0.0	0.3143	-0.7344	9.35	
RNU5A-1	secondary	chr15	65296053	A	T	chr15:65296053:A:T	n.3A>T	snv	0.09596	0.2379	0.1209	0.08716	0.0	0.3143	-0.7344	8.907	
RNU5A-1	secondary	chr15	65296054	C	A	chr15:65296054:C:A	n.4C>A	snv	0.1048	0.2693	0.2375	0.1743	0.0	0.33	0.08076	16.56	
RNU5A-1	secondary	chr15	65296054	CT	C	chr15:65296054:CT:C	n.5del	del	0.09811	0.2484	0.3942	0.3565	0.6	0.3818	-0.00504		
RNU5A-1	secondary	chr15	65296054	C	CA	chr15:65296054:C:CA	n.4_5insA	ins	0.1039	0.2647	0.1923	0.1284	0.0	0.33	-0.00504		
RNU5A-1	secondary	chr15	65296054	C	CG	chr15:65296054:C:CG	n.4_5insG	ins	0.1039	0.2647	0.1923	0.1284	0.0	0.33	-0.00504		
RNU5A-1	secondary	chr15	65296054	C	CT	chr15:65296054:C:CT	n.4_5insT	ins	0.1039	0.2647	0.1923	0.1284	0.0	0.33	-0.00504		
RNU5A-1	secondary	chr15	65296054	C	G	chr15:65296054:C:G	n.4C>G	snv	0.1048	0.2693	0.2375	0.1743	0.0	0.33	0.08076	16.84	
RNU5A-1	secondary	chr15	65296054	C	T	chr15:65296054:C:T	n.4C>T	snv	0.1048	0.2693	0.2375	0.1743	0.0	0.33	0.08076	16.79	
RNU5A-1	secondary	chr15	65296055	T	A	chr15:65296055:T:A	n.5T>A	snv	0.09811	0.2484	0.3942	0.3565	0.6	0.3818	-0.00504	14.56	
RNU5A-1	secondary	chr15	65296055	T	C	chr15:65296055:T:C	n.5T>C	snv	0.09811	0.2484	0.3942	0.3565	0.6	0.3818	-0.00504	14.88	
RNU5A-1	secondary	chr15	65296055	T	G	chr15:65296055:T:G	n.5T>G	snv	0.09811	0.2484	0.3942	0.3565	0.6	0.3818	-0.00504	14.64	
RNU5A-1	secondary	chr15	65296055	TC	T	chr15:65296055:TC:T	n.6del	del	0.1395	0.3925	0.4394	0.3853	0.6	0.4833	0.08076		
RNU5A-1	secondary	chr15	65296055	T	TA	chr15:65296055:T:TA	n.5_6insA	ins	0.09899	0.2569	0.4394	0.3853	0.6	0.3818	0.08076		
RNU5A-1	secondary	chr15	65296055	T	TC	chr15:65296055:T:TC	n.5_6insC	ins	0.09899	0.2569	0.4394	0.3853	0.6	0.3818	0.08076		
RNU5A-1	secondary	chr15	65296055	T	TG	chr15:65296055:T:TG	n.5_6insG	ins	0.09899	0.2569	0.4394	0.3853	0.6	0.3818	0.08076		
RNU5A-1	secondary	chr15	65296056	C	A	chr15:65296056:C:A	n.6C>A	snv	0.1395	0.3925	0.4394	0.3853	0.6	0.4833	0.08076	14.21	
RNU5A-1	secondary	chr15	65296056	CT	C	chr15:65296056:CT:C	n.7del	del	0.162	0.462	0.5616	0.5524	0.8	0.5375	0.1451		
RNU5A-1	secondary	chr15	65296056	C	CA	chr15:65296056:C:CA	n.6_7insA	ins	0.1404	0.401	0.4725	0.4128	0.6	0.4833	0.1451		
RNU5A-1	secondary	chr15	65296056	C	CG	chr15:65296056:C:CG	n.6_7insG	ins	0.1404	0.401	0.4725	0.4128	0.6	0.4833	0.1451		
RNU5A-1	secondary	chr15	65296056	C	CT	chr15:65296056:C:CT	n.6_7insT	ins	0.1404	0.401	0.4725	0.4128	0.6	0.4833	0.1451		
RNU5A-1	secondary	chr15	65296056	C	G	chr15:65296056:C:G	n.6C>G	snv	0.1395	0.3925	0.4394	0.3853	0.6	0.4833	0.08076	14.18	
RNU5A-1	secondary	chr15	65296056	C	T	chr15:65296056:C:T	n.6C>T	snv	0.1395	0.3925	0.4394	0.3853	0.6	0.4833	0.08076	14.67	
RNU5A-1	secondary	chr15	65296057	T	A	chr15:65296057:T:A	n.7T>A	snv	0.162	0.462	0.5616	0.5524	0.8	0.5375	0.1451	14.27	
RNU5A-1	secondary	chr15	65296057	T	C	chr15:65296057:T:C	n.7T>C	snv	0.162	0.462	0.5616	0.5524	0.8	0.5375	0.1451	14.48	
RNU5A-1	secondary	chr15	65296057	T	G	chr15:65296057:T:G	n.7T>G	snv	0.162	0.462	0.5616	0.5524	0.8	0.5375	0.1451	14.55	
RNU5A-1	secondary	chr15	65296057	TG	T	chr15:65296057:TG:T	n.8del	del	0.1113	0.2851	0.3231	0.2746	0.375	0.3176	0.03786		
RNU5A-1	secondary	chr15	65296057	T	TA	chr15:65296057:T:TA	n.7_8insA	ins	0.1604	0.4482	0.5085	0.4862	0.8	0.5375	0.03786		
RNU5A-1	secondary	chr15	65296057	T	TC	chr15:65296057:T:TC	n.7_8insC	ins	0.1604	0.4482	0.5085	0.4862	0.8	0.5375	0.03786		
RNU5A-1	secondary	chr15	65296057	T	TG	chr15:65296057:T:TG	n.7_8insG	ins	0.1604	0.4482	0.5085	0.4862	0.8	0.5375	0.03786		
RNU5A-1	secondary	chr15	65296058	G	A	chr15:65296058:G:A	n.8G>A	snv	0.1113	0.2851	0.3231	0.2746	0.375	0.3176	0.03786	14.02	
RNU5A-1	secondary	chr15	65296058	G	C	chr15:65296058:G:C	n.8G>C	snv	0.1113	0.2851	0.3231	0.2746	0.375	0.3176	0.03786	12.52	
RNU5A-1	secondary	chr15	65296058	G	GA	chr15:65296058:G:GA	n.8_9insA	ins	0.1143	0.2936	0.4571	0.405	0.375	0.3176	0.3596		
RNU5A-1	secondary	chr15	65296058	G	GC	chr15:65296058:G:GC	n.8_9insC	ins	0.1143	0.2936	0.4571	0.405	0.375	0.3176	0.3596		
RNU5A-1	secondary	chr15	65296058	G	GT	chr15:65296058:G:GT	n.8_9insT	ins	0.1143	0.2936	0.4571	0.405	0.375	0.3176	0.3596		
RNU5A-1	secondary	chr15	65296058	G	T	chr15:65296058:G:T	n.8G>T	snv	0.1113	0.2851	0.3231	0.2746	0.375	0.3176	0.03786	13.13	
RNU5A-1	secondary	chr15	65296059	G	A	chr15:65296059:G:A	n.9G>A	snv	0.05956	0.0616	0.3516	0.3159	0.0	0.1185	0.3596	17.72	
RNU5A-1	secondary	chr15	65296059	G	C	chr15:65296059:G:C	n.9G>C	snv	0.05956	0.0616	0.3516	0.3159	0.0	0.1185	0.3596	17.45	
RNU5A-1	secondary	chr15	65296059	GT	G	chr15:65296059:GT:G	n.10del	del	0.06679	0.1107	0.3702	0.3244	0.2222	0.1589	0.188		
RNU5A-1	secondary	chr15	65296059	G	GA	chr15:65296059:G:GA	n.9_10insA	ins	0.05887	0.05374	0.2949	0.2484	0.0	0.1185	0.188		
RNU5A-1	secondary	chr15	65296059	G	GC	chr15:65296059:G:GC	n.9_10insC	ins	0.05887	0.05374	0.2949	0.2484	0.0	0.1185	0.188		
RNU5A-1	secondary	chr15	65296059	G	GT	chr15:65296059:G:GT	n.9_10insT	ins	0.05887	0.05374	0.2949	0.2484	0.0	0.1185	0.188		
RNU5A-1	secondary	chr15	65296059	G	T	chr15:65296059:G:T	n.9G>T	snv	0.05956	0.0616	0.3516	0.3159	0.0	0.1185	0.3596	16.7	
RNU5A-1	secondary	chr15	65296060	T	A	chr15:65296060:T:A	n.10T>A	snv	0.06679	0.1107	0.3702	0.3244	0.2222	0.1589	0.188	17.15	
RNU5A-1	secondary	chr15	65296060	T	C	chr15:65296060:T:C	n.10T>C	snv	0.06679	0.1107	0.3702	0.3244	0.2222	0.1589	0.188	17.29	
RNU5A-1	secondary	chr15	65296060	T	G	chr15:65296060:T:G	n.10T>G	snv	0.06679	0.1107	0.3702	0.3244	0.2222	0.1589	0.188	16.21	
RNU5A-1	secondary	chr15	65296060	T	TA	chr15:65296060:T:TA	n.10_11insA	ins	0.06966	0.1298	0.5754	0.5767	0.2222	0.1589	0.6385		
RNU5A-1	secondary	chr15	65296060	T	TC	chr15:65296060:T:TC	n.10_11insC	ins	0.06966	0.1298	0.5754	0.5767	0.2222	0.1589	0.6385		
RNU5A-1	secondary	chr15	65296060	T	TG	chr15:65296060:T:TG	n.10_11insG	ins	0.06966	0.1298	0.5754	0.5767	0.2222	0.1589	0.6385		
RNU5A-1	secondary	chr15	65296061	T	A	chr15:65296061:T:A	n.11T>A	snv	0.07732	0.1606	0.825	0.9155	0.8889	0.2043	0.6385	17.2	
RNU5A-1	secondary	chr15	65296061	T	C	chr15:65296061:T:C	n.11T>C	snv	0.07732	0.1606	0.825	0.9155	0.8889	0.2043	0.6385	17.34	
RNU5A-1	secondary	chr15	65296061	T	G	chr15:65296061:T:G	n.11T>G	snv	0.07732	0.1606	0.825	0.9155	0.8889	0.2043	0.6385	17.28	
RNU5A-1	secondary	chr15	65296061	T	TA	chr15:65296061:T:TA	n.11_12insA	ins	0.07732	0.1606	0.825	0.9155	0.8889	0.2043	0.6385		
RNU5A-1	secondary	chr15	65296061	T	TC	chr15:65296061:T:TC	n.11_12insC	ins	0.07732	0.1606	0.825	0.9155	0.8889	0.2043	0.6385		
RNU5A-1	secondary	chr15	65296061	T	TG	chr15:65296061:T:TG	n.11_12insG	ins	0.07732	0.1606	0.825	0.9155	0.8889	0.2043	0.6385		
RNU5A-1	secondary	chr15	65296062	T	A	chr15:65296062:T:A	n.12T>A	snv	0.1255	0.3486	0.9007	0.9718	1.0	0.3957	0.6385	17.33	
RNU5A-1	secondary	chr15	65296062	T	C	chr15:65296062:T:C	n.12T>C	snv	0.1255	0.3486	0.9007	0.9718	1.0	0.3957	0.6385	17.42	
RNU5A-1	secondary	chr15	65296062	T	G	chr15:65296062:T:G	n.12T>G	snv	0.1255	0.3486	0.9007	0.9718	1.0	0.3957	0.6385	17.31	
RNU5A-1	secondary	chr15	65296062	TC	T	chr15:65296062:TC:T	n.13del	del	0.161	0.4528	0.5957	0.6075	0.8889	0.5913	0.1451		
RNU5A-1	secondary	chr15	65296062	T	TA	chr15:65296062:T:TA	n.12_13insA	ins	0.1201	0.3211	0.6714	0.7208	1.0	0.3957	0.1451		
RNU5A-1	secondary	chr15	65296062	T	TC	chr15:65296062:T:TC	n.12_13insC	ins	0.1201	0.3211	0.6714	0.7208	1.0	0.3957	0.1451		
RNU5A-1	secondary	chr15	65296062	T	TG	chr15:65296062:T:TG	n.12_13insG	ins	0.1201	0.3211	0.6714	0.7208	1.0	0.3957	0.1451		
RNU5A-1	secondary	chr15	65296063	C	A	chr15:65296063:C:A	n.13C>A	snv	0.161	0.4528	0.5957	0.6075	0.8889	0.5913	0.1451	15.86	
RNU5A-1	secondary	chr15	65296063	CT	C	chr15:65296063:CT:C	n.14del	del	0.1568	0.424	0.7284	0.7949	1.0	0.5905	0.2953		
RNU5A-1	secondary	chr15	65296063	C	CA	chr15:65296063:C:CA	n.13_14insA	ins	0.1627	0.4666	0.6527	0.6717	0.8889	0.5913	0.2953		
RNU5A-1	secondary	chr15	65296063	C	CG	chr15:65296063:C:CG	n.13_14insG	ins	0.1627	0.4666	0.6527	0.6717	0.8889	0.5913	0.2953		
RNU5A-1	secondary	chr15	65296063	C	CT	chr15:65296063:C:CT	n.13_14insT	ins	0.1627	0.4666	0.6527	0.6717	0.8889	0.5913	0.2953		
RNU5A-1	secondary	chr15	65296063	C	G	chr15:65296063:C:G	n.13C>G	snv	0.161	0.4528	0.5957	0.6075	0.8889	0.5913	0.1451	15.81	
RNU5A-1	secondary	chr15	65296063	C	T	chr15:65296063:C:T	n.13C>T	snv	0.161	0.4528	0.5957	0.6075	0.8889	0.5913	0.1451	16.06	
RNU5A-1	secondary	chr15	65296064	T	A	chr15:65296064:T:A	n.14T>A	snv	0.1568	0.424	0.7284	0.7949	1.0	0.5905	0.2953	16.36	
RNU5A-1	secondary	chr15	65296064	T	C	chr15:65296064:T:C	n.14T>C	snv	0.1568	0.424	0.7284	0.7949	1.0	0.5905	0.2953	16.76	
RNU5A-1	secondary	chr15	65296064	T	G	chr15:65296064:T:G	n.14T>G	snv	0.1568	0.424	0.7284	0.7949	1.0	0.5905	0.2953	16.49	
RNU5A-1	secondary	chr15	65296064	TC	T	chr15:65296064:TC:T	n.15del	del	0.1223	0.3349	0.6638	0.6894	0.7778	0.3818	0.4454		
RNU5A-1	secondary	chr15	65296064	T	TA	chr15:65296064:T:TA	n.14_15insA	ins	0.1589	0.4364	0.8001	0.8886	1.0	0.5905	0.4454		
RNU5A-1	secondary	chr15	65296064	T	TC	chr15:65296064:T:TC	n.14_15insC	ins	0.1589	0.4364	0.8001	0.8886	1.0	0.5905	0.4454		
RNU5A-1	secondary	chr15	65296064	T	TG	chr15:65296064:T:TG	n.14_15insG	ins	0.1589	0.4364	0.8001	0.8886	1.0	0.5905	0.4454		
RNU5A-1	secondary	chr15	65296065	C	A	chr15:65296065:C:A	n.15C>A	snv	0.1223	0.3349	0.6638	0.6894	0.7778	0.3818	0.4454	18.64	
RNU5A-1	secondary	chr15	65296065	CT	C	chr15:65296065:CT:C	n.16del	del	0.1201	0.3257	0.6003	0.6127	0.5556	0.3217	0.4883		
RNU5A-1	secondary	chr15	65296065	C	CA	chr15:65296065:C:CA	n.15_16insA	ins	0.123	0.3394	0.694	0.7398	0.7778	0.3818	0.4883		
RNU5A-1	secondary	chr15	65296065	C	CG	chr15:65296065:C:CG	n.15_16insG	ins	0.123	0.3394	0.694	0.7398	0.7778	0.3818	0.4883		
RNU5A-1	secondary	chr15	65296065	C	CT	chr15:65296065:C:CT	n.15_16insT	ins	0.123	0.3394	0.694	0.7398	0.7778	0.3818	0.4883		
RNU5A-1	secondary	chr15	65296065	C	G	chr15:65296065:C:G	n.15C>G	snv	0.1223	0.3349	0.6638	0.6894	0.7778	0.3818	0.4454	18.62	
RNU5A-1	secondary	chr15	65296065	C	T	chr15:65296065:C:T	n.15C>T	snv	0.1223	0.3349	0.6638	0.6894	0.7778	0.3818	0.4454	18.98	
RNU5A-1	secondary	chr15	65296066	T	A	chr15:65296066:T:A	n.16T>A	snv	0.1201	0.3257	0.6003	0.6127	0.5556	0.3217	0.4883	16.65	
RNU5A-1	secondary	chr15	65296066	T	C	chr15:65296066:T:C	n.16T>C	snv	0.1201	0.3257	0.6003	0.6127	0.5556	0.3217	0.4883	16.73	
RNU5A-1	secondary	chr15	65296066	T	G	chr15:65296066:T:G	n.16T>G	snv	0.1201	0.3257	0.6003	0.6127	0.5556	0.3217	0.4883	16.61	
RNU5A-1	secondary	chr15	65296066	T	TA	chr15:65296066:T:TA	n.16_17insA	ins	0.1217	0.3303	0.6707	0.7064	0.5556	0.3217	0.6385		
RNU5A-1	secondary	chr15	65296066	T	TC	chr15:65296066:T:TC	n.16_17insC	ins	0.1217	0.3303	0.6707	0.7064	0.5556	0.3217	0.6385		
RNU5A-1	secondary	chr15	65296066	T	TG	chr15:65296066:T:TG	n.16_17insG	ins	0.1217	0.3303	0.6707	0.7064	0.5556	0.3217	0.6385		
RNU5A-1	secondary	chr15	65296067	T	A	chr15:65296067:T:A	n.17T>A	snv	0.18	0.4941	0.6707	0.7064	0.5556	0.5083	0.6385	17.42	
RNU5A-1	secondary	chr15	65296067	T	C	chr15:65296067:T:C	n.17T>C	snv	0.18	0.4941	0.6707	0.7064	0.5556	0.5083	0.6385	17.56	
RNU5A-1	secondary	chr15	65296067	T	G	chr15:65296067:T:G	n.17T>G	snv	0.18	0.4941	0.6707	0.7064	0.5556	0.5083	0.6385	17.47	
RNU5A-1	secondary	chr15	65296067	TC	T	chr15:65296067:TC:T	n.18del	del	0.2329	0.5655	0.5518	0.5433	0.6667	0.6273	0.2953		
RNU5A-1	secondary	chr15	65296067	T	TA	chr15:65296067:T:TA	n.17_18insA	ins	0.1745	0.4849	0.4984	0.4522	0.5556	0.5083	0.2953		
RNU5A-1	secondary	chr15	65296067	T	TC	chr15:65296067:T:TC	n.17_18insC	ins	0.1745	0.4849	0.4984	0.4522	0.5556	0.5083	0.2953		
RNU5A-1	secondary	chr15	65296067	T	TG	chr15:65296067:T:TG	n.17_18insG	ins	0.1745	0.4849	0.4984	0.4522	0.5556	0.5083	0.2953		
RNU5A-1	secondary	chr15	65296068	C	A	chr15:65296068:C:A	n.18C>A	snv	0.2329	0.5655	0.5518	0.5433	0.6667	0.6273	0.2953	18.68	
RNU5A-1	secondary	chr15	65296068	CA	C	chr15:65296068:CA:C	n.19del	del	0.2283	0.5511	0.9007	0.9718	1.0	0.6825	0.6385		
RNU5A-1	secondary	chr15	65296068	C	CA	chr15:65296068:C:CA	n.18_19insA	ins	0.2398	0.5793	0.7241	0.7772	0.6667	0.6273	0.6385		
RNU5A-1	secondary	chr15	65296068	C	CG	chr15:65296068:C:CG	n.18_19insG	ins	0.2398	0.5793	0.7241	0.7772	0.6667	0.6273	0.6385		
RNU5A-1	secondary	chr15	65296068	C	CT	chr15:65296068:C:CT	n.18_19insT	ins	0.2398	0.5793	0.7241	0.7772	0.6667	0.6273	0.6385		
RNU5A-1	secondary	chr15	65296068	C	G	chr15:65296068:C:G	n.18C>G	snv	0.2329	0.5655	0.5518	0.5433	0.6667	0.6273	0.2953	18.37	
RNU5A-1	secondary	chr15	65296068	C	T	chr15:65296068:C:T	n.18C>T	snv	0.2329	0.5655	0.5518	0.5433	0.6667	0.6273	0.2953	19.68	
RNU5A-1	secondary	chr15	65296069	AG	A	chr15:65296069:AG:A	n.20del	del	0.2738	0.6232	0.5056	0.4771	1.0	0.798	-1.163		
RNU5A-1	secondary	chr15	65296069	A	AC	chr15:65296069:A:AC	n.19_20insC	ins	0.2134	0.5387	0.5056	0.4771	1.0	0.6825	-1.163		
RNU5A-1	secondary	chr15	65296069	A	AG	chr15:65296069:A:AG	n.19_20insG	ins	0.2134	0.5387	0.5056	0.4771	1.0	0.6825	-1.163		
RNU5A-1	secondary	chr15	65296069	A	AT	chr15:65296069:A:AT	n.19_20insT	ins	0.2134	0.5387	0.5056	0.4771	1.0	0.6825	-1.163		
RNU5A-1	secondary	chr15	65296069	A	C	chr15:65296069:A:C	n.19A>C	snv	0.2283	0.5511	0.9007	0.9718	1.0	0.6825	0.6385	17.51	
RNU5A-1	secondary	chr15	65296069	A	G	chr15:65296069:A:G	n.19A>G	snv	0.2283	0.5511	0.9007	0.9718	1.0	0.6825	0.6385	17.64	
RNU5A-1	secondary	chr15	65296069	A	T	chr15:65296069:A:T	n.19A>T	snv	0.2283	0.5511	0.9007	0.9718	1.0	0.6825	0.6385	17.37	
RNU5A-1	secondary	chr15	65296070	G	A	chr15:65296070:G:A	n.20G>A	snv	0.2738	0.6232	0.5056	0.4771	1.0	0.798	-1.163	8.895	
RNU5A-1	secondary	chr15	65296070	G	C	chr15:65296070:G:C	n.20G>C	snv	0.2738	0.6232	0.5056	0.4771	1.0	0.798	-1.163	8.224	
RNU5A-1	secondary	chr15	65296070	GA	G	chr15:65296070:GA:G	n.21del	del	0.3078	0.6913	0.3791	0.3388	0.2222	0.7986	0.2309		
RNU5A-1	secondary	chr15	65296070	G	GA	chr15:65296070:G:GA	n.20_21insA	ins	0.2826	0.6527	0.7045	0.7457	1.0	0.798	0.2309		
RNU5A-1	secondary	chr15	65296070	G	GC	chr15:65296070:G:GC	n.20_21insC	ins	0.2826	0.6527	0.7045	0.7457	1.0	0.798	0.2309		
RNU5A-1	secondary	chr15	65296070	G	GT	chr15:65296070:G:GT	n.20_21insT	ins	0.2826	0.6527	0.7045	0.7457	1.0	0.798	0.2309		
RNU5A-1	secondary	chr15	65296070	G	T	chr15:65296070:G:T	n.20G>T	snv	0.2738	0.6232	0.5056	0.4771	1.0	0.798	-1.163	9.17	
RNU5A-1	secondary	chr15	65296071	AT	A	chr15:65296071:AT:A	n.22del	del	0.3895	0.787	0.2667	0.2195	0.3333	0.8963	-0.04794		
RNU5A-1	secondary	chr15	65296071	A	AC	chr15:65296071:A:AC	n.21_22insC	ins	0.3013	0.6697	0.2412	0.1809	0.2222	0.7986	-0.04794		
RNU5A-1	secondary	chr15	65296071	A	AG	chr15:65296071:A:AG	n.21_22insG	ins	0.3013	0.6697	0.2412	0.1809	0.2222	0.7986	-0.04794		
RNU5A-1	secondary	chr15	65296071	A	AT	chr15:65296071:A:AT	n.21_22insT	ins	0.3013	0.6697	0.2412	0.1809	0.2222	0.7986	-0.04794		
RNU5A-1	secondary	chr15	65296071	A	C	chr15:65296071:A:C	n.21A>C	snv	0.3078	0.6913	0.3791	0.3388	0.2222	0.7986	0.2309	16.11	
RNU5A-1	secondary	chr15	65296071	A	G	chr15:65296071:A:G	n.21A>G	snv	0.3078	0.6913	0.3791	0.3388	0.2222	0.7986	0.2309	16.07	
RNU5A-1	secondary	chr15	65296071	A	T	chr15:65296071:A:T	n.21A>T	snv	0.3078	0.6913	0.3791	0.3388	0.2222	0.7986	0.2309	16.26	
RNU5A-1	secondary	chr15	65296072	T	A	chr15:65296072:T:A	n.22T>A	snv	0.3895	0.787	0.2667	0.2195	0.3333	0.8963	-0.04794	12.85	
RNU5A-1	secondary	chr15	65296072	T	C	chr15:65296072:T:C	n.22T>C	snv	0.3895	0.787	0.2667	0.2195	0.3333	0.8963	-0.04794	13.18	
RNU5A-1	secondary	chr15	65296072	T	G	chr15:65296072:T:G	n.22T>G	snv	0.3895	0.787	0.2667	0.2195	0.3333	0.8963	-0.04794	12.95	
RNU5A-1	secondary	chr15	65296072	TC	T	chr15:65296072:TC:T	n.23del	del	0.3164	0.7097	0.5626	0.5577	0.8889	0.7922	0.08076		
RNU5A-1	secondary	chr15	65296072	T	TA	chr15:65296072:T:TA	n.22_23insA	ins	0.3933	0.8008	0.3385	0.3014	0.3333	0.8963	0.08076		
RNU5A-1	secondary	chr15	65296072	T	TC	chr15:65296072:T:TC	n.22_23insC	ins	0.3933	0.8008	0.3385	0.3014	0.3333	0.8963	0.08076		
RNU5A-1	secondary	chr15	65296072	T	TG	chr15:65296072:T:TG	n.22_23insG	ins	0.3933	0.8008	0.3385	0.3014	0.3333	0.8963	0.08076		
RNU5A-1	secondary	chr15	65296073	C	A	chr15:65296073:C:A	n.23C>A	snv	0.3164	0.7097	0.5626	0.5577	0.8889	0.7922	0.08076	16.29	
RNU5A-1	secondary	chr15	65296073	CG	C	chr15:65296073:CG:C	n.24del	del	0.3343	0.7464	0.8001	0.8886	1.0	0.8356	0.4454		
RNU5A-1	secondary	chr15	65296073	C	CA	chr15:65296073:C:CA	n.23_24insA	ins	0.3242	0.7274	0.7244	0.7837	0.8889	0.7922	0.4454		
RNU5A-1	secondary	chr15	65296073	C	CG	chr15:65296073:C:CG	n.23_24insG	ins	0.3242	0.7274	0.7244	0.7837	0.8889	0.7922	0.4454		
RNU5A-1	secondary	chr15	65296073	C	CT	chr15:65296073:C:CT	n.23_24insT	ins	0.3242	0.7274	0.7244	0.7837	0.8889	0.7922	0.4454		
RNU5A-1	secondary	chr15	65296073	C	G	chr15:65296073:C:G	n.23C>G	snv	0.3164	0.7097	0.5626	0.5577	0.8889	0.7922	0.08076	15.41	
RNU5A-1	secondary	chr15	65296073	C	T	chr15:65296073:C:T	n.23C>T	snv	0.3164	0.7097	0.5626	0.5577	0.8889	0.7922	0.08076	15.91	
RNU5A-1	secondary	chr15	65296074	G	A	chr15:65296074:G:A	n.24G>A	snv	0.3343	0.7464	0.8001	0.8886	1.0	0.8356	0.4454	17.84	
RNU5A-1	secondary	chr15	65296074	G	C	chr15:65296074:G:C	n.24G>C	snv	0.3343	0.7464	0.8001	0.8886	1.0	0.8356	0.4454	17.59	
RNU5A-1	secondary	chr15	65296074	GC	G	chr15:65296074:GC:G	n.25del	del	0.1956	0.5157	0.4833	0.422	1.0	0.6389	-1.528		
RNU5A-1	secondary	chr15	65296074	G	GA	chr15:65296074:G:GA	n.24_25insA	ins	0.319	0.7195	0.4833	0.422	1.0	0.8356	-1.528		
RNU5A-1	secondary	chr15	65296074	G	GC	chr15:65296074:G:GC	n.24_25insC	ins	0.319	0.7195	0.4833	0.422	1.0	0.8356	-1.528		
RNU5A-1	secondary	chr15	65296074	G	GT	chr15:65296074:G:GT	n.24_25insT	ins	0.319	0.7195	0.4833	0.422	1.0	0.8356	-1.528		
RNU5A-1	secondary	chr15	65296074	G	T	chr15:65296074:G:T	n.24G>T	snv	0.3343	0.7464	0.8001	0.8886	1.0	0.8356	0.4454	17.37	
RNU5A-1	secondary	chr15	65296075	C	A	chr15:65296075:C:A	n.25C>A	snv	0.1956	0.5157	0.4833	0.422	1.0	0.6389	-1.528	0.657	
RNU5A-1	secondary	chr15	65296075	CA	C	chr15:65296075:CA:C	n.26del	del	0.4888	0.96	0.7284	0.7949	1.0	0.9532	0.2953		
RNU5A-1	secondary	chr15	65296075	C	CA	chr15:65296075:C:CA	n.25_26insA	ins	0.2042	0.5256	0.7284	0.7949	1.0	0.6389	0.2953		
RNU5A-1	secondary	chr15	65296075	C	CG	chr15:65296075:C:CG	n.25_26insG	ins	0.2042	0.5256	0.7284	0.7949	1.0	0.6389	0.2953		
RNU5A-1	secondary	chr15	65296075	C	CT	chr15:65296075:C:CT	n.25_26insT	ins	0.2042	0.5256	0.7284	0.7949	1.0	0.6389	0.2953		
RNU5A-1	secondary	chr15	65296075	C	G	chr15:65296075:C:G	n.25C>G	snv	0.1956	0.5157	0.4833	0.422	1.0	0.6389	-1.528	0.686	
RNU5A-1	secondary	chr15	65296075	C	T	chr15:65296075:C:T	n.25C>T	snv	0.1956	0.5157	0.4833	0.422	1.0	0.6389	-1.528	1.419	
RNU5A-1	secondary	chr15	65296076	AT	A	chr15:65296076:AT:A	n.27del	del	0.479	0.9371	0.5931	0.5996	1.0	0.9583	-0.00504		
RNU5A-1	secondary	chr15	65296076	A	AC	chr15:65296076:A:AC	n.26_27insC	ins	0.4813	0.9463	0.5931	0.5996	1.0	0.9532	-0.00504		
RNU5A-1	secondary	chr15	65296076	A	AG	chr15:65296076:A:AG	n.26_27insG	ins	0.4813	0.9463	0.5931	0.5996	1.0	0.9532	-0.00504		
RNU5A-1	secondary	chr15	65296076	A	AT	chr15:65296076:A:AT	n.26_27insT	ins	0.4813	0.9463	0.5931	0.5996	1.0	0.9532	-0.00504		
RNU5A-1	secondary	chr15	65296076	A	ATAAATCTTTCGCCT	chr15:65296076:A:ATAAATCTTTCGCCT		ins	0.479	0.9371	0.5931	0.5996	1.0	0.9583	-0.00504		
RNU5A-1	secondary	chr15	65296076	A	C	chr15:65296076:A:C	n.26A>C	snv	0.4888	0.96	0.7284	0.7949	1.0	0.9532	0.2953	16.33	
RNU5A-1	secondary	chr15	65296076	A	G	chr15:65296076:A:G	n.26A>G	snv	0.4888	0.96	0.7284	0.7949	1.0	0.9532	0.2953	16.68	
RNU5A-1	secondary	chr15	65296076	A	T	chr15:65296076:A:T	n.26A>T	snv	0.4888	0.96	0.7284	0.7949	1.0	0.9532	0.2953	16.6	
RNU5A-1	secondary	chr15	65296077	T	A	chr15:65296077:T:A	n.27T>A	snv	0.479	0.9371	0.5931	0.5996	1.0	0.9583	-0.00504	15.76	
RNU5A-1	secondary	chr15	65296077	T	C	chr15:65296077:T:C	n.27T>C	snv	0.479	0.9371	0.5931	0.5996	1.0	0.9583	-0.00504	15.97	
RNU5A-1	secondary	chr15	65296077	T	G	chr15:65296077:T:G	n.27T>G	snv	0.479	0.9371	0.5931	0.5996	1.0	0.9583	-0.00504	15.8	
RNU5A-1	secondary	chr15	65296077	TA	T	chr15:65296077:TA:T	n.28del	del	0.4721	0.9273	0.9007	0.9718	1.0	0.928	0.6385		
RNU5A-1	secondary	chr15	65296077	T	TA	chr15:65296077:T:TA	n.27_28insA	ins	0.4959	0.9738	0.9007	0.9718	1.0	0.9583	0.6385		
RNU5A-1	secondary	chr15	65296077	T	TC	chr15:65296077:T:TC	n.27_28insC	ins	0.4959	0.9738	0.9007	0.9718	1.0	0.9583	0.6385		
RNU5A-1	secondary	chr15	65296077	T	TG	chr15:65296077:T:TG	n.27_28insG	ins	0.4959	0.9738	0.9007	0.9718	1.0	0.9583	0.6385		
RNU5A-1	secondary	chr15	65296078	A	AC	chr15:65296078:A:AC	n.28_29insC	ins	0.4651	0.9227	0.7736	0.8624	1.0	0.928	0.3811		
RNU5A-1	secondary	chr15	65296078	A	AG	chr15:65296078:A:AG	n.28_29insG	ins	0.4651	0.9227	0.7736	0.8624	1.0	0.928	0.3811		
RNU5A-1	secondary	chr15	65296078	A	AT	chr15:65296078:A:AT	n.28_29insT	ins	0.4651	0.9227	0.7736	0.8624	1.0	0.928	0.3811		
RNU5A-1	secondary	chr15	65296078	A	C	chr15:65296078:A:C	n.28A>C	snv	0.4721	0.9273	0.9007	0.9718	1.0	0.928	0.6385	17.52	
RNU5A-1	secondary	chr15	65296078	A	G	chr15:65296078:A:G	n.28A>G	snv	0.4721	0.9273	0.9007	0.9718	1.0	0.928	0.6385	17.7	
RNU5A-1	secondary	chr15	65296078	A	T	chr15:65296078:A:T	n.28A>T	snv	0.4721	0.9273	0.9007	0.9718	1.0	0.928	0.6385	17.65	
RNU5A-1	secondary	chr15	65296079	A	AC	chr15:65296079:A:AC	n.29_30insC	ins	0.3689	0.7588	0.7284	0.7949	1.0	0.8375	0.2953		
RNU5A-1	secondary	chr15	65296079	A	AG	chr15:65296079:A:AG	n.29_30insG	ins	0.3689	0.7588	0.7284	0.7949	1.0	0.8375	0.2953		
RNU5A-1	secondary	chr15	65296079	A	AT	chr15:65296079:A:AT	n.29_30insT	ins	0.3689	0.7588	0.7284	0.7949	1.0	0.8375	0.2953		
RNU5A-1	secondary	chr15	65296079	A	C	chr15:65296079:A:C	n.29A>C	snv	0.3712	0.7628	0.7736	0.8624	1.0	0.8375	0.3811	17.62	
RNU5A-1	secondary	chr15	65296079	A	G	chr15:65296079:A:G	n.29A>G	snv	0.3712	0.7628	0.7736	0.8624	1.0	0.8375	0.3811	17.62	
RNU5A-1	secondary	chr15	65296079	A	T	chr15:65296079:A:T	n.29A>T	snv	0.3712	0.7628	0.7736	0.8624	1.0	0.8375	0.3811	17.74	
RNU5A-1	secondary	chr15	65296080	AT	A	chr15:65296080:AT:A	n.31del	del	0.2652	0.597	0.6229	0.6291	0.4444	0.6759	0.6385		
RNU5A-1	secondary	chr15	65296080	A	AC	chr15:65296080:A:AC	n.30_31insC	ins	0.3039	0.6828	0.825	0.9155	0.8889	0.7576	0.6385		
RNU5A-1	secondary	chr15	65296080	A	AG	chr15:65296080:A:AG	n.30_31insG	ins	0.3039	0.6828	0.825	0.9155	0.8889	0.7576	0.6385		
RNU5A-1	secondary	chr15	65296080	A	AT	chr15:65296080:A:AT	n.30_31insT	ins	0.3039	0.6828	0.825	0.9155	0.8889	0.7576	0.6385		
RNU5A-1	secondary	chr15	65296080	A	C	chr15:65296080:A:C	n.30A>C	snv	0.296	0.6658	0.6527	0.6717	0.8889	0.7576	0.2953	16.06	
RNU5A-1	secondary	chr15	65296080	A	G	chr15:65296080:A:G	n.30A>G	snv	0.296	0.6658	0.6527	0.6717	0.8889	0.7576	0.2953	16.14	
RNU5A-1	secondary	chr15	65296080	A	T	chr15:65296080:A:T	n.30A>T	snv	0.296	0.6658	0.6527	0.6717	0.8889	0.7576	0.2953	16.05	
RNU5A-1	secondary	chr15	65296081	T	A	chr15:65296081:T:A	n.31T>A	snv	0.2652	0.597	0.6229	0.6291	0.4444	0.6759	0.6385	17.35	
RNU5A-1	secondary	chr15	65296081	T	C	chr15:65296081:T:C	n.31T>C	snv	0.2652	0.597	0.6229	0.6291	0.4444	0.6759	0.6385	17.59	
RNU5A-1	secondary	chr15	65296081	T	G	chr15:65296081:T:G	n.31T>G	snv	0.2652	0.597	0.6229	0.6291	0.4444	0.6759	0.6385	17.5	
RNU5A-1	secondary	chr15	65296081	TC	T	chr15:65296081:TC:T	n.32del	del	0.3037	0.6782	0.4413	0.3945	0.5556	0.6963	0.1451		
RNU5A-1	secondary	chr15	65296081	T	TA	chr15:65296081:T:TA	n.31_32insA	ins	0.2555	0.5924	0.3935	0.3473	0.4444	0.6759	0.1451		
RNU5A-1	secondary	chr15	65296081	T	TC	chr15:65296081:T:TC	n.31_32insC	ins	0.2555	0.5924	0.3935	0.3473	0.4444	0.6759	0.1451		
RNU5A-1	secondary	chr15	65296081	T	TG	chr15:65296081:T:TG	n.31_32insG	ins	0.2555	0.5924	0.3935	0.3473	0.4444	0.6759	0.1451		
RNU5A-1	secondary	chr15	65296082	C	A	chr15:65296082:C:A	n.32C>A	snv	0.3037	0.6782	0.4413	0.3945	0.5556	0.6963	0.1451	18.44	
RNU5A-1	secondary	chr15	65296082	CT	C	chr15:65296082:CT:C	n.33del	del	0.3168	0.7149	0.6707	0.7064	0.5556	0.7182	0.6385		
RNU5A-1	secondary	chr15	65296082	C	CA	chr15:65296082:C:CA	n.32_33insA	ins	0.3144	0.7051	0.6707	0.7064	0.5556	0.6963	0.6385		
RNU5A-1	secondary	chr15	65296082	C	CG	chr15:65296082:C:CG	n.32_33insG	ins	0.3144	0.7051	0.6707	0.7064	0.5556	0.6963	0.6385		
RNU5A-1	secondary	chr15	65296082	C	CT	chr15:65296082:C:CT	n.32_33insT	ins	0.3144	0.7051	0.6707	0.7064	0.5556	0.6963	0.6385		
RNU5A-1	secondary	chr15	65296082	C	G	chr15:65296082:C:G	n.32C>G	snv	0.3037	0.6782	0.4413	0.3945	0.5556	0.6963	0.1451	18.14	
RNU5A-1	secondary	chr15	65296082	C	T	chr15:65296082:C:T	n.32C>T	snv	0.3037	0.6782	0.4413	0.3945	0.5556	0.6963	0.1451	18.63	
RNU5A-1	secondary	chr15	65296083	T	A	chr15:65296083:T:A	n.33T>A	snv	0.3168	0.7149	0.6707	0.7064	0.5556	0.7182	0.6385	17.65	
RNU5A-1	secondary	chr15	65296083	T	C	chr15:65296083:T:C	n.33T>C	snv	0.3168	0.7149	0.6707	0.7064	0.5556	0.7182	0.6385	17.95	
RNU5A-1	secondary	chr15	65296083	T	G	chr15:65296083:T:G	n.33T>G	snv	0.3168	0.7149	0.6707	0.7064	0.5556	0.7182	0.6385	17.75	
RNU5A-1	secondary	chr15	65296083	T	TA	chr15:65296083:T:TA	n.33_34insA	ins	0.3107	0.7012	0.5436	0.5387	0.5556	0.7182	0.3811		
RNU5A-1	secondary	chr15	65296083	T	TC	chr15:65296083:T:TC	n.33_34insC	ins	0.3107	0.7012	0.5436	0.5387	0.5556	0.7182	0.3811		
RNU5A-1	secondary	chr15	65296083	T	TG	chr15:65296083:T:TG	n.33_34insG	ins	0.3107	0.7012	0.5436	0.5387	0.5556	0.7182	0.3811		
RNU5A-1	secondary	chr15	65296084	T	A	chr15:65296084:T:A	n.34T>A	snv	0.4212	0.8388	0.4957	0.4417	0.4444	0.8231	0.3811	17.7	
RNU5A-1	secondary	chr15	65296084	T	C	chr15:65296084:T:C	n.34T>C	snv	0.4212	0.8388	0.4957	0.4417	0.4444	0.8231	0.3811	17.83	
RNU5A-1	secondary	chr15	65296084	T	G	chr15:65296084:T:G	n.34T>G	snv	0.4212	0.8388	0.4957	0.4417	0.4444	0.8231	0.3811	17.66	
RNU5A-1	secondary	chr15	65296084	T	TA	chr15:65296084:T:TA	n.34_35insA	ins	0.4281	0.8427	0.6229	0.6291	0.4444	0.8231	0.6385		
RNU5A-1	secondary	chr15	65296084	T	TC	chr15:65296084:T:TC	n.34_35insC	ins	0.4281	0.8427	0.6229	0.6291	0.4444	0.8231	0.6385		
RNU5A-1	secondary	chr15	65296084	T	TG	chr15:65296084:T:TG	n.34_35insG	ins	0.4281	0.8427	0.6229	0.6291	0.4444	0.8231	0.6385		
RNU5A-1	secondary	chr15	65296084	T	TTCGCCTTTTACTAAAGATTTCCGTGGAGAGG	chr15:65296084:T:TTCGCCTTTTACTAAAGATTTCCGTGGAGAGG		ins	0.3915	0.7962	0.7644	0.8453	0.7778	0.8283	0.6385		
RNU5A-1	secondary	chr15	65296085	T	A	chr15:65296085:T:A	n.35T>A	snv	0.3915	0.7962	0.7644	0.8453	0.7778	0.8283	0.6385	17.85	
RNU5A-1	secondary	chr15	65296085	T	C	chr15:65296085:T:C	n.35T>C	snv	0.3915	0.7962	0.7644	0.8453	0.7778	0.8283	0.6385	17.78	
RNU5A-1	secondary	chr15	65296085	T	G	chr15:65296085:T:G	n.35T>G	snv	0.3915	0.7962	0.7644	0.8453	0.7778	0.8283	0.6385	17.69	
RNU5A-1	secondary	chr15	65296085	TC	T	chr15:65296085:TC:T	n.36del	del	0.3303	0.7412	0.502	0.4653	0.7778	0.7771	0.08076		
RNU5A-1	secondary	chr15	65296085	T	TA	chr15:65296085:T:TA	n.35_36insA	ins	0.3778	0.7706	0.502	0.4653	0.7778	0.8283	0.08076		
RNU5A-1	secondary	chr15	65296085	T	TC	chr15:65296085:T:TC	n.35_36insC	ins	0.3778	0.7706	0.502	0.4653	0.7778	0.8283	0.08076		
RNU5A-1	secondary	chr15	65296085	T	TG	chr15:65296085:T:TG	n.35_36insG	ins	0.3778	0.7706	0.502	0.4653	0.7778	0.8283	0.08076		
RNU5A-1	secondary	chr15	65296086	C	A	chr15:65296086:C:A	n.36C>A	snv	0.3303	0.7412	0.502	0.4653	0.7778	0.7771	0.08076	18.12	
RNU5A-1	secondary	chr15	65296086	CG	C	chr15:65296086:CG:C	n.37del	del	0.3301	0.7359	0.5701	0.5721	0.5556	0.7107	0.4454		
RNU5A-1	secondary	chr15	65296086	C	CA	chr15:65296086:C:CA	n.36_37insA	ins	0.3382	0.751	0.6638	0.6894	0.7778	0.7771	0.4454		
RNU5A-1	secondary	chr15	65296086	C	CG	chr15:65296086:C:CG	n.36_37insG	ins	0.3382	0.751	0.6638	0.6894	0.7778	0.7771	0.4454		
RNU5A-1	secondary	chr15	65296086	C	CT	chr15:65296086:C:CT	n.36_37insT	ins	0.3382	0.751	0.6638	0.6894	0.7778	0.7771	0.4454		
RNU5A-1	secondary	chr15	65296086	C	G	chr15:65296086:C:G	n.36C>G	snv	0.3303	0.7412	0.502	0.4653	0.7778	0.7771	0.08076	17.1	
RNU5A-1	secondary	chr15	65296086	C	T	chr15:65296086:C:T	n.36C>T	snv	0.3303	0.7412	0.502	0.4653	0.7778	0.7771	0.08076	17.96	
RNU5A-1	secondary	chr15	65296087	G	A	chr15:65296087:G:A	n.37G>A	snv	0.3301	0.7359	0.5701	0.5721	0.5556	0.7107	0.4454	18.94	
RNU5A-1	secondary	chr15	65296087	G	C	chr15:65296087:G:C	n.37G>C	snv	0.3301	0.7359	0.5701	0.5721	0.5556	0.7107	0.4454	19.12	
RNU5A-1	secondary	chr15	65296087	GC	G	chr15:65296087:GC:G	n.38del	del	0.2684	0.6062	0.5223	0.5079	0.5556	0.6521	0.3596		
RNU5A-1	secondary	chr15	65296087	G	GA	chr15:65296087:G:GA	n.37_38insA	ins	0.3277	0.7313	0.5223	0.5079	0.5556	0.7107	0.3596		
RNU5A-1	secondary	chr15	65296087	G	GC	chr15:65296087:G:GC	n.37_38insC	ins	0.3277	0.7313	0.5223	0.5079	0.5556	0.7107	0.3596		
RNU5A-1	secondary	chr15	65296087	G	GT	chr15:65296087:G:GT	n.37_38insT	ins	0.3277	0.7313	0.5223	0.5079	0.5556	0.7107	0.3596		
RNU5A-1	secondary	chr15	65296087	G	T	chr15:65296087:G:T	n.37G>T	snv	0.3301	0.7359	0.5701	0.5721	0.5556	0.7107	0.4454	18.65	
RNU5A-1	secondary	chr15	65296088	C	A	chr15:65296088:C:A	n.38C>A	snv	0.2684	0.6062	0.5223	0.5079	0.5556	0.6521	0.3596	17.37	
RNU5A-1	secondary	chr15	65296088	C	CA	chr15:65296088:C:CA	n.38_39insA	ins	0.2673	0.6016	0.4984	0.4522	0.5556	0.6521	0.2953		
RNU5A-1	secondary	chr15	65296088	C	CG	chr15:65296088:C:CG	n.38_39insG	ins	0.2673	0.6016	0.4984	0.4522	0.5556	0.6521	0.2953		
RNU5A-1	secondary	chr15	65296088	C	CT	chr15:65296088:C:CT	n.38_39insT	ins	0.2673	0.6016	0.4984	0.4522	0.5556	0.6521	0.2953		
RNU5A-1	secondary	chr15	65296088	C	G	chr15:65296088:C:G	n.38C>G	snv	0.2684	0.6062	0.5223	0.5079	0.5556	0.6521	0.3596	17.31	
RNU5A-1	secondary	chr15	65296088	C	T	chr15:65296088:C:T	n.38C>T	snv	0.2684	0.6062	0.5223	0.5079	0.5556	0.6521	0.3596	17.72	
RNU5A-1	secondary	chr15	65296089	C	A	chr15:65296089:C:A	n.39C>A	snv	0.2718	0.6147	0.5429	0.5295	0.625	0.6429	0.2953	17.25	
RNU5A-1	secondary	chr15	65296089	CT	C	chr15:65296089:CT:C	n.40del	del	0.2445	0.5839	0.733	0.8067	0.875	0.625	0.4883		
RNU5A-1	secondary	chr15	65296089	C	CA	chr15:65296089:C:CA	n.39_40insA	ins	0.2763	0.6448	0.6448	0.6579	0.625	0.6429	0.4883		
RNU5A-1	secondary	chr15	65296089	C	CG	chr15:65296089:C:CG	n.39_40insG	ins	0.2763	0.6448	0.6448	0.6579	0.625	0.6429	0.4883		
RNU5A-1	secondary	chr15	65296089	C	CT	chr15:65296089:C:CT	n.39_40insT	ins	0.2763	0.6448	0.6448	0.6579	0.625	0.6429	0.4883		
RNU5A-1	secondary	chr15	65296089	C	G	chr15:65296089:C:G	n.39C>G	snv	0.2718	0.6147	0.5429	0.5295	0.625	0.6429	0.2953	17.2	
RNU5A-1	secondary	chr15	65296089	C	T	chr15:65296089:C:T	n.39C>T	snv	0.2718	0.6147	0.5429	0.5295	0.625	0.6429	0.2953	17.78	
RNU5A-1	secondary	chr15	65296090	T	A	chr15:65296090:T:A	n.40T>A	snv	0.2445	0.5839	0.733	0.8067	0.875	0.625	0.4883	16.61	
RNU5A-1	secondary	chr15	65296090	T	C	chr15:65296090:T:C	n.40T>C	snv	0.2445	0.5839	0.733	0.8067	0.875	0.625	0.4883	16.91	
RNU5A-1	secondary	chr15	65296090	T	G	chr15:65296090:T:G	n.40T>G	snv	0.2445	0.5839	0.733	0.8067	0.875	0.625	0.4883	16.61	
RNU5A-1	secondary	chr15	65296090	T	TA	chr15:65296090:T:TA	n.40_41insA	ins	0.2474	0.5885	0.8034	0.8952	0.875	0.625	0.6385		
RNU5A-1	secondary	chr15	65296090	T	TC	chr15:65296090:T:TC	n.40_41insC	ins	0.2474	0.5885	0.8034	0.8952	0.875	0.625	0.6385		
RNU5A-1	secondary	chr15	65296090	T	TG	chr15:65296090:T:TG	n.40_41insG	ins	0.2474	0.5885	0.8034	0.8952	0.875	0.625	0.6385		
RNU5A-1	secondary	chr15	65296091	T	A	chr15:65296091:T:A	n.41T>A	snv	0.4542	0.9096	0.7395	0.8132	0.75	0.6542	0.6385	17.48	
RNU5A-1	secondary	chr15	65296091	T	C	chr15:65296091:T:C	n.41T>C	snv	0.4542	0.9096	0.7395	0.8132	0.75	0.6542	0.6385	17.6	
RNU5A-1	secondary	chr15	65296091	T	G	chr15:65296091:T:G	n.41T>G	snv	0.4542	0.9096	0.7395	0.8132	0.75	0.6542	0.6385	17.49	
RNU5A-1	secondary	chr15	65296091	T	TA	chr15:65296091:T:TA	n.41_42insA	ins	0.4504	0.8965	0.6691	0.6959	0.75	0.6542	0.4883		
RNU5A-1	secondary	chr15	65296091	T	TC	chr15:65296091:T:TC	n.41_42insC	ins	0.4504	0.8965	0.6691	0.6959	0.75	0.6542	0.4883		
RNU5A-1	secondary	chr15	65296091	T	TG	chr15:65296091:T:TG	n.41_42insG	ins	0.4504	0.8965	0.6691	0.6959	0.75	0.6542	0.4883		
RNU5A-1	secondary	chr15	65296092	T	A	chr15:65296092:T:A	n.42T>A	snv	0.5041	0.9777	0.5157	0.4993	0.25	0.6971	0.4883	15.12	
RNU5A-1	secondary	chr15	65296092	T	C	chr15:65296092:T:C	n.42T>C	snv	0.5041	0.9777	0.5157	0.4993	0.25	0.6971	0.4883	16.73	
RNU5A-1	secondary	chr15	65296092	T	G	chr15:65296092:T:G	n.42T>G	snv	0.5041	0.9777	0.5157	0.4993	0.25	0.6971	0.4883	16.67	
RNU5A-1	secondary	chr15	65296092	T	TA	chr15:65296092:T:TA	n.42_43insA	ins	0.5079	0.9817	0.5862	0.5885	0.25	0.6971	0.6385		
RNU5A-1	secondary	chr15	65296092	T	TC	chr15:65296092:T:TC	n.42_43insC	ins	0.5079	0.9817	0.5862	0.5885	0.25	0.6971	0.6385		
RNU5A-1	secondary	chr15	65296092	T	TG	chr15:65296092:T:TG	n.42_43insG	ins	0.5079	0.9817	0.5862	0.5885	0.25	0.6971	0.6385		
RNU5A-1	secondary	chr15	65296093	T	A	chr15:65296093:T:A	n.43T>A	snv	0.5485	0.9875	0.5862	0.5885	0.25	0.7045	0.6385	17.7	
RNU5A-1	secondary	chr15	65296093	T	C	chr15:65296093:T:C	n.43T>C	snv	0.5485	0.9875	0.5862	0.5885	0.25	0.7045	0.6385	17.91	
RNU5A-1	secondary	chr15	65296093	T	G	chr15:65296093:T:G	n.43T>G	snv	0.5485	0.9875	0.5862	0.5885	0.25	0.7045	0.6385	17.78	
RNU5A-1	secondary	chr15	65296093	TA	T	chr15:65296093:TA:T	n.44del	del	0.5658	0.998	0.7241	0.7772	0.6667	0.6742	0.6385		
RNU5A-1	secondary	chr15	65296093	T	TA	chr15:65296093:T:TA	n.43_44insA	ins	0.5485	0.9875	0.5862	0.5885	0.25	0.7045	0.6385		
RNU5A-1	secondary	chr15	65296093	T	TC	chr15:65296093:T:TC	n.43_44insC	ins	0.5485	0.9875	0.5862	0.5885	0.25	0.7045	0.6385		
RNU5A-1	secondary	chr15	65296093	T	TG	chr15:65296093:T:TG	n.43_44insG	ins	0.5485	0.9875	0.5862	0.5885	0.25	0.7045	0.6385		
RNU5A-1	secondary	chr15	65296094	AC	A	chr15:65296094:AC:A	n.45del	del	0.2327	0.5603	0.8568	0.9495	1.0	0.635	0.5527		
RNU5A-1	secondary	chr15	65296094	A	AC	chr15:65296094:A:AC	n.44_45insC	ins	0.5635	0.9934	0.6802	0.7339	0.6667	0.6742	0.5527		
RNU5A-1	secondary	chr15	65296094	A	AG	chr15:65296094:A:AG	n.44_45insG	ins	0.5635	0.9934	0.6802	0.7339	0.6667	0.6742	0.5527		
RNU5A-1	secondary	chr15	65296094	A	AT	chr15:65296094:A:AT	n.44_45insT	ins	0.5635	0.9934	0.6802	0.7339	0.6667	0.6742	0.5527		
RNU5A-1	secondary	chr15	65296094	A	C	chr15:65296094:A:C	n.44A>C	snv	0.5658	0.998	0.7241	0.7772	0.6667	0.6742	0.6385	17.69	
RNU5A-1	secondary	chr15	65296094	A	G	chr15:65296094:A:G	n.44A>G	snv	0.5658	0.998	0.7241	0.7772	0.6667	0.6742	0.6385	17.83	
RNU5A-1	secondary	chr15	65296094	A	T	chr15:65296094:A:T	n.44A>T	snv	0.5658	0.998	0.7241	0.7772	0.6667	0.6742	0.6385	17.63	
RNU5A-1	secondary	chr15	65296095	C	A	chr15:65296095:C:A	n.45C>A	snv	0.2327	0.5603	0.8568	0.9495	1.0	0.635	0.5527	18.77	
RNU5A-1	secondary	chr15	65296095	CT	C	chr15:65296095:CT:C	n.46del	del	0.2343	0.5708	0.825	0.9155	0.8889	0.6474	0.6385		
RNU5A-1	secondary	chr15	65296095	C	CA	chr15:65296095:C:CA	n.45_46insA	ins	0.2344	0.5754	0.9007	0.9718	1.0	0.635	0.6385		
RNU5A-1	secondary	chr15	65296095	C	CG	chr15:65296095:C:CG	n.45_46insG	ins	0.2344	0.5754	0.9007	0.9718	1.0	0.635	0.6385		
RNU5A-1	secondary	chr15	65296095	C	CT	chr15:65296095:C:CT	n.45_46insT	ins	0.2344	0.5754	0.9007	0.9718	1.0	0.635	0.6385		
RNU5A-1	secondary	chr15	65296095	C	G	chr15:65296095:C:G	n.45C>G	snv	0.2327	0.5603	0.8568	0.9495	1.0	0.635	0.5527	19.1	
RNU5A-1	secondary	chr15	65296095	C	T	chr15:65296095:C:T	n.45C>T	snv	0.2327	0.5603	0.8568	0.9495	1.0	0.635	0.5527	19.12	
RNU5A-1	secondary	chr15	65296096	T	A	chr15:65296096:T:A	n.46T>A	snv	0.2343	0.5708	0.825	0.9155	0.8889	0.6474	0.6385	17.73	
RNU5A-1	secondary	chr15	65296096	T	C	chr15:65296096:T:C	n.46T>C	snv	0.2343	0.5708	0.825	0.9155	0.8889	0.6474	0.6385	17.88	
RNU5A-1	secondary	chr15	65296096	T	G	chr15:65296096:T:G	n.46T>G	snv	0.2343	0.5708	0.825	0.9155	0.8889	0.6474	0.6385	17.71	
RNU5A-1	secondary	chr15	65296096	TA	T	chr15:65296096:TA:T	n.47del	del	0.2091	0.5301	0.8303	0.9384	1.0	0.6552	0.4883		
RNU5A-1	secondary	chr15	65296096	T	TA	chr15:65296096:T:TA	n.46_47insA	ins	0.2315	0.5557	0.7546	0.8277	0.8889	0.6474	0.4883		
RNU5A-1	secondary	chr15	65296096	T	TC	chr15:65296096:T:TC	n.46_47insC	ins	0.2315	0.5557	0.7546	0.8277	0.8889	0.6474	0.4883		
RNU5A-1	secondary	chr15	65296096	T	TG	chr15:65296096:T:TG	n.46_47insG	ins	0.2315	0.5557	0.7546	0.8277	0.8889	0.6474	0.4883		
RNU5A-1	secondary	chr15	65296097	A	AC	chr15:65296097:A:AC	n.47_48insC	ins	0.2117	0.5347	0.9007	0.9718	1.0	0.6552	0.6385		
RNU5A-1	secondary	chr15	65296097	A	AG	chr15:65296097:A:AG	n.47_48insG	ins	0.2117	0.5347	0.9007	0.9718	1.0	0.6552	0.6385		
RNU5A-1	secondary	chr15	65296097	A	AT	chr15:65296097:A:AT	n.47_48insT	ins	0.2117	0.5347	0.9007	0.9718	1.0	0.6552	0.6385		
RNU5A-1	secondary	chr15	65296097	A	C	chr15:65296097:A:C	n.47A>C	snv	0.2091	0.5301	0.8303	0.9384	1.0	0.6552	0.4883	17.38	
RNU5A-1	secondary	chr15	65296097	A	G	chr15:65296097:A:G	n.47A>G	snv	0.2091	0.5301	0.8303	0.9384	1.0	0.6552	0.4883	17.58	
RNU5A-1	secondary	chr15	65296097	A	T	chr15:65296097:A:T	n.47A>T	snv	0.2091	0.5301	0.8303	0.9384	1.0	0.6552	0.4883	17.65	
RNU5A-1	secondary	chr15	65296098	A	AC	chr15:65296098:A:AC	n.48_49insC	ins	0.2148	0.5446	0.9007	0.9718	1.0	0.5909	0.6385		
RNU5A-1	secondary	chr15	65296098	A	AG	chr15:65296098:A:AG	n.48_49insG	ins	0.2148	0.5446	0.9007	0.9718	1.0	0.5909	0.6385		
RNU5A-1	secondary	chr15	65296098	A	AT	chr15:65296098:A:AT	n.48_49insT	ins	0.2148	0.5446	0.9007	0.9718	1.0	0.5909	0.6385		
RNU5A-1	secondary	chr15	65296098	A	C	chr15:65296098:A:C	n.48A>C	snv	0.2148	0.5446	0.9007	0.9718	1.0	0.5909	0.6385	17.8	
RNU5A-1	secondary	chr15	65296098	A	G	chr15:65296098:A:G	n.48A>G	snv	0.2148	0.5446	0.9007	0.9718	1.0	0.5909	0.6385	17.93	
RNU5A-1	secondary	chr15	65296098	A	T	chr15:65296098:A:T	n.48A>T	snv	0.2148	0.5446	0.9007	0.9718	1.0	0.5909	0.6385	18.61	
RNU5A-1	secondary	chr15	65296099	AG	A	chr15:65296099:AG:A	n.50del	del	0.1356	0.3873	0.7205	0.7667	0.7778	0.5077	0.5527		
RNU5A-1	secondary	chr15	65296099	A	AC	chr15:65296099:A:AC	n.49_50insC	ins	0.1579	0.4286	0.7811	0.8761	0.8889	0.5	0.5527		
RNU5A-1	secondary	chr15	65296099	A	AG	chr15:65296099:A:AG	n.49_50insG	ins	0.1579	0.4286	0.7811	0.8761	0.8889	0.5	0.5527		
RNU5A-1	secondary	chr15	65296099	A	AT	chr15:65296099:A:AT	n.49_50insT	ins	0.1579	0.4286	0.7811	0.8761	0.8889	0.5	0.5527		
RNU5A-1	secondary	chr15	65296099	A	C	chr15:65296099:A:C	n.49A>C	snv	0.1592	0.4443	0.825	0.9155	0.8889	0.5	0.6385	17.91	
RNU5A-1	secondary	chr15	65296099	A	G	chr15:65296099:A:G	n.49A>G	snv	0.1592	0.4443	0.825	0.9155	0.8889	0.5	0.6385	17.93	
RNU5A-1	secondary	chr15	65296099	A	T	chr15:65296099:A:T	n.49A>T	snv	0.1592	0.4443	0.825	0.9155	0.8889	0.5	0.6385	18.13	
RNU5A-1	secondary	chr15	65296100	G	A	chr15:65296100:G:A	n.50G>A	snv	0.1356	0.3873	0.7205	0.7667	0.7778	0.5077	0.5527	19.3	
RNU5A-1	secondary	chr15	65296100	G	C	chr15:65296100:G:C	n.50G>C	snv	0.1356	0.3873	0.7205	0.7667	0.7778	0.5077	0.5527	19.05	
RNU5A-1	secondary	chr15	65296100	GA	G	chr15:65296100:GA:G	n.51del	del	0.1761	0.4895	0.6373	0.6461	0.7778	0.5643	0.3811		
RNU5A-1	secondary	chr15	65296100	G	GA	chr15:65296100:G:GA	n.50_51insA	ins	0.1334	0.3827	0.6373	0.6461	0.7778	0.5077	0.3811		
RNU5A-1	secondary	chr15	65296100	G	GC	chr15:65296100:G:GC	n.50_51insC	ins	0.1334	0.3827	0.6373	0.6461	0.7778	0.5077	0.3811		
RNU5A-1	secondary	chr15	65296100	G	GT	chr15:65296100:G:GT	n.50_51insT	ins	0.1334	0.3827	0.6373	0.6461	0.7778	0.5077	0.3811		
RNU5A-1	secondary	chr15	65296100	G	T	chr15:65296100:G:T	n.50G>T	snv	0.1356	0.3873	0.7205	0.7667	0.7778	0.5077	0.5527	19.5	
RNU5A-1	secondary	chr15	65296101	AT	A	chr15:65296101:AT:A	n.52del	del	0.2754	0.6284	0.7644	0.8453	0.7778	0.6808	0.6385		
RNU5A-1	secondary	chr15	65296101	A	AC	chr15:65296101:A:AC	n.51_52insC	ins	0.1802	0.498	0.7644	0.8453	0.7778	0.5643	0.6385		
RNU5A-1	secondary	chr15	65296101	A	AG	chr15:65296101:A:AG	n.51_52insG	ins	0.1802	0.498	0.7644	0.8453	0.7778	0.5643	0.6385		
RNU5A-1	secondary	chr15	65296101	A	AT	chr15:65296101:A:AT	n.51_52insT	ins	0.1802	0.498	0.7644	0.8453	0.7778	0.5643	0.6385		
RNU5A-1	secondary	chr15	65296101	A	C	chr15:65296101:A:C	n.51A>C	snv	0.1761	0.4895	0.6373	0.6461	0.7778	0.5643	0.3811	16.26	
RNU5A-1	secondary	chr15	65296101	A	G	chr15:65296101:A:G	n.51A>G	snv	0.1761	0.4895	0.6373	0.6461	0.7778	0.5643	0.3811	16.6	
RNU5A-1	secondary	chr15	65296101	A	T	chr15:65296101:A:T	n.51A>T	snv	0.1761	0.4895	0.6373	0.6461	0.7778	0.5643	0.3811	16.5	
RNU5A-1	secondary	chr15	65296102	T	A	chr15:65296102:T:A	n.52T>A	snv	0.2754	0.6284	0.7644	0.8453	0.7778	0.6808	0.6385	17.53	
RNU5A-1	secondary	chr15	65296102	T	C	chr15:65296102:T:C	n.52T>C	snv	0.2754	0.6284	0.7644	0.8453	0.7778	0.6808	0.6385	17.52	
RNU5A-1	secondary	chr15	65296102	T	G	chr15:65296102:T:G	n.52T>G	snv	0.2754	0.6284	0.7644	0.8453	0.7778	0.6808	0.6385	17.51	
RNU5A-1	secondary	chr15	65296102	T	TA	chr15:65296102:T:TA	n.52_53insA	ins	0.2723	0.6186	0.694	0.7398	0.7778	0.6808	0.4883		
RNU5A-1	secondary	chr15	65296102	T	TC	chr15:65296102:T:TC	n.52_53insC	ins	0.2723	0.6186	0.694	0.7398	0.7778	0.6808	0.4883		
RNU5A-1	secondary	chr15	65296102	T	TG	chr15:65296102:T:TG	n.52_53insG	ins	0.2723	0.6186	0.694	0.7398	0.7778	0.6808	0.4883		
RNU5A-1	secondary	chr15	65296103	T	A	chr15:65296103:T:A	n.53T>A	snv	0.4069	0.8185	0.7546	0.8277	0.8889	0.868	0.4883	17.73	
RNU5A-1	secondary	chr15	65296103	T	C	chr15:65296103:T:C	n.53T>C	snv	0.4069	0.8185	0.7546	0.8277	0.8889	0.868	0.4883	17.52	
RNU5A-1	secondary	chr15	65296103	T	G	chr15:65296103:T:G	n.53T>G	snv	0.4069	0.8185	0.7546	0.8277	0.8889	0.868	0.4883	17.54	
RNU5A-1	secondary	chr15	65296103	T	TA	chr15:65296103:T:TA	n.53_54insA	ins	0.4069	0.8185	0.7546	0.8277	0.8889	0.868	0.4883		
RNU5A-1	secondary	chr15	65296103	T	TC	chr15:65296103:T:TC	n.53_54insC	ins	0.4069	0.8185	0.7546	0.8277	0.8889	0.868	0.4883		
RNU5A-1	secondary	chr15	65296103	T	TG	chr15:65296103:T:TG	n.53_54insG	ins	0.4069	0.8185	0.7546	0.8277	0.8889	0.868	0.4883		
RNU5A-1	secondary	chr15	65296104	T	A	chr15:65296104:T:A	n.54T>A	snv	0.4401	0.8624	0.8303	0.9384	1.0	0.9429	0.4883	17.76	
RNU5A-1	secondary	chr15	65296104	T	C	chr15:65296104:T:C	n.54T>C	snv	0.4401	0.8624	0.8303	0.9384	1.0	0.9429	0.4883	17.77	
RNU5A-1	secondary	chr15	65296104	T	G	chr15:65296104:T:G	n.54T>G	snv	0.4401	0.8624	0.8303	0.9384	1.0	0.9429	0.4883	17.5	
RNU5A-1	secondary	chr15	65296104	TC	T	chr15:65296104:TC:T	n.55del	del	0.4924	0.9692	0.942	0.9961	1.0	0.9917	0.7243		
RNU5A-1	secondary	chr15	65296104	T	TA	chr15:65296104:T:TA	n.54_55insA	ins	0.4462	0.8807	0.942	0.9961	1.0	0.9429	0.7243		
RNU5A-1	secondary	chr15	65296104	T	TC	chr15:65296104:T:TC	n.54_55insC	ins	0.4462	0.8807	0.942	0.9961	1.0	0.9429	0.7243		
RNU5A-1	secondary	chr15	65296104	T	TG	chr15:65296104:T:TG	n.54_55insG	ins	0.4462	0.8807	0.942	0.9961	1.0	0.9429	0.7243		
RNU5A-1	secondary	chr15	65296105	C	A	chr15:65296105:C:A	n.55C>A	snv	0.4924	0.9692	0.942	0.9961	1.0	0.9917	0.7243	18.4	
RNU5A-1	secondary	chr15	65296105	C	CA	chr15:65296105:C:CA	n.55_56insA	ins	0.4763	0.9318	0.6494	0.6638	1.0	0.9917	0.1022		
RNU5A-1	secondary	chr15	65296105	C	CG	chr15:65296105:C:CG	n.55_56insG	ins	0.4763	0.9318	0.6494	0.6638	1.0	0.9917	0.1022		
RNU5A-1	secondary	chr15	65296105	C	CT	chr15:65296105:C:CT	n.55_56insT	ins	0.4763	0.9318	0.6494	0.6638	1.0	0.9917	0.1022		
RNU5A-1	secondary	chr15	65296105	C	G	chr15:65296105:C:G	n.55C>G	snv	0.4924	0.9692	0.942	0.9961	1.0	0.9917	0.7243	18.64	
RNU5A-1	secondary	chr15	65296105	C	T	chr15:65296105:C:T	n.55C>T	snv	0.4924	0.9692	0.942	0.9961	1.0	0.9917	0.7243	18.42	
RNU5A-1	secondary	chr15	65296106	C	A	chr15:65296106:C:A	n.56C>A	snv	0.4804	0.9423	0.6494	0.6638	1.0	0.9899	0.1022	16.52	
RNU5A-1	secondary	chr15	65296106	CG	C	chr15:65296106:CG:C	n.57del	del	0.4866	0.9509	0.713	0.7582	0.8889	0.9511	0.424		
RNU5A-1	secondary	chr15	65296106	C	CA	chr15:65296106:C:CA	n.56_57insA	ins	0.488	0.9554	0.7887	0.882	1.0	0.9899	0.424		
RNU5A-1	secondary	chr15	65296106	C	CG	chr15:65296106:C:CG	n.56_57insG	ins	0.488	0.9554	0.7887	0.882	1.0	0.9899	0.424		
RNU5A-1	secondary	chr15	65296106	C	CT	chr15:65296106:C:CT	n.56_57insT	ins	0.488	0.9554	0.7887	0.882	1.0	0.9899	0.424		
RNU5A-1	secondary	chr15	65296106	C	G	chr15:65296106:C:G	n.56C>G	snv	0.4804	0.9423	0.6494	0.6638	1.0	0.9899	0.1022	16.26	
RNU5A-1	secondary	chr15	65296106	C	T	chr15:65296106:C:T	n.56C>T	snv	0.4804	0.9423	0.6494	0.6638	1.0	0.9899	0.1022	16.96	
RNU5A-1	secondary	chr15	65296107	G	A	chr15:65296107:G:A	n.57G>A	snv	0.4866	0.9509	0.713	0.7582	0.8889	0.9511	0.424	17.22	
RNU5A-1	secondary	chr15	65296107	G	C	chr15:65296107:G:C	n.57G>C	snv	0.4866	0.9509	0.713	0.7582	0.8889	0.9511	0.424	17.04	
RNU5A-1	secondary	chr15	65296107	GT	G	chr15:65296107:GT:G	n.58del	del	0.4455	0.8761	0.7546	0.8277	0.8889	0.9193	0.4883		
RNU5A-1	secondary	chr15	65296107	G	GA	chr15:65296107:G:GA	n.57_58insA	ins	0.4889	0.9646	0.7546	0.8277	0.8889	0.9511	0.4883		
RNU5A-1	secondary	chr15	65296107	G	GC	chr15:65296107:G:GC	n.57_58insC	ins	0.4889	0.9646	0.7546	0.8277	0.8889	0.9511	0.4883		
RNU5A-1	secondary	chr15	65296107	G	GT	chr15:65296107:G:GT	n.57_58insT	ins	0.4889	0.9646	0.7546	0.8277	0.8889	0.9511	0.4883		
RNU5A-1	secondary	chr15	65296107	G	T	chr15:65296107:G:T	n.57G>T	snv	0.4866	0.9509	0.713	0.7582	0.8889	0.9511	0.424	16.98	
RNU5A-1	secondary	chr15	65296108	T	A	chr15:65296108:T:A	n.58T>A	snv	0.4455	0.8761	0.7546	0.8277	0.8889	0.9193	0.4883	16.46	
RNU5A-1	secondary	chr15	65296108	T	C	chr15:65296108:T:C	n.58T>C	snv	0.4455	0.8761	0.7546	0.8277	0.8889	0.9193	0.4883	16.81	
RNU5A-1	secondary	chr15	65296108	T	G	chr15:65296108:T:G	n.58T>G	snv	0.4455	0.8761	0.7546	0.8277	0.8889	0.9193	0.4883	17.27	
RNU5A-1	secondary	chr15	65296108	TG	T	chr15:65296108:TG:T	n.59del	del	0.276	0.6396	0.7205	0.7667	0.7778	0.7005	0.5527		
RNU5A-1	secondary	chr15	65296108	TGGAGAGGAACAAC	T	chr15:65296108:TGGAGAGGAACAAC:T		del	0.276	0.6396	0.7205	0.7667	0.7778	0.7005	0.5527		
RNU5A-1	secondary	chr15	65296108	T	TA	chr15:65296108:T:TA	n.58_59insA	ins	0.447	0.8847	0.7811	0.8761	0.8889	0.9193	0.5527		
RNU5A-1	secondary	chr15	65296108	T	TC	chr15:65296108:T:TC	n.58_59insC	ins	0.447	0.8847	0.7811	0.8761	0.8889	0.9193	0.5527		
RNU5A-1	secondary	chr15	65296108	T	TG	chr15:65296108:T:TG	n.58_59insG	ins	0.447	0.8847	0.7811	0.8761	0.8889	0.9193	0.5527		
RNU5A-1	secondary	chr15	65296109	G	A	chr15:65296109:G:A	n.59G>A	snv	0.276	0.6396	0.7205	0.7667	0.7778	0.7005	0.5527	19.58	
RNU5A-1	secondary	chr15	65296109	G	C	chr15:65296109:G:C	n.59G>C	snv	0.276	0.6396	0.7205	0.7667	0.7778	0.7005	0.5527	18.16	
RNU5A-1	secondary	chr15	65296109	G	GA	chr15:65296109:G:GA	n.59_60insA	ins	0.2714	0.6107	0.616	0.6225	0.7778	0.7005	0.3596		
RNU5A-1	secondary	chr15	65296109	G	GC	chr15:65296109:G:GC	n.59_60insC	ins	0.2714	0.6107	0.616	0.6225	0.7778	0.7005	0.3596		
RNU5A-1	secondary	chr15	65296109	G	GT	chr15:65296109:G:GT	n.59_60insT	ins	0.2714	0.6107	0.616	0.6225	0.7778	0.7005	0.3596		
RNU5A-1	secondary	chr15	65296109	G	T	chr15:65296109:G:T	n.59G>T	snv	0.276	0.6396	0.7205	0.7667	0.7778	0.7005	0.5527	18.95	
RNU5A-1	secondary	chr15	65296110	G	A	chr15:65296110:G:A	n.60G>A	snv	0.1619	0.4574	0.5223	0.5079	0.5556	0.5542	0.3596	15.14	
RNU5A-1	secondary	chr15	65296110	G	C	chr15:65296110:G:C	n.60G>C	snv	0.1619	0.4574	0.5223	0.5079	0.5556	0.5542	0.3596	15.6	
RNU5A-1	secondary	chr15	65296110	GA	G	chr15:65296110:GA:G	n.61del	del	0.1448	0.4109	0.3404	0.306	0.4444	0.5333	0.03786		
RNU5A-1	secondary	chr15	65296110	G	GA	chr15:65296110:G:GA	n.60_61insA	ins	0.1579	0.4325	0.3883	0.3434	0.5556	0.5542	0.03786		
RNU5A-1	secondary	chr15	65296110	G	GC	chr15:65296110:G:GC	n.60_61insC	ins	0.1579	0.4325	0.3883	0.3434	0.5556	0.5542	0.03786		
RNU5A-1	secondary	chr15	65296110	G	GT	chr15:65296110:G:GT	n.60_61insT	ins	0.1579	0.4325	0.3883	0.3434	0.5556	0.5542	0.03786		
RNU5A-1	secondary	chr15	65296110	G	T	chr15:65296110:G:T	n.60G>T	snv	0.1619	0.4574	0.5223	0.5079	0.5556	0.5542	0.3596	16.39	
RNU5A-1	secondary	chr15	65296111	AG	A	chr15:65296111:AG:A	n.62del	del	0.189	0.5066	0.5056	0.4771	0.1111	0.6	0.5527		
RNU5A-1	secondary	chr15	65296111	A	AC	chr15:65296111:A:AC	n.61_62insC	ins	0.1514	0.4155	0.579	0.5806	0.4444	0.5333	0.5527		
RNU5A-1	secondary	chr15	65296111	A	AG	chr15:65296111:A:AG	n.61_62insG	ins	0.1514	0.4155	0.579	0.5806	0.4444	0.5333	0.5527		
RNU5A-1	secondary	chr15	65296111	A	AT	chr15:65296111:A:AT	n.61_62insT	ins	0.1514	0.4155	0.579	0.5806	0.4444	0.5333	0.5527		
RNU5A-1	secondary	chr15	65296111	A	C	chr15:65296111:A:C	n.61A>C	snv	0.1448	0.4109	0.3404	0.306	0.4444	0.5333	0.03786	16.68	
RNU5A-1	secondary	chr15	65296111	A	G	chr15:65296111:A:G	n.61A>G	snv	0.1448	0.4109	0.3404	0.306	0.4444	0.5333	0.03786	17.8	
RNU5A-1	secondary	chr15	65296111	A	T	chr15:65296111:A:T	n.61A>T	snv	0.1448	0.4109	0.3404	0.306	0.4444	0.5333	0.03786	16.99	
RNU5A-1	secondary	chr15	65296112	G	A	chr15:65296112:G:A	n.62G>A	snv	0.189	0.5066	0.5056	0.4771	0.1111	0.6	0.5527	17.02	
RNU5A-1	secondary	chr15	65296112	G	C	chr15:65296112:G:C	n.62G>C	snv	0.189	0.5066	0.5056	0.4771	0.1111	0.6	0.5527	16.97	
RNU5A-1	secondary	chr15	65296112	GA	G	chr15:65296112:GA:G	n.63del	del	0.2887	0.6612	0.4984	0.4522	0.5556	0.787	0.2953		
RNU5A-1	secondary	chr15	65296112	G	GA	chr15:65296112:G:GA	n.62_63insA	ins	0.1847	0.502	0.3771	0.3316	0.1111	0.6	0.2953		
RNU5A-1	secondary	chr15	65296112	G	GC	chr15:65296112:G:GC	n.62_63insC	ins	0.1847	0.502	0.3771	0.3316	0.1111	0.6	0.2953		
RNU5A-1	secondary	chr15	65296112	G	GT	chr15:65296112:G:GT	n.62_63insT	ins	0.1847	0.502	0.3771	0.3316	0.1111	0.6	0.2953		
RNU5A-1	secondary	chr15	65296112	G	T	chr15:65296112:G:T	n.62G>T	snv	0.189	0.5066	0.5056	0.4771	0.1111	0.6	0.5527	17.39	
RNU5A-1	secondary	chr15	65296113	AG	A	chr15:65296113:AG:A	n.64del	del	0.4129	0.8303	0.4948	0.4371	0.6667	0.8522	0.1451		
RNU5A-1	secondary	chr15	65296113	A	AC	chr15:65296113:A:AC	n.63_64insC	ins	0.2861	0.6566	0.4413	0.3945	0.5556	0.787	0.1451		
RNU5A-1	secondary	chr15	65296113	A	AG	chr15:65296113:A:AG	n.63_64insG	ins	0.2861	0.6566	0.4413	0.3945	0.5556	0.787	0.1451		
RNU5A-1	secondary	chr15	65296113	A	AT	chr15:65296113:A:AT	n.63_64insT	ins	0.2861	0.6566	0.4413	0.3945	0.5556	0.787	0.1451		
RNU5A-1	secondary	chr15	65296113	A	C	chr15:65296113:A:C	n.63A>C	snv	0.2887	0.6612	0.4984	0.4522	0.5556	0.787	0.2953	14.18	
RNU5A-1	secondary	chr15	65296113	A	G	chr15:65296113:A:G	n.63A>G	snv	0.2887	0.6612	0.4984	0.4522	0.5556	0.787	0.2953	15.72	
RNU5A-1	secondary	chr15	65296113	A	T	chr15:65296113:A:T	n.63A>T	snv	0.2887	0.6612	0.4984	0.4522	0.5556	0.787	0.2953	14.14	
RNU5A-1	secondary	chr15	65296114	G	A	chr15:65296114:G:A	n.64G>A	snv	0.4129	0.8303	0.4948	0.4371	0.6667	0.8522	0.1451	15.52	
RNU5A-1	secondary	chr15	65296114	G	C	chr15:65296114:G:C	n.64G>C	snv	0.4129	0.8303	0.4948	0.4371	0.6667	0.8522	0.1451	15.26	
RNU5A-1	secondary	chr15	65296114	G	GA	chr15:65296114:G:GA	n.64_65insA	ins	0.4032	0.8087	0.3109	0.2621	0.6667	0.8522	-1.421		
RNU5A-1	secondary	chr15	65296114	G	GC	chr15:65296114:G:GC	n.64_65insC	ins	0.4032	0.8087	0.3109	0.2621	0.6667	0.8522	-1.421		
RNU5A-1	secondary	chr15	65296114	G	GT	chr15:65296114:G:GT	n.64_65insT	ins	0.4032	0.8087	0.3109	0.2621	0.6667	0.8522	-1.421		
RNU5A-1	secondary	chr15	65296114	G	T	chr15:65296114:G:T	n.64G>T	snv	0.4129	0.8303	0.4948	0.4371	0.6667	0.8522	0.1451	15.3	
RNU5A-1	secondary	chr15	65296115	G	A	chr15:65296115:G:A	n.65G>A	snv	0.365	0.7549	0.2575	0.1959	0.5556	0.787	-1.421	2.25	
RNU5A-1	secondary	chr15	65296115	G	C	chr15:65296115:G:C	n.65G>C	snv	0.365	0.7549	0.2575	0.1959	0.5556	0.787	-1.421	1.94	
RNU5A-1	secondary	chr15	65296115	GA	G	chr15:65296115:GA:G	n.66del	del	0.3101	0.6966	0.3771	0.3316	0.1111	0.6833	0.2953		
RNU5A-1	secondary	chr15	65296115	G	GA	chr15:65296115:G:GA	n.65_66insA	ins	0.3773	0.7667	0.4984	0.4522	0.5556	0.787	0.2953		
RNU5A-1	secondary	chr15	65296115	G	GC	chr15:65296115:G:GC	n.65_66insC	ins	0.3773	0.7667	0.4984	0.4522	0.5556	0.787	0.2953		
RNU5A-1	secondary	chr15	65296115	G	GT	chr15:65296115:G:GT	n.65_66insT	ins	0.3773	0.7667	0.4984	0.4522	0.5556	0.787	0.2953		
RNU5A-1	secondary	chr15	65296115	G	T	chr15:65296115:G:T	n.65G>T	snv	0.365	0.7549	0.2575	0.1959	0.5556	0.787	-1.421	2.951	
RNU5A-1	secondary	chr15	65296116	A	AC	chr15:65296116:A:AC	n.66_67insC	ins	0.3074	0.6868	0.3201	0.268	0.1111	0.6833	0.1451		
RNU5A-1	secondary	chr15	65296116	A	AG	chr15:65296116:A:AG	n.66_67insG	ins	0.3074	0.6868	0.3201	0.268	0.1111	0.6833	0.1451		
RNU5A-1	secondary	chr15	65296116	A	AT	chr15:65296116:A:AT	n.66_67insT	ins	0.3074	0.6868	0.3201	0.268	0.1111	0.6833	0.1451		
RNU5A-1	secondary	chr15	65296116	A	C	chr15:65296116:A:C	n.66A>C	snv	0.3101	0.6966	0.3771	0.3316	0.1111	0.6833	0.2953	15.95	
RNU5A-1	secondary	chr15	65296116	A	G	chr15:65296116:A:G	n.66A>G	snv	0.3101	0.6966	0.3771	0.3316	0.1111	0.6833	0.2953	16.35	
RNU5A-1	secondary	chr15	65296116	A	T	chr15:65296116:A:T	n.66A>T	snv	0.3101	0.6966	0.3771	0.3316	0.1111	0.6833	0.2953	16.33	
RNU5A-1	secondary	chr15	65296117	AC	A	chr15:65296117:AC:A	n.68del	del	0.06424	0.0924	0.2929	0.2418	0.2222	0.09064	0.03786		
RNU5A-1	secondary	chr15	65296117	A	AC	chr15:65296117:A:AC	n.67_68insC	ins	0.1182	0.3132	0.267	0.2241	0.1111	0.3039	0.03786		
RNU5A-1	secondary	chr15	65296117	A	AG	chr15:65296117:A:AG	n.67_68insG	ins	0.1182	0.3132	0.267	0.2241	0.1111	0.3039	0.03786		
RNU5A-1	secondary	chr15	65296117	A	AT	chr15:65296117:A:AT	n.67_68insT	ins	0.1182	0.3132	0.267	0.2241	0.1111	0.3039	0.03786		
RNU5A-1	secondary	chr15	65296117	A	C	chr15:65296117:A:C	n.67A>C	snv	0.1195	0.3172	0.3201	0.268	0.1111	0.3039	0.1451	11.97	
RNU5A-1	secondary	chr15	65296117	A	G	chr15:65296117:A:G	n.67A>G	snv	0.1195	0.3172	0.3201	0.268	0.1111	0.3039	0.1451	12.17	
RNU5A-1	secondary	chr15	65296117	A	T	chr15:65296117:A:T	n.67A>T	snv	0.1195	0.3172	0.3201	0.268	0.1111	0.3039	0.1451	11.84	
RNU5A-1	secondary	chr15	65296118	C	A	chr15:65296118:C:A	n.68C>A	snv	0.06424	0.0924	0.2929	0.2418	0.2222	0.09064	0.03786	11.79	
RNU5A-1	secondary	chr15	65296118	CA	C	chr15:65296118:CA:C	n.69del	del	0.05283	0.0249	0.1923	0.1284	0.0	0.05481	-0.00504		
RNU5A-1	secondary	chr15	65296118	C	CA	chr15:65296118:C:CA	n.68_69insA	ins	0.06391	0.08257	0.2677	0.228	0.2222	0.09064	-0.00504		
RNU5A-1	secondary	chr15	65296118	C	CG	chr15:65296118:C:CG	n.68_69insG	ins	0.06391	0.08257	0.2677	0.228	0.2222	0.09064	-0.00504		
RNU5A-1	secondary	chr15	65296118	C	CT	chr15:65296118:C:CT	n.68_69insT	ins	0.06391	0.08257	0.2677	0.228	0.2222	0.09064	-0.00504		
RNU5A-1	secondary	chr15	65296118	C	G	chr15:65296118:C:G	n.68C>G	snv	0.06424	0.0924	0.2929	0.2418	0.2222	0.09064	0.03786	10.56	
RNU5A-1	secondary	chr15	65296118	C	T	chr15:65296118:C:T	n.68C>T	snv	0.06424	0.0924	0.2929	0.2418	0.2222	0.09064	0.03786	12.59	
RNU5A-1	secondary	chr15	65296119	A	AC	chr15:65296119:A:AC	n.69_70insC	ins	0.05283	0.0249	0.1923	0.1284	0.0	0.05481	-0.00504		
RNU5A-1	secondary	chr15	65296119	A	AG	chr15:65296119:A:AG	n.69_70insG	ins	0.05283	0.0249	0.1923	0.1284	0.0	0.05481	-0.00504		
RNU5A-1	secondary	chr15	65296119	A	AT	chr15:65296119:A:AT	n.69_70insT	ins	0.05283	0.0249	0.1923	0.1284	0.0	0.05481	-0.00504		
RNU5A-1	secondary	chr15	65296119	A	C	chr15:65296119:A:C	n.69A>C	snv	0.05283	0.0249	0.1923	0.1284	0.0	0.05481	-0.00504	8.042	
RNU5A-1	secondary	chr15	65296119	A	G	chr15:65296119:A:G	n.69A>G	snv	0.05283	0.0249	0.1923	0.1284	0.0	0.05481	-0.00504	8.314	
RNU5A-1	secondary	chr15	65296119	A	T	chr15:65296119:A:T	n.69A>T	snv	0.05283	0.0249	0.1923	0.1284	0.0	0.05481	-0.00504	8.414	
RNU5A-1	secondary	chr15	65296120	AC	A	chr15:65296120:AC:A	n.71del	del	0.08682	0.2051	0.06193	0.02752	0.0	0.3031	-2.0		
RNU5A-1	secondary	chr15	65296120	ACT	A	chr15:65296120:ACT:A		del	0.08682	0.2051	0.06193	0.02752	0.0	0.3031	-2.0		
RNU5A-1	secondary	chr15	65296120	A	AC	chr15:65296120:A:AC	n.70_71insC	ins	0.05988	0.06553	0.06193	0.02752	0.0	0.1552	-2.0		
RNU5A-1	secondary	chr15	65296120	A	ACT	chr15:65296120:A:ACT		ins	0.08682	0.2051	0.06193	0.02752	0.0	0.3031	-2.0		
RNU5A-1	secondary	chr15	65296120	A	AG	chr15:65296120:A:AG	n.70_71insG	ins	0.05988	0.06553	0.06193	0.02752	0.0	0.1552	-2.0		
RNU5A-1	secondary	chr15	65296120	A	AT	chr15:65296120:A:AT	n.70_71insT	ins	0.05988	0.06553	0.06193	0.02752	0.0	0.1552	-2.0		
RNU5A-1	secondary	chr15	65296120	A	C	chr15:65296120:A:C	n.70A>C	snv	0.06151	0.07471	0.1923	0.1284	0.0	0.1552	-0.00504	4.337	
RNU5A-1	secondary	chr15	65296120	A	G	chr15:65296120:A:G	n.70A>G	snv	0.06151	0.07471	0.1923	0.1284	0.0	0.1552	-0.00504	4.934	
RNU5A-1	secondary	chr15	65296120	A	T	chr15:65296120:A:T	n.70A>T	snv	0.06151	0.07471	0.1923	0.1284	0.0	0.1552	-0.00504	4.362	
RNU5A-1	secondary	chr15	65296121	C	A	chr15:65296121:C:A	n.71C>A	snv	0.08682	0.2051	0.06193	0.02752	0.0	0.3031	-2.0	0.012	
RNU5A-1	secondary	chr15	65296121	CT	C	chr15:65296121:CT:C	n.72del	del	0.09221	0.2287	0.2644	0.2143	0.4	0.3063	-0.1123		
RNU5A-1	secondary	chr15	65296121	C	CA	chr15:65296121:C:CA	n.71_72insA	ins	0.08841	0.2163	0.1524	0.1088	0.0	0.3031	-0.1123		
RNU5A-1	secondary	chr15	65296121	C	CG	chr15:65296121:C:CG	n.71_72insG	ins	0.08841	0.2163	0.1524	0.1088	0.0	0.3031	-0.1123		
RNU5A-1	secondary	chr15	65296121	C	CT	chr15:65296121:C:CT	n.71_72insT	ins	0.08841	0.2163	0.1524	0.1088	0.0	0.3031	-0.1123		
RNU5A-1	secondary	chr15	65296121	C	G	chr15:65296121:C:G	n.71C>G	snv	0.08682	0.2051	0.06193	0.02752	0.0	0.3031	-2.0	0.009	
RNU5A-1	secondary	chr15	65296121	C	T	chr15:65296121:C:T	n.71C>T	snv	0.08682	0.2051	0.06193	0.02752	0.0	0.3031	-2.0	0.015	
RNU5A-1	secondary	chr15	65296122	T	A	chr15:65296122:T:A	n.72T>A	snv	0.09221	0.2287	0.2644	0.2143	0.4	0.3063	-0.1123	8.474	
RNU5A-1	secondary	chr15	65296122	T	C	chr15:65296122:T:C	n.72T>C	snv	0.09221	0.2287	0.2644	0.2143	0.4	0.3063	-0.1123	9.173	
RNU5A-1	secondary	chr15	65296122	T	G	chr15:65296122:T:G	n.72T>G	snv	0.09221	0.2287	0.2644	0.2143	0.4	0.3063	-0.1123	8.706	
RNU5A-1	secondary	chr15	65296122	TC	T	chr15:65296122:TC:T	n.73del	del	0.1094	0.2798	0.3473	0.3113	0.6	0.4583	-0.1337		
RNU5A-1	secondary	chr15	65296122	T	TA	chr15:65296122:T:TA	n.72_73insA	ins	0.09209	0.2241	0.2575	0.1959	0.4	0.3063	-0.1337		
RNU5A-1	secondary	chr15	65296122	T	TC	chr15:65296122:T:TC	n.72_73insC	ins	0.09209	0.2241	0.2575	0.1959	0.4	0.3063	-0.1337		
RNU5A-1	secondary	chr15	65296122	T	TG	chr15:65296122:T:TG	n.72_73insG	ins	0.09209	0.2241	0.2575	0.1959	0.4	0.3063	-0.1337		
RNU5A-1	secondary	chr15	65296123	C	A	chr15:65296123:C:A	n.73C>A	snv	0.1094	0.2798	0.3473	0.3113	0.6	0.4583	-0.1337	4.553	
RNU5A-1	secondary	chr15	65296123	CT	C	chr15:65296123:CT:C	n.74del	del	0.1628	0.4712	0.6425	0.6533	0.8	0.6019	0.3596		
RNU5A-1	secondary	chr15	65296123	C	CA	chr15:65296123:C:CA	n.73_74insA	ins	0.1139	0.2896	0.5534	0.5478	0.6	0.4583	0.3596		
RNU5A-1	secondary	chr15	65296123	C	CG	chr15:65296123:C:CG	n.73_74insG	ins	0.1139	0.2896	0.5534	0.5478	0.6	0.4583	0.3596		
RNU5A-1	secondary	chr15	65296123	C	CT	chr15:65296123:C:CT	n.73_74insT	ins	0.1139	0.2896	0.5534	0.5478	0.6	0.4583	0.3596		
RNU5A-1	secondary	chr15	65296123	C	G	chr15:65296123:C:G	n.73C>G	snv	0.1094	0.2798	0.3473	0.3113	0.6	0.4583	-0.1337	4.759	
RNU5A-1	secondary	chr15	65296123	C	T	chr15:65296123:C:T	n.73C>T	snv	0.1094	0.2798	0.3473	0.3113	0.6	0.4583	-0.1337	5.385	
RNU5A-1	secondary	chr15	65296124	T	A	chr15:65296124:T:A	n.74T>A	snv	0.1628	0.4712	0.6425	0.6533	0.8	0.6019	0.3596	12.17	
RNU5A-1	secondary	chr15	65296124	T	C	chr15:65296124:T:C	n.74T>C	snv	0.1628	0.4712	0.6425	0.6533	0.8	0.6019	0.3596	12.5	
RNU5A-1	secondary	chr15	65296124	T	G	chr15:65296124:T:G	n.74T>G	snv	0.1628	0.4712	0.6425	0.6533	0.8	0.6019	0.3596	12.31	
RNU5A-1	secondary	chr15	65296124	TG	T	chr15:65296124:TG:T	n.75del	del	0.1998	0.521	0.6769	0.7294	0.5	0.6182	0.6814		
RNU5A-1	secondary	chr15	65296124	T	TA	chr15:65296124:T:TA	n.74_75insA	ins	0.1684	0.481	0.8277	0.9279	0.8	0.6019	0.6814		
RNU5A-1	secondary	chr15	65296124	T	TC	chr15:65296124:T:TC	n.74_75insC	ins	0.1684	0.481	0.8277	0.9279	0.8	0.6019	0.6814		
RNU5A-1	secondary	chr15	65296124	T	TG	chr15:65296124:T:TG	n.74_75insG	ins	0.1684	0.481	0.8277	0.9279	0.8	0.6019	0.6814		
RNU5A-1	secondary	chr15	65296125	G	A	chr15:65296125:G:A	n.75G>A	snv	0.1998	0.521	0.6769	0.7294	0.5	0.6182	0.6814	12.66	
RNU5A-1	secondary	chr15	65296125	G	C	chr15:65296125:G:C	n.75G>C	snv	0.1998	0.521	0.6769	0.7294	0.5	0.6182	0.6814	11.87	
RNU5A-1	secondary	chr15	65296125	GA	G	chr15:65296125:GA:G	n.76del	del	0.1249	0.344	0.5131	0.4928	0.5	0.4727	0.3811		
RNU5A-1	secondary	chr15	65296125	G	GA	chr15:65296125:G:GA	n.75_76insA	ins	0.1941	0.5111	0.5131	0.4928	0.5	0.6182	0.3811		
RNU5A-1	secondary	chr15	65296125	G	GC	chr15:65296125:G:GC	n.75_76insC	ins	0.1941	0.5111	0.5131	0.4928	0.5	0.6182	0.3811		
RNU5A-1	secondary	chr15	65296125	G	GT	chr15:65296125:G:GT	n.75_76insT	ins	0.1941	0.5111	0.5131	0.4928	0.5	0.6182	0.3811		
RNU5A-1	secondary	chr15	65296125	G	T	chr15:65296125:G:T	n.75G>T	snv	0.1998	0.521	0.6769	0.7294	0.5	0.6182	0.6814	12.99	
RNU5A-1	secondary	chr15	65296126	AG	A	chr15:65296126:AG:A	n.77del	del	0.1058	0.2746	0.5396	0.5229	0.5	0.2615	0.4454		
RNU5A-1	secondary	chr15	65296126	A	AC	chr15:65296126:A:AC	n.76_77insC	ins	0.1255	0.3526	0.5396	0.5229	0.5	0.4727	0.4454		
RNU5A-1	secondary	chr15	65296126	A	AG	chr15:65296126:A:AG	n.76_77insG	ins	0.1255	0.3526	0.5396	0.5229	0.5	0.4727	0.4454		
RNU5A-1	secondary	chr15	65296126	A	AT	chr15:65296126:A:AT	n.76_77insT	ins	0.1255	0.3526	0.5396	0.5229	0.5	0.4727	0.4454		
RNU5A-1	secondary	chr15	65296126	A	C	chr15:65296126:A:C	n.76A>C	snv	0.1249	0.344	0.5131	0.4928	0.5	0.4727	0.3811	12.66	
RNU5A-1	secondary	chr15	65296126	A	G	chr15:65296126:A:G	n.76A>G	snv	0.1249	0.344	0.5131	0.4928	0.5	0.4727	0.3811	13.16	
RNU5A-1	secondary	chr15	65296126	A	T	chr15:65296126:A:T	n.76A>T	snv	0.1249	0.344	0.5131	0.4928	0.5	0.4727	0.3811	13.03	
RNU5A-1	secondary	chr15	65296127	G	A	chr15:65296127:G:A	n.77G>A	snv	0.1058	0.2746	0.5396	0.5229	0.5	0.2615	0.4454	11.03	
RNU5A-1	secondary	chr15	65296127	G	C	chr15:65296127:G:C	n.77G>C	snv	0.1058	0.2746	0.5396	0.5229	0.5	0.2615	0.4454	10.61	
RNU5A-1	secondary	chr15	65296127	GT	G	chr15:65296127:GT:G	n.78del	del	0.05535	0.03997	0.5433	0.5341	0.75	0.1111	0.2309		
RNU5A-1	secondary	chr15	65296127	G	GA	chr15:65296127:G:GA	n.77_78insA	ins	0.1038	0.2608	0.444	0.401	0.5	0.2615	0.2309		
RNU5A-1	secondary	chr15	65296127	G	GC	chr15:65296127:G:GC	n.77_78insC	ins	0.1038	0.2608	0.444	0.401	0.5	0.2615	0.2309		
RNU5A-1	secondary	chr15	65296127	G	GT	chr15:65296127:G:GT	n.77_78insT	ins	0.1038	0.2608	0.444	0.401	0.5	0.2615	0.2309		
RNU5A-1	secondary	chr15	65296127	G	T	chr15:65296127:G:T	n.77G>T	snv	0.1058	0.2746	0.5396	0.5229	0.5	0.2615	0.4454	10.61	
RNU5A-1	secondary	chr15	65296128	T	A	chr15:65296128:T:A	n.78T>A	snv	0.05535	0.03997	0.5433	0.5341	0.75	0.1111	0.2309	9.741	
RNU5A-1	secondary	chr15	65296128	T	C	chr15:65296128:T:C	n.78T>C	snv	0.05535	0.03997	0.5433	0.5341	0.75	0.1111	0.2309	10.24	
RNU5A-1	secondary	chr15	65296128	T	G	chr15:65296128:T:G	n.78T>G	snv	0.05535	0.03997	0.5433	0.5341	0.75	0.1111	0.2309	9.904	
RNU5A-1	secondary	chr15	65296128	TC	T	chr15:65296128:TC:T	n.79del	del	0.06401	0.08716	0.06193	0.02752	0.0	0.1667	-2.0		
RNU5A-1	secondary	chr15	65296128	T	TA	chr15:65296128:T:TA	n.78_79insA	ins	0.05263	0.01835	0.3014	0.2562	0.75	0.1111	-2.0		
RNU5A-1	secondary	chr15	65296128	T	TC	chr15:65296128:T:TC	n.78_79insC	ins	0.05263	0.01835	0.3014	0.2562	0.75	0.1111	-2.0		
RNU5A-1	secondary	chr15	65296128	T	TG	chr15:65296128:T:TG	n.78_79insG	ins	0.05263	0.01835	0.3014	0.2562	0.75	0.1111	-2.0		
RNU5A-1	secondary	chr15	65296129	C	A	chr15:65296129:C:A	n.79C>A	snv	0.06401	0.08716	0.06193	0.02752	0.0	0.1667	-2.0	0.006	
RNU5A-1	secondary	chr15	65296129	CT	C	chr15:65296129:CT:C	n.80del	del	0.05989	0.07012	0.1658	0.1153	0.0	0.15	-0.04794		
RNU5A-1	secondary	chr15	65296129	C	CA	chr15:65296129:C:CA	n.79_80insA	ins	0.06539	0.1022	0.1658	0.1153	0.0	0.1667	-0.04794		
RNU5A-1	secondary	chr15	65296129	C	CG	chr15:65296129:C:CG	n.79_80insG	ins	0.06539	0.1022	0.1658	0.1153	0.0	0.1667	-0.04794		
RNU5A-1	secondary	chr15	65296129	C	CT	chr15:65296129:C:CT	n.79_80insT	ins	0.06539	0.1022	0.1658	0.1153	0.0	0.1667	-0.04794		
RNU5A-1	secondary	chr15	65296129	C	G	chr15:65296129:C:G	n.79C>G	snv	0.06401	0.08716	0.06193	0.02752	0.0	0.1667	-2.0	0.006	
RNU5A-1	secondary	chr15	65296129	C	T	chr15:65296129:C:T	n.79C>T	snv	0.06401	0.08716	0.06193	0.02752	0.0	0.1667	-2.0	0.008	
RNU5A-1	secondary	chr15	65296130	T	A	chr15:65296130:T:A	n.80T>A	snv	0.05989	0.07012	0.1658	0.1153	0.0	0.15	-0.04794	2.769	
RNU5A-1	secondary	chr15	65296130	T	C	chr15:65296130:T:C	n.80T>C	snv	0.05989	0.07012	0.1658	0.1153	0.0	0.15	-0.04794	1.675	
RNU5A-1	secondary	chr15	65296130	T	G	chr15:65296130:T:G	n.80T>G	snv	0.05989	0.07012	0.1658	0.1153	0.0	0.15	-0.04794	1.694	
RNU5A-1	secondary	chr15	65296130	T	TA	chr15:65296130:T:TA	n.80_81insA	ins	0.05938	0.05767	0.1242	0.09371	0.0	0.15	-0.477		
RNU5A-1	secondary	chr15	65296130	T	TC	chr15:65296130:T:TC	n.80_81insC	ins	0.05938	0.05767	0.1242	0.09371	0.0	0.15	-0.477		
RNU5A-1	secondary	chr15	65296130	T	TG	chr15:65296130:T:TG	n.80_81insG	ins	0.05938	0.05767	0.1242	0.09371	0.0	0.15	-0.477		
RNU5A-1	secondary	chr15	65296131	T	A	chr15:65296131:T:A	n.81T>A	snv	0.05099	0.006553	0.1242	0.09371	0.0	0.0	-0.477	1.841	
RNU5A-1	secondary	chr15	65296131	T	C	chr15:65296131:T:C	n.81T>C	snv	0.05099	0.006553	0.1242	0.09371	0.0	0.0	-0.477	2.073	
RNU5A-1	secondary	chr15	65296131	T	G	chr15:65296131:T:G	n.81T>G	snv	0.05099	0.006553	0.1242	0.09371	0.0	0.0	-0.477	1.9	
RNU5A-1	secondary	chr15	65296131	TA	T	chr15:65296131:TA:T	n.82del	del	0.0577	0.04522	0.09567	0.05898	0.0	0.125	-1.292		
RNU5A-1	secondary	chr15	65296131	T	TA	chr15:65296131:T:TA	n.81_82insA	ins	0.05068	0.002621	0.09567	0.05898	0.0	0.0	-1.292		
RNU5A-1	secondary	chr15	65296131	T	TC	chr15:65296131:T:TC	n.81_82insC	ins	0.05068	0.002621	0.09567	0.05898	0.0	0.0	-1.292		
RNU5A-1	secondary	chr15	65296131	T	TG	chr15:65296131:T:TG	n.81_82insG	ins	0.05068	0.002621	0.09567	0.05898	0.0	0.0	-1.292		
RNU5A-1	secondary	chr15	65296132	A	AACCCAAT	chr15:65296132:A:AACCCAAT		ins	0.06785	0.116	0.1409	0.1022	0.0	0.1875	-0.1767		
RNU5A-1	secondary	chr15	65296132	A	AC	chr15:65296132:A:AC	n.82_83insC	ins	0.05824	0.0498	0.1409	0.1022	0.0	0.125	-0.1767		
RNU5A-1	secondary	chr15	65296132	A	AG	chr15:65296132:A:AG	n.82_83insG	ins	0.05824	0.0498	0.1409	0.1022	0.0	0.125	-0.1767		
RNU5A-1	secondary	chr15	65296132	A	AT	chr15:65296132:A:AT	n.82_83insT	ins	0.05824	0.0498	0.1409	0.1022	0.0	0.125	-0.1767		
RNU5A-1	secondary	chr15	65296132	A	C	chr15:65296132:A:C	n.82A>C	snv	0.0577	0.04522	0.09567	0.05898	0.0	0.125	-1.292	0.095	
RNU5A-1	secondary	chr15	65296132	A	G	chr15:65296132:A:G	n.82A>G	snv	0.0577	0.04522	0.09567	0.05898	0.0	0.125	-1.292	0.105	
RNU5A-1	secondary	chr15	65296132	A	T	chr15:65296132:A:T	n.82A>T	snv	0.0577	0.04522	0.09567	0.05898	0.0	0.125	-1.292	0.096	
RNU5A-1	secondary	chr15	65296133	AC	A	chr15:65296133:AC:A	n.84del	del	0.0757	0.1442	0.06193	0.02752	0.0	0.2188	-2.0		
RNU5A-1	secondary	chr15	65296133	A	AC	chr15:65296133:A:AC	n.83_84insC	ins	0.06676	0.1062	0.06193	0.02752	0.0	0.1875	-2.0		
RNU5A-1	secondary	chr15	65296133	A	AG	chr15:65296133:A:AG	n.83_84insG	ins	0.06676	0.1062	0.06193	0.02752	0.0	0.1875	-2.0		
RNU5A-1	secondary	chr15	65296133	A	AT	chr15:65296133:A:AT	n.83_84insT	ins	0.06676	0.1062	0.06193	0.02752	0.0	0.1875	-2.0		
RNU5A-1	secondary	chr15	65296133	A	C	chr15:65296133:A:C	n.83A>C	snv	0.06785	0.116	0.1409	0.1022	0.0	0.1875	-0.1767	0.766	
RNU5A-1	secondary	chr15	65296133	A	G	chr15:65296133:A:G	n.83A>G	snv	0.06785	0.116	0.1409	0.1022	0.0	0.1875	-0.1767	0.79	
RNU5A-1	secondary	chr15	65296133	A	T	chr15:65296133:A:T	n.83A>T	snv	0.06785	0.116	0.1409	0.1022	0.0	0.1875	-0.1767	0.707	
RNU5A-1	secondary	chr15	65296134	C	A	chr15:65296134:C:A	n.84C>A	snv	0.0757	0.1442	0.06193	0.02752	0.0	0.2188	-2.0	0.011	
RNU5A-1	secondary	chr15	65296134	C	CA	chr15:65296134:C:CA	n.84_85insA	ins	0.0757	0.1442	0.06193	0.02752	0.0	0.2188	-2.0		
RNU5A-1	secondary	chr15	65296134	C	CG	chr15:65296134:C:CG	n.84_85insG	ins	0.0757	0.1442	0.06193	0.02752	0.0	0.2188	-2.0		
RNU5A-1	secondary	chr15	65296134	C	CT	chr15:65296134:C:CT	n.84_85insT	ins	0.0757	0.1442	0.06193	0.02752	0.0	0.2188	-2.0		
RNU5A-1	secondary	chr15	65296134	C	G	chr15:65296134:C:G	n.84C>G	snv	0.0757	0.1442	0.06193	0.02752	0.0	0.2188	-2.0	0.012	
RNU5A-1	secondary	chr15	65296134	C	T	chr15:65296134:C:T	n.84C>T	snv	0.0757	0.1442	0.06193	0.02752	0.0	0.2188	-2.0	0.015	
RNU5A-1	secondary	chr15	65296135	C	A	chr15:65296135:C:A	n.85C>A	snv	0.1257	0.3585	0.2022	0.1468	0.5	0.3889	-2.0	0.144	
RNU5A-1	secondary	chr15	65296135	C	CA	chr15:65296135:C:CA	n.85_86insA	ins	0.1257	0.3585	0.2022	0.1468	0.5	0.3889	-2.0		
RNU5A-1	secondary	chr15	65296135	C	CG	chr15:65296135:C:CG	n.85_86insG	ins	0.1257	0.3585	0.2022	0.1468	0.5	0.3889	-2.0		
RNU5A-1	secondary	chr15	65296135	C	CT	chr15:65296135:C:CT	n.85_86insT	ins	0.1257	0.3585	0.2022	0.1468	0.5	0.3889	-2.0		
RNU5A-1	secondary	chr15	65296135	C	G	chr15:65296135:C:G	n.85C>G	snv	0.1257	0.3585	0.2022	0.1468	0.5	0.3889	-2.0	0.165	
RNU5A-1	secondary	chr15	65296135	C	T	chr15:65296135:C:T	n.85C>T	snv	0.1257	0.3585	0.2022	0.1468	0.5	0.3889	-2.0	0.178	
RNU5A-1	secondary	chr15	65296136	C	A	chr15:65296136:C:A	n.86C>A	snv	0.3028	0.6737	0.3014	0.2562	0.75	0.8125	-2.0	0.005	
RNU5A-1	secondary	chr15	65296136	CA	C	chr15:65296136:CA:C	n.87del	del	0.4523	0.901	0.9007	0.9718	1.0	0.9206	0.6385		
RNU5A-1	secondary	chr15	65296136	C	CA	chr15:65296136:C:CA	n.86_87insA	ins	0.3235	0.7235	0.7395	0.8132	0.75	0.8125	0.6385		
RNU5A-1	secondary	chr15	65296136	C	CG	chr15:65296136:C:CG	n.86_87insG	ins	0.3235	0.7235	0.7395	0.8132	0.75	0.8125	0.6385		
RNU5A-1	secondary	chr15	65296136	C	CT	chr15:65296136:C:CT	n.86_87insT	ins	0.3235	0.7235	0.7395	0.8132	0.75	0.8125	0.6385		
RNU5A-1	secondary	chr15	65296136	C	G	chr15:65296136:C:G	n.86C>G	snv	0.3028	0.6737	0.3014	0.2562	0.75	0.8125	-2.0	0.013	
RNU5A-1	secondary	chr15	65296136	C	T	chr15:65296136:C:T	n.86C>T	snv	0.3028	0.6737	0.3014	0.2562	0.75	0.8125	-2.0	0.016	
RNU5A-1	secondary	chr15	65296137	A	AC	chr15:65296137:A:AC	n.87_88insC	ins	0.4398	0.8585	0.6714	0.7208	1.0	0.9206	0.1451		
RNU5A-1	secondary	chr15	65296137	A	AG	chr15:65296137:A:AG	n.87_88insG	ins	0.4398	0.8585	0.6714	0.7208	1.0	0.9206	0.1451		
RNU5A-1	secondary	chr15	65296137	A	AT	chr15:65296137:A:AT	n.87_88insT	ins	0.4398	0.8585	0.6714	0.7208	1.0	0.9206	0.1451		
RNU5A-1	secondary	chr15	65296137	A	C	chr15:65296137:A:C	n.87A>C	snv	0.4523	0.901	0.9007	0.9718	1.0	0.9206	0.6385	9.492	
RNU5A-1	secondary	chr15	65296137	A	G	chr15:65296137:A:G	n.87A>G	snv	0.4523	0.901	0.9007	0.9718	1.0	0.9206	0.6385	9.777	
RNU5A-1	secondary	chr15	65296137	A	T	chr15:65296137:A:T	n.87A>T	snv	0.4523	0.901	0.9007	0.9718	1.0	0.9206	0.6385	10.04	
RNU5A-1	secondary	chr15	65296138	AT	A	chr15:65296138:AT:A	n.89del	del	0.4113	0.825	0.5665	0.5649	1.0	0.8889	-0.04794		
RNU5A-1	secondary	chr15	65296138	A	AC	chr15:65296138:A:AC	n.88_89insC	ins	0.3983	0.8047	0.5665	0.5649	1.0	0.8667	-0.04794		
RNU5A-1	secondary	chr15	65296138	A	AG	chr15:65296138:A:AG	n.88_89insG	ins	0.3983	0.8047	0.5665	0.5649	1.0	0.8667	-0.04794		
RNU5A-1	secondary	chr15	65296138	A	AT	chr15:65296138:A:AT	n.88_89insT	ins	0.3983	0.8047	0.5665	0.5649	1.0	0.8667	-0.04794		
RNU5A-1	secondary	chr15	65296138	A	C	chr15:65296138:A:C	n.88A>C	snv	0.4039	0.8126	0.6714	0.7208	1.0	0.8667	0.1451	12.27	
RNU5A-1	secondary	chr15	65296138	A	G	chr15:65296138:A:G	n.88A>G	snv	0.4039	0.8126	0.6714	0.7208	1.0	0.8667	0.1451	12.81	
RNU5A-1	secondary	chr15	65296138	A	T	chr15:65296138:A:T	n.88A>T	snv	0.4039	0.8126	0.6714	0.7208	1.0	0.8667	0.1451	12.64	
RNU5A-1	secondary	chr15	65296139	T	A	chr15:65296139:T:A	n.89T>A	snv	0.4113	0.825	0.5665	0.5649	1.0	0.8889	-0.04794	8.278	
RNU5A-1	secondary	chr15	65296139	T	C	chr15:65296139:T:C	n.89T>C	snv	0.4113	0.825	0.5665	0.5649	1.0	0.8889	-0.04794	11.76	
RNU5A-1	secondary	chr15	65296139	T	G	chr15:65296139:T:G	n.89T>G	snv	0.4113	0.825	0.5665	0.5649	1.0	0.8889	-0.04794	11.52	
RNU5A-1	secondary	chr15	65296139	T	TA	chr15:65296139:T:TA	n.89_90insA	ins	0.419	0.8349	0.711	0.7516	1.0	0.8889	0.2738		
RNU5A-1	secondary	chr15	65296139	T	TC	chr15:65296139:T:TC	n.89_90insC	ins	0.419	0.8349	0.711	0.7516	1.0	0.8889	0.2738		
RNU5A-1	secondary	chr15	65296139	T	TG	chr15:65296139:T:TG	n.89_90insG	ins	0.419	0.8349	0.711	0.7516	1.0	0.8889	0.2738		
RNU5A-1	secondary	chr15	65296140	T	A	chr15:65296140:T:A	n.90T>A	snv	0.4321	0.8467	0.711	0.7516	1.0	0.8889	0.2738	13.02	
RNU5A-1	secondary	chr15	65296140	T	C	chr15:65296140:T:C	n.90T>C	snv	0.4321	0.8467	0.711	0.7516	1.0	0.8889	0.2738	13.28	
RNU5A-1	secondary	chr15	65296140	T	G	chr15:65296140:T:G	n.90T>G	snv	0.4321	0.8467	0.711	0.7516	1.0	0.8889	0.2738	13.1	
RNU5A-1	secondary	chr15	65296140	T	TA	chr15:65296140:T:TA	n.90_91insA	ins	0.4385	0.8506	0.8303	0.9384	1.0	0.8889	0.4883		
RNU5A-1	secondary	chr15	65296140	T	TC	chr15:65296140:T:TC	n.90_91insC	ins	0.4385	0.8506	0.8303	0.9384	1.0	0.8889	0.4883		
RNU5A-1	secondary	chr15	65296140	T	TG	chr15:65296140:T:TG	n.90_91insG	ins	0.4385	0.8506	0.8303	0.9384	1.0	0.8889	0.4883		
RNU5A-1	secondary	chr15	65296141	T	A	chr15:65296141:T:A	n.91T>A	snv	0.4422	0.8716	0.8303	0.9384	1.0	0.8889	0.4883	13.21	
RNU5A-1	secondary	chr15	65296141	T	C	chr15:65296141:T:C	n.91T>C	snv	0.4422	0.8716	0.8303	0.9384	1.0	0.8889	0.4883	13.51	
RNU5A-1	secondary	chr15	65296141	T	G	chr15:65296141:T:G	n.91T>G	snv	0.4422	0.8716	0.8303	0.9384	1.0	0.8889	0.4883	13.47	
RNU5A-1	secondary	chr15	65296141	T	TA	chr15:65296141:T:TA	n.91_92insA	ins	0.4391	0.8545	0.7736	0.8624	1.0	0.8889	0.3811		
RNU5A-1	secondary	chr15	65296141	T	TC	chr15:65296141:T:TC	n.91_92insC	ins	0.4391	0.8545	0.7736	0.8624	1.0	0.8889	0.3811		
RNU5A-1	secondary	chr15	65296141	T	TG	chr15:65296141:T:TG	n.91_92insG	ins	0.4391	0.8545	0.7736	0.8624	1.0	0.8889	0.3811		
RNU5A-1	secondary	chr15	65296142	T	A	chr15:65296142:T:A	n.92T>A	snv	0.453	0.9056	0.7736	0.8624	1.0	0.9111	0.3811	11.68	
RNU5A-1	secondary	chr15	65296142	T	C	chr15:65296142:T:C	n.92T>C	snv	0.453	0.9056	0.7736	0.8624	1.0	0.9111	0.3811	12.06	
RNU5A-1	secondary	chr15	65296142	T	G	chr15:65296142:T:G	n.92T>G	snv	0.453	0.9056	0.7736	0.8624	1.0	0.9111	0.3811	11.89	
RNU5A-1	secondary	chr15	65296142	T	TA	chr15:65296142:T:TA	n.92_93insA	ins	0.455	0.9135	0.8113	0.901	1.0	0.9111	0.4669		
RNU5A-1	secondary	chr15	65296142	T	TC	chr15:65296142:T:TC	n.92_93insC	ins	0.455	0.9135	0.8113	0.901	1.0	0.9111	0.4669		
RNU5A-1	secondary	chr15	65296142	T	TG	chr15:65296142:T:TG	n.92_93insG	ins	0.455	0.9135	0.8113	0.901	1.0	0.9111	0.4669		
RNU5A-1	secondary	chr15	65296143	T	A	chr15:65296143:T:A	n.93T>A	snv	0.3905	0.7916	0.8113	0.901	1.0	0.837	0.4669	11.67	
RNU5A-1	secondary	chr15	65296143	T	C	chr15:65296143:T:C	n.93T>C	snv	0.3905	0.7916	0.8113	0.901	1.0	0.837	0.4669	12.11	
RNU5A-1	secondary	chr15	65296143	T	G	chr15:65296143:T:G	n.93T>G	snv	0.3905	0.7916	0.8113	0.901	1.0	0.837	0.4669	11.8	
RNU5A-1	secondary	chr15	65296143	T	TA	chr15:65296143:T:TA	n.93_94insA	ins	0.3809	0.7746	0.6271	0.6376	1.0	0.837	0.05931		
RNU5A-1	secondary	chr15	65296143	T	TC	chr15:65296143:T:TC	n.93_94insC	ins	0.3809	0.7746	0.6271	0.6376	1.0	0.837	0.05931		
RNU5A-1	secondary	chr15	65296143	T	TG	chr15:65296143:T:TG	n.93_94insG	ins	0.3809	0.7746	0.6271	0.6376	1.0	0.837	0.05931		
RNU5A-1	secondary	chr15	65296144	T	A	chr15:65296144:T:A	n.94T>A	snv	0.3834	0.7785	0.6271	0.6376	1.0	0.8585	0.05931	8.213	
RNU5A-1	secondary	chr15	65296144	T	C	chr15:65296144:T:C	n.94T>C	snv	0.3834	0.7785	0.6271	0.6376	1.0	0.8585	0.05931	8.094	
RNU5A-1	secondary	chr15	65296144	T	G	chr15:65296144:T:G	n.94T>G	snv	0.3834	0.7785	0.6271	0.6376	1.0	0.8585	0.05931	7.691	
RNU5A-1	secondary	chr15	65296144	TG	T	chr15:65296144:TG:T	n.95del	del	0.4405	0.867	0.6537	0.6802	1.0	0.9167	0.1237		
RNU5A-1	secondary	chr15	65296144	T	TA	chr15:65296144:T:TA	n.94_95insA	ins	0.3847	0.7824	0.6537	0.6802	1.0	0.8585	0.1237		
RNU5A-1	secondary	chr15	65296144	T	TC	chr15:65296144:T:TC	n.94_95insC	ins	0.3847	0.7824	0.6537	0.6802	1.0	0.8585	0.1237		
RNU5A-1	secondary	chr15	65296144	T	TG	chr15:65296144:T:TG	n.94_95insG	ins	0.3847	0.7824	0.6537	0.6802	1.0	0.8585	0.1237		
RNU5A-1	secondary	chr15	65296145	G	A	chr15:65296145:G:A	n.95G>A	snv	0.4405	0.867	0.6537	0.6802	1.0	0.9167	0.1237	14.69	
RNU5A-1	secondary	chr15	65296145	G	C	chr15:65296145:G:C	n.95G>C	snv	0.4405	0.867	0.6537	0.6802	1.0	0.9167	0.1237	14.06	
RNU5A-1	secondary	chr15	65296145	GA	G	chr15:65296145:GA:G	n.96del	del	0.4636	0.9181	0.6124	0.618	0.75	0.9591	0.3811		
RNU5A-1	secondary	chr15	65296145	G	GA	chr15:65296145:G:GA	n.95_96insA	ins	0.4471	0.8886	0.7736	0.8624	1.0	0.9167	0.3811		
RNU5A-1	secondary	chr15	65296145	G	GC	chr15:65296145:G:GC	n.95_96insC	ins	0.4471	0.8886	0.7736	0.8624	1.0	0.9167	0.3811		
RNU5A-1	secondary	chr15	65296145	G	GT	chr15:65296145:G:GT	n.95_96insT	ins	0.4471	0.8886	0.7736	0.8624	1.0	0.9167	0.3811		
RNU5A-1	secondary	chr15	65296145	G	T	chr15:65296145:G:T	n.95G>T	snv	0.4405	0.867	0.6537	0.6802	1.0	0.9167	0.1237	14.62	
RNU5A-1	secondary	chr15	65296146	AG	A	chr15:65296146:AG:A	n.97del	del	0.2759	0.6337	0.4918	0.4318	1.0	0.7795	-1.378		
RNU5A-1	secondary	chr15	65296146	A	AC	chr15:65296146:A:AC	n.96_97insC	ins	0.4482	0.8925	0.3306	0.2831	0.75	0.9591	-1.378		
RNU5A-1	secondary	chr15	65296146	A	AG	chr15:65296146:A:AG	n.96_97insG	ins	0.4482	0.8925	0.3306	0.2831	0.75	0.9591	-1.378		
RNU5A-1	secondary	chr15	65296146	A	AT	chr15:65296146:A:AT	n.96_97insT	ins	0.4482	0.8925	0.3306	0.2831	0.75	0.9591	-1.378		
RNU5A-1	secondary	chr15	65296146	A	C	chr15:65296146:A:C	n.96A>C	snv	0.4636	0.9181	0.6124	0.618	0.75	0.9591	0.3811	11.22	
RNU5A-1	secondary	chr15	65296146	A	G	chr15:65296146:A:G	n.96A>G	snv	0.4636	0.9181	0.6124	0.618	0.75	0.9591	0.3811	12.1	
RNU5A-1	secondary	chr15	65296146	A	T	chr15:65296146:A:T	n.96A>T	snv	0.4636	0.9181	0.6124	0.618	0.75	0.9591	0.3811	11.4	
RNU5A-1	secondary	chr15	65296147	G	A	chr15:65296147:G:A	n.97G>A	snv	0.2759	0.6337	0.4918	0.4318	1.0	0.7795	-1.378	4.03	
RNU5A-1	secondary	chr15	65296147	G	C	chr15:65296147:G:C	n.97G>C	snv	0.2759	0.6337	0.4918	0.4318	1.0	0.7795	-1.378	3.591	
RNU5A-1	secondary	chr15	65296147	G	GA	chr15:65296147:G:GA	n.97_98insA	ins	0.2778	0.6488	0.5351	0.5164	1.0	0.7795	-0.2196		
RNU5A-1	secondary	chr15	65296147	G	GC	chr15:65296147:G:GC	n.97_98insC	ins	0.2778	0.6488	0.5351	0.5164	1.0	0.7795	-0.2196		
RNU5A-1	secondary	chr15	65296147	G	GT	chr15:65296147:G:GT	n.97_98insT	ins	0.2778	0.6488	0.5351	0.5164	1.0	0.7795	-0.2196		
RNU5A-1	secondary	chr15	65296147	G	T	chr15:65296147:G:T	n.97G>T	snv	0.2759	0.6337	0.4918	0.4318	1.0	0.7795	-1.378	3.393	
RNU5A-1	secondary	chr15	65296148	G	A	chr15:65296148:G:A	n.98G>A	snv	0.1177	0.3054	0.2287	0.1678	0.2857	0.4248	-0.2196	7.817	
RNU5A-1	secondary	chr15	65296148	G	C	chr15:65296148:G:C	n.98G>C	snv	0.1177	0.3054	0.2287	0.1678	0.2857	0.4248	-0.2196	7.902	
RNU5A-1	secondary	chr15	65296148	GC	G	chr15:65296148:GC:G	n.99del	del	0.08026	0.1776	0.2467	0.1874	0.2857	0.2088	-0.1123		
RNU5A-1	secondary	chr15	65296148	G	GA	chr15:65296148:G:GA	n.98_99insA	ins	0.1181	0.3093	0.2467	0.1874	0.2857	0.4248	-0.1123		
RNU5A-1	secondary	chr15	65296148	G	GC	chr15:65296148:G:GC	n.98_99insC	ins	0.1181	0.3093	0.2467	0.1874	0.2857	0.4248	-0.1123		
RNU5A-1	secondary	chr15	65296148	G	GT	chr15:65296148:G:GT	n.98_99insT	ins	0.1181	0.3093	0.2467	0.1874	0.2857	0.4248	-0.1123		
RNU5A-1	secondary	chr15	65296148	G	T	chr15:65296148:G:T	n.98G>T	snv	0.1177	0.3054	0.2287	0.1678	0.2857	0.4248	-0.2196	8.048	
RNU5A-1	secondary	chr15	65296149	C	A	chr15:65296149:C:A	n.99C>A	snv	0.08026	0.1776	0.2467	0.1874	0.2857	0.2088	-0.1123	4.718	
RNU5A-1	secondary	chr15	65296149	C	CA	chr15:65296149:C:CA	n.99_100insA	ins	0.08048	0.1822	0.2602	0.2097	0.2857	0.2088	-0.04794		
RNU5A-1	secondary	chr15	65296149	C	CG	chr15:65296149:C:CG	n.99_100insG	ins	0.08048	0.1822	0.2602	0.2097	0.2857	0.2088	-0.04794		
RNU5A-1	secondary	chr15	65296149	C	CT	chr15:65296149:C:CT	n.99_100insT	ins	0.08048	0.1822	0.2602	0.2097	0.2857	0.2088	-0.04794		
RNU5A-1	secondary	chr15	65296149	C	G	chr15:65296149:C:G	n.99C>G	snv	0.08026	0.1776	0.2467	0.1874	0.2857	0.2088	-0.1123	6.331	
RNU5A-1	secondary	chr15	65296149	C	T	chr15:65296149:C:T	n.99C>T	snv	0.08026	0.1776	0.2467	0.1874	0.2857	0.2088	-0.1123	6.549	
RNU5A-1	secondary	chr15	65296150	C	A	chr15:65296150:C:A	n.100C>A	snv	0.156	0.4194	0.2261	0.1638	0.1429	0.5055	-0.04794	1.785	
RNU5A-1	secondary	chr15	65296150	CT	C	chr15:65296150:CT:C	n.101del	del	0.1279	0.3742	0.3309	0.2896	0.1429	0.4429	0.1451		
RNU5A-1	secondary	chr15	65296150	C	CA	chr15:65296150:C:CA	n.100_101insA	ins	0.1591	0.4404	0.3309	0.2896	0.1429	0.5055	0.1451		
RNU5A-1	secondary	chr15	65296150	C	CG	chr15:65296150:C:CG	n.100_101insG	ins	0.1591	0.4404	0.3309	0.2896	0.1429	0.5055	0.1451		
RNU5A-1	secondary	chr15	65296150	C	CT	chr15:65296150:C:CT	n.100_101insT	ins	0.1591	0.4404	0.3309	0.2896	0.1429	0.5055	0.1451		
RNU5A-1	secondary	chr15	65296150	C	G	chr15:65296150:C:G	n.100C>G	snv	0.156	0.4194	0.2261	0.1638	0.1429	0.5055	-0.04794	1.999	
RNU5A-1	secondary	chr15	65296150	C	T	chr15:65296150:C:T	n.100C>T	snv	0.156	0.4194	0.2261	0.1638	0.1429	0.5055	-0.04794	2.718	
RNU5A-1	secondary	chr15	65296151	T	A	chr15:65296151:T:A	n.101T>A	snv	0.1279	0.3742	0.3309	0.2896	0.1429	0.4429	0.1451	9.042	
RNU5A-1	secondary	chr15	65296151	T	C	chr15:65296151:T:C	n.101T>C	snv	0.1279	0.3742	0.3309	0.2896	0.1429	0.4429	0.1451	9.372	
RNU5A-1	secondary	chr15	65296151	T	G	chr15:65296151:T:G	n.101T>G	snv	0.1279	0.3742	0.3309	0.2896	0.1429	0.4429	0.1451	9.172	
RNU5A-1	secondary	chr15	65296151	T	TA	chr15:65296151:T:TA	n.101_102insA	ins	0.1285	0.3788	0.3552	0.3198	0.1429	0.4429	0.188		
RNU5A-1	secondary	chr15	65296151	T	TC	chr15:65296151:T:TC	n.101_102insC	ins	0.1285	0.3788	0.3552	0.3198	0.1429	0.4429	0.188		
RNU5A-1	secondary	chr15	65296151	T	TG	chr15:65296151:T:TG	n.101_102insG	ins	0.1285	0.3788	0.3552	0.3198	0.1429	0.4429	0.188		
RNU5A-1	secondary	chr15	65296152	T	A	chr15:65296152:T:A	n.102T>A	snv	0.1172	0.3014	0.2949	0.2484	0.0	0.3959	0.188	12.53	
RNU5A-1	secondary	chr15	65296152	T	C	chr15:65296152:T:C	n.102T>C	snv	0.1172	0.3014	0.2949	0.2484	0.0	0.3959	0.188	12.28	
RNU5A-1	secondary	chr15	65296152	T	G	chr15:65296152:T:G	n.102T>G	snv	0.1172	0.3014	0.2949	0.2484	0.0	0.3959	0.188	12.06	
RNU5A-1	secondary	chr15	65296152	TG	T	chr15:65296152:TG:T	n.103del	del	0.1435	0.4056	0.2084	0.1573	0.0	0.5333	0.01641		
RNU5A-1	secondary	chr15	65296152	T	TA	chr15:65296152:T:TA	n.102_103insA	ins	0.1153	0.2975	0.2084	0.1573	0.0	0.3959	0.01641		
RNU5A-1	secondary	chr15	65296152	T	TC	chr15:65296152:T:TC	n.102_103insC	ins	0.1153	0.2975	0.2084	0.1573	0.0	0.3959	0.01641		
RNU5A-1	secondary	chr15	65296152	T	TG	chr15:65296152:T:TG	n.102_103insG	ins	0.1153	0.2975	0.2084	0.1573	0.0	0.3959	0.01641		
RNU5A-1	secondary	chr15	65296153	G	A	chr15:65296153:G:A	n.103G>A	snv	0.1435	0.4056	0.2084	0.1573	0.0	0.5333	0.01641	7.303	
RNU5A-1	secondary	chr15	65296153	G	C	chr15:65296153:G:C	n.103G>C	snv	0.1435	0.4056	0.2084	0.1573	0.0	0.5333	0.01641	6.581	
RNU5A-1	secondary	chr15	65296153	GC	G	chr15:65296153:GC:G	n.104del	del	0.1268	0.365	0.06193	0.02752	0.0	0.49	-2.0		
RNU5A-1	secondary	chr15	65296153	G	GA	chr15:65296153:G:GA	n.103_104insA	ins	0.1396	0.3971	0.06193	0.02752	0.0	0.5333	-2.0		
RNU5A-1	secondary	chr15	65296153	G	GC	chr15:65296153:G:GC	n.103_104insC	ins	0.1396	0.3971	0.06193	0.02752	0.0	0.5333	-2.0		
RNU5A-1	secondary	chr15	65296153	G	GT	chr15:65296153:G:GT	n.103_104insT	ins	0.1396	0.3971	0.06193	0.02752	0.0	0.5333	-2.0		
RNU5A-1	secondary	chr15	65296153	G	T	chr15:65296153:G:T	n.103G>T	snv	0.1435	0.4056	0.2084	0.1573	0.0	0.5333	0.01641	6.632	
RNU5A-1	secondary	chr15	65296154	C	A	chr15:65296154:C:A	n.104C>A	snv	0.1268	0.365	0.06193	0.02752	0.0	0.49	-2.0	0.005	
RNU5A-1	secondary	chr15	65296154	CT	C	chr15:65296154:CT:C	n.105del	del	0.08185	0.1868	0.1003	0.06815	0.0	0.2467	-1.185		
RNU5A-1	secondary	chr15	65296154	C	CA	chr15:65296154:C:CA	n.104_105insA	ins	0.1277	0.3696	0.1003	0.06815	0.0	0.49	-1.185		
RNU5A-1	secondary	chr15	65296154	C	CG	chr15:65296154:C:CG	n.104_105insG	ins	0.1277	0.3696	0.1003	0.06815	0.0	0.49	-1.185		
RNU5A-1	secondary	chr15	65296154	C	CT	chr15:65296154:C:CT	n.104_105insT	ins	0.1277	0.3696	0.1003	0.06815	0.0	0.49	-1.185		
RNU5A-1	secondary	chr15	65296154	C	G	chr15:65296154:C:G	n.104C>G	snv	0.1268	0.365	0.06193	0.02752	0.0	0.49	-2.0	0.005	
RNU5A-1	secondary	chr15	65296154	C	T	chr15:65296154:C:T	n.104C>T	snv	0.1268	0.365	0.06193	0.02752	0.0	0.49	-2.0	0.007	
RNU5A-1	secondary	chr15	65296155	T	A	chr15:65296155:T:A	n.105T>A	snv	0.08185	0.1868	0.1003	0.06815	0.0	0.2467	-1.185	0.198	
RNU5A-1	secondary	chr15	65296155	T	C	chr15:65296155:T:C	n.105T>C	snv	0.08185	0.1868	0.1003	0.06815	0.0	0.2467	-1.185	0.221	
RNU5A-1	secondary	chr15	65296155	T	G	chr15:65296155:T:G	n.105T>G	snv	0.08185	0.1868	0.1003	0.06815	0.0	0.2467	-1.185	0.203	
RNU5A-1	secondary	chr15	65296155	T	TA	chr15:65296155:T:TA	n.105_106insA	ins	0.08214	0.1913	0.1176	0.08257	0.0	0.2467	-0.8202		
RNU5A-1	secondary	chr15	65296155	T	TC	chr15:65296155:T:TC	n.105_106insC	ins	0.08214	0.1913	0.1176	0.08257	0.0	0.2467	-0.8202		
RNU5A-1	secondary	chr15	65296155	T	TG	chr15:65296155:T:TG	n.105_106insG	ins	0.08214	0.1913	0.1176	0.08257	0.0	0.2467	-0.8202		
RNU5A-1	secondary	chr15	65296156	T	A	chr15:65296156:T:A	n.106T>A	snv	0.07085	0.1376	0.2579	0.2018	0.5	0.2111	-0.8202	0.176	
RNU5A-1	secondary	chr15	65296156	T	C	chr15:65296156:T:C	n.106T>C	snv	0.07085	0.1376	0.2579	0.2018	0.5	0.2111	-0.8202	0.206	
RNU5A-1	secondary	chr15	65296156	T	G	chr15:65296156:T:G	n.106T>G	snv	0.07085	0.1376	0.2579	0.2018	0.5	0.2111	-0.8202	0.189	
RNU5A-1	secondary	chr15	65296156	T	TA	chr15:65296156:T:TA	n.106_107insA	ins	0.07005	0.1337	0.2022	0.1468	0.5	0.2111	-2.0		
RNU5A-1	secondary	chr15	65296156	T	TC	chr15:65296156:T:TC	n.106_107insC	ins	0.07005	0.1337	0.2022	0.1468	0.5	0.2111	-2.0		
RNU5A-1	secondary	chr15	65296156	T	TG	chr15:65296156:T:TG	n.106_107insG	ins	0.07005	0.1337	0.2022	0.1468	0.5	0.2111	-2.0		
RNU5A-1	secondary	chr15	65296157	T	A	chr15:65296157:T:A	n.107T>A	snv	0.05253	0.01245	0.06193	0.02752	0.0	0.07143	-2.0	0.002	
RNU5A-1	secondary	chr15	65296157	T	C	chr15:65296157:T:C	n.107T>C	snv	0.05253	0.01245	0.06193	0.02752	0.0	0.07143	-2.0	0.002	
RNU5A-1	secondary	chr15	65296157	T	G	chr15:65296157:T:G	n.107T>G	snv	0.05253	0.01245	0.06193	0.02752	0.0	0.07143	-2.0	0.002	
RNU5A-1	secondary	chr15	65296157	TG	T	chr15:65296157:TG:T	n.108del	del	0.07754	0.1678	0.06193	0.02752	0.0	0.23	-2.0		
RNU5A-1	secondary	chr15	65296157	T	TA	chr15:65296157:T:TA	n.107_108insA	ins	0.05253	0.01245	0.06193	0.02752	0.0	0.07143	-2.0		
RNU5A-1	secondary	chr15	65296157	T	TC	chr15:65296157:T:TC	n.107_108insC	ins	0.05253	0.01245	0.06193	0.02752	0.0	0.07143	-2.0		
RNU5A-1	secondary	chr15	65296157	T	TG	chr15:65296157:T:TG	n.107_108insG	ins	0.05253	0.01245	0.06193	0.02752	0.0	0.07143	-2.0		
RNU5A-1	secondary	chr15	65296157	T	TGG	chr15:65296157:T:TGG		ins	0.07754	0.1678	0.06193	0.02752	0.0	0.23	-2.0		
RNU5A-1	secondary	chr15	65296158	G	A	chr15:65296158:G:A	n.108G>A	snv	0.07754	0.1678	0.06193	0.02752	0.0	0.23	-2.0	0.001	
RNU5A-1	secondary	chr15	65296158	G	C	chr15:65296158:G:C	n.108G>C	snv	0.07754	0.1678	0.06193	0.02752	0.0	0.23	-2.0	0.001	
RNU5A-1	secondary	chr15	65296158	G	GA	chr15:65296158:G:GA	n.108_109insA	ins	0.07836	0.173	0.1137	0.07864	0.0	0.23	-0.8416		
RNU5A-1	secondary	chr15	65296158	G	GC	chr15:65296158:G:GC	n.108_109insC	ins	0.07836	0.173	0.1137	0.07864	0.0	0.23	-0.8416		
RNU5A-1	secondary	chr15	65296158	G	GT	chr15:65296158:G:GT	n.108_109insT	ins	0.07836	0.173	0.1137	0.07864	0.0	0.23	-0.8416		
RNU5A-1	secondary	chr15	65296158	G	T	chr15:65296158:G:T	n.108G>T	snv	0.07754	0.1678	0.06193	0.02752	0.0	0.23	-2.0	0.001	
RNU5A-1	secondary	chr15	65296159	G	A	chr15:65296159:G:A	n.109G>A	snv	0.05362	0.03145	0.4047	0.3748	0.8	0.1722	-0.8416	0.05	
RNU5A-1	secondary	chr15	65296159	G	C	chr15:65296159:G:C	n.109G>C	snv	0.05362	0.03145	0.4047	0.3748	0.8	0.1722	-0.8416	0.043	
RNU5A-1	secondary	chr15	65296159	GC	G	chr15:65296159:GC:G	n.110del	del	0.08803	0.2117	0.3362	0.2969	0.6	0.2357	-0.2196		
RNU5A-1	secondary	chr15	65296159	G	GA	chr15:65296159:G:GA	n.109_110insA	ins	0.05385	0.03539	0.4253	0.3788	0.8	0.1722	-0.2196		
RNU5A-1	secondary	chr15	65296159	G	GC	chr15:65296159:G:GC	n.109_110insC	ins	0.05385	0.03539	0.4253	0.3788	0.8	0.1722	-0.2196		
RNU5A-1	secondary	chr15	65296159	G	GT	chr15:65296159:G:GT	n.109_110insT	ins	0.05385	0.03539	0.4253	0.3788	0.8	0.1722	-0.2196		
RNU5A-1	secondary	chr15	65296159	G	T	chr15:65296159:G:T	n.109G>T	snv	0.05362	0.03145	0.4047	0.3748	0.8	0.1722	-0.8416	0.046	
RNU5A-1	secondary	chr15	65296160	C	A	chr15:65296160:C:A	n.110C>A	snv	0.08803	0.2117	0.3362	0.2969	0.6	0.2357	-0.2196	7.444	
RNU5A-1	secondary	chr15	65296160	CA	C	chr15:65296160:CA:C	n.111del	del	0.06437	0.09764	0.3942	0.3565	0.6	0.1643	-0.00504		
RNU5A-1	secondary	chr15	65296160	C	CA	chr15:65296160:C:CA	n.110_111insA	ins	0.08907	0.2202	0.3942	0.3565	0.6	0.2357	-0.00504		
RNU5A-1	secondary	chr15	65296160	C	CG	chr15:65296160:C:CG	n.110_111insG	ins	0.08907	0.2202	0.3942	0.3565	0.6	0.2357	-0.00504		
RNU5A-1	secondary	chr15	65296160	C	CT	chr15:65296160:C:CT	n.110_111insT	ins	0.08907	0.2202	0.3942	0.3565	0.6	0.2357	-0.00504		
RNU5A-1	secondary	chr15	65296160	C	G	chr15:65296160:C:G	n.110C>G	snv	0.08803	0.2117	0.3362	0.2969	0.6	0.2357	-0.2196	7.76	
RNU5A-1	secondary	chr15	65296160	C	T	chr15:65296160:C:T	n.110C>T	snv	0.08803	0.2117	0.3362	0.2969	0.6	0.2357	-0.2196	10.6	
RNU5A-1	secondary	chr15	65296161	A	AC	chr15:65296161:A:AC	n.111_112insC	ins	0.06352	0.07864	0.3299	0.2792	0.6	0.1643	-0.3697		
RNU5A-1	secondary	chr15	65296161	A	AG	chr15:65296161:A:AG	n.111_112insG	ins	0.06352	0.07864	0.3299	0.2792	0.6	0.1643	-0.3697		
RNU5A-1	secondary	chr15	65296161	A	AT	chr15:65296161:A:AT	n.111_112insT	ins	0.06352	0.07864	0.3299	0.2792	0.6	0.1643	-0.3697		
RNU5A-1	secondary	chr15	65296161	A	C	chr15:65296161:A:C	n.111A>C	snv	0.06437	0.09764	0.3942	0.3565	0.6	0.1643	-0.00504	4.624	
RNU5A-1	secondary	chr15	65296161	A	G	chr15:65296161:A:G	n.111A>G	snv	0.06437	0.09764	0.3942	0.3565	0.6	0.1643	-0.00504	4.969	
RNU5A-1	secondary	chr15	65296161	A	T	chr15:65296161:A:T	n.111A>T	snv	0.06437	0.09764	0.3942	0.3565	0.6	0.1643	-0.00504	5.623	
RNU5A-1	secondary	chr15	65296162	AG	A	chr15:65296162:AG:A	n.113del	del	0.06877	0.1252	0.4833	0.422	0.8	0.2176	-0.00504		
RNU5A-1	secondary	chr15	65296162	A	AC	chr15:65296162:A:AC	n.112_113insC	ins	0.07674	0.1547	0.2588	0.2058	0.2	0.2104	-0.00504		
RNU5A-1	secondary	chr15	65296162	A	AG	chr15:65296162:A:AG	n.112_113insG	ins	0.07674	0.1547	0.2588	0.2058	0.2	0.2104	-0.00504		
RNU5A-1	secondary	chr15	65296162	A	AT	chr15:65296162:A:AT	n.112_113insT	ins	0.07674	0.1547	0.2588	0.2058	0.2	0.2104	-0.00504		
RNU5A-1	secondary	chr15	65296162	A	C	chr15:65296162:A:C	n.112A>C	snv	0.07574	0.1507	0.1946	0.1389	0.2	0.2104	-0.3697	0.573	
RNU5A-1	secondary	chr15	65296162	A	G	chr15:65296162:A:G	n.112A>G	snv	0.07574	0.1507	0.1946	0.1389	0.2	0.2104	-0.3697	1.427	
RNU5A-1	secondary	chr15	65296162	A	T	chr15:65296162:A:T	n.112A>T	snv	0.07574	0.1507	0.1946	0.1389	0.2	0.2104	-0.3697	0.564	
RNU5A-1	secondary	chr15	65296163	G	A	chr15:65296163:G:A	n.113G>A	snv	0.06877	0.1252	0.4833	0.422	0.8	0.2176	-0.00504	6.758	
RNU5A-1	secondary	chr15	65296163	G	C	chr15:65296163:G:C	n.113G>C	snv	0.06877	0.1252	0.4833	0.422	0.8	0.2176	-0.00504	6.467	
RNU5A-1	secondary	chr15	65296163	G	GA	chr15:65296163:G:GA	n.113_114insA	ins	0.06855	0.1206	0.4676	0.4089	0.8	0.2176	-0.02649		
RNU5A-1	secondary	chr15	65296163	G	GC	chr15:65296163:G:GC	n.113_114insC	ins	0.06855	0.1206	0.4676	0.4089	0.8	0.2176	-0.02649		
RNU5A-1	secondary	chr15	65296163	G	GT	chr15:65296163:G:GT	n.113_114insT	ins	0.06855	0.1206	0.4676	0.4089	0.8	0.2176	-0.02649		
RNU5A-1	secondary	chr15	65296163	G	T	chr15:65296163:G:T	n.113G>T	snv	0.06877	0.1252	0.4833	0.422	0.8	0.2176	-0.00504	6.119	
RNU5A-1	secondary	chr15	65296164	G	A	chr15:65296164:G:A	n.114G>A	snv	0.08468	0.1953	0.2887	0.2372	0.4	0.261	-0.02649	3.994	
RNU5A-1	secondary	chr15	65296164	G	C	chr15:65296164:G:C	n.114G>C	snv	0.08468	0.1953	0.2887	0.2372	0.4	0.261	-0.02649	4.346	
RNU5A-1	secondary	chr15	65296164	GC	G	chr15:65296164:GC:G	n.115del	del	0.09705	0.2431	0.2883	0.2326	0.0	0.3121	0.1666		
RNU5A-1	secondary	chr15	65296164	G	GA	chr15:65296164:G:GA	n.114_115insA	ins	0.0866	0.1992	0.4004	0.3683	0.4	0.261	0.1666		
RNU5A-1	secondary	chr15	65296164	G	GC	chr15:65296164:G:GC	n.114_115insC	ins	0.0866	0.1992	0.4004	0.3683	0.4	0.261	0.1666		
RNU5A-1	secondary	chr15	65296164	G	GT	chr15:65296164:G:GT	n.114_115insT	ins	0.0866	0.1992	0.4004	0.3683	0.4	0.261	0.1666		
RNU5A-1	secondary	chr15	65296164	G	T	chr15:65296164:G:T	n.114G>T	snv	0.08468	0.1953	0.2887	0.2372	0.4	0.261	-0.02649	5.162	
RNU5A-1	secondary	chr15	65296165	C	A	chr15:65296165:C:A	n.115C>A	snv	0.09705	0.2431	0.2883	0.2326	0.0	0.3121	0.1666	7.51	
RNU5A-1	secondary	chr15	65296165	CT	C	chr15:65296165:CT:C	n.116del	del	0.1659	0.4764	0.4004	0.3683	0.8	0.5815	-0.8845		
RNU5A-1	secondary	chr15	65296165	C	CA	chr15:65296165:C:CA	n.115_116insA	ins	0.09366	0.2333	0.1094	0.07471	0.0	0.3121	-0.8845		
RNU5A-1	secondary	chr15	65296165	C	CG	chr15:65296165:C:CG	n.115_116insG	ins	0.09366	0.2333	0.1094	0.07471	0.0	0.3121	-0.8845		
RNU5A-1	secondary	chr15	65296165	C	CT	chr15:65296165:C:CT	n.115_116insT	ins	0.09366	0.2333	0.1094	0.07471	0.0	0.3121	-0.8845		
RNU5A-1	secondary	chr15	65296165	C	G	chr15:65296165:C:G	n.115C>G	snv	0.09705	0.2431	0.2883	0.2326	0.0	0.3121	0.1666	9.975	
RNU5A-1	secondary	chr15	65296165	C	T	chr15:65296165:C:T	n.115C>T	snv	0.09705	0.2431	0.2883	0.2326	0.0	0.3121	0.1666	8.873	
RNU5A-1	secondary	chr15	65296166	T	A	chr15:65296166:T:A	n.116T>A	snv	0.1659	0.4764	0.4004	0.3683	0.8	0.5815	-0.8845	2.096	
RNU5A-1	secondary	chr15	65296166	T	C	chr15:65296166:T:C	n.116T>C	snv	0.1659	0.4764	0.4004	0.3683	0.8	0.5815	-0.8845	2.489	
RNU5A-1	secondary	chr15	65296166	T	G	chr15:65296166:T:G	n.116T>G	snv	0.1659	0.4764	0.4004	0.3683	0.8	0.5815	-0.8845	2.285	
RNU5B-1	primary	chr15	65304678	TA	T	chr15:65304678:TA:T	n.3del	del	0.09533	0.2326	0.08978	0.06225	0.0	0.3143	-0.09116		
RNU5B-1	primary	chr15	65304679	AC	A	chr15:65304679:AC:A	n.4del	del	0.1077	0.268	0.3775	0.3198	0.0	0.33	0.5813		
RNU5B-1	primary	chr15	65304679	A	AC	chr15:65304679:A:AC	n.3_4insC	ins	0.1009	0.2464	0.3775	0.3198	0.0	0.3143	0.5813		
RNU5B-1	primary	chr15	65304679	A	AG	chr15:65304679:A:AG	n.3_4insG	ins	0.1009	0.2464	0.3775	0.3198	0.0	0.3143	0.5813		
RNU5B-1	primary	chr15	65304679	A	AT	chr15:65304679:A:AT	n.3_4insT	ins	0.1009	0.2464	0.3775	0.3198	0.0	0.3143	0.5813		
RNU5B-1	primary	chr15	65304679	A	C	chr15:65304679:A:C	n.3A>C	snv	0.09533	0.2326	0.08978	0.06225	0.0	0.3143	-0.09116	9.156	control
RNU5B-1	primary	chr15	65304679	A	G	chr15:65304679:A:G	n.3A>G	snv	0.09533	0.2326	0.08978	0.06225	0.0	0.3143	-0.09116	9.374	control
RNU5B-1	primary	chr15	65304679	A	T	chr15:65304679:A:T	n.3A>T	snv	0.09533	0.2326	0.08978	0.06225	0.0	0.3143	-0.09116	8.955	control
RNU5B-1	primary	chr15	65304680	C	A	chr15:65304680:C:A	n.4C>A	snv	0.1077	0.268	0.3775	0.3198	0.0	0.33	0.5813	16.24	control
RNU5B-1	primary	chr15	65304680	CT	C	chr15:65304680:CT:C	n.5del	del	0.1007	0.2418	0.5351	0.5131	0.6	0.3818	0.5162		
RNU5B-1	primary	chr15	65304680	C	CA	chr15:65304680:C:CA	n.4_5insA	ins	0.1068	0.2634	0.3322	0.2425	0.0	0.33	0.5162		control
RNU5B-1	primary	chr15	65304680	C	CG	chr15:65304680:C:CG	n.4_5insG	ins	0.1068	0.2634	0.3322	0.2425	0.0	0.33	0.5162		
RNU5B-1	primary	chr15	65304680	C	CT	chr15:65304680:C:CT	n.4_5insT	ins	0.1068	0.2634	0.3322	0.2425	0.0	0.33	0.5162		
RNU5B-1	primary	chr15	65304680	C	G	chr15:65304680:C:G	n.4C>G	snv	0.1077	0.268	0.3775	0.3198	0.0	0.33	0.5813	16.51	control
RNU5B-1	primary	chr15	65304680	C	T	chr15:65304680:C:T	n.4C>T	snv	0.1077	0.268	0.3775	0.3198	0.0	0.33	0.5813	16.42	control
RNU5B-1	primary	chr15	65304681	T	A	chr15:65304681:T:A	n.5T>A	snv	0.1007	0.2418	0.5351	0.5131	0.6	0.3818	0.5162	14.58	
RNU5B-1	primary	chr15	65304681	T	C	chr15:65304681:T:C	n.5T>C	snv	0.1007	0.2418	0.5351	0.5131	0.6	0.3818	0.5162	14.89	control
RNU5B-1	primary	chr15	65304681	T	G	chr15:65304681:T:G	n.5T>G	snv	0.1007	0.2418	0.5351	0.5131	0.6	0.3818	0.5162	14.65	control
RNU5B-1	primary	chr15	65304681	TC	T	chr15:65304681:TC:T	n.6del	del	0.1438	0.4069	0.5803	0.6055	0.6	0.4833	0.5813		
RNU5B-1	primary	chr15	65304681	T	TA	chr15:65304681:T:TA	n.5_6insA	ins	0.1016	0.2556	0.5803	0.6055	0.6	0.3818	0.5813		
RNU5B-1	primary	chr15	65304681	T	TC	chr15:65304681:T:TC	n.5_6insC	ins	0.1016	0.2556	0.5803	0.6055	0.6	0.3818	0.5813		
RNU5B-1	primary	chr15	65304681	T	TG	chr15:65304681:T:TG	n.5_6insG	ins	0.1016	0.2556	0.5803	0.6055	0.6	0.3818	0.5813		
RNU5B-1	primary	chr15	65304682	C	A	chr15:65304682:C:A	n.6C>A	snv	0.1438	0.4069	0.5803	0.6055	0.6	0.4833	0.5813	16.46	
RNU5B-1	primary	chr15	65304682	CT	C	chr15:65304682:CT:C	n.7del	del	0.1618	0.4502	0.5295	0.5079	0.8	0.5375	0.4077		
RNU5B-1	primary	chr15	65304682	C	CA	chr15:65304682:C:CA	n.6_7insA	ins	0.1401	0.3971	0.4407	0.3814	0.6	0.4833	0.4077		
RNU5B-1	primary	chr15	65304682	C	CG	chr15:65304682:C:CG	n.6_7insG	ins	0.1401	0.3971	0.4407	0.3814	0.6	0.4833	0.4077		
RNU5B-1	primary	chr15	65304682	C	CT	chr15:65304682:C:CT	n.6_7insT	ins	0.1401	0.3971	0.4407	0.3814	0.6	0.4833	0.4077		
RNU5B-1	primary	chr15	65304682	C	G	chr15:65304682:C:G	n.6C>G	snv	0.1438	0.4069	0.5803	0.6055	0.6	0.4833	0.5813	16.45	control
RNU5B-1	primary	chr15	65304682	C	T	chr15:65304682:C:T	n.6C>T	snv	0.1438	0.4069	0.5803	0.6055	0.6	0.4833	0.5813	16.86	control
RNU5B-1	primary	chr15	65304683	T	A	chr15:65304683:T:A	n.7T>A	snv	0.1618	0.4502	0.5295	0.5079	0.8	0.5375	0.4077	15.47	
RNU5B-1	primary	chr15	65304683	T	C	chr15:65304683:T:C	n.7T>C	snv	0.1618	0.4502	0.5295	0.5079	0.8	0.5375	0.4077	15.63	control
RNU5B-1	primary	chr15	65304683	T	G	chr15:65304683:T:G	n.7T>G	snv	0.1618	0.4502	0.5295	0.5079	0.8	0.5375	0.4077	15.73	
RNU5B-1	primary	chr15	65304683	TG	T	chr15:65304683:TG:T	n.8del	del	0.1099	0.2785	0.2529	0.1671	0.375	0.3176	0.1908		
RNU5B-1	primary	chr15	65304683	T	TA	chr15:65304683:T:TA	n.7_8insA	ins	0.1592	0.4377	0.4394	0.3775	0.8	0.5375	0.1908		
RNU5B-1	primary	chr15	65304683	T	TC	chr15:65304683:T:TC	n.7_8insC	ins	0.1592	0.4377	0.4394	0.3775	0.8	0.5375	0.1908		
RNU5B-1	primary	chr15	65304683	T	TG	chr15:65304683:T:TG	n.7_8insG	ins	0.1592	0.4377	0.4394	0.3775	0.8	0.5375	0.1908		
RNU5B-1	primary	chr15	65304684	G	A	chr15:65304684:G:A	n.8G>A	snv	0.1099	0.2785	0.2529	0.1671	0.375	0.3176	0.1908	15.49	control
RNU5B-1	primary	chr15	65304684	G	C	chr15:65304684:G:C	n.8G>C	snv	0.1099	0.2785	0.2529	0.1671	0.375	0.3176	0.1908	14.31	
RNU5B-1	primary	chr15	65304684	G	GA	chr15:65304684:G:GA	n.8_9insA	ins	0.1123	0.2883	0.3653	0.3041	0.375	0.3176	0.4511		
RNU5B-1	primary	chr15	65304684	G	GC	chr15:65304684:G:GC	n.8_9insC	ins	0.1123	0.2883	0.3653	0.3041	0.375	0.3176	0.4511		
RNU5B-1	primary	chr15	65304684	G	GT	chr15:65304684:G:GT	n.8_9insT	ins	0.1123	0.2883	0.3653	0.3041	0.375	0.3176	0.4511		
RNU5B-1	primary	chr15	65304684	G	T	chr15:65304684:G:T	n.8G>T	snv	0.1099	0.2785	0.2529	0.1671	0.375	0.3176	0.1908	14.71	
RNU5B-1	primary	chr15	65304685	G	A	chr15:65304685:G:A	n.9G>A	snv	0.05842	0.05898	0.2602	0.1717	0.0	0.1185	0.4511	16.73	control
RNU5B-1	primary	chr15	65304685	G	C	chr15:65304685:G:C	n.9G>C	snv	0.05842	0.05898	0.2602	0.1717	0.0	0.1185	0.4511	16.47	control
RNU5B-1	primary	chr15	65304685	GT	G	chr15:65304685:GT:G	n.10del	del	0.06571	0.1029	0.2929	0.192	0.2222	0.1589	0.386		control
RNU5B-1	primary	chr15	65304685	G	GA	chr15:65304685:G:GA	n.9_10insA	ins	0.05792	0.0498	0.2179	0.1494	0.0	0.1185	0.386		
RNU5B-1	primary	chr15	65304685	G	GC	chr15:65304685:G:GC	n.9_10insC	ins	0.05792	0.0498	0.2179	0.1494	0.0	0.1185	0.386		
RNU5B-1	primary	chr15	65304685	G	GT	chr15:65304685:G:GT	n.9_10insT	ins	0.05792	0.0498	0.2179	0.1494	0.0	0.1185	0.386		
RNU5B-1	primary	chr15	65304685	G	T	chr15:65304685:G:T	n.9G>T	snv	0.05842	0.05898	0.2602	0.1717	0.0	0.1185	0.4511	15.67	control
RNU5B-1	primary	chr15	65304686	T	A	chr15:65304686:T:A	n.10T>A	snv	0.06571	0.1029	0.2929	0.192	0.2222	0.1589	0.386	17.38	
RNU5B-1	primary	chr15	65304686	T	C	chr15:65304686:T:C	n.10T>C	snv	0.06571	0.1029	0.2929	0.192	0.2222	0.1589	0.386	17.55	
RNU5B-1	primary	chr15	65304686	T	G	chr15:65304686:T:G	n.10T>G	snv	0.06571	0.1029	0.2929	0.192	0.2222	0.1589	0.386	16.55	control
RNU5B-1	primary	chr15	65304686	T	TA	chr15:65304686:T:TA	n.10_11insA	ins	0.06598	0.1075	0.3129	0.2215	0.2222	0.1589	0.4077		
RNU5B-1	primary	chr15	65304686	T	TC	chr15:65304686:T:TC	n.10_11insC	ins	0.06598	0.1075	0.3129	0.2215	0.2222	0.1589	0.4077		
RNU5B-1	primary	chr15	65304686	T	TG	chr15:65304686:T:TG	n.10_11insG	ins	0.06598	0.1075	0.3129	0.2215	0.2222	0.1589	0.4077		
RNU5B-1	primary	chr15	65304687	T	A	chr15:65304687:T:A	n.11T>A	snv	0.07344	0.1389	0.5639	0.5695	0.8889	0.2043	0.4077	16.02	
RNU5B-1	primary	chr15	65304687	T	C	chr15:65304687:T:C	n.11T>C	snv	0.07344	0.1389	0.5639	0.5695	0.8889	0.2043	0.4077	16.22	
RNU5B-1	primary	chr15	65304687	T	G	chr15:65304687:T:G	n.11T>G	snv	0.07344	0.1389	0.5639	0.5695	0.8889	0.2043	0.4077	16.11	
RNU5B-1	primary	chr15	65304687	T	TA	chr15:65304687:T:TA	n.11_12insA	ins	0.07697	0.1599	0.7949	0.8834	0.8889	0.2043	0.668		
RNU5B-1	primary	chr15	65304687	T	TC	chr15:65304687:T:TC	n.11_12insC	ins	0.07697	0.1599	0.7949	0.8834	0.8889	0.2043	0.668		
RNU5B-1	primary	chr15	65304687	T	TG	chr15:65304687:T:TG	n.11_12insG	ins	0.07697	0.1599	0.7949	0.8834	0.8889	0.2043	0.668		
RNU5B-1	primary	chr15	65304688	T	A	chr15:65304688:T:A	n.12T>A	snv	0.1253	0.3447	0.8706	0.9587	1.0	0.3957	0.668	17.58	
RNU5B-1	primary	chr15	65304688	T	C	chr15:65304688:T:C	n.12T>C	snv	0.1253	0.3447	0.8706	0.9587	1.0	0.3957	0.668	17.71	control
RNU5B-1	primary	chr15	65304688	T	G	chr15:65304688:T:G	n.12T>G	snv	0.1253	0.3447	0.8706	0.9587	1.0	0.3957	0.668	17.59	
RNU5B-1	primary	chr15	65304688	TC	T	chr15:65304688:TC:T	n.13del	del	0.1648	0.4646	0.7035	0.791	0.8889	0.5913	0.5813		
RNU5B-1	primary	chr15	65304688	T	TA	chr15:65304688:T:TA	n.12_13insA	ins	0.1231	0.3316	0.7792	0.8794	1.0	0.3957	0.5813		control
RNU5B-1	primary	chr15	65304688	T	TC	chr15:65304688:T:TC	n.12_13insC	ins	0.1231	0.3316	0.7792	0.8794	1.0	0.3957	0.5813		control
RNU5B-1	primary	chr15	65304688	T	TG	chr15:65304688:T:TG	n.12_13insG	ins	0.1231	0.3316	0.7792	0.8794	1.0	0.3957	0.5813		
RNU5B-1	primary	chr15	65304689	C	A	chr15:65304689:C:A	n.13C>A	snv	0.1648	0.4646	0.7035	0.791	0.8889	0.5913	0.5813	17.33	
RNU5B-1	primary	chr15	65304689	CT	C	chr15:65304689:CT:C	n.14del	del	0.1549	0.4253	0.6396	0.694	1.0	0.5905	0.4077		
RNU5B-1	primary	chr15	65304689	C	CA	chr15:65304689:C:CA	n.13_14insA	ins	0.1606	0.4456	0.5639	0.5695	0.8889	0.5913	0.4077		control
RNU5B-1	primary	chr15	65304689	C	CG	chr15:65304689:C:CG	n.13_14insG	ins	0.1606	0.4456	0.5639	0.5695	0.8889	0.5913	0.4077		
RNU5B-1	primary	chr15	65304689	C	CT	chr15:65304689:C:CT	n.13_14insT	ins	0.1606	0.4456	0.5639	0.5695	0.8889	0.5913	0.4077		control
RNU5B-1	primary	chr15	65304689	C	G	chr15:65304689:C:G	n.13C>G	snv	0.1648	0.4646	0.7035	0.791	0.8889	0.5913	0.5813	17.35	control
RNU5B-1	primary	chr15	65304689	C	T	chr15:65304689:C:T	n.13C>T	snv	0.1648	0.4646	0.7035	0.791	0.8889	0.5913	0.5813	17.41	control
RNU5B-1	primary	chr15	65304690	T	A	chr15:65304690:T:A	n.14T>A	snv	0.1549	0.4253	0.6396	0.694	1.0	0.5905	0.4077	15.9	
RNU5B-1	primary	chr15	65304690	T	C	chr15:65304690:T:C	n.14T>C	snv	0.1549	0.4253	0.6396	0.694	1.0	0.5905	0.4077	16.26	control
RNU5B-1	primary	chr15	65304690	T	G	chr15:65304690:T:G	n.14T>G	snv	0.1549	0.4253	0.6396	0.694	1.0	0.5905	0.4077	15.99	
RNU5B-1	primary	chr15	65304690	TC	T	chr15:65304690:TC:T	n.15del	del	0.1198	0.3191	0.5495	0.5498	0.7778	0.3818	0.4728		
RNU5B-1	primary	chr15	65304690	T	TA	chr15:65304690:T:TA	n.14_15insA	ins	0.1562	0.4338	0.6858	0.7733	1.0	0.5905	0.4728		
RNU5B-1	primary	chr15	65304690	T	TC	chr15:65304690:T:TC	n.14_15insC	ins	0.1562	0.4338	0.6858	0.7733	1.0	0.5905	0.4728		
RNU5B-1	primary	chr15	65304690	T	TG	chr15:65304690:T:TG	n.14_15insG	ins	0.1562	0.4338	0.6858	0.7733	1.0	0.5905	0.4728		
RNU5B-1	primary	chr15	65304691	C	A	chr15:65304691:C:A	n.15C>A	snv	0.1198	0.3191	0.5495	0.5498	0.7778	0.3818	0.4728	16.62	
RNU5B-1	primary	chr15	65304691	CT	C	chr15:65304691:CT:C	n.16del	del	0.1179	0.31	0.5039	0.4567	0.5556	0.3217	0.5162		
RNU5B-1	primary	chr15	65304691	C	CA	chr15:65304691:C:CA	n.15_16insA	ins	0.1209	0.3277	0.5976	0.6278	0.7778	0.3818	0.5162		
RNU5B-1	primary	chr15	65304691	C	CG	chr15:65304691:C:CG	n.15_16insG	ins	0.1209	0.3277	0.5976	0.6278	0.7778	0.3818	0.5162		
RNU5B-1	primary	chr15	65304691	C	CT	chr15:65304691:C:CT	n.15_16insT	ins	0.1209	0.3277	0.5976	0.6278	0.7778	0.3818	0.5162		
RNU5B-1	primary	chr15	65304691	C	G	chr15:65304691:C:G	n.15C>G	snv	0.1198	0.3191	0.5495	0.5498	0.7778	0.3818	0.4728	16.57	control
RNU5B-1	primary	chr15	65304691	C	T	chr15:65304691:C:T	n.15C>T	snv	0.1198	0.3191	0.5495	0.5498	0.7778	0.3818	0.4728	17.03	control
RNU5B-1	primary	chr15	65304692	T	A	chr15:65304692:T:A	n.16T>A	snv	0.1179	0.31	0.5039	0.4567	0.5556	0.3217	0.5162	16.6	
RNU5B-1	primary	chr15	65304692	T	C	chr15:65304692:T:C	n.16T>C	snv	0.1179	0.31	0.5039	0.4567	0.5556	0.3217	0.5162	16.68	control
RNU5B-1	primary	chr15	65304692	T	G	chr15:65304692:T:G	n.16T>G	snv	0.1179	0.31	0.5039	0.4567	0.5556	0.3217	0.5162	16.55	
RNU5B-1	primary	chr15	65304692	T	TA	chr15:65304692:T:TA	n.16_17insA	ins	0.1145	0.2962	0.3512	0.2811	0.5556	0.3217	0.321		
RNU5B-1	primary	chr15	65304692	T	TC	chr15:65304692:T:TC	n.16_17insC	ins	0.1145	0.2962	0.3512	0.2811	0.5556	0.3217	0.321		
RNU5B-1	primary	chr15	65304692	T	TG	chr15:65304692:T:TG	n.16_17insG	ins	0.1145	0.2962	0.3512	0.2811	0.5556	0.3217	0.321		
RNU5B-1	primary	chr15	65304693	T	A	chr15:65304693:T:A	n.17T>A	snv	0.1706	0.481	0.3512	0.2811	0.5556	0.5083	0.321	15.0	
RNU5B-1	primary	chr15	65304693	T	C	chr15:65304693:T:C	n.17T>C	snv	0.1706	0.481	0.3512	0.2811	0.5556	0.5083	0.321	15.17	
RNU5B-1	primary	chr15	65304693	T	G	chr15:65304693:T:G	n.17T>G	snv	0.1706	0.481	0.3512	0.2811	0.5556	0.5083	0.321	15.04	
RNU5B-1	primary	chr15	65304693	TC	T	chr15:65304693:TC:T	n.18del	del	0.2358	0.576	0.6026	0.6324	0.6667	0.6273	0.5813		
RNU5B-1	primary	chr15	65304693	T	TA	chr15:65304693:T:TA	n.17_18insA	ins	0.1769	0.4902	0.5491	0.5413	0.5556	0.5083	0.5813		control
RNU5B-1	primary	chr15	65304693	T	TC	chr15:65304693:T:TC	n.17_18insC	ins	0.1769	0.4902	0.5491	0.5413	0.5556	0.5083	0.5813		
RNU5B-1	primary	chr15	65304693	T	TG	chr15:65304693:T:TG	n.17_18insG	ins	0.1769	0.4902	0.5491	0.5413	0.5556	0.5083	0.5813		
RNU5B-1	primary	chr15	65304694	C	A	chr15:65304694:C:A	n.18C>A	snv	0.2358	0.576	0.6026	0.6324	0.6667	0.6273	0.5813	16.23	
RNU5B-1	primary	chr15	65304694	CA	C	chr15:65304694:CA:C	n.19del	del	0.2272	0.5616	0.8473	0.9273	1.0	0.6825	0.6463		
RNU5B-1	primary	chr15	65304694	C	CA	chr15:65304694:C:CA	n.18_19insA	ins	0.2385	0.5806	0.6707	0.7169	0.6667	0.6273	0.6463		
RNU5B-1	primary	chr15	65304694	C	CG	chr15:65304694:C:CG	n.18_19insG	ins	0.2385	0.5806	0.6707	0.7169	0.6667	0.6273	0.6463		
RNU5B-1	primary	chr15	65304694	C	CT	chr15:65304694:C:CT	n.18_19insT	ins	0.2385	0.5806	0.6707	0.7169	0.6667	0.6273	0.6463		
RNU5B-1	primary	chr15	65304694	C	G	chr15:65304694:C:G	n.18C>G	snv	0.2358	0.576	0.6026	0.6324	0.6667	0.6273	0.5813	15.91	control
RNU5B-1	primary	chr15	65304694	C	T	chr15:65304694:C:T	n.18C>T	snv	0.2358	0.576	0.6026	0.6324	0.6667	0.6273	0.5813	17.25	control
RNU5B-1	primary	chr15	65304695	AG	A	chr15:65304695:AG:A	n.20del	del	0.2756	0.6219	0.5383	0.5256	1.0	0.798	0.1474		
RNU5B-1	primary	chr15	65304695	A	AC	chr15:65304695:A:AC	n.19_20insC	ins	0.2155	0.5478	0.5383	0.5256	1.0	0.6825	0.1474		
RNU5B-1	primary	chr15	65304695	A	AG	chr15:65304695:A:AG	n.19_20insG	ins	0.2155	0.5478	0.5383	0.5256	1.0	0.6825	0.1474		
RNU5B-1	primary	chr15	65304695	A	AT	chr15:65304695:A:AT	n.19_20insT	ins	0.2155	0.5478	0.5383	0.5256	1.0	0.6825	0.1474		
RNU5B-1	primary	chr15	65304695	A	C	chr15:65304695:A:C	n.19A>C	snv	0.2272	0.5616	0.8473	0.9273	1.0	0.6825	0.6463	16.03	
RNU5B-1	primary	chr15	65304695	A	G	chr15:65304695:A:G	n.19A>G	snv	0.2272	0.5616	0.8473	0.9273	1.0	0.6825	0.6463	16.19	control
RNU5B-1	primary	chr15	65304695	A	T	chr15:65304695:A:T	n.19A>T	snv	0.2272	0.5616	0.8473	0.9273	1.0	0.6825	0.6463	15.88	
RNU5B-1	primary	chr15	65304696	G	A	chr15:65304696:G:A	n.20G>A	snv	0.2756	0.6219	0.5383	0.5256	1.0	0.798	0.1474	13.88	control
RNU5B-1	primary	chr15	65304696	G	C	chr15:65304696:G:C	n.20G>C	snv	0.2756	0.6219	0.5383	0.5256	1.0	0.798	0.1474	13.29	control
RNU5B-1	primary	chr15	65304696	GA	G	chr15:65304696:GA:G	n.21del	del	0.3036	0.6874	0.2929	0.192	0.2222	0.7986	0.386		
RNU5B-1	primary	chr15	65304696	G	GA	chr15:65304696:G:GA	n.20_21insA	ins	0.2792	0.6448	0.6196	0.6645	1.0	0.798	0.386		
RNU5B-1	primary	chr15	65304696	G	GC	chr15:65304696:G:GC	n.20_21insC	ins	0.2792	0.6448	0.6196	0.6645	1.0	0.798	0.386		
RNU5B-1	primary	chr15	65304696	G	GT	chr15:65304696:G:GT	n.20_21insT	ins	0.2792	0.6448	0.6196	0.6645	1.0	0.798	0.386		
RNU5B-1	primary	chr15	65304696	G	T	chr15:65304696:G:T	n.20G>T	snv	0.2756	0.6219	0.5383	0.5256	1.0	0.798	0.1474	13.84	control
RNU5B-1	primary	chr15	65304697	AT	A	chr15:65304697:AT:A	n.22del	del	0.3959	0.7962	0.3847	0.3349	0.3333	0.8963	0.4728		
RNU5B-1	primary	chr15	65304697	A	AC	chr15:65304697:A:AC	n.21_22insC	ins	0.3067	0.7064	0.3591	0.3001	0.2222	0.7986	0.4728		
RNU5B-1	primary	chr15	65304697	A	AG	chr15:65304697:A:AG	n.21_22insG	ins	0.3067	0.7064	0.3591	0.3001	0.2222	0.7986	0.4728		
RNU5B-1	primary	chr15	65304697	A	AT	chr15:65304697:A:AT	n.21_22insT	ins	0.3067	0.7064	0.3591	0.3001	0.2222	0.7986	0.4728		
RNU5B-1	primary	chr15	65304697	A	C	chr15:65304697:A:C	n.21A>C	snv	0.3036	0.6874	0.2929	0.192	0.2222	0.7986	0.386	14.4	control
RNU5B-1	primary	chr15	65304697	A	G	chr15:65304697:A:G	n.21A>G	snv	0.3036	0.6874	0.2929	0.192	0.2222	0.7986	0.386	14.5	control
RNU5B-1	primary	chr15	65304697	A	T	chr15:65304697:A:T	n.21A>T	snv	0.3036	0.6874	0.2929	0.192	0.2222	0.7986	0.386	14.67	control
RNU5B-1	primary	chr15	65304698	T	A	chr15:65304698:T:A	n.22T>A	snv	0.3959	0.7962	0.3847	0.3349	0.3333	0.8963	0.4728	14.97	
RNU5B-1	primary	chr15	65304698	T	C	chr15:65304698:T:C	n.22T>C	snv	0.3959	0.7962	0.3847	0.3349	0.3333	0.8963	0.4728	15.21	control
RNU5B-1	primary	chr15	65304698	T	G	chr15:65304698:T:G	n.22T>G	snv	0.3959	0.7962	0.3847	0.3349	0.3333	0.8963	0.4728	15.05	control
RNU5B-1	primary	chr15	65304698	TC	T	chr15:65304698:TC:T	n.23del	del	0.3174	0.7182	0.5773	0.5924	0.8889	0.7922	0.4294		
RNU5B-1	primary	chr15	65304698	T	TA	chr15:65304698:T:TA	n.22_23insA	ins	0.3941	0.7916	0.3519	0.287	0.3333	0.8963	0.4294		
RNU5B-1	primary	chr15	65304698	T	TC	chr15:65304698:T:TC	n.22_23insC	ins	0.3941	0.7916	0.3519	0.287	0.3333	0.8963	0.4294		
RNU5B-1	primary	chr15	65304698	T	TG	chr15:65304698:T:TG	n.22_23insG	ins	0.3941	0.7916	0.3519	0.287	0.3333	0.8963	0.4294		
RNU5B-1	primary	chr15	65304699	C	A	chr15:65304699:C:A	n.23C>A	snv	0.3174	0.7182	0.5773	0.5924	0.8889	0.7922	0.4294	16.45	
RNU5B-1	primary	chr15	65304699	CG	C	chr15:65304699:CG:C	n.24del	del	0.3274	0.7333	0.653	0.7045	1.0	0.8356	0.4294		
RNU5B-1	primary	chr15	65304699	C	CA	chr15:65304699:C:CA	n.23_24insA	ins	0.3174	0.7182	0.5773	0.5924	0.8889	0.7922	0.4294		
RNU5B-1	primary	chr15	65304699	C	CG	chr15:65304699:C:CG	n.23_24insG	ins	0.3174	0.7182	0.5773	0.5924	0.8889	0.7922	0.4294		
RNU5B-1	primary	chr15	65304699	C	CT	chr15:65304699:C:CT	n.23_24insT	ins	0.3174	0.7182	0.5773	0.5924	0.8889	0.7922	0.4294		
RNU5B-1	primary	chr15	65304699	C	G	chr15:65304699:C:G	n.23C>G	snv	0.3174	0.7182	0.5773	0.5924	0.8889	0.7922	0.4294	15.29	control
RNU5B-1	primary	chr15	65304699	C	T	chr15:65304699:C:T	n.23C>T	snv	0.3174	0.7182	0.5773	0.5924	0.8889	0.7922	0.4294	16.08	control
RNU5B-1	primary	chr15	65304700	G	A	chr15:65304700:G:A	n.24G>A	snv	0.3274	0.7333	0.653	0.7045	1.0	0.8356	0.4294	16.31	control
RNU5B-1	primary	chr15	65304700	G	C	chr15:65304700:G:C	n.24G>C	snv	0.3274	0.7333	0.653	0.7045	1.0	0.8356	0.4294	14.93	
RNU5B-1	primary	chr15	65304700	GT	G	chr15:65304700:GT:G	n.25del	del	0.1961	0.517	0.4774	0.426	1.0	0.6389	-0.2213		
RNU5B-1	primary	chr15	65304700	G	GA	chr15:65304700:G:GA	n.24_25insA	ins	0.3189	0.7248	0.4774	0.426	1.0	0.8356	-0.2213		
RNU5B-1	primary	chr15	65304700	G	GC	chr15:65304700:G:GC	n.24_25insC	ins	0.3189	0.7248	0.4774	0.426	1.0	0.8356	-0.2213		
RNU5B-1	primary	chr15	65304700	G	GT	chr15:65304700:G:GT	n.24_25insT	ins	0.3189	0.7248	0.4774	0.426	1.0	0.8356	-0.2213		
RNU5B-1	primary	chr15	65304700	G	T	chr15:65304700:G:T	n.24G>T	snv	0.3274	0.7333	0.653	0.7045	1.0	0.8356	0.4294	15.39	control
RNU5B-1	primary	chr15	65304701	T	A	chr15:65304701:T:A	n.25T>A	snv	0.1961	0.517	0.4774	0.426	1.0	0.6389	-0.2213	5.48	control
RNU5B-1	primary	chr15	65304701	T	C	chr15:65304701:T:C	n.25T>C	snv	0.1961	0.517	0.4774	0.426	1.0	0.6389	-0.2213	5.94	control
RNU5B-1	primary	chr15	65304701	T	G	chr15:65304701:T:G	n.25T>G	snv	0.1961	0.517	0.4774	0.426	1.0	0.6389	-0.2213	5.512	
RNU5B-1	primary	chr15	65304701	TA	T	chr15:65304701:TA:T	n.26del	del	0.4873	0.96	0.6858	0.7733	1.0	0.9532	0.4728		
RNU5B-1	primary	chr15	65304701	T	TA	chr15:65304701:T:TA	n.25_26insA	ins	0.2034	0.5269	0.6858	0.7733	1.0	0.6389	0.4728		
RNU5B-1	primary	chr15	65304701	T	TC	chr15:65304701:T:TC	n.25_26insC	ins	0.2034	0.5269	0.6858	0.7733	1.0	0.6389	0.4728		
RNU5B-1	primary	chr15	65304701	T	TG	chr15:65304701:T:TG	n.25_26insG	ins	0.2034	0.5269	0.6858	0.7733	1.0	0.6389	0.4728		
RNU5B-1	primary	chr15	65304702	AT	A	chr15:65304702:AT:A	n.27del	del	0.4782	0.9338	0.5682	0.5832	1.0	0.9583	0.2993		
RNU5B-1	primary	chr15	65304702	A	AC	chr15:65304702:A:AC	n.26_27insC	ins	0.4808	0.9384	0.5682	0.5832	1.0	0.9532	0.2993		
RNU5B-1	primary	chr15	65304702	A	AG	chr15:65304702:A:AG	n.26_27insG	ins	0.4808	0.9384	0.5682	0.5832	1.0	0.9532	0.2993		
RNU5B-1	primary	chr15	65304702	A	AT	chr15:65304702:A:AT	n.26_27insT	ins	0.4808	0.9384	0.5682	0.5832	1.0	0.9532	0.2993		
RNU5B-1	primary	chr15	65304702	A	C	chr15:65304702:A:C	n.26A>C	snv	0.4873	0.96	0.6858	0.7733	1.0	0.9532	0.4728	14.64	control
RNU5B-1	primary	chr15	65304702	A	G	chr15:65304702:A:G	n.26A>G	snv	0.4873	0.96	0.6858	0.7733	1.0	0.9532	0.4728	15.09	control
RNU5B-1	primary	chr15	65304702	A	T	chr15:65304702:A:T	n.26A>T	snv	0.4873	0.96	0.6858	0.7733	1.0	0.9532	0.4728	14.86	control
RNU5B-1	primary	chr15	65304703	T	A	chr15:65304703:T:A	n.27T>A	snv	0.4782	0.9338	0.5682	0.5832	1.0	0.9583	0.2993	14.07	control
RNU5B-1	primary	chr15	65304703	T	C	chr15:65304703:T:C	n.27T>C	snv	0.4782	0.9338	0.5682	0.5832	1.0	0.9583	0.2993	14.31	control
RNU5B-1	primary	chr15	65304703	T	G	chr15:65304703:T:G	n.27T>G	snv	0.4782	0.9338	0.5682	0.5832	1.0	0.9583	0.2993	14.17	
RNU5B-1	primary	chr15	65304703	TA	T	chr15:65304703:TA:T	n.28del	del	0.4605	0.9246	0.6858	0.7733	1.0	0.928	0.4728		
RNU5B-1	primary	chr15	65304703	T	TA	chr15:65304703:T:TA	n.27_28insA	ins	0.4847	0.9515	0.6858	0.7733	1.0	0.9583	0.4728		
RNU5B-1	primary	chr15	65304703	T	TC	chr15:65304703:T:TC	n.27_28insC	ins	0.4847	0.9515	0.6858	0.7733	1.0	0.9583	0.4728		
RNU5B-1	primary	chr15	65304703	T	TG	chr15:65304703:T:TG	n.27_28insG	ins	0.4847	0.9515	0.6858	0.7733	1.0	0.9583	0.4728		
RNU5B-1	primary	chr15	65304704	A	AC	chr15:65304704:A:AC	n.28_29insC	ins	0.4693	0.9292	0.8473	0.9273	1.0	0.928	0.6463		
RNU5B-1	primary	chr15	65304704	A	AG	chr15:65304704:A:AG	n.28_29insG	ins	0.4693	0.9292	0.8473	0.9273	1.0	0.928	0.6463		
RNU5B-1	primary	chr15	65304704	A	AT	chr15:65304704:A:AT	n.28_29insT	ins	0.4693	0.9292	0.8473	0.9273	1.0	0.928	0.6463		
RNU5B-1	primary	chr15	65304704	A	C	chr15:65304704:A:C	n.28A>C	snv	0.4605	0.9246	0.6858	0.7733	1.0	0.928	0.4728	16.04	
RNU5B-1	primary	chr15	65304704	A	G	chr15:65304704:A:G	n.28A>G	snv	0.4605	0.9246	0.6858	0.7733	1.0	0.928	0.4728	15.83	control
RNU5B-1	primary	chr15	65304704	A	T	chr15:65304704:A:T	n.28A>T	snv	0.4605	0.9246	0.6858	0.7733	1.0	0.928	0.4728	14.1	
RNU5B-1	primary	chr15	65304705	A	AC	chr15:65304705:A:AC	n.29_30insC	ins	0.3605	0.7562	0.5577	0.5583	1.0	0.8375	0.2342		
RNU5B-1	primary	chr15	65304705	A	AG	chr15:65304705:A:AG	n.29_30insG	ins	0.3605	0.7562	0.5577	0.5583	1.0	0.8375	0.2342		
RNU5B-1	primary	chr15	65304705	A	AT	chr15:65304705:A:AT	n.29_30insT	ins	0.3605	0.7562	0.5577	0.5583	1.0	0.8375	0.2342		
RNU5B-1	primary	chr15	65304705	A	C	chr15:65304705:A:C	n.29A>C	snv	0.3753	0.7641	0.8473	0.9273	1.0	0.8375	0.6463	16.81	control
RNU5B-1	primary	chr15	65304705	A	G	chr15:65304705:A:G	n.29A>G	snv	0.3753	0.7641	0.8473	0.9273	1.0	0.8375	0.6463	16.85	control
RNU5B-1	primary	chr15	65304705	A	T	chr15:65304705:A:T	n.29A>T	snv	0.3753	0.7641	0.8473	0.9273	1.0	0.8375	0.6463	16.87	
RNU5B-1	primary	chr15	65304706	AT	A	chr15:65304706:AT:A	n.31del	del	0.2572	0.5983	0.4066	0.3585	0.4444	0.6759	0.4728		
RNU5B-1	primary	chr15	65304706	A	AC	chr15:65304706:A:AC	n.30_31insC	ins	0.2943	0.6619	0.6101	0.6468	0.8889	0.7576	0.4728		
RNU5B-1	primary	chr15	65304706	A	AG	chr15:65304706:A:AG	n.30_31insG	ins	0.2943	0.6619	0.6101	0.6468	0.8889	0.7576	0.4728		
RNU5B-1	primary	chr15	65304706	A	AT	chr15:65304706:A:AT	n.30_31insT	ins	0.2943	0.6619	0.6101	0.6468	0.8889	0.7576	0.4728		
RNU5B-1	primary	chr15	65304706	A	C	chr15:65304706:A:C	n.30A>C	snv	0.2885	0.6579	0.482	0.4325	0.8889	0.7576	0.2342	13.81	
RNU5B-1	primary	chr15	65304706	A	G	chr15:65304706:A:G	n.30A>G	snv	0.2885	0.6579	0.482	0.4325	0.8889	0.7576	0.2342	14.1	control
RNU5B-1	primary	chr15	65304706	A	T	chr15:65304706:A:T	n.30A>T	snv	0.2885	0.6579	0.482	0.4325	0.8889	0.7576	0.2342	13.94	
RNU5B-1	primary	chr15	65304707	T	A	chr15:65304707:T:A	n.31T>A	snv	0.2572	0.5983	0.4066	0.3585	0.4444	0.6759	0.4728	15.35	control
RNU5B-1	primary	chr15	65304707	T	C	chr15:65304707:T:C	n.31T>C	snv	0.2572	0.5983	0.4066	0.3585	0.4444	0.6759	0.4728	15.59	control
RNU5B-1	primary	chr15	65304707	T	G	chr15:65304707:T:G	n.31T>G	snv	0.2572	0.5983	0.4066	0.3585	0.4444	0.6759	0.4728	15.45	
RNU5B-1	primary	chr15	65304707	TC	T	chr15:65304707:TC:T	n.32del	del	0.3012	0.6743	0.367	0.3087	0.5556	0.6963	0.3644		
RNU5B-1	primary	chr15	65304707	T	TA	chr15:65304707:T:TA	n.31_32insA	ins	0.2534	0.5937	0.3178	0.2333	0.4444	0.6759	0.3644		
RNU5B-1	primary	chr15	65304707	T	TC	chr15:65304707:T:TC	n.31_32insC	ins	0.2534	0.5937	0.3178	0.2333	0.4444	0.6759	0.3644		
RNU5B-1	primary	chr15	65304707	T	TG	chr15:65304707:T:TG	n.31_32insG	ins	0.2534	0.5937	0.3178	0.2333	0.4444	0.6759	0.3644		
RNU5B-1	primary	chr15	65304708	C	A	chr15:65304708:C:A	n.32C>A	snv	0.3012	0.6743	0.367	0.3087	0.5556	0.6963	0.3644	15.43	control
RNU5B-1	primary	chr15	65304708	CT	C	chr15:65304708:CT:C	n.33del	del	0.3039	0.6927	0.3896	0.3421	0.5556	0.7182	0.386		
RNU5B-1	primary	chr15	65304708	C	CA	chr15:65304708:C:CA	n.32_33insA	ins	0.3022	0.6828	0.3896	0.3421	0.5556	0.6963	0.386		
RNU5B-1	primary	chr15	65304708	C	CG	chr15:65304708:C:CG	n.32_33insG	ins	0.3022	0.6828	0.3896	0.3421	0.5556	0.6963	0.386		
RNU5B-1	primary	chr15	65304708	C	CT	chr15:65304708:C:CT	n.32_33insT	ins	0.3022	0.6828	0.3896	0.3421	0.5556	0.6963	0.386		
RNU5B-1	primary	chr15	65304708	C	G	chr15:65304708:C:G	n.32C>G	snv	0.3012	0.6743	0.367	0.3087	0.5556	0.6963	0.3644	14.92	control
RNU5B-1	primary	chr15	65304708	C	T	chr15:65304708:C:T	n.32C>T	snv	0.3012	0.6743	0.367	0.3087	0.5556	0.6963	0.3644	15.65	control
RNU5B-1	primary	chr15	65304709	T	A	chr15:65304709:T:A	n.33T>A	snv	0.3039	0.6927	0.3896	0.3421	0.5556	0.7182	0.386	16.23	
RNU5B-1	primary	chr15	65304709	T	C	chr15:65304709:T:C	n.33T>C	snv	0.3039	0.6927	0.3896	0.3421	0.5556	0.7182	0.386	16.46	
RNU5B-1	primary	chr15	65304709	T	G	chr15:65304709:T:G	n.33T>G	snv	0.3039	0.6927	0.3896	0.3421	0.5556	0.7182	0.386	16.3	
RNU5B-1	primary	chr15	65304709	T	TA	chr15:65304709:T:TA	n.33_34insA	ins	0.3015	0.6789	0.3381	0.2595	0.5556	0.7182	0.2993		
RNU5B-1	primary	chr15	65304709	T	TC	chr15:65304709:T:TC	n.33_34insC	ins	0.3015	0.6789	0.3381	0.2595	0.5556	0.7182	0.2993		
RNU5B-1	primary	chr15	65304709	T	TG	chr15:65304709:T:TG	n.33_34insG	ins	0.3015	0.6789	0.3381	0.2595	0.5556	0.7182	0.2993		
RNU5B-1	primary	chr15	65304710	T	A	chr15:65304710:T:A	n.34T>A	snv	0.4118	0.8204	0.289	0.1809	0.4444	0.8231	0.2993	15.04	
RNU5B-1	primary	chr15	65304710	T	C	chr15:65304710:T:C	n.34T>C	snv	0.4118	0.8204	0.289	0.1809	0.4444	0.8231	0.2993	15.17	
RNU5B-1	primary	chr15	65304710	T	G	chr15:65304710:T:G	n.34T>G	snv	0.4118	0.8204	0.289	0.1809	0.4444	0.8231	0.2993	15.02	control
RNU5B-1	primary	chr15	65304710	T	TA	chr15:65304710:T:TA	n.34_35insA	ins	0.4145	0.8244	0.3404	0.2634	0.4444	0.8231	0.386		
RNU5B-1	primary	chr15	65304710	T	TC	chr15:65304710:T:TC	n.34_35insC	ins	0.4145	0.8244	0.3404	0.2634	0.4444	0.8231	0.386		
RNU5B-1	primary	chr15	65304710	T	TG	chr15:65304710:T:TG	n.34_35insG	ins	0.4145	0.8244	0.3404	0.2634	0.4444	0.8231	0.386		
RNU5B-1	primary	chr15	65304711	T	A	chr15:65304711:T:A	n.35T>A	snv	0.3775	0.772	0.4833	0.4364	0.7778	0.8283	0.386	16.64	
RNU5B-1	primary	chr15	65304711	T	C	chr15:65304711:T:C	n.35T>C	snv	0.3775	0.772	0.4833	0.4364	0.7778	0.8283	0.386	16.54	
RNU5B-1	primary	chr15	65304711	T	G	chr15:65304711:T:G	n.35T>G	snv	0.3775	0.772	0.4833	0.4364	0.7778	0.8283	0.386	16.53	
RNU5B-1	primary	chr15	65304711	TC	T	chr15:65304711:TC:T	n.36del	del	0.3313	0.7477	0.5167	0.4692	0.7778	0.7771	0.4294		
RNU5B-1	primary	chr15	65304711	T	TA	chr15:65304711:T:TA	n.35_36insA	ins	0.3793	0.7759	0.5167	0.4692	0.7778	0.8283	0.4294		
RNU5B-1	primary	chr15	65304711	T	TC	chr15:65304711:T:TC	n.35_36insC	ins	0.3793	0.7759	0.5167	0.4692	0.7778	0.8283	0.4294		
RNU5B-1	primary	chr15	65304711	T	TG	chr15:65304711:T:TG	n.35_36insG	ins	0.3793	0.7759	0.5167	0.4692	0.7778	0.8283	0.4294		
RNU5B-1	primary	chr15	65304712	C	A	chr15:65304712:C:A	n.36C>A	snv	0.3313	0.7477	0.5167	0.4692	0.7778	0.7771	0.4294	19.38	
RNU5B-1	primary	chr15	65304712	CG	C	chr15:65304712:CG:C	n.37del	del	0.3281	0.7405	0.5242	0.4849	0.5556	0.7107	0.5379		
RNU5B-1	primary	chr15	65304712	C	CA	chr15:65304712:C:CA	n.36_37insA	ins	0.3362	0.7523	0.618	0.6579	0.7778	0.7771	0.5379		
RNU5B-1	primary	chr15	65304712	C	CG	chr15:65304712:C:CG	n.36_37insG	ins	0.3362	0.7523	0.618	0.6579	0.7778	0.7771	0.5379		
RNU5B-1	primary	chr15	65304712	C	CT	chr15:65304712:C:CT	n.36_37insT	ins	0.3362	0.7523	0.618	0.6579	0.7778	0.7771	0.5379		
RNU5B-1	primary	chr15	65304712	C	G	chr15:65304712:C:G	n.36C>G	snv	0.3313	0.7477	0.5167	0.4692	0.7778	0.7771	0.4294	18.42	
RNU5B-1	primary	chr15	65304712	C	T	chr15:65304712:C:T	n.36C>T	snv	0.3313	0.7477	0.5167	0.4692	0.7778	0.7771	0.4294	19.15	control
RNU5B-1	primary	chr15	65304713	G	A	chr15:65304713:G:A	n.37G>A	snv	0.3281	0.7405	0.5242	0.4849	0.5556	0.7107	0.5379	18.48	
RNU5B-1	primary	chr15	65304713	G	C	chr15:65304713:G:C	n.37G>C	snv	0.3281	0.7405	0.5242	0.4849	0.5556	0.7107	0.5379	18.71	pathogenic
RNU5B-1	primary	chr15	65304713	GC	G	chr15:65304713:GC:G	n.38del	del	0.2694	0.6035	0.5242	0.4849	0.5556	0.6521	0.5379		
RNU5B-1	primary	chr15	65304713	G	GA	chr15:65304713:G:GA	n.37_38insA	ins	0.3281	0.7405	0.5242	0.4849	0.5556	0.7107	0.5379		
RNU5B-1	primary	chr15	65304713	G	GC	chr15:65304713:G:GC	n.37_38insC	ins	0.3281	0.7405	0.5242	0.4849	0.5556	0.7107	0.5379		
RNU5B-1	primary	chr15	65304713	G	GT	chr15:65304713:G:GT	n.37_38insT	ins	0.3281	0.7405	0.5242	0.4849	0.5556	0.7107	0.5379		
RNU5B-1	primary	chr15	65304713	G	T	chr15:65304713:G:T	n.37G>T	snv	0.3281	0.7405	0.5242	0.4849	0.5556	0.7107	0.5379	18.2	pathogenic
RNU5B-1	primary	chr15	65304714	C	A	chr15:65304714:C:A	n.38C>A	snv	0.2694	0.6035	0.5242	0.4849	0.5556	0.6521	0.5379	17.77	
RNU5B-1	primary	chr15	65304714	C	CA	chr15:65304714:C:CA	n.38_39insA	ins	0.2754	0.6173	0.6615	0.713	0.5556	0.6521	0.6897		
RNU5B-1	primary	chr15	65304714	C	CG	chr15:65304714:C:CG	n.38_39insG	ins	0.2754	0.6173	0.6615	0.713	0.5556	0.6521	0.6897		
RNU5B-1	primary	chr15	65304714	C	CT	chr15:65304714:C:CT	n.38_39insT	ins	0.2754	0.6173	0.6615	0.713	0.5556	0.6521	0.6897		
RNU5B-1	primary	chr15	65304714	C	G	chr15:65304714:C:G	n.38C>G	snv	0.2694	0.6035	0.5242	0.4849	0.5556	0.6521	0.5379	17.64	
RNU5B-1	primary	chr15	65304714	C	T	chr15:65304714:C:T	n.38C>T	snv	0.2694	0.6035	0.5242	0.4849	0.5556	0.6521	0.5379	18.12	pathogenic
RNU5B-1	primary	chr15	65304715	C	A	chr15:65304715:C:A	n.39C>A	snv	0.2799	0.6488	0.7061	0.7955	0.625	0.6429	0.6897	17.98	
RNU5B-1	primary	chr15	65304715	CT	C	chr15:65304715:CT:C	n.40del	del	0.2448	0.5891	0.7172	0.8041	0.875	0.625	0.6247		
RNU5B-1	primary	chr15	65304715	C	CA	chr15:65304715:C:CA	n.39_40insA	ins	0.2765	0.6265	0.6291	0.6802	0.625	0.6429	0.6247		
RNU5B-1	primary	chr15	65304715	C	CG	chr15:65304715:C:CG	n.39_40insG	ins	0.2765	0.6265	0.6291	0.6802	0.625	0.6429	0.6247		
RNU5B-1	primary	chr15	65304715	C	CT	chr15:65304715:C:CT	n.39_40insT	ins	0.2765	0.6265	0.6291	0.6802	0.625	0.6429	0.6247		pathogenic
RNU5B-1	primary	chr15	65304715	C	G	chr15:65304715:C:G	n.39C>G	snv	0.2799	0.6488	0.7061	0.7955	0.625	0.6429	0.6897	18.0	pathogenic
RNU5B-1	primary	chr15	65304715	C	T	chr15:65304715:C:T	n.39C>T	snv	0.2799	0.6488	0.7061	0.7955	0.625	0.6429	0.6897	18.51	control
RNU5B-1	primary	chr15	65304716	T	A	chr15:65304716:T:A	n.40T>A	snv	0.2448	0.5891	0.7172	0.8041	0.875	0.625	0.6247	18.13	
RNU5B-1	primary	chr15	65304716	T	C	chr15:65304716:T:C	n.40T>C	snv	0.2448	0.5891	0.7172	0.8041	0.875	0.625	0.6247	18.38	
RNU5B-1	primary	chr15	65304716	T	G	chr15:65304716:T:G	n.40T>G	snv	0.2448	0.5891	0.7172	0.8041	0.875	0.625	0.6247	18.01	
RNU5B-1	primary	chr15	65304716	T	TA	chr15:65304716:T:TA	n.40_41insA	ins	0.2396	0.5845	0.5885	0.6239	0.875	0.625	0.4728		
RNU5B-1	primary	chr15	65304716	T	TC	chr15:65304716:T:TC	n.40_41insC	ins	0.2396	0.5845	0.5885	0.6239	0.875	0.625	0.4728		
RNU5B-1	primary	chr15	65304716	T	TG	chr15:65304716:T:TG	n.40_41insG	ins	0.2396	0.5845	0.5885	0.6239	0.875	0.625	0.4728		
RNU5B-1	primary	chr15	65304717	T	A	chr15:65304717:T:A	n.41T>A	snv	0.4434	0.8716	0.5249	0.4941	0.75	0.6542	0.4728	18.13	
RNU5B-1	primary	chr15	65304717	T	C	chr15:65304717:T:C	n.41T>C	snv	0.4434	0.8716	0.5249	0.4941	0.75	0.6542	0.4728	18.31	
RNU5B-1	primary	chr15	65304717	T	G	chr15:65304717:T:G	n.41T>G	snv	0.4434	0.8716	0.5249	0.4941	0.75	0.6542	0.4728	18.24	
RNU5B-1	primary	chr15	65304717	T	TA	chr15:65304717:T:TA	n.41_42insA	ins	0.4504	0.8925	0.6537	0.709	0.75	0.6542	0.6247		
RNU5B-1	primary	chr15	65304717	T	TC	chr15:65304717:T:TC	n.41_42insC	ins	0.4504	0.8925	0.6537	0.709	0.75	0.6542	0.6247		
RNU5B-1	primary	chr15	65304717	T	TG	chr15:65304717:T:TG	n.41_42insG	ins	0.4504	0.8925	0.6537	0.709	0.75	0.6542	0.6247		
RNU5B-1	primary	chr15	65304718	T	A	chr15:65304718:T:A	n.42T>A	snv	0.5039	0.9797	0.4987	0.4463	0.25	0.6971	0.6247	18.14	
RNU5B-1	primary	chr15	65304718	T	C	chr15:65304718:T:C	n.42T>C	snv	0.5039	0.9797	0.4987	0.4463	0.25	0.6971	0.6247	18.16	
RNU5B-1	primary	chr15	65304718	T	G	chr15:65304718:T:G	n.42T>G	snv	0.5039	0.9797	0.4987	0.4463	0.25	0.6971	0.6247	18.19	
RNU5B-1	primary	chr15	65304718	T	TA	chr15:65304718:T:TA	n.42_43insA	ins	0.5039	0.9797	0.4987	0.4463	0.25	0.6971	0.6247		pathogenic
RNU5B-1	primary	chr15	65304718	T	TC	chr15:65304718:T:TC	n.42_43insC	ins	0.5039	0.9797	0.4987	0.4463	0.25	0.6971	0.6247		
RNU5B-1	primary	chr15	65304718	T	TG	chr15:65304718:T:TG	n.42_43insG	ins	0.5039	0.9797	0.4987	0.4463	0.25	0.6971	0.6247		
RNU5B-1	primary	chr15	65304719	T	A	chr15:65304719:T:A	n.43T>A	snv	0.5439	0.9875	0.4987	0.4463	0.25	0.7045	0.6247	17.99	
RNU5B-1	primary	chr15	65304719	T	C	chr15:65304719:T:C	n.43T>C	snv	0.5439	0.9875	0.4987	0.4463	0.25	0.7045	0.6247	18.34	
RNU5B-1	primary	chr15	65304719	T	G	chr15:65304719:T:G	n.43T>G	snv	0.5439	0.9875	0.4987	0.4463	0.25	0.7045	0.6247	18.2	
RNU5B-1	primary	chr15	65304719	TA	T	chr15:65304719:TA:T	n.44del	del	0.5623	0.998	0.6379	0.6887	0.6667	0.6742	0.6247		
RNU5B-1	primary	chr15	65304719	T	TA	chr15:65304719:T:TA	n.43_44insA	ins	0.5439	0.9875	0.4987	0.4463	0.25	0.7045	0.6247		
RNU5B-1	primary	chr15	65304719	T	TC	chr15:65304719:T:TC	n.43_44insC	ins	0.5439	0.9875	0.4987	0.4463	0.25	0.7045	0.6247		
RNU5B-1	primary	chr15	65304719	T	TG	chr15:65304719:T:TG	n.43_44insG	ins	0.5439	0.9875	0.4987	0.4463	0.25	0.7045	0.6247		
RNU5B-1	primary	chr15	65304720	AC	A	chr15:65304720:AC:A	n.45del	del	0.2295	0.5668	0.7543	0.8571	1.0	0.635	0.5379		
RNU5B-1	primary	chr15	65304720	A	AC	chr15:65304720:A:AC	n.44_45insC	ins	0.559	0.9934	0.5777	0.599	0.6667	0.6742	0.5379		
RNU5B-1	primary	chr15	65304720	A	AG	chr15:65304720:A:AG	n.44_45insG	ins	0.559	0.9934	0.5777	0.599	0.6667	0.6742	0.5379		
RNU5B-1	primary	chr15	65304720	A	AT	chr15:65304720:A:AT	n.44_45insT	ins	0.559	0.9934	0.5777	0.599	0.6667	0.6742	0.5379		
RNU5B-1	primary	chr15	65304720	A	C	chr15:65304720:A:C	n.44A>C	snv	0.5623	0.998	0.6379	0.6887	0.6667	0.6742	0.6247	17.81	
RNU5B-1	primary	chr15	65304720	A	G	chr15:65304720:A:G	n.44A>G	snv	0.5623	0.998	0.6379	0.6887	0.6667	0.6742	0.6247	17.89	pathogenic
RNU5B-1	primary	chr15	65304720	A	T	chr15:65304720:A:T	n.44A>T	snv	0.5623	0.998	0.6379	0.6887	0.6667	0.6742	0.6247	17.72	
RNU5B-1	primary	chr15	65304721	C	A	chr15:65304721:C:A	n.45C>A	snv	0.2295	0.5668	0.7543	0.8571	1.0	0.635	0.5379	17.58	control
RNU5B-1	primary	chr15	65304721	CT	C	chr15:65304721:CT:C	n.46del	del	0.2267	0.5524	0.6101	0.6468	0.8889	0.6474	0.4728		
RNU5B-1	primary	chr15	65304721	C	CA	chr15:65304721:C:CA	n.45_46insA	ins	0.2269	0.557	0.6858	0.7733	1.0	0.635	0.4728		
RNU5B-1	primary	chr15	65304721	C	CG	chr15:65304721:C:CG	n.45_46insG	ins	0.2269	0.557	0.6858	0.7733	1.0	0.635	0.4728		
RNU5B-1	primary	chr15	65304721	C	CT	chr15:65304721:C:CT	n.45_46insT	ins	0.2269	0.557	0.6858	0.7733	1.0	0.635	0.4728		
RNU5B-1	primary	chr15	65304721	C	G	chr15:65304721:C:G	n.45C>G	snv	0.2295	0.5668	0.7543	0.8571	1.0	0.635	0.5379	18.01	control
RNU5B-1	primary	chr15	65304721	C	T	chr15:65304721:C:T	n.45C>T	snv	0.2295	0.5668	0.7543	0.8571	1.0	0.635	0.5379	17.92	control
RNU5B-1	primary	chr15	65304722	T	A	chr15:65304722:T:A	n.46T>A	snv	0.2267	0.5524	0.6101	0.6468	0.8889	0.6474	0.4728	16.7	
RNU5B-1	primary	chr15	65304722	T	C	chr15:65304722:T:C	n.46T>C	snv	0.2267	0.5524	0.6101	0.6468	0.8889	0.6474	0.4728	16.88	
RNU5B-1	primary	chr15	65304722	T	G	chr15:65304722:T:G	n.46T>G	snv	0.2267	0.5524	0.6101	0.6468	0.8889	0.6474	0.4728	16.82	
RNU5B-1	primary	chr15	65304722	TA	T	chr15:65304722:TA:T	n.47del	del	0.2094	0.5374	0.8145	0.8984	1.0	0.6552	0.6247		
RNU5B-1	primary	chr15	65304722	T	TA	chr15:65304722:T:TA	n.46_47insA	ins	0.2317	0.5714	0.7389	0.8355	0.8889	0.6474	0.6247		
RNU5B-1	primary	chr15	65304722	T	TC	chr15:65304722:T:TC	n.46_47insC	ins	0.2317	0.5714	0.7389	0.8355	0.8889	0.6474	0.6247		
RNU5B-1	primary	chr15	65304722	T	TG	chr15:65304722:T:TG	n.46_47insG	ins	0.2317	0.5714	0.7389	0.8355	0.8889	0.6474	0.6247		
RNU5B-1	primary	chr15	65304723	A	AC	chr15:65304723:A:AC	n.47_48insC	ins	0.2094	0.5374	0.8145	0.8984	1.0	0.6552	0.6247		
RNU5B-1	primary	chr15	65304723	A	AG	chr15:65304723:A:AG	n.47_48insG	ins	0.2094	0.5374	0.8145	0.8984	1.0	0.6552	0.6247		
RNU5B-1	primary	chr15	65304723	A	AT	chr15:65304723:A:AT	n.47_48insT	ins	0.2094	0.5374	0.8145	0.8984	1.0	0.6552	0.6247		
RNU5B-1	primary	chr15	65304723	A	C	chr15:65304723:A:C	n.47A>C	snv	0.2094	0.5374	0.8145	0.8984	1.0	0.6552	0.6247	17.79	
RNU5B-1	primary	chr15	65304723	A	G	chr15:65304723:A:G	n.47A>G	snv	0.2094	0.5374	0.8145	0.8984	1.0	0.6552	0.6247	18.05	control
RNU5B-1	primary	chr15	65304723	A	T	chr15:65304723:A:T	n.47A>T	snv	0.2094	0.5374	0.8145	0.8984	1.0	0.6552	0.6247	18.09	
RNU5B-1	primary	chr15	65304724	A	AC	chr15:65304724:A:AC	n.48_49insC	ins	0.2076	0.5308	0.6858	0.7733	1.0	0.5909	0.4728		
RNU5B-1	primary	chr15	65304724	A	AG	chr15:65304724:A:AG	n.48_49insG	ins	0.2076	0.5308	0.6858	0.7733	1.0	0.5909	0.4728		
RNU5B-1	primary	chr15	65304724	A	AT	chr15:65304724:A:AT	n.48_49insT	ins	0.2076	0.5308	0.6858	0.7733	1.0	0.5909	0.4728		
RNU5B-1	primary	chr15	65304724	A	C	chr15:65304724:A:C	n.48A>C	snv	0.2123	0.5439	0.8145	0.8984	1.0	0.5909	0.6247	17.9	control
RNU5B-1	primary	chr15	65304724	A	G	chr15:65304724:A:G	n.48A>G	snv	0.2123	0.5439	0.8145	0.8984	1.0	0.5909	0.6247	18.05	control
RNU5B-1	primary	chr15	65304724	A	T	chr15:65304724:A:T	n.48A>T	snv	0.2123	0.5439	0.8145	0.8984	1.0	0.5909	0.6247	18.72	
RNU5B-1	primary	chr15	65304725	AG	A	chr15:65304725:AG:A	n.50del	del	0.1332	0.3886	0.618	0.6579	0.7778	0.5077	0.5379		
RNU5B-1	primary	chr15	65304725	A	AC	chr15:65304725:A:AC	n.49_50insC	ins	0.1555	0.4299	0.6786	0.7484	0.8889	0.5	0.5379		
RNU5B-1	primary	chr15	65304725	A	AG	chr15:65304725:A:AG	n.49_50insG	ins	0.1555	0.4299	0.6786	0.7484	0.8889	0.5	0.5379		
RNU5B-1	primary	chr15	65304725	A	AT	chr15:65304725:A:AT	n.49_50insT	ins	0.1555	0.4299	0.6786	0.7484	0.8889	0.5	0.5379		
RNU5B-1	primary	chr15	65304725	A	C	chr15:65304725:A:C	n.49A>C	snv	0.1535	0.4207	0.6101	0.6468	0.8889	0.5	0.4728	16.9	control
RNU5B-1	primary	chr15	65304725	A	G	chr15:65304725:A:G	n.49A>G	snv	0.1535	0.4207	0.6101	0.6468	0.8889	0.5	0.4728	16.89	control
RNU5B-1	primary	chr15	65304725	A	T	chr15:65304725:A:T	n.49A>T	snv	0.1535	0.4207	0.6101	0.6468	0.8889	0.5	0.4728	17.05	
RNU5B-1	primary	chr15	65304726	G	A	chr15:65304726:G:A	n.50G>A	snv	0.1332	0.3886	0.618	0.6579	0.7778	0.5077	0.5379	18.58	control
RNU5B-1	primary	chr15	65304726	G	C	chr15:65304726:G:C	n.50G>C	snv	0.1332	0.3886	0.618	0.6579	0.7778	0.5077	0.5379	18.33	
RNU5B-1	primary	chr15	65304726	GA	G	chr15:65304726:GA:G	n.51del	del	0.1713	0.4856	0.4607	0.4115	0.7778	0.5643	0.3644		
RNU5B-1	primary	chr15	65304726	G	GA	chr15:65304726:G:GA	n.50_51insA	ins	0.1293	0.3748	0.4607	0.4115	0.7778	0.5077	0.3644		
RNU5B-1	primary	chr15	65304726	G	GC	chr15:65304726:G:GC	n.50_51insC	ins	0.1293	0.3748	0.4607	0.4115	0.7778	0.5077	0.3644		
RNU5B-1	primary	chr15	65304726	G	GT	chr15:65304726:G:GT	n.50_51insT	ins	0.1293	0.3748	0.4607	0.4115	0.7778	0.5077	0.3644		control
RNU5B-1	primary	chr15	65304726	G	T	chr15:65304726:G:T	n.50G>T	snv	0.1332	0.3886	0.618	0.6579	0.7778	0.5077	0.5379	18.7	control
RNU5B-1	primary	chr15	65304727	AT	A	chr15:65304727:AT:A	n.52del	del	0.2725	0.6107	0.6782	0.7398	0.7778	0.6808	0.6247		
RNU5B-1	primary	chr15	65304727	A	AC	chr15:65304727:A:AC	n.51_52insC	ins	0.1782	0.4993	0.6782	0.7398	0.7778	0.5643	0.6247		
RNU5B-1	primary	chr15	65304727	A	AG	chr15:65304727:A:AG	n.51_52insG	ins	0.1782	0.4993	0.6782	0.7398	0.7778	0.5643	0.6247		
RNU5B-1	primary	chr15	65304727	A	AT	chr15:65304727:A:AT	n.51_52insT	ins	0.1782	0.4993	0.6782	0.7398	0.7778	0.5643	0.6247		
RNU5B-1	primary	chr15	65304727	A	C	chr15:65304727:A:C	n.51A>C	snv	0.1713	0.4856	0.4607	0.4115	0.7778	0.5643	0.3644	16.67	
RNU5B-1	primary	chr15	65304727	A	G	chr15:65304727:A:G	n.51A>G	snv	0.1713	0.4856	0.4607	0.4115	0.7778	0.5643	0.3644	16.91	control
RNU5B-1	primary	chr15	65304727	A	T	chr15:65304727:A:T	n.51A>T	snv	0.1713	0.4856	0.4607	0.4115	0.7778	0.5643	0.3644	16.87	
RNU5B-1	primary	chr15	65304728	T	A	chr15:65304728:T:A	n.52T>A	snv	0.2725	0.6107	0.6782	0.7398	0.7778	0.6808	0.6247	18.34	
RNU5B-1	primary	chr15	65304728	T	C	chr15:65304728:T:C	n.52T>C	snv	0.2725	0.6107	0.6782	0.7398	0.7778	0.6808	0.6247	18.21	control
RNU5B-1	primary	chr15	65304728	T	G	chr15:65304728:T:G	n.52T>G	snv	0.2725	0.6107	0.6782	0.7398	0.7778	0.6808	0.6247	18.23	
RNU5B-1	primary	chr15	65304728	T	TA	chr15:65304728:T:TA	n.52_53insA	ins	0.2725	0.6107	0.6782	0.7398	0.7778	0.6808	0.6247		
RNU5B-1	primary	chr15	65304728	T	TC	chr15:65304728:T:TC	n.52_53insC	ins	0.2725	0.6107	0.6782	0.7398	0.7778	0.6808	0.6247		
RNU5B-1	primary	chr15	65304728	T	TG	chr15:65304728:T:TG	n.52_53insG	ins	0.2725	0.6107	0.6782	0.7398	0.7778	0.6808	0.6247		
RNU5B-1	primary	chr15	65304729	T	A	chr15:65304729:T:A	n.53T>A	snv	0.4064	0.8106	0.7389	0.8355	0.8889	0.868	0.6247	18.4	control
RNU5B-1	primary	chr15	65304729	T	C	chr15:65304729:T:C	n.53T>C	snv	0.4064	0.8106	0.7389	0.8355	0.8889	0.868	0.6247	18.37	control
RNU5B-1	primary	chr15	65304729	T	G	chr15:65304729:T:G	n.53T>G	snv	0.4064	0.8106	0.7389	0.8355	0.8889	0.868	0.6247	18.16	
RNU5B-1	primary	chr15	65304729	TTCCG	T	chr15:65304729:TTCCG:T		del	0.44	0.8552	0.8145	0.8984	1.0	0.9429	0.6247		control
RNU5B-1	primary	chr15	65304729	T	TA	chr15:65304729:T:TA	n.53_54insA	ins	0.4064	0.8106	0.7389	0.8355	0.8889	0.868	0.6247		
RNU5B-1	primary	chr15	65304729	T	TC	chr15:65304729:T:TC	n.53_54insC	ins	0.4064	0.8106	0.7389	0.8355	0.8889	0.868	0.6247		
RNU5B-1	primary	chr15	65304729	T	TG	chr15:65304729:T:TG	n.53_54insG	ins	0.4064	0.8106	0.7389	0.8355	0.8889	0.868	0.6247		
RNU5B-1	primary	chr15	65304730	T	A	chr15:65304730:T:A	n.54T>A	snv	0.44	0.8552	0.8145	0.8984	1.0	0.9429	0.6247	18.32	
RNU5B-1	primary	chr15	65304730	T	C	chr15:65304730:T:C	n.54T>C	snv	0.44	0.8552	0.8145	0.8984	1.0	0.9429	0.6247	18.39	
RNU5B-1	primary	chr15	65304730	T	G	chr15:65304730:T:G	n.54T>G	snv	0.44	0.8552	0.8145	0.8984	1.0	0.9429	0.6247	18.07	control
RNU5B-1	primary	chr15	65304730	TC	T	chr15:65304730:TC:T	n.55del	del	0.4824	0.945	0.7543	0.8571	1.0	0.9917	0.5379		
RNU5B-1	primary	chr15	65304730	T	TA	chr15:65304730:T:TA	n.54_55insA	ins	0.4367	0.8467	0.7543	0.8571	1.0	0.9429	0.5379		
RNU5B-1	primary	chr15	65304730	T	TC	chr15:65304730:T:TC	n.54_55insC	ins	0.4367	0.8467	0.7543	0.8571	1.0	0.9429	0.5379		
RNU5B-1	primary	chr15	65304730	T	TG	chr15:65304730:T:TG	n.54_55insG	ins	0.4367	0.8467	0.7543	0.8571	1.0	0.9429	0.5379		
RNU5B-1	primary	chr15	65304731	C	A	chr15:65304731:C:A	n.55C>A	snv	0.4824	0.945	0.7543	0.8571	1.0	0.9917	0.5379	17.54	
RNU5B-1	primary	chr15	65304731	C	CA	chr15:65304731:C:CA	n.55_56insA	ins	0.4824	0.945	0.7543	0.8571	1.0	0.9917	0.5379		
RNU5B-1	primary	chr15	65304731	C	CG	chr15:65304731:C:CG	n.55_56insG	ins	0.4824	0.945	0.7543	0.8571	1.0	0.9917	0.5379		
RNU5B-1	primary	chr15	65304731	C	CT	chr15:65304731:C:CT	n.55_56insT	ins	0.4824	0.945	0.7543	0.8571	1.0	0.9917	0.5379		
RNU5B-1	primary	chr15	65304731	C	G	chr15:65304731:C:G	n.55C>G	snv	0.4824	0.945	0.7543	0.8571	1.0	0.9917	0.5379	17.61	control
RNU5B-1	primary	chr15	65304731	C	T	chr15:65304731:C:T	n.55C>T	snv	0.4824	0.945	0.7543	0.8571	1.0	0.9917	0.5379	17.38	control
RNU5B-1	primary	chr15	65304732	C	A	chr15:65304732:C:A	n.56C>A	snv	0.4865	0.9554	0.7543	0.8571	1.0	0.9899	0.5379	17.56	control
RNU5B-1	primary	chr15	65304732	CG	C	chr15:65304732:CG:C	n.57del	del	0.4945	0.9692	0.8355	0.9161	0.8889	0.9511	0.7114		
RNU5B-1	primary	chr15	65304732	C	CA	chr15:65304732:C:CA	n.56_57insA	ins	0.4951	0.9738	0.9112	0.9856	1.0	0.9899	0.7114		
RNU5B-1	primary	chr15	65304732	C	CG	chr15:65304732:C:CG	n.56_57insG	ins	0.4951	0.9738	0.9112	0.9856	1.0	0.9899	0.7114		
RNU5B-1	primary	chr15	65304732	C	CT	chr15:65304732:C:CT	n.56_57insT	ins	0.4951	0.9738	0.9112	0.9856	1.0	0.9899	0.7114		
RNU5B-1	primary	chr15	65304732	C	G	chr15:65304732:C:G	n.56C>G	snv	0.4865	0.9554	0.7543	0.8571	1.0	0.9899	0.5379	17.29	
RNU5B-1	primary	chr15	65304732	C	T	chr15:65304732:C:T	n.56C>T	snv	0.4865	0.9554	0.7543	0.8571	1.0	0.9899	0.5379	17.82	control
RNU5B-1	primary	chr15	65304733	G	A	chr15:65304733:G:A	n.57G>A	snv	0.4945	0.9692	0.8355	0.9161	0.8889	0.9511	0.7114	19.12	control
RNU5B-1	primary	chr15	65304733	G	C	chr15:65304733:G:C	n.57G>C	snv	0.4945	0.9692	0.8355	0.9161	0.8889	0.9511	0.7114	18.94	control
RNU5B-1	primary	chr15	65304733	GT	G	chr15:65304733:GT:G	n.58del	del	0.4449	0.884	0.7389	0.8355	0.8889	0.9193	0.6247		
RNU5B-1	primary	chr15	65304733	G	GA	chr15:65304733:G:GA	n.57_58insA	ins	0.4892	0.9646	0.7389	0.8355	0.8889	0.9511	0.6247		
RNU5B-1	primary	chr15	65304733	G	GC	chr15:65304733:G:GC	n.57_58insC	ins	0.4892	0.9646	0.7389	0.8355	0.8889	0.9511	0.6247		
RNU5B-1	primary	chr15	65304733	G	GT	chr15:65304733:G:GT	n.57_58insT	ins	0.4892	0.9646	0.7389	0.8355	0.8889	0.9511	0.6247		
RNU5B-1	primary	chr15	65304733	G	T	chr15:65304733:G:T	n.57G>T	snv	0.4945	0.9692	0.8355	0.9161	0.8889	0.9511	0.7114	18.85	control
RNU5B-1	primary	chr15	65304734	T	A	chr15:65304734:T:A	n.58T>A	snv	0.4449	0.884	0.7389	0.8355	0.8889	0.9193	0.6247	17.72	control
RNU5B-1	primary	chr15	65304734	T	C	chr15:65304734:T:C	n.58T>C	snv	0.4449	0.884	0.7389	0.8355	0.8889	0.9193	0.6247	17.97	control
RNU5B-1	primary	chr15	65304734	T	G	chr15:65304734:T:G	n.58T>G	snv	0.4449	0.884	0.7389	0.8355	0.8889	0.9193	0.6247	18.44	control
RNU5B-1	primary	chr15	65304734	TG	T	chr15:65304734:TG:T	n.59del	del	0.2791	0.6383	0.7749	0.8729	0.7778	0.7005	0.7114		
RNU5B-1	primary	chr15	65304734	T	TA	chr15:65304734:T:TA	n.58_59insA	ins	0.4502	0.8886	0.8355	0.9161	0.8889	0.9193	0.7114		
RNU5B-1	primary	chr15	65304734	T	TC	chr15:65304734:T:TC	n.58_59insC	ins	0.4502	0.8886	0.8355	0.9161	0.8889	0.9193	0.7114		
RNU5B-1	primary	chr15	65304734	T	TG	chr15:65304734:T:TG	n.58_59insG	ins	0.4502	0.8886	0.8355	0.9161	0.8889	0.9193	0.7114		
RNU5B-1	primary	chr15	65304735	G	A	chr15:65304735:G:A	n.59G>A	snv	0.2791	0.6383	0.7749	0.8729	0.7778	0.7005	0.7114	19.41	control
RNU5B-1	primary	chr15	65304735	G	C	chr15:65304735:G:C	n.59G>C	snv	0.2791	0.6383	0.7749	0.8729	0.7778	0.7005	0.7114	17.95	
RNU5B-1	primary	chr15	65304735	G	GA	chr15:65304735:G:GA	n.59_60insA	ins	0.2791	0.6383	0.7749	0.8729	0.7778	0.7005	0.7114		
RNU5B-1	primary	chr15	65304735	G	GC	chr15:65304735:G:GC	n.59_60insC	ins	0.2791	0.6383	0.7749	0.8729	0.7778	0.7005	0.7114		
RNU5B-1	primary	chr15	65304735	G	GT	chr15:65304735:G:GT	n.59_60insT	ins	0.2791	0.6383	0.7749	0.8729	0.7778	0.7005	0.7114		
RNU5B-1	primary	chr15	65304735	G	T	chr15:65304735:G:T	n.59G>T	snv	0.2791	0.6383	0.7749	0.8729	0.7778	0.7005	0.7114	18.63	
RNU5B-1	primary	chr15	65304736	G	A	chr15:65304736:G:A	n.60G>A	snv	0.167	0.4731	0.6812	0.7543	0.5556	0.5542	0.7114	18.2	control
RNU5B-1	primary	chr15	65304736	G	C	chr15:65304736:G:C	n.60G>C	snv	0.167	0.4731	0.6812	0.7543	0.5556	0.5542	0.7114	18.73	
RNU5B-1	primary	chr15	65304736	GA	G	chr15:65304736:GA:G	n.61del	del	0.1506	0.4122	0.5354	0.5183	0.4444	0.5333	0.6247		
RNU5B-1	primary	chr15	65304736	G	GA	chr15:65304736:G:GA	n.60_61insA	ins	0.1641	0.46	0.5845	0.618	0.5556	0.5542	0.6247		control
RNU5B-1	primary	chr15	65304736	G	GC	chr15:65304736:G:GC	n.60_61insC	ins	0.1641	0.46	0.5845	0.618	0.5556	0.5542	0.6247		
RNU5B-1	primary	chr15	65304736	G	GT	chr15:65304736:G:GT	n.60_61insT	ins	0.1641	0.46	0.5845	0.618	0.5556	0.5542	0.6247		control
RNU5B-1	primary	chr15	65304736	G	T	chr15:65304736:G:T	n.60G>T	snv	0.167	0.4731	0.6812	0.7543	0.5556	0.5542	0.7114	19.45	
RNU5B-1	primary	chr15	65304737	AG	A	chr15:65304737:AG:A	n.62del	del	0.1914	0.5079	0.5583	0.5629	0.1111	0.6	0.7114		
RNU5B-1	primary	chr15	65304737	A	AC	chr15:65304737:A:AC	n.61_62insC	ins	0.1533	0.4168	0.632	0.6841	0.4444	0.5333	0.7114		
RNU5B-1	primary	chr15	65304737	A	AG	chr15:65304737:A:AG	n.61_62insG	ins	0.1533	0.4168	0.632	0.6841	0.4444	0.5333	0.7114		
RNU5B-1	primary	chr15	65304737	A	AT	chr15:65304737:A:AT	n.61_62insT	ins	0.1533	0.4168	0.632	0.6841	0.4444	0.5333	0.7114		
RNU5B-1	primary	chr15	65304737	A	C	chr15:65304737:A:C	n.61A>C	snv	0.1506	0.4122	0.5354	0.5183	0.4444	0.5333	0.6247	16.54	
RNU5B-1	primary	chr15	65304737	A	G	chr15:65304737:A:G	n.61A>G	snv	0.1506	0.4122	0.5354	0.5183	0.4444	0.5333	0.6247	17.63	control
RNU5B-1	primary	chr15	65304737	A	T	chr15:65304737:A:T	n.61A>T	snv	0.1506	0.4122	0.5354	0.5183	0.4444	0.5333	0.6247	16.93	
RNU5B-1	primary	chr15	65304738	G	A	chr15:65304738:G:A	n.62G>A	snv	0.1914	0.5079	0.5583	0.5629	0.1111	0.6	0.7114	18.72	control
RNU5B-1	primary	chr15	65304738	G	C	chr15:65304738:G:C	n.62G>C	snv	0.1914	0.5079	0.5583	0.5629	0.1111	0.6	0.7114	18.63	control
RNU5B-1	primary	chr15	65304738	GA	G	chr15:65304738:GA:G	n.63del	del	0.2865	0.6533	0.4558	0.3899	0.5556	0.787	0.4728		
RNU5B-1	primary	chr15	65304738	G	GA	chr15:65304738:G:GA	n.62_63insA	ins	0.1838	0.5033	0.3329	0.2556	0.1111	0.6	0.4728		
RNU5B-1	primary	chr15	65304738	G	GC	chr15:65304738:G:GC	n.62_63insC	ins	0.1838	0.5033	0.3329	0.2556	0.1111	0.6	0.4728		
RNU5B-1	primary	chr15	65304738	G	GT	chr15:65304738:G:GT	n.62_63insT	ins	0.1838	0.5033	0.3329	0.2556	0.1111	0.6	0.4728		
RNU5B-1	primary	chr15	65304738	G	T	chr15:65304738:G:T	n.62G>T	snv	0.1914	0.5079	0.5583	0.5629	0.1111	0.6	0.7114	19.0	
RNU5B-1	primary	chr15	65304739	AG	A	chr15:65304739:AG:A	n.64del	del	0.4261	0.8329	0.7346	0.8172	0.6667	0.8522	0.7114		
RNU5B-1	primary	chr15	65304739	A	AC	chr15:65304739:A:AC	n.63_64insC	ins	0.2967	0.6697	0.6812	0.7543	0.5556	0.787	0.7114		
RNU5B-1	primary	chr15	65304739	A	AG	chr15:65304739:A:AG	n.63_64insG	ins	0.2967	0.6697	0.6812	0.7543	0.5556	0.787	0.7114		
RNU5B-1	primary	chr15	65304739	A	AT	chr15:65304739:A:AT	n.63_64insT	ins	0.2967	0.6697	0.6812	0.7543	0.5556	0.787	0.7114		control
RNU5B-1	primary	chr15	65304739	A	C	chr15:65304739:A:C	n.63A>C	snv	0.2865	0.6533	0.4558	0.3899	0.5556	0.787	0.4728	16.41	
RNU5B-1	primary	chr15	65304739	A	G	chr15:65304739:A:G	n.63A>G	snv	0.2865	0.6533	0.4558	0.3899	0.5556	0.787	0.4728	17.76	control
RNU5B-1	primary	chr15	65304739	A	T	chr15:65304739:A:T	n.63A>T	snv	0.2865	0.6533	0.4558	0.3899	0.5556	0.787	0.4728	16.44	
RNU5B-1	primary	chr15	65304740	G	A	chr15:65304740:G:A	n.64G>A	snv	0.4261	0.8329	0.7346	0.8172	0.6667	0.8522	0.7114	16.81	control
RNU5B-1	primary	chr15	65304740	G	C	chr15:65304740:G:C	n.64G>C	snv	0.4261	0.8329	0.7346	0.8172	0.6667	0.8522	0.7114	16.53	control
RNU5B-1	primary	chr15	65304740	G	GA	chr15:65304740:G:GA	n.64_65insA	ins	0.4052	0.8047	0.3437	0.2674	0.6667	0.8522	0.1041		
RNU5B-1	primary	chr15	65304740	G	GC	chr15:65304740:G:GC	n.64_65insC	ins	0.4052	0.8047	0.3437	0.2674	0.6667	0.8522	0.1041		
RNU5B-1	primary	chr15	65304740	G	GT	chr15:65304740:G:GT	n.64_65insT	ins	0.4052	0.8047	0.3437	0.2674	0.6667	0.8522	0.1041		
RNU5B-1	primary	chr15	65304740	G	T	chr15:65304740:G:T	n.64G>T	snv	0.4261	0.8329	0.7346	0.8172	0.6667	0.8522	0.7114	16.67	
RNU5B-1	primary	chr15	65304741	G	A	chr15:65304741:G:A	n.65G>A	snv	0.3669	0.7602	0.2903	0.1848	0.5556	0.787	0.1041	13.37	control
RNU5B-1	primary	chr15	65304741	G	C	chr15:65304741:G:C	n.65G>C	snv	0.3669	0.7602	0.2903	0.1848	0.5556	0.787	0.1041	13.08	
RNU5B-1	primary	chr15	65304741	GA	G	chr15:65304741:GA:G	n.66del	del	0.3157	0.711	0.4617	0.4187	0.1111	0.6833	0.6247		
RNU5B-1	primary	chr15	65304741	G	GA	chr15:65304741:G:GA	n.65_66insA	ins	0.3821	0.7837	0.5845	0.618	0.5556	0.787	0.6247		
RNU5B-1	primary	chr15	65304741	G	GC	chr15:65304741:G:GC	n.65_66insC	ins	0.3821	0.7837	0.5845	0.618	0.5556	0.787	0.6247		
RNU5B-1	primary	chr15	65304741	G	GT	chr15:65304741:G:GT	n.65_66insT	ins	0.3821	0.7837	0.5845	0.618	0.5556	0.787	0.6247		
RNU5B-1	primary	chr15	65304741	G	T	chr15:65304741:G:T	n.65G>T	snv	0.3669	0.7602	0.2903	0.1848	0.5556	0.787	0.1041	13.85	control
RNU5B-1	primary	chr15	65304742	A	AACAACTCTGAG	chr15:65304742:A:AACAACTCTGAG		ins	0.1178	0.3047	0.2441	0.1599	0.1111	0.3039	0.3644		control
RNU5B-1	primary	chr15	65304742	A	AC	chr15:65304742:A:AC	n.66_67insC	ins	0.3054	0.7025	0.2441	0.1599	0.1111	0.6833	0.3644		
RNU5B-1	primary	chr15	65304742	A	AG	chr15:65304742:A:AG	n.66_67insG	ins	0.3054	0.7025	0.2441	0.1599	0.1111	0.6833	0.3644		
RNU5B-1	primary	chr15	65304742	A	AT	chr15:65304742:A:AT	n.66_67insT	ins	0.3054	0.7025	0.2441	0.1599	0.1111	0.6833	0.3644		
RNU5B-1	primary	chr15	65304742	A	C	chr15:65304742:A:C	n.66A>C	snv	0.3157	0.711	0.4617	0.4187	0.1111	0.6833	0.6247	16.14	
RNU5B-1	primary	chr15	65304742	A	G	chr15:65304742:A:G	n.66A>G	snv	0.3157	0.711	0.4617	0.4187	0.1111	0.6833	0.6247	16.53	control
RNU5B-1	primary	chr15	65304742	A	T	chr15:65304742:A:T	n.66A>T	snv	0.3157	0.711	0.4617	0.4187	0.1111	0.6833	0.6247	16.57	control
RNU5B-1	primary	chr15	65304743	AC	A	chr15:65304743:AC:A	n.68del	del	0.06798	0.1199	0.5649	0.576	0.2222	0.09064	0.6897		
RNU5B-1	primary	chr15	65304743	A	AC	chr15:65304743:A:AC	n.67_68insC	ins	0.1247	0.3408	0.5387	0.5321	0.1111	0.3039	0.6897		
RNU5B-1	primary	chr15	65304743	A	AG	chr15:65304743:A:AG	n.67_68insG	ins	0.1247	0.3408	0.5387	0.5321	0.1111	0.3039	0.6897		
RNU5B-1	primary	chr15	65304743	A	AT	chr15:65304743:A:AT	n.67_68insT	ins	0.1247	0.3408	0.5387	0.5321	0.1111	0.3039	0.6897		
RNU5B-1	primary	chr15	65304743	A	C	chr15:65304743:A:C	n.67A>C	snv	0.1178	0.3047	0.2441	0.1599	0.1111	0.3039	0.3644	15.61	
RNU5B-1	primary	chr15	65304743	A	G	chr15:65304743:A:G	n.67A>G	snv	0.1178	0.3047	0.2441	0.1599	0.1111	0.3039	0.3644	15.7	control
RNU5B-1	primary	chr15	65304743	A	T	chr15:65304743:A:T	n.67A>T	snv	0.1178	0.3047	0.2441	0.1599	0.1111	0.3039	0.3644	15.47	control
RNU5B-1	primary	chr15	65304744	C	A	chr15:65304744:C:A	n.68C>A	snv	0.06798	0.1199	0.5649	0.576	0.2222	0.09064	0.6897	16.55	
RNU5B-1	primary	chr15	65304744	CA	C	chr15:65304744:CA:C	n.69del	del	0.05201	0.01114	0.1186	0.09305	0.0	0.05481	0.1041		
RNU5B-1	primary	chr15	65304744	C	CA	chr15:65304744:C:CA	n.68_69insA	ins	0.06299	0.07995	0.1936	0.1402	0.2222	0.09064	0.1041		control
RNU5B-1	primary	chr15	65304744	C	CG	chr15:65304744:C:CG	n.68_69insG	ins	0.06299	0.07995	0.1936	0.1402	0.2222	0.09064	0.1041		
RNU5B-1	primary	chr15	65304744	C	CT	chr15:65304744:C:CT	n.68_69insT	ins	0.06299	0.07995	0.1936	0.1402	0.2222	0.09064	0.1041		
RNU5B-1	primary	chr15	65304744	C	G	chr15:65304744:C:G	n.68C>G	snv	0.06798	0.1199	0.5649	0.576	0.2222	0.09064	0.6897	15.97	control
RNU5B-1	primary	chr15	65304744	C	T	chr15:65304744:C:T	n.68C>T	snv	0.06798	0.1199	0.5649	0.576	0.2222	0.09064	0.6897	17.06	control
RNU5B-1	primary	chr15	65304745	A	AC	chr15:65304745:A:AC	n.69_70insC	ins	0.05242	0.02359	0.156	0.1081	0.0	0.05481	0.2342		
RNU5B-1	primary	chr15	65304745	A	AG	chr15:65304745:A:AG	n.69_70insG	ins	0.05242	0.02359	0.156	0.1081	0.0	0.05481	0.2342		
RNU5B-1	primary	chr15	65304745	A	AT	chr15:65304745:A:AT	n.69_70insT	ins	0.05242	0.02359	0.156	0.1081	0.0	0.05481	0.2342		
RNU5B-1	primary	chr15	65304745	A	C	chr15:65304745:A:C	n.69A>C	snv	0.05201	0.01114	0.1186	0.09305	0.0	0.05481	0.1041	13.53	control
RNU5B-1	primary	chr15	65304745	A	G	chr15:65304745:A:G	n.69A>G	snv	0.05201	0.01114	0.1186	0.09305	0.0	0.05481	0.1041	13.65	control
RNU5B-1	primary	chr15	65304745	A	T	chr15:65304745:A:T	n.69A>T	snv	0.05201	0.01114	0.1186	0.09305	0.0	0.05481	0.1041	14.03	
RNU5B-1	primary	chr15	65304746	AC	A	chr15:65304746:AC:A	n.71del	del	0.08693	0.1959	0.08552	0.05374	0.0	0.3031	-0.1779		
RNU5B-1	primary	chr15	65304746	ACT	A	chr15:65304746:ACT:A		del	0.08693	0.1959	0.08552	0.05374	0.0	0.3031	-0.1779		control
RNU5B-1	primary	chr15	65304746	A	AAG	chr15:65304746:A:AAG		ins	0.08693	0.1959	0.08552	0.05374	0.0	0.3031	-0.1779		control
RNU5B-1	primary	chr15	65304746	A	AC	chr15:65304746:A:AC	n.70_71insC	ins	0.06015	0.07208	0.08552	0.05374	0.0	0.1552	-0.1779		
RNU5B-1	primary	chr15	65304746	A	AG	chr15:65304746:A:AG	n.70_71insG	ins	0.06015	0.07208	0.08552	0.05374	0.0	0.1552	-0.1779		
RNU5B-1	primary	chr15	65304746	A	AT	chr15:65304746:A:AT	n.70_71insT	ins	0.06015	0.07208	0.08552	0.05374	0.0	0.1552	-0.1779		
RNU5B-1	primary	chr15	65304746	A	C	chr15:65304746:A:C	n.70A>C	snv	0.06103	0.07602	0.156	0.1081	0.0	0.1552	0.2342	13.48	control
RNU5B-1	primary	chr15	65304746	A	G	chr15:65304746:A:G	n.70A>G	snv	0.06103	0.07602	0.156	0.1081	0.0	0.1552	0.2342	13.81	control
RNU5B-1	primary	chr15	65304746	A	T	chr15:65304746:A:T	n.70A>T	snv	0.06103	0.07602	0.156	0.1081	0.0	0.1552	0.2342	13.51	
RNU5B-1	primary	chr15	65304747	C	A	chr15:65304747:C:A	n.71C>A	snv	0.08693	0.1959	0.08552	0.05374	0.0	0.3031	-0.1779	4.861	
RNU5B-1	primary	chr15	65304747	CT	C	chr15:65304747:CT:C	n.72del	del	0.09524	0.2274	0.4286	0.3729	0.4	0.3063	0.4945		
RNU5B-1	primary	chr15	65304747	C	CA	chr15:65304747:C:CA	n.71_72insA	ins	0.09106	0.2189	0.3168	0.2274	0.0	0.3031	0.4945		
RNU5B-1	primary	chr15	65304747	C	CG	chr15:65304747:C:CG	n.71_72insG	ins	0.09106	0.2189	0.3168	0.2274	0.0	0.3031	0.4945		
RNU5B-1	primary	chr15	65304747	C	CT	chr15:65304747:C:CT	n.71_72insT	ins	0.09106	0.2189	0.3168	0.2274	0.0	0.3031	0.4945		
RNU5B-1	primary	chr15	65304747	C	G	chr15:65304747:C:G	n.71C>G	snv	0.08693	0.1959	0.08552	0.05374	0.0	0.3031	-0.1779	4.281	control
RNU5B-1	primary	chr15	65304747	C	T	chr15:65304747:C:T	n.71C>T	snv	0.08693	0.1959	0.08552	0.05374	0.0	0.3031	-0.1779	5.471	control
RNU5B-1	primary	chr15	65304748	T	A	chr15:65304748:T:A	n.72T>A	snv	0.09524	0.2274	0.4286	0.3729	0.4	0.3063	0.4945	14.8	
RNU5B-1	primary	chr15	65304748	T	C	chr15:65304748:T:C	n.72T>C	snv	0.09524	0.2274	0.4286	0.3729	0.4	0.3063	0.4945	15.19	
RNU5B-1	primary	chr15	65304748	T	G	chr15:65304748:T:G	n.72T>G	snv	0.09524	0.2274	0.4286	0.3729	0.4	0.3063	0.4945	14.88	control
RNU5B-1	primary	chr15	65304748	TC	T	chr15:65304748:TC:T	n.73del	del	0.1106	0.2837	0.3981	0.3493	0.6	0.4583	0.3644		
RNU5B-1	primary	chr15	65304748	T	TA	chr15:65304748:T:TA	n.72_73insA	ins	0.09296	0.2228	0.307	0.2031	0.4	0.3063	0.3644		
RNU5B-1	primary	chr15	65304748	T	TC	chr15:65304748:T:TC	n.72_73insC	ins	0.09296	0.2228	0.307	0.2031	0.4	0.3063	0.3644		
RNU5B-1	primary	chr15	65304748	T	TG	chr15:65304748:T:TG	n.72_73insG	ins	0.09296	0.2228	0.307	0.2031	0.4	0.3063	0.3644		
RNU5B-1	primary	chr15	65304749	C	A	chr15:65304749:C:A	n.73C>A	snv	0.1106	0.2837	0.3981	0.3493	0.6	0.4583	0.3644	13.83	
RNU5B-1	primary	chr15	65304749	CT	C	chr15:65304749:CT:C	n.74del	del	0.1622	0.4554	0.6085	0.6376	0.8	0.6019	0.4945		
RNU5B-1	primary	chr15	65304749	C	CA	chr15:65304749:C:CA	n.73_74insA	ins	0.1133	0.2923	0.5197	0.4758	0.6	0.4583	0.4945		
RNU5B-1	primary	chr15	65304749	C	CG	chr15:65304749:C:CG	n.73_74insG	ins	0.1133	0.2923	0.5197	0.4758	0.6	0.4583	0.4945		
RNU5B-1	primary	chr15	65304749	C	CT	chr15:65304749:C:CT	n.73_74insT	ins	0.1133	0.2923	0.5197	0.4758	0.6	0.4583	0.4945		control
RNU5B-1	primary	chr15	65304749	C	G	chr15:65304749:C:G	n.73C>G	snv	0.1106	0.2837	0.3981	0.3493	0.6	0.4583	0.3644	13.93	control
RNU5B-1	primary	chr15	65304749	C	T	chr15:65304749:C:T	n.73C>T	snv	0.1106	0.2837	0.3981	0.3493	0.6	0.4583	0.3644	14.29	control
RNU5B-1	primary	chr15	65304750	T	A	chr15:65304750:T:A	n.74T>A	snv	0.1622	0.4554	0.6085	0.6376	0.8	0.6019	0.4945	13.19	
RNU5B-1	primary	chr15	65304750	T	C	chr15:65304750:T:C	n.74T>C	snv	0.1622	0.4554	0.6085	0.6376	0.8	0.6019	0.4945	13.42	
RNU5B-1	primary	chr15	65304750	T	G	chr15:65304750:T:G	n.74T>G	snv	0.1622	0.4554	0.6085	0.6376	0.8	0.6019	0.4945	13.22	
RNU5B-1	primary	chr15	65304750	TG	T	chr15:65304750:TG:T	n.75del	del	0.2003	0.5223	0.6743	0.7261	0.5	0.6182	0.7331		
RNU5B-1	primary	chr15	65304750	T	TA	chr15:65304750:T:TA	n.74_75insA	ins	0.1687	0.4771	0.8254	0.9096	0.8	0.6019	0.7331		
RNU5B-1	primary	chr15	65304750	T	TC	chr15:65304750:T:TC	n.74_75insC	ins	0.1687	0.4771	0.8254	0.9096	0.8	0.6019	0.7331		
RNU5B-1	primary	chr15	65304750	T	TG	chr15:65304750:T:TG	n.74_75insG	ins	0.1687	0.4771	0.8254	0.9096	0.8	0.6019	0.7331		
RNU5B-1	primary	chr15	65304751	G	A	chr15:65304751:G:A	n.75G>A	snv	0.2003	0.5223	0.6743	0.7261	0.5	0.6182	0.7331	15.51	control
RNU5B-1	primary	chr15	65304751	G	C	chr15:65304751:G:C	n.75G>C	snv	0.2003	0.5223	0.6743	0.7261	0.5	0.6182	0.7331	14.97	control
RNU5B-1	primary	chr15	65304751	GA	G	chr15:65304751:GA:G	n.76del	del	0.1238	0.3362	0.4574	0.3971	0.5	0.4727	0.4945		
RNU5B-1	primary	chr15	65304751	G	GA	chr15:65304751:G:GA	n.75_76insA	ins	0.1927	0.5125	0.4574	0.3971	0.5	0.6182	0.4945		
RNU5B-1	primary	chr15	65304751	G	GC	chr15:65304751:G:GC	n.75_76insC	ins	0.1927	0.5125	0.4574	0.3971	0.5	0.6182	0.4945		
RNU5B-1	primary	chr15	65304751	G	GT	chr15:65304751:G:GT	n.75_76insT	ins	0.1927	0.5125	0.4574	0.3971	0.5	0.6182	0.4945		
RNU5B-1	primary	chr15	65304751	G	T	chr15:65304751:G:T	n.75G>T	snv	0.2003	0.5223	0.6743	0.7261	0.5	0.6182	0.7331	15.76	
RNU5B-1	primary	chr15	65304752	AG	A	chr15:65304752:AG:A	n.77del	del	0.1084	0.2733	0.6743	0.7261	0.5	0.2615	0.7331		
RNU5B-1	primary	chr15	65304752	A	AC	chr15:65304752:A:AC	n.76_77insC	ins	0.1291	0.3709	0.6743	0.7261	0.5	0.4727	0.7331		
RNU5B-1	primary	chr15	65304752	A	AG	chr15:65304752:A:AG	n.76_77insG	ins	0.1291	0.3709	0.6743	0.7261	0.5	0.4727	0.7331		
RNU5B-1	primary	chr15	65304752	A	AT	chr15:65304752:A:AT	n.76_77insT	ins	0.1291	0.3709	0.6743	0.7261	0.5	0.4727	0.7331		
RNU5B-1	primary	chr15	65304752	A	C	chr15:65304752:A:C	n.76A>C	snv	0.1238	0.3362	0.4574	0.3971	0.5	0.4727	0.4945	14.36	
RNU5B-1	primary	chr15	65304752	A	G	chr15:65304752:A:G	n.76A>G	snv	0.1238	0.3362	0.4574	0.3971	0.5	0.4727	0.4945	14.87	control
RNU5B-1	primary	chr15	65304752	A	T	chr15:65304752:A:T	n.76A>T	snv	0.1238	0.3362	0.4574	0.3971	0.5	0.4727	0.4945	14.67	
RNU5B-1	primary	chr15	65304753	G	A	chr15:65304753:G:A	n.77G>A	snv	0.1084	0.2733	0.6743	0.7261	0.5	0.2615	0.7331	15.16	control
RNU5B-1	primary	chr15	65304753	G	C	chr15:65304753:G:C	n.77G>C	snv	0.1084	0.2733	0.6743	0.7261	0.5	0.2615	0.7331	14.96	control
RNU5B-1	primary	chr15	65304753	GT	G	chr15:65304753:GT:G	n.78del	del	0.0543	0.04128	0.4587	0.4043	0.75	0.1111	0.386		
RNU5B-1	primary	chr15	65304753	G	GA	chr15:65304753:G:GA	n.77_78insA	ins	0.1019	0.2595	0.3585	0.291	0.5	0.2615	0.386		
RNU5B-1	primary	chr15	65304753	G	GC	chr15:65304753:G:GC	n.77_78insC	ins	0.1019	0.2595	0.3585	0.291	0.5	0.2615	0.386		
RNU5B-1	primary	chr15	65304753	G	GT	chr15:65304753:G:GT	n.77_78insT	ins	0.1019	0.2595	0.3585	0.291	0.5	0.2615	0.386		
RNU5B-1	primary	chr15	65304753	G	T	chr15:65304753:G:T	n.77G>T	snv	0.1084	0.2733	0.6743	0.7261	0.5	0.2615	0.7331	15.25	control
RNU5B-1	primary	chr15	65304754	T	A	chr15:65304754:T:A	n.78T>A	snv	0.0543	0.04128	0.4587	0.4043	0.75	0.1111	0.386	12.76	
RNU5B-1	primary	chr15	65304754	T	C	chr15:65304754:T:C	n.78T>C	snv	0.0543	0.04128	0.4587	0.4043	0.75	0.1111	0.386	13.07	
RNU5B-1	primary	chr15	65304754	T	G	chr15:65304754:T:G	n.78T>G	snv	0.0543	0.04128	0.4587	0.4043	0.75	0.1111	0.386	12.83	
RNU5B-1	primary	chr15	65304754	TC	T	chr15:65304754:TC:T	n.79del	del	0.06459	0.09371	0.1075	0.08322	0.0	0.1667	0.01729		
RNU5B-1	primary	chr15	65304754	T	TA	chr15:65304754:T:TA	n.78_79insA	ins	0.05307	0.02752	0.3483	0.2752	0.75	0.1111	0.01729		
RNU5B-1	primary	chr15	65304754	T	TC	chr15:65304754:T:TC	n.78_79insC	ins	0.05307	0.02752	0.3483	0.2752	0.75	0.1111	0.01729		
RNU5B-1	primary	chr15	65304754	T	TG	chr15:65304754:T:TG	n.78_79insG	ins	0.05307	0.02752	0.3483	0.2752	0.75	0.1111	0.01729		
RNU5B-1	primary	chr15	65304755	C	A	chr15:65304755:C:A	n.79C>A	snv	0.06459	0.09371	0.1075	0.08322	0.0	0.1667	0.01729	7.89	
RNU5B-1	primary	chr15	65304755	CT	C	chr15:65304755:CT:C	n.80del	del	0.06005	0.0675	0.1796	0.1298	0.0	0.15	0.321		
RNU5B-1	primary	chr15	65304755	C	CA	chr15:65304755:C:CA	n.79_80insA	ins	0.06555	0.0983	0.1796	0.1298	0.0	0.1667	0.321		
RNU5B-1	primary	chr15	65304755	C	CG	chr15:65304755:C:CG	n.79_80insG	ins	0.06555	0.0983	0.1796	0.1298	0.0	0.1667	0.321		
RNU5B-1	primary	chr15	65304755	C	CT	chr15:65304755:C:CT	n.79_80insT	ins	0.06555	0.0983	0.1796	0.1298	0.0	0.1667	0.321		
RNU5B-1	primary	chr15	65304755	C	G	chr15:65304755:C:G	n.79C>G	snv	0.06459	0.09371	0.1075	0.08322	0.0	0.1667	0.01729	7.811	control
RNU5B-1	primary	chr15	65304755	C	T	chr15:65304755:C:T	n.79C>T	snv	0.06459	0.09371	0.1075	0.08322	0.0	0.1667	0.01729	8.654	control
RNU5B-1	primary	chr15	65304756	T	A	chr15:65304756:T:A	n.80T>A	snv	0.06005	0.0675	0.1796	0.1298	0.0	0.15	0.321	10.57	
RNU5B-1	primary	chr15	65304756	T	C	chr15:65304756:T:C	n.80T>C	snv	0.06005	0.0675	0.1796	0.1298	0.0	0.15	0.321	9.665	
RNU5B-1	primary	chr15	65304756	T	G	chr15:65304756:T:G	n.80T>G	snv	0.06005	0.0675	0.1796	0.1298	0.0	0.15	0.321	9.567	
RNU5B-1	primary	chr15	65304756	T	TA	chr15:65304756:T:TA	n.80_81insA	ins	0.05905	0.06291	0.09895	0.07667	0.0	0.15	-0.004397		
RNU5B-1	primary	chr15	65304756	T	TC	chr15:65304756:T:TC	n.80_81insC	ins	0.05905	0.06291	0.09895	0.07667	0.0	0.15	-0.004397		
RNU5B-1	primary	chr15	65304756	T	TG	chr15:65304756:T:TG	n.80_81insG	ins	0.05905	0.06291	0.09895	0.07667	0.0	0.15	-0.004397		
RNU5B-1	primary	chr15	65304757	T	A	chr15:65304757:T:A	n.81T>A	snv	0.0507	0.002621	0.09895	0.07667	0.0	0.0	-0.004397	5.162	
RNU5B-1	primary	chr15	65304757	T	C	chr15:65304757:T:C	n.81T>C	snv	0.0507	0.002621	0.09895	0.07667	0.0	0.0	-0.004397	5.376	control
RNU5B-1	primary	chr15	65304757	T	G	chr15:65304757:T:G	n.81T>G	snv	0.0507	0.002621	0.09895	0.07667	0.0	0.0	-0.004397	5.264	
RNU5B-1	primary	chr15	65304757	TA	T	chr15:65304757:TA:T	n.82del	del	0.05795	0.05439	0.1186	0.09305	0.0	0.125	0.1041		
RNU5B-1	primary	chr15	65304757	T	TA	chr15:65304757:T:TA	n.81_82insA	ins	0.05091	0.006553	0.1186	0.09305	0.0	0.0	0.1041		
RNU5B-1	primary	chr15	65304757	T	TC	chr15:65304757:T:TC	n.81_82insC	ins	0.05091	0.006553	0.1186	0.09305	0.0	0.0	0.1041		
RNU5B-1	primary	chr15	65304757	T	TG	chr15:65304757:T:TG	n.81_82insG	ins	0.05091	0.006553	0.1186	0.09305	0.0	0.0	0.1041		
RNU5B-1	primary	chr15	65304758	A	AC	chr15:65304758:A:AC	n.82_83insC	ins	0.05765	0.04587	0.09305	0.06881	0.0	0.125	-0.04778		
RNU5B-1	primary	chr15	65304758	A	AG	chr15:65304758:A:AG	n.82_83insG	ins	0.05765	0.04587	0.09305	0.06881	0.0	0.125	-0.04778		
RNU5B-1	primary	chr15	65304758	A	AT	chr15:65304758:A:AT	n.82_83insT	ins	0.05765	0.04587	0.09305	0.06881	0.0	0.125	-0.04778		
RNU5B-1	primary	chr15	65304758	A	C	chr15:65304758:A:C	n.82A>C	snv	0.05795	0.05439	0.1186	0.09305	0.0	0.125	0.1041	6.901	control
RNU5B-1	primary	chr15	65304758	A	G	chr15:65304758:A:G	n.82A>G	snv	0.05795	0.05439	0.1186	0.09305	0.0	0.125	0.1041	7.024	control
RNU5B-1	primary	chr15	65304758	A	T	chr15:65304758:A:T	n.82A>T	snv	0.05795	0.05439	0.1186	0.09305	0.0	0.125	0.1041	7.751	
RNU5B-1	primary	chr15	65304759	AG	A	chr15:65304759:AG:A	n.84del	del	0.07572	0.1514	0.04882	0.009174	0.0	0.2188	-1.002		
RNU5B-1	primary	chr15	65304759	A	AC	chr15:65304759:A:AC	n.83_84insC	ins	0.06667	0.1114	0.04882	0.009174	0.0	0.1875	-1.002		
RNU5B-1	primary	chr15	65304759	A	AG	chr15:65304759:A:AG	n.83_84insG	ins	0.06667	0.1114	0.04882	0.009174	0.0	0.1875	-1.002		
RNU5B-1	primary	chr15	65304759	A	AT	chr15:65304759:A:AT	n.83_84insT	ins	0.06667	0.1114	0.04882	0.009174	0.0	0.1875	-1.002		
RNU5B-1	primary	chr15	65304759	A	C	chr15:65304759:A:C	n.83A>C	snv	0.06728	0.1153	0.09305	0.06881	0.0	0.1875	-0.04778	4.246	
RNU5B-1	primary	chr15	65304759	A	G	chr15:65304759:A:G	n.83A>G	snv	0.06728	0.1153	0.09305	0.06881	0.0	0.1875	-0.04778	5.065	control
RNU5B-1	primary	chr15	65304759	A	T	chr15:65304759:A:T	n.83A>T	snv	0.06728	0.1153	0.09305	0.06881	0.0	0.1875	-0.04778	4.9	
RNU5B-1	primary	chr15	65304760	G	A	chr15:65304760:G:A	n.84G>A	snv	0.07572	0.1514	0.04882	0.009174	0.0	0.2188	-1.002	0.022	control
RNU5B-1	primary	chr15	65304760	G	C	chr15:65304760:G:C	n.84G>C	snv	0.07572	0.1514	0.04882	0.009174	0.0	0.2188	-1.002	0.013	control
RNU5B-1	primary	chr15	65304760	GC	G	chr15:65304760:GC:G	n.85del	del	0.1277	0.3663	0.2703	0.1763	0.5	0.3889	0.1258		
RNU5B-1	primary	chr15	65304760	G	GA	chr15:65304760:G:GA	n.84_85insA	ins	0.07697	0.156	0.1298	0.1022	0.0	0.2188	0.1258		
RNU5B-1	primary	chr15	65304760	G	GC	chr15:65304760:G:GC	n.84_85insC	ins	0.07697	0.156	0.1298	0.1022	0.0	0.2188	0.1258		
RNU5B-1	primary	chr15	65304760	G	GT	chr15:65304760:G:GT	n.84_85insT	ins	0.07697	0.156	0.1298	0.1022	0.0	0.2188	0.1258		
RNU5B-1	primary	chr15	65304760	G	T	chr15:65304760:G:T	n.84G>T	snv	0.07572	0.1514	0.04882	0.009174	0.0	0.2188	-1.002	0.02	control
RNU5B-1	primary	chr15	65304761	C	A	chr15:65304761:C:A	n.85C>A	snv	0.1277	0.3663	0.2703	0.1763	0.5	0.3889	0.1258	5.739	control
RNU5B-1	primary	chr15	65304761	CT	C	chr15:65304761:CT:C	n.86del	del	0.3041	0.6979	0.3211	0.2379	0.75	0.8125	-0.1996		
RNU5B-1	primary	chr15	65304761	C	CA	chr15:65304761:C:CA	n.85_86insA	ins	0.1265	0.3486	0.2208	0.1533	0.5	0.3889	-0.1996		
RNU5B-1	primary	chr15	65304761	C	CG	chr15:65304761:C:CG	n.85_86insG	ins	0.1265	0.3486	0.2208	0.1533	0.5	0.3889	-0.1996		
RNU5B-1	primary	chr15	65304761	C	CT	chr15:65304761:C:CT	n.85_86insT	ins	0.1265	0.3486	0.2208	0.1533	0.5	0.3889	-0.1996		
RNU5B-1	primary	chr15	65304761	C	G	chr15:65304761:C:G	n.85C>G	snv	0.1277	0.3663	0.2703	0.1763	0.5	0.3889	0.1258	7.0	control
RNU5B-1	primary	chr15	65304761	C	T	chr15:65304761:C:T	n.85C>T	snv	0.1277	0.3663	0.2703	0.1763	0.5	0.3889	0.1258	7.539	control
RNU5B-1	primary	chr15	65304762	T	A	chr15:65304762:T:A	n.86T>A	snv	0.3041	0.6979	0.3211	0.2379	0.75	0.8125	-0.1996	0.373	
RNU5B-1	primary	chr15	65304762	T	C	chr15:65304762:T:C	n.86T>C	snv	0.3041	0.6979	0.3211	0.2379	0.75	0.8125	-0.1996	0.406	control
RNU5B-1	primary	chr15	65304762	T	G	chr15:65304762:T:G	n.86T>G	snv	0.3041	0.6979	0.3211	0.2379	0.75	0.8125	-0.1996	0.369	control
RNU5B-1	primary	chr15	65304762	TA	T	chr15:65304762:TA:T	n.87del	del	0.4509	0.8971	0.8706	0.9587	1.0	0.9206	0.668		
RNU5B-1	primary	chr15	65304762	T	TA	chr15:65304762:T:TA	n.86_87insA	ins	0.3225	0.7287	0.7097	0.7995	0.75	0.8125	0.668		
RNU5B-1	primary	chr15	65304762	T	TC	chr15:65304762:T:TC	n.86_87insC	ins	0.3225	0.7287	0.7097	0.7995	0.75	0.8125	0.668		
RNU5B-1	primary	chr15	65304762	T	TG	chr15:65304762:T:TG	n.86_87insG	ins	0.3225	0.7287	0.7097	0.7995	0.75	0.8125	0.668		
RNU5B-1	primary	chr15	65304763	A	AC	chr15:65304763:A:AC	n.87_88insC	ins	0.4427	0.8676	0.7185	0.8106	1.0	0.9206	0.4945		
RNU5B-1	primary	chr15	65304763	A	AG	chr15:65304763:A:AG	n.87_88insG	ins	0.4427	0.8676	0.7185	0.8106	1.0	0.9206	0.4945		
RNU5B-1	primary	chr15	65304763	A	AT	chr15:65304763:A:AT	n.87_88insT	ins	0.4427	0.8676	0.7185	0.8106	1.0	0.9206	0.4945		
RNU5B-1	primary	chr15	65304763	A	C	chr15:65304763:A:C	n.87A>C	snv	0.4509	0.8971	0.8706	0.9587	1.0	0.9206	0.668	14.43	control
RNU5B-1	primary	chr15	65304763	A	G	chr15:65304763:A:G	n.87A>G	snv	0.4509	0.8971	0.8706	0.9587	1.0	0.9206	0.668	14.56	control
RNU5B-1	primary	chr15	65304763	A	T	chr15:65304763:A:T	n.87A>T	snv	0.4509	0.8971	0.8706	0.9587	1.0	0.9206	0.668	14.32	control
RNU5B-1	primary	chr15	65304764	AT	A	chr15:65304764:AT:A	n.89del	del	0.4277	0.8401	0.8706	0.9587	1.0	0.8889	0.668		
RNU5B-1	primary	chr15	65304764	A	AC	chr15:65304764:A:AC	n.88_89insC	ins	0.4146	0.8283	0.8706	0.9587	1.0	0.8667	0.668		
RNU5B-1	primary	chr15	65304764	A	AG	chr15:65304764:A:AG	n.88_89insG	ins	0.4146	0.8283	0.8706	0.9587	1.0	0.8667	0.668		
RNU5B-1	primary	chr15	65304764	A	AT	chr15:65304764:A:AT	n.88_89insT	ins	0.4146	0.8283	0.8706	0.9587	1.0	0.8667	0.668		control
RNU5B-1	primary	chr15	65304764	A	C	chr15:65304764:A:C	n.88A>C	snv	0.4065	0.8165	0.7185	0.8106	1.0	0.8667	0.4945	13.58	control
RNU5B-1	primary	chr15	65304764	A	G	chr15:65304764:A:G	n.88A>G	snv	0.4065	0.8165	0.7185	0.8106	1.0	0.8667	0.4945	14.25	control
RNU5B-1	primary	chr15	65304764	A	T	chr15:65304764:A:T	n.88A>T	snv	0.4065	0.8165	0.7185	0.8106	1.0	0.8667	0.4945	13.71	control
RNU5B-1	primary	chr15	65304765	T	A	chr15:65304765:T:A	n.89T>A	snv	0.4277	0.8401	0.8706	0.9587	1.0	0.8889	0.668	15.03	
RNU5B-1	primary	chr15	65304765	T	C	chr15:65304765:T:C	n.89T>C	snv	0.4277	0.8401	0.8706	0.9587	1.0	0.8889	0.668	15.25	control
RNU5B-1	primary	chr15	65304765	T	G	chr15:65304765:T:G	n.89T>G	snv	0.4277	0.8401	0.8706	0.9587	1.0	0.8889	0.668	15.08	control
RNU5B-1	primary	chr15	65304765	T	TA	chr15:65304765:T:TA	n.89_90insA	ins	0.4277	0.8401	0.8706	0.9587	1.0	0.8889	0.668		
RNU5B-1	primary	chr15	65304765	T	TC	chr15:65304765:T:TC	n.89_90insC	ins	0.4277	0.8401	0.8706	0.9587	1.0	0.8889	0.668		
RNU5B-1	primary	chr15	65304765	T	TG	chr15:65304765:T:TG	n.89_90insG	ins	0.4277	0.8401	0.8706	0.9587	1.0	0.8889	0.668		
RNU5B-1	primary	chr15	65304766	T	A	chr15:65304766:T:A	n.90T>A	snv	0.4407	0.8617	0.8706	0.9587	1.0	0.8889	0.668	15.37	control
RNU5B-1	primary	chr15	65304766	T	C	chr15:65304766:T:C	n.90T>C	snv	0.4407	0.8617	0.8706	0.9587	1.0	0.8889	0.668	15.36	control
RNU5B-1	primary	chr15	65304766	T	G	chr15:65304766:T:G	n.90T>G	snv	0.4407	0.8617	0.8706	0.9587	1.0	0.8889	0.668	15.26	
RNU5B-1	primary	chr15	65304766	T	TA	chr15:65304766:T:TA	n.90_91insA	ins	0.4407	0.8617	0.8706	0.9587	1.0	0.8889	0.668		
RNU5B-1	primary	chr15	65304766	T	TC	chr15:65304766:T:TC	n.90_91insC	ins	0.4407	0.8617	0.8706	0.9587	1.0	0.8889	0.668		
RNU5B-1	primary	chr15	65304766	T	TG	chr15:65304766:T:TG	n.90_91insG	ins	0.4407	0.8617	0.8706	0.9587	1.0	0.8889	0.668		
RNU5B-1	primary	chr15	65304767	T	A	chr15:65304767:T:A	n.91T>A	snv	0.4443	0.8775	0.8706	0.9587	1.0	0.8889	0.668	15.36	
RNU5B-1	primary	chr15	65304767	T	C	chr15:65304767:T:C	n.91T>C	snv	0.4443	0.8775	0.8706	0.9587	1.0	0.8889	0.668	15.53	control
RNU5B-1	primary	chr15	65304767	T	G	chr15:65304767:T:G	n.91T>G	snv	0.4443	0.8775	0.8706	0.9587	1.0	0.8889	0.668	15.46	control
RNU5B-1	primary	chr15	65304767	T	TA	chr15:65304767:T:TA	n.91_92insA	ins	0.4443	0.8775	0.8706	0.9587	1.0	0.8889	0.668		
RNU5B-1	primary	chr15	65304767	T	TC	chr15:65304767:T:TC	n.91_92insC	ins	0.4443	0.8775	0.8706	0.9587	1.0	0.8889	0.668		
RNU5B-1	primary	chr15	65304767	T	TG	chr15:65304767:T:TG	n.91_92insG	ins	0.4443	0.8775	0.8706	0.9587	1.0	0.8889	0.668		
RNU5B-1	primary	chr15	65304768	T	A	chr15:65304768:T:A	n.92T>A	snv	0.4583	0.9181	0.8706	0.9587	1.0	0.9111	0.668	15.19	
RNU5B-1	primary	chr15	65304768	T	C	chr15:65304768:T:C	n.92T>C	snv	0.4583	0.9181	0.8706	0.9587	1.0	0.9111	0.668	15.5	control
RNU5B-1	primary	chr15	65304768	T	G	chr15:65304768:T:G	n.92T>G	snv	0.4583	0.9181	0.8706	0.9587	1.0	0.9111	0.668	15.34	control
RNU5B-1	primary	chr15	65304768	T	TA	chr15:65304768:T:TA	n.92_93insA	ins	0.4583	0.9181	0.8706	0.9587	1.0	0.9111	0.668		
RNU5B-1	primary	chr15	65304768	T	TC	chr15:65304768:T:TC	n.92_93insC	ins	0.4583	0.9181	0.8706	0.9587	1.0	0.9111	0.668		
RNU5B-1	primary	chr15	65304768	T	TG	chr15:65304768:T:TG	n.92_93insG	ins	0.4583	0.9181	0.8706	0.9587	1.0	0.9111	0.668		
RNU5B-1	primary	chr15	65304769	T	A	chr15:65304769:T:A	n.93T>A	snv	0.3937	0.7877	0.8706	0.9587	1.0	0.837	0.668	15.39	
RNU5B-1	primary	chr15	65304769	T	C	chr15:65304769:T:C	n.93T>C	snv	0.3937	0.7877	0.8706	0.9587	1.0	0.837	0.668	15.57	
RNU5B-1	primary	chr15	65304769	T	G	chr15:65304769:T:G	n.93T>G	snv	0.3937	0.7877	0.8706	0.9587	1.0	0.837	0.668	15.29	
RNU5B-1	primary	chr15	65304769	T	TA	chr15:65304769:T:TA	n.93_94insA	ins	0.377	0.768	0.5495	0.5498	1.0	0.837	0.1908		
RNU5B-1	primary	chr15	65304769	T	TC	chr15:65304769:T:TC	n.93_94insC	ins	0.377	0.768	0.5495	0.5498	1.0	0.837	0.1908		
RNU5B-1	primary	chr15	65304769	T	TG	chr15:65304769:T:TG	n.93_94insG	ins	0.377	0.768	0.5495	0.5498	1.0	0.837	0.1908		
RNU5B-1	primary	chr15	65304770	T	A	chr15:65304770:T:A	n.94T>A	snv	0.3796	0.7798	0.5495	0.5498	1.0	0.8585	0.1908	12.21	
RNU5B-1	primary	chr15	65304770	T	C	chr15:65304770:T:C	n.94T>C	snv	0.3796	0.7798	0.5495	0.5498	1.0	0.8585	0.1908	12.22	control
RNU5B-1	primary	chr15	65304770	T	G	chr15:65304770:T:G	n.94T>G	snv	0.3796	0.7798	0.5495	0.5498	1.0	0.8585	0.1908	11.9	control
RNU5B-1	primary	chr15	65304770	TG	T	chr15:65304770:TG:T	n.95del	del	0.456	0.9115	0.9355	0.9941	1.0	0.9167	0.7331		
RNU5B-1	primary	chr15	65304770	T	TA	chr15:65304770:T:TA	n.94_95insA	ins	0.3998	0.8008	0.9355	0.9941	1.0	0.8585	0.7331		
RNU5B-1	primary	chr15	65304770	T	TC	chr15:65304770:T:TC	n.94_95insC	ins	0.3998	0.8008	0.9355	0.9941	1.0	0.8585	0.7331		
RNU5B-1	primary	chr15	65304770	T	TG	chr15:65304770:T:TG	n.94_95insG	ins	0.3998	0.8008	0.9355	0.9941	1.0	0.8585	0.7331		
RNU5B-1	primary	chr15	65304771	G	A	chr15:65304771:G:A	n.95G>A	snv	0.456	0.9115	0.9355	0.9941	1.0	0.9167	0.7331	16.6	control
RNU5B-1	primary	chr15	65304771	G	C	chr15:65304771:G:C	n.95G>C	snv	0.456	0.9115	0.9355	0.9941	1.0	0.9167	0.7331	16.01	control
RNU5B-1	primary	chr15	65304771	GA	G	chr15:65304771:GA:G	n.96del	del	0.4534	0.9063	0.4204	0.3676	0.75	0.9591	0.321		
RNU5B-1	primary	chr15	65304771	G	GA	chr15:65304771:G:GA	n.95_96insA	ins	0.4368	0.8506	0.5813	0.6121	1.0	0.9167	0.321		
RNU5B-1	primary	chr15	65304771	G	GC	chr15:65304771:G:GC	n.95_96insC	ins	0.4368	0.8506	0.5813	0.6121	1.0	0.9167	0.321		
RNU5B-1	primary	chr15	65304771	G	GT	chr15:65304771:G:GT	n.95_96insT	ins	0.4368	0.8506	0.5813	0.6121	1.0	0.9167	0.321		control
RNU5B-1	primary	chr15	65304771	G	T	chr15:65304771:G:T	n.95G>T	snv	0.456	0.9115	0.9355	0.9941	1.0	0.9167	0.7331	17.37	
RNU5B-1	primary	chr15	65304772	AG	A	chr15:65304772:AG:A	n.97del	del	0.2784	0.6311	0.5429	0.5367	1.0	0.7795	0.1691		
RNU5B-1	primary	chr15	65304772	A	AC	chr15:65304772:A:AC	n.96_97insC	ins	0.4513	0.9017	0.382	0.3303	0.75	0.9591	0.1691		
RNU5B-1	primary	chr15	65304772	A	AG	chr15:65304772:A:AG	n.96_97insG	ins	0.4513	0.9017	0.382	0.3303	0.75	0.9591	0.1691		
RNU5B-1	primary	chr15	65304772	A	AT	chr15:65304772:A:AT	n.96_97insT	ins	0.4513	0.9017	0.382	0.3303	0.75	0.9591	0.1691		
RNU5B-1	primary	chr15	65304772	A	C	chr15:65304772:A:C	n.96A>C	snv	0.4534	0.9063	0.4204	0.3676	0.75	0.9591	0.321	11.9	
RNU5B-1	primary	chr15	65304772	A	G	chr15:65304772:A:G	n.96A>G	snv	0.4534	0.9063	0.4204	0.3676	0.75	0.9591	0.321	12.85	control
RNU5B-1	primary	chr15	65304772	A	T	chr15:65304772:A:T	n.96A>T	snv	0.4534	0.9063	0.4204	0.3676	0.75	0.9591	0.321	12.39	
RNU5B-1	primary	chr15	65304773	G	A	chr15:65304773:G:A	n.97G>A	snv	0.2784	0.6311	0.5429	0.5367	1.0	0.7795	0.1691	9.454	control
RNU5B-1	primary	chr15	65304773	G	C	chr15:65304773:G:C	n.97G>C	snv	0.2784	0.6311	0.5429	0.5367	1.0	0.7795	0.1691	9.036	
RNU5B-1	primary	chr15	65304773	G	GA	chr15:65304773:G:GA	n.97_98insA	ins	0.2961	0.6658	0.9355	0.9941	1.0	0.7795	0.7331		
RNU5B-1	primary	chr15	65304773	G	GC	chr15:65304773:G:GC	n.97_98insC	ins	0.2961	0.6658	0.9355	0.9941	1.0	0.7795	0.7331		
RNU5B-1	primary	chr15	65304773	G	GT	chr15:65304773:G:GT	n.97_98insT	ins	0.2961	0.6658	0.9355	0.9941	1.0	0.7795	0.7331		
RNU5B-1	primary	chr15	65304773	G	T	chr15:65304773:G:T	n.97G>T	snv	0.2784	0.6311	0.5429	0.5367	1.0	0.7795	0.1691	9.001	control
RNU5B-1	primary	chr15	65304774	G	A	chr15:65304774:G:A	n.98G>A	snv	0.1275	0.3617	0.6278	0.6763	0.2857	0.4248	0.7331	16.02	control
RNU5B-1	primary	chr15	65304774	G	C	chr15:65304774:G:C	n.98G>C	snv	0.1275	0.3617	0.6278	0.6763	0.2857	0.4248	0.7331	16.09	
RNU5B-1	primary	chr15	65304774	GC	G	chr15:65304774:GC:G	n.99del	del	0.08138	0.1855	0.3119	0.2149	0.2857	0.2088	0.386		
RNU5B-1	primary	chr15	65304774	G	GA	chr15:65304774:G:GA	n.98_99insA	ins	0.12	0.3237	0.3119	0.2149	0.2857	0.4248	0.386		
RNU5B-1	primary	chr15	65304774	G	GC	chr15:65304774:G:GC	n.98_99insC	ins	0.12	0.3237	0.3119	0.2149	0.2857	0.4248	0.386		
RNU5B-1	primary	chr15	65304774	G	GT	chr15:65304774:G:GT	n.98_99insT	ins	0.12	0.3237	0.3119	0.2149	0.2857	0.4248	0.386		
RNU5B-1	primary	chr15	65304774	G	T	chr15:65304774:G:T	n.98G>T	snv	0.1275	0.3617	0.6278	0.6763	0.2857	0.4248	0.7331	16.01	control
RNU5B-1	primary	chr15	65304775	C	A	chr15:65304775:C:A	n.99C>A	snv	0.08138	0.1855	0.3119	0.2149	0.2857	0.2088	0.386	12.82	control
RNU5B-1	primary	chr15	65304775	C	CA	chr15:65304775:C:CA	n.99_100insA	ins	0.08247	0.19	0.3781	0.3263	0.2857	0.2088	0.4728		
RNU5B-1	primary	chr15	65304775	C	CG	chr15:65304775:C:CG	n.99_100insG	ins	0.08247	0.19	0.3781	0.3263	0.2857	0.2088	0.4728		
RNU5B-1	primary	chr15	65304775	C	CT	chr15:65304775:C:CT	n.99_100insT	ins	0.08247	0.19	0.3781	0.3263	0.2857	0.2088	0.4728		
RNU5B-1	primary	chr15	65304775	C	G	chr15:65304775:C:G	n.99C>G	snv	0.08138	0.1855	0.3119	0.2149	0.2857	0.2088	0.386	13.67	control
RNU5B-1	primary	chr15	65304775	C	T	chr15:65304775:C:T	n.99C>T	snv	0.08138	0.1855	0.3119	0.2149	0.2857	0.2088	0.386	13.74	control
RNU5B-1	primary	chr15	65304776	C	A	chr15:65304776:C:A	n.100C>A	snv	0.16	0.4417	0.344	0.2713	0.1429	0.5055	0.4728	13.16	
RNU5B-1	primary	chr15	65304776	CT	C	chr15:65304776:CT:C	n.101del	del	0.1332	0.3834	0.5288	0.5007	0.1429	0.4429	0.668		
RNU5B-1	primary	chr15	65304776	C	CA	chr15:65304776:C:CA	n.100_101insA	ins	0.1656	0.4692	0.5288	0.5007	0.1429	0.5055	0.668		
RNU5B-1	primary	chr15	65304776	C	CG	chr15:65304776:C:CG	n.100_101insG	ins	0.1656	0.4692	0.5288	0.5007	0.1429	0.5055	0.668		
RNU5B-1	primary	chr15	65304776	C	CT	chr15:65304776:C:CT	n.100_101insT	ins	0.1656	0.4692	0.5288	0.5007	0.1429	0.5055	0.668		
RNU5B-1	primary	chr15	65304776	C	G	chr15:65304776:C:G	n.100C>G	snv	0.16	0.4417	0.344	0.2713	0.1429	0.5055	0.4728	13.09	
RNU5B-1	primary	chr15	65304776	C	T	chr15:65304776:C:T	n.100C>T	snv	0.16	0.4417	0.344	0.2713	0.1429	0.5055	0.4728	13.81	control
RNU5B-1	primary	chr15	65304777	T	A	chr15:65304777:T:A	n.101T>A	snv	0.1332	0.3834	0.5288	0.5007	0.1429	0.4429	0.668	14.44	control
RNU5B-1	primary	chr15	65304777	T	C	chr15:65304777:T:C	n.101T>C	snv	0.1332	0.3834	0.5288	0.5007	0.1429	0.4429	0.668	14.67	control
RNU5B-1	primary	chr15	65304777	T	G	chr15:65304777:T:G	n.101T>G	snv	0.1332	0.3834	0.5288	0.5007	0.1429	0.4429	0.668	14.46	control
RNU5B-1	primary	chr15	65304777	T	TA	chr15:65304777:T:TA	n.101_102insA	ins	0.1294	0.3788	0.3768	0.3132	0.1429	0.4429	0.4945		
RNU5B-1	primary	chr15	65304777	T	TC	chr15:65304777:T:TC	n.101_102insC	ins	0.1294	0.3788	0.3768	0.3132	0.1429	0.4429	0.4945		
RNU5B-1	primary	chr15	65304777	T	TG	chr15:65304777:T:TG	n.101_102insG	ins	0.1294	0.3788	0.3768	0.3132	0.1429	0.4429	0.4945		
RNU5B-1	primary	chr15	65304778	T	A	chr15:65304778:T:A	n.102T>A	snv	0.118	0.3145	0.3168	0.2274	0.0	0.3959	0.4945	13.38	
RNU5B-1	primary	chr15	65304778	T	C	chr15:65304778:T:C	n.102T>C	snv	0.118	0.3145	0.3168	0.2274	0.0	0.3959	0.4945	13.18	control
RNU5B-1	primary	chr15	65304778	T	G	chr15:65304778:T:G	n.102T>G	snv	0.118	0.3145	0.3168	0.2274	0.0	0.3959	0.4945	12.99	control
RNU5B-1	primary	chr15	65304778	TG	T	chr15:65304778:TG:T	n.103del	del	0.1427	0.4017	0.1664	0.1206	0.0	0.5333	0.2993		
RNU5B-1	primary	chr15	65304778	T	TA	chr15:65304778:T:TA	n.102_103insA	ins	0.1146	0.3001	0.1664	0.1206	0.0	0.3959	0.2993		
RNU5B-1	primary	chr15	65304778	T	TC	chr15:65304778:T:TC	n.102_103insC	ins	0.1146	0.3001	0.1664	0.1206	0.0	0.3959	0.2993		
RNU5B-1	primary	chr15	65304778	T	TG	chr15:65304778:T:TG	n.102_103insG	ins	0.1146	0.3001	0.1664	0.1206	0.0	0.3959	0.2993		
RNU5B-1	primary	chr15	65304779	G	A	chr15:65304779:G:A	n.103G>A	snv	0.1427	0.4017	0.1664	0.1206	0.0	0.5333	0.2993	8.905	control
RNU5B-1	primary	chr15	65304779	G	C	chr15:65304779:G:C	n.103G>C	snv	0.1427	0.4017	0.1664	0.1206	0.0	0.5333	0.2993	8.328	control
RNU5B-1	primary	chr15	65304779	GT	G	chr15:65304779:GT:G	n.104del	del	0.127	0.3532	0.05799	0.02752	0.0	0.49	-0.6551		
RNU5B-1	primary	chr15	65304779	G	GA	chr15:65304779:G:GA	n.103_104insA	ins	0.1398	0.3932	0.05799	0.02752	0.0	0.5333	-0.6551		
RNU5B-1	primary	chr15	65304779	G	GC	chr15:65304779:G:GC	n.103_104insC	ins	0.1398	0.3932	0.05799	0.02752	0.0	0.5333	-0.6551		
RNU5B-1	primary	chr15	65304779	G	GT	chr15:65304779:G:GT	n.103_104insT	ins	0.1398	0.3932	0.05799	0.02752	0.0	0.5333	-0.6551		
RNU5B-1	primary	chr15	65304779	G	T	chr15:65304779:G:T	n.103G>T	snv	0.1427	0.4017	0.1664	0.1206	0.0	0.5333	0.2993	8.315	control
RNU5B-1	primary	chr15	65304780	T	A	chr15:65304780:T:A	n.104T>A	snv	0.127	0.3532	0.05799	0.02752	0.0	0.49	-0.6551	0.006	control
RNU5B-1	primary	chr15	65304780	T	C	chr15:65304780:T:C	n.104T>C	snv	0.127	0.3532	0.05799	0.02752	0.0	0.49	-0.6551	0.006	control
RNU5B-1	primary	chr15	65304780	T	G	chr15:65304780:T:G	n.104T>G	snv	0.127	0.3532	0.05799	0.02752	0.0	0.49	-0.6551	0.007	control
RNU5B-1	primary	chr15	65304780	T	TA	chr15:65304780:T:TA	n.104_105insA	ins	0.1273	0.3578	0.07143	0.04391	0.0	0.49	-0.3081		
RNU5B-1	primary	chr15	65304780	T	TC	chr15:65304780:T:TC	n.104_105insC	ins	0.1273	0.3578	0.07143	0.04391	0.0	0.49	-0.3081		
RNU5B-1	primary	chr15	65304780	T	TG	chr15:65304780:T:TG	n.104_105insG	ins	0.1273	0.3578	0.07143	0.04391	0.0	0.49	-0.3081		
RNU5B-1	primary	chr15	65304781	T	A	chr15:65304781:T:A	n.105T>A	snv	0.08122	0.1809	0.07143	0.04391	0.0	0.2467	-0.3081	0.087	control
RNU5B-1	primary	chr15	65304781	T	C	chr15:65304781:T:C	n.105T>C	snv	0.08122	0.1809	0.07143	0.04391	0.0	0.2467	-0.3081	0.106	control
RNU5B-1	primary	chr15	65304781	T	G	chr15:65304781:T:G	n.105T>G	snv	0.08122	0.1809	0.07143	0.04391	0.0	0.2467	-0.3081	0.088	control
RNU5B-1	primary	chr15	65304781	TC	T	chr15:65304781:TC:T	n.106del	del	0.07008	0.1291	0.2031	0.1448	0.5	0.2111	-0.525		
RNU5B-1	primary	chr15	65304781	T	TA	chr15:65304781:T:TA	n.105_106insA	ins	0.08107	0.1769	0.06258	0.03408	0.0	0.2467	-0.525		
RNU5B-1	primary	chr15	65304781	T	TC	chr15:65304781:T:TC	n.105_106insC	ins	0.08107	0.1769	0.06258	0.03408	0.0	0.2467	-0.525		
RNU5B-1	primary	chr15	65304781	T	TG	chr15:65304781:T:TG	n.105_106insG	ins	0.08107	0.1769	0.06258	0.03408	0.0	0.2467	-0.525		
RNU5B-1	primary	chr15	65304782	C	A	chr15:65304782:C:A	n.106C>A	snv	0.07008	0.1291	0.2031	0.1448	0.5	0.2111	-0.525	0.037	
RNU5B-1	primary	chr15	65304782	C	CA	chr15:65304782:C:CA	n.106_107insA	ins	0.06982	0.1245	0.1851	0.1363	0.5	0.2111	-2.0		
RNU5B-1	primary	chr15	65304782	C	CG	chr15:65304782:C:CG	n.106_107insG	ins	0.06982	0.1245	0.1851	0.1363	0.5	0.2111	-2.0		
RNU5B-1	primary	chr15	65304782	C	CT	chr15:65304782:C:CT	n.106_107insT	ins	0.06982	0.1245	0.1851	0.1363	0.5	0.2111	-2.0		
RNU5B-1	primary	chr15	65304782	C	G	chr15:65304782:C:G	n.106C>G	snv	0.07008	0.1291	0.2031	0.1448	0.5	0.2111	-0.525	0.036	control
RNU5B-1	primary	chr15	65304782	C	T	chr15:65304782:C:T	n.106C>T	snv	0.07008	0.1291	0.2031	0.1448	0.5	0.2111	-0.525	0.041	control
RNU5B-1	primary	chr15	65304783	C	A	chr15:65304783:C:A	n.107C>A	snv	0.05232	0.01573	0.04456	0.002621	0.0	0.07143	-2.0	0.001	control
RNU5B-1	primary	chr15	65304783	CG	C	chr15:65304783:CG:C	n.108del	del	0.07751	0.1645	0.05341	0.01835	0.0	0.23	-0.8287		
RNU5B-1	primary	chr15	65304783	C	CA	chr15:65304783:C:CA	n.107_108insA	ins	0.05242	0.01966	0.05341	0.01835	0.0	0.07143	-0.8287		
RNU5B-1	primary	chr15	65304783	C	CG	chr15:65304783:C:CG	n.107_108insG	ins	0.05242	0.01966	0.05341	0.01835	0.0	0.07143	-0.8287		
RNU5B-1	primary	chr15	65304783	C	CT	chr15:65304783:C:CT	n.107_108insT	ins	0.05242	0.01966	0.05341	0.01835	0.0	0.07143	-0.8287		
RNU5B-1	primary	chr15	65304783	C	G	chr15:65304783:C:G	n.107C>G	snv	0.05232	0.01573	0.04456	0.002621	0.0	0.07143	-2.0	0.001	
RNU5B-1	primary	chr15	65304783	C	T	chr15:65304783:C:T	n.107C>T	snv	0.05232	0.01573	0.04456	0.002621	0.0	0.07143	-2.0	0.001	control
RNU5B-1	primary	chr15	65304784	G	A	chr15:65304784:G:A	n.108G>A	snv	0.07751	0.1645	0.05341	0.01835	0.0	0.23	-0.8287	0.035	control
RNU5B-1	primary	chr15	65304784	G	C	chr15:65304784:G:C	n.108G>C	snv	0.07751	0.1645	0.05341	0.01835	0.0	0.23	-0.8287	0.031	control
RNU5B-1	primary	chr15	65304784	GA	G	chr15:65304784:GA:G	n.109del	del	0.0531	0.03211	0.3588	0.2955	0.8	0.1722	-0.3731		
RNU5B-1	primary	chr15	65304784	G	GA	chr15:65304784:G:GA	n.108_109insA	ins	0.07772	0.1691	0.06717	0.03801	0.0	0.23	-0.3731		
RNU5B-1	primary	chr15	65304784	G	GC	chr15:65304784:G:GC	n.108_109insC	ins	0.07772	0.1691	0.06717	0.03801	0.0	0.23	-0.3731		
RNU5B-1	primary	chr15	65304784	G	GT	chr15:65304784:G:GT	n.108_109insT	ins	0.07772	0.1691	0.06717	0.03801	0.0	0.23	-0.3731		
RNU5B-1	primary	chr15	65304784	G	T	chr15:65304784:G:T	n.108G>T	snv	0.07751	0.1645	0.05341	0.01835	0.0	0.23	-0.8287	0.026	
RNU5B-1	primary	chr15	65304785	AC	A	chr15:65304785:AC:A	n.110del	del	0.08763	0.2025	0.3103	0.2077	0.6	0.2357	0.01729		
RNU5B-1	primary	chr15	65304785	A	AC	chr15:65304785:A:AC	n.109_110insC	ins	0.05355	0.0367	0.3991	0.3539	0.8	0.1722	0.01729		
RNU5B-1	primary	chr15	65304785	A	AG	chr15:65304785:A:AG	n.109_110insG	ins	0.05355	0.0367	0.3991	0.3539	0.8	0.1722	0.01729		
RNU5B-1	primary	chr15	65304785	A	AT	chr15:65304785:A:AT	n.109_110insT	ins	0.05355	0.0367	0.3991	0.3539	0.8	0.1722	0.01729		
RNU5B-1	primary	chr15	65304785	A	C	chr15:65304785:A:C	n.109A>C	snv	0.0531	0.03211	0.3588	0.2955	0.8	0.1722	-0.3731	0.037	control
RNU5B-1	primary	chr15	65304785	A	G	chr15:65304785:A:G	n.109A>G	snv	0.0531	0.03211	0.3588	0.2955	0.8	0.1722	-0.3731	0.036	control
RNU5B-1	primary	chr15	65304785	A	T	chr15:65304785:A:T	n.109A>T	snv	0.0531	0.03211	0.3588	0.2955	0.8	0.1722	-0.3731	0.039	control
RNU5B-1	primary	chr15	65304786	C	A	chr15:65304786:C:A	n.110C>A	snv	0.08763	0.2025	0.3103	0.2077	0.6	0.2357	0.01729	0.822	
RNU5B-1	primary	chr15	65304786	CA	C	chr15:65304786:CA:C	n.111del	del	0.06349	0.08847	0.3326	0.249	0.6	0.1643	0.1258		
RNU5B-1	primary	chr15	65304786	C	CA	chr15:65304786:C:CA	n.110_111insA	ins	0.08802	0.2071	0.3326	0.249	0.6	0.2357	0.1258		control
RNU5B-1	primary	chr15	65304786	C	CG	chr15:65304786:C:CG	n.110_111insG	ins	0.08802	0.2071	0.3326	0.249	0.6	0.2357	0.1258		
RNU5B-1	primary	chr15	65304786	C	CT	chr15:65304786:C:CT	n.110_111insT	ins	0.08802	0.2071	0.3326	0.249	0.6	0.2357	0.1258		control
RNU5B-1	primary	chr15	65304786	C	G	chr15:65304786:C:G	n.110C>G	snv	0.08763	0.2025	0.3103	0.2077	0.6	0.2357	0.01729	0.699	
RNU5B-1	primary	chr15	65304786	C	T	chr15:65304786:C:T	n.110C>T	snv	0.08763	0.2025	0.3103	0.2077	0.6	0.2357	0.01729	1.959	control
RNU5B-1	primary	chr15	65304787	A	AC	chr15:65304787:A:AC	n.111_112insC	ins	0.06309	0.08388	0.3018	0.1992	0.6	0.1643	-0.004397		
RNU5B-1	primary	chr15	65304787	A	AG	chr15:65304787:A:AG	n.111_112insG	ins	0.06309	0.08388	0.3018	0.1992	0.6	0.1643	-0.004397		
RNU5B-1	primary	chr15	65304787	A	AT	chr15:65304787:A:AT	n.111_112insT	ins	0.06309	0.08388	0.3018	0.1992	0.6	0.1643	-0.004397		
RNU5B-1	primary	chr15	65304787	A	C	chr15:65304787:A:C	n.111A>C	snv	0.06349	0.08847	0.3326	0.249	0.6	0.1643	0.1258	3.016	control
RNU5B-1	primary	chr15	65304787	A	G	chr15:65304787:A:G	n.111A>G	snv	0.06349	0.08847	0.3326	0.249	0.6	0.1643	0.1258	2.782	control
RNU5B-1	primary	chr15	65304787	A	T	chr15:65304787:A:T	n.111A>T	snv	0.06349	0.08847	0.3326	0.249	0.6	0.1643	0.1258	3.088	control
RNU5B-1	primary	chr15	65304788	AG	A	chr15:65304788:AG:A	n.113del	del	0.07126	0.1343	0.6442	0.6992	0.8	0.2176	0.5379		
RNU5B-1	primary	chr15	65304788	A	AC	chr15:65304788:A:AC	n.112_113insC	ins	0.07924	0.173	0.4187	0.363	0.2	0.2104	0.5379		
RNU5B-1	primary	chr15	65304788	A	AG	chr15:65304788:A:AG	n.112_113insG	ins	0.07924	0.173	0.4187	0.363	0.2	0.2104	0.5379		
RNU5B-1	primary	chr15	65304788	A	AT	chr15:65304788:A:AT	n.112_113insT	ins	0.07924	0.173	0.4187	0.363	0.2	0.2104	0.5379		
RNU5B-1	primary	chr15	65304788	A	C	chr15:65304788:A:C	n.112A>C	snv	0.07526	0.1468	0.1651	0.114	0.2	0.2104	-0.004397	1.272	
RNU5B-1	primary	chr15	65304788	A	G	chr15:65304788:A:G	n.112A>G	snv	0.07526	0.1468	0.1651	0.114	0.2	0.2104	-0.004397	2.549	control
RNU5B-1	primary	chr15	65304788	A	T	chr15:65304788:A:T	n.112A>T	snv	0.07526	0.1468	0.1651	0.114	0.2	0.2104	-0.004397	1.234	
RNU5B-1	primary	chr15	65304789	G	A	chr15:65304789:G:A	n.113G>A	snv	0.07126	0.1343	0.6442	0.6992	0.8	0.2176	0.5379	9.56	control
RNU5B-1	primary	chr15	65304789	G	C	chr15:65304789:G:C	n.113G>C	snv	0.07126	0.1343	0.6442	0.6992	0.8	0.2176	0.5379	9.256	control
RNU5B-1	primary	chr15	65304789	G	GA	chr15:65304789:G:GA	n.113_114insA	ins	0.07358	0.1429	0.8011	0.8873	0.8	0.2176	0.7114		
RNU5B-1	primary	chr15	65304789	G	GC	chr15:65304789:G:GC	n.113_114insC	ins	0.07358	0.1429	0.8011	0.8873	0.8	0.2176	0.7114		
RNU5B-1	primary	chr15	65304789	G	GT	chr15:65304789:G:GT	n.113_114insT	ins	0.07358	0.1429	0.8011	0.8873	0.8	0.2176	0.7114		
RNU5B-1	primary	chr15	65304789	G	T	chr15:65304789:G:T	n.113G>T	snv	0.07126	0.1343	0.6442	0.6992	0.8	0.2176	0.5379	9.622	
RNU5B-1	primary	chr15	65304790	G	A	chr15:65304790:G:A	n.114G>A	snv	0.0902	0.213	0.6212	0.6704	0.4	0.261	0.7114	13.12	control
RNU5B-1	primary	chr15	65304790	G	C	chr15:65304790:G:C	n.114G>C	snv	0.0902	0.213	0.6212	0.6704	0.4	0.261	0.7114	13.47	control
RNU5B-1	primary	chr15	65304790	GC	G	chr15:65304790:GC:G	n.115del	del	0.1014	0.251	0.5095	0.462	0.0	0.3121	0.7114		
RNU5B-1	primary	chr15	65304790	G	GA	chr15:65304790:G:GA	n.114_115insA	ins	0.0902	0.213	0.6212	0.6704	0.4	0.261	0.7114		
RNU5B-1	primary	chr15	65304790	G	GC	chr15:65304790:G:GC	n.114_115insC	ins	0.0902	0.213	0.6212	0.6704	0.4	0.261	0.7114		
RNU5B-1	primary	chr15	65304790	G	GT	chr15:65304790:G:GT	n.114_115insT	ins	0.0902	0.213	0.6212	0.6704	0.4	0.261	0.7114		
RNU5B-1	primary	chr15	65304790	G	T	chr15:65304790:G:T	n.114G>T	snv	0.0902	0.213	0.6212	0.6704	0.4	0.261	0.7114	14.01	
RNU5B-1	primary	chr15	65304791	C	A	chr15:65304791:C:A	n.115C>A	snv	0.1014	0.251	0.5095	0.462	0.0	0.3121	0.7114	12.9	control
RNU5B-1	primary	chr15	65304791	CT	C	chr15:65304791:CT:C	n.116del	del	0.1773	0.4948	0.7372	0.8224	0.8	0.5815	0.6463		
RNU5B-1	primary	chr15	65304791	C	CA	chr15:65304791:C:CA	n.115_116insA	ins	0.1001	0.2372	0.4456	0.3853	0.0	0.3121	0.6463		
RNU5B-1	primary	chr15	65304791	C	CG	chr15:65304791:C:CG	n.115_116insG	ins	0.1001	0.2372	0.4456	0.3853	0.0	0.3121	0.6463		
RNU5B-1	primary	chr15	65304791	C	CT	chr15:65304791:C:CT	n.115_116insT	ins	0.1001	0.2372	0.4456	0.3853	0.0	0.3121	0.6463		
RNU5B-1	primary	chr15	65304791	C	G	chr15:65304791:C:G	n.115C>G	snv	0.1014	0.251	0.5095	0.462	0.0	0.3121	0.7114	14.42	control
RNU5B-1	primary	chr15	65304791	C	T	chr15:65304791:C:T	n.115C>T	snv	0.1014	0.251	0.5095	0.462	0.0	0.3121	0.7114	13.83	control
RNU5B-1	primary	chr15	65304792	T	A	chr15:65304792:T:A	n.116T>A	snv	0.1773	0.4948	0.7372	0.8224	0.8	0.5815	0.6463	11.02	control
RNU5B-1	primary	chr15	65304792	T	C	chr15:65304792:T:C	n.116T>C	snv	0.1773	0.4948	0.7372	0.8224	0.8	0.5815	0.6463	11.55	control
RNU5B-1	primary	chr15	65304792	T	G	chr15:65304792:T:G	n.116T>G	snv	0.1773	0.4948	0.7372	0.8224	0.8	0.5815	0.6463	11.32	
