file	exp	sample	rep	gene	family	count
ENCFF207NYU	ENCSR718AXQ	Homo sapiens Peyer's patch tissue female adult (53 years)	1	RNU5E-1	U5	1919
ENCFF207NYU	ENCSR718AXQ	Homo sapiens Peyer's patch tissue female adult (53 years)	1	RNU1-1	U1	0
ENCFF207NYU	ENCSR718AXQ	Homo sapiens Peyer's patch tissue female adult (53 years)	1	RNU1-3	U1	0
ENCFF207NYU	ENCSR718AXQ	Homo sapiens Peyer's patch tissue female adult (53 years)	1	RNU1-4	U1	0
ENCFF207NYU	ENCSR718AXQ	Homo sapiens Peyer's patch tissue female adult (53 years)	1	RNU1-2	U1	0
ENCFF207NYU	ENCSR718AXQ	Homo sapiens Peyer's patch tissue female adult (53 years)	1	RNU11	U11	0
ENCFF207NYU	ENCSR718AXQ	Homo sapiens Peyer's patch tissue female adult (53 years)	1	RNU5F-1	U5	17
ENCFF207NYU	ENCSR718AXQ	Homo sapiens Peyer's patch tissue female adult (53 years)	1	RNU5D-1	U5	23
ENCFF207NYU	ENCSR718AXQ	Homo sapiens Peyer's patch tissue female adult (53 years)	1	RNU4ATAC	U4atac	3866
ENCFF207NYU	ENCSR718AXQ	Homo sapiens Peyer's patch tissue female adult (53 years)	1	RMRP		0
ENCFF207NYU	ENCSR718AXQ	Homo sapiens Peyer's patch tissue female adult (53 years)	1	RNU6ATAC	U6atac	0
ENCFF207NYU	ENCSR718AXQ	Homo sapiens Peyer's patch tissue female adult (53 years)	1	RNU2-2P	U2	0
ENCFF207NYU	ENCSR718AXQ	Homo sapiens Peyer's patch tissue female adult (53 years)	1	RNU7-1	U7	0
ENCFF207NYU	ENCSR718AXQ	Homo sapiens Peyer's patch tissue female adult (53 years)	1	RNU4-2	U4	9668
ENCFF207NYU	ENCSR718AXQ	Homo sapiens Peyer's patch tissue female adult (53 years)	1	RNU4-1	U4	33838
ENCFF207NYU	ENCSR718AXQ	Homo sapiens Peyer's patch tissue female adult (53 years)	1	RPPH1		0
ENCFF207NYU	ENCSR718AXQ	Homo sapiens Peyer's patch tissue female adult (53 years)	1	RNU6-7	U6	0
ENCFF207NYU	ENCSR718AXQ	Homo sapiens Peyer's patch tissue female adult (53 years)	1	RNU6-8	U6	0
ENCFF207NYU	ENCSR718AXQ	Homo sapiens Peyer's patch tissue female adult (53 years)	1	RN7SL1		0
ENCFF207NYU	ENCSR718AXQ	Homo sapiens Peyer's patch tissue female adult (53 years)	1	RN7SL2		1207
ENCFF207NYU	ENCSR718AXQ	Homo sapiens Peyer's patch tissue female adult (53 years)	1	RNU5A-1	U5	160808
ENCFF207NYU	ENCSR718AXQ	Homo sapiens Peyer's patch tissue female adult (53 years)	1	RNU5B-1	U5	19958
ENCFF207NYU	ENCSR718AXQ	Homo sapiens Peyer's patch tissue female adult (53 years)	1	RNU6-1	U6	0
ENCFF207NYU	ENCSR718AXQ	Homo sapiens Peyer's patch tissue female adult (53 years)	1	RNU2-1	U2	0
ENCFF207NYU	ENCSR718AXQ	Homo sapiens Peyer's patch tissue female adult (53 years)	1	RNU6-9	U6	0
ENCFF207NYU	ENCSR718AXQ	Homo sapiens Peyer's patch tissue female adult (53 years)	1	RNU6-2	U6	0
ENCFF207NYU	ENCSR718AXQ	Homo sapiens Peyer's patch tissue female adult (53 years)	1	RNU12	U12	0
ENCFF187DGZ	ENCSR091JNF	Homo sapiens Peyer's patch tissue male adult (54 years)	1	RNU5E-1	U5	3349
ENCFF187DGZ	ENCSR091JNF	Homo sapiens Peyer's patch tissue male adult (54 years)	1	RNU1-1	U1	0
ENCFF187DGZ	ENCSR091JNF	Homo sapiens Peyer's patch tissue male adult (54 years)	1	RNU1-3	U1	0
ENCFF187DGZ	ENCSR091JNF	Homo sapiens Peyer's patch tissue male adult (54 years)	1	RNU1-4	U1	0
ENCFF187DGZ	ENCSR091JNF	Homo sapiens Peyer's patch tissue male adult (54 years)	1	RNU1-2	U1	0
ENCFF187DGZ	ENCSR091JNF	Homo sapiens Peyer's patch tissue male adult (54 years)	1	RNU11	U11	0
ENCFF187DGZ	ENCSR091JNF	Homo sapiens Peyer's patch tissue male adult (54 years)	1	RNU5F-1	U5	22
ENCFF187DGZ	ENCSR091JNF	Homo sapiens Peyer's patch tissue male adult (54 years)	1	RNU5D-1	U5	48
ENCFF187DGZ	ENCSR091JNF	Homo sapiens Peyer's patch tissue male adult (54 years)	1	RNU4ATAC	U4atac	4293
ENCFF187DGZ	ENCSR091JNF	Homo sapiens Peyer's patch tissue male adult (54 years)	1	RMRP		0
ENCFF187DGZ	ENCSR091JNF	Homo sapiens Peyer's patch tissue male adult (54 years)	1	RNU6ATAC	U6atac	3
ENCFF187DGZ	ENCSR091JNF	Homo sapiens Peyer's patch tissue male adult (54 years)	1	RNU2-2P	U2	0
ENCFF187DGZ	ENCSR091JNF	Homo sapiens Peyer's patch tissue male adult (54 years)	1	RNU7-1	U7	0
ENCFF187DGZ	ENCSR091JNF	Homo sapiens Peyer's patch tissue male adult (54 years)	1	RNU4-2	U4	15592
ENCFF187DGZ	ENCSR091JNF	Homo sapiens Peyer's patch tissue male adult (54 years)	1	RNU4-1	U4	61369
ENCFF187DGZ	ENCSR091JNF	Homo sapiens Peyer's patch tissue male adult (54 years)	1	RPPH1		0
ENCFF187DGZ	ENCSR091JNF	Homo sapiens Peyer's patch tissue male adult (54 years)	1	RNU6-7	U6	0
ENCFF187DGZ	ENCSR091JNF	Homo sapiens Peyer's patch tissue male adult (54 years)	1	RNU6-8	U6	0
ENCFF187DGZ	ENCSR091JNF	Homo sapiens Peyer's patch tissue male adult (54 years)	1	RN7SL1		0
ENCFF187DGZ	ENCSR091JNF	Homo sapiens Peyer's patch tissue male adult (54 years)	1	RN7SL2		698
ENCFF187DGZ	ENCSR091JNF	Homo sapiens Peyer's patch tissue male adult (54 years)	1	RNU5A-1	U5	268228
ENCFF187DGZ	ENCSR091JNF	Homo sapiens Peyer's patch tissue male adult (54 years)	1	RNU5B-1	U5	32537
ENCFF187DGZ	ENCSR091JNF	Homo sapiens Peyer's patch tissue male adult (54 years)	1	RNU6-1	U6	0
ENCFF187DGZ	ENCSR091JNF	Homo sapiens Peyer's patch tissue male adult (54 years)	1	RNU2-1	U2	0
ENCFF187DGZ	ENCSR091JNF	Homo sapiens Peyer's patch tissue male adult (54 years)	1	RNU6-9	U6	0
ENCFF187DGZ	ENCSR091JNF	Homo sapiens Peyer's patch tissue male adult (54 years)	1	RNU6-2	U6	0
ENCFF187DGZ	ENCSR091JNF	Homo sapiens Peyer's patch tissue male adult (54 years)	1	RNU12	U12	0
ENCFF402FVH	ENCSR961FIG	Homo sapiens upper lobe of left lung tissue female adult (51 years)	1	RNU5E-1	U5	304
ENCFF402FVH	ENCSR961FIG	Homo sapiens upper lobe of left lung tissue female adult (51 years)	1	RNU1-1	U1	0
ENCFF402FVH	ENCSR961FIG	Homo sapiens upper lobe of left lung tissue female adult (51 years)	1	RNU1-3	U1	0
ENCFF402FVH	ENCSR961FIG	Homo sapiens upper lobe of left lung tissue female adult (51 years)	1	RNU1-4	U1	0
ENCFF402FVH	ENCSR961FIG	Homo sapiens upper lobe of left lung tissue female adult (51 years)	1	RNU1-2	U1	0
ENCFF402FVH	ENCSR961FIG	Homo sapiens upper lobe of left lung tissue female adult (51 years)	1	RNU11	U11	0
ENCFF402FVH	ENCSR961FIG	Homo sapiens upper lobe of left lung tissue female adult (51 years)	1	RNU5F-1	U5	3
ENCFF402FVH	ENCSR961FIG	Homo sapiens upper lobe of left lung tissue female adult (51 years)	1	RNU5D-1	U5	18
ENCFF402FVH	ENCSR961FIG	Homo sapiens upper lobe of left lung tissue female adult (51 years)	1	RNU4ATAC	U4atac	448
ENCFF402FVH	ENCSR961FIG	Homo sapiens upper lobe of left lung tissue female adult (51 years)	1	RMRP		0
ENCFF402FVH	ENCSR961FIG	Homo sapiens upper lobe of left lung tissue female adult (51 years)	1	RNU6ATAC	U6atac	3
ENCFF402FVH	ENCSR961FIG	Homo sapiens upper lobe of left lung tissue female adult (51 years)	1	RNU2-2P	U2	0
ENCFF402FVH	ENCSR961FIG	Homo sapiens upper lobe of left lung tissue female adult (51 years)	1	RNU7-1	U7	0
ENCFF402FVH	ENCSR961FIG	Homo sapiens upper lobe of left lung tissue female adult (51 years)	1	RNU4-2	U4	6799
ENCFF402FVH	ENCSR961FIG	Homo sapiens upper lobe of left lung tissue female adult (51 years)	1	RNU4-1	U4	17091
ENCFF402FVH	ENCSR961FIG	Homo sapiens upper lobe of left lung tissue female adult (51 years)	1	RPPH1		0
ENCFF402FVH	ENCSR961FIG	Homo sapiens upper lobe of left lung tissue female adult (51 years)	1	RNU6-7	U6	0
ENCFF402FVH	ENCSR961FIG	Homo sapiens upper lobe of left lung tissue female adult (51 years)	1	RNU6-8	U6	0
ENCFF402FVH	ENCSR961FIG	Homo sapiens upper lobe of left lung tissue female adult (51 years)	1	RN7SL1		0
ENCFF402FVH	ENCSR961FIG	Homo sapiens upper lobe of left lung tissue female adult (51 years)	1	RN7SL2		165
ENCFF402FVH	ENCSR961FIG	Homo sapiens upper lobe of left lung tissue female adult (51 years)	1	RNU5A-1	U5	40745
ENCFF402FVH	ENCSR961FIG	Homo sapiens upper lobe of left lung tissue female adult (51 years)	1	RNU5B-1	U5	2624
ENCFF402FVH	ENCSR961FIG	Homo sapiens upper lobe of left lung tissue female adult (51 years)	1	RNU6-1	U6	0
ENCFF402FVH	ENCSR961FIG	Homo sapiens upper lobe of left lung tissue female adult (51 years)	1	RNU2-1	U2	0
ENCFF402FVH	ENCSR961FIG	Homo sapiens upper lobe of left lung tissue female adult (51 years)	1	RNU6-9	U6	0
ENCFF402FVH	ENCSR961FIG	Homo sapiens upper lobe of left lung tissue female adult (51 years)	1	RNU6-2	U6	0
ENCFF402FVH	ENCSR961FIG	Homo sapiens upper lobe of left lung tissue female adult (51 years)	1	RNU12	U12	0
ENCFF941VSY	ENCSR737NPO	Homo sapiens upper lobe of left lung tissue female adult (53 years)	1	RNU5E-1	U5	6484
ENCFF941VSY	ENCSR737NPO	Homo sapiens upper lobe of left lung tissue female adult (53 years)	1	RNU1-1	U1	0
ENCFF941VSY	ENCSR737NPO	Homo sapiens upper lobe of left lung tissue female adult (53 years)	1	RNU1-3	U1	0
ENCFF941VSY	ENCSR737NPO	Homo sapiens upper lobe of left lung tissue female adult (53 years)	1	RNU1-4	U1	0
ENCFF941VSY	ENCSR737NPO	Homo sapiens upper lobe of left lung tissue female adult (53 years)	1	RNU1-2	U1	1
ENCFF941VSY	ENCSR737NPO	Homo sapiens upper lobe of left lung tissue female adult (53 years)	1	RNU11	U11	0
ENCFF941VSY	ENCSR737NPO	Homo sapiens upper lobe of left lung tissue female adult (53 years)	1	RNU5F-1	U5	36
ENCFF941VSY	ENCSR737NPO	Homo sapiens upper lobe of left lung tissue female adult (53 years)	1	RNU5D-1	U5	107
ENCFF941VSY	ENCSR737NPO	Homo sapiens upper lobe of left lung tissue female adult (53 years)	1	RNU4ATAC	U4atac	2950
ENCFF941VSY	ENCSR737NPO	Homo sapiens upper lobe of left lung tissue female adult (53 years)	1	RMRP		0
ENCFF941VSY	ENCSR737NPO	Homo sapiens upper lobe of left lung tissue female adult (53 years)	1	RNU6ATAC	U6atac	32
ENCFF941VSY	ENCSR737NPO	Homo sapiens upper lobe of left lung tissue female adult (53 years)	1	RNU2-2P	U2	0
ENCFF941VSY	ENCSR737NPO	Homo sapiens upper lobe of left lung tissue female adult (53 years)	1	RNU7-1	U7	0
ENCFF941VSY	ENCSR737NPO	Homo sapiens upper lobe of left lung tissue female adult (53 years)	1	RNU4-2	U4	9642
ENCFF941VSY	ENCSR737NPO	Homo sapiens upper lobe of left lung tissue female adult (53 years)	1	RNU4-1	U4	15623
ENCFF941VSY	ENCSR737NPO	Homo sapiens upper lobe of left lung tissue female adult (53 years)	1	RPPH1		0
ENCFF941VSY	ENCSR737NPO	Homo sapiens upper lobe of left lung tissue female adult (53 years)	1	RNU6-7	U6	0
ENCFF941VSY	ENCSR737NPO	Homo sapiens upper lobe of left lung tissue female adult (53 years)	1	RNU6-8	U6	4
ENCFF941VSY	ENCSR737NPO	Homo sapiens upper lobe of left lung tissue female adult (53 years)	1	RN7SL1		0
ENCFF941VSY	ENCSR737NPO	Homo sapiens upper lobe of left lung tissue female adult (53 years)	1	RN7SL2		67
ENCFF941VSY	ENCSR737NPO	Homo sapiens upper lobe of left lung tissue female adult (53 years)	1	RNU5A-1	U5	1233372
ENCFF941VSY	ENCSR737NPO	Homo sapiens upper lobe of left lung tissue female adult (53 years)	1	RNU5B-1	U5	102232
ENCFF941VSY	ENCSR737NPO	Homo sapiens upper lobe of left lung tissue female adult (53 years)	1	RNU6-1	U6	14
ENCFF941VSY	ENCSR737NPO	Homo sapiens upper lobe of left lung tissue female adult (53 years)	1	RNU2-1	U2	0
ENCFF941VSY	ENCSR737NPO	Homo sapiens upper lobe of left lung tissue female adult (53 years)	1	RNU6-9	U6	1
ENCFF941VSY	ENCSR737NPO	Homo sapiens upper lobe of left lung tissue female adult (53 years)	1	RNU6-2	U6	3
ENCFF941VSY	ENCSR737NPO	Homo sapiens upper lobe of left lung tissue female adult (53 years)	1	RNU12	U12	0
ENCFF355CVD	ENCSR996VHB	Homo sapiens upper lobe of left lung tissue male adult (54 years)	1	RNU5E-1	U5	1310
ENCFF355CVD	ENCSR996VHB	Homo sapiens upper lobe of left lung tissue male adult (54 years)	1	RNU1-1	U1	0
ENCFF355CVD	ENCSR996VHB	Homo sapiens upper lobe of left lung tissue male adult (54 years)	1	RNU1-3	U1	0
ENCFF355CVD	ENCSR996VHB	Homo sapiens upper lobe of left lung tissue male adult (54 years)	1	RNU1-4	U1	0
ENCFF355CVD	ENCSR996VHB	Homo sapiens upper lobe of left lung tissue male adult (54 years)	1	RNU1-2	U1	0
ENCFF355CVD	ENCSR996VHB	Homo sapiens upper lobe of left lung tissue male adult (54 years)	1	RNU11	U11	0
ENCFF355CVD	ENCSR996VHB	Homo sapiens upper lobe of left lung tissue male adult (54 years)	1	RNU5F-1	U5	17
ENCFF355CVD	ENCSR996VHB	Homo sapiens upper lobe of left lung tissue male adult (54 years)	1	RNU5D-1	U5	36
ENCFF355CVD	ENCSR996VHB	Homo sapiens upper lobe of left lung tissue male adult (54 years)	1	RNU4ATAC	U4atac	1939
ENCFF355CVD	ENCSR996VHB	Homo sapiens upper lobe of left lung tissue male adult (54 years)	1	RMRP		0
ENCFF355CVD	ENCSR996VHB	Homo sapiens upper lobe of left lung tissue male adult (54 years)	1	RNU6ATAC	U6atac	0
ENCFF355CVD	ENCSR996VHB	Homo sapiens upper lobe of left lung tissue male adult (54 years)	1	RNU2-2P	U2	0
ENCFF355CVD	ENCSR996VHB	Homo sapiens upper lobe of left lung tissue male adult (54 years)	1	RNU7-1	U7	0
ENCFF355CVD	ENCSR996VHB	Homo sapiens upper lobe of left lung tissue male adult (54 years)	1	RNU4-2	U4	12802
ENCFF355CVD	ENCSR996VHB	Homo sapiens upper lobe of left lung tissue male adult (54 years)	1	RNU4-1	U4	38035
ENCFF355CVD	ENCSR996VHB	Homo sapiens upper lobe of left lung tissue male adult (54 years)	1	RPPH1		0
ENCFF355CVD	ENCSR996VHB	Homo sapiens upper lobe of left lung tissue male adult (54 years)	1	RNU6-7	U6	0
ENCFF355CVD	ENCSR996VHB	Homo sapiens upper lobe of left lung tissue male adult (54 years)	1	RNU6-8	U6	0
ENCFF355CVD	ENCSR996VHB	Homo sapiens upper lobe of left lung tissue male adult (54 years)	1	RN7SL1		0
ENCFF355CVD	ENCSR996VHB	Homo sapiens upper lobe of left lung tissue male adult (54 years)	1	RN7SL2		40
ENCFF355CVD	ENCSR996VHB	Homo sapiens upper lobe of left lung tissue male adult (54 years)	1	RNU5A-1	U5	177884
ENCFF355CVD	ENCSR996VHB	Homo sapiens upper lobe of left lung tissue male adult (54 years)	1	RNU5B-1	U5	12111
ENCFF355CVD	ENCSR996VHB	Homo sapiens upper lobe of left lung tissue male adult (54 years)	1	RNU6-1	U6	0
ENCFF355CVD	ENCSR996VHB	Homo sapiens upper lobe of left lung tissue male adult (54 years)	1	RNU2-1	U2	0
ENCFF355CVD	ENCSR996VHB	Homo sapiens upper lobe of left lung tissue male adult (54 years)	1	RNU6-9	U6	0
ENCFF355CVD	ENCSR996VHB	Homo sapiens upper lobe of left lung tissue male adult (54 years)	1	RNU6-2	U6	0
ENCFF355CVD	ENCSR996VHB	Homo sapiens upper lobe of left lung tissue male adult (54 years)	1	RNU12	U12	0
ENCFF246OJQ	ENCSR539RDF	Homo sapiens upper lobe of left lung tissue male adult (37 years)	1	RNU5E-1	U5	2514
ENCFF246OJQ	ENCSR539RDF	Homo sapiens upper lobe of left lung tissue male adult (37 years)	1	RNU1-1	U1	0
ENCFF246OJQ	ENCSR539RDF	Homo sapiens upper lobe of left lung tissue male adult (37 years)	1	RNU1-3	U1	0
ENCFF246OJQ	ENCSR539RDF	Homo sapiens upper lobe of left lung tissue male adult (37 years)	1	RNU1-4	U1	0
ENCFF246OJQ	ENCSR539RDF	Homo sapiens upper lobe of left lung tissue male adult (37 years)	1	RNU1-2	U1	0
ENCFF246OJQ	ENCSR539RDF	Homo sapiens upper lobe of left lung tissue male adult (37 years)	1	RNU11	U11	0
ENCFF246OJQ	ENCSR539RDF	Homo sapiens upper lobe of left lung tissue male adult (37 years)	1	RNU5F-1	U5	0
ENCFF246OJQ	ENCSR539RDF	Homo sapiens upper lobe of left lung tissue male adult (37 years)	1	RNU5D-1	U5	3
ENCFF246OJQ	ENCSR539RDF	Homo sapiens upper lobe of left lung tissue male adult (37 years)	1	RNU4ATAC	U4atac	1595
ENCFF246OJQ	ENCSR539RDF	Homo sapiens upper lobe of left lung tissue male adult (37 years)	1	RMRP		0
ENCFF246OJQ	ENCSR539RDF	Homo sapiens upper lobe of left lung tissue male adult (37 years)	1	RNU6ATAC	U6atac	1
ENCFF246OJQ	ENCSR539RDF	Homo sapiens upper lobe of left lung tissue male adult (37 years)	1	RNU2-2P	U2	0
ENCFF246OJQ	ENCSR539RDF	Homo sapiens upper lobe of left lung tissue male adult (37 years)	1	RNU7-1	U7	0
ENCFF246OJQ	ENCSR539RDF	Homo sapiens upper lobe of left lung tissue male adult (37 years)	1	RNU4-2	U4	10601
ENCFF246OJQ	ENCSR539RDF	Homo sapiens upper lobe of left lung tissue male adult (37 years)	1	RNU4-1	U4	24276
ENCFF246OJQ	ENCSR539RDF	Homo sapiens upper lobe of left lung tissue male adult (37 years)	1	RPPH1		0
ENCFF246OJQ	ENCSR539RDF	Homo sapiens upper lobe of left lung tissue male adult (37 years)	1	RNU6-7	U6	1
ENCFF246OJQ	ENCSR539RDF	Homo sapiens upper lobe of left lung tissue male adult (37 years)	1	RNU6-8	U6	0
ENCFF246OJQ	ENCSR539RDF	Homo sapiens upper lobe of left lung tissue male adult (37 years)	1	RN7SL1		0
ENCFF246OJQ	ENCSR539RDF	Homo sapiens upper lobe of left lung tissue male adult (37 years)	1	RN7SL2		35
ENCFF246OJQ	ENCSR539RDF	Homo sapiens upper lobe of left lung tissue male adult (37 years)	1	RNU5A-1	U5	108377
ENCFF246OJQ	ENCSR539RDF	Homo sapiens upper lobe of left lung tissue male adult (37 years)	1	RNU5B-1	U5	14486
ENCFF246OJQ	ENCSR539RDF	Homo sapiens upper lobe of left lung tissue male adult (37 years)	1	RNU6-1	U6	0
ENCFF246OJQ	ENCSR539RDF	Homo sapiens upper lobe of left lung tissue male adult (37 years)	1	RNU2-1	U2	0
ENCFF246OJQ	ENCSR539RDF	Homo sapiens upper lobe of left lung tissue male adult (37 years)	1	RNU6-9	U6	0
ENCFF246OJQ	ENCSR539RDF	Homo sapiens upper lobe of left lung tissue male adult (37 years)	1	RNU6-2	U6	8
ENCFF246OJQ	ENCSR539RDF	Homo sapiens upper lobe of left lung tissue male adult (37 years)	1	RNU12	U12	0
ENCFF159GDC	ENCSR603XUX	Homo sapiens right lobe of liver tissue female adult (53 years)	1	RNU5E-1	U5	2926
ENCFF159GDC	ENCSR603XUX	Homo sapiens right lobe of liver tissue female adult (53 years)	1	RNU1-1	U1	0
ENCFF159GDC	ENCSR603XUX	Homo sapiens right lobe of liver tissue female adult (53 years)	1	RNU1-3	U1	0
ENCFF159GDC	ENCSR603XUX	Homo sapiens right lobe of liver tissue female adult (53 years)	1	RNU1-4	U1	0
ENCFF159GDC	ENCSR603XUX	Homo sapiens right lobe of liver tissue female adult (53 years)	1	RNU1-2	U1	0
ENCFF159GDC	ENCSR603XUX	Homo sapiens right lobe of liver tissue female adult (53 years)	1	RNU11	U11	0
ENCFF159GDC	ENCSR603XUX	Homo sapiens right lobe of liver tissue female adult (53 years)	1	RNU5F-1	U5	11
ENCFF159GDC	ENCSR603XUX	Homo sapiens right lobe of liver tissue female adult (53 years)	1	RNU5D-1	U5	83
ENCFF159GDC	ENCSR603XUX	Homo sapiens right lobe of liver tissue female adult (53 years)	1	RNU4ATAC	U4atac	2246
ENCFF159GDC	ENCSR603XUX	Homo sapiens right lobe of liver tissue female adult (53 years)	1	RMRP		0
ENCFF159GDC	ENCSR603XUX	Homo sapiens right lobe of liver tissue female adult (53 years)	1	RNU6ATAC	U6atac	14
ENCFF159GDC	ENCSR603XUX	Homo sapiens right lobe of liver tissue female adult (53 years)	1	RNU2-2P	U2	0
ENCFF159GDC	ENCSR603XUX	Homo sapiens right lobe of liver tissue female adult (53 years)	1	RNU7-1	U7	0
ENCFF159GDC	ENCSR603XUX	Homo sapiens right lobe of liver tissue female adult (53 years)	1	RNU4-2	U4	7250
ENCFF159GDC	ENCSR603XUX	Homo sapiens right lobe of liver tissue female adult (53 years)	1	RNU4-1	U4	28575
ENCFF159GDC	ENCSR603XUX	Homo sapiens right lobe of liver tissue female adult (53 years)	1	RPPH1		0
ENCFF159GDC	ENCSR603XUX	Homo sapiens right lobe of liver tissue female adult (53 years)	1	RNU6-7	U6	0
ENCFF159GDC	ENCSR603XUX	Homo sapiens right lobe of liver tissue female adult (53 years)	1	RNU6-8	U6	0
ENCFF159GDC	ENCSR603XUX	Homo sapiens right lobe of liver tissue female adult (53 years)	1	RN7SL1		0
ENCFF159GDC	ENCSR603XUX	Homo sapiens right lobe of liver tissue female adult (53 years)	1	RN7SL2		17
ENCFF159GDC	ENCSR603XUX	Homo sapiens right lobe of liver tissue female adult (53 years)	1	RNU5A-1	U5	228444
ENCFF159GDC	ENCSR603XUX	Homo sapiens right lobe of liver tissue female adult (53 years)	1	RNU5B-1	U5	20040
ENCFF159GDC	ENCSR603XUX	Homo sapiens right lobe of liver tissue female adult (53 years)	1	RNU6-1	U6	0
ENCFF159GDC	ENCSR603XUX	Homo sapiens right lobe of liver tissue female adult (53 years)	1	RNU2-1	U2	0
ENCFF159GDC	ENCSR603XUX	Homo sapiens right lobe of liver tissue female adult (53 years)	1	RNU6-9	U6	0
ENCFF159GDC	ENCSR603XUX	Homo sapiens right lobe of liver tissue female adult (53 years)	1	RNU6-2	U6	0
ENCFF159GDC	ENCSR603XUX	Homo sapiens right lobe of liver tissue female adult (53 years)	1	RNU12	U12	0
ENCFF326PAJ	ENCSR634VLA	Homo sapiens right lobe of liver tissue female adult (53 years)	1	RNU5E-1	U5	3518
ENCFF326PAJ	ENCSR634VLA	Homo sapiens right lobe of liver tissue female adult (53 years)	1	RNU1-1	U1	0
ENCFF326PAJ	ENCSR634VLA	Homo sapiens right lobe of liver tissue female adult (53 years)	1	RNU1-3	U1	0
ENCFF326PAJ	ENCSR634VLA	Homo sapiens right lobe of liver tissue female adult (53 years)	1	RNU1-4	U1	0
ENCFF326PAJ	ENCSR634VLA	Homo sapiens right lobe of liver tissue female adult (53 years)	1	RNU1-2	U1	0
ENCFF326PAJ	ENCSR634VLA	Homo sapiens right lobe of liver tissue female adult (53 years)	1	RNU11	U11	0
ENCFF326PAJ	ENCSR634VLA	Homo sapiens right lobe of liver tissue female adult (53 years)	1	RNU5F-1	U5	8
ENCFF326PAJ	ENCSR634VLA	Homo sapiens right lobe of liver tissue female adult (53 years)	1	RNU5D-1	U5	168
ENCFF326PAJ	ENCSR634VLA	Homo sapiens right lobe of liver tissue female adult (53 years)	1	RNU4ATAC	U4atac	2449
ENCFF326PAJ	ENCSR634VLA	Homo sapiens right lobe of liver tissue female adult (53 years)	1	RMRP		0
ENCFF326PAJ	ENCSR634VLA	Homo sapiens right lobe of liver tissue female adult (53 years)	1	RNU6ATAC	U6atac	38
ENCFF326PAJ	ENCSR634VLA	Homo sapiens right lobe of liver tissue female adult (53 years)	1	RNU2-2P	U2	0
ENCFF326PAJ	ENCSR634VLA	Homo sapiens right lobe of liver tissue female adult (53 years)	1	RNU7-1	U7	0
ENCFF326PAJ	ENCSR634VLA	Homo sapiens right lobe of liver tissue female adult (53 years)	1	RNU4-2	U4	8659
ENCFF326PAJ	ENCSR634VLA	Homo sapiens right lobe of liver tissue female adult (53 years)	1	RNU4-1	U4	42012
ENCFF326PAJ	ENCSR634VLA	Homo sapiens right lobe of liver tissue female adult (53 years)	1	RPPH1		0
ENCFF326PAJ	ENCSR634VLA	Homo sapiens right lobe of liver tissue female adult (53 years)	1	RNU6-7	U6	5
ENCFF326PAJ	ENCSR634VLA	Homo sapiens right lobe of liver tissue female adult (53 years)	1	RNU6-8	U6	7
ENCFF326PAJ	ENCSR634VLA	Homo sapiens right lobe of liver tissue female adult (53 years)	1	RN7SL1		0
ENCFF326PAJ	ENCSR634VLA	Homo sapiens right lobe of liver tissue female adult (53 years)	1	RN7SL2		42
ENCFF326PAJ	ENCSR634VLA	Homo sapiens right lobe of liver tissue female adult (53 years)	1	RNU5A-1	U5	305689
ENCFF326PAJ	ENCSR634VLA	Homo sapiens right lobe of liver tissue female adult (53 years)	1	RNU5B-1	U5	27593
ENCFF326PAJ	ENCSR634VLA	Homo sapiens right lobe of liver tissue female adult (53 years)	1	RNU6-1	U6	0
ENCFF326PAJ	ENCSR634VLA	Homo sapiens right lobe of liver tissue female adult (53 years)	1	RNU2-1	U2	0
ENCFF326PAJ	ENCSR634VLA	Homo sapiens right lobe of liver tissue female adult (53 years)	1	RNU6-9	U6	1
ENCFF326PAJ	ENCSR634VLA	Homo sapiens right lobe of liver tissue female adult (53 years)	1	RNU6-2	U6	6
ENCFF326PAJ	ENCSR634VLA	Homo sapiens right lobe of liver tissue female adult (53 years)	1	RNU12	U12	0
ENCFF338WAN	ENCSR573RGL	Homo sapiens stomach tissue female adult (51 years)	1	RNU5E-1	U5	1793
ENCFF338WAN	ENCSR573RGL	Homo sapiens stomach tissue female adult (51 years)	1	RNU1-1	U1	0
ENCFF338WAN	ENCSR573RGL	Homo sapiens stomach tissue female adult (51 years)	1	RNU1-3	U1	0
ENCFF338WAN	ENCSR573RGL	Homo sapiens stomach tissue female adult (51 years)	1	RNU1-4	U1	0
ENCFF338WAN	ENCSR573RGL	Homo sapiens stomach tissue female adult (51 years)	1	RNU1-2	U1	0
ENCFF338WAN	ENCSR573RGL	Homo sapiens stomach tissue female adult (51 years)	1	RNU11	U11	0
ENCFF338WAN	ENCSR573RGL	Homo sapiens stomach tissue female adult (51 years)	1	RNU5F-1	U5	0
ENCFF338WAN	ENCSR573RGL	Homo sapiens stomach tissue female adult (51 years)	1	RNU5D-1	U5	8
ENCFF338WAN	ENCSR573RGL	Homo sapiens stomach tissue female adult (51 years)	1	RNU4ATAC	U4atac	3023
ENCFF338WAN	ENCSR573RGL	Homo sapiens stomach tissue female adult (51 years)	1	RMRP		0
ENCFF338WAN	ENCSR573RGL	Homo sapiens stomach tissue female adult (51 years)	1	RNU6ATAC	U6atac	11
ENCFF338WAN	ENCSR573RGL	Homo sapiens stomach tissue female adult (51 years)	1	RNU2-2P	U2	0
ENCFF338WAN	ENCSR573RGL	Homo sapiens stomach tissue female adult (51 years)	1	RNU7-1	U7	0
ENCFF338WAN	ENCSR573RGL	Homo sapiens stomach tissue female adult (51 years)	1	RNU4-2	U4	12734
ENCFF338WAN	ENCSR573RGL	Homo sapiens stomach tissue female adult (51 years)	1	RNU4-1	U4	13618
ENCFF338WAN	ENCSR573RGL	Homo sapiens stomach tissue female adult (51 years)	1	RPPH1		0
ENCFF338WAN	ENCSR573RGL	Homo sapiens stomach tissue female adult (51 years)	1	RNU6-7	U6	0
ENCFF338WAN	ENCSR573RGL	Homo sapiens stomach tissue female adult (51 years)	1	RNU6-8	U6	0
ENCFF338WAN	ENCSR573RGL	Homo sapiens stomach tissue female adult (51 years)	1	RN7SL1		0
ENCFF338WAN	ENCSR573RGL	Homo sapiens stomach tissue female adult (51 years)	1	RN7SL2		517
ENCFF338WAN	ENCSR573RGL	Homo sapiens stomach tissue female adult (51 years)	1	RNU5A-1	U5	176486
ENCFF338WAN	ENCSR573RGL	Homo sapiens stomach tissue female adult (51 years)	1	RNU5B-1	U5	33795
ENCFF338WAN	ENCSR573RGL	Homo sapiens stomach tissue female adult (51 years)	1	RNU6-1	U6	0
ENCFF338WAN	ENCSR573RGL	Homo sapiens stomach tissue female adult (51 years)	1	RNU2-1	U2	0
ENCFF338WAN	ENCSR573RGL	Homo sapiens stomach tissue female adult (51 years)	1	RNU6-9	U6	0
ENCFF338WAN	ENCSR573RGL	Homo sapiens stomach tissue female adult (51 years)	1	RNU6-2	U6	0
ENCFF338WAN	ENCSR573RGL	Homo sapiens stomach tissue female adult (51 years)	1	RNU12	U12	0
ENCFF277ZMZ	ENCSR003SZJ	Homo sapiens stomach tissue female adult (53 years)	1	RNU5E-1	U5	1277
ENCFF277ZMZ	ENCSR003SZJ	Homo sapiens stomach tissue female adult (53 years)	1	RNU1-1	U1	0
ENCFF277ZMZ	ENCSR003SZJ	Homo sapiens stomach tissue female adult (53 years)	1	RNU1-3	U1	0
ENCFF277ZMZ	ENCSR003SZJ	Homo sapiens stomach tissue female adult (53 years)	1	RNU1-4	U1	0
ENCFF277ZMZ	ENCSR003SZJ	Homo sapiens stomach tissue female adult (53 years)	1	RNU1-2	U1	0
ENCFF277ZMZ	ENCSR003SZJ	Homo sapiens stomach tissue female adult (53 years)	1	RNU11	U11	0
ENCFF277ZMZ	ENCSR003SZJ	Homo sapiens stomach tissue female adult (53 years)	1	RNU5F-1	U5	14
ENCFF277ZMZ	ENCSR003SZJ	Homo sapiens stomach tissue female adult (53 years)	1	RNU5D-1	U5	51
ENCFF277ZMZ	ENCSR003SZJ	Homo sapiens stomach tissue female adult (53 years)	1	RNU4ATAC	U4atac	988
ENCFF277ZMZ	ENCSR003SZJ	Homo sapiens stomach tissue female adult (53 years)	1	RMRP		0
ENCFF277ZMZ	ENCSR003SZJ	Homo sapiens stomach tissue female adult (53 years)	1	RNU6ATAC	U6atac	3
ENCFF277ZMZ	ENCSR003SZJ	Homo sapiens stomach tissue female adult (53 years)	1	RNU2-2P	U2	0
ENCFF277ZMZ	ENCSR003SZJ	Homo sapiens stomach tissue female adult (53 years)	1	RNU7-1	U7	0
ENCFF277ZMZ	ENCSR003SZJ	Homo sapiens stomach tissue female adult (53 years)	1	RNU4-2	U4	9673
ENCFF277ZMZ	ENCSR003SZJ	Homo sapiens stomach tissue female adult (53 years)	1	RNU4-1	U4	13840
ENCFF277ZMZ	ENCSR003SZJ	Homo sapiens stomach tissue female adult (53 years)	1	RPPH1		0
ENCFF277ZMZ	ENCSR003SZJ	Homo sapiens stomach tissue female adult (53 years)	1	RNU6-7	U6	0
ENCFF277ZMZ	ENCSR003SZJ	Homo sapiens stomach tissue female adult (53 years)	1	RNU6-8	U6	0
ENCFF277ZMZ	ENCSR003SZJ	Homo sapiens stomach tissue female adult (53 years)	1	RN7SL1		0
ENCFF277ZMZ	ENCSR003SZJ	Homo sapiens stomach tissue female adult (53 years)	1	RN7SL2		252
ENCFF277ZMZ	ENCSR003SZJ	Homo sapiens stomach tissue female adult (53 years)	1	RNU5A-1	U5	110410
ENCFF277ZMZ	ENCSR003SZJ	Homo sapiens stomach tissue female adult (53 years)	1	RNU5B-1	U5	13905
ENCFF277ZMZ	ENCSR003SZJ	Homo sapiens stomach tissue female adult (53 years)	1	RNU6-1	U6	0
ENCFF277ZMZ	ENCSR003SZJ	Homo sapiens stomach tissue female adult (53 years)	1	RNU2-1	U2	0
ENCFF277ZMZ	ENCSR003SZJ	Homo sapiens stomach tissue female adult (53 years)	1	RNU6-9	U6	0
ENCFF277ZMZ	ENCSR003SZJ	Homo sapiens stomach tissue female adult (53 years)	1	RNU6-2	U6	0
ENCFF277ZMZ	ENCSR003SZJ	Homo sapiens stomach tissue female adult (53 years)	1	RNU12	U12	0
ENCFF484GLG	ENCSR133GQJ	Homo sapiens stomach tissue male adult (54 years)	1	RNU5E-1	U5	3150
ENCFF484GLG	ENCSR133GQJ	Homo sapiens stomach tissue male adult (54 years)	1	RNU1-1	U1	0
ENCFF484GLG	ENCSR133GQJ	Homo sapiens stomach tissue male adult (54 years)	1	RNU1-3	U1	0
ENCFF484GLG	ENCSR133GQJ	Homo sapiens stomach tissue male adult (54 years)	1	RNU1-4	U1	0
ENCFF484GLG	ENCSR133GQJ	Homo sapiens stomach tissue male adult (54 years)	1	RNU1-2	U1	0
ENCFF484GLG	ENCSR133GQJ	Homo sapiens stomach tissue male adult (54 years)	1	RNU11	U11	0
ENCFF484GLG	ENCSR133GQJ	Homo sapiens stomach tissue male adult (54 years)	1	RNU5F-1	U5	1
ENCFF484GLG	ENCSR133GQJ	Homo sapiens stomach tissue male adult (54 years)	1	RNU5D-1	U5	42
ENCFF484GLG	ENCSR133GQJ	Homo sapiens stomach tissue male adult (54 years)	1	RNU4ATAC	U4atac	2929
ENCFF484GLG	ENCSR133GQJ	Homo sapiens stomach tissue male adult (54 years)	1	RMRP		0
ENCFF484GLG	ENCSR133GQJ	Homo sapiens stomach tissue male adult (54 years)	1	RNU6ATAC	U6atac	13
ENCFF484GLG	ENCSR133GQJ	Homo sapiens stomach tissue male adult (54 years)	1	RNU2-2P	U2	0
ENCFF484GLG	ENCSR133GQJ	Homo sapiens stomach tissue male adult (54 years)	1	RNU7-1	U7	0
ENCFF484GLG	ENCSR133GQJ	Homo sapiens stomach tissue male adult (54 years)	1	RNU4-2	U4	11015
ENCFF484GLG	ENCSR133GQJ	Homo sapiens stomach tissue male adult (54 years)	1	RNU4-1	U4	15175
ENCFF484GLG	ENCSR133GQJ	Homo sapiens stomach tissue male adult (54 years)	1	RPPH1		0
ENCFF484GLG	ENCSR133GQJ	Homo sapiens stomach tissue male adult (54 years)	1	RNU6-7	U6	0
ENCFF484GLG	ENCSR133GQJ	Homo sapiens stomach tissue male adult (54 years)	1	RNU6-8	U6	0
ENCFF484GLG	ENCSR133GQJ	Homo sapiens stomach tissue male adult (54 years)	1	RN7SL1		0
ENCFF484GLG	ENCSR133GQJ	Homo sapiens stomach tissue male adult (54 years)	1	RN7SL2		101
ENCFF484GLG	ENCSR133GQJ	Homo sapiens stomach tissue male adult (54 years)	1	RNU5A-1	U5	174542
ENCFF484GLG	ENCSR133GQJ	Homo sapiens stomach tissue male adult (54 years)	1	RNU5B-1	U5	30948
ENCFF484GLG	ENCSR133GQJ	Homo sapiens stomach tissue male adult (54 years)	1	RNU6-1	U6	0
ENCFF484GLG	ENCSR133GQJ	Homo sapiens stomach tissue male adult (54 years)	1	RNU2-1	U2	0
ENCFF484GLG	ENCSR133GQJ	Homo sapiens stomach tissue male adult (54 years)	1	RNU6-9	U6	0
ENCFF484GLG	ENCSR133GQJ	Homo sapiens stomach tissue male adult (54 years)	1	RNU6-2	U6	1
ENCFF484GLG	ENCSR133GQJ	Homo sapiens stomach tissue male adult (54 years)	1	RNU12	U12	0
ENCFF395BSZ	ENCSR418FVT	Homo sapiens stomach tissue male adult (37 years)	1	RNU5E-1	U5	4429
ENCFF395BSZ	ENCSR418FVT	Homo sapiens stomach tissue male adult (37 years)	1	RNU1-1	U1	0
ENCFF395BSZ	ENCSR418FVT	Homo sapiens stomach tissue male adult (37 years)	1	RNU1-3	U1	0
ENCFF395BSZ	ENCSR418FVT	Homo sapiens stomach tissue male adult (37 years)	1	RNU1-4	U1	0
ENCFF395BSZ	ENCSR418FVT	Homo sapiens stomach tissue male adult (37 years)	1	RNU1-2	U1	0
ENCFF395BSZ	ENCSR418FVT	Homo sapiens stomach tissue male adult (37 years)	1	RNU11	U11	0
ENCFF395BSZ	ENCSR418FVT	Homo sapiens stomach tissue male adult (37 years)	1	RNU5F-1	U5	0
ENCFF395BSZ	ENCSR418FVT	Homo sapiens stomach tissue male adult (37 years)	1	RNU5D-1	U5	78
ENCFF395BSZ	ENCSR418FVT	Homo sapiens stomach tissue male adult (37 years)	1	RNU4ATAC	U4atac	666
ENCFF395BSZ	ENCSR418FVT	Homo sapiens stomach tissue male adult (37 years)	1	RMRP		0
ENCFF395BSZ	ENCSR418FVT	Homo sapiens stomach tissue male adult (37 years)	1	RNU6ATAC	U6atac	0
ENCFF395BSZ	ENCSR418FVT	Homo sapiens stomach tissue male adult (37 years)	1	RNU2-2P	U2	0
ENCFF395BSZ	ENCSR418FVT	Homo sapiens stomach tissue male adult (37 years)	1	RNU7-1	U7	0
ENCFF395BSZ	ENCSR418FVT	Homo sapiens stomach tissue male adult (37 years)	1	RNU4-2	U4	13019
ENCFF395BSZ	ENCSR418FVT	Homo sapiens stomach tissue male adult (37 years)	1	RNU4-1	U4	59397
ENCFF395BSZ	ENCSR418FVT	Homo sapiens stomach tissue male adult (37 years)	1	RPPH1		0
ENCFF395BSZ	ENCSR418FVT	Homo sapiens stomach tissue male adult (37 years)	1	RNU6-7	U6	0
ENCFF395BSZ	ENCSR418FVT	Homo sapiens stomach tissue male adult (37 years)	1	RNU6-8	U6	0
ENCFF395BSZ	ENCSR418FVT	Homo sapiens stomach tissue male adult (37 years)	1	RN7SL1		0
ENCFF395BSZ	ENCSR418FVT	Homo sapiens stomach tissue male adult (37 years)	1	RN7SL2		0
ENCFF395BSZ	ENCSR418FVT	Homo sapiens stomach tissue male adult (37 years)	1	RNU5A-1	U5	131866
ENCFF395BSZ	ENCSR418FVT	Homo sapiens stomach tissue male adult (37 years)	1	RNU5B-1	U5	13809
ENCFF395BSZ	ENCSR418FVT	Homo sapiens stomach tissue male adult (37 years)	1	RNU6-1	U6	0
ENCFF395BSZ	ENCSR418FVT	Homo sapiens stomach tissue male adult (37 years)	1	RNU2-1	U2	0
ENCFF395BSZ	ENCSR418FVT	Homo sapiens stomach tissue male adult (37 years)	1	RNU6-9	U6	0
ENCFF395BSZ	ENCSR418FVT	Homo sapiens stomach tissue male adult (37 years)	1	RNU6-2	U6	0
ENCFF395BSZ	ENCSR418FVT	Homo sapiens stomach tissue male adult (37 years)	1	RNU12	U12	0
ENCFF253XRU	ENCSR593MVW	Homo sapiens spleen tissue female adult (51 years)	1	RNU5E-1	U5	4940
ENCFF253XRU	ENCSR593MVW	Homo sapiens spleen tissue female adult (51 years)	1	RNU1-1	U1	0
ENCFF253XRU	ENCSR593MVW	Homo sapiens spleen tissue female adult (51 years)	1	RNU1-3	U1	0
ENCFF253XRU	ENCSR593MVW	Homo sapiens spleen tissue female adult (51 years)	1	RNU1-4	U1	0
ENCFF253XRU	ENCSR593MVW	Homo sapiens spleen tissue female adult (51 years)	1	RNU1-2	U1	0
ENCFF253XRU	ENCSR593MVW	Homo sapiens spleen tissue female adult (51 years)	1	RNU11	U11	0
ENCFF253XRU	ENCSR593MVW	Homo sapiens spleen tissue female adult (51 years)	1	RNU5F-1	U5	32
ENCFF253XRU	ENCSR593MVW	Homo sapiens spleen tissue female adult (51 years)	1	RNU5D-1	U5	29
ENCFF253XRU	ENCSR593MVW	Homo sapiens spleen tissue female adult (51 years)	1	RNU4ATAC	U4atac	5558
ENCFF253XRU	ENCSR593MVW	Homo sapiens spleen tissue female adult (51 years)	1	RMRP		0
ENCFF253XRU	ENCSR593MVW	Homo sapiens spleen tissue female adult (51 years)	1	RNU6ATAC	U6atac	25
ENCFF253XRU	ENCSR593MVW	Homo sapiens spleen tissue female adult (51 years)	1	RNU2-2P	U2	0
ENCFF253XRU	ENCSR593MVW	Homo sapiens spleen tissue female adult (51 years)	1	RNU7-1	U7	0
ENCFF253XRU	ENCSR593MVW	Homo sapiens spleen tissue female adult (51 years)	1	RNU4-2	U4	21847
ENCFF253XRU	ENCSR593MVW	Homo sapiens spleen tissue female adult (51 years)	1	RNU4-1	U4	55028
ENCFF253XRU	ENCSR593MVW	Homo sapiens spleen tissue female adult (51 years)	1	RPPH1		0
ENCFF253XRU	ENCSR593MVW	Homo sapiens spleen tissue female adult (51 years)	1	RNU6-7	U6	12
ENCFF253XRU	ENCSR593MVW	Homo sapiens spleen tissue female adult (51 years)	1	RNU6-8	U6	0
ENCFF253XRU	ENCSR593MVW	Homo sapiens spleen tissue female adult (51 years)	1	RN7SL1		0
ENCFF253XRU	ENCSR593MVW	Homo sapiens spleen tissue female adult (51 years)	1	RN7SL2		35
ENCFF253XRU	ENCSR593MVW	Homo sapiens spleen tissue female adult (51 years)	1	RNU5A-1	U5	513496
ENCFF253XRU	ENCSR593MVW	Homo sapiens spleen tissue female adult (51 years)	1	RNU5B-1	U5	48377
ENCFF253XRU	ENCSR593MVW	Homo sapiens spleen tissue female adult (51 years)	1	RNU6-1	U6	17
ENCFF253XRU	ENCSR593MVW	Homo sapiens spleen tissue female adult (51 years)	1	RNU2-1	U2	0
ENCFF253XRU	ENCSR593MVW	Homo sapiens spleen tissue female adult (51 years)	1	RNU6-9	U6	0
ENCFF253XRU	ENCSR593MVW	Homo sapiens spleen tissue female adult (51 years)	1	RNU6-2	U6	0
ENCFF253XRU	ENCSR593MVW	Homo sapiens spleen tissue female adult (51 years)	1	RNU12	U12	0
ENCFF898VRA	ENCSR307FBN	Homo sapiens spleen tissue female adult (53 years)	1	RNU5E-1	U5	3189
ENCFF898VRA	ENCSR307FBN	Homo sapiens spleen tissue female adult (53 years)	1	RNU1-1	U1	0
ENCFF898VRA	ENCSR307FBN	Homo sapiens spleen tissue female adult (53 years)	1	RNU1-3	U1	0
ENCFF898VRA	ENCSR307FBN	Homo sapiens spleen tissue female adult (53 years)	1	RNU1-4	U1	0
ENCFF898VRA	ENCSR307FBN	Homo sapiens spleen tissue female adult (53 years)	1	RNU1-2	U1	0
ENCFF898VRA	ENCSR307FBN	Homo sapiens spleen tissue female adult (53 years)	1	RNU11	U11	0
ENCFF898VRA	ENCSR307FBN	Homo sapiens spleen tissue female adult (53 years)	1	RNU5F-1	U5	17
ENCFF898VRA	ENCSR307FBN	Homo sapiens spleen tissue female adult (53 years)	1	RNU5D-1	U5	74
ENCFF898VRA	ENCSR307FBN	Homo sapiens spleen tissue female adult (53 years)	1	RNU4ATAC	U4atac	5917
ENCFF898VRA	ENCSR307FBN	Homo sapiens spleen tissue female adult (53 years)	1	RMRP		0
ENCFF898VRA	ENCSR307FBN	Homo sapiens spleen tissue female adult (53 years)	1	RNU6ATAC	U6atac	5
ENCFF898VRA	ENCSR307FBN	Homo sapiens spleen tissue female adult (53 years)	1	RNU2-2P	U2	0
ENCFF898VRA	ENCSR307FBN	Homo sapiens spleen tissue female adult (53 years)	1	RNU7-1	U7	0
ENCFF898VRA	ENCSR307FBN	Homo sapiens spleen tissue female adult (53 years)	1	RNU4-2	U4	23291
ENCFF898VRA	ENCSR307FBN	Homo sapiens spleen tissue female adult (53 years)	1	RNU4-1	U4	128971
ENCFF898VRA	ENCSR307FBN	Homo sapiens spleen tissue female adult (53 years)	1	RPPH1		0
ENCFF898VRA	ENCSR307FBN	Homo sapiens spleen tissue female adult (53 years)	1	RNU6-7	U6	0
ENCFF898VRA	ENCSR307FBN	Homo sapiens spleen tissue female adult (53 years)	1	RNU6-8	U6	0
ENCFF898VRA	ENCSR307FBN	Homo sapiens spleen tissue female adult (53 years)	1	RN7SL1		0
ENCFF898VRA	ENCSR307FBN	Homo sapiens spleen tissue female adult (53 years)	1	RN7SL2		29
ENCFF898VRA	ENCSR307FBN	Homo sapiens spleen tissue female adult (53 years)	1	RNU5A-1	U5	532976
ENCFF898VRA	ENCSR307FBN	Homo sapiens spleen tissue female adult (53 years)	1	RNU5B-1	U5	47716
ENCFF898VRA	ENCSR307FBN	Homo sapiens spleen tissue female adult (53 years)	1	RNU6-1	U6	0
ENCFF898VRA	ENCSR307FBN	Homo sapiens spleen tissue female adult (53 years)	1	RNU2-1	U2	0
ENCFF898VRA	ENCSR307FBN	Homo sapiens spleen tissue female adult (53 years)	1	RNU6-9	U6	0
ENCFF898VRA	ENCSR307FBN	Homo sapiens spleen tissue female adult (53 years)	1	RNU6-2	U6	8
ENCFF898VRA	ENCSR307FBN	Homo sapiens spleen tissue female adult (53 years)	1	RNU12	U12	0
ENCFF624PWP	ENCSR587CPE	Homo sapiens spleen tissue male adult (54 years)	1	RNU5E-1	U5	6693
ENCFF624PWP	ENCSR587CPE	Homo sapiens spleen tissue male adult (54 years)	1	RNU1-1	U1	0
ENCFF624PWP	ENCSR587CPE	Homo sapiens spleen tissue male adult (54 years)	1	RNU1-3	U1	0
ENCFF624PWP	ENCSR587CPE	Homo sapiens spleen tissue male adult (54 years)	1	RNU1-4	U1	0
ENCFF624PWP	ENCSR587CPE	Homo sapiens spleen tissue male adult (54 years)	1	RNU1-2	U1	0
ENCFF624PWP	ENCSR587CPE	Homo sapiens spleen tissue male adult (54 years)	1	RNU11	U11	0
ENCFF624PWP	ENCSR587CPE	Homo sapiens spleen tissue male adult (54 years)	1	RNU5F-1	U5	58
ENCFF624PWP	ENCSR587CPE	Homo sapiens spleen tissue male adult (54 years)	1	RNU5D-1	U5	118
ENCFF624PWP	ENCSR587CPE	Homo sapiens spleen tissue male adult (54 years)	1	RNU4ATAC	U4atac	6269
ENCFF624PWP	ENCSR587CPE	Homo sapiens spleen tissue male adult (54 years)	1	RMRP		0
ENCFF624PWP	ENCSR587CPE	Homo sapiens spleen tissue male adult (54 years)	1	RNU6ATAC	U6atac	23
ENCFF624PWP	ENCSR587CPE	Homo sapiens spleen tissue male adult (54 years)	1	RNU2-2P	U2	0
ENCFF624PWP	ENCSR587CPE	Homo sapiens spleen tissue male adult (54 years)	1	RNU7-1	U7	0
ENCFF624PWP	ENCSR587CPE	Homo sapiens spleen tissue male adult (54 years)	1	RNU4-2	U4	20417
ENCFF624PWP	ENCSR587CPE	Homo sapiens spleen tissue male adult (54 years)	1	RNU4-1	U4	360920
ENCFF624PWP	ENCSR587CPE	Homo sapiens spleen tissue male adult (54 years)	1	RPPH1		0
ENCFF624PWP	ENCSR587CPE	Homo sapiens spleen tissue male adult (54 years)	1	RNU6-7	U6	0
ENCFF624PWP	ENCSR587CPE	Homo sapiens spleen tissue male adult (54 years)	1	RNU6-8	U6	0
ENCFF624PWP	ENCSR587CPE	Homo sapiens spleen tissue male adult (54 years)	1	RN7SL1		0
ENCFF624PWP	ENCSR587CPE	Homo sapiens spleen tissue male adult (54 years)	1	RN7SL2		51
ENCFF624PWP	ENCSR587CPE	Homo sapiens spleen tissue male adult (54 years)	1	RNU5A-1	U5	485849
ENCFF624PWP	ENCSR587CPE	Homo sapiens spleen tissue male adult (54 years)	1	RNU5B-1	U5	47066
ENCFF624PWP	ENCSR587CPE	Homo sapiens spleen tissue male adult (54 years)	1	RNU6-1	U6	0
ENCFF624PWP	ENCSR587CPE	Homo sapiens spleen tissue male adult (54 years)	1	RNU2-1	U2	0
ENCFF624PWP	ENCSR587CPE	Homo sapiens spleen tissue male adult (54 years)	1	RNU6-9	U6	0
ENCFF624PWP	ENCSR587CPE	Homo sapiens spleen tissue male adult (54 years)	1	RNU6-2	U6	0
ENCFF624PWP	ENCSR587CPE	Homo sapiens spleen tissue male adult (54 years)	1	RNU12	U12	0
ENCFF220IOU	ENCSR917CQJ	Homo sapiens spleen tissue male adult (37 years)	1	RNU5E-1	U5	13596
ENCFF220IOU	ENCSR917CQJ	Homo sapiens spleen tissue male adult (37 years)	1	RNU1-1	U1	0
ENCFF220IOU	ENCSR917CQJ	Homo sapiens spleen tissue male adult (37 years)	1	RNU1-3	U1	0
ENCFF220IOU	ENCSR917CQJ	Homo sapiens spleen tissue male adult (37 years)	1	RNU1-4	U1	0
ENCFF220IOU	ENCSR917CQJ	Homo sapiens spleen tissue male adult (37 years)	1	RNU1-2	U1	0
ENCFF220IOU	ENCSR917CQJ	Homo sapiens spleen tissue male adult (37 years)	1	RNU11	U11	0
ENCFF220IOU	ENCSR917CQJ	Homo sapiens spleen tissue male adult (37 years)	1	RNU5F-1	U5	32
ENCFF220IOU	ENCSR917CQJ	Homo sapiens spleen tissue male adult (37 years)	1	RNU5D-1	U5	25
ENCFF220IOU	ENCSR917CQJ	Homo sapiens spleen tissue male adult (37 years)	1	RNU4ATAC	U4atac	4120
ENCFF220IOU	ENCSR917CQJ	Homo sapiens spleen tissue male adult (37 years)	1	RMRP		0
ENCFF220IOU	ENCSR917CQJ	Homo sapiens spleen tissue male adult (37 years)	1	RNU6ATAC	U6atac	9
ENCFF220IOU	ENCSR917CQJ	Homo sapiens spleen tissue male adult (37 years)	1	RNU2-2P	U2	0
ENCFF220IOU	ENCSR917CQJ	Homo sapiens spleen tissue male adult (37 years)	1	RNU7-1	U7	0
ENCFF220IOU	ENCSR917CQJ	Homo sapiens spleen tissue male adult (37 years)	1	RNU4-2	U4	18609
ENCFF220IOU	ENCSR917CQJ	Homo sapiens spleen tissue male adult (37 years)	1	RNU4-1	U4	500371
ENCFF220IOU	ENCSR917CQJ	Homo sapiens spleen tissue male adult (37 years)	1	RPPH1		0
ENCFF220IOU	ENCSR917CQJ	Homo sapiens spleen tissue male adult (37 years)	1	RNU6-7	U6	0
ENCFF220IOU	ENCSR917CQJ	Homo sapiens spleen tissue male adult (37 years)	1	RNU6-8	U6	0
ENCFF220IOU	ENCSR917CQJ	Homo sapiens spleen tissue male adult (37 years)	1	RN7SL1		0
ENCFF220IOU	ENCSR917CQJ	Homo sapiens spleen tissue male adult (37 years)	1	RN7SL2		21
ENCFF220IOU	ENCSR917CQJ	Homo sapiens spleen tissue male adult (37 years)	1	RNU5A-1	U5	833930
ENCFF220IOU	ENCSR917CQJ	Homo sapiens spleen tissue male adult (37 years)	1	RNU5B-1	U5	67125
ENCFF220IOU	ENCSR917CQJ	Homo sapiens spleen tissue male adult (37 years)	1	RNU6-1	U6	0
ENCFF220IOU	ENCSR917CQJ	Homo sapiens spleen tissue male adult (37 years)	1	RNU2-1	U2	0
ENCFF220IOU	ENCSR917CQJ	Homo sapiens spleen tissue male adult (37 years)	1	RNU6-9	U6	0
ENCFF220IOU	ENCSR917CQJ	Homo sapiens spleen tissue male adult (37 years)	1	RNU6-2	U6	0
ENCFF220IOU	ENCSR917CQJ	Homo sapiens spleen tissue male adult (37 years)	1	RNU12	U12	0
ENCFF245EGF	ENCSR332RHR	Homo sapiens prostate gland tissue male adult (54 years)	1	RNU5E-1	U5	2227
ENCFF245EGF	ENCSR332RHR	Homo sapiens prostate gland tissue male adult (54 years)	1	RNU1-1	U1	0
ENCFF245EGF	ENCSR332RHR	Homo sapiens prostate gland tissue male adult (54 years)	1	RNU1-3	U1	0
ENCFF245EGF	ENCSR332RHR	Homo sapiens prostate gland tissue male adult (54 years)	1	RNU1-4	U1	0
ENCFF245EGF	ENCSR332RHR	Homo sapiens prostate gland tissue male adult (54 years)	1	RNU1-2	U1	0
ENCFF245EGF	ENCSR332RHR	Homo sapiens prostate gland tissue male adult (54 years)	1	RNU11	U11	0
ENCFF245EGF	ENCSR332RHR	Homo sapiens prostate gland tissue male adult (54 years)	1	RNU5F-1	U5	13
ENCFF245EGF	ENCSR332RHR	Homo sapiens prostate gland tissue male adult (54 years)	1	RNU5D-1	U5	29
ENCFF245EGF	ENCSR332RHR	Homo sapiens prostate gland tissue male adult (54 years)	1	RNU4ATAC	U4atac	2190
ENCFF245EGF	ENCSR332RHR	Homo sapiens prostate gland tissue male adult (54 years)	1	RMRP		0
ENCFF245EGF	ENCSR332RHR	Homo sapiens prostate gland tissue male adult (54 years)	1	RNU6ATAC	U6atac	0
ENCFF245EGF	ENCSR332RHR	Homo sapiens prostate gland tissue male adult (54 years)	1	RNU2-2P	U2	0
ENCFF245EGF	ENCSR332RHR	Homo sapiens prostate gland tissue male adult (54 years)	1	RNU7-1	U7	0
ENCFF245EGF	ENCSR332RHR	Homo sapiens prostate gland tissue male adult (54 years)	1	RNU4-2	U4	16674
ENCFF245EGF	ENCSR332RHR	Homo sapiens prostate gland tissue male adult (54 years)	1	RNU4-1	U4	21184
ENCFF245EGF	ENCSR332RHR	Homo sapiens prostate gland tissue male adult (54 years)	1	RPPH1		0
ENCFF245EGF	ENCSR332RHR	Homo sapiens prostate gland tissue male adult (54 years)	1	RNU6-7	U6	0
ENCFF245EGF	ENCSR332RHR	Homo sapiens prostate gland tissue male adult (54 years)	1	RNU6-8	U6	2
ENCFF245EGF	ENCSR332RHR	Homo sapiens prostate gland tissue male adult (54 years)	1	RN7SL1		0
ENCFF245EGF	ENCSR332RHR	Homo sapiens prostate gland tissue male adult (54 years)	1	RN7SL2		15
ENCFF245EGF	ENCSR332RHR	Homo sapiens prostate gland tissue male adult (54 years)	1	RNU5A-1	U5	117530
ENCFF245EGF	ENCSR332RHR	Homo sapiens prostate gland tissue male adult (54 years)	1	RNU5B-1	U5	21688
ENCFF245EGF	ENCSR332RHR	Homo sapiens prostate gland tissue male adult (54 years)	1	RNU6-1	U6	0
ENCFF245EGF	ENCSR332RHR	Homo sapiens prostate gland tissue male adult (54 years)	1	RNU2-1	U2	0
ENCFF245EGF	ENCSR332RHR	Homo sapiens prostate gland tissue male adult (54 years)	1	RNU6-9	U6	0
ENCFF245EGF	ENCSR332RHR	Homo sapiens prostate gland tissue male adult (54 years)	1	RNU6-2	U6	0
ENCFF245EGF	ENCSR332RHR	Homo sapiens prostate gland tissue male adult (54 years)	1	RNU12	U12	0
ENCFF133KZA	ENCSR227FNZ	Homo sapiens prostate gland tissue male adult (37 years)	1	RNU5E-1	U5	1933
ENCFF133KZA	ENCSR227FNZ	Homo sapiens prostate gland tissue male adult (37 years)	1	RNU1-1	U1	0
ENCFF133KZA	ENCSR227FNZ	Homo sapiens prostate gland tissue male adult (37 years)	1	RNU1-3	U1	0
ENCFF133KZA	ENCSR227FNZ	Homo sapiens prostate gland tissue male adult (37 years)	1	RNU1-4	U1	0
ENCFF133KZA	ENCSR227FNZ	Homo sapiens prostate gland tissue male adult (37 years)	1	RNU1-2	U1	0
ENCFF133KZA	ENCSR227FNZ	Homo sapiens prostate gland tissue male adult (37 years)	1	RNU11	U11	0
ENCFF133KZA	ENCSR227FNZ	Homo sapiens prostate gland tissue male adult (37 years)	1	RNU5F-1	U5	5
ENCFF133KZA	ENCSR227FNZ	Homo sapiens prostate gland tissue male adult (37 years)	1	RNU5D-1	U5	26
ENCFF133KZA	ENCSR227FNZ	Homo sapiens prostate gland tissue male adult (37 years)	1	RNU4ATAC	U4atac	643
ENCFF133KZA	ENCSR227FNZ	Homo sapiens prostate gland tissue male adult (37 years)	1	RMRP		0
ENCFF133KZA	ENCSR227FNZ	Homo sapiens prostate gland tissue male adult (37 years)	1	RNU6ATAC	U6atac	9
ENCFF133KZA	ENCSR227FNZ	Homo sapiens prostate gland tissue male adult (37 years)	1	RNU2-2P	U2	0
ENCFF133KZA	ENCSR227FNZ	Homo sapiens prostate gland tissue male adult (37 years)	1	RNU7-1	U7	0
ENCFF133KZA	ENCSR227FNZ	Homo sapiens prostate gland tissue male adult (37 years)	1	RNU4-2	U4	7428
ENCFF133KZA	ENCSR227FNZ	Homo sapiens prostate gland tissue male adult (37 years)	1	RNU4-1	U4	14377
ENCFF133KZA	ENCSR227FNZ	Homo sapiens prostate gland tissue male adult (37 years)	1	RPPH1		0
ENCFF133KZA	ENCSR227FNZ	Homo sapiens prostate gland tissue male adult (37 years)	1	RNU6-7	U6	0
ENCFF133KZA	ENCSR227FNZ	Homo sapiens prostate gland tissue male adult (37 years)	1	RNU6-8	U6	1
ENCFF133KZA	ENCSR227FNZ	Homo sapiens prostate gland tissue male adult (37 years)	1	RN7SL1		0
ENCFF133KZA	ENCSR227FNZ	Homo sapiens prostate gland tissue male adult (37 years)	1	RN7SL2		20
ENCFF133KZA	ENCSR227FNZ	Homo sapiens prostate gland tissue male adult (37 years)	1	RNU5A-1	U5	95487
ENCFF133KZA	ENCSR227FNZ	Homo sapiens prostate gland tissue male adult (37 years)	1	RNU5B-1	U5	16106
ENCFF133KZA	ENCSR227FNZ	Homo sapiens prostate gland tissue male adult (37 years)	1	RNU6-1	U6	0
ENCFF133KZA	ENCSR227FNZ	Homo sapiens prostate gland tissue male adult (37 years)	1	RNU2-1	U2	0
ENCFF133KZA	ENCSR227FNZ	Homo sapiens prostate gland tissue male adult (37 years)	1	RNU6-9	U6	0
ENCFF133KZA	ENCSR227FNZ	Homo sapiens prostate gland tissue male adult (37 years)	1	RNU6-2	U6	0
ENCFF133KZA	ENCSR227FNZ	Homo sapiens prostate gland tissue male adult (37 years)	1	RNU12	U12	0
ENCFF168CRF	ENCSR099ACU	Homo sapiens body of pancreas tissue female adult (51 years)	1	RNU5E-1	U5	73
ENCFF168CRF	ENCSR099ACU	Homo sapiens body of pancreas tissue female adult (51 years)	1	RNU1-1	U1	0
ENCFF168CRF	ENCSR099ACU	Homo sapiens body of pancreas tissue female adult (51 years)	1	RNU1-3	U1	0
ENCFF168CRF	ENCSR099ACU	Homo sapiens body of pancreas tissue female adult (51 years)	1	RNU1-4	U1	0
ENCFF168CRF	ENCSR099ACU	Homo sapiens body of pancreas tissue female adult (51 years)	1	RNU1-2	U1	0
ENCFF168CRF	ENCSR099ACU	Homo sapiens body of pancreas tissue female adult (51 years)	1	RNU11	U11	0
ENCFF168CRF	ENCSR099ACU	Homo sapiens body of pancreas tissue female adult (51 years)	1	RNU5F-1	U5	0
ENCFF168CRF	ENCSR099ACU	Homo sapiens body of pancreas tissue female adult (51 years)	1	RNU5D-1	U5	0
ENCFF168CRF	ENCSR099ACU	Homo sapiens body of pancreas tissue female adult (51 years)	1	RNU4ATAC	U4atac	127
ENCFF168CRF	ENCSR099ACU	Homo sapiens body of pancreas tissue female adult (51 years)	1	RMRP		0
ENCFF168CRF	ENCSR099ACU	Homo sapiens body of pancreas tissue female adult (51 years)	1	RNU6ATAC	U6atac	0
ENCFF168CRF	ENCSR099ACU	Homo sapiens body of pancreas tissue female adult (51 years)	1	RNU2-2P	U2	0
ENCFF168CRF	ENCSR099ACU	Homo sapiens body of pancreas tissue female adult (51 years)	1	RNU7-1	U7	0
ENCFF168CRF	ENCSR099ACU	Homo sapiens body of pancreas tissue female adult (51 years)	1	RNU4-2	U4	4034
ENCFF168CRF	ENCSR099ACU	Homo sapiens body of pancreas tissue female adult (51 years)	1	RNU4-1	U4	5112
ENCFF168CRF	ENCSR099ACU	Homo sapiens body of pancreas tissue female adult (51 years)	1	RPPH1		0
ENCFF168CRF	ENCSR099ACU	Homo sapiens body of pancreas tissue female adult (51 years)	1	RNU6-7	U6	0
ENCFF168CRF	ENCSR099ACU	Homo sapiens body of pancreas tissue female adult (51 years)	1	RNU6-8	U6	0
ENCFF168CRF	ENCSR099ACU	Homo sapiens body of pancreas tissue female adult (51 years)	1	RN7SL1		0
ENCFF168CRF	ENCSR099ACU	Homo sapiens body of pancreas tissue female adult (51 years)	1	RN7SL2		0
ENCFF168CRF	ENCSR099ACU	Homo sapiens body of pancreas tissue female adult (51 years)	1	RNU5A-1	U5	23150
ENCFF168CRF	ENCSR099ACU	Homo sapiens body of pancreas tissue female adult (51 years)	1	RNU5B-1	U5	578
ENCFF168CRF	ENCSR099ACU	Homo sapiens body of pancreas tissue female adult (51 years)	1	RNU6-1	U6	0
ENCFF168CRF	ENCSR099ACU	Homo sapiens body of pancreas tissue female adult (51 years)	1	RNU2-1	U2	0
ENCFF168CRF	ENCSR099ACU	Homo sapiens body of pancreas tissue female adult (51 years)	1	RNU6-9	U6	0
ENCFF168CRF	ENCSR099ACU	Homo sapiens body of pancreas tissue female adult (51 years)	1	RNU6-2	U6	0
ENCFF168CRF	ENCSR099ACU	Homo sapiens body of pancreas tissue female adult (51 years)	1	RNU12	U12	0
ENCFF130URK	ENCSR033TKS	Homo sapiens body of pancreas tissue female adult (53 years)	1	RNU5E-1	U5	1187
ENCFF130URK	ENCSR033TKS	Homo sapiens body of pancreas tissue female adult (53 years)	1	RNU1-1	U1	0
ENCFF130URK	ENCSR033TKS	Homo sapiens body of pancreas tissue female adult (53 years)	1	RNU1-3	U1	0
ENCFF130URK	ENCSR033TKS	Homo sapiens body of pancreas tissue female adult (53 years)	1	RNU1-4	U1	0
ENCFF130URK	ENCSR033TKS	Homo sapiens body of pancreas tissue female adult (53 years)	1	RNU1-2	U1	0
ENCFF130URK	ENCSR033TKS	Homo sapiens body of pancreas tissue female adult (53 years)	1	RNU11	U11	0
ENCFF130URK	ENCSR033TKS	Homo sapiens body of pancreas tissue female adult (53 years)	1	RNU5F-1	U5	19
ENCFF130URK	ENCSR033TKS	Homo sapiens body of pancreas tissue female adult (53 years)	1	RNU5D-1	U5	32
ENCFF130URK	ENCSR033TKS	Homo sapiens body of pancreas tissue female adult (53 years)	1	RNU4ATAC	U4atac	856
ENCFF130URK	ENCSR033TKS	Homo sapiens body of pancreas tissue female adult (53 years)	1	RMRP		0
ENCFF130URK	ENCSR033TKS	Homo sapiens body of pancreas tissue female adult (53 years)	1	RNU6ATAC	U6atac	0
ENCFF130URK	ENCSR033TKS	Homo sapiens body of pancreas tissue female adult (53 years)	1	RNU2-2P	U2	0
ENCFF130URK	ENCSR033TKS	Homo sapiens body of pancreas tissue female adult (53 years)	1	RNU7-1	U7	0
ENCFF130URK	ENCSR033TKS	Homo sapiens body of pancreas tissue female adult (53 years)	1	RNU4-2	U4	13569
ENCFF130URK	ENCSR033TKS	Homo sapiens body of pancreas tissue female adult (53 years)	1	RNU4-1	U4	17846
ENCFF130URK	ENCSR033TKS	Homo sapiens body of pancreas tissue female adult (53 years)	1	RPPH1		0
ENCFF130URK	ENCSR033TKS	Homo sapiens body of pancreas tissue female adult (53 years)	1	RNU6-7	U6	57
ENCFF130URK	ENCSR033TKS	Homo sapiens body of pancreas tissue female adult (53 years)	1	RNU6-8	U6	0
ENCFF130URK	ENCSR033TKS	Homo sapiens body of pancreas tissue female adult (53 years)	1	RN7SL1		0
ENCFF130URK	ENCSR033TKS	Homo sapiens body of pancreas tissue female adult (53 years)	1	RN7SL2		0
ENCFF130URK	ENCSR033TKS	Homo sapiens body of pancreas tissue female adult (53 years)	1	RNU5A-1	U5	95382
ENCFF130URK	ENCSR033TKS	Homo sapiens body of pancreas tissue female adult (53 years)	1	RNU5B-1	U5	7688
ENCFF130URK	ENCSR033TKS	Homo sapiens body of pancreas tissue female adult (53 years)	1	RNU6-1	U6	0
ENCFF130URK	ENCSR033TKS	Homo sapiens body of pancreas tissue female adult (53 years)	1	RNU2-1	U2	0
ENCFF130URK	ENCSR033TKS	Homo sapiens body of pancreas tissue female adult (53 years)	1	RNU6-9	U6	2
ENCFF130URK	ENCSR033TKS	Homo sapiens body of pancreas tissue female adult (53 years)	1	RNU6-2	U6	0
ENCFF130URK	ENCSR033TKS	Homo sapiens body of pancreas tissue female adult (53 years)	1	RNU12	U12	0
ENCFF288VBY	ENCSR024CRN	Homo sapiens ovary tissue female adult (51 years)	1	RNU5E-1	U5	1035
ENCFF288VBY	ENCSR024CRN	Homo sapiens ovary tissue female adult (51 years)	1	RNU1-1	U1	0
ENCFF288VBY	ENCSR024CRN	Homo sapiens ovary tissue female adult (51 years)	1	RNU1-3	U1	0
ENCFF288VBY	ENCSR024CRN	Homo sapiens ovary tissue female adult (51 years)	1	RNU1-4	U1	0
ENCFF288VBY	ENCSR024CRN	Homo sapiens ovary tissue female adult (51 years)	1	RNU1-2	U1	0
ENCFF288VBY	ENCSR024CRN	Homo sapiens ovary tissue female adult (51 years)	1	RNU11	U11	0
ENCFF288VBY	ENCSR024CRN	Homo sapiens ovary tissue female adult (51 years)	1	RNU5F-1	U5	0
ENCFF288VBY	ENCSR024CRN	Homo sapiens ovary tissue female adult (51 years)	1	RNU5D-1	U5	5
ENCFF288VBY	ENCSR024CRN	Homo sapiens ovary tissue female adult (51 years)	1	RNU4ATAC	U4atac	2315
ENCFF288VBY	ENCSR024CRN	Homo sapiens ovary tissue female adult (51 years)	1	RMRP		0
ENCFF288VBY	ENCSR024CRN	Homo sapiens ovary tissue female adult (51 years)	1	RNU6ATAC	U6atac	19
ENCFF288VBY	ENCSR024CRN	Homo sapiens ovary tissue female adult (51 years)	1	RNU2-2P	U2	0
ENCFF288VBY	ENCSR024CRN	Homo sapiens ovary tissue female adult (51 years)	1	RNU7-1	U7	0
ENCFF288VBY	ENCSR024CRN	Homo sapiens ovary tissue female adult (51 years)	1	RNU4-2	U4	8491
ENCFF288VBY	ENCSR024CRN	Homo sapiens ovary tissue female adult (51 years)	1	RNU4-1	U4	5063
ENCFF288VBY	ENCSR024CRN	Homo sapiens ovary tissue female adult (51 years)	1	RPPH1		0
ENCFF288VBY	ENCSR024CRN	Homo sapiens ovary tissue female adult (51 years)	1	RNU6-7	U6	1
ENCFF288VBY	ENCSR024CRN	Homo sapiens ovary tissue female adult (51 years)	1	RNU6-8	U6	0
ENCFF288VBY	ENCSR024CRN	Homo sapiens ovary tissue female adult (51 years)	1	RN7SL1		0
ENCFF288VBY	ENCSR024CRN	Homo sapiens ovary tissue female adult (51 years)	1	RN7SL2		22
ENCFF288VBY	ENCSR024CRN	Homo sapiens ovary tissue female adult (51 years)	1	RNU5A-1	U5	148245
ENCFF288VBY	ENCSR024CRN	Homo sapiens ovary tissue female adult (51 years)	1	RNU5B-1	U5	24365
ENCFF288VBY	ENCSR024CRN	Homo sapiens ovary tissue female adult (51 years)	1	RNU6-1	U6	0
ENCFF288VBY	ENCSR024CRN	Homo sapiens ovary tissue female adult (51 years)	1	RNU2-1	U2	0
ENCFF288VBY	ENCSR024CRN	Homo sapiens ovary tissue female adult (51 years)	1	RNU6-9	U6	0
ENCFF288VBY	ENCSR024CRN	Homo sapiens ovary tissue female adult (51 years)	1	RNU6-2	U6	7
ENCFF288VBY	ENCSR024CRN	Homo sapiens ovary tissue female adult (51 years)	1	RNU12	U12	0
ENCFF191LFS	ENCSR295NAK	Homo sapiens esophagus muscularis mucosa tissue female adult (51 years)	1	RNU5E-1	U5	744
ENCFF191LFS	ENCSR295NAK	Homo sapiens esophagus muscularis mucosa tissue female adult (51 years)	1	RNU1-1	U1	0
ENCFF191LFS	ENCSR295NAK	Homo sapiens esophagus muscularis mucosa tissue female adult (51 years)	1	RNU1-3	U1	0
ENCFF191LFS	ENCSR295NAK	Homo sapiens esophagus muscularis mucosa tissue female adult (51 years)	1	RNU1-4	U1	0
ENCFF191LFS	ENCSR295NAK	Homo sapiens esophagus muscularis mucosa tissue female adult (51 years)	1	RNU1-2	U1	0
ENCFF191LFS	ENCSR295NAK	Homo sapiens esophagus muscularis mucosa tissue female adult (51 years)	1	RNU11	U11	0
ENCFF191LFS	ENCSR295NAK	Homo sapiens esophagus muscularis mucosa tissue female adult (51 years)	1	RNU5F-1	U5	0
ENCFF191LFS	ENCSR295NAK	Homo sapiens esophagus muscularis mucosa tissue female adult (51 years)	1	RNU5D-1	U5	3
ENCFF191LFS	ENCSR295NAK	Homo sapiens esophagus muscularis mucosa tissue female adult (51 years)	1	RNU4ATAC	U4atac	871
ENCFF191LFS	ENCSR295NAK	Homo sapiens esophagus muscularis mucosa tissue female adult (51 years)	1	RMRP		0
ENCFF191LFS	ENCSR295NAK	Homo sapiens esophagus muscularis mucosa tissue female adult (51 years)	1	RNU6ATAC	U6atac	5
ENCFF191LFS	ENCSR295NAK	Homo sapiens esophagus muscularis mucosa tissue female adult (51 years)	1	RNU2-2P	U2	0
ENCFF191LFS	ENCSR295NAK	Homo sapiens esophagus muscularis mucosa tissue female adult (51 years)	1	RNU7-1	U7	0
ENCFF191LFS	ENCSR295NAK	Homo sapiens esophagus muscularis mucosa tissue female adult (51 years)	1	RNU4-2	U4	4361
ENCFF191LFS	ENCSR295NAK	Homo sapiens esophagus muscularis mucosa tissue female adult (51 years)	1	RNU4-1	U4	3051
ENCFF191LFS	ENCSR295NAK	Homo sapiens esophagus muscularis mucosa tissue female adult (51 years)	1	RPPH1		0
ENCFF191LFS	ENCSR295NAK	Homo sapiens esophagus muscularis mucosa tissue female adult (51 years)	1	RNU6-7	U6	0
ENCFF191LFS	ENCSR295NAK	Homo sapiens esophagus muscularis mucosa tissue female adult (51 years)	1	RNU6-8	U6	0
ENCFF191LFS	ENCSR295NAK	Homo sapiens esophagus muscularis mucosa tissue female adult (51 years)	1	RN7SL1		0
ENCFF191LFS	ENCSR295NAK	Homo sapiens esophagus muscularis mucosa tissue female adult (51 years)	1	RN7SL2		86
ENCFF191LFS	ENCSR295NAK	Homo sapiens esophagus muscularis mucosa tissue female adult (51 years)	1	RNU5A-1	U5	43573
ENCFF191LFS	ENCSR295NAK	Homo sapiens esophagus muscularis mucosa tissue female adult (51 years)	1	RNU5B-1	U5	8143
ENCFF191LFS	ENCSR295NAK	Homo sapiens esophagus muscularis mucosa tissue female adult (51 years)	1	RNU6-1	U6	0
ENCFF191LFS	ENCSR295NAK	Homo sapiens esophagus muscularis mucosa tissue female adult (51 years)	1	RNU2-1	U2	0
ENCFF191LFS	ENCSR295NAK	Homo sapiens esophagus muscularis mucosa tissue female adult (51 years)	1	RNU6-9	U6	0
ENCFF191LFS	ENCSR295NAK	Homo sapiens esophagus muscularis mucosa tissue female adult (51 years)	1	RNU6-2	U6	0
ENCFF191LFS	ENCSR295NAK	Homo sapiens esophagus muscularis mucosa tissue female adult (51 years)	1	RNU12	U12	0
ENCFF825ROW	ENCSR383PLJ	Homo sapiens esophagus muscularis mucosa tissue female adult (53 years)	1	RNU5E-1	U5	2420
ENCFF825ROW	ENCSR383PLJ	Homo sapiens esophagus muscularis mucosa tissue female adult (53 years)	1	RNU1-1	U1	0
ENCFF825ROW	ENCSR383PLJ	Homo sapiens esophagus muscularis mucosa tissue female adult (53 years)	1	RNU1-3	U1	0
ENCFF825ROW	ENCSR383PLJ	Homo sapiens esophagus muscularis mucosa tissue female adult (53 years)	1	RNU1-4	U1	0
ENCFF825ROW	ENCSR383PLJ	Homo sapiens esophagus muscularis mucosa tissue female adult (53 years)	1	RNU1-2	U1	0
ENCFF825ROW	ENCSR383PLJ	Homo sapiens esophagus muscularis mucosa tissue female adult (53 years)	1	RNU11	U11	0
ENCFF825ROW	ENCSR383PLJ	Homo sapiens esophagus muscularis mucosa tissue female adult (53 years)	1	RNU5F-1	U5	0
ENCFF825ROW	ENCSR383PLJ	Homo sapiens esophagus muscularis mucosa tissue female adult (53 years)	1	RNU5D-1	U5	11
ENCFF825ROW	ENCSR383PLJ	Homo sapiens esophagus muscularis mucosa tissue female adult (53 years)	1	RNU4ATAC	U4atac	1771
ENCFF825ROW	ENCSR383PLJ	Homo sapiens esophagus muscularis mucosa tissue female adult (53 years)	1	RMRP		0
ENCFF825ROW	ENCSR383PLJ	Homo sapiens esophagus muscularis mucosa tissue female adult (53 years)	1	RNU6ATAC	U6atac	4
ENCFF825ROW	ENCSR383PLJ	Homo sapiens esophagus muscularis mucosa tissue female adult (53 years)	1	RNU2-2P	U2	0
ENCFF825ROW	ENCSR383PLJ	Homo sapiens esophagus muscularis mucosa tissue female adult (53 years)	1	RNU7-1	U7	0
ENCFF825ROW	ENCSR383PLJ	Homo sapiens esophagus muscularis mucosa tissue female adult (53 years)	1	RNU4-2	U4	6918
ENCFF825ROW	ENCSR383PLJ	Homo sapiens esophagus muscularis mucosa tissue female adult (53 years)	1	RNU4-1	U4	6493
ENCFF825ROW	ENCSR383PLJ	Homo sapiens esophagus muscularis mucosa tissue female adult (53 years)	1	RPPH1		0
ENCFF825ROW	ENCSR383PLJ	Homo sapiens esophagus muscularis mucosa tissue female adult (53 years)	1	RNU6-7	U6	0
ENCFF825ROW	ENCSR383PLJ	Homo sapiens esophagus muscularis mucosa tissue female adult (53 years)	1	RNU6-8	U6	0
ENCFF825ROW	ENCSR383PLJ	Homo sapiens esophagus muscularis mucosa tissue female adult (53 years)	1	RN7SL1		0
ENCFF825ROW	ENCSR383PLJ	Homo sapiens esophagus muscularis mucosa tissue female adult (53 years)	1	RN7SL2		23
ENCFF825ROW	ENCSR383PLJ	Homo sapiens esophagus muscularis mucosa tissue female adult (53 years)	1	RNU5A-1	U5	123188
ENCFF825ROW	ENCSR383PLJ	Homo sapiens esophagus muscularis mucosa tissue female adult (53 years)	1	RNU5B-1	U5	17345
ENCFF825ROW	ENCSR383PLJ	Homo sapiens esophagus muscularis mucosa tissue female adult (53 years)	1	RNU6-1	U6	0
ENCFF825ROW	ENCSR383PLJ	Homo sapiens esophagus muscularis mucosa tissue female adult (53 years)	1	RNU2-1	U2	0
ENCFF825ROW	ENCSR383PLJ	Homo sapiens esophagus muscularis mucosa tissue female adult (53 years)	1	RNU6-9	U6	0
ENCFF825ROW	ENCSR383PLJ	Homo sapiens esophagus muscularis mucosa tissue female adult (53 years)	1	RNU6-2	U6	0
ENCFF825ROW	ENCSR383PLJ	Homo sapiens esophagus muscularis mucosa tissue female adult (53 years)	1	RNU12	U12	0
ENCFF068UUJ	ENCSR233DGJ	Homo sapiens esophagus muscularis mucosa tissue male adult (37 years)	1	RNU5E-1	U5	3804
ENCFF068UUJ	ENCSR233DGJ	Homo sapiens esophagus muscularis mucosa tissue male adult (37 years)	1	RNU1-1	U1	0
ENCFF068UUJ	ENCSR233DGJ	Homo sapiens esophagus muscularis mucosa tissue male adult (37 years)	1	RNU1-3	U1	0
ENCFF068UUJ	ENCSR233DGJ	Homo sapiens esophagus muscularis mucosa tissue male adult (37 years)	1	RNU1-4	U1	0
ENCFF068UUJ	ENCSR233DGJ	Homo sapiens esophagus muscularis mucosa tissue male adult (37 years)	1	RNU1-2	U1	0
ENCFF068UUJ	ENCSR233DGJ	Homo sapiens esophagus muscularis mucosa tissue male adult (37 years)	1	RNU11	U11	0
ENCFF068UUJ	ENCSR233DGJ	Homo sapiens esophagus muscularis mucosa tissue male adult (37 years)	1	RNU5F-1	U5	5
ENCFF068UUJ	ENCSR233DGJ	Homo sapiens esophagus muscularis mucosa tissue male adult (37 years)	1	RNU5D-1	U5	2
ENCFF068UUJ	ENCSR233DGJ	Homo sapiens esophagus muscularis mucosa tissue male adult (37 years)	1	RNU4ATAC	U4atac	2619
ENCFF068UUJ	ENCSR233DGJ	Homo sapiens esophagus muscularis mucosa tissue male adult (37 years)	1	RMRP		0
ENCFF068UUJ	ENCSR233DGJ	Homo sapiens esophagus muscularis mucosa tissue male adult (37 years)	1	RNU6ATAC	U6atac	0
ENCFF068UUJ	ENCSR233DGJ	Homo sapiens esophagus muscularis mucosa tissue male adult (37 years)	1	RNU2-2P	U2	0
ENCFF068UUJ	ENCSR233DGJ	Homo sapiens esophagus muscularis mucosa tissue male adult (37 years)	1	RNU7-1	U7	0
ENCFF068UUJ	ENCSR233DGJ	Homo sapiens esophagus muscularis mucosa tissue male adult (37 years)	1	RNU4-2	U4	14583
ENCFF068UUJ	ENCSR233DGJ	Homo sapiens esophagus muscularis mucosa tissue male adult (37 years)	1	RNU4-1	U4	14114
ENCFF068UUJ	ENCSR233DGJ	Homo sapiens esophagus muscularis mucosa tissue male adult (37 years)	1	RPPH1		0
ENCFF068UUJ	ENCSR233DGJ	Homo sapiens esophagus muscularis mucosa tissue male adult (37 years)	1	RNU6-7	U6	0
ENCFF068UUJ	ENCSR233DGJ	Homo sapiens esophagus muscularis mucosa tissue male adult (37 years)	1	RNU6-8	U6	0
ENCFF068UUJ	ENCSR233DGJ	Homo sapiens esophagus muscularis mucosa tissue male adult (37 years)	1	RN7SL1		0
ENCFF068UUJ	ENCSR233DGJ	Homo sapiens esophagus muscularis mucosa tissue male adult (37 years)	1	RN7SL2		12
ENCFF068UUJ	ENCSR233DGJ	Homo sapiens esophagus muscularis mucosa tissue male adult (37 years)	1	RNU5A-1	U5	117296
ENCFF068UUJ	ENCSR233DGJ	Homo sapiens esophagus muscularis mucosa tissue male adult (37 years)	1	RNU5B-1	U5	24112
ENCFF068UUJ	ENCSR233DGJ	Homo sapiens esophagus muscularis mucosa tissue male adult (37 years)	1	RNU6-1	U6	0
ENCFF068UUJ	ENCSR233DGJ	Homo sapiens esophagus muscularis mucosa tissue male adult (37 years)	1	RNU2-1	U2	0
ENCFF068UUJ	ENCSR233DGJ	Homo sapiens esophagus muscularis mucosa tissue male adult (37 years)	1	RNU6-9	U6	0
ENCFF068UUJ	ENCSR233DGJ	Homo sapiens esophagus muscularis mucosa tissue male adult (37 years)	1	RNU6-2	U6	5
ENCFF068UUJ	ENCSR233DGJ	Homo sapiens esophagus muscularis mucosa tissue male adult (37 years)	1	RNU12	U12	0
ENCFF482PGZ	ENCSR779BVZ	Homo sapiens esophagus squamous epithelium tissue female adult (51 years)	1	RNU5E-1	U5	4193
ENCFF482PGZ	ENCSR779BVZ	Homo sapiens esophagus squamous epithelium tissue female adult (51 years)	1	RNU1-1	U1	0
ENCFF482PGZ	ENCSR779BVZ	Homo sapiens esophagus squamous epithelium tissue female adult (51 years)	1	RNU1-3	U1	0
ENCFF482PGZ	ENCSR779BVZ	Homo sapiens esophagus squamous epithelium tissue female adult (51 years)	1	RNU1-4	U1	0
ENCFF482PGZ	ENCSR779BVZ	Homo sapiens esophagus squamous epithelium tissue female adult (51 years)	1	RNU1-2	U1	0
ENCFF482PGZ	ENCSR779BVZ	Homo sapiens esophagus squamous epithelium tissue female adult (51 years)	1	RNU11	U11	0
ENCFF482PGZ	ENCSR779BVZ	Homo sapiens esophagus squamous epithelium tissue female adult (51 years)	1	RNU5F-1	U5	112
ENCFF482PGZ	ENCSR779BVZ	Homo sapiens esophagus squamous epithelium tissue female adult (51 years)	1	RNU5D-1	U5	170
ENCFF482PGZ	ENCSR779BVZ	Homo sapiens esophagus squamous epithelium tissue female adult (51 years)	1	RNU4ATAC	U4atac	1444
ENCFF482PGZ	ENCSR779BVZ	Homo sapiens esophagus squamous epithelium tissue female adult (51 years)	1	RMRP		0
ENCFF482PGZ	ENCSR779BVZ	Homo sapiens esophagus squamous epithelium tissue female adult (51 years)	1	RNU6ATAC	U6atac	20
ENCFF482PGZ	ENCSR779BVZ	Homo sapiens esophagus squamous epithelium tissue female adult (51 years)	1	RNU2-2P	U2	0
ENCFF482PGZ	ENCSR779BVZ	Homo sapiens esophagus squamous epithelium tissue female adult (51 years)	1	RNU7-1	U7	0
ENCFF482PGZ	ENCSR779BVZ	Homo sapiens esophagus squamous epithelium tissue female adult (51 years)	1	RNU4-2	U4	7320
ENCFF482PGZ	ENCSR779BVZ	Homo sapiens esophagus squamous epithelium tissue female adult (51 years)	1	RNU4-1	U4	11855
ENCFF482PGZ	ENCSR779BVZ	Homo sapiens esophagus squamous epithelium tissue female adult (51 years)	1	RPPH1		0
ENCFF482PGZ	ENCSR779BVZ	Homo sapiens esophagus squamous epithelium tissue female adult (51 years)	1	RNU6-7	U6	0
ENCFF482PGZ	ENCSR779BVZ	Homo sapiens esophagus squamous epithelium tissue female adult (51 years)	1	RNU6-8	U6	0
ENCFF482PGZ	ENCSR779BVZ	Homo sapiens esophagus squamous epithelium tissue female adult (51 years)	1	RN7SL1		0
ENCFF482PGZ	ENCSR779BVZ	Homo sapiens esophagus squamous epithelium tissue female adult (51 years)	1	RN7SL2		175
ENCFF482PGZ	ENCSR779BVZ	Homo sapiens esophagus squamous epithelium tissue female adult (51 years)	1	RNU5A-1	U5	91091
ENCFF482PGZ	ENCSR779BVZ	Homo sapiens esophagus squamous epithelium tissue female adult (51 years)	1	RNU5B-1	U5	7627
ENCFF482PGZ	ENCSR779BVZ	Homo sapiens esophagus squamous epithelium tissue female adult (51 years)	1	RNU6-1	U6	0
ENCFF482PGZ	ENCSR779BVZ	Homo sapiens esophagus squamous epithelium tissue female adult (51 years)	1	RNU2-1	U2	0
ENCFF482PGZ	ENCSR779BVZ	Homo sapiens esophagus squamous epithelium tissue female adult (51 years)	1	RNU6-9	U6	1
ENCFF482PGZ	ENCSR779BVZ	Homo sapiens esophagus squamous epithelium tissue female adult (51 years)	1	RNU6-2	U6	2
ENCFF482PGZ	ENCSR779BVZ	Homo sapiens esophagus squamous epithelium tissue female adult (51 years)	1	RNU12	U12	0
ENCFF617VTV	ENCSR379GPS	Homo sapiens esophagus squamous epithelium tissue female adult (53 years)	1	RNU5E-1	U5	7376
ENCFF617VTV	ENCSR379GPS	Homo sapiens esophagus squamous epithelium tissue female adult (53 years)	1	RNU1-1	U1	0
ENCFF617VTV	ENCSR379GPS	Homo sapiens esophagus squamous epithelium tissue female adult (53 years)	1	RNU1-3	U1	0
ENCFF617VTV	ENCSR379GPS	Homo sapiens esophagus squamous epithelium tissue female adult (53 years)	1	RNU1-4	U1	0
ENCFF617VTV	ENCSR379GPS	Homo sapiens esophagus squamous epithelium tissue female adult (53 years)	1	RNU1-2	U1	0
ENCFF617VTV	ENCSR379GPS	Homo sapiens esophagus squamous epithelium tissue female adult (53 years)	1	RNU11	U11	0
ENCFF617VTV	ENCSR379GPS	Homo sapiens esophagus squamous epithelium tissue female adult (53 years)	1	RNU5F-1	U5	195
ENCFF617VTV	ENCSR379GPS	Homo sapiens esophagus squamous epithelium tissue female adult (53 years)	1	RNU5D-1	U5	753
ENCFF617VTV	ENCSR379GPS	Homo sapiens esophagus squamous epithelium tissue female adult (53 years)	1	RNU4ATAC	U4atac	1488
ENCFF617VTV	ENCSR379GPS	Homo sapiens esophagus squamous epithelium tissue female adult (53 years)	1	RMRP		0
ENCFF617VTV	ENCSR379GPS	Homo sapiens esophagus squamous epithelium tissue female adult (53 years)	1	RNU6ATAC	U6atac	22
ENCFF617VTV	ENCSR379GPS	Homo sapiens esophagus squamous epithelium tissue female adult (53 years)	1	RNU2-2P	U2	0
ENCFF617VTV	ENCSR379GPS	Homo sapiens esophagus squamous epithelium tissue female adult (53 years)	1	RNU7-1	U7	0
ENCFF617VTV	ENCSR379GPS	Homo sapiens esophagus squamous epithelium tissue female adult (53 years)	1	RNU4-2	U4	16518
ENCFF617VTV	ENCSR379GPS	Homo sapiens esophagus squamous epithelium tissue female adult (53 years)	1	RNU4-1	U4	19128
ENCFF617VTV	ENCSR379GPS	Homo sapiens esophagus squamous epithelium tissue female adult (53 years)	1	RPPH1		0
ENCFF617VTV	ENCSR379GPS	Homo sapiens esophagus squamous epithelium tissue female adult (53 years)	1	RNU6-7	U6	3
ENCFF617VTV	ENCSR379GPS	Homo sapiens esophagus squamous epithelium tissue female adult (53 years)	1	RNU6-8	U6	0
ENCFF617VTV	ENCSR379GPS	Homo sapiens esophagus squamous epithelium tissue female adult (53 years)	1	RN7SL1		0
ENCFF617VTV	ENCSR379GPS	Homo sapiens esophagus squamous epithelium tissue female adult (53 years)	1	RN7SL2		32
ENCFF617VTV	ENCSR379GPS	Homo sapiens esophagus squamous epithelium tissue female adult (53 years)	1	RNU5A-1	U5	120065
ENCFF617VTV	ENCSR379GPS	Homo sapiens esophagus squamous epithelium tissue female adult (53 years)	1	RNU5B-1	U5	10280
ENCFF617VTV	ENCSR379GPS	Homo sapiens esophagus squamous epithelium tissue female adult (53 years)	1	RNU6-1	U6	0
ENCFF617VTV	ENCSR379GPS	Homo sapiens esophagus squamous epithelium tissue female adult (53 years)	1	RNU2-1	U2	0
ENCFF617VTV	ENCSR379GPS	Homo sapiens esophagus squamous epithelium tissue female adult (53 years)	1	RNU6-9	U6	0
ENCFF617VTV	ENCSR379GPS	Homo sapiens esophagus squamous epithelium tissue female adult (53 years)	1	RNU6-2	U6	0
ENCFF617VTV	ENCSR379GPS	Homo sapiens esophagus squamous epithelium tissue female adult (53 years)	1	RNU12	U12	0
ENCFF483TUL	ENCSR262TBN	Homo sapiens esophagus squamous epithelium tissue male adult (54 years)	1	RNU5E-1	U5	8421
ENCFF483TUL	ENCSR262TBN	Homo sapiens esophagus squamous epithelium tissue male adult (54 years)	1	RNU1-1	U1	0
ENCFF483TUL	ENCSR262TBN	Homo sapiens esophagus squamous epithelium tissue male adult (54 years)	1	RNU1-3	U1	0
ENCFF483TUL	ENCSR262TBN	Homo sapiens esophagus squamous epithelium tissue male adult (54 years)	1	RNU1-4	U1	0
ENCFF483TUL	ENCSR262TBN	Homo sapiens esophagus squamous epithelium tissue male adult (54 years)	1	RNU1-2	U1	0
ENCFF483TUL	ENCSR262TBN	Homo sapiens esophagus squamous epithelium tissue male adult (54 years)	1	RNU11	U11	0
ENCFF483TUL	ENCSR262TBN	Homo sapiens esophagus squamous epithelium tissue male adult (54 years)	1	RNU5F-1	U5	293
ENCFF483TUL	ENCSR262TBN	Homo sapiens esophagus squamous epithelium tissue male adult (54 years)	1	RNU5D-1	U5	539
ENCFF483TUL	ENCSR262TBN	Homo sapiens esophagus squamous epithelium tissue male adult (54 years)	1	RNU4ATAC	U4atac	1256
ENCFF483TUL	ENCSR262TBN	Homo sapiens esophagus squamous epithelium tissue male adult (54 years)	1	RMRP		0
ENCFF483TUL	ENCSR262TBN	Homo sapiens esophagus squamous epithelium tissue male adult (54 years)	1	RNU6ATAC	U6atac	21
ENCFF483TUL	ENCSR262TBN	Homo sapiens esophagus squamous epithelium tissue male adult (54 years)	1	RNU2-2P	U2	0
ENCFF483TUL	ENCSR262TBN	Homo sapiens esophagus squamous epithelium tissue male adult (54 years)	1	RNU7-1	U7	0
ENCFF483TUL	ENCSR262TBN	Homo sapiens esophagus squamous epithelium tissue male adult (54 years)	1	RNU4-2	U4	8835
ENCFF483TUL	ENCSR262TBN	Homo sapiens esophagus squamous epithelium tissue male adult (54 years)	1	RNU4-1	U4	14022
ENCFF483TUL	ENCSR262TBN	Homo sapiens esophagus squamous epithelium tissue male adult (54 years)	1	RPPH1		0
ENCFF483TUL	ENCSR262TBN	Homo sapiens esophagus squamous epithelium tissue male adult (54 years)	1	RNU6-7	U6	2
ENCFF483TUL	ENCSR262TBN	Homo sapiens esophagus squamous epithelium tissue male adult (54 years)	1	RNU6-8	U6	0
ENCFF483TUL	ENCSR262TBN	Homo sapiens esophagus squamous epithelium tissue male adult (54 years)	1	RN7SL1		0
ENCFF483TUL	ENCSR262TBN	Homo sapiens esophagus squamous epithelium tissue male adult (54 years)	1	RN7SL2		136
ENCFF483TUL	ENCSR262TBN	Homo sapiens esophagus squamous epithelium tissue male adult (54 years)	1	RNU5A-1	U5	123831
ENCFF483TUL	ENCSR262TBN	Homo sapiens esophagus squamous epithelium tissue male adult (54 years)	1	RNU5B-1	U5	12733
ENCFF483TUL	ENCSR262TBN	Homo sapiens esophagus squamous epithelium tissue male adult (54 years)	1	RNU6-1	U6	1
ENCFF483TUL	ENCSR262TBN	Homo sapiens esophagus squamous epithelium tissue male adult (54 years)	1	RNU2-1	U2	0
ENCFF483TUL	ENCSR262TBN	Homo sapiens esophagus squamous epithelium tissue male adult (54 years)	1	RNU6-9	U6	0
ENCFF483TUL	ENCSR262TBN	Homo sapiens esophagus squamous epithelium tissue male adult (54 years)	1	RNU6-2	U6	2
ENCFF483TUL	ENCSR262TBN	Homo sapiens esophagus squamous epithelium tissue male adult (54 years)	1	RNU12	U12	0
ENCFF781DDW	ENCSR289GGY	Homo sapiens esophagus squamous epithelium tissue male adult (37 years)	1	RNU5E-1	U5	3152
ENCFF781DDW	ENCSR289GGY	Homo sapiens esophagus squamous epithelium tissue male adult (37 years)	1	RNU1-1	U1	0
ENCFF781DDW	ENCSR289GGY	Homo sapiens esophagus squamous epithelium tissue male adult (37 years)	1	RNU1-3	U1	0
ENCFF781DDW	ENCSR289GGY	Homo sapiens esophagus squamous epithelium tissue male adult (37 years)	1	RNU1-4	U1	0
ENCFF781DDW	ENCSR289GGY	Homo sapiens esophagus squamous epithelium tissue male adult (37 years)	1	RNU1-2	U1	0
ENCFF781DDW	ENCSR289GGY	Homo sapiens esophagus squamous epithelium tissue male adult (37 years)	1	RNU11	U11	0
ENCFF781DDW	ENCSR289GGY	Homo sapiens esophagus squamous epithelium tissue male adult (37 years)	1	RNU5F-1	U5	5
ENCFF781DDW	ENCSR289GGY	Homo sapiens esophagus squamous epithelium tissue male adult (37 years)	1	RNU5D-1	U5	43
ENCFF781DDW	ENCSR289GGY	Homo sapiens esophagus squamous epithelium tissue male adult (37 years)	1	RNU4ATAC	U4atac	866
ENCFF781DDW	ENCSR289GGY	Homo sapiens esophagus squamous epithelium tissue male adult (37 years)	1	RMRP		0
ENCFF781DDW	ENCSR289GGY	Homo sapiens esophagus squamous epithelium tissue male adult (37 years)	1	RNU6ATAC	U6atac	3
ENCFF781DDW	ENCSR289GGY	Homo sapiens esophagus squamous epithelium tissue male adult (37 years)	1	RNU2-2P	U2	0
ENCFF781DDW	ENCSR289GGY	Homo sapiens esophagus squamous epithelium tissue male adult (37 years)	1	RNU7-1	U7	0
ENCFF781DDW	ENCSR289GGY	Homo sapiens esophagus squamous epithelium tissue male adult (37 years)	1	RNU4-2	U4	4759
ENCFF781DDW	ENCSR289GGY	Homo sapiens esophagus squamous epithelium tissue male adult (37 years)	1	RNU4-1	U4	9037
ENCFF781DDW	ENCSR289GGY	Homo sapiens esophagus squamous epithelium tissue male adult (37 years)	1	RPPH1		0
ENCFF781DDW	ENCSR289GGY	Homo sapiens esophagus squamous epithelium tissue male adult (37 years)	1	RNU6-7	U6	0
ENCFF781DDW	ENCSR289GGY	Homo sapiens esophagus squamous epithelium tissue male adult (37 years)	1	RNU6-8	U6	0
ENCFF781DDW	ENCSR289GGY	Homo sapiens esophagus squamous epithelium tissue male adult (37 years)	1	RN7SL1		0
ENCFF781DDW	ENCSR289GGY	Homo sapiens esophagus squamous epithelium tissue male adult (37 years)	1	RN7SL2		1068
ENCFF781DDW	ENCSR289GGY	Homo sapiens esophagus squamous epithelium tissue male adult (37 years)	1	RNU5A-1	U5	127125
ENCFF781DDW	ENCSR289GGY	Homo sapiens esophagus squamous epithelium tissue male adult (37 years)	1	RNU5B-1	U5	14805
ENCFF781DDW	ENCSR289GGY	Homo sapiens esophagus squamous epithelium tissue male adult (37 years)	1	RNU6-1	U6	0
ENCFF781DDW	ENCSR289GGY	Homo sapiens esophagus squamous epithelium tissue male adult (37 years)	1	RNU2-1	U2	0
ENCFF781DDW	ENCSR289GGY	Homo sapiens esophagus squamous epithelium tissue male adult (37 years)	1	RNU6-9	U6	1
ENCFF781DDW	ENCSR289GGY	Homo sapiens esophagus squamous epithelium tissue male adult (37 years)	1	RNU6-2	U6	4
ENCFF781DDW	ENCSR289GGY	Homo sapiens esophagus squamous epithelium tissue male adult (37 years)	1	RNU12	U12	0
ENCFF821NKG	ENCSR612WDT	Homo sapiens adrenal gland tissue female adult (51 years)	1	RNU5E-1	U5	928
ENCFF821NKG	ENCSR612WDT	Homo sapiens adrenal gland tissue female adult (51 years)	1	RNU1-1	U1	0
ENCFF821NKG	ENCSR612WDT	Homo sapiens adrenal gland tissue female adult (51 years)	1	RNU1-3	U1	0
ENCFF821NKG	ENCSR612WDT	Homo sapiens adrenal gland tissue female adult (51 years)	1	RNU1-4	U1	0
ENCFF821NKG	ENCSR612WDT	Homo sapiens adrenal gland tissue female adult (51 years)	1	RNU1-2	U1	0
ENCFF821NKG	ENCSR612WDT	Homo sapiens adrenal gland tissue female adult (51 years)	1	RNU11	U11	0
ENCFF821NKG	ENCSR612WDT	Homo sapiens adrenal gland tissue female adult (51 years)	1	RNU5F-1	U5	24
ENCFF821NKG	ENCSR612WDT	Homo sapiens adrenal gland tissue female adult (51 years)	1	RNU5D-1	U5	6
ENCFF821NKG	ENCSR612WDT	Homo sapiens adrenal gland tissue female adult (51 years)	1	RNU4ATAC	U4atac	1740
ENCFF821NKG	ENCSR612WDT	Homo sapiens adrenal gland tissue female adult (51 years)	1	RMRP		0
ENCFF821NKG	ENCSR612WDT	Homo sapiens adrenal gland tissue female adult (51 years)	1	RNU6ATAC	U6atac	17
ENCFF821NKG	ENCSR612WDT	Homo sapiens adrenal gland tissue female adult (51 years)	1	RNU2-2P	U2	0
ENCFF821NKG	ENCSR612WDT	Homo sapiens adrenal gland tissue female adult (51 years)	1	RNU7-1	U7	0
ENCFF821NKG	ENCSR612WDT	Homo sapiens adrenal gland tissue female adult (51 years)	1	RNU4-2	U4	16021
ENCFF821NKG	ENCSR612WDT	Homo sapiens adrenal gland tissue female adult (51 years)	1	RNU4-1	U4	16897
ENCFF821NKG	ENCSR612WDT	Homo sapiens adrenal gland tissue female adult (51 years)	1	RPPH1		0
ENCFF821NKG	ENCSR612WDT	Homo sapiens adrenal gland tissue female adult (51 years)	1	RNU6-7	U6	1
ENCFF821NKG	ENCSR612WDT	Homo sapiens adrenal gland tissue female adult (51 years)	1	RNU6-8	U6	0
ENCFF821NKG	ENCSR612WDT	Homo sapiens adrenal gland tissue female adult (51 years)	1	RN7SL1		0
ENCFF821NKG	ENCSR612WDT	Homo sapiens adrenal gland tissue female adult (51 years)	1	RN7SL2		79
ENCFF821NKG	ENCSR612WDT	Homo sapiens adrenal gland tissue female adult (51 years)	1	RNU5A-1	U5	125335
ENCFF821NKG	ENCSR612WDT	Homo sapiens adrenal gland tissue female adult (51 years)	1	RNU5B-1	U5	11504
ENCFF821NKG	ENCSR612WDT	Homo sapiens adrenal gland tissue female adult (51 years)	1	RNU6-1	U6	0
ENCFF821NKG	ENCSR612WDT	Homo sapiens adrenal gland tissue female adult (51 years)	1	RNU2-1	U2	0
ENCFF821NKG	ENCSR612WDT	Homo sapiens adrenal gland tissue female adult (51 years)	1	RNU6-9	U6	0
ENCFF821NKG	ENCSR612WDT	Homo sapiens adrenal gland tissue female adult (51 years)	1	RNU6-2	U6	1
ENCFF821NKG	ENCSR612WDT	Homo sapiens adrenal gland tissue female adult (51 years)	1	RNU12	U12	0
ENCFF548XQG	ENCSR264COY	Homo sapiens adrenal gland tissue female adult (53 years)	1	RNU5E-1	U5	1153
ENCFF548XQG	ENCSR264COY	Homo sapiens adrenal gland tissue female adult (53 years)	1	RNU1-1	U1	0
ENCFF548XQG	ENCSR264COY	Homo sapiens adrenal gland tissue female adult (53 years)	1	RNU1-3	U1	0
ENCFF548XQG	ENCSR264COY	Homo sapiens adrenal gland tissue female adult (53 years)	1	RNU1-4	U1	0
ENCFF548XQG	ENCSR264COY	Homo sapiens adrenal gland tissue female adult (53 years)	1	RNU1-2	U1	0
ENCFF548XQG	ENCSR264COY	Homo sapiens adrenal gland tissue female adult (53 years)	1	RNU11	U11	0
ENCFF548XQG	ENCSR264COY	Homo sapiens adrenal gland tissue female adult (53 years)	1	RNU5F-1	U5	23
ENCFF548XQG	ENCSR264COY	Homo sapiens adrenal gland tissue female adult (53 years)	1	RNU5D-1	U5	34
ENCFF548XQG	ENCSR264COY	Homo sapiens adrenal gland tissue female adult (53 years)	1	RNU4ATAC	U4atac	1152
ENCFF548XQG	ENCSR264COY	Homo sapiens adrenal gland tissue female adult (53 years)	1	RMRP		0
ENCFF548XQG	ENCSR264COY	Homo sapiens adrenal gland tissue female adult (53 years)	1	RNU6ATAC	U6atac	28
ENCFF548XQG	ENCSR264COY	Homo sapiens adrenal gland tissue female adult (53 years)	1	RNU2-2P	U2	0
ENCFF548XQG	ENCSR264COY	Homo sapiens adrenal gland tissue female adult (53 years)	1	RNU7-1	U7	0
ENCFF548XQG	ENCSR264COY	Homo sapiens adrenal gland tissue female adult (53 years)	1	RNU4-2	U4	7980
ENCFF548XQG	ENCSR264COY	Homo sapiens adrenal gland tissue female adult (53 years)	1	RNU4-1	U4	8564
ENCFF548XQG	ENCSR264COY	Homo sapiens adrenal gland tissue female adult (53 years)	1	RPPH1		0
ENCFF548XQG	ENCSR264COY	Homo sapiens adrenal gland tissue female adult (53 years)	1	RNU6-7	U6	21
ENCFF548XQG	ENCSR264COY	Homo sapiens adrenal gland tissue female adult (53 years)	1	RNU6-8	U6	0
ENCFF548XQG	ENCSR264COY	Homo sapiens adrenal gland tissue female adult (53 years)	1	RN7SL1		0
ENCFF548XQG	ENCSR264COY	Homo sapiens adrenal gland tissue female adult (53 years)	1	RN7SL2		16
ENCFF548XQG	ENCSR264COY	Homo sapiens adrenal gland tissue female adult (53 years)	1	RNU5A-1	U5	91922
ENCFF548XQG	ENCSR264COY	Homo sapiens adrenal gland tissue female adult (53 years)	1	RNU5B-1	U5	10111
ENCFF548XQG	ENCSR264COY	Homo sapiens adrenal gland tissue female adult (53 years)	1	RNU6-1	U6	0
ENCFF548XQG	ENCSR264COY	Homo sapiens adrenal gland tissue female adult (53 years)	1	RNU2-1	U2	0
ENCFF548XQG	ENCSR264COY	Homo sapiens adrenal gland tissue female adult (53 years)	1	RNU6-9	U6	0
ENCFF548XQG	ENCSR264COY	Homo sapiens adrenal gland tissue female adult (53 years)	1	RNU6-2	U6	1
ENCFF548XQG	ENCSR264COY	Homo sapiens adrenal gland tissue female adult (53 years)	1	RNU12	U12	0
ENCFF004XBQ	ENCSR610GDH	Homo sapiens omental fat pad tissue male adult (37 years)	1	RNU5E-1	U5	1188
ENCFF004XBQ	ENCSR610GDH	Homo sapiens omental fat pad tissue male adult (37 years)	1	RNU1-1	U1	0
ENCFF004XBQ	ENCSR610GDH	Homo sapiens omental fat pad tissue male adult (37 years)	1	RNU1-3	U1	0
ENCFF004XBQ	ENCSR610GDH	Homo sapiens omental fat pad tissue male adult (37 years)	1	RNU1-4	U1	0
ENCFF004XBQ	ENCSR610GDH	Homo sapiens omental fat pad tissue male adult (37 years)	1	RNU1-2	U1	0
ENCFF004XBQ	ENCSR610GDH	Homo sapiens omental fat pad tissue male adult (37 years)	1	RNU11	U11	0
ENCFF004XBQ	ENCSR610GDH	Homo sapiens omental fat pad tissue male adult (37 years)	1	RNU5F-1	U5	4
ENCFF004XBQ	ENCSR610GDH	Homo sapiens omental fat pad tissue male adult (37 years)	1	RNU5D-1	U5	5
ENCFF004XBQ	ENCSR610GDH	Homo sapiens omental fat pad tissue male adult (37 years)	1	RNU4ATAC	U4atac	1071
ENCFF004XBQ	ENCSR610GDH	Homo sapiens omental fat pad tissue male adult (37 years)	1	RMRP		0
ENCFF004XBQ	ENCSR610GDH	Homo sapiens omental fat pad tissue male adult (37 years)	1	RNU6ATAC	U6atac	13
ENCFF004XBQ	ENCSR610GDH	Homo sapiens omental fat pad tissue male adult (37 years)	1	RNU2-2P	U2	0
ENCFF004XBQ	ENCSR610GDH	Homo sapiens omental fat pad tissue male adult (37 years)	1	RNU7-1	U7	0
ENCFF004XBQ	ENCSR610GDH	Homo sapiens omental fat pad tissue male adult (37 years)	1	RNU4-2	U4	7076
ENCFF004XBQ	ENCSR610GDH	Homo sapiens omental fat pad tissue male adult (37 years)	1	RNU4-1	U4	13027
ENCFF004XBQ	ENCSR610GDH	Homo sapiens omental fat pad tissue male adult (37 years)	1	RPPH1		0
ENCFF004XBQ	ENCSR610GDH	Homo sapiens omental fat pad tissue male adult (37 years)	1	RNU6-7	U6	3
ENCFF004XBQ	ENCSR610GDH	Homo sapiens omental fat pad tissue male adult (37 years)	1	RNU6-8	U6	0
ENCFF004XBQ	ENCSR610GDH	Homo sapiens omental fat pad tissue male adult (37 years)	1	RN7SL1		0
ENCFF004XBQ	ENCSR610GDH	Homo sapiens omental fat pad tissue male adult (37 years)	1	RN7SL2		165
ENCFF004XBQ	ENCSR610GDH	Homo sapiens omental fat pad tissue male adult (37 years)	1	RNU5A-1	U5	64067
ENCFF004XBQ	ENCSR610GDH	Homo sapiens omental fat pad tissue male adult (37 years)	1	RNU5B-1	U5	9335
ENCFF004XBQ	ENCSR610GDH	Homo sapiens omental fat pad tissue male adult (37 years)	1	RNU6-1	U6	2
ENCFF004XBQ	ENCSR610GDH	Homo sapiens omental fat pad tissue male adult (37 years)	1	RNU2-1	U2	0
ENCFF004XBQ	ENCSR610GDH	Homo sapiens omental fat pad tissue male adult (37 years)	1	RNU6-9	U6	3
ENCFF004XBQ	ENCSR610GDH	Homo sapiens omental fat pad tissue male adult (37 years)	1	RNU6-2	U6	0
ENCFF004XBQ	ENCSR610GDH	Homo sapiens omental fat pad tissue male adult (37 years)	1	RNU12	U12	0
ENCFF426GWB	ENCSR020VES	Homo sapiens subcutaneous adipose tissue tissue female adult (53 years)	1	RNU5E-1	U5	674
ENCFF426GWB	ENCSR020VES	Homo sapiens subcutaneous adipose tissue tissue female adult (53 years)	1	RNU1-1	U1	0
ENCFF426GWB	ENCSR020VES	Homo sapiens subcutaneous adipose tissue tissue female adult (53 years)	1	RNU1-3	U1	0
ENCFF426GWB	ENCSR020VES	Homo sapiens subcutaneous adipose tissue tissue female adult (53 years)	1	RNU1-4	U1	0
ENCFF426GWB	ENCSR020VES	Homo sapiens subcutaneous adipose tissue tissue female adult (53 years)	1	RNU1-2	U1	0
ENCFF426GWB	ENCSR020VES	Homo sapiens subcutaneous adipose tissue tissue female adult (53 years)	1	RNU11	U11	0
ENCFF426GWB	ENCSR020VES	Homo sapiens subcutaneous adipose tissue tissue female adult (53 years)	1	RNU5F-1	U5	7
ENCFF426GWB	ENCSR020VES	Homo sapiens subcutaneous adipose tissue tissue female adult (53 years)	1	RNU5D-1	U5	28
ENCFF426GWB	ENCSR020VES	Homo sapiens subcutaneous adipose tissue tissue female adult (53 years)	1	RNU4ATAC	U4atac	2312
ENCFF426GWB	ENCSR020VES	Homo sapiens subcutaneous adipose tissue tissue female adult (53 years)	1	RMRP		0
ENCFF426GWB	ENCSR020VES	Homo sapiens subcutaneous adipose tissue tissue female adult (53 years)	1	RNU6ATAC	U6atac	30
ENCFF426GWB	ENCSR020VES	Homo sapiens subcutaneous adipose tissue tissue female adult (53 years)	1	RNU2-2P	U2	0
ENCFF426GWB	ENCSR020VES	Homo sapiens subcutaneous adipose tissue tissue female adult (53 years)	1	RNU7-1	U7	0
ENCFF426GWB	ENCSR020VES	Homo sapiens subcutaneous adipose tissue tissue female adult (53 years)	1	RNU4-2	U4	23133
ENCFF426GWB	ENCSR020VES	Homo sapiens subcutaneous adipose tissue tissue female adult (53 years)	1	RNU4-1	U4	10653
ENCFF426GWB	ENCSR020VES	Homo sapiens subcutaneous adipose tissue tissue female adult (53 years)	1	RPPH1		0
ENCFF426GWB	ENCSR020VES	Homo sapiens subcutaneous adipose tissue tissue female adult (53 years)	1	RNU6-7	U6	0
ENCFF426GWB	ENCSR020VES	Homo sapiens subcutaneous adipose tissue tissue female adult (53 years)	1	RNU6-8	U6	0
ENCFF426GWB	ENCSR020VES	Homo sapiens subcutaneous adipose tissue tissue female adult (53 years)	1	RN7SL1		0
ENCFF426GWB	ENCSR020VES	Homo sapiens subcutaneous adipose tissue tissue female adult (53 years)	1	RN7SL2		217
ENCFF426GWB	ENCSR020VES	Homo sapiens subcutaneous adipose tissue tissue female adult (53 years)	1	RNU5A-1	U5	65564
ENCFF426GWB	ENCSR020VES	Homo sapiens subcutaneous adipose tissue tissue female adult (53 years)	1	RNU5B-1	U5	9704
ENCFF426GWB	ENCSR020VES	Homo sapiens subcutaneous adipose tissue tissue female adult (53 years)	1	RNU6-1	U6	0
ENCFF426GWB	ENCSR020VES	Homo sapiens subcutaneous adipose tissue tissue female adult (53 years)	1	RNU2-1	U2	0
ENCFF426GWB	ENCSR020VES	Homo sapiens subcutaneous adipose tissue tissue female adult (53 years)	1	RNU6-9	U6	0
ENCFF426GWB	ENCSR020VES	Homo sapiens subcutaneous adipose tissue tissue female adult (53 years)	1	RNU6-2	U6	0
ENCFF426GWB	ENCSR020VES	Homo sapiens subcutaneous adipose tissue tissue female adult (53 years)	1	RNU12	U12	0
ENCFF348VFK	ENCSR866ZSG	Homo sapiens gastroesophageal sphincter tissue female adult (51 years)	1	RNU5E-1	U5	677
ENCFF348VFK	ENCSR866ZSG	Homo sapiens gastroesophageal sphincter tissue female adult (51 years)	1	RNU1-1	U1	0
ENCFF348VFK	ENCSR866ZSG	Homo sapiens gastroesophageal sphincter tissue female adult (51 years)	1	RNU1-3	U1	0
ENCFF348VFK	ENCSR866ZSG	Homo sapiens gastroesophageal sphincter tissue female adult (51 years)	1	RNU1-4	U1	0
ENCFF348VFK	ENCSR866ZSG	Homo sapiens gastroesophageal sphincter tissue female adult (51 years)	1	RNU1-2	U1	0
ENCFF348VFK	ENCSR866ZSG	Homo sapiens gastroesophageal sphincter tissue female adult (51 years)	1	RNU11	U11	0
ENCFF348VFK	ENCSR866ZSG	Homo sapiens gastroesophageal sphincter tissue female adult (51 years)	1	RNU5F-1	U5	0
ENCFF348VFK	ENCSR866ZSG	Homo sapiens gastroesophageal sphincter tissue female adult (51 years)	1	RNU5D-1	U5	9
ENCFF348VFK	ENCSR866ZSG	Homo sapiens gastroesophageal sphincter tissue female adult (51 years)	1	RNU4ATAC	U4atac	1989
ENCFF348VFK	ENCSR866ZSG	Homo sapiens gastroesophageal sphincter tissue female adult (51 years)	1	RMRP		0
ENCFF348VFK	ENCSR866ZSG	Homo sapiens gastroesophageal sphincter tissue female adult (51 years)	1	RNU6ATAC	U6atac	10
ENCFF348VFK	ENCSR866ZSG	Homo sapiens gastroesophageal sphincter tissue female adult (51 years)	1	RNU2-2P	U2	0
ENCFF348VFK	ENCSR866ZSG	Homo sapiens gastroesophageal sphincter tissue female adult (51 years)	1	RNU7-1	U7	0
ENCFF348VFK	ENCSR866ZSG	Homo sapiens gastroesophageal sphincter tissue female adult (51 years)	1	RNU4-2	U4	5955
ENCFF348VFK	ENCSR866ZSG	Homo sapiens gastroesophageal sphincter tissue female adult (51 years)	1	RNU4-1	U4	2126
ENCFF348VFK	ENCSR866ZSG	Homo sapiens gastroesophageal sphincter tissue female adult (51 years)	1	RPPH1		0
ENCFF348VFK	ENCSR866ZSG	Homo sapiens gastroesophageal sphincter tissue female adult (51 years)	1	RNU6-7	U6	0
ENCFF348VFK	ENCSR866ZSG	Homo sapiens gastroesophageal sphincter tissue female adult (51 years)	1	RNU6-8	U6	0
ENCFF348VFK	ENCSR866ZSG	Homo sapiens gastroesophageal sphincter tissue female adult (51 years)	1	RN7SL1		0
ENCFF348VFK	ENCSR866ZSG	Homo sapiens gastroesophageal sphincter tissue female adult (51 years)	1	RN7SL2		66
ENCFF348VFK	ENCSR866ZSG	Homo sapiens gastroesophageal sphincter tissue female adult (51 years)	1	RNU5A-1	U5	59502
ENCFF348VFK	ENCSR866ZSG	Homo sapiens gastroesophageal sphincter tissue female adult (51 years)	1	RNU5B-1	U5	5053
ENCFF348VFK	ENCSR866ZSG	Homo sapiens gastroesophageal sphincter tissue female adult (51 years)	1	RNU6-1	U6	0
ENCFF348VFK	ENCSR866ZSG	Homo sapiens gastroesophageal sphincter tissue female adult (51 years)	1	RNU2-1	U2	0
ENCFF348VFK	ENCSR866ZSG	Homo sapiens gastroesophageal sphincter tissue female adult (51 years)	1	RNU6-9	U6	1
ENCFF348VFK	ENCSR866ZSG	Homo sapiens gastroesophageal sphincter tissue female adult (51 years)	1	RNU6-2	U6	5
ENCFF348VFK	ENCSR866ZSG	Homo sapiens gastroesophageal sphincter tissue female adult (51 years)	1	RNU12	U12	0
ENCFF268UDJ	ENCSR998CRC	Homo sapiens gastroesophageal sphincter tissue female adult (53 years)	1	RNU5E-1	U5	888
ENCFF268UDJ	ENCSR998CRC	Homo sapiens gastroesophageal sphincter tissue female adult (53 years)	1	RNU1-1	U1	0
ENCFF268UDJ	ENCSR998CRC	Homo sapiens gastroesophageal sphincter tissue female adult (53 years)	1	RNU1-3	U1	0
ENCFF268UDJ	ENCSR998CRC	Homo sapiens gastroesophageal sphincter tissue female adult (53 years)	1	RNU1-4	U1	0
ENCFF268UDJ	ENCSR998CRC	Homo sapiens gastroesophageal sphincter tissue female adult (53 years)	1	RNU1-2	U1	0
ENCFF268UDJ	ENCSR998CRC	Homo sapiens gastroesophageal sphincter tissue female adult (53 years)	1	RNU11	U11	0
ENCFF268UDJ	ENCSR998CRC	Homo sapiens gastroesophageal sphincter tissue female adult (53 years)	1	RNU5F-1	U5	13
ENCFF268UDJ	ENCSR998CRC	Homo sapiens gastroesophageal sphincter tissue female adult (53 years)	1	RNU5D-1	U5	11
ENCFF268UDJ	ENCSR998CRC	Homo sapiens gastroesophageal sphincter tissue female adult (53 years)	1	RNU4ATAC	U4atac	1315
ENCFF268UDJ	ENCSR998CRC	Homo sapiens gastroesophageal sphincter tissue female adult (53 years)	1	RMRP		0
ENCFF268UDJ	ENCSR998CRC	Homo sapiens gastroesophageal sphincter tissue female adult (53 years)	1	RNU6ATAC	U6atac	11
ENCFF268UDJ	ENCSR998CRC	Homo sapiens gastroesophageal sphincter tissue female adult (53 years)	1	RNU2-2P	U2	0
ENCFF268UDJ	ENCSR998CRC	Homo sapiens gastroesophageal sphincter tissue female adult (53 years)	1	RNU7-1	U7	0
ENCFF268UDJ	ENCSR998CRC	Homo sapiens gastroesophageal sphincter tissue female adult (53 years)	1	RNU4-2	U4	6566
ENCFF268UDJ	ENCSR998CRC	Homo sapiens gastroesophageal sphincter tissue female adult (53 years)	1	RNU4-1	U4	3247
ENCFF268UDJ	ENCSR998CRC	Homo sapiens gastroesophageal sphincter tissue female adult (53 years)	1	RPPH1		0
ENCFF268UDJ	ENCSR998CRC	Homo sapiens gastroesophageal sphincter tissue female adult (53 years)	1	RNU6-7	U6	0
ENCFF268UDJ	ENCSR998CRC	Homo sapiens gastroesophageal sphincter tissue female adult (53 years)	1	RNU6-8	U6	0
ENCFF268UDJ	ENCSR998CRC	Homo sapiens gastroesophageal sphincter tissue female adult (53 years)	1	RN7SL1		0
ENCFF268UDJ	ENCSR998CRC	Homo sapiens gastroesophageal sphincter tissue female adult (53 years)	1	RN7SL2		26
ENCFF268UDJ	ENCSR998CRC	Homo sapiens gastroesophageal sphincter tissue female adult (53 years)	1	RNU5A-1	U5	50007
ENCFF268UDJ	ENCSR998CRC	Homo sapiens gastroesophageal sphincter tissue female adult (53 years)	1	RNU5B-1	U5	4435
ENCFF268UDJ	ENCSR998CRC	Homo sapiens gastroesophageal sphincter tissue female adult (53 years)	1	RNU6-1	U6	0
ENCFF268UDJ	ENCSR998CRC	Homo sapiens gastroesophageal sphincter tissue female adult (53 years)	1	RNU2-1	U2	0
ENCFF268UDJ	ENCSR998CRC	Homo sapiens gastroesophageal sphincter tissue female adult (53 years)	1	RNU6-9	U6	0
ENCFF268UDJ	ENCSR998CRC	Homo sapiens gastroesophageal sphincter tissue female adult (53 years)	1	RNU6-2	U6	6
ENCFF268UDJ	ENCSR998CRC	Homo sapiens gastroesophageal sphincter tissue female adult (53 years)	1	RNU12	U12	0
ENCFF025AXP	ENCSR269YSX	Homo sapiens gastroesophageal sphincter tissue male adult (54 years)	1	RNU5E-1	U5	1512
ENCFF025AXP	ENCSR269YSX	Homo sapiens gastroesophageal sphincter tissue male adult (54 years)	1	RNU1-1	U1	0
ENCFF025AXP	ENCSR269YSX	Homo sapiens gastroesophageal sphincter tissue male adult (54 years)	1	RNU1-3	U1	0
ENCFF025AXP	ENCSR269YSX	Homo sapiens gastroesophageal sphincter tissue male adult (54 years)	1	RNU1-4	U1	0
ENCFF025AXP	ENCSR269YSX	Homo sapiens gastroesophageal sphincter tissue male adult (54 years)	1	RNU1-2	U1	0
ENCFF025AXP	ENCSR269YSX	Homo sapiens gastroesophageal sphincter tissue male adult (54 years)	1	RNU11	U11	0
ENCFF025AXP	ENCSR269YSX	Homo sapiens gastroesophageal sphincter tissue male adult (54 years)	1	RNU5F-1	U5	5
ENCFF025AXP	ENCSR269YSX	Homo sapiens gastroesophageal sphincter tissue male adult (54 years)	1	RNU5D-1	U5	25
ENCFF025AXP	ENCSR269YSX	Homo sapiens gastroesophageal sphincter tissue male adult (54 years)	1	RNU4ATAC	U4atac	2521
ENCFF025AXP	ENCSR269YSX	Homo sapiens gastroesophageal sphincter tissue male adult (54 years)	1	RMRP		0
ENCFF025AXP	ENCSR269YSX	Homo sapiens gastroesophageal sphincter tissue male adult (54 years)	1	RNU6ATAC	U6atac	1
ENCFF025AXP	ENCSR269YSX	Homo sapiens gastroesophageal sphincter tissue male adult (54 years)	1	RNU2-2P	U2	0
ENCFF025AXP	ENCSR269YSX	Homo sapiens gastroesophageal sphincter tissue male adult (54 years)	1	RNU7-1	U7	0
ENCFF025AXP	ENCSR269YSX	Homo sapiens gastroesophageal sphincter tissue male adult (54 years)	1	RNU4-2	U4	9078
ENCFF025AXP	ENCSR269YSX	Homo sapiens gastroesophageal sphincter tissue male adult (54 years)	1	RNU4-1	U4	4454
ENCFF025AXP	ENCSR269YSX	Homo sapiens gastroesophageal sphincter tissue male adult (54 years)	1	RPPH1		0
ENCFF025AXP	ENCSR269YSX	Homo sapiens gastroesophageal sphincter tissue male adult (54 years)	1	RNU6-7	U6	0
ENCFF025AXP	ENCSR269YSX	Homo sapiens gastroesophageal sphincter tissue male adult (54 years)	1	RNU6-8	U6	0
ENCFF025AXP	ENCSR269YSX	Homo sapiens gastroesophageal sphincter tissue male adult (54 years)	1	RN7SL1		0
ENCFF025AXP	ENCSR269YSX	Homo sapiens gastroesophageal sphincter tissue male adult (54 years)	1	RN7SL2		15
ENCFF025AXP	ENCSR269YSX	Homo sapiens gastroesophageal sphincter tissue male adult (54 years)	1	RNU5A-1	U5	66533
ENCFF025AXP	ENCSR269YSX	Homo sapiens gastroesophageal sphincter tissue male adult (54 years)	1	RNU5B-1	U5	8052
ENCFF025AXP	ENCSR269YSX	Homo sapiens gastroesophageal sphincter tissue male adult (54 years)	1	RNU6-1	U6	0
ENCFF025AXP	ENCSR269YSX	Homo sapiens gastroesophageal sphincter tissue male adult (54 years)	1	RNU2-1	U2	0
ENCFF025AXP	ENCSR269YSX	Homo sapiens gastroesophageal sphincter tissue male adult (54 years)	1	RNU6-9	U6	0
ENCFF025AXP	ENCSR269YSX	Homo sapiens gastroesophageal sphincter tissue male adult (54 years)	1	RNU6-2	U6	0
ENCFF025AXP	ENCSR269YSX	Homo sapiens gastroesophageal sphincter tissue male adult (54 years)	1	RNU12	U12	0
ENCFF246HFV	ENCSR646HQQ	Homo sapiens gastroesophageal sphincter tissue male adult (37 years)	1	RNU5E-1	U5	2671
ENCFF246HFV	ENCSR646HQQ	Homo sapiens gastroesophageal sphincter tissue male adult (37 years)	1	RNU1-1	U1	0
ENCFF246HFV	ENCSR646HQQ	Homo sapiens gastroesophageal sphincter tissue male adult (37 years)	1	RNU1-3	U1	0
ENCFF246HFV	ENCSR646HQQ	Homo sapiens gastroesophageal sphincter tissue male adult (37 years)	1	RNU1-4	U1	0
ENCFF246HFV	ENCSR646HQQ	Homo sapiens gastroesophageal sphincter tissue male adult (37 years)	1	RNU1-2	U1	0
ENCFF246HFV	ENCSR646HQQ	Homo sapiens gastroesophageal sphincter tissue male adult (37 years)	1	RNU11	U11	0
ENCFF246HFV	ENCSR646HQQ	Homo sapiens gastroesophageal sphincter tissue male adult (37 years)	1	RNU5F-1	U5	2
ENCFF246HFV	ENCSR646HQQ	Homo sapiens gastroesophageal sphincter tissue male adult (37 years)	1	RNU5D-1	U5	14
ENCFF246HFV	ENCSR646HQQ	Homo sapiens gastroesophageal sphincter tissue male adult (37 years)	1	RNU4ATAC	U4atac	2392
ENCFF246HFV	ENCSR646HQQ	Homo sapiens gastroesophageal sphincter tissue male adult (37 years)	1	RMRP		0
ENCFF246HFV	ENCSR646HQQ	Homo sapiens gastroesophageal sphincter tissue male adult (37 years)	1	RNU6ATAC	U6atac	11
ENCFF246HFV	ENCSR646HQQ	Homo sapiens gastroesophageal sphincter tissue male adult (37 years)	1	RNU2-2P	U2	0
ENCFF246HFV	ENCSR646HQQ	Homo sapiens gastroesophageal sphincter tissue male adult (37 years)	1	RNU7-1	U7	0
ENCFF246HFV	ENCSR646HQQ	Homo sapiens gastroesophageal sphincter tissue male adult (37 years)	1	RNU4-2	U4	19389
ENCFF246HFV	ENCSR646HQQ	Homo sapiens gastroesophageal sphincter tissue male adult (37 years)	1	RNU4-1	U4	10477
ENCFF246HFV	ENCSR646HQQ	Homo sapiens gastroesophageal sphincter tissue male adult (37 years)	1	RPPH1		0
ENCFF246HFV	ENCSR646HQQ	Homo sapiens gastroesophageal sphincter tissue male adult (37 years)	1	RNU6-7	U6	4
ENCFF246HFV	ENCSR646HQQ	Homo sapiens gastroesophageal sphincter tissue male adult (37 years)	1	RNU6-8	U6	0
ENCFF246HFV	ENCSR646HQQ	Homo sapiens gastroesophageal sphincter tissue male adult (37 years)	1	RN7SL1		0
ENCFF246HFV	ENCSR646HQQ	Homo sapiens gastroesophageal sphincter tissue male adult (37 years)	1	RN7SL2		95
ENCFF246HFV	ENCSR646HQQ	Homo sapiens gastroesophageal sphincter tissue male adult (37 years)	1	RNU5A-1	U5	101551
ENCFF246HFV	ENCSR646HQQ	Homo sapiens gastroesophageal sphincter tissue male adult (37 years)	1	RNU5B-1	U5	18505
ENCFF246HFV	ENCSR646HQQ	Homo sapiens gastroesophageal sphincter tissue male adult (37 years)	1	RNU6-1	U6	0
ENCFF246HFV	ENCSR646HQQ	Homo sapiens gastroesophageal sphincter tissue male adult (37 years)	1	RNU2-1	U2	0
ENCFF246HFV	ENCSR646HQQ	Homo sapiens gastroesophageal sphincter tissue male adult (37 years)	1	RNU6-9	U6	0
ENCFF246HFV	ENCSR646HQQ	Homo sapiens gastroesophageal sphincter tissue male adult (37 years)	1	RNU6-2	U6	0
ENCFF246HFV	ENCSR646HQQ	Homo sapiens gastroesophageal sphincter tissue male adult (37 years)	1	RNU12	U12	0
ENCFF649AAK	ENCSR183YQY	Homo sapiens transverse colon tissue female adult (51 years)	1	RNU5E-1	U5	626
ENCFF649AAK	ENCSR183YQY	Homo sapiens transverse colon tissue female adult (51 years)	1	RNU1-1	U1	0
ENCFF649AAK	ENCSR183YQY	Homo sapiens transverse colon tissue female adult (51 years)	1	RNU1-3	U1	0
ENCFF649AAK	ENCSR183YQY	Homo sapiens transverse colon tissue female adult (51 years)	1	RNU1-4	U1	0
ENCFF649AAK	ENCSR183YQY	Homo sapiens transverse colon tissue female adult (51 years)	1	RNU1-2	U1	0
ENCFF649AAK	ENCSR183YQY	Homo sapiens transverse colon tissue female adult (51 years)	1	RNU11	U11	0
ENCFF649AAK	ENCSR183YQY	Homo sapiens transverse colon tissue female adult (51 years)	1	RNU5F-1	U5	4
ENCFF649AAK	ENCSR183YQY	Homo sapiens transverse colon tissue female adult (51 years)	1	RNU5D-1	U5	18
ENCFF649AAK	ENCSR183YQY	Homo sapiens transverse colon tissue female adult (51 years)	1	RNU4ATAC	U4atac	319
ENCFF649AAK	ENCSR183YQY	Homo sapiens transverse colon tissue female adult (51 years)	1	RMRP		0
ENCFF649AAK	ENCSR183YQY	Homo sapiens transverse colon tissue female adult (51 years)	1	RNU6ATAC	U6atac	22
ENCFF649AAK	ENCSR183YQY	Homo sapiens transverse colon tissue female adult (51 years)	1	RNU2-2P	U2	0
ENCFF649AAK	ENCSR183YQY	Homo sapiens transverse colon tissue female adult (51 years)	1	RNU7-1	U7	0
ENCFF649AAK	ENCSR183YQY	Homo sapiens transverse colon tissue female adult (51 years)	1	RNU4-2	U4	3064
ENCFF649AAK	ENCSR183YQY	Homo sapiens transverse colon tissue female adult (51 years)	1	RNU4-1	U4	3148
ENCFF649AAK	ENCSR183YQY	Homo sapiens transverse colon tissue female adult (51 years)	1	RPPH1		0
ENCFF649AAK	ENCSR183YQY	Homo sapiens transverse colon tissue female adult (51 years)	1	RNU6-7	U6	0
ENCFF649AAK	ENCSR183YQY	Homo sapiens transverse colon tissue female adult (51 years)	1	RNU6-8	U6	0
ENCFF649AAK	ENCSR183YQY	Homo sapiens transverse colon tissue female adult (51 years)	1	RN7SL1		0
ENCFF649AAK	ENCSR183YQY	Homo sapiens transverse colon tissue female adult (51 years)	1	RN7SL2		56
ENCFF649AAK	ENCSR183YQY	Homo sapiens transverse colon tissue female adult (51 years)	1	RNU5A-1	U5	17225
ENCFF649AAK	ENCSR183YQY	Homo sapiens transverse colon tissue female adult (51 years)	1	RNU5B-1	U5	1674
ENCFF649AAK	ENCSR183YQY	Homo sapiens transverse colon tissue female adult (51 years)	1	RNU6-1	U6	0
ENCFF649AAK	ENCSR183YQY	Homo sapiens transverse colon tissue female adult (51 years)	1	RNU2-1	U2	0
ENCFF649AAK	ENCSR183YQY	Homo sapiens transverse colon tissue female adult (51 years)	1	RNU6-9	U6	0
ENCFF649AAK	ENCSR183YQY	Homo sapiens transverse colon tissue female adult (51 years)	1	RNU6-2	U6	0
ENCFF649AAK	ENCSR183YQY	Homo sapiens transverse colon tissue female adult (51 years)	1	RNU12	U12	0
ENCFF267GUU	ENCSR316SXP	Homo sapiens transverse colon tissue female adult (53 years)	1	RNU5E-1	U5	1534
ENCFF267GUU	ENCSR316SXP	Homo sapiens transverse colon tissue female adult (53 years)	1	RNU1-1	U1	0
ENCFF267GUU	ENCSR316SXP	Homo sapiens transverse colon tissue female adult (53 years)	1	RNU1-3	U1	0
ENCFF267GUU	ENCSR316SXP	Homo sapiens transverse colon tissue female adult (53 years)	1	RNU1-4	U1	0
ENCFF267GUU	ENCSR316SXP	Homo sapiens transverse colon tissue female adult (53 years)	1	RNU1-2	U1	0
ENCFF267GUU	ENCSR316SXP	Homo sapiens transverse colon tissue female adult (53 years)	1	RNU11	U11	0
ENCFF267GUU	ENCSR316SXP	Homo sapiens transverse colon tissue female adult (53 years)	1	RNU5F-1	U5	4
ENCFF267GUU	ENCSR316SXP	Homo sapiens transverse colon tissue female adult (53 years)	1	RNU5D-1	U5	26
ENCFF267GUU	ENCSR316SXP	Homo sapiens transverse colon tissue female adult (53 years)	1	RNU4ATAC	U4atac	2077
ENCFF267GUU	ENCSR316SXP	Homo sapiens transverse colon tissue female adult (53 years)	1	RMRP		0
ENCFF267GUU	ENCSR316SXP	Homo sapiens transverse colon tissue female adult (53 years)	1	RNU6ATAC	U6atac	6
ENCFF267GUU	ENCSR316SXP	Homo sapiens transverse colon tissue female adult (53 years)	1	RNU2-2P	U2	0
ENCFF267GUU	ENCSR316SXP	Homo sapiens transverse colon tissue female adult (53 years)	1	RNU7-1	U7	0
ENCFF267GUU	ENCSR316SXP	Homo sapiens transverse colon tissue female adult (53 years)	1	RNU4-2	U4	12968
ENCFF267GUU	ENCSR316SXP	Homo sapiens transverse colon tissue female adult (53 years)	1	RNU4-1	U4	16495
ENCFF267GUU	ENCSR316SXP	Homo sapiens transverse colon tissue female adult (53 years)	1	RPPH1		0
ENCFF267GUU	ENCSR316SXP	Homo sapiens transverse colon tissue female adult (53 years)	1	RNU6-7	U6	0
ENCFF267GUU	ENCSR316SXP	Homo sapiens transverse colon tissue female adult (53 years)	1	RNU6-8	U6	0
ENCFF267GUU	ENCSR316SXP	Homo sapiens transverse colon tissue female adult (53 years)	1	RN7SL1		0
ENCFF267GUU	ENCSR316SXP	Homo sapiens transverse colon tissue female adult (53 years)	1	RN7SL2		304
ENCFF267GUU	ENCSR316SXP	Homo sapiens transverse colon tissue female adult (53 years)	1	RNU5A-1	U5	107453
ENCFF267GUU	ENCSR316SXP	Homo sapiens transverse colon tissue female adult (53 years)	1	RNU5B-1	U5	9798
ENCFF267GUU	ENCSR316SXP	Homo sapiens transverse colon tissue female adult (53 years)	1	RNU6-1	U6	0
ENCFF267GUU	ENCSR316SXP	Homo sapiens transverse colon tissue female adult (53 years)	1	RNU2-1	U2	0
ENCFF267GUU	ENCSR316SXP	Homo sapiens transverse colon tissue female adult (53 years)	1	RNU6-9	U6	0
ENCFF267GUU	ENCSR316SXP	Homo sapiens transverse colon tissue female adult (53 years)	1	RNU6-2	U6	0
ENCFF267GUU	ENCSR316SXP	Homo sapiens transverse colon tissue female adult (53 years)	1	RNU12	U12	0
ENCFF491GKL	ENCSR168XPO	Homo sapiens transverse colon tissue male adult (54 years)	1	RNU5E-1	U5	3243
ENCFF491GKL	ENCSR168XPO	Homo sapiens transverse colon tissue male adult (54 years)	1	RNU1-1	U1	0
ENCFF491GKL	ENCSR168XPO	Homo sapiens transverse colon tissue male adult (54 years)	1	RNU1-3	U1	0
ENCFF491GKL	ENCSR168XPO	Homo sapiens transverse colon tissue male adult (54 years)	1	RNU1-4	U1	0
ENCFF491GKL	ENCSR168XPO	Homo sapiens transverse colon tissue male adult (54 years)	1	RNU1-2	U1	0
ENCFF491GKL	ENCSR168XPO	Homo sapiens transverse colon tissue male adult (54 years)	1	RNU11	U11	0
ENCFF491GKL	ENCSR168XPO	Homo sapiens transverse colon tissue male adult (54 years)	1	RNU5F-1	U5	6
ENCFF491GKL	ENCSR168XPO	Homo sapiens transverse colon tissue male adult (54 years)	1	RNU5D-1	U5	92
ENCFF491GKL	ENCSR168XPO	Homo sapiens transverse colon tissue male adult (54 years)	1	RNU4ATAC	U4atac	1148
ENCFF491GKL	ENCSR168XPO	Homo sapiens transverse colon tissue male adult (54 years)	1	RMRP		0
ENCFF491GKL	ENCSR168XPO	Homo sapiens transverse colon tissue male adult (54 years)	1	RNU6ATAC	U6atac	5
ENCFF491GKL	ENCSR168XPO	Homo sapiens transverse colon tissue male adult (54 years)	1	RNU2-2P	U2	0
ENCFF491GKL	ENCSR168XPO	Homo sapiens transverse colon tissue male adult (54 years)	1	RNU7-1	U7	0
ENCFF491GKL	ENCSR168XPO	Homo sapiens transverse colon tissue male adult (54 years)	1	RNU4-2	U4	16391
ENCFF491GKL	ENCSR168XPO	Homo sapiens transverse colon tissue male adult (54 years)	1	RNU4-1	U4	34322
ENCFF491GKL	ENCSR168XPO	Homo sapiens transverse colon tissue male adult (54 years)	1	RPPH1		0
ENCFF491GKL	ENCSR168XPO	Homo sapiens transverse colon tissue male adult (54 years)	1	RNU6-7	U6	0
ENCFF491GKL	ENCSR168XPO	Homo sapiens transverse colon tissue male adult (54 years)	1	RNU6-8	U6	0
ENCFF491GKL	ENCSR168XPO	Homo sapiens transverse colon tissue male adult (54 years)	1	RN7SL1		0
ENCFF491GKL	ENCSR168XPO	Homo sapiens transverse colon tissue male adult (54 years)	1	RN7SL2		15
ENCFF491GKL	ENCSR168XPO	Homo sapiens transverse colon tissue male adult (54 years)	1	RNU5A-1	U5	101508
ENCFF491GKL	ENCSR168XPO	Homo sapiens transverse colon tissue male adult (54 years)	1	RNU5B-1	U5	9001
ENCFF491GKL	ENCSR168XPO	Homo sapiens transverse colon tissue male adult (54 years)	1	RNU6-1	U6	0
ENCFF491GKL	ENCSR168XPO	Homo sapiens transverse colon tissue male adult (54 years)	1	RNU2-1	U2	0
ENCFF491GKL	ENCSR168XPO	Homo sapiens transverse colon tissue male adult (54 years)	1	RNU6-9	U6	1
ENCFF491GKL	ENCSR168XPO	Homo sapiens transverse colon tissue male adult (54 years)	1	RNU6-2	U6	0
ENCFF491GKL	ENCSR168XPO	Homo sapiens transverse colon tissue male adult (54 years)	1	RNU12	U12	0
ENCFF546RRQ	ENCSR525WFB	Homo sapiens transverse colon tissue male adult (37 years)	1	RNU5E-1	U5	1661
ENCFF546RRQ	ENCSR525WFB	Homo sapiens transverse colon tissue male adult (37 years)	1	RNU1-1	U1	0
ENCFF546RRQ	ENCSR525WFB	Homo sapiens transverse colon tissue male adult (37 years)	1	RNU1-3	U1	0
ENCFF546RRQ	ENCSR525WFB	Homo sapiens transverse colon tissue male adult (37 years)	1	RNU1-4	U1	0
ENCFF546RRQ	ENCSR525WFB	Homo sapiens transverse colon tissue male adult (37 years)	1	RNU1-2	U1	0
ENCFF546RRQ	ENCSR525WFB	Homo sapiens transverse colon tissue male adult (37 years)	1	RNU11	U11	0
ENCFF546RRQ	ENCSR525WFB	Homo sapiens transverse colon tissue male adult (37 years)	1	RNU5F-1	U5	1
ENCFF546RRQ	ENCSR525WFB	Homo sapiens transverse colon tissue male adult (37 years)	1	RNU5D-1	U5	12
ENCFF546RRQ	ENCSR525WFB	Homo sapiens transverse colon tissue male adult (37 years)	1	RNU4ATAC	U4atac	399
ENCFF546RRQ	ENCSR525WFB	Homo sapiens transverse colon tissue male adult (37 years)	1	RMRP		0
ENCFF546RRQ	ENCSR525WFB	Homo sapiens transverse colon tissue male adult (37 years)	1	RNU6ATAC	U6atac	0
ENCFF546RRQ	ENCSR525WFB	Homo sapiens transverse colon tissue male adult (37 years)	1	RNU2-2P	U2	0
ENCFF546RRQ	ENCSR525WFB	Homo sapiens transverse colon tissue male adult (37 years)	1	RNU7-1	U7	0
ENCFF546RRQ	ENCSR525WFB	Homo sapiens transverse colon tissue male adult (37 years)	1	RNU4-2	U4	5583
ENCFF546RRQ	ENCSR525WFB	Homo sapiens transverse colon tissue male adult (37 years)	1	RNU4-1	U4	20865
ENCFF546RRQ	ENCSR525WFB	Homo sapiens transverse colon tissue male adult (37 years)	1	RPPH1		0
ENCFF546RRQ	ENCSR525WFB	Homo sapiens transverse colon tissue male adult (37 years)	1	RNU6-7	U6	0
ENCFF546RRQ	ENCSR525WFB	Homo sapiens transverse colon tissue male adult (37 years)	1	RNU6-8	U6	0
ENCFF546RRQ	ENCSR525WFB	Homo sapiens transverse colon tissue male adult (37 years)	1	RN7SL1		0
ENCFF546RRQ	ENCSR525WFB	Homo sapiens transverse colon tissue male adult (37 years)	1	RN7SL2		23
ENCFF546RRQ	ENCSR525WFB	Homo sapiens transverse colon tissue male adult (37 years)	1	RNU5A-1	U5	40370
ENCFF546RRQ	ENCSR525WFB	Homo sapiens transverse colon tissue male adult (37 years)	1	RNU5B-1	U5	8657
ENCFF546RRQ	ENCSR525WFB	Homo sapiens transverse colon tissue male adult (37 years)	1	RNU6-1	U6	0
ENCFF546RRQ	ENCSR525WFB	Homo sapiens transverse colon tissue male adult (37 years)	1	RNU2-1	U2	0
ENCFF546RRQ	ENCSR525WFB	Homo sapiens transverse colon tissue male adult (37 years)	1	RNU6-9	U6	0
ENCFF546RRQ	ENCSR525WFB	Homo sapiens transverse colon tissue male adult (37 years)	1	RNU6-2	U6	0
ENCFF546RRQ	ENCSR525WFB	Homo sapiens transverse colon tissue male adult (37 years)	1	RNU12	U12	0
ENCFF078XLZ	ENCSR812JEU	Homo sapiens vagina tissue female adult (53 years)	1	RNU5E-1	U5	849
ENCFF078XLZ	ENCSR812JEU	Homo sapiens vagina tissue female adult (53 years)	1	RNU1-1	U1	0
ENCFF078XLZ	ENCSR812JEU	Homo sapiens vagina tissue female adult (53 years)	1	RNU1-3	U1	0
ENCFF078XLZ	ENCSR812JEU	Homo sapiens vagina tissue female adult (53 years)	1	RNU1-4	U1	0
ENCFF078XLZ	ENCSR812JEU	Homo sapiens vagina tissue female adult (53 years)	1	RNU1-2	U1	0
ENCFF078XLZ	ENCSR812JEU	Homo sapiens vagina tissue female adult (53 years)	1	RNU11	U11	0
ENCFF078XLZ	ENCSR812JEU	Homo sapiens vagina tissue female adult (53 years)	1	RNU5F-1	U5	0
ENCFF078XLZ	ENCSR812JEU	Homo sapiens vagina tissue female adult (53 years)	1	RNU5D-1	U5	14
ENCFF078XLZ	ENCSR812JEU	Homo sapiens vagina tissue female adult (53 years)	1	RNU4ATAC	U4atac	1255
ENCFF078XLZ	ENCSR812JEU	Homo sapiens vagina tissue female adult (53 years)	1	RMRP		0
ENCFF078XLZ	ENCSR812JEU	Homo sapiens vagina tissue female adult (53 years)	1	RNU6ATAC	U6atac	0
ENCFF078XLZ	ENCSR812JEU	Homo sapiens vagina tissue female adult (53 years)	1	RNU2-2P	U2	0
ENCFF078XLZ	ENCSR812JEU	Homo sapiens vagina tissue female adult (53 years)	1	RNU7-1	U7	0
ENCFF078XLZ	ENCSR812JEU	Homo sapiens vagina tissue female adult (53 years)	1	RNU4-2	U4	4477
ENCFF078XLZ	ENCSR812JEU	Homo sapiens vagina tissue female adult (53 years)	1	RNU4-1	U4	8140
ENCFF078XLZ	ENCSR812JEU	Homo sapiens vagina tissue female adult (53 years)	1	RPPH1		0
ENCFF078XLZ	ENCSR812JEU	Homo sapiens vagina tissue female adult (53 years)	1	RNU6-7	U6	0
ENCFF078XLZ	ENCSR812JEU	Homo sapiens vagina tissue female adult (53 years)	1	RNU6-8	U6	0
ENCFF078XLZ	ENCSR812JEU	Homo sapiens vagina tissue female adult (53 years)	1	RN7SL1		0
ENCFF078XLZ	ENCSR812JEU	Homo sapiens vagina tissue female adult (53 years)	1	RN7SL2		972
ENCFF078XLZ	ENCSR812JEU	Homo sapiens vagina tissue female adult (53 years)	1	RNU5A-1	U5	60780
ENCFF078XLZ	ENCSR812JEU	Homo sapiens vagina tissue female adult (53 years)	1	RNU5B-1	U5	11321
ENCFF078XLZ	ENCSR812JEU	Homo sapiens vagina tissue female adult (53 years)	1	RNU6-1	U6	0
ENCFF078XLZ	ENCSR812JEU	Homo sapiens vagina tissue female adult (53 years)	1	RNU2-1	U2	0
ENCFF078XLZ	ENCSR812JEU	Homo sapiens vagina tissue female adult (53 years)	1	RNU6-9	U6	0
ENCFF078XLZ	ENCSR812JEU	Homo sapiens vagina tissue female adult (53 years)	1	RNU6-2	U6	0
ENCFF078XLZ	ENCSR812JEU	Homo sapiens vagina tissue female adult (53 years)	1	RNU12	U12	0
ENCFF654WKZ	ENCSR887HNW	Homo sapiens uterus tissue female adult (51 years)	1	RNU5E-1	U5	1000
ENCFF654WKZ	ENCSR887HNW	Homo sapiens uterus tissue female adult (51 years)	1	RNU1-1	U1	0
ENCFF654WKZ	ENCSR887HNW	Homo sapiens uterus tissue female adult (51 years)	1	RNU1-3	U1	0
ENCFF654WKZ	ENCSR887HNW	Homo sapiens uterus tissue female adult (51 years)	1	RNU1-4	U1	0
ENCFF654WKZ	ENCSR887HNW	Homo sapiens uterus tissue female adult (51 years)	1	RNU1-2	U1	0
ENCFF654WKZ	ENCSR887HNW	Homo sapiens uterus tissue female adult (51 years)	1	RNU11	U11	0
ENCFF654WKZ	ENCSR887HNW	Homo sapiens uterus tissue female adult (51 years)	1	RNU5F-1	U5	0
ENCFF654WKZ	ENCSR887HNW	Homo sapiens uterus tissue female adult (51 years)	1	RNU5D-1	U5	0
ENCFF654WKZ	ENCSR887HNW	Homo sapiens uterus tissue female adult (51 years)	1	RNU4ATAC	U4atac	2494
ENCFF654WKZ	ENCSR887HNW	Homo sapiens uterus tissue female adult (51 years)	1	RMRP		0
ENCFF654WKZ	ENCSR887HNW	Homo sapiens uterus tissue female adult (51 years)	1	RNU6ATAC	U6atac	12
ENCFF654WKZ	ENCSR887HNW	Homo sapiens uterus tissue female adult (51 years)	1	RNU2-2P	U2	0
ENCFF654WKZ	ENCSR887HNW	Homo sapiens uterus tissue female adult (51 years)	1	RNU7-1	U7	0
ENCFF654WKZ	ENCSR887HNW	Homo sapiens uterus tissue female adult (51 years)	1	RNU4-2	U4	5456
ENCFF654WKZ	ENCSR887HNW	Homo sapiens uterus tissue female adult (51 years)	1	RNU4-1	U4	2993
ENCFF654WKZ	ENCSR887HNW	Homo sapiens uterus tissue female adult (51 years)	1	RPPH1		0
ENCFF654WKZ	ENCSR887HNW	Homo sapiens uterus tissue female adult (51 years)	1	RNU6-7	U6	0
ENCFF654WKZ	ENCSR887HNW	Homo sapiens uterus tissue female adult (51 years)	1	RNU6-8	U6	0
ENCFF654WKZ	ENCSR887HNW	Homo sapiens uterus tissue female adult (51 years)	1	RN7SL1		0
ENCFF654WKZ	ENCSR887HNW	Homo sapiens uterus tissue female adult (51 years)	1	RN7SL2		1347
ENCFF654WKZ	ENCSR887HNW	Homo sapiens uterus tissue female adult (51 years)	1	RNU5A-1	U5	108247
ENCFF654WKZ	ENCSR887HNW	Homo sapiens uterus tissue female adult (51 years)	1	RNU5B-1	U5	21979
ENCFF654WKZ	ENCSR887HNW	Homo sapiens uterus tissue female adult (51 years)	1	RNU6-1	U6	0
ENCFF654WKZ	ENCSR887HNW	Homo sapiens uterus tissue female adult (51 years)	1	RNU2-1	U2	0
ENCFF654WKZ	ENCSR887HNW	Homo sapiens uterus tissue female adult (51 years)	1	RNU6-9	U6	0
ENCFF654WKZ	ENCSR887HNW	Homo sapiens uterus tissue female adult (51 years)	1	RNU6-2	U6	0
ENCFF654WKZ	ENCSR887HNW	Homo sapiens uterus tissue female adult (51 years)	1	RNU12	U12	0
ENCFF845THX	ENCSR359CVC	Homo sapiens thyroid gland tissue female adult (53 years)	1	RNU5E-1	U5	2253
ENCFF845THX	ENCSR359CVC	Homo sapiens thyroid gland tissue female adult (53 years)	1	RNU1-1	U1	0
ENCFF845THX	ENCSR359CVC	Homo sapiens thyroid gland tissue female adult (53 years)	1	RNU1-3	U1	0
ENCFF845THX	ENCSR359CVC	Homo sapiens thyroid gland tissue female adult (53 years)	1	RNU1-4	U1	0
ENCFF845THX	ENCSR359CVC	Homo sapiens thyroid gland tissue female adult (53 years)	1	RNU1-2	U1	0
ENCFF845THX	ENCSR359CVC	Homo sapiens thyroid gland tissue female adult (53 years)	1	RNU11	U11	0
ENCFF845THX	ENCSR359CVC	Homo sapiens thyroid gland tissue female adult (53 years)	1	RNU5F-1	U5	1
ENCFF845THX	ENCSR359CVC	Homo sapiens thyroid gland tissue female adult (53 years)	1	RNU5D-1	U5	39
ENCFF845THX	ENCSR359CVC	Homo sapiens thyroid gland tissue female adult (53 years)	1	RNU4ATAC	U4atac	5639
ENCFF845THX	ENCSR359CVC	Homo sapiens thyroid gland tissue female adult (53 years)	1	RMRP		0
ENCFF845THX	ENCSR359CVC	Homo sapiens thyroid gland tissue female adult (53 years)	1	RNU6ATAC	U6atac	10
ENCFF845THX	ENCSR359CVC	Homo sapiens thyroid gland tissue female adult (53 years)	1	RNU2-2P	U2	0
ENCFF845THX	ENCSR359CVC	Homo sapiens thyroid gland tissue female adult (53 years)	1	RNU7-1	U7	0
ENCFF845THX	ENCSR359CVC	Homo sapiens thyroid gland tissue female adult (53 years)	1	RNU4-2	U4	9610
ENCFF845THX	ENCSR359CVC	Homo sapiens thyroid gland tissue female adult (53 years)	1	RNU4-1	U4	15253
ENCFF845THX	ENCSR359CVC	Homo sapiens thyroid gland tissue female adult (53 years)	1	RPPH1		0
ENCFF845THX	ENCSR359CVC	Homo sapiens thyroid gland tissue female adult (53 years)	1	RNU6-7	U6	5
ENCFF845THX	ENCSR359CVC	Homo sapiens thyroid gland tissue female adult (53 years)	1	RNU6-8	U6	0
ENCFF845THX	ENCSR359CVC	Homo sapiens thyroid gland tissue female adult (53 years)	1	RN7SL1		0
ENCFF845THX	ENCSR359CVC	Homo sapiens thyroid gland tissue female adult (53 years)	1	RN7SL2		1177
ENCFF845THX	ENCSR359CVC	Homo sapiens thyroid gland tissue female adult (53 years)	1	RNU5A-1	U5	214952
ENCFF845THX	ENCSR359CVC	Homo sapiens thyroid gland tissue female adult (53 years)	1	RNU5B-1	U5	38664
ENCFF845THX	ENCSR359CVC	Homo sapiens thyroid gland tissue female adult (53 years)	1	RNU6-1	U6	0
ENCFF845THX	ENCSR359CVC	Homo sapiens thyroid gland tissue female adult (53 years)	1	RNU2-1	U2	0
ENCFF845THX	ENCSR359CVC	Homo sapiens thyroid gland tissue female adult (53 years)	1	RNU6-9	U6	0
ENCFF845THX	ENCSR359CVC	Homo sapiens thyroid gland tissue female adult (53 years)	1	RNU6-2	U6	0
ENCFF845THX	ENCSR359CVC	Homo sapiens thyroid gland tissue female adult (53 years)	1	RNU12	U12	0
ENCFF620YRY	ENCSR626GVP	Homo sapiens testis tissue male adult (54 years)	1	RNU5E-1	U5	3677
ENCFF620YRY	ENCSR626GVP	Homo sapiens testis tissue male adult (54 years)	1	RNU1-1	U1	0
ENCFF620YRY	ENCSR626GVP	Homo sapiens testis tissue male adult (54 years)	1	RNU1-3	U1	0
ENCFF620YRY	ENCSR626GVP	Homo sapiens testis tissue male adult (54 years)	1	RNU1-4	U1	0
ENCFF620YRY	ENCSR626GVP	Homo sapiens testis tissue male adult (54 years)	1	RNU1-2	U1	0
ENCFF620YRY	ENCSR626GVP	Homo sapiens testis tissue male adult (54 years)	1	RNU11	U11	0
ENCFF620YRY	ENCSR626GVP	Homo sapiens testis tissue male adult (54 years)	1	RNU5F-1	U5	22
ENCFF620YRY	ENCSR626GVP	Homo sapiens testis tissue male adult (54 years)	1	RNU5D-1	U5	114
ENCFF620YRY	ENCSR626GVP	Homo sapiens testis tissue male adult (54 years)	1	RNU4ATAC	U4atac	5160
ENCFF620YRY	ENCSR626GVP	Homo sapiens testis tissue male adult (54 years)	1	RMRP		0
ENCFF620YRY	ENCSR626GVP	Homo sapiens testis tissue male adult (54 years)	1	RNU6ATAC	U6atac	25
ENCFF620YRY	ENCSR626GVP	Homo sapiens testis tissue male adult (54 years)	1	RNU2-2P	U2	0
ENCFF620YRY	ENCSR626GVP	Homo sapiens testis tissue male adult (54 years)	1	RNU7-1	U7	0
ENCFF620YRY	ENCSR626GVP	Homo sapiens testis tissue male adult (54 years)	1	RNU4-2	U4	6473
ENCFF620YRY	ENCSR626GVP	Homo sapiens testis tissue male adult (54 years)	1	RNU4-1	U4	14523
ENCFF620YRY	ENCSR626GVP	Homo sapiens testis tissue male adult (54 years)	1	RPPH1		0
ENCFF620YRY	ENCSR626GVP	Homo sapiens testis tissue male adult (54 years)	1	RNU6-7	U6	0
ENCFF620YRY	ENCSR626GVP	Homo sapiens testis tissue male adult (54 years)	1	RNU6-8	U6	0
ENCFF620YRY	ENCSR626GVP	Homo sapiens testis tissue male adult (54 years)	1	RN7SL1		0
ENCFF620YRY	ENCSR626GVP	Homo sapiens testis tissue male adult (54 years)	1	RN7SL2		1686
ENCFF620YRY	ENCSR626GVP	Homo sapiens testis tissue male adult (54 years)	1	RNU5A-1	U5	125464
ENCFF620YRY	ENCSR626GVP	Homo sapiens testis tissue male adult (54 years)	1	RNU5B-1	U5	19823
ENCFF620YRY	ENCSR626GVP	Homo sapiens testis tissue male adult (54 years)	1	RNU6-1	U6	0
ENCFF620YRY	ENCSR626GVP	Homo sapiens testis tissue male adult (54 years)	1	RNU2-1	U2	0
ENCFF620YRY	ENCSR626GVP	Homo sapiens testis tissue male adult (54 years)	1	RNU6-9	U6	0
ENCFF620YRY	ENCSR626GVP	Homo sapiens testis tissue male adult (54 years)	1	RNU6-2	U6	0
ENCFF620YRY	ENCSR626GVP	Homo sapiens testis tissue male adult (54 years)	1	RNU12	U12	0
ENCFF006OUR	ENCSR229WIW	Homo sapiens testis tissue male adult (37 years)	1	RNU5E-1	U5	7446
ENCFF006OUR	ENCSR229WIW	Homo sapiens testis tissue male adult (37 years)	1	RNU1-1	U1	0
ENCFF006OUR	ENCSR229WIW	Homo sapiens testis tissue male adult (37 years)	1	RNU1-3	U1	0
ENCFF006OUR	ENCSR229WIW	Homo sapiens testis tissue male adult (37 years)	1	RNU1-4	U1	0
ENCFF006OUR	ENCSR229WIW	Homo sapiens testis tissue male adult (37 years)	1	RNU1-2	U1	0
ENCFF006OUR	ENCSR229WIW	Homo sapiens testis tissue male adult (37 years)	1	RNU11	U11	0
ENCFF006OUR	ENCSR229WIW	Homo sapiens testis tissue male adult (37 years)	1	RNU5F-1	U5	1
ENCFF006OUR	ENCSR229WIW	Homo sapiens testis tissue male adult (37 years)	1	RNU5D-1	U5	37
ENCFF006OUR	ENCSR229WIW	Homo sapiens testis tissue male adult (37 years)	1	RNU4ATAC	U4atac	3566
ENCFF006OUR	ENCSR229WIW	Homo sapiens testis tissue male adult (37 years)	1	RMRP		0
ENCFF006OUR	ENCSR229WIW	Homo sapiens testis tissue male adult (37 years)	1	RNU6ATAC	U6atac	4
ENCFF006OUR	ENCSR229WIW	Homo sapiens testis tissue male adult (37 years)	1	RNU2-2P	U2	0
ENCFF006OUR	ENCSR229WIW	Homo sapiens testis tissue male adult (37 years)	1	RNU7-1	U7	0
ENCFF006OUR	ENCSR229WIW	Homo sapiens testis tissue male adult (37 years)	1	RNU4-2	U4	6121
ENCFF006OUR	ENCSR229WIW	Homo sapiens testis tissue male adult (37 years)	1	RNU4-1	U4	15922
ENCFF006OUR	ENCSR229WIW	Homo sapiens testis tissue male adult (37 years)	1	RPPH1		0
ENCFF006OUR	ENCSR229WIW	Homo sapiens testis tissue male adult (37 years)	1	RNU6-7	U6	7
ENCFF006OUR	ENCSR229WIW	Homo sapiens testis tissue male adult (37 years)	1	RNU6-8	U6	0
ENCFF006OUR	ENCSR229WIW	Homo sapiens testis tissue male adult (37 years)	1	RN7SL1		0
ENCFF006OUR	ENCSR229WIW	Homo sapiens testis tissue male adult (37 years)	1	RN7SL2		870
ENCFF006OUR	ENCSR229WIW	Homo sapiens testis tissue male adult (37 years)	1	RNU5A-1	U5	116720
ENCFF006OUR	ENCSR229WIW	Homo sapiens testis tissue male adult (37 years)	1	RNU5B-1	U5	21056
ENCFF006OUR	ENCSR229WIW	Homo sapiens testis tissue male adult (37 years)	1	RNU6-1	U6	0
ENCFF006OUR	ENCSR229WIW	Homo sapiens testis tissue male adult (37 years)	1	RNU2-1	U2	0
ENCFF006OUR	ENCSR229WIW	Homo sapiens testis tissue male adult (37 years)	1	RNU6-9	U6	0
ENCFF006OUR	ENCSR229WIW	Homo sapiens testis tissue male adult (37 years)	1	RNU6-2	U6	3
ENCFF006OUR	ENCSR229WIW	Homo sapiens testis tissue male adult (37 years)	1	RNU12	U12	0
ENCFF341MBP	ENCSR203DPX	Homo sapiens tibial nerve tissue male adult (37 years)	1	RNU5E-1	U5	1202
ENCFF341MBP	ENCSR203DPX	Homo sapiens tibial nerve tissue male adult (37 years)	1	RNU1-1	U1	0
ENCFF341MBP	ENCSR203DPX	Homo sapiens tibial nerve tissue male adult (37 years)	1	RNU1-3	U1	0
ENCFF341MBP	ENCSR203DPX	Homo sapiens tibial nerve tissue male adult (37 years)	1	RNU1-4	U1	0
ENCFF341MBP	ENCSR203DPX	Homo sapiens tibial nerve tissue male adult (37 years)	1	RNU1-2	U1	0
ENCFF341MBP	ENCSR203DPX	Homo sapiens tibial nerve tissue male adult (37 years)	1	RNU11	U11	0
ENCFF341MBP	ENCSR203DPX	Homo sapiens tibial nerve tissue male adult (37 years)	1	RNU5F-1	U5	0
ENCFF341MBP	ENCSR203DPX	Homo sapiens tibial nerve tissue male adult (37 years)	1	RNU5D-1	U5	2
ENCFF341MBP	ENCSR203DPX	Homo sapiens tibial nerve tissue male adult (37 years)	1	RNU4ATAC	U4atac	2030
ENCFF341MBP	ENCSR203DPX	Homo sapiens tibial nerve tissue male adult (37 years)	1	RMRP		0
ENCFF341MBP	ENCSR203DPX	Homo sapiens tibial nerve tissue male adult (37 years)	1	RNU6ATAC	U6atac	5
ENCFF341MBP	ENCSR203DPX	Homo sapiens tibial nerve tissue male adult (37 years)	1	RNU2-2P	U2	0
ENCFF341MBP	ENCSR203DPX	Homo sapiens tibial nerve tissue male adult (37 years)	1	RNU7-1	U7	0
ENCFF341MBP	ENCSR203DPX	Homo sapiens tibial nerve tissue male adult (37 years)	1	RNU4-2	U4	8652
ENCFF341MBP	ENCSR203DPX	Homo sapiens tibial nerve tissue male adult (37 years)	1	RNU4-1	U4	7020
ENCFF341MBP	ENCSR203DPX	Homo sapiens tibial nerve tissue male adult (37 years)	1	RPPH1		0
ENCFF341MBP	ENCSR203DPX	Homo sapiens tibial nerve tissue male adult (37 years)	1	RNU6-7	U6	0
ENCFF341MBP	ENCSR203DPX	Homo sapiens tibial nerve tissue male adult (37 years)	1	RNU6-8	U6	0
ENCFF341MBP	ENCSR203DPX	Homo sapiens tibial nerve tissue male adult (37 years)	1	RN7SL1		0
ENCFF341MBP	ENCSR203DPX	Homo sapiens tibial nerve tissue male adult (37 years)	1	RN7SL2		19
ENCFF341MBP	ENCSR203DPX	Homo sapiens tibial nerve tissue male adult (37 years)	1	RNU5A-1	U5	131184
ENCFF341MBP	ENCSR203DPX	Homo sapiens tibial nerve tissue male adult (37 years)	1	RNU5B-1	U5	23886
ENCFF341MBP	ENCSR203DPX	Homo sapiens tibial nerve tissue male adult (37 years)	1	RNU6-1	U6	0
ENCFF341MBP	ENCSR203DPX	Homo sapiens tibial nerve tissue male adult (37 years)	1	RNU2-1	U2	0
ENCFF341MBP	ENCSR203DPX	Homo sapiens tibial nerve tissue male adult (37 years)	1	RNU6-9	U6	0
ENCFF341MBP	ENCSR203DPX	Homo sapiens tibial nerve tissue male adult (37 years)	1	RNU6-2	U6	0
ENCFF341MBP	ENCSR203DPX	Homo sapiens tibial nerve tissue male adult (37 years)	1	RNU12	U12	0
ENCFF415JAJ	ENCSR882DFF	Homo sapiens sigmoid colon tissue female adult (51 years)	1	RNU5E-1	U5	1471
ENCFF415JAJ	ENCSR882DFF	Homo sapiens sigmoid colon tissue female adult (51 years)	1	RNU1-1	U1	0
ENCFF415JAJ	ENCSR882DFF	Homo sapiens sigmoid colon tissue female adult (51 years)	1	RNU1-3	U1	0
ENCFF415JAJ	ENCSR882DFF	Homo sapiens sigmoid colon tissue female adult (51 years)	1	RNU1-4	U1	0
ENCFF415JAJ	ENCSR882DFF	Homo sapiens sigmoid colon tissue female adult (51 years)	1	RNU1-2	U1	0
ENCFF415JAJ	ENCSR882DFF	Homo sapiens sigmoid colon tissue female adult (51 years)	1	RNU11	U11	0
ENCFF415JAJ	ENCSR882DFF	Homo sapiens sigmoid colon tissue female adult (51 years)	1	RNU5F-1	U5	2
ENCFF415JAJ	ENCSR882DFF	Homo sapiens sigmoid colon tissue female adult (51 years)	1	RNU5D-1	U5	30
ENCFF415JAJ	ENCSR882DFF	Homo sapiens sigmoid colon tissue female adult (51 years)	1	RNU4ATAC	U4atac	1165
ENCFF415JAJ	ENCSR882DFF	Homo sapiens sigmoid colon tissue female adult (51 years)	1	RMRP		0
ENCFF415JAJ	ENCSR882DFF	Homo sapiens sigmoid colon tissue female adult (51 years)	1	RNU6ATAC	U6atac	0
ENCFF415JAJ	ENCSR882DFF	Homo sapiens sigmoid colon tissue female adult (51 years)	1	RNU2-2P	U2	0
ENCFF415JAJ	ENCSR882DFF	Homo sapiens sigmoid colon tissue female adult (51 years)	1	RNU7-1	U7	0
ENCFF415JAJ	ENCSR882DFF	Homo sapiens sigmoid colon tissue female adult (51 years)	1	RNU4-2	U4	2359
ENCFF415JAJ	ENCSR882DFF	Homo sapiens sigmoid colon tissue female adult (51 years)	1	RNU4-1	U4	1079
ENCFF415JAJ	ENCSR882DFF	Homo sapiens sigmoid colon tissue female adult (51 years)	1	RPPH1		0
ENCFF415JAJ	ENCSR882DFF	Homo sapiens sigmoid colon tissue female adult (51 years)	1	RNU6-7	U6	0
ENCFF415JAJ	ENCSR882DFF	Homo sapiens sigmoid colon tissue female adult (51 years)	1	RNU6-8	U6	0
ENCFF415JAJ	ENCSR882DFF	Homo sapiens sigmoid colon tissue female adult (51 years)	1	RN7SL1		0
ENCFF415JAJ	ENCSR882DFF	Homo sapiens sigmoid colon tissue female adult (51 years)	1	RN7SL2		738
ENCFF415JAJ	ENCSR882DFF	Homo sapiens sigmoid colon tissue female adult (51 years)	1	RNU5A-1	U5	1713807
ENCFF415JAJ	ENCSR882DFF	Homo sapiens sigmoid colon tissue female adult (51 years)	1	RNU5B-1	U5	214137
ENCFF415JAJ	ENCSR882DFF	Homo sapiens sigmoid colon tissue female adult (51 years)	1	RNU6-1	U6	0
ENCFF415JAJ	ENCSR882DFF	Homo sapiens sigmoid colon tissue female adult (51 years)	1	RNU2-1	U2	0
ENCFF415JAJ	ENCSR882DFF	Homo sapiens sigmoid colon tissue female adult (51 years)	1	RNU6-9	U6	0
ENCFF415JAJ	ENCSR882DFF	Homo sapiens sigmoid colon tissue female adult (51 years)	1	RNU6-2	U6	0
ENCFF415JAJ	ENCSR882DFF	Homo sapiens sigmoid colon tissue female adult (51 years)	1	RNU12	U12	0
ENCFF449VAP	ENCSR635SLB	Homo sapiens sigmoid colon tissue female adult (53 years)	1	RNU5E-1	U5	2876
ENCFF449VAP	ENCSR635SLB	Homo sapiens sigmoid colon tissue female adult (53 years)	1	RNU1-1	U1	0
ENCFF449VAP	ENCSR635SLB	Homo sapiens sigmoid colon tissue female adult (53 years)	1	RNU1-3	U1	0
ENCFF449VAP	ENCSR635SLB	Homo sapiens sigmoid colon tissue female adult (53 years)	1	RNU1-4	U1	0
ENCFF449VAP	ENCSR635SLB	Homo sapiens sigmoid colon tissue female adult (53 years)	1	RNU1-2	U1	0
ENCFF449VAP	ENCSR635SLB	Homo sapiens sigmoid colon tissue female adult (53 years)	1	RNU11	U11	0
ENCFF449VAP	ENCSR635SLB	Homo sapiens sigmoid colon tissue female adult (53 years)	1	RNU5F-1	U5	0
ENCFF449VAP	ENCSR635SLB	Homo sapiens sigmoid colon tissue female adult (53 years)	1	RNU5D-1	U5	42
ENCFF449VAP	ENCSR635SLB	Homo sapiens sigmoid colon tissue female adult (53 years)	1	RNU4ATAC	U4atac	3639
ENCFF449VAP	ENCSR635SLB	Homo sapiens sigmoid colon tissue female adult (53 years)	1	RMRP		0
ENCFF449VAP	ENCSR635SLB	Homo sapiens sigmoid colon tissue female adult (53 years)	1	RNU6ATAC	U6atac	33
ENCFF449VAP	ENCSR635SLB	Homo sapiens sigmoid colon tissue female adult (53 years)	1	RNU2-2P	U2	0
ENCFF449VAP	ENCSR635SLB	Homo sapiens sigmoid colon tissue female adult (53 years)	1	RNU7-1	U7	0
ENCFF449VAP	ENCSR635SLB	Homo sapiens sigmoid colon tissue female adult (53 years)	1	RNU4-2	U4	10287
ENCFF449VAP	ENCSR635SLB	Homo sapiens sigmoid colon tissue female adult (53 years)	1	RNU4-1	U4	10120
ENCFF449VAP	ENCSR635SLB	Homo sapiens sigmoid colon tissue female adult (53 years)	1	RPPH1		0
ENCFF449VAP	ENCSR635SLB	Homo sapiens sigmoid colon tissue female adult (53 years)	1	RNU6-7	U6	0
ENCFF449VAP	ENCSR635SLB	Homo sapiens sigmoid colon tissue female adult (53 years)	1	RNU6-8	U6	0
ENCFF449VAP	ENCSR635SLB	Homo sapiens sigmoid colon tissue female adult (53 years)	1	RN7SL1		0
ENCFF449VAP	ENCSR635SLB	Homo sapiens sigmoid colon tissue female adult (53 years)	1	RN7SL2		1015
ENCFF449VAP	ENCSR635SLB	Homo sapiens sigmoid colon tissue female adult (53 years)	1	RNU5A-1	U5	145490
ENCFF449VAP	ENCSR635SLB	Homo sapiens sigmoid colon tissue female adult (53 years)	1	RNU5B-1	U5	29413
ENCFF449VAP	ENCSR635SLB	Homo sapiens sigmoid colon tissue female adult (53 years)	1	RNU6-1	U6	0
ENCFF449VAP	ENCSR635SLB	Homo sapiens sigmoid colon tissue female adult (53 years)	1	RNU2-1	U2	0
ENCFF449VAP	ENCSR635SLB	Homo sapiens sigmoid colon tissue female adult (53 years)	1	RNU6-9	U6	10
ENCFF449VAP	ENCSR635SLB	Homo sapiens sigmoid colon tissue female adult (53 years)	1	RNU6-2	U6	0
ENCFF449VAP	ENCSR635SLB	Homo sapiens sigmoid colon tissue female adult (53 years)	1	RNU12	U12	0
ENCFF521XIC	ENCSR968DMR	Homo sapiens sigmoid colon tissue male adult (54 years)	1	RNU5E-1	U5	24006
ENCFF521XIC	ENCSR968DMR	Homo sapiens sigmoid colon tissue male adult (54 years)	1	RNU1-1	U1	0
ENCFF521XIC	ENCSR968DMR	Homo sapiens sigmoid colon tissue male adult (54 years)	1	RNU1-3	U1	0
ENCFF521XIC	ENCSR968DMR	Homo sapiens sigmoid colon tissue male adult (54 years)	1	RNU1-4	U1	0
ENCFF521XIC	ENCSR968DMR	Homo sapiens sigmoid colon tissue male adult (54 years)	1	RNU1-2	U1	0
ENCFF521XIC	ENCSR968DMR	Homo sapiens sigmoid colon tissue male adult (54 years)	1	RNU11	U11	0
ENCFF521XIC	ENCSR968DMR	Homo sapiens sigmoid colon tissue male adult (54 years)	1	RNU5F-1	U5	7
ENCFF521XIC	ENCSR968DMR	Homo sapiens sigmoid colon tissue male adult (54 years)	1	RNU5D-1	U5	194
ENCFF521XIC	ENCSR968DMR	Homo sapiens sigmoid colon tissue male adult (54 years)	1	RNU4ATAC	U4atac	6815
ENCFF521XIC	ENCSR968DMR	Homo sapiens sigmoid colon tissue male adult (54 years)	1	RMRP		0
ENCFF521XIC	ENCSR968DMR	Homo sapiens sigmoid colon tissue male adult (54 years)	1	RNU6ATAC	U6atac	24
ENCFF521XIC	ENCSR968DMR	Homo sapiens sigmoid colon tissue male adult (54 years)	1	RNU2-2P	U2	0
ENCFF521XIC	ENCSR968DMR	Homo sapiens sigmoid colon tissue male adult (54 years)	1	RNU7-1	U7	0
ENCFF521XIC	ENCSR968DMR	Homo sapiens sigmoid colon tissue male adult (54 years)	1	RNU4-2	U4	14348
ENCFF521XIC	ENCSR968DMR	Homo sapiens sigmoid colon tissue male adult (54 years)	1	RNU4-1	U4	10986
ENCFF521XIC	ENCSR968DMR	Homo sapiens sigmoid colon tissue male adult (54 years)	1	RPPH1		0
ENCFF521XIC	ENCSR968DMR	Homo sapiens sigmoid colon tissue male adult (54 years)	1	RNU6-7	U6	0
ENCFF521XIC	ENCSR968DMR	Homo sapiens sigmoid colon tissue male adult (54 years)	1	RNU6-8	U6	0
ENCFF521XIC	ENCSR968DMR	Homo sapiens sigmoid colon tissue male adult (54 years)	1	RN7SL1		0
ENCFF521XIC	ENCSR968DMR	Homo sapiens sigmoid colon tissue male adult (54 years)	1	RN7SL2		67
ENCFF521XIC	ENCSR968DMR	Homo sapiens sigmoid colon tissue male adult (54 years)	1	RNU5A-1	U5	5416404
ENCFF521XIC	ENCSR968DMR	Homo sapiens sigmoid colon tissue male adult (54 years)	1	RNU5B-1	U5	790128
ENCFF521XIC	ENCSR968DMR	Homo sapiens sigmoid colon tissue male adult (54 years)	1	RNU6-1	U6	0
ENCFF521XIC	ENCSR968DMR	Homo sapiens sigmoid colon tissue male adult (54 years)	1	RNU2-1	U2	0
ENCFF521XIC	ENCSR968DMR	Homo sapiens sigmoid colon tissue male adult (54 years)	1	RNU6-9	U6	0
ENCFF521XIC	ENCSR968DMR	Homo sapiens sigmoid colon tissue male adult (54 years)	1	RNU6-2	U6	10
ENCFF521XIC	ENCSR968DMR	Homo sapiens sigmoid colon tissue male adult (54 years)	1	RNU12	U12	0
ENCFF045KNK	ENCSR880LXP	Homo sapiens sigmoid colon tissue male adult (37 years)	1	RNU5E-1	U5	2291
ENCFF045KNK	ENCSR880LXP	Homo sapiens sigmoid colon tissue male adult (37 years)	1	RNU1-1	U1	0
ENCFF045KNK	ENCSR880LXP	Homo sapiens sigmoid colon tissue male adult (37 years)	1	RNU1-3	U1	0
ENCFF045KNK	ENCSR880LXP	Homo sapiens sigmoid colon tissue male adult (37 years)	1	RNU1-4	U1	0
ENCFF045KNK	ENCSR880LXP	Homo sapiens sigmoid colon tissue male adult (37 years)	1	RNU1-2	U1	0
ENCFF045KNK	ENCSR880LXP	Homo sapiens sigmoid colon tissue male adult (37 years)	1	RNU11	U11	0
ENCFF045KNK	ENCSR880LXP	Homo sapiens sigmoid colon tissue male adult (37 years)	1	RNU5F-1	U5	0
ENCFF045KNK	ENCSR880LXP	Homo sapiens sigmoid colon tissue male adult (37 years)	1	RNU5D-1	U5	4
ENCFF045KNK	ENCSR880LXP	Homo sapiens sigmoid colon tissue male adult (37 years)	1	RNU4ATAC	U4atac	1085
ENCFF045KNK	ENCSR880LXP	Homo sapiens sigmoid colon tissue male adult (37 years)	1	RMRP		0
ENCFF045KNK	ENCSR880LXP	Homo sapiens sigmoid colon tissue male adult (37 years)	1	RNU6ATAC	U6atac	12
ENCFF045KNK	ENCSR880LXP	Homo sapiens sigmoid colon tissue male adult (37 years)	1	RNU2-2P	U2	0
ENCFF045KNK	ENCSR880LXP	Homo sapiens sigmoid colon tissue male adult (37 years)	1	RNU7-1	U7	0
ENCFF045KNK	ENCSR880LXP	Homo sapiens sigmoid colon tissue male adult (37 years)	1	RNU4-2	U4	5978
ENCFF045KNK	ENCSR880LXP	Homo sapiens sigmoid colon tissue male adult (37 years)	1	RNU4-1	U4	15621
ENCFF045KNK	ENCSR880LXP	Homo sapiens sigmoid colon tissue male adult (37 years)	1	RPPH1		0
ENCFF045KNK	ENCSR880LXP	Homo sapiens sigmoid colon tissue male adult (37 years)	1	RNU6-7	U6	0
ENCFF045KNK	ENCSR880LXP	Homo sapiens sigmoid colon tissue male adult (37 years)	1	RNU6-8	U6	0
ENCFF045KNK	ENCSR880LXP	Homo sapiens sigmoid colon tissue male adult (37 years)	1	RN7SL1		0
ENCFF045KNK	ENCSR880LXP	Homo sapiens sigmoid colon tissue male adult (37 years)	1	RN7SL2		16
ENCFF045KNK	ENCSR880LXP	Homo sapiens sigmoid colon tissue male adult (37 years)	1	RNU5A-1	U5	68530
ENCFF045KNK	ENCSR880LXP	Homo sapiens sigmoid colon tissue male adult (37 years)	1	RNU5B-1	U5	19045
ENCFF045KNK	ENCSR880LXP	Homo sapiens sigmoid colon tissue male adult (37 years)	1	RNU6-1	U6	0
ENCFF045KNK	ENCSR880LXP	Homo sapiens sigmoid colon tissue male adult (37 years)	1	RNU2-1	U2	0
ENCFF045KNK	ENCSR880LXP	Homo sapiens sigmoid colon tissue male adult (37 years)	1	RNU6-9	U6	0
ENCFF045KNK	ENCSR880LXP	Homo sapiens sigmoid colon tissue male adult (37 years)	1	RNU6-2	U6	0
ENCFF045KNK	ENCSR880LXP	Homo sapiens sigmoid colon tissue male adult (37 years)	1	RNU12	U12	0
ENCFF656EZP	ENCSR083HYC	Homo sapiens trophoblast cell originated from H1	1	RNU5E-1	U5	6712
ENCFF656EZP	ENCSR083HYC	Homo sapiens trophoblast cell originated from H1	1	RNU1-1	U1	0
ENCFF656EZP	ENCSR083HYC	Homo sapiens trophoblast cell originated from H1	1	RNU1-3	U1	0
ENCFF656EZP	ENCSR083HYC	Homo sapiens trophoblast cell originated from H1	1	RNU1-4	U1	0
ENCFF656EZP	ENCSR083HYC	Homo sapiens trophoblast cell originated from H1	1	RNU1-2	U1	0
ENCFF656EZP	ENCSR083HYC	Homo sapiens trophoblast cell originated from H1	1	RNU11	U11	0
ENCFF656EZP	ENCSR083HYC	Homo sapiens trophoblast cell originated from H1	1	RNU5F-1	U5	50
ENCFF656EZP	ENCSR083HYC	Homo sapiens trophoblast cell originated from H1	1	RNU5D-1	U5	90
ENCFF656EZP	ENCSR083HYC	Homo sapiens trophoblast cell originated from H1	1	RNU4ATAC	U4atac	748
ENCFF656EZP	ENCSR083HYC	Homo sapiens trophoblast cell originated from H1	1	RMRP		0
ENCFF656EZP	ENCSR083HYC	Homo sapiens trophoblast cell originated from H1	1	RNU6ATAC	U6atac	5
ENCFF656EZP	ENCSR083HYC	Homo sapiens trophoblast cell originated from H1	1	RNU2-2P	U2	0
ENCFF656EZP	ENCSR083HYC	Homo sapiens trophoblast cell originated from H1	1	RNU7-1	U7	0
ENCFF656EZP	ENCSR083HYC	Homo sapiens trophoblast cell originated from H1	1	RNU4-2	U4	2188
ENCFF656EZP	ENCSR083HYC	Homo sapiens trophoblast cell originated from H1	1	RNU4-1	U4	8849
ENCFF656EZP	ENCSR083HYC	Homo sapiens trophoblast cell originated from H1	1	RPPH1		0
ENCFF656EZP	ENCSR083HYC	Homo sapiens trophoblast cell originated from H1	1	RNU6-7	U6	0
ENCFF656EZP	ENCSR083HYC	Homo sapiens trophoblast cell originated from H1	1	RNU6-8	U6	2
ENCFF656EZP	ENCSR083HYC	Homo sapiens trophoblast cell originated from H1	1	RN7SL1		0
ENCFF656EZP	ENCSR083HYC	Homo sapiens trophoblast cell originated from H1	1	RN7SL2		0
ENCFF656EZP	ENCSR083HYC	Homo sapiens trophoblast cell originated from H1	1	RNU5A-1	U5	7756
ENCFF656EZP	ENCSR083HYC	Homo sapiens trophoblast cell originated from H1	1	RNU5B-1	U5	849
ENCFF656EZP	ENCSR083HYC	Homo sapiens trophoblast cell originated from H1	1	RNU6-1	U6	1
ENCFF656EZP	ENCSR083HYC	Homo sapiens trophoblast cell originated from H1	1	RNU2-1	U2	0
ENCFF656EZP	ENCSR083HYC	Homo sapiens trophoblast cell originated from H1	1	RNU6-9	U6	2
ENCFF656EZP	ENCSR083HYC	Homo sapiens trophoblast cell originated from H1	1	RNU6-2	U6	4
ENCFF656EZP	ENCSR083HYC	Homo sapiens trophoblast cell originated from H1	1	RNU12	U12	0
ENCFF971LGB	ENCSR083HYC	Homo sapiens trophoblast cell originated from H1	2	RNU5E-1	U5	7450
ENCFF971LGB	ENCSR083HYC	Homo sapiens trophoblast cell originated from H1	2	RNU1-1	U1	0
ENCFF971LGB	ENCSR083HYC	Homo sapiens trophoblast cell originated from H1	2	RNU1-3	U1	0
ENCFF971LGB	ENCSR083HYC	Homo sapiens trophoblast cell originated from H1	2	RNU1-4	U1	0
ENCFF971LGB	ENCSR083HYC	Homo sapiens trophoblast cell originated from H1	2	RNU1-2	U1	1
ENCFF971LGB	ENCSR083HYC	Homo sapiens trophoblast cell originated from H1	2	RNU11	U11	0
ENCFF971LGB	ENCSR083HYC	Homo sapiens trophoblast cell originated from H1	2	RNU5F-1	U5	66
ENCFF971LGB	ENCSR083HYC	Homo sapiens trophoblast cell originated from H1	2	RNU5D-1	U5	91
ENCFF971LGB	ENCSR083HYC	Homo sapiens trophoblast cell originated from H1	2	RNU4ATAC	U4atac	984
ENCFF971LGB	ENCSR083HYC	Homo sapiens trophoblast cell originated from H1	2	RMRP		0
ENCFF971LGB	ENCSR083HYC	Homo sapiens trophoblast cell originated from H1	2	RNU6ATAC	U6atac	13
ENCFF971LGB	ENCSR083HYC	Homo sapiens trophoblast cell originated from H1	2	RNU2-2P	U2	0
ENCFF971LGB	ENCSR083HYC	Homo sapiens trophoblast cell originated from H1	2	RNU7-1	U7	0
ENCFF971LGB	ENCSR083HYC	Homo sapiens trophoblast cell originated from H1	2	RNU4-2	U4	2333
ENCFF971LGB	ENCSR083HYC	Homo sapiens trophoblast cell originated from H1	2	RNU4-1	U4	10501
ENCFF971LGB	ENCSR083HYC	Homo sapiens trophoblast cell originated from H1	2	RPPH1		0
ENCFF971LGB	ENCSR083HYC	Homo sapiens trophoblast cell originated from H1	2	RNU6-7	U6	0
ENCFF971LGB	ENCSR083HYC	Homo sapiens trophoblast cell originated from H1	2	RNU6-8	U6	1
ENCFF971LGB	ENCSR083HYC	Homo sapiens trophoblast cell originated from H1	2	RN7SL1		0
ENCFF971LGB	ENCSR083HYC	Homo sapiens trophoblast cell originated from H1	2	RN7SL2		1
ENCFF971LGB	ENCSR083HYC	Homo sapiens trophoblast cell originated from H1	2	RNU5A-1	U5	9198
ENCFF971LGB	ENCSR083HYC	Homo sapiens trophoblast cell originated from H1	2	RNU5B-1	U5	1057
ENCFF971LGB	ENCSR083HYC	Homo sapiens trophoblast cell originated from H1	2	RNU6-1	U6	1
ENCFF971LGB	ENCSR083HYC	Homo sapiens trophoblast cell originated from H1	2	RNU2-1	U2	0
ENCFF971LGB	ENCSR083HYC	Homo sapiens trophoblast cell originated from H1	2	RNU6-9	U6	1
ENCFF971LGB	ENCSR083HYC	Homo sapiens trophoblast cell originated from H1	2	RNU6-2	U6	3
ENCFF971LGB	ENCSR083HYC	Homo sapiens trophoblast cell originated from H1	2	RNU12	U12	0
ENCFF818YXO	ENCSR494ATA	Homo sapiens mesendoderm originated from H1	1	RNU5E-1	U5	3868
ENCFF818YXO	ENCSR494ATA	Homo sapiens mesendoderm originated from H1	1	RNU1-1	U1	0
ENCFF818YXO	ENCSR494ATA	Homo sapiens mesendoderm originated from H1	1	RNU1-3	U1	0
ENCFF818YXO	ENCSR494ATA	Homo sapiens mesendoderm originated from H1	1	RNU1-4	U1	0
ENCFF818YXO	ENCSR494ATA	Homo sapiens mesendoderm originated from H1	1	RNU1-2	U1	0
ENCFF818YXO	ENCSR494ATA	Homo sapiens mesendoderm originated from H1	1	RNU11	U11	0
ENCFF818YXO	ENCSR494ATA	Homo sapiens mesendoderm originated from H1	1	RNU5F-1	U5	86
ENCFF818YXO	ENCSR494ATA	Homo sapiens mesendoderm originated from H1	1	RNU5D-1	U5	139
ENCFF818YXO	ENCSR494ATA	Homo sapiens mesendoderm originated from H1	1	RNU4ATAC	U4atac	481
ENCFF818YXO	ENCSR494ATA	Homo sapiens mesendoderm originated from H1	1	RMRP		0
ENCFF818YXO	ENCSR494ATA	Homo sapiens mesendoderm originated from H1	1	RNU6ATAC	U6atac	15
ENCFF818YXO	ENCSR494ATA	Homo sapiens mesendoderm originated from H1	1	RNU2-2P	U2	0
ENCFF818YXO	ENCSR494ATA	Homo sapiens mesendoderm originated from H1	1	RNU7-1	U7	0
ENCFF818YXO	ENCSR494ATA	Homo sapiens mesendoderm originated from H1	1	RNU4-2	U4	2081
ENCFF818YXO	ENCSR494ATA	Homo sapiens mesendoderm originated from H1	1	RNU4-1	U4	10732
ENCFF818YXO	ENCSR494ATA	Homo sapiens mesendoderm originated from H1	1	RPPH1		0
ENCFF818YXO	ENCSR494ATA	Homo sapiens mesendoderm originated from H1	1	RNU6-7	U6	1
ENCFF818YXO	ENCSR494ATA	Homo sapiens mesendoderm originated from H1	1	RNU6-8	U6	0
ENCFF818YXO	ENCSR494ATA	Homo sapiens mesendoderm originated from H1	1	RN7SL1		0
ENCFF818YXO	ENCSR494ATA	Homo sapiens mesendoderm originated from H1	1	RN7SL2		0
ENCFF818YXO	ENCSR494ATA	Homo sapiens mesendoderm originated from H1	1	RNU5A-1	U5	4203
ENCFF818YXO	ENCSR494ATA	Homo sapiens mesendoderm originated from H1	1	RNU5B-1	U5	442
ENCFF818YXO	ENCSR494ATA	Homo sapiens mesendoderm originated from H1	1	RNU6-1	U6	1
ENCFF818YXO	ENCSR494ATA	Homo sapiens mesendoderm originated from H1	1	RNU2-1	U2	0
ENCFF818YXO	ENCSR494ATA	Homo sapiens mesendoderm originated from H1	1	RNU6-9	U6	5
ENCFF818YXO	ENCSR494ATA	Homo sapiens mesendoderm originated from H1	1	RNU6-2	U6	1
ENCFF818YXO	ENCSR494ATA	Homo sapiens mesendoderm originated from H1	1	RNU12	U12	0
ENCFF070TTE	ENCSR494ATA	Homo sapiens mesendoderm originated from H1	2	RNU5E-1	U5	10920
ENCFF070TTE	ENCSR494ATA	Homo sapiens mesendoderm originated from H1	2	RNU1-1	U1	0
ENCFF070TTE	ENCSR494ATA	Homo sapiens mesendoderm originated from H1	2	RNU1-3	U1	0
ENCFF070TTE	ENCSR494ATA	Homo sapiens mesendoderm originated from H1	2	RNU1-4	U1	0
ENCFF070TTE	ENCSR494ATA	Homo sapiens mesendoderm originated from H1	2	RNU1-2	U1	0
ENCFF070TTE	ENCSR494ATA	Homo sapiens mesendoderm originated from H1	2	RNU11	U11	0
ENCFF070TTE	ENCSR494ATA	Homo sapiens mesendoderm originated from H1	2	RNU5F-1	U5	92
ENCFF070TTE	ENCSR494ATA	Homo sapiens mesendoderm originated from H1	2	RNU5D-1	U5	159
ENCFF070TTE	ENCSR494ATA	Homo sapiens mesendoderm originated from H1	2	RNU4ATAC	U4atac	757
ENCFF070TTE	ENCSR494ATA	Homo sapiens mesendoderm originated from H1	2	RMRP		0
ENCFF070TTE	ENCSR494ATA	Homo sapiens mesendoderm originated from H1	2	RNU6ATAC	U6atac	18
ENCFF070TTE	ENCSR494ATA	Homo sapiens mesendoderm originated from H1	2	RNU2-2P	U2	0
ENCFF070TTE	ENCSR494ATA	Homo sapiens mesendoderm originated from H1	2	RNU7-1	U7	0
ENCFF070TTE	ENCSR494ATA	Homo sapiens mesendoderm originated from H1	2	RNU4-2	U4	3147
ENCFF070TTE	ENCSR494ATA	Homo sapiens mesendoderm originated from H1	2	RNU4-1	U4	14802
ENCFF070TTE	ENCSR494ATA	Homo sapiens mesendoderm originated from H1	2	RPPH1		0
ENCFF070TTE	ENCSR494ATA	Homo sapiens mesendoderm originated from H1	2	RNU6-7	U6	0
ENCFF070TTE	ENCSR494ATA	Homo sapiens mesendoderm originated from H1	2	RNU6-8	U6	4
ENCFF070TTE	ENCSR494ATA	Homo sapiens mesendoderm originated from H1	2	RN7SL1		0
ENCFF070TTE	ENCSR494ATA	Homo sapiens mesendoderm originated from H1	2	RN7SL2		3
ENCFF070TTE	ENCSR494ATA	Homo sapiens mesendoderm originated from H1	2	RNU5A-1	U5	8606
ENCFF070TTE	ENCSR494ATA	Homo sapiens mesendoderm originated from H1	2	RNU5B-1	U5	904
ENCFF070TTE	ENCSR494ATA	Homo sapiens mesendoderm originated from H1	2	RNU6-1	U6	1
ENCFF070TTE	ENCSR494ATA	Homo sapiens mesendoderm originated from H1	2	RNU2-1	U2	0
ENCFF070TTE	ENCSR494ATA	Homo sapiens mesendoderm originated from H1	2	RNU6-9	U6	4
ENCFF070TTE	ENCSR494ATA	Homo sapiens mesendoderm originated from H1	2	RNU6-2	U6	2
ENCFF070TTE	ENCSR494ATA	Homo sapiens mesendoderm originated from H1	2	RNU12	U12	0
ENCFF440POG	ENCSR911GQI	Homo sapiens H1	2	RNU5E-1	U5	7747
ENCFF440POG	ENCSR911GQI	Homo sapiens H1	2	RNU1-1	U1	0
ENCFF440POG	ENCSR911GQI	Homo sapiens H1	2	RNU1-3	U1	0
ENCFF440POG	ENCSR911GQI	Homo sapiens H1	2	RNU1-4	U1	0
ENCFF440POG	ENCSR911GQI	Homo sapiens H1	2	RNU1-2	U1	0
ENCFF440POG	ENCSR911GQI	Homo sapiens H1	2	RNU11	U11	0
ENCFF440POG	ENCSR911GQI	Homo sapiens H1	2	RNU5F-1	U5	140
ENCFF440POG	ENCSR911GQI	Homo sapiens H1	2	RNU5D-1	U5	240
ENCFF440POG	ENCSR911GQI	Homo sapiens H1	2	RNU4ATAC	U4atac	632
ENCFF440POG	ENCSR911GQI	Homo sapiens H1	2	RMRP		0
ENCFF440POG	ENCSR911GQI	Homo sapiens H1	2	RNU6ATAC	U6atac	43
ENCFF440POG	ENCSR911GQI	Homo sapiens H1	2	RNU2-2P	U2	0
ENCFF440POG	ENCSR911GQI	Homo sapiens H1	2	RNU7-1	U7	0
ENCFF440POG	ENCSR911GQI	Homo sapiens H1	2	RNU4-2	U4	2190
ENCFF440POG	ENCSR911GQI	Homo sapiens H1	2	RNU4-1	U4	9743
ENCFF440POG	ENCSR911GQI	Homo sapiens H1	2	RPPH1		0
ENCFF440POG	ENCSR911GQI	Homo sapiens H1	2	RNU6-7	U6	2
ENCFF440POG	ENCSR911GQI	Homo sapiens H1	2	RNU6-8	U6	1
ENCFF440POG	ENCSR911GQI	Homo sapiens H1	2	RN7SL1		0
ENCFF440POG	ENCSR911GQI	Homo sapiens H1	2	RN7SL2		3
ENCFF440POG	ENCSR911GQI	Homo sapiens H1	2	RNU5A-1	U5	8099
ENCFF440POG	ENCSR911GQI	Homo sapiens H1	2	RNU5B-1	U5	705
ENCFF440POG	ENCSR911GQI	Homo sapiens H1	2	RNU6-1	U6	1
ENCFF440POG	ENCSR911GQI	Homo sapiens H1	2	RNU2-1	U2	0
ENCFF440POG	ENCSR911GQI	Homo sapiens H1	2	RNU6-9	U6	2
ENCFF440POG	ENCSR911GQI	Homo sapiens H1	2	RNU6-2	U6	6
ENCFF440POG	ENCSR911GQI	Homo sapiens H1	2	RNU12	U12	0
ENCFF339TEH	ENCSR911GQI	Homo sapiens H1	1	RNU5E-1	U5	6353
ENCFF339TEH	ENCSR911GQI	Homo sapiens H1	1	RNU1-1	U1	0
ENCFF339TEH	ENCSR911GQI	Homo sapiens H1	1	RNU1-3	U1	0
ENCFF339TEH	ENCSR911GQI	Homo sapiens H1	1	RNU1-4	U1	0
ENCFF339TEH	ENCSR911GQI	Homo sapiens H1	1	RNU1-2	U1	0
ENCFF339TEH	ENCSR911GQI	Homo sapiens H1	1	RNU11	U11	1
ENCFF339TEH	ENCSR911GQI	Homo sapiens H1	1	RNU5F-1	U5	143
ENCFF339TEH	ENCSR911GQI	Homo sapiens H1	1	RNU5D-1	U5	214
ENCFF339TEH	ENCSR911GQI	Homo sapiens H1	1	RNU4ATAC	U4atac	519
ENCFF339TEH	ENCSR911GQI	Homo sapiens H1	1	RMRP		0
ENCFF339TEH	ENCSR911GQI	Homo sapiens H1	1	RNU6ATAC	U6atac	25
ENCFF339TEH	ENCSR911GQI	Homo sapiens H1	1	RNU2-2P	U2	0
ENCFF339TEH	ENCSR911GQI	Homo sapiens H1	1	RNU7-1	U7	0
ENCFF339TEH	ENCSR911GQI	Homo sapiens H1	1	RNU4-2	U4	2334
ENCFF339TEH	ENCSR911GQI	Homo sapiens H1	1	RNU4-1	U4	10215
ENCFF339TEH	ENCSR911GQI	Homo sapiens H1	1	RPPH1		0
ENCFF339TEH	ENCSR911GQI	Homo sapiens H1	1	RNU6-7	U6	0
ENCFF339TEH	ENCSR911GQI	Homo sapiens H1	1	RNU6-8	U6	1
ENCFF339TEH	ENCSR911GQI	Homo sapiens H1	1	RN7SL1		0
ENCFF339TEH	ENCSR911GQI	Homo sapiens H1	1	RN7SL2		1
ENCFF339TEH	ENCSR911GQI	Homo sapiens H1	1	RNU5A-1	U5	6350
ENCFF339TEH	ENCSR911GQI	Homo sapiens H1	1	RNU5B-1	U5	585
ENCFF339TEH	ENCSR911GQI	Homo sapiens H1	1	RNU6-1	U6	0
ENCFF339TEH	ENCSR911GQI	Homo sapiens H1	1	RNU2-1	U2	0
ENCFF339TEH	ENCSR911GQI	Homo sapiens H1	1	RNU6-9	U6	1
ENCFF339TEH	ENCSR911GQI	Homo sapiens H1	1	RNU6-2	U6	4
ENCFF339TEH	ENCSR911GQI	Homo sapiens H1	1	RNU12	U12	0
ENCFF156KCX	ENCSR586TYR	Homo sapiens mesenchymal stem cell originated from H1	1	RNU5E-1	U5	1947
ENCFF156KCX	ENCSR586TYR	Homo sapiens mesenchymal stem cell originated from H1	1	RNU1-1	U1	0
ENCFF156KCX	ENCSR586TYR	Homo sapiens mesenchymal stem cell originated from H1	1	RNU1-3	U1	0
ENCFF156KCX	ENCSR586TYR	Homo sapiens mesenchymal stem cell originated from H1	1	RNU1-4	U1	0
ENCFF156KCX	ENCSR586TYR	Homo sapiens mesenchymal stem cell originated from H1	1	RNU1-2	U1	0
ENCFF156KCX	ENCSR586TYR	Homo sapiens mesenchymal stem cell originated from H1	1	RNU11	U11	0
ENCFF156KCX	ENCSR586TYR	Homo sapiens mesenchymal stem cell originated from H1	1	RNU5F-1	U5	33
ENCFF156KCX	ENCSR586TYR	Homo sapiens mesenchymal stem cell originated from H1	1	RNU5D-1	U5	21
ENCFF156KCX	ENCSR586TYR	Homo sapiens mesenchymal stem cell originated from H1	1	RNU4ATAC	U4atac	661
ENCFF156KCX	ENCSR586TYR	Homo sapiens mesenchymal stem cell originated from H1	1	RMRP		0
ENCFF156KCX	ENCSR586TYR	Homo sapiens mesenchymal stem cell originated from H1	1	RNU6ATAC	U6atac	2
ENCFF156KCX	ENCSR586TYR	Homo sapiens mesenchymal stem cell originated from H1	1	RNU2-2P	U2	0
ENCFF156KCX	ENCSR586TYR	Homo sapiens mesenchymal stem cell originated from H1	1	RNU7-1	U7	0
ENCFF156KCX	ENCSR586TYR	Homo sapiens mesenchymal stem cell originated from H1	1	RNU4-2	U4	2737
ENCFF156KCX	ENCSR586TYR	Homo sapiens mesenchymal stem cell originated from H1	1	RNU4-1	U4	10746
ENCFF156KCX	ENCSR586TYR	Homo sapiens mesenchymal stem cell originated from H1	1	RPPH1		0
ENCFF156KCX	ENCSR586TYR	Homo sapiens mesenchymal stem cell originated from H1	1	RNU6-7	U6	0
ENCFF156KCX	ENCSR586TYR	Homo sapiens mesenchymal stem cell originated from H1	1	RNU6-8	U6	1
ENCFF156KCX	ENCSR586TYR	Homo sapiens mesenchymal stem cell originated from H1	1	RN7SL1		0
ENCFF156KCX	ENCSR586TYR	Homo sapiens mesenchymal stem cell originated from H1	1	RN7SL2		2
ENCFF156KCX	ENCSR586TYR	Homo sapiens mesenchymal stem cell originated from H1	1	RNU5A-1	U5	4136
ENCFF156KCX	ENCSR586TYR	Homo sapiens mesenchymal stem cell originated from H1	1	RNU5B-1	U5	452
ENCFF156KCX	ENCSR586TYR	Homo sapiens mesenchymal stem cell originated from H1	1	RNU6-1	U6	0
ENCFF156KCX	ENCSR586TYR	Homo sapiens mesenchymal stem cell originated from H1	1	RNU2-1	U2	0
ENCFF156KCX	ENCSR586TYR	Homo sapiens mesenchymal stem cell originated from H1	1	RNU6-9	U6	1
ENCFF156KCX	ENCSR586TYR	Homo sapiens mesenchymal stem cell originated from H1	1	RNU6-2	U6	2
ENCFF156KCX	ENCSR586TYR	Homo sapiens mesenchymal stem cell originated from H1	1	RNU12	U12	0
ENCFF101KGU	ENCSR586TYR	Homo sapiens mesenchymal stem cell originated from H1	2	RNU5E-1	U5	1570
ENCFF101KGU	ENCSR586TYR	Homo sapiens mesenchymal stem cell originated from H1	2	RNU1-1	U1	0
ENCFF101KGU	ENCSR586TYR	Homo sapiens mesenchymal stem cell originated from H1	2	RNU1-3	U1	0
ENCFF101KGU	ENCSR586TYR	Homo sapiens mesenchymal stem cell originated from H1	2	RNU1-4	U1	0
ENCFF101KGU	ENCSR586TYR	Homo sapiens mesenchymal stem cell originated from H1	2	RNU1-2	U1	0
ENCFF101KGU	ENCSR586TYR	Homo sapiens mesenchymal stem cell originated from H1	2	RNU11	U11	0
ENCFF101KGU	ENCSR586TYR	Homo sapiens mesenchymal stem cell originated from H1	2	RNU5F-1	U5	38
ENCFF101KGU	ENCSR586TYR	Homo sapiens mesenchymal stem cell originated from H1	2	RNU5D-1	U5	28
ENCFF101KGU	ENCSR586TYR	Homo sapiens mesenchymal stem cell originated from H1	2	RNU4ATAC	U4atac	755
ENCFF101KGU	ENCSR586TYR	Homo sapiens mesenchymal stem cell originated from H1	2	RMRP		0
ENCFF101KGU	ENCSR586TYR	Homo sapiens mesenchymal stem cell originated from H1	2	RNU6ATAC	U6atac	7
ENCFF101KGU	ENCSR586TYR	Homo sapiens mesenchymal stem cell originated from H1	2	RNU2-2P	U2	0
ENCFF101KGU	ENCSR586TYR	Homo sapiens mesenchymal stem cell originated from H1	2	RNU7-1	U7	0
ENCFF101KGU	ENCSR586TYR	Homo sapiens mesenchymal stem cell originated from H1	2	RNU4-2	U4	3335
ENCFF101KGU	ENCSR586TYR	Homo sapiens mesenchymal stem cell originated from H1	2	RNU4-1	U4	12333
ENCFF101KGU	ENCSR586TYR	Homo sapiens mesenchymal stem cell originated from H1	2	RPPH1		0
ENCFF101KGU	ENCSR586TYR	Homo sapiens mesenchymal stem cell originated from H1	2	RNU6-7	U6	0
ENCFF101KGU	ENCSR586TYR	Homo sapiens mesenchymal stem cell originated from H1	2	RNU6-8	U6	0
ENCFF101KGU	ENCSR586TYR	Homo sapiens mesenchymal stem cell originated from H1	2	RN7SL1		0
ENCFF101KGU	ENCSR586TYR	Homo sapiens mesenchymal stem cell originated from H1	2	RN7SL2		2
ENCFF101KGU	ENCSR586TYR	Homo sapiens mesenchymal stem cell originated from H1	2	RNU5A-1	U5	5747
ENCFF101KGU	ENCSR586TYR	Homo sapiens mesenchymal stem cell originated from H1	2	RNU5B-1	U5	670
ENCFF101KGU	ENCSR586TYR	Homo sapiens mesenchymal stem cell originated from H1	2	RNU6-1	U6	0
ENCFF101KGU	ENCSR586TYR	Homo sapiens mesenchymal stem cell originated from H1	2	RNU2-1	U2	0
ENCFF101KGU	ENCSR586TYR	Homo sapiens mesenchymal stem cell originated from H1	2	RNU6-9	U6	1
ENCFF101KGU	ENCSR586TYR	Homo sapiens mesenchymal stem cell originated from H1	2	RNU6-2	U6	1
ENCFF101KGU	ENCSR586TYR	Homo sapiens mesenchymal stem cell originated from H1	2	RNU12	U12	0
ENCFF362BTN	ENCSR291IZK	Homo sapiens neuronal stem cell originated from H1	1	RNU5E-1	U5	4074
ENCFF362BTN	ENCSR291IZK	Homo sapiens neuronal stem cell originated from H1	1	RNU1-1	U1	0
ENCFF362BTN	ENCSR291IZK	Homo sapiens neuronal stem cell originated from H1	1	RNU1-3	U1	0
ENCFF362BTN	ENCSR291IZK	Homo sapiens neuronal stem cell originated from H1	1	RNU1-4	U1	0
ENCFF362BTN	ENCSR291IZK	Homo sapiens neuronal stem cell originated from H1	1	RNU1-2	U1	1
ENCFF362BTN	ENCSR291IZK	Homo sapiens neuronal stem cell originated from H1	1	RNU11	U11	0
ENCFF362BTN	ENCSR291IZK	Homo sapiens neuronal stem cell originated from H1	1	RNU5F-1	U5	15
ENCFF362BTN	ENCSR291IZK	Homo sapiens neuronal stem cell originated from H1	1	RNU5D-1	U5	37
ENCFF362BTN	ENCSR291IZK	Homo sapiens neuronal stem cell originated from H1	1	RNU4ATAC	U4atac	652
ENCFF362BTN	ENCSR291IZK	Homo sapiens neuronal stem cell originated from H1	1	RMRP		0
ENCFF362BTN	ENCSR291IZK	Homo sapiens neuronal stem cell originated from H1	1	RNU6ATAC	U6atac	16
ENCFF362BTN	ENCSR291IZK	Homo sapiens neuronal stem cell originated from H1	1	RNU2-2P	U2	0
ENCFF362BTN	ENCSR291IZK	Homo sapiens neuronal stem cell originated from H1	1	RNU7-1	U7	0
ENCFF362BTN	ENCSR291IZK	Homo sapiens neuronal stem cell originated from H1	1	RNU4-2	U4	2830
ENCFF362BTN	ENCSR291IZK	Homo sapiens neuronal stem cell originated from H1	1	RNU4-1	U4	9972
ENCFF362BTN	ENCSR291IZK	Homo sapiens neuronal stem cell originated from H1	1	RPPH1		0
ENCFF362BTN	ENCSR291IZK	Homo sapiens neuronal stem cell originated from H1	1	RNU6-7	U6	0
ENCFF362BTN	ENCSR291IZK	Homo sapiens neuronal stem cell originated from H1	1	RNU6-8	U6	0
ENCFF362BTN	ENCSR291IZK	Homo sapiens neuronal stem cell originated from H1	1	RN7SL1		0
ENCFF362BTN	ENCSR291IZK	Homo sapiens neuronal stem cell originated from H1	1	RN7SL2		6
ENCFF362BTN	ENCSR291IZK	Homo sapiens neuronal stem cell originated from H1	1	RNU5A-1	U5	9997
ENCFF362BTN	ENCSR291IZK	Homo sapiens neuronal stem cell originated from H1	1	RNU5B-1	U5	1364
ENCFF362BTN	ENCSR291IZK	Homo sapiens neuronal stem cell originated from H1	1	RNU6-1	U6	0
ENCFF362BTN	ENCSR291IZK	Homo sapiens neuronal stem cell originated from H1	1	RNU2-1	U2	0
ENCFF362BTN	ENCSR291IZK	Homo sapiens neuronal stem cell originated from H1	1	RNU6-9	U6	0
ENCFF362BTN	ENCSR291IZK	Homo sapiens neuronal stem cell originated from H1	1	RNU6-2	U6	1
ENCFF362BTN	ENCSR291IZK	Homo sapiens neuronal stem cell originated from H1	1	RNU12	U12	0
ENCFF632HTI	ENCSR291IZK	Homo sapiens neuronal stem cell originated from H1	2	RNU5E-1	U5	8321
ENCFF632HTI	ENCSR291IZK	Homo sapiens neuronal stem cell originated from H1	2	RNU1-1	U1	0
ENCFF632HTI	ENCSR291IZK	Homo sapiens neuronal stem cell originated from H1	2	RNU1-3	U1	0
ENCFF632HTI	ENCSR291IZK	Homo sapiens neuronal stem cell originated from H1	2	RNU1-4	U1	0
ENCFF632HTI	ENCSR291IZK	Homo sapiens neuronal stem cell originated from H1	2	RNU1-2	U1	0
ENCFF632HTI	ENCSR291IZK	Homo sapiens neuronal stem cell originated from H1	2	RNU11	U11	0
ENCFF632HTI	ENCSR291IZK	Homo sapiens neuronal stem cell originated from H1	2	RNU5F-1	U5	7
ENCFF632HTI	ENCSR291IZK	Homo sapiens neuronal stem cell originated from H1	2	RNU5D-1	U5	35
ENCFF632HTI	ENCSR291IZK	Homo sapiens neuronal stem cell originated from H1	2	RNU4ATAC	U4atac	679
ENCFF632HTI	ENCSR291IZK	Homo sapiens neuronal stem cell originated from H1	2	RMRP		0
ENCFF632HTI	ENCSR291IZK	Homo sapiens neuronal stem cell originated from H1	2	RNU6ATAC	U6atac	15
ENCFF632HTI	ENCSR291IZK	Homo sapiens neuronal stem cell originated from H1	2	RNU2-2P	U2	0
ENCFF632HTI	ENCSR291IZK	Homo sapiens neuronal stem cell originated from H1	2	RNU7-1	U7	0
ENCFF632HTI	ENCSR291IZK	Homo sapiens neuronal stem cell originated from H1	2	RNU4-2	U4	3179
ENCFF632HTI	ENCSR291IZK	Homo sapiens neuronal stem cell originated from H1	2	RNU4-1	U4	9271
ENCFF632HTI	ENCSR291IZK	Homo sapiens neuronal stem cell originated from H1	2	RPPH1		0
ENCFF632HTI	ENCSR291IZK	Homo sapiens neuronal stem cell originated from H1	2	RNU6-7	U6	0
ENCFF632HTI	ENCSR291IZK	Homo sapiens neuronal stem cell originated from H1	2	RNU6-8	U6	0
ENCFF632HTI	ENCSR291IZK	Homo sapiens neuronal stem cell originated from H1	2	RN7SL1		0
ENCFF632HTI	ENCSR291IZK	Homo sapiens neuronal stem cell originated from H1	2	RN7SL2		0
ENCFF632HTI	ENCSR291IZK	Homo sapiens neuronal stem cell originated from H1	2	RNU5A-1	U5	12841
ENCFF632HTI	ENCSR291IZK	Homo sapiens neuronal stem cell originated from H1	2	RNU5B-1	U5	1528
ENCFF632HTI	ENCSR291IZK	Homo sapiens neuronal stem cell originated from H1	2	RNU6-1	U6	0
ENCFF632HTI	ENCSR291IZK	Homo sapiens neuronal stem cell originated from H1	2	RNU2-1	U2	0
ENCFF632HTI	ENCSR291IZK	Homo sapiens neuronal stem cell originated from H1	2	RNU6-9	U6	0
ENCFF632HTI	ENCSR291IZK	Homo sapiens neuronal stem cell originated from H1	2	RNU6-2	U6	1
ENCFF632HTI	ENCSR291IZK	Homo sapiens neuronal stem cell originated from H1	2	RNU12	U12	0
ENCFF825LPD	ENCSR250STJ	Homo sapiens smooth muscle cell originated from H9	1	RNU5E-1	U5	24771
ENCFF825LPD	ENCSR250STJ	Homo sapiens smooth muscle cell originated from H9	1	RNU1-1	U1	5
ENCFF825LPD	ENCSR250STJ	Homo sapiens smooth muscle cell originated from H9	1	RNU1-3	U1	0
ENCFF825LPD	ENCSR250STJ	Homo sapiens smooth muscle cell originated from H9	1	RNU1-4	U1	0
ENCFF825LPD	ENCSR250STJ	Homo sapiens smooth muscle cell originated from H9	1	RNU1-2	U1	4
ENCFF825LPD	ENCSR250STJ	Homo sapiens smooth muscle cell originated from H9	1	RNU11	U11	0
ENCFF825LPD	ENCSR250STJ	Homo sapiens smooth muscle cell originated from H9	1	RNU5F-1	U5	80
ENCFF825LPD	ENCSR250STJ	Homo sapiens smooth muscle cell originated from H9	1	RNU5D-1	U5	332
ENCFF825LPD	ENCSR250STJ	Homo sapiens smooth muscle cell originated from H9	1	RNU4ATAC	U4atac	36762
ENCFF825LPD	ENCSR250STJ	Homo sapiens smooth muscle cell originated from H9	1	RMRP		0
ENCFF825LPD	ENCSR250STJ	Homo sapiens smooth muscle cell originated from H9	1	RNU6ATAC	U6atac	319
ENCFF825LPD	ENCSR250STJ	Homo sapiens smooth muscle cell originated from H9	1	RNU2-2P	U2	0
ENCFF825LPD	ENCSR250STJ	Homo sapiens smooth muscle cell originated from H9	1	RNU7-1	U7	0
ENCFF825LPD	ENCSR250STJ	Homo sapiens smooth muscle cell originated from H9	1	RNU4-2	U4	16362
ENCFF825LPD	ENCSR250STJ	Homo sapiens smooth muscle cell originated from H9	1	RNU4-1	U4	45539
ENCFF825LPD	ENCSR250STJ	Homo sapiens smooth muscle cell originated from H9	1	RPPH1		0
ENCFF825LPD	ENCSR250STJ	Homo sapiens smooth muscle cell originated from H9	1	RNU6-7	U6	402
ENCFF825LPD	ENCSR250STJ	Homo sapiens smooth muscle cell originated from H9	1	RNU6-8	U6	26
ENCFF825LPD	ENCSR250STJ	Homo sapiens smooth muscle cell originated from H9	1	RN7SL1		0
ENCFF825LPD	ENCSR250STJ	Homo sapiens smooth muscle cell originated from H9	1	RN7SL2		12139
ENCFF825LPD	ENCSR250STJ	Homo sapiens smooth muscle cell originated from H9	1	RNU5A-1	U5	1105848
ENCFF825LPD	ENCSR250STJ	Homo sapiens smooth muscle cell originated from H9	1	RNU5B-1	U5	79403
ENCFF825LPD	ENCSR250STJ	Homo sapiens smooth muscle cell originated from H9	1	RNU6-1	U6	15
ENCFF825LPD	ENCSR250STJ	Homo sapiens smooth muscle cell originated from H9	1	RNU2-1	U2	0
ENCFF825LPD	ENCSR250STJ	Homo sapiens smooth muscle cell originated from H9	1	RNU6-9	U6	12
ENCFF825LPD	ENCSR250STJ	Homo sapiens smooth muscle cell originated from H9	1	RNU6-2	U6	46
ENCFF825LPD	ENCSR250STJ	Homo sapiens smooth muscle cell originated from H9	1	RNU12	U12	0
ENCFF483DND	ENCSR250STJ	Homo sapiens smooth muscle cell originated from H9	2	RNU5E-1	U5	23275
ENCFF483DND	ENCSR250STJ	Homo sapiens smooth muscle cell originated from H9	2	RNU1-1	U1	0
ENCFF483DND	ENCSR250STJ	Homo sapiens smooth muscle cell originated from H9	2	RNU1-3	U1	0
ENCFF483DND	ENCSR250STJ	Homo sapiens smooth muscle cell originated from H9	2	RNU1-4	U1	0
ENCFF483DND	ENCSR250STJ	Homo sapiens smooth muscle cell originated from H9	2	RNU1-2	U1	0
ENCFF483DND	ENCSR250STJ	Homo sapiens smooth muscle cell originated from H9	2	RNU11	U11	0
ENCFF483DND	ENCSR250STJ	Homo sapiens smooth muscle cell originated from H9	2	RNU5F-1	U5	156
ENCFF483DND	ENCSR250STJ	Homo sapiens smooth muscle cell originated from H9	2	RNU5D-1	U5	443
ENCFF483DND	ENCSR250STJ	Homo sapiens smooth muscle cell originated from H9	2	RNU4ATAC	U4atac	115728
ENCFF483DND	ENCSR250STJ	Homo sapiens smooth muscle cell originated from H9	2	RMRP		0
ENCFF483DND	ENCSR250STJ	Homo sapiens smooth muscle cell originated from H9	2	RNU6ATAC	U6atac	409
ENCFF483DND	ENCSR250STJ	Homo sapiens smooth muscle cell originated from H9	2	RNU2-2P	U2	0
ENCFF483DND	ENCSR250STJ	Homo sapiens smooth muscle cell originated from H9	2	RNU7-1	U7	0
ENCFF483DND	ENCSR250STJ	Homo sapiens smooth muscle cell originated from H9	2	RNU4-2	U4	19517
ENCFF483DND	ENCSR250STJ	Homo sapiens smooth muscle cell originated from H9	2	RNU4-1	U4	34683
ENCFF483DND	ENCSR250STJ	Homo sapiens smooth muscle cell originated from H9	2	RPPH1		0
ENCFF483DND	ENCSR250STJ	Homo sapiens smooth muscle cell originated from H9	2	RNU6-7	U6	772
ENCFF483DND	ENCSR250STJ	Homo sapiens smooth muscle cell originated from H9	2	RNU6-8	U6	27
ENCFF483DND	ENCSR250STJ	Homo sapiens smooth muscle cell originated from H9	2	RN7SL1		0
ENCFF483DND	ENCSR250STJ	Homo sapiens smooth muscle cell originated from H9	2	RN7SL2		14613
ENCFF483DND	ENCSR250STJ	Homo sapiens smooth muscle cell originated from H9	2	RNU5A-1	U5	5603318
ENCFF483DND	ENCSR250STJ	Homo sapiens smooth muscle cell originated from H9	2	RNU5B-1	U5	211342
ENCFF483DND	ENCSR250STJ	Homo sapiens smooth muscle cell originated from H9	2	RNU6-1	U6	54
ENCFF483DND	ENCSR250STJ	Homo sapiens smooth muscle cell originated from H9	2	RNU2-1	U2	0
ENCFF483DND	ENCSR250STJ	Homo sapiens smooth muscle cell originated from H9	2	RNU6-9	U6	17
ENCFF483DND	ENCSR250STJ	Homo sapiens smooth muscle cell originated from H9	2	RNU6-2	U6	49
ENCFF483DND	ENCSR250STJ	Homo sapiens smooth muscle cell originated from H9	2	RNU12	U12	0
ENCFF524VVQ	ENCSR673PND	Homo sapiens hepatocyte originated from H9	1	RNU5E-1	U5	5196
ENCFF524VVQ	ENCSR673PND	Homo sapiens hepatocyte originated from H9	1	RNU1-1	U1	0
ENCFF524VVQ	ENCSR673PND	Homo sapiens hepatocyte originated from H9	1	RNU1-3	U1	0
ENCFF524VVQ	ENCSR673PND	Homo sapiens hepatocyte originated from H9	1	RNU1-4	U1	0
ENCFF524VVQ	ENCSR673PND	Homo sapiens hepatocyte originated from H9	1	RNU1-2	U1	0
ENCFF524VVQ	ENCSR673PND	Homo sapiens hepatocyte originated from H9	1	RNU11	U11	0
ENCFF524VVQ	ENCSR673PND	Homo sapiens hepatocyte originated from H9	1	RNU5F-1	U5	33
ENCFF524VVQ	ENCSR673PND	Homo sapiens hepatocyte originated from H9	1	RNU5D-1	U5	61
ENCFF524VVQ	ENCSR673PND	Homo sapiens hepatocyte originated from H9	1	RNU4ATAC	U4atac	66637
ENCFF524VVQ	ENCSR673PND	Homo sapiens hepatocyte originated from H9	1	RMRP		0
ENCFF524VVQ	ENCSR673PND	Homo sapiens hepatocyte originated from H9	1	RNU6ATAC	U6atac	39
ENCFF524VVQ	ENCSR673PND	Homo sapiens hepatocyte originated from H9	1	RNU2-2P	U2	0
ENCFF524VVQ	ENCSR673PND	Homo sapiens hepatocyte originated from H9	1	RNU7-1	U7	0
ENCFF524VVQ	ENCSR673PND	Homo sapiens hepatocyte originated from H9	1	RNU4-2	U4	12175
ENCFF524VVQ	ENCSR673PND	Homo sapiens hepatocyte originated from H9	1	RNU4-1	U4	29962
ENCFF524VVQ	ENCSR673PND	Homo sapiens hepatocyte originated from H9	1	RPPH1		0
ENCFF524VVQ	ENCSR673PND	Homo sapiens hepatocyte originated from H9	1	RNU6-7	U6	43
ENCFF524VVQ	ENCSR673PND	Homo sapiens hepatocyte originated from H9	1	RNU6-8	U6	8
ENCFF524VVQ	ENCSR673PND	Homo sapiens hepatocyte originated from H9	1	RN7SL1		0
ENCFF524VVQ	ENCSR673PND	Homo sapiens hepatocyte originated from H9	1	RN7SL2		3321
ENCFF524VVQ	ENCSR673PND	Homo sapiens hepatocyte originated from H9	1	RNU5A-1	U5	1920787
ENCFF524VVQ	ENCSR673PND	Homo sapiens hepatocyte originated from H9	1	RNU5B-1	U5	93229
ENCFF524VVQ	ENCSR673PND	Homo sapiens hepatocyte originated from H9	1	RNU6-1	U6	22
ENCFF524VVQ	ENCSR673PND	Homo sapiens hepatocyte originated from H9	1	RNU2-1	U2	0
ENCFF524VVQ	ENCSR673PND	Homo sapiens hepatocyte originated from H9	1	RNU6-9	U6	4
ENCFF524VVQ	ENCSR673PND	Homo sapiens hepatocyte originated from H9	1	RNU6-2	U6	10
ENCFF524VVQ	ENCSR673PND	Homo sapiens hepatocyte originated from H9	1	RNU12	U12	0
ENCFF112DTV	ENCSR673PND	Homo sapiens hepatocyte originated from H9	2	RNU5E-1	U5	17316
ENCFF112DTV	ENCSR673PND	Homo sapiens hepatocyte originated from H9	2	RNU1-1	U1	3
ENCFF112DTV	ENCSR673PND	Homo sapiens hepatocyte originated from H9	2	RNU1-3	U1	0
ENCFF112DTV	ENCSR673PND	Homo sapiens hepatocyte originated from H9	2	RNU1-4	U1	0
ENCFF112DTV	ENCSR673PND	Homo sapiens hepatocyte originated from H9	2	RNU1-2	U1	0
ENCFF112DTV	ENCSR673PND	Homo sapiens hepatocyte originated from H9	2	RNU11	U11	0
ENCFF112DTV	ENCSR673PND	Homo sapiens hepatocyte originated from H9	2	RNU5F-1	U5	94
ENCFF112DTV	ENCSR673PND	Homo sapiens hepatocyte originated from H9	2	RNU5D-1	U5	250
ENCFF112DTV	ENCSR673PND	Homo sapiens hepatocyte originated from H9	2	RNU4ATAC	U4atac	108724
ENCFF112DTV	ENCSR673PND	Homo sapiens hepatocyte originated from H9	2	RMRP		0
ENCFF112DTV	ENCSR673PND	Homo sapiens hepatocyte originated from H9	2	RNU6ATAC	U6atac	38
ENCFF112DTV	ENCSR673PND	Homo sapiens hepatocyte originated from H9	2	RNU2-2P	U2	0
ENCFF112DTV	ENCSR673PND	Homo sapiens hepatocyte originated from H9	2	RNU7-1	U7	0
ENCFF112DTV	ENCSR673PND	Homo sapiens hepatocyte originated from H9	2	RNU4-2	U4	20770
ENCFF112DTV	ENCSR673PND	Homo sapiens hepatocyte originated from H9	2	RNU4-1	U4	33479
ENCFF112DTV	ENCSR673PND	Homo sapiens hepatocyte originated from H9	2	RPPH1		0
ENCFF112DTV	ENCSR673PND	Homo sapiens hepatocyte originated from H9	2	RNU6-7	U6	72
ENCFF112DTV	ENCSR673PND	Homo sapiens hepatocyte originated from H9	2	RNU6-8	U6	8
ENCFF112DTV	ENCSR673PND	Homo sapiens hepatocyte originated from H9	2	RN7SL1		0
ENCFF112DTV	ENCSR673PND	Homo sapiens hepatocyte originated from H9	2	RN7SL2		5638
ENCFF112DTV	ENCSR673PND	Homo sapiens hepatocyte originated from H9	2	RNU5A-1	U5	13693322
ENCFF112DTV	ENCSR673PND	Homo sapiens hepatocyte originated from H9	2	RNU5B-1	U5	728064
ENCFF112DTV	ENCSR673PND	Homo sapiens hepatocyte originated from H9	2	RNU6-1	U6	25
ENCFF112DTV	ENCSR673PND	Homo sapiens hepatocyte originated from H9	2	RNU2-1	U2	0
ENCFF112DTV	ENCSR673PND	Homo sapiens hepatocyte originated from H9	2	RNU6-9	U6	13
ENCFF112DTV	ENCSR673PND	Homo sapiens hepatocyte originated from H9	2	RNU6-2	U6	25
ENCFF112DTV	ENCSR673PND	Homo sapiens hepatocyte originated from H9	2	RNU12	U12	0
ENCFF679UJV	ENCSR828LSC	Homo sapiens neural progenitor cell originated from H9	1	RNU5E-1	U5	147207
ENCFF679UJV	ENCSR828LSC	Homo sapiens neural progenitor cell originated from H9	1	RNU1-1	U1	3
ENCFF679UJV	ENCSR828LSC	Homo sapiens neural progenitor cell originated from H9	1	RNU1-3	U1	0
ENCFF679UJV	ENCSR828LSC	Homo sapiens neural progenitor cell originated from H9	1	RNU1-4	U1	0
ENCFF679UJV	ENCSR828LSC	Homo sapiens neural progenitor cell originated from H9	1	RNU1-2	U1	0
ENCFF679UJV	ENCSR828LSC	Homo sapiens neural progenitor cell originated from H9	1	RNU11	U11	0
ENCFF679UJV	ENCSR828LSC	Homo sapiens neural progenitor cell originated from H9	1	RNU5F-1	U5	1547
ENCFF679UJV	ENCSR828LSC	Homo sapiens neural progenitor cell originated from H9	1	RNU5D-1	U5	5037
ENCFF679UJV	ENCSR828LSC	Homo sapiens neural progenitor cell originated from H9	1	RNU4ATAC	U4atac	87374
ENCFF679UJV	ENCSR828LSC	Homo sapiens neural progenitor cell originated from H9	1	RMRP		0
ENCFF679UJV	ENCSR828LSC	Homo sapiens neural progenitor cell originated from H9	1	RNU6ATAC	U6atac	232
ENCFF679UJV	ENCSR828LSC	Homo sapiens neural progenitor cell originated from H9	1	RNU2-2P	U2	0
ENCFF679UJV	ENCSR828LSC	Homo sapiens neural progenitor cell originated from H9	1	RNU7-1	U7	0
ENCFF679UJV	ENCSR828LSC	Homo sapiens neural progenitor cell originated from H9	1	RNU4-2	U4	15038
ENCFF679UJV	ENCSR828LSC	Homo sapiens neural progenitor cell originated from H9	1	RNU4-1	U4	48241
ENCFF679UJV	ENCSR828LSC	Homo sapiens neural progenitor cell originated from H9	1	RPPH1		0
ENCFF679UJV	ENCSR828LSC	Homo sapiens neural progenitor cell originated from H9	1	RNU6-7	U6	554
ENCFF679UJV	ENCSR828LSC	Homo sapiens neural progenitor cell originated from H9	1	RNU6-8	U6	11
ENCFF679UJV	ENCSR828LSC	Homo sapiens neural progenitor cell originated from H9	1	RN7SL1		0
ENCFF679UJV	ENCSR828LSC	Homo sapiens neural progenitor cell originated from H9	1	RN7SL2		4881
ENCFF679UJV	ENCSR828LSC	Homo sapiens neural progenitor cell originated from H9	1	RNU5A-1	U5	12518128
ENCFF679UJV	ENCSR828LSC	Homo sapiens neural progenitor cell originated from H9	1	RNU5B-1	U5	602118
ENCFF679UJV	ENCSR828LSC	Homo sapiens neural progenitor cell originated from H9	1	RNU6-1	U6	143
ENCFF679UJV	ENCSR828LSC	Homo sapiens neural progenitor cell originated from H9	1	RNU2-1	U2	0
ENCFF679UJV	ENCSR828LSC	Homo sapiens neural progenitor cell originated from H9	1	RNU6-9	U6	17
ENCFF679UJV	ENCSR828LSC	Homo sapiens neural progenitor cell originated from H9	1	RNU6-2	U6	53
ENCFF679UJV	ENCSR828LSC	Homo sapiens neural progenitor cell originated from H9	1	RNU12	U12	0
ENCFF849YFL	ENCSR828LSC	Homo sapiens neural progenitor cell originated from H9	2	RNU5E-1	U5	51946
ENCFF849YFL	ENCSR828LSC	Homo sapiens neural progenitor cell originated from H9	2	RNU1-1	U1	0
ENCFF849YFL	ENCSR828LSC	Homo sapiens neural progenitor cell originated from H9	2	RNU1-3	U1	0
ENCFF849YFL	ENCSR828LSC	Homo sapiens neural progenitor cell originated from H9	2	RNU1-4	U1	0
ENCFF849YFL	ENCSR828LSC	Homo sapiens neural progenitor cell originated from H9	2	RNU1-2	U1	0
ENCFF849YFL	ENCSR828LSC	Homo sapiens neural progenitor cell originated from H9	2	RNU11	U11	0
ENCFF849YFL	ENCSR828LSC	Homo sapiens neural progenitor cell originated from H9	2	RNU5F-1	U5	376
ENCFF849YFL	ENCSR828LSC	Homo sapiens neural progenitor cell originated from H9	2	RNU5D-1	U5	1417
ENCFF849YFL	ENCSR828LSC	Homo sapiens neural progenitor cell originated from H9	2	RNU4ATAC	U4atac	49267
ENCFF849YFL	ENCSR828LSC	Homo sapiens neural progenitor cell originated from H9	2	RMRP		0
ENCFF849YFL	ENCSR828LSC	Homo sapiens neural progenitor cell originated from H9	2	RNU6ATAC	U6atac	171
ENCFF849YFL	ENCSR828LSC	Homo sapiens neural progenitor cell originated from H9	2	RNU2-2P	U2	0
ENCFF849YFL	ENCSR828LSC	Homo sapiens neural progenitor cell originated from H9	2	RNU7-1	U7	0
ENCFF849YFL	ENCSR828LSC	Homo sapiens neural progenitor cell originated from H9	2	RNU4-2	U4	11938
ENCFF849YFL	ENCSR828LSC	Homo sapiens neural progenitor cell originated from H9	2	RNU4-1	U4	65043
ENCFF849YFL	ENCSR828LSC	Homo sapiens neural progenitor cell originated from H9	2	RPPH1		0
ENCFF849YFL	ENCSR828LSC	Homo sapiens neural progenitor cell originated from H9	2	RNU6-7	U6	433
ENCFF849YFL	ENCSR828LSC	Homo sapiens neural progenitor cell originated from H9	2	RNU6-8	U6	9
ENCFF849YFL	ENCSR828LSC	Homo sapiens neural progenitor cell originated from H9	2	RN7SL1		0
ENCFF849YFL	ENCSR828LSC	Homo sapiens neural progenitor cell originated from H9	2	RN7SL2		7517
ENCFF849YFL	ENCSR828LSC	Homo sapiens neural progenitor cell originated from H9	2	RNU5A-1	U5	1246912
ENCFF849YFL	ENCSR828LSC	Homo sapiens neural progenitor cell originated from H9	2	RNU5B-1	U5	68916
ENCFF849YFL	ENCSR828LSC	Homo sapiens neural progenitor cell originated from H9	2	RNU6-1	U6	93
ENCFF849YFL	ENCSR828LSC	Homo sapiens neural progenitor cell originated from H9	2	RNU2-1	U2	0
ENCFF849YFL	ENCSR828LSC	Homo sapiens neural progenitor cell originated from H9	2	RNU6-9	U6	15
ENCFF849YFL	ENCSR828LSC	Homo sapiens neural progenitor cell originated from H9	2	RNU6-2	U6	12
ENCFF849YFL	ENCSR828LSC	Homo sapiens neural progenitor cell originated from H9	2	RNU12	U12	0
ENCFF089WIA	ENCSR855CYO	Homo sapiens HT1080 nuclear fraction	1	RNU5E-1	U5	97093
ENCFF089WIA	ENCSR855CYO	Homo sapiens HT1080 nuclear fraction	1	RNU1-1	U1	0
ENCFF089WIA	ENCSR855CYO	Homo sapiens HT1080 nuclear fraction	1	RNU1-3	U1	0
ENCFF089WIA	ENCSR855CYO	Homo sapiens HT1080 nuclear fraction	1	RNU1-4	U1	0
ENCFF089WIA	ENCSR855CYO	Homo sapiens HT1080 nuclear fraction	1	RNU1-2	U1	0
ENCFF089WIA	ENCSR855CYO	Homo sapiens HT1080 nuclear fraction	1	RNU11	U11	0
ENCFF089WIA	ENCSR855CYO	Homo sapiens HT1080 nuclear fraction	1	RNU5F-1	U5	9502
ENCFF089WIA	ENCSR855CYO	Homo sapiens HT1080 nuclear fraction	1	RNU5D-1	U5	11956
ENCFF089WIA	ENCSR855CYO	Homo sapiens HT1080 nuclear fraction	1	RNU4ATAC	U4atac	19197
ENCFF089WIA	ENCSR855CYO	Homo sapiens HT1080 nuclear fraction	1	RMRP		0
ENCFF089WIA	ENCSR855CYO	Homo sapiens HT1080 nuclear fraction	1	RNU6ATAC	U6atac	32
ENCFF089WIA	ENCSR855CYO	Homo sapiens HT1080 nuclear fraction	1	RNU2-2P	U2	0
ENCFF089WIA	ENCSR855CYO	Homo sapiens HT1080 nuclear fraction	1	RNU7-1	U7	0
ENCFF089WIA	ENCSR855CYO	Homo sapiens HT1080 nuclear fraction	1	RNU4-2	U4	32030
ENCFF089WIA	ENCSR855CYO	Homo sapiens HT1080 nuclear fraction	1	RNU4-1	U4	135431
ENCFF089WIA	ENCSR855CYO	Homo sapiens HT1080 nuclear fraction	1	RPPH1		0
ENCFF089WIA	ENCSR855CYO	Homo sapiens HT1080 nuclear fraction	1	RNU6-7	U6	18
ENCFF089WIA	ENCSR855CYO	Homo sapiens HT1080 nuclear fraction	1	RNU6-8	U6	0
ENCFF089WIA	ENCSR855CYO	Homo sapiens HT1080 nuclear fraction	1	RN7SL1		0
ENCFF089WIA	ENCSR855CYO	Homo sapiens HT1080 nuclear fraction	1	RN7SL2		41
ENCFF089WIA	ENCSR855CYO	Homo sapiens HT1080 nuclear fraction	1	RNU5A-1	U5	10804688
ENCFF089WIA	ENCSR855CYO	Homo sapiens HT1080 nuclear fraction	1	RNU5B-1	U5	912728
ENCFF089WIA	ENCSR855CYO	Homo sapiens HT1080 nuclear fraction	1	RNU6-1	U6	7
ENCFF089WIA	ENCSR855CYO	Homo sapiens HT1080 nuclear fraction	1	RNU2-1	U2	0
ENCFF089WIA	ENCSR855CYO	Homo sapiens HT1080 nuclear fraction	1	RNU6-9	U6	63
ENCFF089WIA	ENCSR855CYO	Homo sapiens HT1080 nuclear fraction	1	RNU6-2	U6	14
ENCFF089WIA	ENCSR855CYO	Homo sapiens HT1080 nuclear fraction	1	RNU12	U12	0
ENCFF790WWP	ENCSR855CYO	Homo sapiens HT1080 nuclear fraction	2	RNU5E-1	U5	112894
ENCFF790WWP	ENCSR855CYO	Homo sapiens HT1080 nuclear fraction	2	RNU1-1	U1	1
ENCFF790WWP	ENCSR855CYO	Homo sapiens HT1080 nuclear fraction	2	RNU1-3	U1	0
ENCFF790WWP	ENCSR855CYO	Homo sapiens HT1080 nuclear fraction	2	RNU1-4	U1	0
ENCFF790WWP	ENCSR855CYO	Homo sapiens HT1080 nuclear fraction	2	RNU1-2	U1	1
ENCFF790WWP	ENCSR855CYO	Homo sapiens HT1080 nuclear fraction	2	RNU11	U11	0
ENCFF790WWP	ENCSR855CYO	Homo sapiens HT1080 nuclear fraction	2	RNU5F-1	U5	14256
ENCFF790WWP	ENCSR855CYO	Homo sapiens HT1080 nuclear fraction	2	RNU5D-1	U5	15670
ENCFF790WWP	ENCSR855CYO	Homo sapiens HT1080 nuclear fraction	2	RNU4ATAC	U4atac	35657
ENCFF790WWP	ENCSR855CYO	Homo sapiens HT1080 nuclear fraction	2	RMRP		0
ENCFF790WWP	ENCSR855CYO	Homo sapiens HT1080 nuclear fraction	2	RNU6ATAC	U6atac	49
ENCFF790WWP	ENCSR855CYO	Homo sapiens HT1080 nuclear fraction	2	RNU2-2P	U2	0
ENCFF790WWP	ENCSR855CYO	Homo sapiens HT1080 nuclear fraction	2	RNU7-1	U7	0
ENCFF790WWP	ENCSR855CYO	Homo sapiens HT1080 nuclear fraction	2	RNU4-2	U4	39030
ENCFF790WWP	ENCSR855CYO	Homo sapiens HT1080 nuclear fraction	2	RNU4-1	U4	184990
ENCFF790WWP	ENCSR855CYO	Homo sapiens HT1080 nuclear fraction	2	RPPH1		0
ENCFF790WWP	ENCSR855CYO	Homo sapiens HT1080 nuclear fraction	2	RNU6-7	U6	27
ENCFF790WWP	ENCSR855CYO	Homo sapiens HT1080 nuclear fraction	2	RNU6-8	U6	1
ENCFF790WWP	ENCSR855CYO	Homo sapiens HT1080 nuclear fraction	2	RN7SL1		0
ENCFF790WWP	ENCSR855CYO	Homo sapiens HT1080 nuclear fraction	2	RN7SL2		149
ENCFF790WWP	ENCSR855CYO	Homo sapiens HT1080 nuclear fraction	2	RNU5A-1	U5	11208074
ENCFF790WWP	ENCSR855CYO	Homo sapiens HT1080 nuclear fraction	2	RNU5B-1	U5	866563
ENCFF790WWP	ENCSR855CYO	Homo sapiens HT1080 nuclear fraction	2	RNU6-1	U6	8
ENCFF790WWP	ENCSR855CYO	Homo sapiens HT1080 nuclear fraction	2	RNU2-1	U2	0
ENCFF790WWP	ENCSR855CYO	Homo sapiens HT1080 nuclear fraction	2	RNU6-9	U6	51
ENCFF790WWP	ENCSR855CYO	Homo sapiens HT1080 nuclear fraction	2	RNU6-2	U6	12
ENCFF790WWP	ENCSR855CYO	Homo sapiens HT1080 nuclear fraction	2	RNU12	U12	0
ENCFF634XQQ	ENCSR610CDO	Homo sapiens SK-N-DZ cytosolic fraction	1	RNU5E-1	U5	2780911
ENCFF634XQQ	ENCSR610CDO	Homo sapiens SK-N-DZ cytosolic fraction	1	RNU1-1	U1	5
ENCFF634XQQ	ENCSR610CDO	Homo sapiens SK-N-DZ cytosolic fraction	1	RNU1-3	U1	0
ENCFF634XQQ	ENCSR610CDO	Homo sapiens SK-N-DZ cytosolic fraction	1	RNU1-4	U1	0
ENCFF634XQQ	ENCSR610CDO	Homo sapiens SK-N-DZ cytosolic fraction	1	RNU1-2	U1	0
ENCFF634XQQ	ENCSR610CDO	Homo sapiens SK-N-DZ cytosolic fraction	1	RNU11	U11	0
ENCFF634XQQ	ENCSR610CDO	Homo sapiens SK-N-DZ cytosolic fraction	1	RNU5F-1	U5	8500
ENCFF634XQQ	ENCSR610CDO	Homo sapiens SK-N-DZ cytosolic fraction	1	RNU5D-1	U5	14743
ENCFF634XQQ	ENCSR610CDO	Homo sapiens SK-N-DZ cytosolic fraction	1	RNU4ATAC	U4atac	104741
ENCFF634XQQ	ENCSR610CDO	Homo sapiens SK-N-DZ cytosolic fraction	1	RMRP		0
ENCFF634XQQ	ENCSR610CDO	Homo sapiens SK-N-DZ cytosolic fraction	1	RNU6ATAC	U6atac	575
ENCFF634XQQ	ENCSR610CDO	Homo sapiens SK-N-DZ cytosolic fraction	1	RNU2-2P	U2	0
ENCFF634XQQ	ENCSR610CDO	Homo sapiens SK-N-DZ cytosolic fraction	1	RNU7-1	U7	0
ENCFF634XQQ	ENCSR610CDO	Homo sapiens SK-N-DZ cytosolic fraction	1	RNU4-2	U4	15920
ENCFF634XQQ	ENCSR610CDO	Homo sapiens SK-N-DZ cytosolic fraction	1	RNU4-1	U4	48816
ENCFF634XQQ	ENCSR610CDO	Homo sapiens SK-N-DZ cytosolic fraction	1	RPPH1		0
ENCFF634XQQ	ENCSR610CDO	Homo sapiens SK-N-DZ cytosolic fraction	1	RNU6-7	U6	1338
ENCFF634XQQ	ENCSR610CDO	Homo sapiens SK-N-DZ cytosolic fraction	1	RNU6-8	U6	6
ENCFF634XQQ	ENCSR610CDO	Homo sapiens SK-N-DZ cytosolic fraction	1	RN7SL1		0
ENCFF634XQQ	ENCSR610CDO	Homo sapiens SK-N-DZ cytosolic fraction	1	RN7SL2		6777
ENCFF634XQQ	ENCSR610CDO	Homo sapiens SK-N-DZ cytosolic fraction	1	RNU5A-1	U5	9096665
ENCFF634XQQ	ENCSR610CDO	Homo sapiens SK-N-DZ cytosolic fraction	1	RNU5B-1	U5	591549
ENCFF634XQQ	ENCSR610CDO	Homo sapiens SK-N-DZ cytosolic fraction	1	RNU6-1	U6	65
ENCFF634XQQ	ENCSR610CDO	Homo sapiens SK-N-DZ cytosolic fraction	1	RNU2-1	U2	0
ENCFF634XQQ	ENCSR610CDO	Homo sapiens SK-N-DZ cytosolic fraction	1	RNU6-9	U6	73
ENCFF634XQQ	ENCSR610CDO	Homo sapiens SK-N-DZ cytosolic fraction	1	RNU6-2	U6	16
ENCFF634XQQ	ENCSR610CDO	Homo sapiens SK-N-DZ cytosolic fraction	1	RNU12	U12	0
ENCFF122HKB	ENCSR610CDO	Homo sapiens SK-N-DZ cytosolic fraction	2	RNU5E-1	U5	5111808
ENCFF122HKB	ENCSR610CDO	Homo sapiens SK-N-DZ cytosolic fraction	2	RNU1-1	U1	3
ENCFF122HKB	ENCSR610CDO	Homo sapiens SK-N-DZ cytosolic fraction	2	RNU1-3	U1	0
ENCFF122HKB	ENCSR610CDO	Homo sapiens SK-N-DZ cytosolic fraction	2	RNU1-4	U1	0
ENCFF122HKB	ENCSR610CDO	Homo sapiens SK-N-DZ cytosolic fraction	2	RNU1-2	U1	0
ENCFF122HKB	ENCSR610CDO	Homo sapiens SK-N-DZ cytosolic fraction	2	RNU11	U11	0
ENCFF122HKB	ENCSR610CDO	Homo sapiens SK-N-DZ cytosolic fraction	2	RNU5F-1	U5	13096
ENCFF122HKB	ENCSR610CDO	Homo sapiens SK-N-DZ cytosolic fraction	2	RNU5D-1	U5	23600
ENCFF122HKB	ENCSR610CDO	Homo sapiens SK-N-DZ cytosolic fraction	2	RNU4ATAC	U4atac	136132
ENCFF122HKB	ENCSR610CDO	Homo sapiens SK-N-DZ cytosolic fraction	2	RMRP		0
ENCFF122HKB	ENCSR610CDO	Homo sapiens SK-N-DZ cytosolic fraction	2	RNU6ATAC	U6atac	1140
ENCFF122HKB	ENCSR610CDO	Homo sapiens SK-N-DZ cytosolic fraction	2	RNU2-2P	U2	0
ENCFF122HKB	ENCSR610CDO	Homo sapiens SK-N-DZ cytosolic fraction	2	RNU7-1	U7	0
ENCFF122HKB	ENCSR610CDO	Homo sapiens SK-N-DZ cytosolic fraction	2	RNU4-2	U4	30716
ENCFF122HKB	ENCSR610CDO	Homo sapiens SK-N-DZ cytosolic fraction	2	RNU4-1	U4	41004
ENCFF122HKB	ENCSR610CDO	Homo sapiens SK-N-DZ cytosolic fraction	2	RPPH1		0
ENCFF122HKB	ENCSR610CDO	Homo sapiens SK-N-DZ cytosolic fraction	2	RNU6-7	U6	1603
ENCFF122HKB	ENCSR610CDO	Homo sapiens SK-N-DZ cytosolic fraction	2	RNU6-8	U6	11
ENCFF122HKB	ENCSR610CDO	Homo sapiens SK-N-DZ cytosolic fraction	2	RN7SL1		0
ENCFF122HKB	ENCSR610CDO	Homo sapiens SK-N-DZ cytosolic fraction	2	RN7SL2		2697
ENCFF122HKB	ENCSR610CDO	Homo sapiens SK-N-DZ cytosolic fraction	2	RNU5A-1	U5	17598029
ENCFF122HKB	ENCSR610CDO	Homo sapiens SK-N-DZ cytosolic fraction	2	RNU5B-1	U5	1585650
ENCFF122HKB	ENCSR610CDO	Homo sapiens SK-N-DZ cytosolic fraction	2	RNU6-1	U6	129
ENCFF122HKB	ENCSR610CDO	Homo sapiens SK-N-DZ cytosolic fraction	2	RNU2-1	U2	0
ENCFF122HKB	ENCSR610CDO	Homo sapiens SK-N-DZ cytosolic fraction	2	RNU6-9	U6	85
ENCFF122HKB	ENCSR610CDO	Homo sapiens SK-N-DZ cytosolic fraction	2	RNU6-2	U6	22
ENCFF122HKB	ENCSR610CDO	Homo sapiens SK-N-DZ cytosolic fraction	2	RNU12	U12	0
ENCFF672DYT	ENCSR626WAX	Homo sapiens SK-N-DZ nuclear fraction	1	RNU5E-1	U5	2177439
ENCFF672DYT	ENCSR626WAX	Homo sapiens SK-N-DZ nuclear fraction	1	RNU1-1	U1	0
ENCFF672DYT	ENCSR626WAX	Homo sapiens SK-N-DZ nuclear fraction	1	RNU1-3	U1	0
ENCFF672DYT	ENCSR626WAX	Homo sapiens SK-N-DZ nuclear fraction	1	RNU1-4	U1	0
ENCFF672DYT	ENCSR626WAX	Homo sapiens SK-N-DZ nuclear fraction	1	RNU1-2	U1	1
ENCFF672DYT	ENCSR626WAX	Homo sapiens SK-N-DZ nuclear fraction	1	RNU11	U11	0
ENCFF672DYT	ENCSR626WAX	Homo sapiens SK-N-DZ nuclear fraction	1	RNU5F-1	U5	5872
ENCFF672DYT	ENCSR626WAX	Homo sapiens SK-N-DZ nuclear fraction	1	RNU5D-1	U5	12915
ENCFF672DYT	ENCSR626WAX	Homo sapiens SK-N-DZ nuclear fraction	1	RNU4ATAC	U4atac	22244
ENCFF672DYT	ENCSR626WAX	Homo sapiens SK-N-DZ nuclear fraction	1	RMRP		0
ENCFF672DYT	ENCSR626WAX	Homo sapiens SK-N-DZ nuclear fraction	1	RNU6ATAC	U6atac	72
ENCFF672DYT	ENCSR626WAX	Homo sapiens SK-N-DZ nuclear fraction	1	RNU2-2P	U2	0
ENCFF672DYT	ENCSR626WAX	Homo sapiens SK-N-DZ nuclear fraction	1	RNU7-1	U7	0
ENCFF672DYT	ENCSR626WAX	Homo sapiens SK-N-DZ nuclear fraction	1	RNU4-2	U4	29195
ENCFF672DYT	ENCSR626WAX	Homo sapiens SK-N-DZ nuclear fraction	1	RNU4-1	U4	75679
ENCFF672DYT	ENCSR626WAX	Homo sapiens SK-N-DZ nuclear fraction	1	RPPH1		0
ENCFF672DYT	ENCSR626WAX	Homo sapiens SK-N-DZ nuclear fraction	1	RNU6-7	U6	56
ENCFF672DYT	ENCSR626WAX	Homo sapiens SK-N-DZ nuclear fraction	1	RNU6-8	U6	2
ENCFF672DYT	ENCSR626WAX	Homo sapiens SK-N-DZ nuclear fraction	1	RN7SL1		0
ENCFF672DYT	ENCSR626WAX	Homo sapiens SK-N-DZ nuclear fraction	1	RN7SL2		34
ENCFF672DYT	ENCSR626WAX	Homo sapiens SK-N-DZ nuclear fraction	1	RNU5A-1	U5	10852542
ENCFF672DYT	ENCSR626WAX	Homo sapiens SK-N-DZ nuclear fraction	1	RNU5B-1	U5	1108969
ENCFF672DYT	ENCSR626WAX	Homo sapiens SK-N-DZ nuclear fraction	1	RNU6-1	U6	14
ENCFF672DYT	ENCSR626WAX	Homo sapiens SK-N-DZ nuclear fraction	1	RNU2-1	U2	0
ENCFF672DYT	ENCSR626WAX	Homo sapiens SK-N-DZ nuclear fraction	1	RNU6-9	U6	31
ENCFF672DYT	ENCSR626WAX	Homo sapiens SK-N-DZ nuclear fraction	1	RNU6-2	U6	15
ENCFF672DYT	ENCSR626WAX	Homo sapiens SK-N-DZ nuclear fraction	1	RNU12	U12	0
ENCFF857GBB	ENCSR626WAX	Homo sapiens SK-N-DZ nuclear fraction	2	RNU5E-1	U5	2473727
ENCFF857GBB	ENCSR626WAX	Homo sapiens SK-N-DZ nuclear fraction	2	RNU1-1	U1	0
ENCFF857GBB	ENCSR626WAX	Homo sapiens SK-N-DZ nuclear fraction	2	RNU1-3	U1	0
ENCFF857GBB	ENCSR626WAX	Homo sapiens SK-N-DZ nuclear fraction	2	RNU1-4	U1	0
ENCFF857GBB	ENCSR626WAX	Homo sapiens SK-N-DZ nuclear fraction	2	RNU1-2	U1	3
ENCFF857GBB	ENCSR626WAX	Homo sapiens SK-N-DZ nuclear fraction	2	RNU11	U11	0
ENCFF857GBB	ENCSR626WAX	Homo sapiens SK-N-DZ nuclear fraction	2	RNU5F-1	U5	7277
ENCFF857GBB	ENCSR626WAX	Homo sapiens SK-N-DZ nuclear fraction	2	RNU5D-1	U5	17314
ENCFF857GBB	ENCSR626WAX	Homo sapiens SK-N-DZ nuclear fraction	2	RNU4ATAC	U4atac	41521
ENCFF857GBB	ENCSR626WAX	Homo sapiens SK-N-DZ nuclear fraction	2	RMRP		0
ENCFF857GBB	ENCSR626WAX	Homo sapiens SK-N-DZ nuclear fraction	2	RNU6ATAC	U6atac	113
ENCFF857GBB	ENCSR626WAX	Homo sapiens SK-N-DZ nuclear fraction	2	RNU2-2P	U2	0
ENCFF857GBB	ENCSR626WAX	Homo sapiens SK-N-DZ nuclear fraction	2	RNU7-1	U7	0
ENCFF857GBB	ENCSR626WAX	Homo sapiens SK-N-DZ nuclear fraction	2	RNU4-2	U4	68787
ENCFF857GBB	ENCSR626WAX	Homo sapiens SK-N-DZ nuclear fraction	2	RNU4-1	U4	128329
ENCFF857GBB	ENCSR626WAX	Homo sapiens SK-N-DZ nuclear fraction	2	RPPH1		0
ENCFF857GBB	ENCSR626WAX	Homo sapiens SK-N-DZ nuclear fraction	2	RNU6-7	U6	77
ENCFF857GBB	ENCSR626WAX	Homo sapiens SK-N-DZ nuclear fraction	2	RNU6-8	U6	7
ENCFF857GBB	ENCSR626WAX	Homo sapiens SK-N-DZ nuclear fraction	2	RN7SL1		0
ENCFF857GBB	ENCSR626WAX	Homo sapiens SK-N-DZ nuclear fraction	2	RN7SL2		123
ENCFF857GBB	ENCSR626WAX	Homo sapiens SK-N-DZ nuclear fraction	2	RNU5A-1	U5	14200359
ENCFF857GBB	ENCSR626WAX	Homo sapiens SK-N-DZ nuclear fraction	2	RNU5B-1	U5	1436426
ENCFF857GBB	ENCSR626WAX	Homo sapiens SK-N-DZ nuclear fraction	2	RNU6-1	U6	8
ENCFF857GBB	ENCSR626WAX	Homo sapiens SK-N-DZ nuclear fraction	2	RNU2-1	U2	0
ENCFF857GBB	ENCSR626WAX	Homo sapiens SK-N-DZ nuclear fraction	2	RNU6-9	U6	79
ENCFF857GBB	ENCSR626WAX	Homo sapiens SK-N-DZ nuclear fraction	2	RNU6-2	U6	23
ENCFF857GBB	ENCSR626WAX	Homo sapiens SK-N-DZ nuclear fraction	2	RNU12	U12	0
ENCFF501TRL	ENCSR571FTT	Homo sapiens SK-MEL-5 cytosolic fraction	1	RNU5E-1	U5	192610
ENCFF501TRL	ENCSR571FTT	Homo sapiens SK-MEL-5 cytosolic fraction	1	RNU1-1	U1	1
ENCFF501TRL	ENCSR571FTT	Homo sapiens SK-MEL-5 cytosolic fraction	1	RNU1-3	U1	0
ENCFF501TRL	ENCSR571FTT	Homo sapiens SK-MEL-5 cytosolic fraction	1	RNU1-4	U1	0
ENCFF501TRL	ENCSR571FTT	Homo sapiens SK-MEL-5 cytosolic fraction	1	RNU1-2	U1	0
ENCFF501TRL	ENCSR571FTT	Homo sapiens SK-MEL-5 cytosolic fraction	1	RNU11	U11	0
ENCFF501TRL	ENCSR571FTT	Homo sapiens SK-MEL-5 cytosolic fraction	1	RNU5F-1	U5	3650
ENCFF501TRL	ENCSR571FTT	Homo sapiens SK-MEL-5 cytosolic fraction	1	RNU5D-1	U5	951
ENCFF501TRL	ENCSR571FTT	Homo sapiens SK-MEL-5 cytosolic fraction	1	RNU4ATAC	U4atac	144943
ENCFF501TRL	ENCSR571FTT	Homo sapiens SK-MEL-5 cytosolic fraction	1	RMRP		0
ENCFF501TRL	ENCSR571FTT	Homo sapiens SK-MEL-5 cytosolic fraction	1	RNU6ATAC	U6atac	413
ENCFF501TRL	ENCSR571FTT	Homo sapiens SK-MEL-5 cytosolic fraction	1	RNU2-2P	U2	0
ENCFF501TRL	ENCSR571FTT	Homo sapiens SK-MEL-5 cytosolic fraction	1	RNU7-1	U7	0
ENCFF501TRL	ENCSR571FTT	Homo sapiens SK-MEL-5 cytosolic fraction	1	RNU4-2	U4	25917
ENCFF501TRL	ENCSR571FTT	Homo sapiens SK-MEL-5 cytosolic fraction	1	RNU4-1	U4	15211
ENCFF501TRL	ENCSR571FTT	Homo sapiens SK-MEL-5 cytosolic fraction	1	RPPH1		0
ENCFF501TRL	ENCSR571FTT	Homo sapiens SK-MEL-5 cytosolic fraction	1	RNU6-7	U6	872
ENCFF501TRL	ENCSR571FTT	Homo sapiens SK-MEL-5 cytosolic fraction	1	RNU6-8	U6	4
ENCFF501TRL	ENCSR571FTT	Homo sapiens SK-MEL-5 cytosolic fraction	1	RN7SL1		0
ENCFF501TRL	ENCSR571FTT	Homo sapiens SK-MEL-5 cytosolic fraction	1	RN7SL2		18059
ENCFF501TRL	ENCSR571FTT	Homo sapiens SK-MEL-5 cytosolic fraction	1	RNU5A-1	U5	15936133
ENCFF501TRL	ENCSR571FTT	Homo sapiens SK-MEL-5 cytosolic fraction	1	RNU5B-1	U5	1062930
ENCFF501TRL	ENCSR571FTT	Homo sapiens SK-MEL-5 cytosolic fraction	1	RNU6-1	U6	65
ENCFF501TRL	ENCSR571FTT	Homo sapiens SK-MEL-5 cytosolic fraction	1	RNU2-1	U2	0
ENCFF501TRL	ENCSR571FTT	Homo sapiens SK-MEL-5 cytosolic fraction	1	RNU6-9	U6	72
ENCFF501TRL	ENCSR571FTT	Homo sapiens SK-MEL-5 cytosolic fraction	1	RNU6-2	U6	17
ENCFF501TRL	ENCSR571FTT	Homo sapiens SK-MEL-5 cytosolic fraction	1	RNU12	U12	0
ENCFF799CBN	ENCSR571FTT	Homo sapiens SK-MEL-5 cytosolic fraction	2	RNU5E-1	U5	69600
ENCFF799CBN	ENCSR571FTT	Homo sapiens SK-MEL-5 cytosolic fraction	2	RNU1-1	U1	1
ENCFF799CBN	ENCSR571FTT	Homo sapiens SK-MEL-5 cytosolic fraction	2	RNU1-3	U1	0
ENCFF799CBN	ENCSR571FTT	Homo sapiens SK-MEL-5 cytosolic fraction	2	RNU1-4	U1	0
ENCFF799CBN	ENCSR571FTT	Homo sapiens SK-MEL-5 cytosolic fraction	2	RNU1-2	U1	0
ENCFF799CBN	ENCSR571FTT	Homo sapiens SK-MEL-5 cytosolic fraction	2	RNU11	U11	0
ENCFF799CBN	ENCSR571FTT	Homo sapiens SK-MEL-5 cytosolic fraction	2	RNU5F-1	U5	4377
ENCFF799CBN	ENCSR571FTT	Homo sapiens SK-MEL-5 cytosolic fraction	2	RNU5D-1	U5	363
ENCFF799CBN	ENCSR571FTT	Homo sapiens SK-MEL-5 cytosolic fraction	2	RNU4ATAC	U4atac	182043
ENCFF799CBN	ENCSR571FTT	Homo sapiens SK-MEL-5 cytosolic fraction	2	RMRP		0
ENCFF799CBN	ENCSR571FTT	Homo sapiens SK-MEL-5 cytosolic fraction	2	RNU6ATAC	U6atac	289
ENCFF799CBN	ENCSR571FTT	Homo sapiens SK-MEL-5 cytosolic fraction	2	RNU2-2P	U2	0
ENCFF799CBN	ENCSR571FTT	Homo sapiens SK-MEL-5 cytosolic fraction	2	RNU7-1	U7	0
ENCFF799CBN	ENCSR571FTT	Homo sapiens SK-MEL-5 cytosolic fraction	2	RNU4-2	U4	13027
ENCFF799CBN	ENCSR571FTT	Homo sapiens SK-MEL-5 cytosolic fraction	2	RNU4-1	U4	11273
ENCFF799CBN	ENCSR571FTT	Homo sapiens SK-MEL-5 cytosolic fraction	2	RPPH1		0
ENCFF799CBN	ENCSR571FTT	Homo sapiens SK-MEL-5 cytosolic fraction	2	RNU6-7	U6	907
ENCFF799CBN	ENCSR571FTT	Homo sapiens SK-MEL-5 cytosolic fraction	2	RNU6-8	U6	4
ENCFF799CBN	ENCSR571FTT	Homo sapiens SK-MEL-5 cytosolic fraction	2	RN7SL1		0
ENCFF799CBN	ENCSR571FTT	Homo sapiens SK-MEL-5 cytosolic fraction	2	RN7SL2		4397
ENCFF799CBN	ENCSR571FTT	Homo sapiens SK-MEL-5 cytosolic fraction	2	RNU5A-1	U5	6739772
ENCFF799CBN	ENCSR571FTT	Homo sapiens SK-MEL-5 cytosolic fraction	2	RNU5B-1	U5	240648
ENCFF799CBN	ENCSR571FTT	Homo sapiens SK-MEL-5 cytosolic fraction	2	RNU6-1	U6	41
ENCFF799CBN	ENCSR571FTT	Homo sapiens SK-MEL-5 cytosolic fraction	2	RNU2-1	U2	0
ENCFF799CBN	ENCSR571FTT	Homo sapiens SK-MEL-5 cytosolic fraction	2	RNU6-9	U6	98
ENCFF799CBN	ENCSR571FTT	Homo sapiens SK-MEL-5 cytosolic fraction	2	RNU6-2	U6	21
ENCFF799CBN	ENCSR571FTT	Homo sapiens SK-MEL-5 cytosolic fraction	2	RNU12	U12	0
ENCFF348DWC	ENCSR964EPR	Homo sapiens SK-MEL-5 nuclear fraction	1	RNU5E-1	U5	153389
ENCFF348DWC	ENCSR964EPR	Homo sapiens SK-MEL-5 nuclear fraction	1	RNU1-1	U1	2
ENCFF348DWC	ENCSR964EPR	Homo sapiens SK-MEL-5 nuclear fraction	1	RNU1-3	U1	0
ENCFF348DWC	ENCSR964EPR	Homo sapiens SK-MEL-5 nuclear fraction	1	RNU1-4	U1	0
ENCFF348DWC	ENCSR964EPR	Homo sapiens SK-MEL-5 nuclear fraction	1	RNU1-2	U1	0
ENCFF348DWC	ENCSR964EPR	Homo sapiens SK-MEL-5 nuclear fraction	1	RNU11	U11	0
ENCFF348DWC	ENCSR964EPR	Homo sapiens SK-MEL-5 nuclear fraction	1	RNU5F-1	U5	1376
ENCFF348DWC	ENCSR964EPR	Homo sapiens SK-MEL-5 nuclear fraction	1	RNU5D-1	U5	650
ENCFF348DWC	ENCSR964EPR	Homo sapiens SK-MEL-5 nuclear fraction	1	RNU4ATAC	U4atac	13867
ENCFF348DWC	ENCSR964EPR	Homo sapiens SK-MEL-5 nuclear fraction	1	RMRP		0
ENCFF348DWC	ENCSR964EPR	Homo sapiens SK-MEL-5 nuclear fraction	1	RNU6ATAC	U6atac	62
ENCFF348DWC	ENCSR964EPR	Homo sapiens SK-MEL-5 nuclear fraction	1	RNU2-2P	U2	0
ENCFF348DWC	ENCSR964EPR	Homo sapiens SK-MEL-5 nuclear fraction	1	RNU7-1	U7	0
ENCFF348DWC	ENCSR964EPR	Homo sapiens SK-MEL-5 nuclear fraction	1	RNU4-2	U4	25076
ENCFF348DWC	ENCSR964EPR	Homo sapiens SK-MEL-5 nuclear fraction	1	RNU4-1	U4	21230
ENCFF348DWC	ENCSR964EPR	Homo sapiens SK-MEL-5 nuclear fraction	1	RPPH1		0
ENCFF348DWC	ENCSR964EPR	Homo sapiens SK-MEL-5 nuclear fraction	1	RNU6-7	U6	18
ENCFF348DWC	ENCSR964EPR	Homo sapiens SK-MEL-5 nuclear fraction	1	RNU6-8	U6	3
ENCFF348DWC	ENCSR964EPR	Homo sapiens SK-MEL-5 nuclear fraction	1	RN7SL1		0
ENCFF348DWC	ENCSR964EPR	Homo sapiens SK-MEL-5 nuclear fraction	1	RN7SL2		20
ENCFF348DWC	ENCSR964EPR	Homo sapiens SK-MEL-5 nuclear fraction	1	RNU5A-1	U5	10109281
ENCFF348DWC	ENCSR964EPR	Homo sapiens SK-MEL-5 nuclear fraction	1	RNU5B-1	U5	822494
ENCFF348DWC	ENCSR964EPR	Homo sapiens SK-MEL-5 nuclear fraction	1	RNU6-1	U6	6
ENCFF348DWC	ENCSR964EPR	Homo sapiens SK-MEL-5 nuclear fraction	1	RNU2-1	U2	0
ENCFF348DWC	ENCSR964EPR	Homo sapiens SK-MEL-5 nuclear fraction	1	RNU6-9	U6	52
ENCFF348DWC	ENCSR964EPR	Homo sapiens SK-MEL-5 nuclear fraction	1	RNU6-2	U6	7
ENCFF348DWC	ENCSR964EPR	Homo sapiens SK-MEL-5 nuclear fraction	1	RNU12	U12	0
ENCFF704PIQ	ENCSR964EPR	Homo sapiens SK-MEL-5 nuclear fraction	2	RNU5E-1	U5	90428
ENCFF704PIQ	ENCSR964EPR	Homo sapiens SK-MEL-5 nuclear fraction	2	RNU1-1	U1	1
ENCFF704PIQ	ENCSR964EPR	Homo sapiens SK-MEL-5 nuclear fraction	2	RNU1-3	U1	0
ENCFF704PIQ	ENCSR964EPR	Homo sapiens SK-MEL-5 nuclear fraction	2	RNU1-4	U1	0
ENCFF704PIQ	ENCSR964EPR	Homo sapiens SK-MEL-5 nuclear fraction	2	RNU1-2	U1	0
ENCFF704PIQ	ENCSR964EPR	Homo sapiens SK-MEL-5 nuclear fraction	2	RNU11	U11	0
ENCFF704PIQ	ENCSR964EPR	Homo sapiens SK-MEL-5 nuclear fraction	2	RNU5F-1	U5	2260
ENCFF704PIQ	ENCSR964EPR	Homo sapiens SK-MEL-5 nuclear fraction	2	RNU5D-1	U5	472
ENCFF704PIQ	ENCSR964EPR	Homo sapiens SK-MEL-5 nuclear fraction	2	RNU4ATAC	U4atac	23294
ENCFF704PIQ	ENCSR964EPR	Homo sapiens SK-MEL-5 nuclear fraction	2	RMRP		0
ENCFF704PIQ	ENCSR964EPR	Homo sapiens SK-MEL-5 nuclear fraction	2	RNU6ATAC	U6atac	49
ENCFF704PIQ	ENCSR964EPR	Homo sapiens SK-MEL-5 nuclear fraction	2	RNU2-2P	U2	0
ENCFF704PIQ	ENCSR964EPR	Homo sapiens SK-MEL-5 nuclear fraction	2	RNU7-1	U7	0
ENCFF704PIQ	ENCSR964EPR	Homo sapiens SK-MEL-5 nuclear fraction	2	RNU4-2	U4	24035
ENCFF704PIQ	ENCSR964EPR	Homo sapiens SK-MEL-5 nuclear fraction	2	RNU4-1	U4	25484
ENCFF704PIQ	ENCSR964EPR	Homo sapiens SK-MEL-5 nuclear fraction	2	RPPH1		0
ENCFF704PIQ	ENCSR964EPR	Homo sapiens SK-MEL-5 nuclear fraction	2	RNU6-7	U6	28
ENCFF704PIQ	ENCSR964EPR	Homo sapiens SK-MEL-5 nuclear fraction	2	RNU6-8	U6	1
ENCFF704PIQ	ENCSR964EPR	Homo sapiens SK-MEL-5 nuclear fraction	2	RN7SL1		0
ENCFF704PIQ	ENCSR964EPR	Homo sapiens SK-MEL-5 nuclear fraction	2	RN7SL2		15
ENCFF704PIQ	ENCSR964EPR	Homo sapiens SK-MEL-5 nuclear fraction	2	RNU5A-1	U5	6214030
ENCFF704PIQ	ENCSR964EPR	Homo sapiens SK-MEL-5 nuclear fraction	2	RNU5B-1	U5	281666
ENCFF704PIQ	ENCSR964EPR	Homo sapiens SK-MEL-5 nuclear fraction	2	RNU6-1	U6	7
ENCFF704PIQ	ENCSR964EPR	Homo sapiens SK-MEL-5 nuclear fraction	2	RNU2-1	U2	0
ENCFF704PIQ	ENCSR964EPR	Homo sapiens SK-MEL-5 nuclear fraction	2	RNU6-9	U6	109
ENCFF704PIQ	ENCSR964EPR	Homo sapiens SK-MEL-5 nuclear fraction	2	RNU6-2	U6	13
ENCFF704PIQ	ENCSR964EPR	Homo sapiens SK-MEL-5 nuclear fraction	2	RNU12	U12	0
ENCFF218ZIS	ENCSR211PJW	Homo sapiens NCI-H460 nuclear fraction	1	RNU5E-1	U5	20203
ENCFF218ZIS	ENCSR211PJW	Homo sapiens NCI-H460 nuclear fraction	1	RNU1-1	U1	0
ENCFF218ZIS	ENCSR211PJW	Homo sapiens NCI-H460 nuclear fraction	1	RNU1-3	U1	0
ENCFF218ZIS	ENCSR211PJW	Homo sapiens NCI-H460 nuclear fraction	1	RNU1-4	U1	0
ENCFF218ZIS	ENCSR211PJW	Homo sapiens NCI-H460 nuclear fraction	1	RNU1-2	U1	0
ENCFF218ZIS	ENCSR211PJW	Homo sapiens NCI-H460 nuclear fraction	1	RNU11	U11	0
ENCFF218ZIS	ENCSR211PJW	Homo sapiens NCI-H460 nuclear fraction	1	RNU5F-1	U5	2026
ENCFF218ZIS	ENCSR211PJW	Homo sapiens NCI-H460 nuclear fraction	1	RNU5D-1	U5	281
ENCFF218ZIS	ENCSR211PJW	Homo sapiens NCI-H460 nuclear fraction	1	RNU4ATAC	U4atac	10643
ENCFF218ZIS	ENCSR211PJW	Homo sapiens NCI-H460 nuclear fraction	1	RMRP		0
ENCFF218ZIS	ENCSR211PJW	Homo sapiens NCI-H460 nuclear fraction	1	RNU6ATAC	U6atac	39
ENCFF218ZIS	ENCSR211PJW	Homo sapiens NCI-H460 nuclear fraction	1	RNU2-2P	U2	0
ENCFF218ZIS	ENCSR211PJW	Homo sapiens NCI-H460 nuclear fraction	1	RNU7-1	U7	0
ENCFF218ZIS	ENCSR211PJW	Homo sapiens NCI-H460 nuclear fraction	1	RNU4-2	U4	11967
ENCFF218ZIS	ENCSR211PJW	Homo sapiens NCI-H460 nuclear fraction	1	RNU4-1	U4	31493
ENCFF218ZIS	ENCSR211PJW	Homo sapiens NCI-H460 nuclear fraction	1	RPPH1		0
ENCFF218ZIS	ENCSR211PJW	Homo sapiens NCI-H460 nuclear fraction	1	RNU6-7	U6	67
ENCFF218ZIS	ENCSR211PJW	Homo sapiens NCI-H460 nuclear fraction	1	RNU6-8	U6	2
ENCFF218ZIS	ENCSR211PJW	Homo sapiens NCI-H460 nuclear fraction	1	RN7SL1		0
ENCFF218ZIS	ENCSR211PJW	Homo sapiens NCI-H460 nuclear fraction	1	RN7SL2		508
ENCFF218ZIS	ENCSR211PJW	Homo sapiens NCI-H460 nuclear fraction	1	RNU5A-1	U5	10611080
ENCFF218ZIS	ENCSR211PJW	Homo sapiens NCI-H460 nuclear fraction	1	RNU5B-1	U5	923629
ENCFF218ZIS	ENCSR211PJW	Homo sapiens NCI-H460 nuclear fraction	1	RNU6-1	U6	7
ENCFF218ZIS	ENCSR211PJW	Homo sapiens NCI-H460 nuclear fraction	1	RNU2-1	U2	0
ENCFF218ZIS	ENCSR211PJW	Homo sapiens NCI-H460 nuclear fraction	1	RNU6-9	U6	18
ENCFF218ZIS	ENCSR211PJW	Homo sapiens NCI-H460 nuclear fraction	1	RNU6-2	U6	9
ENCFF218ZIS	ENCSR211PJW	Homo sapiens NCI-H460 nuclear fraction	1	RNU12	U12	0
ENCFF234KSE	ENCSR211PJW	Homo sapiens NCI-H460 nuclear fraction	2	RNU5E-1	U5	33724
ENCFF234KSE	ENCSR211PJW	Homo sapiens NCI-H460 nuclear fraction	2	RNU1-1	U1	1
ENCFF234KSE	ENCSR211PJW	Homo sapiens NCI-H460 nuclear fraction	2	RNU1-3	U1	0
ENCFF234KSE	ENCSR211PJW	Homo sapiens NCI-H460 nuclear fraction	2	RNU1-4	U1	0
ENCFF234KSE	ENCSR211PJW	Homo sapiens NCI-H460 nuclear fraction	2	RNU1-2	U1	0
ENCFF234KSE	ENCSR211PJW	Homo sapiens NCI-H460 nuclear fraction	2	RNU11	U11	0
ENCFF234KSE	ENCSR211PJW	Homo sapiens NCI-H460 nuclear fraction	2	RNU5F-1	U5	2278
ENCFF234KSE	ENCSR211PJW	Homo sapiens NCI-H460 nuclear fraction	2	RNU5D-1	U5	288
ENCFF234KSE	ENCSR211PJW	Homo sapiens NCI-H460 nuclear fraction	2	RNU4ATAC	U4atac	10568
ENCFF234KSE	ENCSR211PJW	Homo sapiens NCI-H460 nuclear fraction	2	RMRP		0
ENCFF234KSE	ENCSR211PJW	Homo sapiens NCI-H460 nuclear fraction	2	RNU6ATAC	U6atac	34
ENCFF234KSE	ENCSR211PJW	Homo sapiens NCI-H460 nuclear fraction	2	RNU2-2P	U2	0
ENCFF234KSE	ENCSR211PJW	Homo sapiens NCI-H460 nuclear fraction	2	RNU7-1	U7	0
ENCFF234KSE	ENCSR211PJW	Homo sapiens NCI-H460 nuclear fraction	2	RNU4-2	U4	17449
ENCFF234KSE	ENCSR211PJW	Homo sapiens NCI-H460 nuclear fraction	2	RNU4-1	U4	50068
ENCFF234KSE	ENCSR211PJW	Homo sapiens NCI-H460 nuclear fraction	2	RPPH1		0
ENCFF234KSE	ENCSR211PJW	Homo sapiens NCI-H460 nuclear fraction	2	RNU6-7	U6	51
ENCFF234KSE	ENCSR211PJW	Homo sapiens NCI-H460 nuclear fraction	2	RNU6-8	U6	3
ENCFF234KSE	ENCSR211PJW	Homo sapiens NCI-H460 nuclear fraction	2	RN7SL1		0
ENCFF234KSE	ENCSR211PJW	Homo sapiens NCI-H460 nuclear fraction	2	RN7SL2		117
ENCFF234KSE	ENCSR211PJW	Homo sapiens NCI-H460 nuclear fraction	2	RNU5A-1	U5	13452588
ENCFF234KSE	ENCSR211PJW	Homo sapiens NCI-H460 nuclear fraction	2	RNU5B-1	U5	1137316
ENCFF234KSE	ENCSR211PJW	Homo sapiens NCI-H460 nuclear fraction	2	RNU6-1	U6	13
ENCFF234KSE	ENCSR211PJW	Homo sapiens NCI-H460 nuclear fraction	2	RNU2-1	U2	0
ENCFF234KSE	ENCSR211PJW	Homo sapiens NCI-H460 nuclear fraction	2	RNU6-9	U6	17
ENCFF234KSE	ENCSR211PJW	Homo sapiens NCI-H460 nuclear fraction	2	RNU6-2	U6	17
ENCFF234KSE	ENCSR211PJW	Homo sapiens NCI-H460 nuclear fraction	2	RNU12	U12	0
ENCFF267QNZ	ENCSR968YZV	Homo sapiens NCI-H460 cytosolic fraction	1	RNU5E-1	U5	18811
ENCFF267QNZ	ENCSR968YZV	Homo sapiens NCI-H460 cytosolic fraction	1	RNU1-1	U1	4
ENCFF267QNZ	ENCSR968YZV	Homo sapiens NCI-H460 cytosolic fraction	1	RNU1-3	U1	0
ENCFF267QNZ	ENCSR968YZV	Homo sapiens NCI-H460 cytosolic fraction	1	RNU1-4	U1	0
ENCFF267QNZ	ENCSR968YZV	Homo sapiens NCI-H460 cytosolic fraction	1	RNU1-2	U1	0
ENCFF267QNZ	ENCSR968YZV	Homo sapiens NCI-H460 cytosolic fraction	1	RNU11	U11	0
ENCFF267QNZ	ENCSR968YZV	Homo sapiens NCI-H460 cytosolic fraction	1	RNU5F-1	U5	3972
ENCFF267QNZ	ENCSR968YZV	Homo sapiens NCI-H460 cytosolic fraction	1	RNU5D-1	U5	742
ENCFF267QNZ	ENCSR968YZV	Homo sapiens NCI-H460 cytosolic fraction	1	RNU4ATAC	U4atac	64103
ENCFF267QNZ	ENCSR968YZV	Homo sapiens NCI-H460 cytosolic fraction	1	RMRP		0
ENCFF267QNZ	ENCSR968YZV	Homo sapiens NCI-H460 cytosolic fraction	1	RNU6ATAC	U6atac	637
ENCFF267QNZ	ENCSR968YZV	Homo sapiens NCI-H460 cytosolic fraction	1	RNU2-2P	U2	0
ENCFF267QNZ	ENCSR968YZV	Homo sapiens NCI-H460 cytosolic fraction	1	RNU7-1	U7	0
ENCFF267QNZ	ENCSR968YZV	Homo sapiens NCI-H460 cytosolic fraction	1	RNU4-2	U4	15014
ENCFF267QNZ	ENCSR968YZV	Homo sapiens NCI-H460 cytosolic fraction	1	RNU4-1	U4	39967
ENCFF267QNZ	ENCSR968YZV	Homo sapiens NCI-H460 cytosolic fraction	1	RPPH1		0
ENCFF267QNZ	ENCSR968YZV	Homo sapiens NCI-H460 cytosolic fraction	1	RNU6-7	U6	863
ENCFF267QNZ	ENCSR968YZV	Homo sapiens NCI-H460 cytosolic fraction	1	RNU6-8	U6	2
ENCFF267QNZ	ENCSR968YZV	Homo sapiens NCI-H460 cytosolic fraction	1	RN7SL1		0
ENCFF267QNZ	ENCSR968YZV	Homo sapiens NCI-H460 cytosolic fraction	1	RN7SL2		8419
ENCFF267QNZ	ENCSR968YZV	Homo sapiens NCI-H460 cytosolic fraction	1	RNU5A-1	U5	9699051
ENCFF267QNZ	ENCSR968YZV	Homo sapiens NCI-H460 cytosolic fraction	1	RNU5B-1	U5	730689
ENCFF267QNZ	ENCSR968YZV	Homo sapiens NCI-H460 cytosolic fraction	1	RNU6-1	U6	93
ENCFF267QNZ	ENCSR968YZV	Homo sapiens NCI-H460 cytosolic fraction	1	RNU2-1	U2	0
ENCFF267QNZ	ENCSR968YZV	Homo sapiens NCI-H460 cytosolic fraction	1	RNU6-9	U6	30
ENCFF267QNZ	ENCSR968YZV	Homo sapiens NCI-H460 cytosolic fraction	1	RNU6-2	U6	30
ENCFF267QNZ	ENCSR968YZV	Homo sapiens NCI-H460 cytosolic fraction	1	RNU12	U12	0
ENCFF156TEY	ENCSR968YZV	Homo sapiens NCI-H460 cytosolic fraction	2	RNU5E-1	U5	17072
ENCFF156TEY	ENCSR968YZV	Homo sapiens NCI-H460 cytosolic fraction	2	RNU1-1	U1	3
ENCFF156TEY	ENCSR968YZV	Homo sapiens NCI-H460 cytosolic fraction	2	RNU1-3	U1	0
ENCFF156TEY	ENCSR968YZV	Homo sapiens NCI-H460 cytosolic fraction	2	RNU1-4	U1	0
ENCFF156TEY	ENCSR968YZV	Homo sapiens NCI-H460 cytosolic fraction	2	RNU1-2	U1	0
ENCFF156TEY	ENCSR968YZV	Homo sapiens NCI-H460 cytosolic fraction	2	RNU11	U11	0
ENCFF156TEY	ENCSR968YZV	Homo sapiens NCI-H460 cytosolic fraction	2	RNU5F-1	U5	2630
ENCFF156TEY	ENCSR968YZV	Homo sapiens NCI-H460 cytosolic fraction	2	RNU5D-1	U5	580
ENCFF156TEY	ENCSR968YZV	Homo sapiens NCI-H460 cytosolic fraction	2	RNU4ATAC	U4atac	58874
ENCFF156TEY	ENCSR968YZV	Homo sapiens NCI-H460 cytosolic fraction	2	RMRP		0
ENCFF156TEY	ENCSR968YZV	Homo sapiens NCI-H460 cytosolic fraction	2	RNU6ATAC	U6atac	421
ENCFF156TEY	ENCSR968YZV	Homo sapiens NCI-H460 cytosolic fraction	2	RNU2-2P	U2	0
ENCFF156TEY	ENCSR968YZV	Homo sapiens NCI-H460 cytosolic fraction	2	RNU7-1	U7	0
ENCFF156TEY	ENCSR968YZV	Homo sapiens NCI-H460 cytosolic fraction	2	RNU4-2	U4	16823
ENCFF156TEY	ENCSR968YZV	Homo sapiens NCI-H460 cytosolic fraction	2	RNU4-1	U4	51595
ENCFF156TEY	ENCSR968YZV	Homo sapiens NCI-H460 cytosolic fraction	2	RPPH1		0
ENCFF156TEY	ENCSR968YZV	Homo sapiens NCI-H460 cytosolic fraction	2	RNU6-7	U6	717
ENCFF156TEY	ENCSR968YZV	Homo sapiens NCI-H460 cytosolic fraction	2	RNU6-8	U6	3
ENCFF156TEY	ENCSR968YZV	Homo sapiens NCI-H460 cytosolic fraction	2	RN7SL1		0
ENCFF156TEY	ENCSR968YZV	Homo sapiens NCI-H460 cytosolic fraction	2	RN7SL2		2710
ENCFF156TEY	ENCSR968YZV	Homo sapiens NCI-H460 cytosolic fraction	2	RNU5A-1	U5	12268043
ENCFF156TEY	ENCSR968YZV	Homo sapiens NCI-H460 cytosolic fraction	2	RNU5B-1	U5	868625
ENCFF156TEY	ENCSR968YZV	Homo sapiens NCI-H460 cytosolic fraction	2	RNU6-1	U6	43
ENCFF156TEY	ENCSR968YZV	Homo sapiens NCI-H460 cytosolic fraction	2	RNU2-1	U2	0
ENCFF156TEY	ENCSR968YZV	Homo sapiens NCI-H460 cytosolic fraction	2	RNU6-9	U6	21
ENCFF156TEY	ENCSR968YZV	Homo sapiens NCI-H460 cytosolic fraction	2	RNU6-2	U6	21
ENCFF156TEY	ENCSR968YZV	Homo sapiens NCI-H460 cytosolic fraction	2	RNU12	U12	0
ENCFF587ITO	ENCSR603RPC	Homo sapiens bipolar neuron originated from GM23338 treated with 0.5 μg/mL doxycycline hyclate for 4 days	1	RNU5E-1	U5	148939
ENCFF587ITO	ENCSR603RPC	Homo sapiens bipolar neuron originated from GM23338 treated with 0.5 μg/mL doxycycline hyclate for 4 days	1	RNU1-1	U1	1
ENCFF587ITO	ENCSR603RPC	Homo sapiens bipolar neuron originated from GM23338 treated with 0.5 μg/mL doxycycline hyclate for 4 days	1	RNU1-3	U1	0
ENCFF587ITO	ENCSR603RPC	Homo sapiens bipolar neuron originated from GM23338 treated with 0.5 μg/mL doxycycline hyclate for 4 days	1	RNU1-4	U1	0
ENCFF587ITO	ENCSR603RPC	Homo sapiens bipolar neuron originated from GM23338 treated with 0.5 μg/mL doxycycline hyclate for 4 days	1	RNU1-2	U1	1
ENCFF587ITO	ENCSR603RPC	Homo sapiens bipolar neuron originated from GM23338 treated with 0.5 μg/mL doxycycline hyclate for 4 days	1	RNU11	U11	0
ENCFF587ITO	ENCSR603RPC	Homo sapiens bipolar neuron originated from GM23338 treated with 0.5 μg/mL doxycycline hyclate for 4 days	1	RNU5F-1	U5	844
ENCFF587ITO	ENCSR603RPC	Homo sapiens bipolar neuron originated from GM23338 treated with 0.5 μg/mL doxycycline hyclate for 4 days	1	RNU5D-1	U5	262
ENCFF587ITO	ENCSR603RPC	Homo sapiens bipolar neuron originated from GM23338 treated with 0.5 μg/mL doxycycline hyclate for 4 days	1	RNU4ATAC	U4atac	110157
ENCFF587ITO	ENCSR603RPC	Homo sapiens bipolar neuron originated from GM23338 treated with 0.5 μg/mL doxycycline hyclate for 4 days	1	RMRP		0
ENCFF587ITO	ENCSR603RPC	Homo sapiens bipolar neuron originated from GM23338 treated with 0.5 μg/mL doxycycline hyclate for 4 days	1	RNU6ATAC	U6atac	81
ENCFF587ITO	ENCSR603RPC	Homo sapiens bipolar neuron originated from GM23338 treated with 0.5 μg/mL doxycycline hyclate for 4 days	1	RNU2-2P	U2	0
ENCFF587ITO	ENCSR603RPC	Homo sapiens bipolar neuron originated from GM23338 treated with 0.5 μg/mL doxycycline hyclate for 4 days	1	RNU7-1	U7	0
ENCFF587ITO	ENCSR603RPC	Homo sapiens bipolar neuron originated from GM23338 treated with 0.5 μg/mL doxycycline hyclate for 4 days	1	RNU4-2	U4	85857
ENCFF587ITO	ENCSR603RPC	Homo sapiens bipolar neuron originated from GM23338 treated with 0.5 μg/mL doxycycline hyclate for 4 days	1	RNU4-1	U4	96186
ENCFF587ITO	ENCSR603RPC	Homo sapiens bipolar neuron originated from GM23338 treated with 0.5 μg/mL doxycycline hyclate for 4 days	1	RPPH1		0
ENCFF587ITO	ENCSR603RPC	Homo sapiens bipolar neuron originated from GM23338 treated with 0.5 μg/mL doxycycline hyclate for 4 days	1	RNU6-7	U6	48
ENCFF587ITO	ENCSR603RPC	Homo sapiens bipolar neuron originated from GM23338 treated with 0.5 μg/mL doxycycline hyclate for 4 days	1	RNU6-8	U6	2
ENCFF587ITO	ENCSR603RPC	Homo sapiens bipolar neuron originated from GM23338 treated with 0.5 μg/mL doxycycline hyclate for 4 days	1	RN7SL1		0
ENCFF587ITO	ENCSR603RPC	Homo sapiens bipolar neuron originated from GM23338 treated with 0.5 μg/mL doxycycline hyclate for 4 days	1	RN7SL2		16757
ENCFF587ITO	ENCSR603RPC	Homo sapiens bipolar neuron originated from GM23338 treated with 0.5 μg/mL doxycycline hyclate for 4 days	1	RNU5A-1	U5	8969690
ENCFF587ITO	ENCSR603RPC	Homo sapiens bipolar neuron originated from GM23338 treated with 0.5 μg/mL doxycycline hyclate for 4 days	1	RNU5B-1	U5	903191
ENCFF587ITO	ENCSR603RPC	Homo sapiens bipolar neuron originated from GM23338 treated with 0.5 μg/mL doxycycline hyclate for 4 days	1	RNU6-1	U6	22
ENCFF587ITO	ENCSR603RPC	Homo sapiens bipolar neuron originated from GM23338 treated with 0.5 μg/mL doxycycline hyclate for 4 days	1	RNU2-1	U2	0
ENCFF587ITO	ENCSR603RPC	Homo sapiens bipolar neuron originated from GM23338 treated with 0.5 μg/mL doxycycline hyclate for 4 days	1	RNU6-9	U6	10
ENCFF587ITO	ENCSR603RPC	Homo sapiens bipolar neuron originated from GM23338 treated with 0.5 μg/mL doxycycline hyclate for 4 days	1	RNU6-2	U6	13
ENCFF587ITO	ENCSR603RPC	Homo sapiens bipolar neuron originated from GM23338 treated with 0.5 μg/mL doxycycline hyclate for 4 days	1	RNU12	U12	0
ENCFF890UCC	ENCSR603RPC	Homo sapiens bipolar neuron originated from GM23338 treated with 0.5 μg/mL doxycycline hyclate for 4 days	2	RNU5E-1	U5	507812
ENCFF890UCC	ENCSR603RPC	Homo sapiens bipolar neuron originated from GM23338 treated with 0.5 μg/mL doxycycline hyclate for 4 days	2	RNU1-1	U1	0
ENCFF890UCC	ENCSR603RPC	Homo sapiens bipolar neuron originated from GM23338 treated with 0.5 μg/mL doxycycline hyclate for 4 days	2	RNU1-3	U1	0
ENCFF890UCC	ENCSR603RPC	Homo sapiens bipolar neuron originated from GM23338 treated with 0.5 μg/mL doxycycline hyclate for 4 days	2	RNU1-4	U1	0
ENCFF890UCC	ENCSR603RPC	Homo sapiens bipolar neuron originated from GM23338 treated with 0.5 μg/mL doxycycline hyclate for 4 days	2	RNU1-2	U1	0
ENCFF890UCC	ENCSR603RPC	Homo sapiens bipolar neuron originated from GM23338 treated with 0.5 μg/mL doxycycline hyclate for 4 days	2	RNU11	U11	0
ENCFF890UCC	ENCSR603RPC	Homo sapiens bipolar neuron originated from GM23338 treated with 0.5 μg/mL doxycycline hyclate for 4 days	2	RNU5F-1	U5	2570
ENCFF890UCC	ENCSR603RPC	Homo sapiens bipolar neuron originated from GM23338 treated with 0.5 μg/mL doxycycline hyclate for 4 days	2	RNU5D-1	U5	581
ENCFF890UCC	ENCSR603RPC	Homo sapiens bipolar neuron originated from GM23338 treated with 0.5 μg/mL doxycycline hyclate for 4 days	2	RNU4ATAC	U4atac	57963
ENCFF890UCC	ENCSR603RPC	Homo sapiens bipolar neuron originated from GM23338 treated with 0.5 μg/mL doxycycline hyclate for 4 days	2	RMRP		0
ENCFF890UCC	ENCSR603RPC	Homo sapiens bipolar neuron originated from GM23338 treated with 0.5 μg/mL doxycycline hyclate for 4 days	2	RNU6ATAC	U6atac	157
ENCFF890UCC	ENCSR603RPC	Homo sapiens bipolar neuron originated from GM23338 treated with 0.5 μg/mL doxycycline hyclate for 4 days	2	RNU2-2P	U2	0
ENCFF890UCC	ENCSR603RPC	Homo sapiens bipolar neuron originated from GM23338 treated with 0.5 μg/mL doxycycline hyclate for 4 days	2	RNU7-1	U7	0
ENCFF890UCC	ENCSR603RPC	Homo sapiens bipolar neuron originated from GM23338 treated with 0.5 μg/mL doxycycline hyclate for 4 days	2	RNU4-2	U4	43105
ENCFF890UCC	ENCSR603RPC	Homo sapiens bipolar neuron originated from GM23338 treated with 0.5 μg/mL doxycycline hyclate for 4 days	2	RNU4-1	U4	70282
ENCFF890UCC	ENCSR603RPC	Homo sapiens bipolar neuron originated from GM23338 treated with 0.5 μg/mL doxycycline hyclate for 4 days	2	RPPH1		0
ENCFF890UCC	ENCSR603RPC	Homo sapiens bipolar neuron originated from GM23338 treated with 0.5 μg/mL doxycycline hyclate for 4 days	2	RNU6-7	U6	16
ENCFF890UCC	ENCSR603RPC	Homo sapiens bipolar neuron originated from GM23338 treated with 0.5 μg/mL doxycycline hyclate for 4 days	2	RNU6-8	U6	3
ENCFF890UCC	ENCSR603RPC	Homo sapiens bipolar neuron originated from GM23338 treated with 0.5 μg/mL doxycycline hyclate for 4 days	2	RN7SL1		0
ENCFF890UCC	ENCSR603RPC	Homo sapiens bipolar neuron originated from GM23338 treated with 0.5 μg/mL doxycycline hyclate for 4 days	2	RN7SL2		2171
ENCFF890UCC	ENCSR603RPC	Homo sapiens bipolar neuron originated from GM23338 treated with 0.5 μg/mL doxycycline hyclate for 4 days	2	RNU5A-1	U5	12706830
ENCFF890UCC	ENCSR603RPC	Homo sapiens bipolar neuron originated from GM23338 treated with 0.5 μg/mL doxycycline hyclate for 4 days	2	RNU5B-1	U5	1307326
ENCFF890UCC	ENCSR603RPC	Homo sapiens bipolar neuron originated from GM23338 treated with 0.5 μg/mL doxycycline hyclate for 4 days	2	RNU6-1	U6	10
ENCFF890UCC	ENCSR603RPC	Homo sapiens bipolar neuron originated from GM23338 treated with 0.5 μg/mL doxycycline hyclate for 4 days	2	RNU2-1	U2	0
ENCFF890UCC	ENCSR603RPC	Homo sapiens bipolar neuron originated from GM23338 treated with 0.5 μg/mL doxycycline hyclate for 4 days	2	RNU6-9	U6	11
ENCFF890UCC	ENCSR603RPC	Homo sapiens bipolar neuron originated from GM23338 treated with 0.5 μg/mL doxycycline hyclate for 4 days	2	RNU6-2	U6	18
ENCFF890UCC	ENCSR603RPC	Homo sapiens bipolar neuron originated from GM23338 treated with 0.5 μg/mL doxycycline hyclate for 4 days	2	RNU12	U12	0
ENCFF586EAG	ENCSR722POQ	Homo sapiens GM23338 originated from GM23248	1	RNU5E-1	U5	370620
ENCFF586EAG	ENCSR722POQ	Homo sapiens GM23338 originated from GM23248	1	RNU1-1	U1	1
ENCFF586EAG	ENCSR722POQ	Homo sapiens GM23338 originated from GM23248	1	RNU1-3	U1	0
ENCFF586EAG	ENCSR722POQ	Homo sapiens GM23338 originated from GM23248	1	RNU1-4	U1	0
ENCFF586EAG	ENCSR722POQ	Homo sapiens GM23338 originated from GM23248	1	RNU1-2	U1	1
ENCFF586EAG	ENCSR722POQ	Homo sapiens GM23338 originated from GM23248	1	RNU11	U11	0
ENCFF586EAG	ENCSR722POQ	Homo sapiens GM23338 originated from GM23248	1	RNU5F-1	U5	5034
ENCFF586EAG	ENCSR722POQ	Homo sapiens GM23338 originated from GM23248	1	RNU5D-1	U5	13348
ENCFF586EAG	ENCSR722POQ	Homo sapiens GM23338 originated from GM23248	1	RNU4ATAC	U4atac	7858
ENCFF586EAG	ENCSR722POQ	Homo sapiens GM23338 originated from GM23248	1	RMRP		0
ENCFF586EAG	ENCSR722POQ	Homo sapiens GM23338 originated from GM23248	1	RNU6ATAC	U6atac	604
ENCFF586EAG	ENCSR722POQ	Homo sapiens GM23338 originated from GM23248	1	RNU2-2P	U2	0
ENCFF586EAG	ENCSR722POQ	Homo sapiens GM23338 originated from GM23248	1	RNU7-1	U7	0
ENCFF586EAG	ENCSR722POQ	Homo sapiens GM23338 originated from GM23248	1	RNU4-2	U4	31291
ENCFF586EAG	ENCSR722POQ	Homo sapiens GM23338 originated from GM23248	1	RNU4-1	U4	177002
ENCFF586EAG	ENCSR722POQ	Homo sapiens GM23338 originated from GM23248	1	RPPH1		0
ENCFF586EAG	ENCSR722POQ	Homo sapiens GM23338 originated from GM23248	1	RNU6-7	U6	2
ENCFF586EAG	ENCSR722POQ	Homo sapiens GM23338 originated from GM23248	1	RNU6-8	U6	4
ENCFF586EAG	ENCSR722POQ	Homo sapiens GM23338 originated from GM23248	1	RN7SL1		0
ENCFF586EAG	ENCSR722POQ	Homo sapiens GM23338 originated from GM23248	1	RN7SL2		1896
ENCFF586EAG	ENCSR722POQ	Homo sapiens GM23338 originated from GM23248	1	RNU5A-1	U5	18613120
ENCFF586EAG	ENCSR722POQ	Homo sapiens GM23338 originated from GM23248	1	RNU5B-1	U5	1901300
ENCFF586EAG	ENCSR722POQ	Homo sapiens GM23338 originated from GM23248	1	RNU6-1	U6	7
ENCFF586EAG	ENCSR722POQ	Homo sapiens GM23338 originated from GM23248	1	RNU2-1	U2	0
ENCFF586EAG	ENCSR722POQ	Homo sapiens GM23338 originated from GM23248	1	RNU6-9	U6	341
ENCFF586EAG	ENCSR722POQ	Homo sapiens GM23338 originated from GM23248	1	RNU6-2	U6	25
ENCFF586EAG	ENCSR722POQ	Homo sapiens GM23338 originated from GM23248	1	RNU12	U12	0
ENCFF437ECY	ENCSR722POQ	Homo sapiens GM23338 originated from GM23248	2	RNU5E-1	U5	59381
ENCFF437ECY	ENCSR722POQ	Homo sapiens GM23338 originated from GM23248	2	RNU1-1	U1	0
ENCFF437ECY	ENCSR722POQ	Homo sapiens GM23338 originated from GM23248	2	RNU1-3	U1	0
ENCFF437ECY	ENCSR722POQ	Homo sapiens GM23338 originated from GM23248	2	RNU1-4	U1	0
ENCFF437ECY	ENCSR722POQ	Homo sapiens GM23338 originated from GM23248	2	RNU1-2	U1	0
ENCFF437ECY	ENCSR722POQ	Homo sapiens GM23338 originated from GM23248	2	RNU11	U11	0
ENCFF437ECY	ENCSR722POQ	Homo sapiens GM23338 originated from GM23248	2	RNU5F-1	U5	4090
ENCFF437ECY	ENCSR722POQ	Homo sapiens GM23338 originated from GM23248	2	RNU5D-1	U5	3721
ENCFF437ECY	ENCSR722POQ	Homo sapiens GM23338 originated from GM23248	2	RNU4ATAC	U4atac	486
ENCFF437ECY	ENCSR722POQ	Homo sapiens GM23338 originated from GM23248	2	RMRP		0
ENCFF437ECY	ENCSR722POQ	Homo sapiens GM23338 originated from GM23248	2	RNU6ATAC	U6atac	78
ENCFF437ECY	ENCSR722POQ	Homo sapiens GM23338 originated from GM23248	2	RNU2-2P	U2	0
ENCFF437ECY	ENCSR722POQ	Homo sapiens GM23338 originated from GM23248	2	RNU7-1	U7	0
ENCFF437ECY	ENCSR722POQ	Homo sapiens GM23338 originated from GM23248	2	RNU4-2	U4	27339
ENCFF437ECY	ENCSR722POQ	Homo sapiens GM23338 originated from GM23248	2	RNU4-1	U4	369791
ENCFF437ECY	ENCSR722POQ	Homo sapiens GM23338 originated from GM23248	2	RPPH1		0
ENCFF437ECY	ENCSR722POQ	Homo sapiens GM23338 originated from GM23248	2	RNU6-7	U6	0
ENCFF437ECY	ENCSR722POQ	Homo sapiens GM23338 originated from GM23248	2	RNU6-8	U6	1
ENCFF437ECY	ENCSR722POQ	Homo sapiens GM23338 originated from GM23248	2	RN7SL1		0
ENCFF437ECY	ENCSR722POQ	Homo sapiens GM23338 originated from GM23248	2	RN7SL2		208
ENCFF437ECY	ENCSR722POQ	Homo sapiens GM23338 originated from GM23248	2	RNU5A-1	U5	1663050
ENCFF437ECY	ENCSR722POQ	Homo sapiens GM23338 originated from GM23248	2	RNU5B-1	U5	145794
ENCFF437ECY	ENCSR722POQ	Homo sapiens GM23338 originated from GM23248	2	RNU6-1	U6	2
ENCFF437ECY	ENCSR722POQ	Homo sapiens GM23338 originated from GM23248	2	RNU2-1	U2	0
ENCFF437ECY	ENCSR722POQ	Homo sapiens GM23338 originated from GM23248	2	RNU6-9	U6	241
ENCFF437ECY	ENCSR722POQ	Homo sapiens GM23338 originated from GM23248	2	RNU6-2	U6	27
ENCFF437ECY	ENCSR722POQ	Homo sapiens GM23338 originated from GM23248	2	RNU12	U12	0
ENCFF597EUV	ENCSR489KNQ	Homo sapiens GM23248	1	RNU5E-1	U5	38977
ENCFF597EUV	ENCSR489KNQ	Homo sapiens GM23248	1	RNU1-1	U1	1
ENCFF597EUV	ENCSR489KNQ	Homo sapiens GM23248	1	RNU1-3	U1	0
ENCFF597EUV	ENCSR489KNQ	Homo sapiens GM23248	1	RNU1-4	U1	0
ENCFF597EUV	ENCSR489KNQ	Homo sapiens GM23248	1	RNU1-2	U1	0
ENCFF597EUV	ENCSR489KNQ	Homo sapiens GM23248	1	RNU11	U11	0
ENCFF597EUV	ENCSR489KNQ	Homo sapiens GM23248	1	RNU5F-1	U5	569
ENCFF597EUV	ENCSR489KNQ	Homo sapiens GM23248	1	RNU5D-1	U5	480
ENCFF597EUV	ENCSR489KNQ	Homo sapiens GM23248	1	RNU4ATAC	U4atac	3270
ENCFF597EUV	ENCSR489KNQ	Homo sapiens GM23248	1	RMRP		0
ENCFF597EUV	ENCSR489KNQ	Homo sapiens GM23248	1	RNU6ATAC	U6atac	5
ENCFF597EUV	ENCSR489KNQ	Homo sapiens GM23248	1	RNU2-2P	U2	0
ENCFF597EUV	ENCSR489KNQ	Homo sapiens GM23248	1	RNU7-1	U7	0
ENCFF597EUV	ENCSR489KNQ	Homo sapiens GM23248	1	RNU4-2	U4	5608
ENCFF597EUV	ENCSR489KNQ	Homo sapiens GM23248	1	RNU4-1	U4	3959
ENCFF597EUV	ENCSR489KNQ	Homo sapiens GM23248	1	RPPH1		0
ENCFF597EUV	ENCSR489KNQ	Homo sapiens GM23248	1	RNU6-7	U6	0
ENCFF597EUV	ENCSR489KNQ	Homo sapiens GM23248	1	RNU6-8	U6	0
ENCFF597EUV	ENCSR489KNQ	Homo sapiens GM23248	1	RN7SL1		0
ENCFF597EUV	ENCSR489KNQ	Homo sapiens GM23248	1	RN7SL2		495
ENCFF597EUV	ENCSR489KNQ	Homo sapiens GM23248	1	RNU5A-1	U5	11966881
ENCFF597EUV	ENCSR489KNQ	Homo sapiens GM23248	1	RNU5B-1	U5	1337154
ENCFF597EUV	ENCSR489KNQ	Homo sapiens GM23248	1	RNU6-1	U6	1
ENCFF597EUV	ENCSR489KNQ	Homo sapiens GM23248	1	RNU2-1	U2	0
ENCFF597EUV	ENCSR489KNQ	Homo sapiens GM23248	1	RNU6-9	U6	2
ENCFF597EUV	ENCSR489KNQ	Homo sapiens GM23248	1	RNU6-2	U6	1
ENCFF597EUV	ENCSR489KNQ	Homo sapiens GM23248	1	RNU12	U12	0
ENCFF180VYS	ENCSR489KNQ	Homo sapiens GM23248	2	RNU5E-1	U5	42500
ENCFF180VYS	ENCSR489KNQ	Homo sapiens GM23248	2	RNU1-1	U1	0
ENCFF180VYS	ENCSR489KNQ	Homo sapiens GM23248	2	RNU1-3	U1	0
ENCFF180VYS	ENCSR489KNQ	Homo sapiens GM23248	2	RNU1-4	U1	0
ENCFF180VYS	ENCSR489KNQ	Homo sapiens GM23248	2	RNU1-2	U1	0
ENCFF180VYS	ENCSR489KNQ	Homo sapiens GM23248	2	RNU11	U11	0
ENCFF180VYS	ENCSR489KNQ	Homo sapiens GM23248	2	RNU5F-1	U5	835
ENCFF180VYS	ENCSR489KNQ	Homo sapiens GM23248	2	RNU5D-1	U5	478
ENCFF180VYS	ENCSR489KNQ	Homo sapiens GM23248	2	RNU4ATAC	U4atac	2725
ENCFF180VYS	ENCSR489KNQ	Homo sapiens GM23248	2	RMRP		0
ENCFF180VYS	ENCSR489KNQ	Homo sapiens GM23248	2	RNU6ATAC	U6atac	8
ENCFF180VYS	ENCSR489KNQ	Homo sapiens GM23248	2	RNU2-2P	U2	0
ENCFF180VYS	ENCSR489KNQ	Homo sapiens GM23248	2	RNU7-1	U7	0
ENCFF180VYS	ENCSR489KNQ	Homo sapiens GM23248	2	RNU4-2	U4	3515
ENCFF180VYS	ENCSR489KNQ	Homo sapiens GM23248	2	RNU4-1	U4	3226
ENCFF180VYS	ENCSR489KNQ	Homo sapiens GM23248	2	RPPH1		0
ENCFF180VYS	ENCSR489KNQ	Homo sapiens GM23248	2	RNU6-7	U6	0
ENCFF180VYS	ENCSR489KNQ	Homo sapiens GM23248	2	RNU6-8	U6	0
ENCFF180VYS	ENCSR489KNQ	Homo sapiens GM23248	2	RN7SL1		0
ENCFF180VYS	ENCSR489KNQ	Homo sapiens GM23248	2	RN7SL2		476
ENCFF180VYS	ENCSR489KNQ	Homo sapiens GM23248	2	RNU5A-1	U5	13486322
ENCFF180VYS	ENCSR489KNQ	Homo sapiens GM23248	2	RNU5B-1	U5	1286033
ENCFF180VYS	ENCSR489KNQ	Homo sapiens GM23248	2	RNU6-1	U6	2
ENCFF180VYS	ENCSR489KNQ	Homo sapiens GM23248	2	RNU2-1	U2	0
ENCFF180VYS	ENCSR489KNQ	Homo sapiens GM23248	2	RNU6-9	U6	0
ENCFF180VYS	ENCSR489KNQ	Homo sapiens GM23248	2	RNU6-2	U6	1
ENCFF180VYS	ENCSR489KNQ	Homo sapiens GM23248	2	RNU12	U12	0
ENCFF575ZXA	ENCSR376XXO	Homo sapiens A375	1	RNU5E-1	U5	87711
ENCFF575ZXA	ENCSR376XXO	Homo sapiens A375	1	RNU1-1	U1	0
ENCFF575ZXA	ENCSR376XXO	Homo sapiens A375	1	RNU1-3	U1	0
ENCFF575ZXA	ENCSR376XXO	Homo sapiens A375	1	RNU1-4	U1	0
ENCFF575ZXA	ENCSR376XXO	Homo sapiens A375	1	RNU1-2	U1	0
ENCFF575ZXA	ENCSR376XXO	Homo sapiens A375	1	RNU11	U11	0
ENCFF575ZXA	ENCSR376XXO	Homo sapiens A375	1	RNU5F-1	U5	16980
ENCFF575ZXA	ENCSR376XXO	Homo sapiens A375	1	RNU5D-1	U5	8168
ENCFF575ZXA	ENCSR376XXO	Homo sapiens A375	1	RNU4ATAC	U4atac	26289
ENCFF575ZXA	ENCSR376XXO	Homo sapiens A375	1	RMRP		0
ENCFF575ZXA	ENCSR376XXO	Homo sapiens A375	1	RNU6ATAC	U6atac	37
ENCFF575ZXA	ENCSR376XXO	Homo sapiens A375	1	RNU2-2P	U2	0
ENCFF575ZXA	ENCSR376XXO	Homo sapiens A375	1	RNU7-1	U7	0
ENCFF575ZXA	ENCSR376XXO	Homo sapiens A375	1	RNU4-2	U4	14008
ENCFF575ZXA	ENCSR376XXO	Homo sapiens A375	1	RNU4-1	U4	20296
ENCFF575ZXA	ENCSR376XXO	Homo sapiens A375	1	RPPH1		0
ENCFF575ZXA	ENCSR376XXO	Homo sapiens A375	1	RNU6-7	U6	147
ENCFF575ZXA	ENCSR376XXO	Homo sapiens A375	1	RNU6-8	U6	1
ENCFF575ZXA	ENCSR376XXO	Homo sapiens A375	1	RN7SL1		0
ENCFF575ZXA	ENCSR376XXO	Homo sapiens A375	1	RN7SL2		940
ENCFF575ZXA	ENCSR376XXO	Homo sapiens A375	1	RNU5A-1	U5	15026449
ENCFF575ZXA	ENCSR376XXO	Homo sapiens A375	1	RNU5B-1	U5	835417
ENCFF575ZXA	ENCSR376XXO	Homo sapiens A375	1	RNU6-1	U6	76
ENCFF575ZXA	ENCSR376XXO	Homo sapiens A375	1	RNU2-1	U2	0
ENCFF575ZXA	ENCSR376XXO	Homo sapiens A375	1	RNU6-9	U6	10
ENCFF575ZXA	ENCSR376XXO	Homo sapiens A375	1	RNU6-2	U6	12
ENCFF575ZXA	ENCSR376XXO	Homo sapiens A375	1	RNU12	U12	0
ENCFF758KCW	ENCSR376XXO	Homo sapiens A375	2	RNU5E-1	U5	77423
ENCFF758KCW	ENCSR376XXO	Homo sapiens A375	2	RNU1-1	U1	0
ENCFF758KCW	ENCSR376XXO	Homo sapiens A375	2	RNU1-3	U1	0
ENCFF758KCW	ENCSR376XXO	Homo sapiens A375	2	RNU1-4	U1	0
ENCFF758KCW	ENCSR376XXO	Homo sapiens A375	2	RNU1-2	U1	0
ENCFF758KCW	ENCSR376XXO	Homo sapiens A375	2	RNU11	U11	0
ENCFF758KCW	ENCSR376XXO	Homo sapiens A375	2	RNU5F-1	U5	17293
ENCFF758KCW	ENCSR376XXO	Homo sapiens A375	2	RNU5D-1	U5	6985
ENCFF758KCW	ENCSR376XXO	Homo sapiens A375	2	RNU4ATAC	U4atac	18572
ENCFF758KCW	ENCSR376XXO	Homo sapiens A375	2	RMRP		0
ENCFF758KCW	ENCSR376XXO	Homo sapiens A375	2	RNU6ATAC	U6atac	23
ENCFF758KCW	ENCSR376XXO	Homo sapiens A375	2	RNU2-2P	U2	0
ENCFF758KCW	ENCSR376XXO	Homo sapiens A375	2	RNU7-1	U7	0
ENCFF758KCW	ENCSR376XXO	Homo sapiens A375	2	RNU4-2	U4	13105
ENCFF758KCW	ENCSR376XXO	Homo sapiens A375	2	RNU4-1	U4	18516
ENCFF758KCW	ENCSR376XXO	Homo sapiens A375	2	RPPH1		0
ENCFF758KCW	ENCSR376XXO	Homo sapiens A375	2	RNU6-7	U6	86
ENCFF758KCW	ENCSR376XXO	Homo sapiens A375	2	RNU6-8	U6	2
ENCFF758KCW	ENCSR376XXO	Homo sapiens A375	2	RN7SL1		0
ENCFF758KCW	ENCSR376XXO	Homo sapiens A375	2	RN7SL2		1270
ENCFF758KCW	ENCSR376XXO	Homo sapiens A375	2	RNU5A-1	U5	13076041
ENCFF758KCW	ENCSR376XXO	Homo sapiens A375	2	RNU5B-1	U5	750846
ENCFF758KCW	ENCSR376XXO	Homo sapiens A375	2	RNU6-1	U6	44
ENCFF758KCW	ENCSR376XXO	Homo sapiens A375	2	RNU2-1	U2	0
ENCFF758KCW	ENCSR376XXO	Homo sapiens A375	2	RNU6-9	U6	17
ENCFF758KCW	ENCSR376XXO	Homo sapiens A375	2	RNU6-2	U6	7
ENCFF758KCW	ENCSR376XXO	Homo sapiens A375	2	RNU12	U12	0
ENCFF426EMQ	ENCSR807KQN	Homo sapiens HT-29	1	RNU5E-1	U5	50135
ENCFF426EMQ	ENCSR807KQN	Homo sapiens HT-29	1	RNU1-1	U1	3
ENCFF426EMQ	ENCSR807KQN	Homo sapiens HT-29	1	RNU1-3	U1	0
ENCFF426EMQ	ENCSR807KQN	Homo sapiens HT-29	1	RNU1-4	U1	0
ENCFF426EMQ	ENCSR807KQN	Homo sapiens HT-29	1	RNU1-2	U1	0
ENCFF426EMQ	ENCSR807KQN	Homo sapiens HT-29	1	RNU11	U11	0
ENCFF426EMQ	ENCSR807KQN	Homo sapiens HT-29	1	RNU5F-1	U5	2139
ENCFF426EMQ	ENCSR807KQN	Homo sapiens HT-29	1	RNU5D-1	U5	4089
ENCFF426EMQ	ENCSR807KQN	Homo sapiens HT-29	1	RNU4ATAC	U4atac	23941
ENCFF426EMQ	ENCSR807KQN	Homo sapiens HT-29	1	RMRP		0
ENCFF426EMQ	ENCSR807KQN	Homo sapiens HT-29	1	RNU6ATAC	U6atac	70
ENCFF426EMQ	ENCSR807KQN	Homo sapiens HT-29	1	RNU2-2P	U2	0
ENCFF426EMQ	ENCSR807KQN	Homo sapiens HT-29	1	RNU7-1	U7	0
ENCFF426EMQ	ENCSR807KQN	Homo sapiens HT-29	1	RNU4-2	U4	9580
ENCFF426EMQ	ENCSR807KQN	Homo sapiens HT-29	1	RNU4-1	U4	6742
ENCFF426EMQ	ENCSR807KQN	Homo sapiens HT-29	1	RPPH1		0
ENCFF426EMQ	ENCSR807KQN	Homo sapiens HT-29	1	RNU6-7	U6	8
ENCFF426EMQ	ENCSR807KQN	Homo sapiens HT-29	1	RNU6-8	U6	7
ENCFF426EMQ	ENCSR807KQN	Homo sapiens HT-29	1	RN7SL1		0
ENCFF426EMQ	ENCSR807KQN	Homo sapiens HT-29	1	RN7SL2		1156
ENCFF426EMQ	ENCSR807KQN	Homo sapiens HT-29	1	RNU5A-1	U5	7793764
ENCFF426EMQ	ENCSR807KQN	Homo sapiens HT-29	1	RNU5B-1	U5	751638
ENCFF426EMQ	ENCSR807KQN	Homo sapiens HT-29	1	RNU6-1	U6	23
ENCFF426EMQ	ENCSR807KQN	Homo sapiens HT-29	1	RNU2-1	U2	0
ENCFF426EMQ	ENCSR807KQN	Homo sapiens HT-29	1	RNU6-9	U6	6
ENCFF426EMQ	ENCSR807KQN	Homo sapiens HT-29	1	RNU6-2	U6	15
ENCFF426EMQ	ENCSR807KQN	Homo sapiens HT-29	1	RNU12	U12	0
ENCFF854RLZ	ENCSR807KQN	Homo sapiens HT-29	2	RNU5E-1	U5	47744
ENCFF854RLZ	ENCSR807KQN	Homo sapiens HT-29	2	RNU1-1	U1	1
ENCFF854RLZ	ENCSR807KQN	Homo sapiens HT-29	2	RNU1-3	U1	0
ENCFF854RLZ	ENCSR807KQN	Homo sapiens HT-29	2	RNU1-4	U1	0
ENCFF854RLZ	ENCSR807KQN	Homo sapiens HT-29	2	RNU1-2	U1	0
ENCFF854RLZ	ENCSR807KQN	Homo sapiens HT-29	2	RNU11	U11	0
ENCFF854RLZ	ENCSR807KQN	Homo sapiens HT-29	2	RNU5F-1	U5	1556
ENCFF854RLZ	ENCSR807KQN	Homo sapiens HT-29	2	RNU5D-1	U5	4099
ENCFF854RLZ	ENCSR807KQN	Homo sapiens HT-29	2	RNU4ATAC	U4atac	17761
ENCFF854RLZ	ENCSR807KQN	Homo sapiens HT-29	2	RMRP		0
ENCFF854RLZ	ENCSR807KQN	Homo sapiens HT-29	2	RNU6ATAC	U6atac	42
ENCFF854RLZ	ENCSR807KQN	Homo sapiens HT-29	2	RNU2-2P	U2	0
ENCFF854RLZ	ENCSR807KQN	Homo sapiens HT-29	2	RNU7-1	U7	0
ENCFF854RLZ	ENCSR807KQN	Homo sapiens HT-29	2	RNU4-2	U4	9480
ENCFF854RLZ	ENCSR807KQN	Homo sapiens HT-29	2	RNU4-1	U4	7285
ENCFF854RLZ	ENCSR807KQN	Homo sapiens HT-29	2	RPPH1		0
ENCFF854RLZ	ENCSR807KQN	Homo sapiens HT-29	2	RNU6-7	U6	1
ENCFF854RLZ	ENCSR807KQN	Homo sapiens HT-29	2	RNU6-8	U6	3
ENCFF854RLZ	ENCSR807KQN	Homo sapiens HT-29	2	RN7SL1		0
ENCFF854RLZ	ENCSR807KQN	Homo sapiens HT-29	2	RN7SL2		2459
ENCFF854RLZ	ENCSR807KQN	Homo sapiens HT-29	2	RNU5A-1	U5	9821884
ENCFF854RLZ	ENCSR807KQN	Homo sapiens HT-29	2	RNU5B-1	U5	919088
ENCFF854RLZ	ENCSR807KQN	Homo sapiens HT-29	2	RNU6-1	U6	19
ENCFF854RLZ	ENCSR807KQN	Homo sapiens HT-29	2	RNU2-1	U2	0
ENCFF854RLZ	ENCSR807KQN	Homo sapiens HT-29	2	RNU6-9	U6	3
ENCFF854RLZ	ENCSR807KQN	Homo sapiens HT-29	2	RNU6-2	U6	8
ENCFF854RLZ	ENCSR807KQN	Homo sapiens HT-29	2	RNU12	U12	0
ENCFF153LVM	ENCSR905KHW	Homo sapiens Karpas-422	1	RNU5E-1	U5	95934
ENCFF153LVM	ENCSR905KHW	Homo sapiens Karpas-422	1	RNU1-1	U1	2
ENCFF153LVM	ENCSR905KHW	Homo sapiens Karpas-422	1	RNU1-3	U1	0
ENCFF153LVM	ENCSR905KHW	Homo sapiens Karpas-422	1	RNU1-4	U1	0
ENCFF153LVM	ENCSR905KHW	Homo sapiens Karpas-422	1	RNU1-2	U1	1
ENCFF153LVM	ENCSR905KHW	Homo sapiens Karpas-422	1	RNU11	U11	0
ENCFF153LVM	ENCSR905KHW	Homo sapiens Karpas-422	1	RNU5F-1	U5	4767
ENCFF153LVM	ENCSR905KHW	Homo sapiens Karpas-422	1	RNU5D-1	U5	1420
ENCFF153LVM	ENCSR905KHW	Homo sapiens Karpas-422	1	RNU4ATAC	U4atac	6457
ENCFF153LVM	ENCSR905KHW	Homo sapiens Karpas-422	1	RMRP		0
ENCFF153LVM	ENCSR905KHW	Homo sapiens Karpas-422	1	RNU6ATAC	U6atac	310
ENCFF153LVM	ENCSR905KHW	Homo sapiens Karpas-422	1	RNU2-2P	U2	0
ENCFF153LVM	ENCSR905KHW	Homo sapiens Karpas-422	1	RNU7-1	U7	0
ENCFF153LVM	ENCSR905KHW	Homo sapiens Karpas-422	1	RNU4-2	U4	13385
ENCFF153LVM	ENCSR905KHW	Homo sapiens Karpas-422	1	RNU4-1	U4	52838
ENCFF153LVM	ENCSR905KHW	Homo sapiens Karpas-422	1	RPPH1		0
ENCFF153LVM	ENCSR905KHW	Homo sapiens Karpas-422	1	RNU6-7	U6	1
ENCFF153LVM	ENCSR905KHW	Homo sapiens Karpas-422	1	RNU6-8	U6	1
ENCFF153LVM	ENCSR905KHW	Homo sapiens Karpas-422	1	RN7SL1		0
ENCFF153LVM	ENCSR905KHW	Homo sapiens Karpas-422	1	RN7SL2		9
ENCFF153LVM	ENCSR905KHW	Homo sapiens Karpas-422	1	RNU5A-1	U5	7184471
ENCFF153LVM	ENCSR905KHW	Homo sapiens Karpas-422	1	RNU5B-1	U5	586810
ENCFF153LVM	ENCSR905KHW	Homo sapiens Karpas-422	1	RNU6-1	U6	7
ENCFF153LVM	ENCSR905KHW	Homo sapiens Karpas-422	1	RNU2-1	U2	0
ENCFF153LVM	ENCSR905KHW	Homo sapiens Karpas-422	1	RNU6-9	U6	1
ENCFF153LVM	ENCSR905KHW	Homo sapiens Karpas-422	1	RNU6-2	U6	19
ENCFF153LVM	ENCSR905KHW	Homo sapiens Karpas-422	1	RNU12	U12	0
ENCFF239BXS	ENCSR905KHW	Homo sapiens Karpas-422	2	RNU5E-1	U5	164364
ENCFF239BXS	ENCSR905KHW	Homo sapiens Karpas-422	2	RNU1-1	U1	1
ENCFF239BXS	ENCSR905KHW	Homo sapiens Karpas-422	2	RNU1-3	U1	0
ENCFF239BXS	ENCSR905KHW	Homo sapiens Karpas-422	2	RNU1-4	U1	0
ENCFF239BXS	ENCSR905KHW	Homo sapiens Karpas-422	2	RNU1-2	U1	2
ENCFF239BXS	ENCSR905KHW	Homo sapiens Karpas-422	2	RNU11	U11	0
ENCFF239BXS	ENCSR905KHW	Homo sapiens Karpas-422	2	RNU5F-1	U5	8923
ENCFF239BXS	ENCSR905KHW	Homo sapiens Karpas-422	2	RNU5D-1	U5	2471
ENCFF239BXS	ENCSR905KHW	Homo sapiens Karpas-422	2	RNU4ATAC	U4atac	5829
ENCFF239BXS	ENCSR905KHW	Homo sapiens Karpas-422	2	RMRP		0
ENCFF239BXS	ENCSR905KHW	Homo sapiens Karpas-422	2	RNU6ATAC	U6atac	372
ENCFF239BXS	ENCSR905KHW	Homo sapiens Karpas-422	2	RNU2-2P	U2	0
ENCFF239BXS	ENCSR905KHW	Homo sapiens Karpas-422	2	RNU7-1	U7	0
ENCFF239BXS	ENCSR905KHW	Homo sapiens Karpas-422	2	RNU4-2	U4	14862
ENCFF239BXS	ENCSR905KHW	Homo sapiens Karpas-422	2	RNU4-1	U4	60126
ENCFF239BXS	ENCSR905KHW	Homo sapiens Karpas-422	2	RPPH1		0
ENCFF239BXS	ENCSR905KHW	Homo sapiens Karpas-422	2	RNU6-7	U6	5
ENCFF239BXS	ENCSR905KHW	Homo sapiens Karpas-422	2	RNU6-8	U6	0
ENCFF239BXS	ENCSR905KHW	Homo sapiens Karpas-422	2	RN7SL1		0
ENCFF239BXS	ENCSR905KHW	Homo sapiens Karpas-422	2	RN7SL2		13
ENCFF239BXS	ENCSR905KHW	Homo sapiens Karpas-422	2	RNU5A-1	U5	17419775
ENCFF239BXS	ENCSR905KHW	Homo sapiens Karpas-422	2	RNU5B-1	U5	1289534
ENCFF239BXS	ENCSR905KHW	Homo sapiens Karpas-422	2	RNU6-1	U6	6
ENCFF239BXS	ENCSR905KHW	Homo sapiens Karpas-422	2	RNU2-1	U2	0
ENCFF239BXS	ENCSR905KHW	Homo sapiens Karpas-422	2	RNU6-9	U6	4
ENCFF239BXS	ENCSR905KHW	Homo sapiens Karpas-422	2	RNU6-2	U6	23
ENCFF239BXS	ENCSR905KHW	Homo sapiens Karpas-422	2	RNU12	U12	0
ENCFF060HQK	ENCSR740DKM	Homo sapiens OCI-LY7	1	RNU5E-1	U5	100150
ENCFF060HQK	ENCSR740DKM	Homo sapiens OCI-LY7	1	RNU1-1	U1	0
ENCFF060HQK	ENCSR740DKM	Homo sapiens OCI-LY7	1	RNU1-3	U1	0
ENCFF060HQK	ENCSR740DKM	Homo sapiens OCI-LY7	1	RNU1-4	U1	0
ENCFF060HQK	ENCSR740DKM	Homo sapiens OCI-LY7	1	RNU1-2	U1	0
ENCFF060HQK	ENCSR740DKM	Homo sapiens OCI-LY7	1	RNU11	U11	0
ENCFF060HQK	ENCSR740DKM	Homo sapiens OCI-LY7	1	RNU5F-1	U5	1873
ENCFF060HQK	ENCSR740DKM	Homo sapiens OCI-LY7	1	RNU5D-1	U5	1424
ENCFF060HQK	ENCSR740DKM	Homo sapiens OCI-LY7	1	RNU4ATAC	U4atac	13485
ENCFF060HQK	ENCSR740DKM	Homo sapiens OCI-LY7	1	RMRP		0
ENCFF060HQK	ENCSR740DKM	Homo sapiens OCI-LY7	1	RNU6ATAC	U6atac	628
ENCFF060HQK	ENCSR740DKM	Homo sapiens OCI-LY7	1	RNU2-2P	U2	0
ENCFF060HQK	ENCSR740DKM	Homo sapiens OCI-LY7	1	RNU7-1	U7	0
ENCFF060HQK	ENCSR740DKM	Homo sapiens OCI-LY7	1	RNU4-2	U4	16916
ENCFF060HQK	ENCSR740DKM	Homo sapiens OCI-LY7	1	RNU4-1	U4	25857
ENCFF060HQK	ENCSR740DKM	Homo sapiens OCI-LY7	1	RPPH1		0
ENCFF060HQK	ENCSR740DKM	Homo sapiens OCI-LY7	1	RNU6-7	U6	7
ENCFF060HQK	ENCSR740DKM	Homo sapiens OCI-LY7	1	RNU6-8	U6	1
ENCFF060HQK	ENCSR740DKM	Homo sapiens OCI-LY7	1	RN7SL1		0
ENCFF060HQK	ENCSR740DKM	Homo sapiens OCI-LY7	1	RN7SL2		17
ENCFF060HQK	ENCSR740DKM	Homo sapiens OCI-LY7	1	RNU5A-1	U5	11925861
ENCFF060HQK	ENCSR740DKM	Homo sapiens OCI-LY7	1	RNU5B-1	U5	1207498
ENCFF060HQK	ENCSR740DKM	Homo sapiens OCI-LY7	1	RNU6-1	U6	4
ENCFF060HQK	ENCSR740DKM	Homo sapiens OCI-LY7	1	RNU2-1	U2	0
ENCFF060HQK	ENCSR740DKM	Homo sapiens OCI-LY7	1	RNU6-9	U6	3
ENCFF060HQK	ENCSR740DKM	Homo sapiens OCI-LY7	1	RNU6-2	U6	3
ENCFF060HQK	ENCSR740DKM	Homo sapiens OCI-LY7	1	RNU12	U12	0
ENCFF390YTU	ENCSR740DKM	Homo sapiens OCI-LY7	2	RNU5E-1	U5	105342
ENCFF390YTU	ENCSR740DKM	Homo sapiens OCI-LY7	2	RNU1-1	U1	1
ENCFF390YTU	ENCSR740DKM	Homo sapiens OCI-LY7	2	RNU1-3	U1	0
ENCFF390YTU	ENCSR740DKM	Homo sapiens OCI-LY7	2	RNU1-4	U1	0
ENCFF390YTU	ENCSR740DKM	Homo sapiens OCI-LY7	2	RNU1-2	U1	1
ENCFF390YTU	ENCSR740DKM	Homo sapiens OCI-LY7	2	RNU11	U11	0
ENCFF390YTU	ENCSR740DKM	Homo sapiens OCI-LY7	2	RNU5F-1	U5	2050
ENCFF390YTU	ENCSR740DKM	Homo sapiens OCI-LY7	2	RNU5D-1	U5	1626
ENCFF390YTU	ENCSR740DKM	Homo sapiens OCI-LY7	2	RNU4ATAC	U4atac	14281
ENCFF390YTU	ENCSR740DKM	Homo sapiens OCI-LY7	2	RMRP		0
ENCFF390YTU	ENCSR740DKM	Homo sapiens OCI-LY7	2	RNU6ATAC	U6atac	818
ENCFF390YTU	ENCSR740DKM	Homo sapiens OCI-LY7	2	RNU2-2P	U2	0
ENCFF390YTU	ENCSR740DKM	Homo sapiens OCI-LY7	2	RNU7-1	U7	0
ENCFF390YTU	ENCSR740DKM	Homo sapiens OCI-LY7	2	RNU4-2	U4	17868
ENCFF390YTU	ENCSR740DKM	Homo sapiens OCI-LY7	2	RNU4-1	U4	26693
ENCFF390YTU	ENCSR740DKM	Homo sapiens OCI-LY7	2	RPPH1		0
ENCFF390YTU	ENCSR740DKM	Homo sapiens OCI-LY7	2	RNU6-7	U6	8
ENCFF390YTU	ENCSR740DKM	Homo sapiens OCI-LY7	2	RNU6-8	U6	0
ENCFF390YTU	ENCSR740DKM	Homo sapiens OCI-LY7	2	RN7SL1		0
ENCFF390YTU	ENCSR740DKM	Homo sapiens OCI-LY7	2	RN7SL2		23
ENCFF390YTU	ENCSR740DKM	Homo sapiens OCI-LY7	2	RNU5A-1	U5	14067794
ENCFF390YTU	ENCSR740DKM	Homo sapiens OCI-LY7	2	RNU5B-1	U5	1334396
ENCFF390YTU	ENCSR740DKM	Homo sapiens OCI-LY7	2	RNU6-1	U6	6
ENCFF390YTU	ENCSR740DKM	Homo sapiens OCI-LY7	2	RNU2-1	U2	0
ENCFF390YTU	ENCSR740DKM	Homo sapiens OCI-LY7	2	RNU6-9	U6	3
ENCFF390YTU	ENCSR740DKM	Homo sapiens OCI-LY7	2	RNU6-2	U6	2
ENCFF390YTU	ENCSR740DKM	Homo sapiens OCI-LY7	2	RNU12	U12	0
ENCFF240NOH	ENCSR000CVR	Homo sapiens neural cell originated from H1	1	RNU5E-1	U5	20024
ENCFF240NOH	ENCSR000CVR	Homo sapiens neural cell originated from H1	1	RNU1-1	U1	0
ENCFF240NOH	ENCSR000CVR	Homo sapiens neural cell originated from H1	1	RNU1-3	U1	0
ENCFF240NOH	ENCSR000CVR	Homo sapiens neural cell originated from H1	1	RNU1-4	U1	0
ENCFF240NOH	ENCSR000CVR	Homo sapiens neural cell originated from H1	1	RNU1-2	U1	0
ENCFF240NOH	ENCSR000CVR	Homo sapiens neural cell originated from H1	1	RNU11	U11	84
ENCFF240NOH	ENCSR000CVR	Homo sapiens neural cell originated from H1	1	RNU5F-1	U5	40
ENCFF240NOH	ENCSR000CVR	Homo sapiens neural cell originated from H1	1	RNU5D-1	U5	793
ENCFF240NOH	ENCSR000CVR	Homo sapiens neural cell originated from H1	1	RNU4ATAC	U4atac	63342
ENCFF240NOH	ENCSR000CVR	Homo sapiens neural cell originated from H1	1	RMRP		0
ENCFF240NOH	ENCSR000CVR	Homo sapiens neural cell originated from H1	1	RNU6ATAC	U6atac	17327
ENCFF240NOH	ENCSR000CVR	Homo sapiens neural cell originated from H1	1	RNU2-2P	U2	0
ENCFF240NOH	ENCSR000CVR	Homo sapiens neural cell originated from H1	1	RNU7-1	U7	0
ENCFF240NOH	ENCSR000CVR	Homo sapiens neural cell originated from H1	1	RNU4-2	U4	120060
ENCFF240NOH	ENCSR000CVR	Homo sapiens neural cell originated from H1	1	RNU4-1	U4	43068
ENCFF240NOH	ENCSR000CVR	Homo sapiens neural cell originated from H1	1	RPPH1		0
ENCFF240NOH	ENCSR000CVR	Homo sapiens neural cell originated from H1	1	RNU6-7	U6	1
ENCFF240NOH	ENCSR000CVR	Homo sapiens neural cell originated from H1	1	RNU6-8	U6	99
ENCFF240NOH	ENCSR000CVR	Homo sapiens neural cell originated from H1	1	RN7SL1		0
ENCFF240NOH	ENCSR000CVR	Homo sapiens neural cell originated from H1	1	RN7SL2		131
ENCFF240NOH	ENCSR000CVR	Homo sapiens neural cell originated from H1	1	RNU5A-1	U5	17872
ENCFF240NOH	ENCSR000CVR	Homo sapiens neural cell originated from H1	1	RNU5B-1	U5	136801
ENCFF240NOH	ENCSR000CVR	Homo sapiens neural cell originated from H1	1	RNU6-1	U6	2
ENCFF240NOH	ENCSR000CVR	Homo sapiens neural cell originated from H1	1	RNU2-1	U2	0
ENCFF240NOH	ENCSR000CVR	Homo sapiens neural cell originated from H1	1	RNU6-9	U6	29
ENCFF240NOH	ENCSR000CVR	Homo sapiens neural cell originated from H1	1	RNU6-2	U6	628
ENCFF240NOH	ENCSR000CVR	Homo sapiens neural cell originated from H1	1	RNU12	U12	0
ENCFF245SJH	ENCSR000CVR	Homo sapiens neural cell originated from H1	2	RNU5E-1	U5	24184
ENCFF245SJH	ENCSR000CVR	Homo sapiens neural cell originated from H1	2	RNU1-1	U1	0
ENCFF245SJH	ENCSR000CVR	Homo sapiens neural cell originated from H1	2	RNU1-3	U1	0
ENCFF245SJH	ENCSR000CVR	Homo sapiens neural cell originated from H1	2	RNU1-4	U1	0
ENCFF245SJH	ENCSR000CVR	Homo sapiens neural cell originated from H1	2	RNU1-2	U1	0
ENCFF245SJH	ENCSR000CVR	Homo sapiens neural cell originated from H1	2	RNU11	U11	0
ENCFF245SJH	ENCSR000CVR	Homo sapiens neural cell originated from H1	2	RNU5F-1	U5	2
ENCFF245SJH	ENCSR000CVR	Homo sapiens neural cell originated from H1	2	RNU5D-1	U5	1107
ENCFF245SJH	ENCSR000CVR	Homo sapiens neural cell originated from H1	2	RNU4ATAC	U4atac	116366
ENCFF245SJH	ENCSR000CVR	Homo sapiens neural cell originated from H1	2	RMRP		0
ENCFF245SJH	ENCSR000CVR	Homo sapiens neural cell originated from H1	2	RNU6ATAC	U6atac	40630
ENCFF245SJH	ENCSR000CVR	Homo sapiens neural cell originated from H1	2	RNU2-2P	U2	0
ENCFF245SJH	ENCSR000CVR	Homo sapiens neural cell originated from H1	2	RNU7-1	U7	0
ENCFF245SJH	ENCSR000CVR	Homo sapiens neural cell originated from H1	2	RNU4-2	U4	103353
ENCFF245SJH	ENCSR000CVR	Homo sapiens neural cell originated from H1	2	RNU4-1	U4	37114
ENCFF245SJH	ENCSR000CVR	Homo sapiens neural cell originated from H1	2	RPPH1		0
ENCFF245SJH	ENCSR000CVR	Homo sapiens neural cell originated from H1	2	RNU6-7	U6	1
ENCFF245SJH	ENCSR000CVR	Homo sapiens neural cell originated from H1	2	RNU6-8	U6	120
ENCFF245SJH	ENCSR000CVR	Homo sapiens neural cell originated from H1	2	RN7SL1		0
ENCFF245SJH	ENCSR000CVR	Homo sapiens neural cell originated from H1	2	RN7SL2		296
ENCFF245SJH	ENCSR000CVR	Homo sapiens neural cell originated from H1	2	RNU5A-1	U5	15396
ENCFF245SJH	ENCSR000CVR	Homo sapiens neural cell originated from H1	2	RNU5B-1	U5	112277
ENCFF245SJH	ENCSR000CVR	Homo sapiens neural cell originated from H1	2	RNU6-1	U6	79
ENCFF245SJH	ENCSR000CVR	Homo sapiens neural cell originated from H1	2	RNU2-1	U2	0
ENCFF245SJH	ENCSR000CVR	Homo sapiens neural cell originated from H1	2	RNU6-9	U6	112
ENCFF245SJH	ENCSR000CVR	Homo sapiens neural cell originated from H1	2	RNU6-2	U6	533
ENCFF245SJH	ENCSR000CVR	Homo sapiens neural cell originated from H1	2	RNU12	U12	0
ENCFF592VSY	ENCSR000CVS	Homo sapiens mesenchymal stem cell of the bone marrow female adult (60 years) and male adult (57 years)	1	RNU5E-1	U5	33262
ENCFF592VSY	ENCSR000CVS	Homo sapiens mesenchymal stem cell of the bone marrow female adult (60 years) and male adult (57 years)	1	RNU1-1	U1	0
ENCFF592VSY	ENCSR000CVS	Homo sapiens mesenchymal stem cell of the bone marrow female adult (60 years) and male adult (57 years)	1	RNU1-3	U1	0
ENCFF592VSY	ENCSR000CVS	Homo sapiens mesenchymal stem cell of the bone marrow female adult (60 years) and male adult (57 years)	1	RNU1-4	U1	0
ENCFF592VSY	ENCSR000CVS	Homo sapiens mesenchymal stem cell of the bone marrow female adult (60 years) and male adult (57 years)	1	RNU1-2	U1	1
ENCFF592VSY	ENCSR000CVS	Homo sapiens mesenchymal stem cell of the bone marrow female adult (60 years) and male adult (57 years)	1	RNU11	U11	0
ENCFF592VSY	ENCSR000CVS	Homo sapiens mesenchymal stem cell of the bone marrow female adult (60 years) and male adult (57 years)	1	RNU5F-1	U5	24289
ENCFF592VSY	ENCSR000CVS	Homo sapiens mesenchymal stem cell of the bone marrow female adult (60 years) and male adult (57 years)	1	RNU5D-1	U5	45609
ENCFF592VSY	ENCSR000CVS	Homo sapiens mesenchymal stem cell of the bone marrow female adult (60 years) and male adult (57 years)	1	RNU4ATAC	U4atac	22594
ENCFF592VSY	ENCSR000CVS	Homo sapiens mesenchymal stem cell of the bone marrow female adult (60 years) and male adult (57 years)	1	RMRP		0
ENCFF592VSY	ENCSR000CVS	Homo sapiens mesenchymal stem cell of the bone marrow female adult (60 years) and male adult (57 years)	1	RNU6ATAC	U6atac	60555
ENCFF592VSY	ENCSR000CVS	Homo sapiens mesenchymal stem cell of the bone marrow female adult (60 years) and male adult (57 years)	1	RNU2-2P	U2	0
ENCFF592VSY	ENCSR000CVS	Homo sapiens mesenchymal stem cell of the bone marrow female adult (60 years) and male adult (57 years)	1	RNU7-1	U7	0
ENCFF592VSY	ENCSR000CVS	Homo sapiens mesenchymal stem cell of the bone marrow female adult (60 years) and male adult (57 years)	1	RNU4-2	U4	19489
ENCFF592VSY	ENCSR000CVS	Homo sapiens mesenchymal stem cell of the bone marrow female adult (60 years) and male adult (57 years)	1	RNU4-1	U4	7990
ENCFF592VSY	ENCSR000CVS	Homo sapiens mesenchymal stem cell of the bone marrow female adult (60 years) and male adult (57 years)	1	RPPH1		0
ENCFF592VSY	ENCSR000CVS	Homo sapiens mesenchymal stem cell of the bone marrow female adult (60 years) and male adult (57 years)	1	RNU6-7	U6	11
ENCFF592VSY	ENCSR000CVS	Homo sapiens mesenchymal stem cell of the bone marrow female adult (60 years) and male adult (57 years)	1	RNU6-8	U6	104
ENCFF592VSY	ENCSR000CVS	Homo sapiens mesenchymal stem cell of the bone marrow female adult (60 years) and male adult (57 years)	1	RN7SL1		0
ENCFF592VSY	ENCSR000CVS	Homo sapiens mesenchymal stem cell of the bone marrow female adult (60 years) and male adult (57 years)	1	RN7SL2		124
ENCFF592VSY	ENCSR000CVS	Homo sapiens mesenchymal stem cell of the bone marrow female adult (60 years) and male adult (57 years)	1	RNU5A-1	U5	29182
ENCFF592VSY	ENCSR000CVS	Homo sapiens mesenchymal stem cell of the bone marrow female adult (60 years) and male adult (57 years)	1	RNU5B-1	U5	43932
ENCFF592VSY	ENCSR000CVS	Homo sapiens mesenchymal stem cell of the bone marrow female adult (60 years) and male adult (57 years)	1	RNU6-1	U6	228
ENCFF592VSY	ENCSR000CVS	Homo sapiens mesenchymal stem cell of the bone marrow female adult (60 years) and male adult (57 years)	1	RNU2-1	U2	0
ENCFF592VSY	ENCSR000CVS	Homo sapiens mesenchymal stem cell of the bone marrow female adult (60 years) and male adult (57 years)	1	RNU6-9	U6	766
ENCFF592VSY	ENCSR000CVS	Homo sapiens mesenchymal stem cell of the bone marrow female adult (60 years) and male adult (57 years)	1	RNU6-2	U6	831
ENCFF592VSY	ENCSR000CVS	Homo sapiens mesenchymal stem cell of the bone marrow female adult (60 years) and male adult (57 years)	1	RNU12	U12	0
ENCFF608ZVW	ENCSR000CVS	Homo sapiens mesenchymal stem cell of the bone marrow female adult (60 years) and male adult (57 years)	2	RNU5E-1	U5	33691
ENCFF608ZVW	ENCSR000CVS	Homo sapiens mesenchymal stem cell of the bone marrow female adult (60 years) and male adult (57 years)	2	RNU1-1	U1	0
ENCFF608ZVW	ENCSR000CVS	Homo sapiens mesenchymal stem cell of the bone marrow female adult (60 years) and male adult (57 years)	2	RNU1-3	U1	0
ENCFF608ZVW	ENCSR000CVS	Homo sapiens mesenchymal stem cell of the bone marrow female adult (60 years) and male adult (57 years)	2	RNU1-4	U1	0
ENCFF608ZVW	ENCSR000CVS	Homo sapiens mesenchymal stem cell of the bone marrow female adult (60 years) and male adult (57 years)	2	RNU1-2	U1	7
ENCFF608ZVW	ENCSR000CVS	Homo sapiens mesenchymal stem cell of the bone marrow female adult (60 years) and male adult (57 years)	2	RNU11	U11	0
ENCFF608ZVW	ENCSR000CVS	Homo sapiens mesenchymal stem cell of the bone marrow female adult (60 years) and male adult (57 years)	2	RNU5F-1	U5	4650
ENCFF608ZVW	ENCSR000CVS	Homo sapiens mesenchymal stem cell of the bone marrow female adult (60 years) and male adult (57 years)	2	RNU5D-1	U5	21179
ENCFF608ZVW	ENCSR000CVS	Homo sapiens mesenchymal stem cell of the bone marrow female adult (60 years) and male adult (57 years)	2	RNU4ATAC	U4atac	22030
ENCFF608ZVW	ENCSR000CVS	Homo sapiens mesenchymal stem cell of the bone marrow female adult (60 years) and male adult (57 years)	2	RMRP		0
ENCFF608ZVW	ENCSR000CVS	Homo sapiens mesenchymal stem cell of the bone marrow female adult (60 years) and male adult (57 years)	2	RNU6ATAC	U6atac	57604
ENCFF608ZVW	ENCSR000CVS	Homo sapiens mesenchymal stem cell of the bone marrow female adult (60 years) and male adult (57 years)	2	RNU2-2P	U2	0
ENCFF608ZVW	ENCSR000CVS	Homo sapiens mesenchymal stem cell of the bone marrow female adult (60 years) and male adult (57 years)	2	RNU7-1	U7	0
ENCFF608ZVW	ENCSR000CVS	Homo sapiens mesenchymal stem cell of the bone marrow female adult (60 years) and male adult (57 years)	2	RNU4-2	U4	33214
ENCFF608ZVW	ENCSR000CVS	Homo sapiens mesenchymal stem cell of the bone marrow female adult (60 years) and male adult (57 years)	2	RNU4-1	U4	12698
ENCFF608ZVW	ENCSR000CVS	Homo sapiens mesenchymal stem cell of the bone marrow female adult (60 years) and male adult (57 years)	2	RPPH1		0
ENCFF608ZVW	ENCSR000CVS	Homo sapiens mesenchymal stem cell of the bone marrow female adult (60 years) and male adult (57 years)	2	RNU6-7	U6	25
ENCFF608ZVW	ENCSR000CVS	Homo sapiens mesenchymal stem cell of the bone marrow female adult (60 years) and male adult (57 years)	2	RNU6-8	U6	121
ENCFF608ZVW	ENCSR000CVS	Homo sapiens mesenchymal stem cell of the bone marrow female adult (60 years) and male adult (57 years)	2	RN7SL1		0
ENCFF608ZVW	ENCSR000CVS	Homo sapiens mesenchymal stem cell of the bone marrow female adult (60 years) and male adult (57 years)	2	RN7SL2		475
ENCFF608ZVW	ENCSR000CVS	Homo sapiens mesenchymal stem cell of the bone marrow female adult (60 years) and male adult (57 years)	2	RNU5A-1	U5	41881
ENCFF608ZVW	ENCSR000CVS	Homo sapiens mesenchymal stem cell of the bone marrow female adult (60 years) and male adult (57 years)	2	RNU5B-1	U5	90651
ENCFF608ZVW	ENCSR000CVS	Homo sapiens mesenchymal stem cell of the bone marrow female adult (60 years) and male adult (57 years)	2	RNU6-1	U6	281
ENCFF608ZVW	ENCSR000CVS	Homo sapiens mesenchymal stem cell of the bone marrow female adult (60 years) and male adult (57 years)	2	RNU2-1	U2	0
ENCFF608ZVW	ENCSR000CVS	Homo sapiens mesenchymal stem cell of the bone marrow female adult (60 years) and male adult (57 years)	2	RNU6-9	U6	387
ENCFF608ZVW	ENCSR000CVS	Homo sapiens mesenchymal stem cell of the bone marrow female adult (60 years) and male adult (57 years)	2	RNU6-2	U6	376
ENCFF608ZVW	ENCSR000CVS	Homo sapiens mesenchymal stem cell of the bone marrow female adult (60 years) and male adult (57 years)	2	RNU12	U12	0
ENCFF368OTJ	ENCSR000CVP	Homo sapiens neural cell originated from H1	1	RNU5E-1	U5	13218
ENCFF368OTJ	ENCSR000CVP	Homo sapiens neural cell originated from H1	1	RNU1-1	U1	0
ENCFF368OTJ	ENCSR000CVP	Homo sapiens neural cell originated from H1	1	RNU1-3	U1	0
ENCFF368OTJ	ENCSR000CVP	Homo sapiens neural cell originated from H1	1	RNU1-4	U1	0
ENCFF368OTJ	ENCSR000CVP	Homo sapiens neural cell originated from H1	1	RNU1-2	U1	0
ENCFF368OTJ	ENCSR000CVP	Homo sapiens neural cell originated from H1	1	RNU11	U11	0
ENCFF368OTJ	ENCSR000CVP	Homo sapiens neural cell originated from H1	1	RNU5F-1	U5	1
ENCFF368OTJ	ENCSR000CVP	Homo sapiens neural cell originated from H1	1	RNU5D-1	U5	205
ENCFF368OTJ	ENCSR000CVP	Homo sapiens neural cell originated from H1	1	RNU4ATAC	U4atac	7752
ENCFF368OTJ	ENCSR000CVP	Homo sapiens neural cell originated from H1	1	RMRP		0
ENCFF368OTJ	ENCSR000CVP	Homo sapiens neural cell originated from H1	1	RNU6ATAC	U6atac	1327
ENCFF368OTJ	ENCSR000CVP	Homo sapiens neural cell originated from H1	1	RNU2-2P	U2	0
ENCFF368OTJ	ENCSR000CVP	Homo sapiens neural cell originated from H1	1	RNU7-1	U7	0
ENCFF368OTJ	ENCSR000CVP	Homo sapiens neural cell originated from H1	1	RNU4-2	U4	51816
ENCFF368OTJ	ENCSR000CVP	Homo sapiens neural cell originated from H1	1	RNU4-1	U4	16680
ENCFF368OTJ	ENCSR000CVP	Homo sapiens neural cell originated from H1	1	RPPH1		0
ENCFF368OTJ	ENCSR000CVP	Homo sapiens neural cell originated from H1	1	RNU6-7	U6	0
ENCFF368OTJ	ENCSR000CVP	Homo sapiens neural cell originated from H1	1	RNU6-8	U6	70
ENCFF368OTJ	ENCSR000CVP	Homo sapiens neural cell originated from H1	1	RN7SL1		0
ENCFF368OTJ	ENCSR000CVP	Homo sapiens neural cell originated from H1	1	RN7SL2		23
ENCFF368OTJ	ENCSR000CVP	Homo sapiens neural cell originated from H1	1	RNU5A-1	U5	9858
ENCFF368OTJ	ENCSR000CVP	Homo sapiens neural cell originated from H1	1	RNU5B-1	U5	77849
ENCFF368OTJ	ENCSR000CVP	Homo sapiens neural cell originated from H1	1	RNU6-1	U6	3
ENCFF368OTJ	ENCSR000CVP	Homo sapiens neural cell originated from H1	1	RNU2-1	U2	0
ENCFF368OTJ	ENCSR000CVP	Homo sapiens neural cell originated from H1	1	RNU6-9	U6	6
ENCFF368OTJ	ENCSR000CVP	Homo sapiens neural cell originated from H1	1	RNU6-2	U6	20
ENCFF368OTJ	ENCSR000CVP	Homo sapiens neural cell originated from H1	1	RNU12	U12	0
ENCFF321FEM	ENCSR000CVP	Homo sapiens neural cell originated from H1	2	RNU5E-1	U5	17116
ENCFF321FEM	ENCSR000CVP	Homo sapiens neural cell originated from H1	2	RNU1-1	U1	0
ENCFF321FEM	ENCSR000CVP	Homo sapiens neural cell originated from H1	2	RNU1-3	U1	0
ENCFF321FEM	ENCSR000CVP	Homo sapiens neural cell originated from H1	2	RNU1-4	U1	0
ENCFF321FEM	ENCSR000CVP	Homo sapiens neural cell originated from H1	2	RNU1-2	U1	0
ENCFF321FEM	ENCSR000CVP	Homo sapiens neural cell originated from H1	2	RNU11	U11	0
ENCFF321FEM	ENCSR000CVP	Homo sapiens neural cell originated from H1	2	RNU5F-1	U5	10
ENCFF321FEM	ENCSR000CVP	Homo sapiens neural cell originated from H1	2	RNU5D-1	U5	368
ENCFF321FEM	ENCSR000CVP	Homo sapiens neural cell originated from H1	2	RNU4ATAC	U4atac	7338
ENCFF321FEM	ENCSR000CVP	Homo sapiens neural cell originated from H1	2	RMRP		0
ENCFF321FEM	ENCSR000CVP	Homo sapiens neural cell originated from H1	2	RNU6ATAC	U6atac	2282
ENCFF321FEM	ENCSR000CVP	Homo sapiens neural cell originated from H1	2	RNU2-2P	U2	0
ENCFF321FEM	ENCSR000CVP	Homo sapiens neural cell originated from H1	2	RNU7-1	U7	0
ENCFF321FEM	ENCSR000CVP	Homo sapiens neural cell originated from H1	2	RNU4-2	U4	31237
ENCFF321FEM	ENCSR000CVP	Homo sapiens neural cell originated from H1	2	RNU4-1	U4	12145
ENCFF321FEM	ENCSR000CVP	Homo sapiens neural cell originated from H1	2	RPPH1		0
ENCFF321FEM	ENCSR000CVP	Homo sapiens neural cell originated from H1	2	RNU6-7	U6	8
ENCFF321FEM	ENCSR000CVP	Homo sapiens neural cell originated from H1	2	RNU6-8	U6	79
ENCFF321FEM	ENCSR000CVP	Homo sapiens neural cell originated from H1	2	RN7SL1		0
ENCFF321FEM	ENCSR000CVP	Homo sapiens neural cell originated from H1	2	RN7SL2		15
ENCFF321FEM	ENCSR000CVP	Homo sapiens neural cell originated from H1	2	RNU5A-1	U5	9055
ENCFF321FEM	ENCSR000CVP	Homo sapiens neural cell originated from H1	2	RNU5B-1	U5	85940
ENCFF321FEM	ENCSR000CVP	Homo sapiens neural cell originated from H1	2	RNU6-1	U6	2
ENCFF321FEM	ENCSR000CVP	Homo sapiens neural cell originated from H1	2	RNU2-1	U2	0
ENCFF321FEM	ENCSR000CVP	Homo sapiens neural cell originated from H1	2	RNU6-9	U6	71
ENCFF321FEM	ENCSR000CVP	Homo sapiens neural cell originated from H1	2	RNU6-2	U6	25
ENCFF321FEM	ENCSR000CVP	Homo sapiens neural cell originated from H1	2	RNU12	U12	0
ENCFF711LJB	ENCSR000CVQ	Homo sapiens neural cell originated from H1	1	RNU5E-1	U5	59953
ENCFF711LJB	ENCSR000CVQ	Homo sapiens neural cell originated from H1	1	RNU1-1	U1	0
ENCFF711LJB	ENCSR000CVQ	Homo sapiens neural cell originated from H1	1	RNU1-3	U1	0
ENCFF711LJB	ENCSR000CVQ	Homo sapiens neural cell originated from H1	1	RNU1-4	U1	0
ENCFF711LJB	ENCSR000CVQ	Homo sapiens neural cell originated from H1	1	RNU1-2	U1	0
ENCFF711LJB	ENCSR000CVQ	Homo sapiens neural cell originated from H1	1	RNU11	U11	0
ENCFF711LJB	ENCSR000CVQ	Homo sapiens neural cell originated from H1	1	RNU5F-1	U5	116
ENCFF711LJB	ENCSR000CVQ	Homo sapiens neural cell originated from H1	1	RNU5D-1	U5	2108
ENCFF711LJB	ENCSR000CVQ	Homo sapiens neural cell originated from H1	1	RNU4ATAC	U4atac	285806
ENCFF711LJB	ENCSR000CVQ	Homo sapiens neural cell originated from H1	1	RMRP		0
ENCFF711LJB	ENCSR000CVQ	Homo sapiens neural cell originated from H1	1	RNU6ATAC	U6atac	86432
ENCFF711LJB	ENCSR000CVQ	Homo sapiens neural cell originated from H1	1	RNU2-2P	U2	0
ENCFF711LJB	ENCSR000CVQ	Homo sapiens neural cell originated from H1	1	RNU7-1	U7	0
ENCFF711LJB	ENCSR000CVQ	Homo sapiens neural cell originated from H1	1	RNU4-2	U4	510231
ENCFF711LJB	ENCSR000CVQ	Homo sapiens neural cell originated from H1	1	RNU4-1	U4	171694
ENCFF711LJB	ENCSR000CVQ	Homo sapiens neural cell originated from H1	1	RPPH1		0
ENCFF711LJB	ENCSR000CVQ	Homo sapiens neural cell originated from H1	1	RNU6-7	U6	57
ENCFF711LJB	ENCSR000CVQ	Homo sapiens neural cell originated from H1	1	RNU6-8	U6	42
ENCFF711LJB	ENCSR000CVQ	Homo sapiens neural cell originated from H1	1	RN7SL1		0
ENCFF711LJB	ENCSR000CVQ	Homo sapiens neural cell originated from H1	1	RN7SL2		452
ENCFF711LJB	ENCSR000CVQ	Homo sapiens neural cell originated from H1	1	RNU5A-1	U5	55981
ENCFF711LJB	ENCSR000CVQ	Homo sapiens neural cell originated from H1	1	RNU5B-1	U5	320750
ENCFF711LJB	ENCSR000CVQ	Homo sapiens neural cell originated from H1	1	RNU6-1	U6	50
ENCFF711LJB	ENCSR000CVQ	Homo sapiens neural cell originated from H1	1	RNU2-1	U2	0
ENCFF711LJB	ENCSR000CVQ	Homo sapiens neural cell originated from H1	1	RNU6-9	U6	228
ENCFF711LJB	ENCSR000CVQ	Homo sapiens neural cell originated from H1	1	RNU6-2	U6	1479
ENCFF711LJB	ENCSR000CVQ	Homo sapiens neural cell originated from H1	1	RNU12	U12	0
ENCFF826APU	ENCSR000CVQ	Homo sapiens neural cell originated from H1	2	RNU5E-1	U5	44360
ENCFF826APU	ENCSR000CVQ	Homo sapiens neural cell originated from H1	2	RNU1-1	U1	0
ENCFF826APU	ENCSR000CVQ	Homo sapiens neural cell originated from H1	2	RNU1-3	U1	0
ENCFF826APU	ENCSR000CVQ	Homo sapiens neural cell originated from H1	2	RNU1-4	U1	0
ENCFF826APU	ENCSR000CVQ	Homo sapiens neural cell originated from H1	2	RNU1-2	U1	3
ENCFF826APU	ENCSR000CVQ	Homo sapiens neural cell originated from H1	2	RNU11	U11	0
ENCFF826APU	ENCSR000CVQ	Homo sapiens neural cell originated from H1	2	RNU5F-1	U5	120
ENCFF826APU	ENCSR000CVQ	Homo sapiens neural cell originated from H1	2	RNU5D-1	U5	1628
ENCFF826APU	ENCSR000CVQ	Homo sapiens neural cell originated from H1	2	RNU4ATAC	U4atac	169835
ENCFF826APU	ENCSR000CVQ	Homo sapiens neural cell originated from H1	2	RMRP		0
ENCFF826APU	ENCSR000CVQ	Homo sapiens neural cell originated from H1	2	RNU6ATAC	U6atac	64429
ENCFF826APU	ENCSR000CVQ	Homo sapiens neural cell originated from H1	2	RNU2-2P	U2	0
ENCFF826APU	ENCSR000CVQ	Homo sapiens neural cell originated from H1	2	RNU7-1	U7	0
ENCFF826APU	ENCSR000CVQ	Homo sapiens neural cell originated from H1	2	RNU4-2	U4	419830
ENCFF826APU	ENCSR000CVQ	Homo sapiens neural cell originated from H1	2	RNU4-1	U4	147353
ENCFF826APU	ENCSR000CVQ	Homo sapiens neural cell originated from H1	2	RPPH1		0
ENCFF826APU	ENCSR000CVQ	Homo sapiens neural cell originated from H1	2	RNU6-7	U6	0
ENCFF826APU	ENCSR000CVQ	Homo sapiens neural cell originated from H1	2	RNU6-8	U6	91
ENCFF826APU	ENCSR000CVQ	Homo sapiens neural cell originated from H1	2	RN7SL1		0
ENCFF826APU	ENCSR000CVQ	Homo sapiens neural cell originated from H1	2	RN7SL2		366
ENCFF826APU	ENCSR000CVQ	Homo sapiens neural cell originated from H1	2	RNU5A-1	U5	47241
ENCFF826APU	ENCSR000CVQ	Homo sapiens neural cell originated from H1	2	RNU5B-1	U5	273276
ENCFF826APU	ENCSR000CVQ	Homo sapiens neural cell originated from H1	2	RNU6-1	U6	2
ENCFF826APU	ENCSR000CVQ	Homo sapiens neural cell originated from H1	2	RNU2-1	U2	0
ENCFF826APU	ENCSR000CVQ	Homo sapiens neural cell originated from H1	2	RNU6-9	U6	245
ENCFF826APU	ENCSR000CVQ	Homo sapiens neural cell originated from H1	2	RNU6-2	U6	1315
ENCFF826APU	ENCSR000CVQ	Homo sapiens neural cell originated from H1	2	RNU12	U12	0
ENCFF935LUO	ENCSR000CVO	Homo sapiens GM12878 nucleolus fraction	3	RNU5E-1	U5	7054
ENCFF935LUO	ENCSR000CVO	Homo sapiens GM12878 nucleolus fraction	3	RNU1-1	U1	0
ENCFF935LUO	ENCSR000CVO	Homo sapiens GM12878 nucleolus fraction	3	RNU1-3	U1	0
ENCFF935LUO	ENCSR000CVO	Homo sapiens GM12878 nucleolus fraction	3	RNU1-4	U1	0
ENCFF935LUO	ENCSR000CVO	Homo sapiens GM12878 nucleolus fraction	3	RNU1-2	U1	0
ENCFF935LUO	ENCSR000CVO	Homo sapiens GM12878 nucleolus fraction	3	RNU11	U11	0
ENCFF935LUO	ENCSR000CVO	Homo sapiens GM12878 nucleolus fraction	3	RNU5F-1	U5	6536
ENCFF935LUO	ENCSR000CVO	Homo sapiens GM12878 nucleolus fraction	3	RNU5D-1	U5	1655
ENCFF935LUO	ENCSR000CVO	Homo sapiens GM12878 nucleolus fraction	3	RNU4ATAC	U4atac	2090
ENCFF935LUO	ENCSR000CVO	Homo sapiens GM12878 nucleolus fraction	3	RMRP		0
ENCFF935LUO	ENCSR000CVO	Homo sapiens GM12878 nucleolus fraction	3	RNU6ATAC	U6atac	1418
ENCFF935LUO	ENCSR000CVO	Homo sapiens GM12878 nucleolus fraction	3	RNU2-2P	U2	0
ENCFF935LUO	ENCSR000CVO	Homo sapiens GM12878 nucleolus fraction	3	RNU7-1	U7	0
ENCFF935LUO	ENCSR000CVO	Homo sapiens GM12878 nucleolus fraction	3	RNU4-2	U4	9532
ENCFF935LUO	ENCSR000CVO	Homo sapiens GM12878 nucleolus fraction	3	RNU4-1	U4	4910
ENCFF935LUO	ENCSR000CVO	Homo sapiens GM12878 nucleolus fraction	3	RPPH1		0
ENCFF935LUO	ENCSR000CVO	Homo sapiens GM12878 nucleolus fraction	3	RNU6-7	U6	0
ENCFF935LUO	ENCSR000CVO	Homo sapiens GM12878 nucleolus fraction	3	RNU6-8	U6	15
ENCFF935LUO	ENCSR000CVO	Homo sapiens GM12878 nucleolus fraction	3	RN7SL1		0
ENCFF935LUO	ENCSR000CVO	Homo sapiens GM12878 nucleolus fraction	3	RN7SL2		124
ENCFF935LUO	ENCSR000CVO	Homo sapiens GM12878 nucleolus fraction	3	RNU5A-1	U5	30900
ENCFF935LUO	ENCSR000CVO	Homo sapiens GM12878 nucleolus fraction	3	RNU5B-1	U5	41495
ENCFF935LUO	ENCSR000CVO	Homo sapiens GM12878 nucleolus fraction	3	RNU6-1	U6	11
ENCFF935LUO	ENCSR000CVO	Homo sapiens GM12878 nucleolus fraction	3	RNU2-1	U2	0
ENCFF935LUO	ENCSR000CVO	Homo sapiens GM12878 nucleolus fraction	3	RNU6-9	U6	12
ENCFF935LUO	ENCSR000CVO	Homo sapiens GM12878 nucleolus fraction	3	RNU6-2	U6	23
ENCFF935LUO	ENCSR000CVO	Homo sapiens GM12878 nucleolus fraction	3	RNU12	U12	0
ENCFF692AMF	ENCSR000CVO	Homo sapiens GM12878 nucleolus fraction	4	RNU5E-1	U5	5105
ENCFF692AMF	ENCSR000CVO	Homo sapiens GM12878 nucleolus fraction	4	RNU1-1	U1	1
ENCFF692AMF	ENCSR000CVO	Homo sapiens GM12878 nucleolus fraction	4	RNU1-3	U1	0
ENCFF692AMF	ENCSR000CVO	Homo sapiens GM12878 nucleolus fraction	4	RNU1-4	U1	0
ENCFF692AMF	ENCSR000CVO	Homo sapiens GM12878 nucleolus fraction	4	RNU1-2	U1	3
ENCFF692AMF	ENCSR000CVO	Homo sapiens GM12878 nucleolus fraction	4	RNU11	U11	0
ENCFF692AMF	ENCSR000CVO	Homo sapiens GM12878 nucleolus fraction	4	RNU5F-1	U5	8420
ENCFF692AMF	ENCSR000CVO	Homo sapiens GM12878 nucleolus fraction	4	RNU5D-1	U5	1374
ENCFF692AMF	ENCSR000CVO	Homo sapiens GM12878 nucleolus fraction	4	RNU4ATAC	U4atac	1487
ENCFF692AMF	ENCSR000CVO	Homo sapiens GM12878 nucleolus fraction	4	RMRP		0
ENCFF692AMF	ENCSR000CVO	Homo sapiens GM12878 nucleolus fraction	4	RNU6ATAC	U6atac	1328
ENCFF692AMF	ENCSR000CVO	Homo sapiens GM12878 nucleolus fraction	4	RNU2-2P	U2	0
ENCFF692AMF	ENCSR000CVO	Homo sapiens GM12878 nucleolus fraction	4	RNU7-1	U7	0
ENCFF692AMF	ENCSR000CVO	Homo sapiens GM12878 nucleolus fraction	4	RNU4-2	U4	8711
ENCFF692AMF	ENCSR000CVO	Homo sapiens GM12878 nucleolus fraction	4	RNU4-1	U4	4463
ENCFF692AMF	ENCSR000CVO	Homo sapiens GM12878 nucleolus fraction	4	RPPH1		0
ENCFF692AMF	ENCSR000CVO	Homo sapiens GM12878 nucleolus fraction	4	RNU6-7	U6	0
ENCFF692AMF	ENCSR000CVO	Homo sapiens GM12878 nucleolus fraction	4	RNU6-8	U6	3
ENCFF692AMF	ENCSR000CVO	Homo sapiens GM12878 nucleolus fraction	4	RN7SL1		0
ENCFF692AMF	ENCSR000CVO	Homo sapiens GM12878 nucleolus fraction	4	RN7SL2		83
ENCFF692AMF	ENCSR000CVO	Homo sapiens GM12878 nucleolus fraction	4	RNU5A-1	U5	18546
ENCFF692AMF	ENCSR000CVO	Homo sapiens GM12878 nucleolus fraction	4	RNU5B-1	U5	25141
ENCFF692AMF	ENCSR000CVO	Homo sapiens GM12878 nucleolus fraction	4	RNU6-1	U6	12
ENCFF692AMF	ENCSR000CVO	Homo sapiens GM12878 nucleolus fraction	4	RNU2-1	U2	0
ENCFF692AMF	ENCSR000CVO	Homo sapiens GM12878 nucleolus fraction	4	RNU6-9	U6	13
ENCFF692AMF	ENCSR000CVO	Homo sapiens GM12878 nucleolus fraction	4	RNU6-2	U6	36
ENCFF692AMF	ENCSR000CVO	Homo sapiens GM12878 nucleolus fraction	4	RNU12	U12	0
ENCFF442HYC	ENCSR000CVL	Homo sapiens mesenchymal stem cell of Wharton's jelly female newborn and male newborn	1	RNU5E-1	U5	4308
ENCFF442HYC	ENCSR000CVL	Homo sapiens mesenchymal stem cell of Wharton's jelly female newborn and male newborn	1	RNU1-1	U1	0
ENCFF442HYC	ENCSR000CVL	Homo sapiens mesenchymal stem cell of Wharton's jelly female newborn and male newborn	1	RNU1-3	U1	0
ENCFF442HYC	ENCSR000CVL	Homo sapiens mesenchymal stem cell of Wharton's jelly female newborn and male newborn	1	RNU1-4	U1	0
ENCFF442HYC	ENCSR000CVL	Homo sapiens mesenchymal stem cell of Wharton's jelly female newborn and male newborn	1	RNU1-2	U1	1
ENCFF442HYC	ENCSR000CVL	Homo sapiens mesenchymal stem cell of Wharton's jelly female newborn and male newborn	1	RNU11	U11	0
ENCFF442HYC	ENCSR000CVL	Homo sapiens mesenchymal stem cell of Wharton's jelly female newborn and male newborn	1	RNU5F-1	U5	3754
ENCFF442HYC	ENCSR000CVL	Homo sapiens mesenchymal stem cell of Wharton's jelly female newborn and male newborn	1	RNU5D-1	U5	908
ENCFF442HYC	ENCSR000CVL	Homo sapiens mesenchymal stem cell of Wharton's jelly female newborn and male newborn	1	RNU4ATAC	U4atac	7211
ENCFF442HYC	ENCSR000CVL	Homo sapiens mesenchymal stem cell of Wharton's jelly female newborn and male newborn	1	RMRP		0
ENCFF442HYC	ENCSR000CVL	Homo sapiens mesenchymal stem cell of Wharton's jelly female newborn and male newborn	1	RNU6ATAC	U6atac	10226
ENCFF442HYC	ENCSR000CVL	Homo sapiens mesenchymal stem cell of Wharton's jelly female newborn and male newborn	1	RNU2-2P	U2	0
ENCFF442HYC	ENCSR000CVL	Homo sapiens mesenchymal stem cell of Wharton's jelly female newborn and male newborn	1	RNU7-1	U7	0
ENCFF442HYC	ENCSR000CVL	Homo sapiens mesenchymal stem cell of Wharton's jelly female newborn and male newborn	1	RNU4-2	U4	3934
ENCFF442HYC	ENCSR000CVL	Homo sapiens mesenchymal stem cell of Wharton's jelly female newborn and male newborn	1	RNU4-1	U4	1884
ENCFF442HYC	ENCSR000CVL	Homo sapiens mesenchymal stem cell of Wharton's jelly female newborn and male newborn	1	RPPH1		0
ENCFF442HYC	ENCSR000CVL	Homo sapiens mesenchymal stem cell of Wharton's jelly female newborn and male newborn	1	RNU6-7	U6	8
ENCFF442HYC	ENCSR000CVL	Homo sapiens mesenchymal stem cell of Wharton's jelly female newborn and male newborn	1	RNU6-8	U6	145
ENCFF442HYC	ENCSR000CVL	Homo sapiens mesenchymal stem cell of Wharton's jelly female newborn and male newborn	1	RN7SL1		0
ENCFF442HYC	ENCSR000CVL	Homo sapiens mesenchymal stem cell of Wharton's jelly female newborn and male newborn	1	RN7SL2		92
ENCFF442HYC	ENCSR000CVL	Homo sapiens mesenchymal stem cell of Wharton's jelly female newborn and male newborn	1	RNU5A-1	U5	5532
ENCFF442HYC	ENCSR000CVL	Homo sapiens mesenchymal stem cell of Wharton's jelly female newborn and male newborn	1	RNU5B-1	U5	8574
ENCFF442HYC	ENCSR000CVL	Homo sapiens mesenchymal stem cell of Wharton's jelly female newborn and male newborn	1	RNU6-1	U6	38
ENCFF442HYC	ENCSR000CVL	Homo sapiens mesenchymal stem cell of Wharton's jelly female newborn and male newborn	1	RNU2-1	U2	0
ENCFF442HYC	ENCSR000CVL	Homo sapiens mesenchymal stem cell of Wharton's jelly female newborn and male newborn	1	RNU6-9	U6	75
ENCFF442HYC	ENCSR000CVL	Homo sapiens mesenchymal stem cell of Wharton's jelly female newborn and male newborn	1	RNU6-2	U6	116
ENCFF442HYC	ENCSR000CVL	Homo sapiens mesenchymal stem cell of Wharton's jelly female newborn and male newborn	1	RNU12	U12	0
ENCFF874ZVS	ENCSR000CVL	Homo sapiens mesenchymal stem cell of Wharton's jelly female newborn and male newborn	2	RNU5E-1	U5	3008
ENCFF874ZVS	ENCSR000CVL	Homo sapiens mesenchymal stem cell of Wharton's jelly female newborn and male newborn	2	RNU1-1	U1	2
ENCFF874ZVS	ENCSR000CVL	Homo sapiens mesenchymal stem cell of Wharton's jelly female newborn and male newborn	2	RNU1-3	U1	0
ENCFF874ZVS	ENCSR000CVL	Homo sapiens mesenchymal stem cell of Wharton's jelly female newborn and male newborn	2	RNU1-4	U1	0
ENCFF874ZVS	ENCSR000CVL	Homo sapiens mesenchymal stem cell of Wharton's jelly female newborn and male newborn	2	RNU1-2	U1	4
ENCFF874ZVS	ENCSR000CVL	Homo sapiens mesenchymal stem cell of Wharton's jelly female newborn and male newborn	2	RNU11	U11	0
ENCFF874ZVS	ENCSR000CVL	Homo sapiens mesenchymal stem cell of Wharton's jelly female newborn and male newborn	2	RNU5F-1	U5	5862
ENCFF874ZVS	ENCSR000CVL	Homo sapiens mesenchymal stem cell of Wharton's jelly female newborn and male newborn	2	RNU5D-1	U5	6435
ENCFF874ZVS	ENCSR000CVL	Homo sapiens mesenchymal stem cell of Wharton's jelly female newborn and male newborn	2	RNU4ATAC	U4atac	13961
ENCFF874ZVS	ENCSR000CVL	Homo sapiens mesenchymal stem cell of Wharton's jelly female newborn and male newborn	2	RMRP		0
ENCFF874ZVS	ENCSR000CVL	Homo sapiens mesenchymal stem cell of Wharton's jelly female newborn and male newborn	2	RNU6ATAC	U6atac	11087
ENCFF874ZVS	ENCSR000CVL	Homo sapiens mesenchymal stem cell of Wharton's jelly female newborn and male newborn	2	RNU2-2P	U2	0
ENCFF874ZVS	ENCSR000CVL	Homo sapiens mesenchymal stem cell of Wharton's jelly female newborn and male newborn	2	RNU7-1	U7	0
ENCFF874ZVS	ENCSR000CVL	Homo sapiens mesenchymal stem cell of Wharton's jelly female newborn and male newborn	2	RNU4-2	U4	9138
ENCFF874ZVS	ENCSR000CVL	Homo sapiens mesenchymal stem cell of Wharton's jelly female newborn and male newborn	2	RNU4-1	U4	4280
ENCFF874ZVS	ENCSR000CVL	Homo sapiens mesenchymal stem cell of Wharton's jelly female newborn and male newborn	2	RPPH1		0
ENCFF874ZVS	ENCSR000CVL	Homo sapiens mesenchymal stem cell of Wharton's jelly female newborn and male newborn	2	RNU6-7	U6	16
ENCFF874ZVS	ENCSR000CVL	Homo sapiens mesenchymal stem cell of Wharton's jelly female newborn and male newborn	2	RNU6-8	U6	90
ENCFF874ZVS	ENCSR000CVL	Homo sapiens mesenchymal stem cell of Wharton's jelly female newborn and male newborn	2	RN7SL1		0
ENCFF874ZVS	ENCSR000CVL	Homo sapiens mesenchymal stem cell of Wharton's jelly female newborn and male newborn	2	RN7SL2		900
ENCFF874ZVS	ENCSR000CVL	Homo sapiens mesenchymal stem cell of Wharton's jelly female newborn and male newborn	2	RNU5A-1	U5	8635
ENCFF874ZVS	ENCSR000CVL	Homo sapiens mesenchymal stem cell of Wharton's jelly female newborn and male newborn	2	RNU5B-1	U5	11166
ENCFF874ZVS	ENCSR000CVL	Homo sapiens mesenchymal stem cell of Wharton's jelly female newborn and male newborn	2	RNU6-1	U6	25
ENCFF874ZVS	ENCSR000CVL	Homo sapiens mesenchymal stem cell of Wharton's jelly female newborn and male newborn	2	RNU2-1	U2	0
ENCFF874ZVS	ENCSR000CVL	Homo sapiens mesenchymal stem cell of Wharton's jelly female newborn and male newborn	2	RNU6-9	U6	66
ENCFF874ZVS	ENCSR000CVL	Homo sapiens mesenchymal stem cell of Wharton's jelly female newborn and male newborn	2	RNU6-2	U6	184
ENCFF874ZVS	ENCSR000CVL	Homo sapiens mesenchymal stem cell of Wharton's jelly female newborn and male newborn	2	RNU12	U12	0
ENCFF939CFW	ENCSR000CVM	Homo sapiens melanocyte of skin female adult (52 years) and male adult (55 years)	1	RNU5E-1	U5	7743
ENCFF939CFW	ENCSR000CVM	Homo sapiens melanocyte of skin female adult (52 years) and male adult (55 years)	1	RNU1-1	U1	0
ENCFF939CFW	ENCSR000CVM	Homo sapiens melanocyte of skin female adult (52 years) and male adult (55 years)	1	RNU1-3	U1	0
ENCFF939CFW	ENCSR000CVM	Homo sapiens melanocyte of skin female adult (52 years) and male adult (55 years)	1	RNU1-4	U1	0
ENCFF939CFW	ENCSR000CVM	Homo sapiens melanocyte of skin female adult (52 years) and male adult (55 years)	1	RNU1-2	U1	1
ENCFF939CFW	ENCSR000CVM	Homo sapiens melanocyte of skin female adult (52 years) and male adult (55 years)	1	RNU11	U11	0
ENCFF939CFW	ENCSR000CVM	Homo sapiens melanocyte of skin female adult (52 years) and male adult (55 years)	1	RNU5F-1	U5	977
ENCFF939CFW	ENCSR000CVM	Homo sapiens melanocyte of skin female adult (52 years) and male adult (55 years)	1	RNU5D-1	U5	8031
ENCFF939CFW	ENCSR000CVM	Homo sapiens melanocyte of skin female adult (52 years) and male adult (55 years)	1	RNU4ATAC	U4atac	9549
ENCFF939CFW	ENCSR000CVM	Homo sapiens melanocyte of skin female adult (52 years) and male adult (55 years)	1	RMRP		0
ENCFF939CFW	ENCSR000CVM	Homo sapiens melanocyte of skin female adult (52 years) and male adult (55 years)	1	RNU6ATAC	U6atac	11077
ENCFF939CFW	ENCSR000CVM	Homo sapiens melanocyte of skin female adult (52 years) and male adult (55 years)	1	RNU2-2P	U2	0
ENCFF939CFW	ENCSR000CVM	Homo sapiens melanocyte of skin female adult (52 years) and male adult (55 years)	1	RNU7-1	U7	0
ENCFF939CFW	ENCSR000CVM	Homo sapiens melanocyte of skin female adult (52 years) and male adult (55 years)	1	RNU4-2	U4	7562
ENCFF939CFW	ENCSR000CVM	Homo sapiens melanocyte of skin female adult (52 years) and male adult (55 years)	1	RNU4-1	U4	3486
ENCFF939CFW	ENCSR000CVM	Homo sapiens melanocyte of skin female adult (52 years) and male adult (55 years)	1	RPPH1		0
ENCFF939CFW	ENCSR000CVM	Homo sapiens melanocyte of skin female adult (52 years) and male adult (55 years)	1	RNU6-7	U6	1
ENCFF939CFW	ENCSR000CVM	Homo sapiens melanocyte of skin female adult (52 years) and male adult (55 years)	1	RNU6-8	U6	316
ENCFF939CFW	ENCSR000CVM	Homo sapiens melanocyte of skin female adult (52 years) and male adult (55 years)	1	RN7SL1		0
ENCFF939CFW	ENCSR000CVM	Homo sapiens melanocyte of skin female adult (52 years) and male adult (55 years)	1	RN7SL2		272
ENCFF939CFW	ENCSR000CVM	Homo sapiens melanocyte of skin female adult (52 years) and male adult (55 years)	1	RNU5A-1	U5	9310
ENCFF939CFW	ENCSR000CVM	Homo sapiens melanocyte of skin female adult (52 years) and male adult (55 years)	1	RNU5B-1	U5	12653
ENCFF939CFW	ENCSR000CVM	Homo sapiens melanocyte of skin female adult (52 years) and male adult (55 years)	1	RNU6-1	U6	147
ENCFF939CFW	ENCSR000CVM	Homo sapiens melanocyte of skin female adult (52 years) and male adult (55 years)	1	RNU2-1	U2	0
ENCFF939CFW	ENCSR000CVM	Homo sapiens melanocyte of skin female adult (52 years) and male adult (55 years)	1	RNU6-9	U6	164
ENCFF939CFW	ENCSR000CVM	Homo sapiens melanocyte of skin female adult (52 years) and male adult (55 years)	1	RNU6-2	U6	124
ENCFF939CFW	ENCSR000CVM	Homo sapiens melanocyte of skin female adult (52 years) and male adult (55 years)	1	RNU12	U12	0
ENCFF244NUI	ENCSR000CVM	Homo sapiens melanocyte of skin female adult (52 years) and male adult (55 years)	2	RNU5E-1	U5	2701
ENCFF244NUI	ENCSR000CVM	Homo sapiens melanocyte of skin female adult (52 years) and male adult (55 years)	2	RNU1-1	U1	1
ENCFF244NUI	ENCSR000CVM	Homo sapiens melanocyte of skin female adult (52 years) and male adult (55 years)	2	RNU1-3	U1	0
ENCFF244NUI	ENCSR000CVM	Homo sapiens melanocyte of skin female adult (52 years) and male adult (55 years)	2	RNU1-4	U1	0
ENCFF244NUI	ENCSR000CVM	Homo sapiens melanocyte of skin female adult (52 years) and male adult (55 years)	2	RNU1-2	U1	3
ENCFF244NUI	ENCSR000CVM	Homo sapiens melanocyte of skin female adult (52 years) and male adult (55 years)	2	RNU11	U11	0
ENCFF244NUI	ENCSR000CVM	Homo sapiens melanocyte of skin female adult (52 years) and male adult (55 years)	2	RNU5F-1	U5	216
ENCFF244NUI	ENCSR000CVM	Homo sapiens melanocyte of skin female adult (52 years) and male adult (55 years)	2	RNU5D-1	U5	7771
ENCFF244NUI	ENCSR000CVM	Homo sapiens melanocyte of skin female adult (52 years) and male adult (55 years)	2	RNU4ATAC	U4atac	9336
ENCFF244NUI	ENCSR000CVM	Homo sapiens melanocyte of skin female adult (52 years) and male adult (55 years)	2	RMRP		0
ENCFF244NUI	ENCSR000CVM	Homo sapiens melanocyte of skin female adult (52 years) and male adult (55 years)	2	RNU6ATAC	U6atac	10840
ENCFF244NUI	ENCSR000CVM	Homo sapiens melanocyte of skin female adult (52 years) and male adult (55 years)	2	RNU2-2P	U2	0
ENCFF244NUI	ENCSR000CVM	Homo sapiens melanocyte of skin female adult (52 years) and male adult (55 years)	2	RNU7-1	U7	0
ENCFF244NUI	ENCSR000CVM	Homo sapiens melanocyte of skin female adult (52 years) and male adult (55 years)	2	RNU4-2	U4	4399
ENCFF244NUI	ENCSR000CVM	Homo sapiens melanocyte of skin female adult (52 years) and male adult (55 years)	2	RNU4-1	U4	1882
ENCFF244NUI	ENCSR000CVM	Homo sapiens melanocyte of skin female adult (52 years) and male adult (55 years)	2	RPPH1		0
ENCFF244NUI	ENCSR000CVM	Homo sapiens melanocyte of skin female adult (52 years) and male adult (55 years)	2	RNU6-7	U6	7
ENCFF244NUI	ENCSR000CVM	Homo sapiens melanocyte of skin female adult (52 years) and male adult (55 years)	2	RNU6-8	U6	93
ENCFF244NUI	ENCSR000CVM	Homo sapiens melanocyte of skin female adult (52 years) and male adult (55 years)	2	RN7SL1		0
ENCFF244NUI	ENCSR000CVM	Homo sapiens melanocyte of skin female adult (52 years) and male adult (55 years)	2	RN7SL2		93
ENCFF244NUI	ENCSR000CVM	Homo sapiens melanocyte of skin female adult (52 years) and male adult (55 years)	2	RNU5A-1	U5	5054
ENCFF244NUI	ENCSR000CVM	Homo sapiens melanocyte of skin female adult (52 years) and male adult (55 years)	2	RNU5B-1	U5	6451
ENCFF244NUI	ENCSR000CVM	Homo sapiens melanocyte of skin female adult (52 years) and male adult (55 years)	2	RNU6-1	U6	120
ENCFF244NUI	ENCSR000CVM	Homo sapiens melanocyte of skin female adult (52 years) and male adult (55 years)	2	RNU2-1	U2	0
ENCFF244NUI	ENCSR000CVM	Homo sapiens melanocyte of skin female adult (52 years) and male adult (55 years)	2	RNU6-9	U6	129
ENCFF244NUI	ENCSR000CVM	Homo sapiens melanocyte of skin female adult (52 years) and male adult (55 years)	2	RNU6-2	U6	95
ENCFF244NUI	ENCSR000CVM	Homo sapiens melanocyte of skin female adult (52 years) and male adult (55 years)	2	RNU12	U12	0
ENCFF654OLU	ENCSR000CVJ	Homo sapiens subcutaneous preadipocyte female adult (62 years) and male adult (65 years)	1	RNU5E-1	U5	14511
ENCFF654OLU	ENCSR000CVJ	Homo sapiens subcutaneous preadipocyte female adult (62 years) and male adult (65 years)	1	RNU1-1	U1	0
ENCFF654OLU	ENCSR000CVJ	Homo sapiens subcutaneous preadipocyte female adult (62 years) and male adult (65 years)	1	RNU1-3	U1	0
ENCFF654OLU	ENCSR000CVJ	Homo sapiens subcutaneous preadipocyte female adult (62 years) and male adult (65 years)	1	RNU1-4	U1	0
ENCFF654OLU	ENCSR000CVJ	Homo sapiens subcutaneous preadipocyte female adult (62 years) and male adult (65 years)	1	RNU1-2	U1	0
ENCFF654OLU	ENCSR000CVJ	Homo sapiens subcutaneous preadipocyte female adult (62 years) and male adult (65 years)	1	RNU11	U11	0
ENCFF654OLU	ENCSR000CVJ	Homo sapiens subcutaneous preadipocyte female adult (62 years) and male adult (65 years)	1	RNU5F-1	U5	3166
ENCFF654OLU	ENCSR000CVJ	Homo sapiens subcutaneous preadipocyte female adult (62 years) and male adult (65 years)	1	RNU5D-1	U5	57368
ENCFF654OLU	ENCSR000CVJ	Homo sapiens subcutaneous preadipocyte female adult (62 years) and male adult (65 years)	1	RNU4ATAC	U4atac	25130
ENCFF654OLU	ENCSR000CVJ	Homo sapiens subcutaneous preadipocyte female adult (62 years) and male adult (65 years)	1	RMRP		0
ENCFF654OLU	ENCSR000CVJ	Homo sapiens subcutaneous preadipocyte female adult (62 years) and male adult (65 years)	1	RNU6ATAC	U6atac	25877
ENCFF654OLU	ENCSR000CVJ	Homo sapiens subcutaneous preadipocyte female adult (62 years) and male adult (65 years)	1	RNU2-2P	U2	0
ENCFF654OLU	ENCSR000CVJ	Homo sapiens subcutaneous preadipocyte female adult (62 years) and male adult (65 years)	1	RNU7-1	U7	0
ENCFF654OLU	ENCSR000CVJ	Homo sapiens subcutaneous preadipocyte female adult (62 years) and male adult (65 years)	1	RNU4-2	U4	9536
ENCFF654OLU	ENCSR000CVJ	Homo sapiens subcutaneous preadipocyte female adult (62 years) and male adult (65 years)	1	RNU4-1	U4	6247
ENCFF654OLU	ENCSR000CVJ	Homo sapiens subcutaneous preadipocyte female adult (62 years) and male adult (65 years)	1	RPPH1		0
ENCFF654OLU	ENCSR000CVJ	Homo sapiens subcutaneous preadipocyte female adult (62 years) and male adult (65 years)	1	RNU6-7	U6	6
ENCFF654OLU	ENCSR000CVJ	Homo sapiens subcutaneous preadipocyte female adult (62 years) and male adult (65 years)	1	RNU6-8	U6	92
ENCFF654OLU	ENCSR000CVJ	Homo sapiens subcutaneous preadipocyte female adult (62 years) and male adult (65 years)	1	RN7SL1		0
ENCFF654OLU	ENCSR000CVJ	Homo sapiens subcutaneous preadipocyte female adult (62 years) and male adult (65 years)	1	RN7SL2		120
ENCFF654OLU	ENCSR000CVJ	Homo sapiens subcutaneous preadipocyte female adult (62 years) and male adult (65 years)	1	RNU5A-1	U5	10555
ENCFF654OLU	ENCSR000CVJ	Homo sapiens subcutaneous preadipocyte female adult (62 years) and male adult (65 years)	1	RNU5B-1	U5	14075
ENCFF654OLU	ENCSR000CVJ	Homo sapiens subcutaneous preadipocyte female adult (62 years) and male adult (65 years)	1	RNU6-1	U6	57
ENCFF654OLU	ENCSR000CVJ	Homo sapiens subcutaneous preadipocyte female adult (62 years) and male adult (65 years)	1	RNU2-1	U2	0
ENCFF654OLU	ENCSR000CVJ	Homo sapiens subcutaneous preadipocyte female adult (62 years) and male adult (65 years)	1	RNU6-9	U6	238
ENCFF654OLU	ENCSR000CVJ	Homo sapiens subcutaneous preadipocyte female adult (62 years) and male adult (65 years)	1	RNU6-2	U6	633
ENCFF654OLU	ENCSR000CVJ	Homo sapiens subcutaneous preadipocyte female adult (62 years) and male adult (65 years)	1	RNU12	U12	0
ENCFF547AUV	ENCSR000CVJ	Homo sapiens subcutaneous preadipocyte female adult (62 years) and male adult (65 years)	2	RNU5E-1	U5	7545
ENCFF547AUV	ENCSR000CVJ	Homo sapiens subcutaneous preadipocyte female adult (62 years) and male adult (65 years)	2	RNU1-1	U1	2
ENCFF547AUV	ENCSR000CVJ	Homo sapiens subcutaneous preadipocyte female adult (62 years) and male adult (65 years)	2	RNU1-3	U1	0
ENCFF547AUV	ENCSR000CVJ	Homo sapiens subcutaneous preadipocyte female adult (62 years) and male adult (65 years)	2	RNU1-4	U1	0
ENCFF547AUV	ENCSR000CVJ	Homo sapiens subcutaneous preadipocyte female adult (62 years) and male adult (65 years)	2	RNU1-2	U1	3
ENCFF547AUV	ENCSR000CVJ	Homo sapiens subcutaneous preadipocyte female adult (62 years) and male adult (65 years)	2	RNU11	U11	4
ENCFF547AUV	ENCSR000CVJ	Homo sapiens subcutaneous preadipocyte female adult (62 years) and male adult (65 years)	2	RNU5F-1	U5	2097
ENCFF547AUV	ENCSR000CVJ	Homo sapiens subcutaneous preadipocyte female adult (62 years) and male adult (65 years)	2	RNU5D-1	U5	26557
ENCFF547AUV	ENCSR000CVJ	Homo sapiens subcutaneous preadipocyte female adult (62 years) and male adult (65 years)	2	RNU4ATAC	U4atac	28741
ENCFF547AUV	ENCSR000CVJ	Homo sapiens subcutaneous preadipocyte female adult (62 years) and male adult (65 years)	2	RMRP		0
ENCFF547AUV	ENCSR000CVJ	Homo sapiens subcutaneous preadipocyte female adult (62 years) and male adult (65 years)	2	RNU6ATAC	U6atac	32693
ENCFF547AUV	ENCSR000CVJ	Homo sapiens subcutaneous preadipocyte female adult (62 years) and male adult (65 years)	2	RNU2-2P	U2	0
ENCFF547AUV	ENCSR000CVJ	Homo sapiens subcutaneous preadipocyte female adult (62 years) and male adult (65 years)	2	RNU7-1	U7	0
ENCFF547AUV	ENCSR000CVJ	Homo sapiens subcutaneous preadipocyte female adult (62 years) and male adult (65 years)	2	RNU4-2	U4	9325
ENCFF547AUV	ENCSR000CVJ	Homo sapiens subcutaneous preadipocyte female adult (62 years) and male adult (65 years)	2	RNU4-1	U4	3698
ENCFF547AUV	ENCSR000CVJ	Homo sapiens subcutaneous preadipocyte female adult (62 years) and male adult (65 years)	2	RPPH1		0
ENCFF547AUV	ENCSR000CVJ	Homo sapiens subcutaneous preadipocyte female adult (62 years) and male adult (65 years)	2	RNU6-7	U6	0
ENCFF547AUV	ENCSR000CVJ	Homo sapiens subcutaneous preadipocyte female adult (62 years) and male adult (65 years)	2	RNU6-8	U6	109
ENCFF547AUV	ENCSR000CVJ	Homo sapiens subcutaneous preadipocyte female adult (62 years) and male adult (65 years)	2	RN7SL1		0
ENCFF547AUV	ENCSR000CVJ	Homo sapiens subcutaneous preadipocyte female adult (62 years) and male adult (65 years)	2	RN7SL2		141
ENCFF547AUV	ENCSR000CVJ	Homo sapiens subcutaneous preadipocyte female adult (62 years) and male adult (65 years)	2	RNU5A-1	U5	10915
ENCFF547AUV	ENCSR000CVJ	Homo sapiens subcutaneous preadipocyte female adult (62 years) and male adult (65 years)	2	RNU5B-1	U5	13488
ENCFF547AUV	ENCSR000CVJ	Homo sapiens subcutaneous preadipocyte female adult (62 years) and male adult (65 years)	2	RNU6-1	U6	165
ENCFF547AUV	ENCSR000CVJ	Homo sapiens subcutaneous preadipocyte female adult (62 years) and male adult (65 years)	2	RNU2-1	U2	0
ENCFF547AUV	ENCSR000CVJ	Homo sapiens subcutaneous preadipocyte female adult (62 years) and male adult (65 years)	2	RNU6-9	U6	213
ENCFF547AUV	ENCSR000CVJ	Homo sapiens subcutaneous preadipocyte female adult (62 years) and male adult (65 years)	2	RNU6-2	U6	531
ENCFF547AUV	ENCSR000CVJ	Homo sapiens subcutaneous preadipocyte female adult (62 years) and male adult (65 years)	2	RNU12	U12	0
ENCFF811HGV	ENCSR000CVK	Homo sapiens melanocyte of skin male child (1 year) and male child (3 years)	1	RNU5E-1	U5	7134
ENCFF811HGV	ENCSR000CVK	Homo sapiens melanocyte of skin male child (1 year) and male child (3 years)	1	RNU1-1	U1	0
ENCFF811HGV	ENCSR000CVK	Homo sapiens melanocyte of skin male child (1 year) and male child (3 years)	1	RNU1-3	U1	0
ENCFF811HGV	ENCSR000CVK	Homo sapiens melanocyte of skin male child (1 year) and male child (3 years)	1	RNU1-4	U1	0
ENCFF811HGV	ENCSR000CVK	Homo sapiens melanocyte of skin male child (1 year) and male child (3 years)	1	RNU1-2	U1	10
ENCFF811HGV	ENCSR000CVK	Homo sapiens melanocyte of skin male child (1 year) and male child (3 years)	1	RNU11	U11	0
ENCFF811HGV	ENCSR000CVK	Homo sapiens melanocyte of skin male child (1 year) and male child (3 years)	1	RNU5F-1	U5	5301
ENCFF811HGV	ENCSR000CVK	Homo sapiens melanocyte of skin male child (1 year) and male child (3 years)	1	RNU5D-1	U5	11115
ENCFF811HGV	ENCSR000CVK	Homo sapiens melanocyte of skin male child (1 year) and male child (3 years)	1	RNU4ATAC	U4atac	13926
ENCFF811HGV	ENCSR000CVK	Homo sapiens melanocyte of skin male child (1 year) and male child (3 years)	1	RMRP		0
ENCFF811HGV	ENCSR000CVK	Homo sapiens melanocyte of skin male child (1 year) and male child (3 years)	1	RNU6ATAC	U6atac	17159
ENCFF811HGV	ENCSR000CVK	Homo sapiens melanocyte of skin male child (1 year) and male child (3 years)	1	RNU2-2P	U2	0
ENCFF811HGV	ENCSR000CVK	Homo sapiens melanocyte of skin male child (1 year) and male child (3 years)	1	RNU7-1	U7	0
ENCFF811HGV	ENCSR000CVK	Homo sapiens melanocyte of skin male child (1 year) and male child (3 years)	1	RNU4-2	U4	3909
ENCFF811HGV	ENCSR000CVK	Homo sapiens melanocyte of skin male child (1 year) and male child (3 years)	1	RNU4-1	U4	1583
ENCFF811HGV	ENCSR000CVK	Homo sapiens melanocyte of skin male child (1 year) and male child (3 years)	1	RPPH1		0
ENCFF811HGV	ENCSR000CVK	Homo sapiens melanocyte of skin male child (1 year) and male child (3 years)	1	RNU6-7	U6	51
ENCFF811HGV	ENCSR000CVK	Homo sapiens melanocyte of skin male child (1 year) and male child (3 years)	1	RNU6-8	U6	242
ENCFF811HGV	ENCSR000CVK	Homo sapiens melanocyte of skin male child (1 year) and male child (3 years)	1	RN7SL1		0
ENCFF811HGV	ENCSR000CVK	Homo sapiens melanocyte of skin male child (1 year) and male child (3 years)	1	RN7SL2		176
ENCFF811HGV	ENCSR000CVK	Homo sapiens melanocyte of skin male child (1 year) and male child (3 years)	1	RNU5A-1	U5	7259
ENCFF811HGV	ENCSR000CVK	Homo sapiens melanocyte of skin male child (1 year) and male child (3 years)	1	RNU5B-1	U5	10857
ENCFF811HGV	ENCSR000CVK	Homo sapiens melanocyte of skin male child (1 year) and male child (3 years)	1	RNU6-1	U6	317
ENCFF811HGV	ENCSR000CVK	Homo sapiens melanocyte of skin male child (1 year) and male child (3 years)	1	RNU2-1	U2	0
ENCFF811HGV	ENCSR000CVK	Homo sapiens melanocyte of skin male child (1 year) and male child (3 years)	1	RNU6-9	U6	1225
ENCFF811HGV	ENCSR000CVK	Homo sapiens melanocyte of skin male child (1 year) and male child (3 years)	1	RNU6-2	U6	432
ENCFF811HGV	ENCSR000CVK	Homo sapiens melanocyte of skin male child (1 year) and male child (3 years)	1	RNU12	U12	0
ENCFF006PSV	ENCSR000CVK	Homo sapiens melanocyte of skin male child (1 year) and male child (3 years)	2	RNU5E-1	U5	17291
ENCFF006PSV	ENCSR000CVK	Homo sapiens melanocyte of skin male child (1 year) and male child (3 years)	2	RNU1-1	U1	1
ENCFF006PSV	ENCSR000CVK	Homo sapiens melanocyte of skin male child (1 year) and male child (3 years)	2	RNU1-3	U1	0
ENCFF006PSV	ENCSR000CVK	Homo sapiens melanocyte of skin male child (1 year) and male child (3 years)	2	RNU1-4	U1	0
ENCFF006PSV	ENCSR000CVK	Homo sapiens melanocyte of skin male child (1 year) and male child (3 years)	2	RNU1-2	U1	2
ENCFF006PSV	ENCSR000CVK	Homo sapiens melanocyte of skin male child (1 year) and male child (3 years)	2	RNU11	U11	0
ENCFF006PSV	ENCSR000CVK	Homo sapiens melanocyte of skin male child (1 year) and male child (3 years)	2	RNU5F-1	U5	7456
ENCFF006PSV	ENCSR000CVK	Homo sapiens melanocyte of skin male child (1 year) and male child (3 years)	2	RNU5D-1	U5	12805
ENCFF006PSV	ENCSR000CVK	Homo sapiens melanocyte of skin male child (1 year) and male child (3 years)	2	RNU4ATAC	U4atac	11217
ENCFF006PSV	ENCSR000CVK	Homo sapiens melanocyte of skin male child (1 year) and male child (3 years)	2	RMRP		0
ENCFF006PSV	ENCSR000CVK	Homo sapiens melanocyte of skin male child (1 year) and male child (3 years)	2	RNU6ATAC	U6atac	12484
ENCFF006PSV	ENCSR000CVK	Homo sapiens melanocyte of skin male child (1 year) and male child (3 years)	2	RNU2-2P	U2	0
ENCFF006PSV	ENCSR000CVK	Homo sapiens melanocyte of skin male child (1 year) and male child (3 years)	2	RNU7-1	U7	0
ENCFF006PSV	ENCSR000CVK	Homo sapiens melanocyte of skin male child (1 year) and male child (3 years)	2	RNU4-2	U4	7185
ENCFF006PSV	ENCSR000CVK	Homo sapiens melanocyte of skin male child (1 year) and male child (3 years)	2	RNU4-1	U4	4079
ENCFF006PSV	ENCSR000CVK	Homo sapiens melanocyte of skin male child (1 year) and male child (3 years)	2	RPPH1		0
ENCFF006PSV	ENCSR000CVK	Homo sapiens melanocyte of skin male child (1 year) and male child (3 years)	2	RNU6-7	U6	14
ENCFF006PSV	ENCSR000CVK	Homo sapiens melanocyte of skin male child (1 year) and male child (3 years)	2	RNU6-8	U6	381
ENCFF006PSV	ENCSR000CVK	Homo sapiens melanocyte of skin male child (1 year) and male child (3 years)	2	RN7SL1		0
ENCFF006PSV	ENCSR000CVK	Homo sapiens melanocyte of skin male child (1 year) and male child (3 years)	2	RN7SL2		298
ENCFF006PSV	ENCSR000CVK	Homo sapiens melanocyte of skin male child (1 year) and male child (3 years)	2	RNU5A-1	U5	9365
ENCFF006PSV	ENCSR000CVK	Homo sapiens melanocyte of skin male child (1 year) and male child (3 years)	2	RNU5B-1	U5	14420
ENCFF006PSV	ENCSR000CVK	Homo sapiens melanocyte of skin male child (1 year) and male child (3 years)	2	RNU6-1	U6	168
ENCFF006PSV	ENCSR000CVK	Homo sapiens melanocyte of skin male child (1 year) and male child (3 years)	2	RNU2-1	U2	0
ENCFF006PSV	ENCSR000CVK	Homo sapiens melanocyte of skin male child (1 year) and male child (3 years)	2	RNU6-9	U6	628
ENCFF006PSV	ENCSR000CVK	Homo sapiens melanocyte of skin male child (1 year) and male child (3 years)	2	RNU6-2	U6	306
ENCFF006PSV	ENCSR000CVK	Homo sapiens melanocyte of skin male child (1 year) and male child (3 years)	2	RNU12	U12	0
ENCFF767ZGR	ENCSR000CVH	Homo sapiens placental epithelial cell female newborn and male newborn	1	RNU5E-1	U5	9844
ENCFF767ZGR	ENCSR000CVH	Homo sapiens placental epithelial cell female newborn and male newborn	1	RNU1-1	U1	0
ENCFF767ZGR	ENCSR000CVH	Homo sapiens placental epithelial cell female newborn and male newborn	1	RNU1-3	U1	0
ENCFF767ZGR	ENCSR000CVH	Homo sapiens placental epithelial cell female newborn and male newborn	1	RNU1-4	U1	0
ENCFF767ZGR	ENCSR000CVH	Homo sapiens placental epithelial cell female newborn and male newborn	1	RNU1-2	U1	8
ENCFF767ZGR	ENCSR000CVH	Homo sapiens placental epithelial cell female newborn and male newborn	1	RNU11	U11	0
ENCFF767ZGR	ENCSR000CVH	Homo sapiens placental epithelial cell female newborn and male newborn	1	RNU5F-1	U5	6410
ENCFF767ZGR	ENCSR000CVH	Homo sapiens placental epithelial cell female newborn and male newborn	1	RNU5D-1	U5	9933
ENCFF767ZGR	ENCSR000CVH	Homo sapiens placental epithelial cell female newborn and male newborn	1	RNU4ATAC	U4atac	14669
ENCFF767ZGR	ENCSR000CVH	Homo sapiens placental epithelial cell female newborn and male newborn	1	RMRP		0
ENCFF767ZGR	ENCSR000CVH	Homo sapiens placental epithelial cell female newborn and male newborn	1	RNU6ATAC	U6atac	8702
ENCFF767ZGR	ENCSR000CVH	Homo sapiens placental epithelial cell female newborn and male newborn	1	RNU2-2P	U2	0
ENCFF767ZGR	ENCSR000CVH	Homo sapiens placental epithelial cell female newborn and male newborn	1	RNU7-1	U7	0
ENCFF767ZGR	ENCSR000CVH	Homo sapiens placental epithelial cell female newborn and male newborn	1	RNU4-2	U4	16199
ENCFF767ZGR	ENCSR000CVH	Homo sapiens placental epithelial cell female newborn and male newborn	1	RNU4-1	U4	9345
ENCFF767ZGR	ENCSR000CVH	Homo sapiens placental epithelial cell female newborn and male newborn	1	RPPH1		0
ENCFF767ZGR	ENCSR000CVH	Homo sapiens placental epithelial cell female newborn and male newborn	1	RNU6-7	U6	17
ENCFF767ZGR	ENCSR000CVH	Homo sapiens placental epithelial cell female newborn and male newborn	1	RNU6-8	U6	360
ENCFF767ZGR	ENCSR000CVH	Homo sapiens placental epithelial cell female newborn and male newborn	1	RN7SL1		0
ENCFF767ZGR	ENCSR000CVH	Homo sapiens placental epithelial cell female newborn and male newborn	1	RN7SL2		197
ENCFF767ZGR	ENCSR000CVH	Homo sapiens placental epithelial cell female newborn and male newborn	1	RNU5A-1	U5	17966
ENCFF767ZGR	ENCSR000CVH	Homo sapiens placental epithelial cell female newborn and male newborn	1	RNU5B-1	U5	20227
ENCFF767ZGR	ENCSR000CVH	Homo sapiens placental epithelial cell female newborn and male newborn	1	RNU6-1	U6	109
ENCFF767ZGR	ENCSR000CVH	Homo sapiens placental epithelial cell female newborn and male newborn	1	RNU2-1	U2	0
ENCFF767ZGR	ENCSR000CVH	Homo sapiens placental epithelial cell female newborn and male newborn	1	RNU6-9	U6	214
ENCFF767ZGR	ENCSR000CVH	Homo sapiens placental epithelial cell female newborn and male newborn	1	RNU6-2	U6	711
ENCFF767ZGR	ENCSR000CVH	Homo sapiens placental epithelial cell female newborn and male newborn	1	RNU12	U12	0
ENCFF890MCD	ENCSR000CVH	Homo sapiens placental epithelial cell female newborn and male newborn	2	RNU5E-1	U5	7676
ENCFF890MCD	ENCSR000CVH	Homo sapiens placental epithelial cell female newborn and male newborn	2	RNU1-1	U1	0
ENCFF890MCD	ENCSR000CVH	Homo sapiens placental epithelial cell female newborn and male newborn	2	RNU1-3	U1	0
ENCFF890MCD	ENCSR000CVH	Homo sapiens placental epithelial cell female newborn and male newborn	2	RNU1-4	U1	0
ENCFF890MCD	ENCSR000CVH	Homo sapiens placental epithelial cell female newborn and male newborn	2	RNU1-2	U1	4
ENCFF890MCD	ENCSR000CVH	Homo sapiens placental epithelial cell female newborn and male newborn	2	RNU11	U11	0
ENCFF890MCD	ENCSR000CVH	Homo sapiens placental epithelial cell female newborn and male newborn	2	RNU5F-1	U5	458
ENCFF890MCD	ENCSR000CVH	Homo sapiens placental epithelial cell female newborn and male newborn	2	RNU5D-1	U5	2855
ENCFF890MCD	ENCSR000CVH	Homo sapiens placental epithelial cell female newborn and male newborn	2	RNU4ATAC	U4atac	7627
ENCFF890MCD	ENCSR000CVH	Homo sapiens placental epithelial cell female newborn and male newborn	2	RMRP		0
ENCFF890MCD	ENCSR000CVH	Homo sapiens placental epithelial cell female newborn and male newborn	2	RNU6ATAC	U6atac	6515
ENCFF890MCD	ENCSR000CVH	Homo sapiens placental epithelial cell female newborn and male newborn	2	RNU2-2P	U2	0
ENCFF890MCD	ENCSR000CVH	Homo sapiens placental epithelial cell female newborn and male newborn	2	RNU7-1	U7	0
ENCFF890MCD	ENCSR000CVH	Homo sapiens placental epithelial cell female newborn and male newborn	2	RNU4-2	U4	9121
ENCFF890MCD	ENCSR000CVH	Homo sapiens placental epithelial cell female newborn and male newborn	2	RNU4-1	U4	5167
ENCFF890MCD	ENCSR000CVH	Homo sapiens placental epithelial cell female newborn and male newborn	2	RPPH1		0
ENCFF890MCD	ENCSR000CVH	Homo sapiens placental epithelial cell female newborn and male newborn	2	RNU6-7	U6	2
ENCFF890MCD	ENCSR000CVH	Homo sapiens placental epithelial cell female newborn and male newborn	2	RNU6-8	U6	128
ENCFF890MCD	ENCSR000CVH	Homo sapiens placental epithelial cell female newborn and male newborn	2	RN7SL1		0
ENCFF890MCD	ENCSR000CVH	Homo sapiens placental epithelial cell female newborn and male newborn	2	RN7SL2		104
ENCFF890MCD	ENCSR000CVH	Homo sapiens placental epithelial cell female newborn and male newborn	2	RNU5A-1	U5	17514
ENCFF890MCD	ENCSR000CVH	Homo sapiens placental epithelial cell female newborn and male newborn	2	RNU5B-1	U5	20382
ENCFF890MCD	ENCSR000CVH	Homo sapiens placental epithelial cell female newborn and male newborn	2	RNU6-1	U6	31
ENCFF890MCD	ENCSR000CVH	Homo sapiens placental epithelial cell female newborn and male newborn	2	RNU2-1	U2	0
ENCFF890MCD	ENCSR000CVH	Homo sapiens placental epithelial cell female newborn and male newborn	2	RNU6-9	U6	111
ENCFF890MCD	ENCSR000CVH	Homo sapiens placental epithelial cell female newborn and male newborn	2	RNU6-2	U6	492
ENCFF890MCD	ENCSR000CVH	Homo sapiens placental epithelial cell female newborn and male newborn	2	RNU12	U12	0
ENCFF579GEV	ENCSR000CVI	Homo sapiens vein endothelial cell male adult (48 years) and male adult (52 years)	1	RNU5E-1	U5	9016
ENCFF579GEV	ENCSR000CVI	Homo sapiens vein endothelial cell male adult (48 years) and male adult (52 years)	1	RNU1-1	U1	1
ENCFF579GEV	ENCSR000CVI	Homo sapiens vein endothelial cell male adult (48 years) and male adult (52 years)	1	RNU1-3	U1	0
ENCFF579GEV	ENCSR000CVI	Homo sapiens vein endothelial cell male adult (48 years) and male adult (52 years)	1	RNU1-4	U1	0
ENCFF579GEV	ENCSR000CVI	Homo sapiens vein endothelial cell male adult (48 years) and male adult (52 years)	1	RNU1-2	U1	7
ENCFF579GEV	ENCSR000CVI	Homo sapiens vein endothelial cell male adult (48 years) and male adult (52 years)	1	RNU11	U11	0
ENCFF579GEV	ENCSR000CVI	Homo sapiens vein endothelial cell male adult (48 years) and male adult (52 years)	1	RNU5F-1	U5	1832
ENCFF579GEV	ENCSR000CVI	Homo sapiens vein endothelial cell male adult (48 years) and male adult (52 years)	1	RNU5D-1	U5	15004
ENCFF579GEV	ENCSR000CVI	Homo sapiens vein endothelial cell male adult (48 years) and male adult (52 years)	1	RNU4ATAC	U4atac	18481
ENCFF579GEV	ENCSR000CVI	Homo sapiens vein endothelial cell male adult (48 years) and male adult (52 years)	1	RMRP		0
ENCFF579GEV	ENCSR000CVI	Homo sapiens vein endothelial cell male adult (48 years) and male adult (52 years)	1	RNU6ATAC	U6atac	9989
ENCFF579GEV	ENCSR000CVI	Homo sapiens vein endothelial cell male adult (48 years) and male adult (52 years)	1	RNU2-2P	U2	0
ENCFF579GEV	ENCSR000CVI	Homo sapiens vein endothelial cell male adult (48 years) and male adult (52 years)	1	RNU7-1	U7	0
ENCFF579GEV	ENCSR000CVI	Homo sapiens vein endothelial cell male adult (48 years) and male adult (52 years)	1	RNU4-2	U4	12093
ENCFF579GEV	ENCSR000CVI	Homo sapiens vein endothelial cell male adult (48 years) and male adult (52 years)	1	RNU4-1	U4	3840
ENCFF579GEV	ENCSR000CVI	Homo sapiens vein endothelial cell male adult (48 years) and male adult (52 years)	1	RPPH1		0
ENCFF579GEV	ENCSR000CVI	Homo sapiens vein endothelial cell male adult (48 years) and male adult (52 years)	1	RNU6-7	U6	4
ENCFF579GEV	ENCSR000CVI	Homo sapiens vein endothelial cell male adult (48 years) and male adult (52 years)	1	RNU6-8	U6	166
ENCFF579GEV	ENCSR000CVI	Homo sapiens vein endothelial cell male adult (48 years) and male adult (52 years)	1	RN7SL1		0
ENCFF579GEV	ENCSR000CVI	Homo sapiens vein endothelial cell male adult (48 years) and male adult (52 years)	1	RN7SL2		64
ENCFF579GEV	ENCSR000CVI	Homo sapiens vein endothelial cell male adult (48 years) and male adult (52 years)	1	RNU5A-1	U5	11112
ENCFF579GEV	ENCSR000CVI	Homo sapiens vein endothelial cell male adult (48 years) and male adult (52 years)	1	RNU5B-1	U5	15585
ENCFF579GEV	ENCSR000CVI	Homo sapiens vein endothelial cell male adult (48 years) and male adult (52 years)	1	RNU6-1	U6	86
ENCFF579GEV	ENCSR000CVI	Homo sapiens vein endothelial cell male adult (48 years) and male adult (52 years)	1	RNU2-1	U2	0
ENCFF579GEV	ENCSR000CVI	Homo sapiens vein endothelial cell male adult (48 years) and male adult (52 years)	1	RNU6-9	U6	127
ENCFF579GEV	ENCSR000CVI	Homo sapiens vein endothelial cell male adult (48 years) and male adult (52 years)	1	RNU6-2	U6	158
ENCFF579GEV	ENCSR000CVI	Homo sapiens vein endothelial cell male adult (48 years) and male adult (52 years)	1	RNU12	U12	0
ENCFF722QIK	ENCSR000CVI	Homo sapiens vein endothelial cell male adult (48 years) and male adult (52 years)	2	RNU5E-1	U5	6731
ENCFF722QIK	ENCSR000CVI	Homo sapiens vein endothelial cell male adult (48 years) and male adult (52 years)	2	RNU1-1	U1	0
ENCFF722QIK	ENCSR000CVI	Homo sapiens vein endothelial cell male adult (48 years) and male adult (52 years)	2	RNU1-3	U1	0
ENCFF722QIK	ENCSR000CVI	Homo sapiens vein endothelial cell male adult (48 years) and male adult (52 years)	2	RNU1-4	U1	0
ENCFF722QIK	ENCSR000CVI	Homo sapiens vein endothelial cell male adult (48 years) and male adult (52 years)	2	RNU1-2	U1	4
ENCFF722QIK	ENCSR000CVI	Homo sapiens vein endothelial cell male adult (48 years) and male adult (52 years)	2	RNU11	U11	0
ENCFF722QIK	ENCSR000CVI	Homo sapiens vein endothelial cell male adult (48 years) and male adult (52 years)	2	RNU5F-1	U5	746
ENCFF722QIK	ENCSR000CVI	Homo sapiens vein endothelial cell male adult (48 years) and male adult (52 years)	2	RNU5D-1	U5	17479
ENCFF722QIK	ENCSR000CVI	Homo sapiens vein endothelial cell male adult (48 years) and male adult (52 years)	2	RNU4ATAC	U4atac	24593
ENCFF722QIK	ENCSR000CVI	Homo sapiens vein endothelial cell male adult (48 years) and male adult (52 years)	2	RMRP		0
ENCFF722QIK	ENCSR000CVI	Homo sapiens vein endothelial cell male adult (48 years) and male adult (52 years)	2	RNU6ATAC	U6atac	11533
ENCFF722QIK	ENCSR000CVI	Homo sapiens vein endothelial cell male adult (48 years) and male adult (52 years)	2	RNU2-2P	U2	0
ENCFF722QIK	ENCSR000CVI	Homo sapiens vein endothelial cell male adult (48 years) and male adult (52 years)	2	RNU7-1	U7	0
ENCFF722QIK	ENCSR000CVI	Homo sapiens vein endothelial cell male adult (48 years) and male adult (52 years)	2	RNU4-2	U4	11129
ENCFF722QIK	ENCSR000CVI	Homo sapiens vein endothelial cell male adult (48 years) and male adult (52 years)	2	RNU4-1	U4	8127
ENCFF722QIK	ENCSR000CVI	Homo sapiens vein endothelial cell male adult (48 years) and male adult (52 years)	2	RPPH1		0
ENCFF722QIK	ENCSR000CVI	Homo sapiens vein endothelial cell male adult (48 years) and male adult (52 years)	2	RNU6-7	U6	0
ENCFF722QIK	ENCSR000CVI	Homo sapiens vein endothelial cell male adult (48 years) and male adult (52 years)	2	RNU6-8	U6	214
ENCFF722QIK	ENCSR000CVI	Homo sapiens vein endothelial cell male adult (48 years) and male adult (52 years)	2	RN7SL1		0
ENCFF722QIK	ENCSR000CVI	Homo sapiens vein endothelial cell male adult (48 years) and male adult (52 years)	2	RN7SL2		64
ENCFF722QIK	ENCSR000CVI	Homo sapiens vein endothelial cell male adult (48 years) and male adult (52 years)	2	RNU5A-1	U5	9713
ENCFF722QIK	ENCSR000CVI	Homo sapiens vein endothelial cell male adult (48 years) and male adult (52 years)	2	RNU5B-1	U5	13104
ENCFF722QIK	ENCSR000CVI	Homo sapiens vein endothelial cell male adult (48 years) and male adult (52 years)	2	RNU6-1	U6	51
ENCFF722QIK	ENCSR000CVI	Homo sapiens vein endothelial cell male adult (48 years) and male adult (52 years)	2	RNU2-1	U2	0
ENCFF722QIK	ENCSR000CVI	Homo sapiens vein endothelial cell male adult (48 years) and male adult (52 years)	2	RNU6-9	U6	27
ENCFF722QIK	ENCSR000CVI	Homo sapiens vein endothelial cell male adult (48 years) and male adult (52 years)	2	RNU6-2	U6	262
ENCFF722QIK	ENCSR000CVI	Homo sapiens vein endothelial cell male adult (48 years) and male adult (52 years)	2	RNU12	U12	0
ENCFF052VSJ	ENCSR000CVF	Homo sapiens mammary epithelial cell female adult (23 years)	1	RNU5E-1	U5	3056
ENCFF052VSJ	ENCSR000CVF	Homo sapiens mammary epithelial cell female adult (23 years)	1	RNU1-1	U1	1
ENCFF052VSJ	ENCSR000CVF	Homo sapiens mammary epithelial cell female adult (23 years)	1	RNU1-3	U1	1
ENCFF052VSJ	ENCSR000CVF	Homo sapiens mammary epithelial cell female adult (23 years)	1	RNU1-4	U1	0
ENCFF052VSJ	ENCSR000CVF	Homo sapiens mammary epithelial cell female adult (23 years)	1	RNU1-2	U1	2
ENCFF052VSJ	ENCSR000CVF	Homo sapiens mammary epithelial cell female adult (23 years)	1	RNU11	U11	0
ENCFF052VSJ	ENCSR000CVF	Homo sapiens mammary epithelial cell female adult (23 years)	1	RNU5F-1	U5	349
ENCFF052VSJ	ENCSR000CVF	Homo sapiens mammary epithelial cell female adult (23 years)	1	RNU5D-1	U5	3177
ENCFF052VSJ	ENCSR000CVF	Homo sapiens mammary epithelial cell female adult (23 years)	1	RNU4ATAC	U4atac	1496
ENCFF052VSJ	ENCSR000CVF	Homo sapiens mammary epithelial cell female adult (23 years)	1	RMRP		0
ENCFF052VSJ	ENCSR000CVF	Homo sapiens mammary epithelial cell female adult (23 years)	1	RNU6ATAC	U6atac	2885
ENCFF052VSJ	ENCSR000CVF	Homo sapiens mammary epithelial cell female adult (23 years)	1	RNU2-2P	U2	0
ENCFF052VSJ	ENCSR000CVF	Homo sapiens mammary epithelial cell female adult (23 years)	1	RNU7-1	U7	0
ENCFF052VSJ	ENCSR000CVF	Homo sapiens mammary epithelial cell female adult (23 years)	1	RNU4-2	U4	3388
ENCFF052VSJ	ENCSR000CVF	Homo sapiens mammary epithelial cell female adult (23 years)	1	RNU4-1	U4	1517
ENCFF052VSJ	ENCSR000CVF	Homo sapiens mammary epithelial cell female adult (23 years)	1	RPPH1		0
ENCFF052VSJ	ENCSR000CVF	Homo sapiens mammary epithelial cell female adult (23 years)	1	RNU6-7	U6	0
ENCFF052VSJ	ENCSR000CVF	Homo sapiens mammary epithelial cell female adult (23 years)	1	RNU6-8	U6	10
ENCFF052VSJ	ENCSR000CVF	Homo sapiens mammary epithelial cell female adult (23 years)	1	RN7SL1		0
ENCFF052VSJ	ENCSR000CVF	Homo sapiens mammary epithelial cell female adult (23 years)	1	RN7SL2		52
ENCFF052VSJ	ENCSR000CVF	Homo sapiens mammary epithelial cell female adult (23 years)	1	RNU5A-1	U5	7578
ENCFF052VSJ	ENCSR000CVF	Homo sapiens mammary epithelial cell female adult (23 years)	1	RNU5B-1	U5	9864
ENCFF052VSJ	ENCSR000CVF	Homo sapiens mammary epithelial cell female adult (23 years)	1	RNU6-1	U6	45
ENCFF052VSJ	ENCSR000CVF	Homo sapiens mammary epithelial cell female adult (23 years)	1	RNU2-1	U2	0
ENCFF052VSJ	ENCSR000CVF	Homo sapiens mammary epithelial cell female adult (23 years)	1	RNU6-9	U6	3
ENCFF052VSJ	ENCSR000CVF	Homo sapiens mammary epithelial cell female adult (23 years)	1	RNU6-2	U6	15
ENCFF052VSJ	ENCSR000CVF	Homo sapiens mammary epithelial cell female adult (23 years)	1	RNU12	U12	0
ENCFF277JIY	ENCSR000CVD	Homo sapiens mesenchymal stem cell of adipose female adult (37 years) and female adult (42 years)	1	RNU5E-1	U5	7093
ENCFF277JIY	ENCSR000CVD	Homo sapiens mesenchymal stem cell of adipose female adult (37 years) and female adult (42 years)	1	RNU1-1	U1	0
ENCFF277JIY	ENCSR000CVD	Homo sapiens mesenchymal stem cell of adipose female adult (37 years) and female adult (42 years)	1	RNU1-3	U1	0
ENCFF277JIY	ENCSR000CVD	Homo sapiens mesenchymal stem cell of adipose female adult (37 years) and female adult (42 years)	1	RNU1-4	U1	0
ENCFF277JIY	ENCSR000CVD	Homo sapiens mesenchymal stem cell of adipose female adult (37 years) and female adult (42 years)	1	RNU1-2	U1	12
ENCFF277JIY	ENCSR000CVD	Homo sapiens mesenchymal stem cell of adipose female adult (37 years) and female adult (42 years)	1	RNU11	U11	0
ENCFF277JIY	ENCSR000CVD	Homo sapiens mesenchymal stem cell of adipose female adult (37 years) and female adult (42 years)	1	RNU5F-1	U5	744
ENCFF277JIY	ENCSR000CVD	Homo sapiens mesenchymal stem cell of adipose female adult (37 years) and female adult (42 years)	1	RNU5D-1	U5	7734
ENCFF277JIY	ENCSR000CVD	Homo sapiens mesenchymal stem cell of adipose female adult (37 years) and female adult (42 years)	1	RNU4ATAC	U4atac	16649
ENCFF277JIY	ENCSR000CVD	Homo sapiens mesenchymal stem cell of adipose female adult (37 years) and female adult (42 years)	1	RMRP		0
ENCFF277JIY	ENCSR000CVD	Homo sapiens mesenchymal stem cell of adipose female adult (37 years) and female adult (42 years)	1	RNU6ATAC	U6atac	15202
ENCFF277JIY	ENCSR000CVD	Homo sapiens mesenchymal stem cell of adipose female adult (37 years) and female adult (42 years)	1	RNU2-2P	U2	0
ENCFF277JIY	ENCSR000CVD	Homo sapiens mesenchymal stem cell of adipose female adult (37 years) and female adult (42 years)	1	RNU7-1	U7	0
ENCFF277JIY	ENCSR000CVD	Homo sapiens mesenchymal stem cell of adipose female adult (37 years) and female adult (42 years)	1	RNU4-2	U4	11119
ENCFF277JIY	ENCSR000CVD	Homo sapiens mesenchymal stem cell of adipose female adult (37 years) and female adult (42 years)	1	RNU4-1	U4	5147
ENCFF277JIY	ENCSR000CVD	Homo sapiens mesenchymal stem cell of adipose female adult (37 years) and female adult (42 years)	1	RPPH1		0
ENCFF277JIY	ENCSR000CVD	Homo sapiens mesenchymal stem cell of adipose female adult (37 years) and female adult (42 years)	1	RNU6-7	U6	0
ENCFF277JIY	ENCSR000CVD	Homo sapiens mesenchymal stem cell of adipose female adult (37 years) and female adult (42 years)	1	RNU6-8	U6	92
ENCFF277JIY	ENCSR000CVD	Homo sapiens mesenchymal stem cell of adipose female adult (37 years) and female adult (42 years)	1	RN7SL1		0
ENCFF277JIY	ENCSR000CVD	Homo sapiens mesenchymal stem cell of adipose female adult (37 years) and female adult (42 years)	1	RN7SL2		235
ENCFF277JIY	ENCSR000CVD	Homo sapiens mesenchymal stem cell of adipose female adult (37 years) and female adult (42 years)	1	RNU5A-1	U5	19924
ENCFF277JIY	ENCSR000CVD	Homo sapiens mesenchymal stem cell of adipose female adult (37 years) and female adult (42 years)	1	RNU5B-1	U5	21947
ENCFF277JIY	ENCSR000CVD	Homo sapiens mesenchymal stem cell of adipose female adult (37 years) and female adult (42 years)	1	RNU6-1	U6	87
ENCFF277JIY	ENCSR000CVD	Homo sapiens mesenchymal stem cell of adipose female adult (37 years) and female adult (42 years)	1	RNU2-1	U2	0
ENCFF277JIY	ENCSR000CVD	Homo sapiens mesenchymal stem cell of adipose female adult (37 years) and female adult (42 years)	1	RNU6-9	U6	203
ENCFF277JIY	ENCSR000CVD	Homo sapiens mesenchymal stem cell of adipose female adult (37 years) and female adult (42 years)	1	RNU6-2	U6	243
ENCFF277JIY	ENCSR000CVD	Homo sapiens mesenchymal stem cell of adipose female adult (37 years) and female adult (42 years)	1	RNU12	U12	0
ENCFF379VSN	ENCSR000CVD	Homo sapiens mesenchymal stem cell of adipose female adult (37 years) and female adult (42 years)	2	RNU5E-1	U5	13855
ENCFF379VSN	ENCSR000CVD	Homo sapiens mesenchymal stem cell of adipose female adult (37 years) and female adult (42 years)	2	RNU1-1	U1	0
ENCFF379VSN	ENCSR000CVD	Homo sapiens mesenchymal stem cell of adipose female adult (37 years) and female adult (42 years)	2	RNU1-3	U1	0
ENCFF379VSN	ENCSR000CVD	Homo sapiens mesenchymal stem cell of adipose female adult (37 years) and female adult (42 years)	2	RNU1-4	U1	0
ENCFF379VSN	ENCSR000CVD	Homo sapiens mesenchymal stem cell of adipose female adult (37 years) and female adult (42 years)	2	RNU1-2	U1	2
ENCFF379VSN	ENCSR000CVD	Homo sapiens mesenchymal stem cell of adipose female adult (37 years) and female adult (42 years)	2	RNU11	U11	0
ENCFF379VSN	ENCSR000CVD	Homo sapiens mesenchymal stem cell of adipose female adult (37 years) and female adult (42 years)	2	RNU5F-1	U5	3709
ENCFF379VSN	ENCSR000CVD	Homo sapiens mesenchymal stem cell of adipose female adult (37 years) and female adult (42 years)	2	RNU5D-1	U5	8613
ENCFF379VSN	ENCSR000CVD	Homo sapiens mesenchymal stem cell of adipose female adult (37 years) and female adult (42 years)	2	RNU4ATAC	U4atac	21801
ENCFF379VSN	ENCSR000CVD	Homo sapiens mesenchymal stem cell of adipose female adult (37 years) and female adult (42 years)	2	RMRP		0
ENCFF379VSN	ENCSR000CVD	Homo sapiens mesenchymal stem cell of adipose female adult (37 years) and female adult (42 years)	2	RNU6ATAC	U6atac	10749
ENCFF379VSN	ENCSR000CVD	Homo sapiens mesenchymal stem cell of adipose female adult (37 years) and female adult (42 years)	2	RNU2-2P	U2	0
ENCFF379VSN	ENCSR000CVD	Homo sapiens mesenchymal stem cell of adipose female adult (37 years) and female adult (42 years)	2	RNU7-1	U7	0
ENCFF379VSN	ENCSR000CVD	Homo sapiens mesenchymal stem cell of adipose female adult (37 years) and female adult (42 years)	2	RNU4-2	U4	11566
ENCFF379VSN	ENCSR000CVD	Homo sapiens mesenchymal stem cell of adipose female adult (37 years) and female adult (42 years)	2	RNU4-1	U4	7576
ENCFF379VSN	ENCSR000CVD	Homo sapiens mesenchymal stem cell of adipose female adult (37 years) and female adult (42 years)	2	RPPH1		0
ENCFF379VSN	ENCSR000CVD	Homo sapiens mesenchymal stem cell of adipose female adult (37 years) and female adult (42 years)	2	RNU6-7	U6	0
ENCFF379VSN	ENCSR000CVD	Homo sapiens mesenchymal stem cell of adipose female adult (37 years) and female adult (42 years)	2	RNU6-8	U6	171
ENCFF379VSN	ENCSR000CVD	Homo sapiens mesenchymal stem cell of adipose female adult (37 years) and female adult (42 years)	2	RN7SL1		0
ENCFF379VSN	ENCSR000CVD	Homo sapiens mesenchymal stem cell of adipose female adult (37 years) and female adult (42 years)	2	RN7SL2		145
ENCFF379VSN	ENCSR000CVD	Homo sapiens mesenchymal stem cell of adipose female adult (37 years) and female adult (42 years)	2	RNU5A-1	U5	21017
ENCFF379VSN	ENCSR000CVD	Homo sapiens mesenchymal stem cell of adipose female adult (37 years) and female adult (42 years)	2	RNU5B-1	U5	25538
ENCFF379VSN	ENCSR000CVD	Homo sapiens mesenchymal stem cell of adipose female adult (37 years) and female adult (42 years)	2	RNU6-1	U6	47
ENCFF379VSN	ENCSR000CVD	Homo sapiens mesenchymal stem cell of adipose female adult (37 years) and female adult (42 years)	2	RNU2-1	U2	0
ENCFF379VSN	ENCSR000CVD	Homo sapiens mesenchymal stem cell of adipose female adult (37 years) and female adult (42 years)	2	RNU6-9	U6	161
ENCFF379VSN	ENCSR000CVD	Homo sapiens mesenchymal stem cell of adipose female adult (37 years) and female adult (42 years)	2	RNU6-2	U6	358
ENCFF379VSN	ENCSR000CVD	Homo sapiens mesenchymal stem cell of adipose female adult (37 years) and female adult (42 years)	2	RNU12	U12	0
ENCFF856BYM	ENCSR000CVE	Homo sapiens GM12878 chromatin fraction	3	RNU5E-1	U5	3283
ENCFF856BYM	ENCSR000CVE	Homo sapiens GM12878 chromatin fraction	3	RNU1-1	U1	1
ENCFF856BYM	ENCSR000CVE	Homo sapiens GM12878 chromatin fraction	3	RNU1-3	U1	0
ENCFF856BYM	ENCSR000CVE	Homo sapiens GM12878 chromatin fraction	3	RNU1-4	U1	0
ENCFF856BYM	ENCSR000CVE	Homo sapiens GM12878 chromatin fraction	3	RNU1-2	U1	0
ENCFF856BYM	ENCSR000CVE	Homo sapiens GM12878 chromatin fraction	3	RNU11	U11	0
ENCFF856BYM	ENCSR000CVE	Homo sapiens GM12878 chromatin fraction	3	RNU5F-1	U5	30802
ENCFF856BYM	ENCSR000CVE	Homo sapiens GM12878 chromatin fraction	3	RNU5D-1	U5	7950
ENCFF856BYM	ENCSR000CVE	Homo sapiens GM12878 chromatin fraction	3	RNU4ATAC	U4atac	728
ENCFF856BYM	ENCSR000CVE	Homo sapiens GM12878 chromatin fraction	3	RMRP		0
ENCFF856BYM	ENCSR000CVE	Homo sapiens GM12878 chromatin fraction	3	RNU6ATAC	U6atac	537
ENCFF856BYM	ENCSR000CVE	Homo sapiens GM12878 chromatin fraction	3	RNU2-2P	U2	0
ENCFF856BYM	ENCSR000CVE	Homo sapiens GM12878 chromatin fraction	3	RNU7-1	U7	0
ENCFF856BYM	ENCSR000CVE	Homo sapiens GM12878 chromatin fraction	3	RNU4-2	U4	2108
ENCFF856BYM	ENCSR000CVE	Homo sapiens GM12878 chromatin fraction	3	RNU4-1	U4	1178
ENCFF856BYM	ENCSR000CVE	Homo sapiens GM12878 chromatin fraction	3	RPPH1		0
ENCFF856BYM	ENCSR000CVE	Homo sapiens GM12878 chromatin fraction	3	RNU6-7	U6	0
ENCFF856BYM	ENCSR000CVE	Homo sapiens GM12878 chromatin fraction	3	RNU6-8	U6	3
ENCFF856BYM	ENCSR000CVE	Homo sapiens GM12878 chromatin fraction	3	RN7SL1		0
ENCFF856BYM	ENCSR000CVE	Homo sapiens GM12878 chromatin fraction	3	RN7SL2		4
ENCFF856BYM	ENCSR000CVE	Homo sapiens GM12878 chromatin fraction	3	RNU5A-1	U5	6630
ENCFF856BYM	ENCSR000CVE	Homo sapiens GM12878 chromatin fraction	3	RNU5B-1	U5	7030
ENCFF856BYM	ENCSR000CVE	Homo sapiens GM12878 chromatin fraction	3	RNU6-1	U6	4
ENCFF856BYM	ENCSR000CVE	Homo sapiens GM12878 chromatin fraction	3	RNU2-1	U2	0
ENCFF856BYM	ENCSR000CVE	Homo sapiens GM12878 chromatin fraction	3	RNU6-9	U6	17
ENCFF856BYM	ENCSR000CVE	Homo sapiens GM12878 chromatin fraction	3	RNU6-2	U6	13
ENCFF856BYM	ENCSR000CVE	Homo sapiens GM12878 chromatin fraction	3	RNU12	U12	0
ENCFF989TTK	ENCSR000CVE	Homo sapiens GM12878 chromatin fraction	4	RNU5E-1	U5	3812
ENCFF989TTK	ENCSR000CVE	Homo sapiens GM12878 chromatin fraction	4	RNU1-1	U1	2
ENCFF989TTK	ENCSR000CVE	Homo sapiens GM12878 chromatin fraction	4	RNU1-3	U1	0
ENCFF989TTK	ENCSR000CVE	Homo sapiens GM12878 chromatin fraction	4	RNU1-4	U1	0
ENCFF989TTK	ENCSR000CVE	Homo sapiens GM12878 chromatin fraction	4	RNU1-2	U1	0
ENCFF989TTK	ENCSR000CVE	Homo sapiens GM12878 chromatin fraction	4	RNU11	U11	0
ENCFF989TTK	ENCSR000CVE	Homo sapiens GM12878 chromatin fraction	4	RNU5F-1	U5	5553
ENCFF989TTK	ENCSR000CVE	Homo sapiens GM12878 chromatin fraction	4	RNU5D-1	U5	2073
ENCFF989TTK	ENCSR000CVE	Homo sapiens GM12878 chromatin fraction	4	RNU4ATAC	U4atac	718
ENCFF989TTK	ENCSR000CVE	Homo sapiens GM12878 chromatin fraction	4	RMRP		0
ENCFF989TTK	ENCSR000CVE	Homo sapiens GM12878 chromatin fraction	4	RNU6ATAC	U6atac	1166
ENCFF989TTK	ENCSR000CVE	Homo sapiens GM12878 chromatin fraction	4	RNU2-2P	U2	0
ENCFF989TTK	ENCSR000CVE	Homo sapiens GM12878 chromatin fraction	4	RNU7-1	U7	0
ENCFF989TTK	ENCSR000CVE	Homo sapiens GM12878 chromatin fraction	4	RNU4-2	U4	3509
ENCFF989TTK	ENCSR000CVE	Homo sapiens GM12878 chromatin fraction	4	RNU4-1	U4	1273
ENCFF989TTK	ENCSR000CVE	Homo sapiens GM12878 chromatin fraction	4	RPPH1		0
ENCFF989TTK	ENCSR000CVE	Homo sapiens GM12878 chromatin fraction	4	RNU6-7	U6	2
ENCFF989TTK	ENCSR000CVE	Homo sapiens GM12878 chromatin fraction	4	RNU6-8	U6	3
ENCFF989TTK	ENCSR000CVE	Homo sapiens GM12878 chromatin fraction	4	RN7SL1		0
ENCFF989TTK	ENCSR000CVE	Homo sapiens GM12878 chromatin fraction	4	RN7SL2		153
ENCFF989TTK	ENCSR000CVE	Homo sapiens GM12878 chromatin fraction	4	RNU5A-1	U5	17597
ENCFF989TTK	ENCSR000CVE	Homo sapiens GM12878 chromatin fraction	4	RNU5B-1	U5	22782
ENCFF989TTK	ENCSR000CVE	Homo sapiens GM12878 chromatin fraction	4	RNU6-1	U6	19
ENCFF989TTK	ENCSR000CVE	Homo sapiens GM12878 chromatin fraction	4	RNU2-1	U2	0
ENCFF989TTK	ENCSR000CVE	Homo sapiens GM12878 chromatin fraction	4	RNU6-9	U6	8
ENCFF989TTK	ENCSR000CVE	Homo sapiens GM12878 chromatin fraction	4	RNU6-2	U6	30
ENCFF989TTK	ENCSR000CVE	Homo sapiens GM12878 chromatin fraction	4	RNU12	U12	0
ENCFF232RDH	ENCSR000CVB	Homo sapiens articular chondrocyte of knee joint female adult (56 years) and male adult (64 years)	1	RNU5E-1	U5	4028
ENCFF232RDH	ENCSR000CVB	Homo sapiens articular chondrocyte of knee joint female adult (56 years) and male adult (64 years)	1	RNU1-1	U1	0
ENCFF232RDH	ENCSR000CVB	Homo sapiens articular chondrocyte of knee joint female adult (56 years) and male adult (64 years)	1	RNU1-3	U1	0
ENCFF232RDH	ENCSR000CVB	Homo sapiens articular chondrocyte of knee joint female adult (56 years) and male adult (64 years)	1	RNU1-4	U1	0
ENCFF232RDH	ENCSR000CVB	Homo sapiens articular chondrocyte of knee joint female adult (56 years) and male adult (64 years)	1	RNU1-2	U1	0
ENCFF232RDH	ENCSR000CVB	Homo sapiens articular chondrocyte of knee joint female adult (56 years) and male adult (64 years)	1	RNU11	U11	0
ENCFF232RDH	ENCSR000CVB	Homo sapiens articular chondrocyte of knee joint female adult (56 years) and male adult (64 years)	1	RNU5F-1	U5	774
ENCFF232RDH	ENCSR000CVB	Homo sapiens articular chondrocyte of knee joint female adult (56 years) and male adult (64 years)	1	RNU5D-1	U5	4128
ENCFF232RDH	ENCSR000CVB	Homo sapiens articular chondrocyte of knee joint female adult (56 years) and male adult (64 years)	1	RNU4ATAC	U4atac	6963
ENCFF232RDH	ENCSR000CVB	Homo sapiens articular chondrocyte of knee joint female adult (56 years) and male adult (64 years)	1	RMRP		0
ENCFF232RDH	ENCSR000CVB	Homo sapiens articular chondrocyte of knee joint female adult (56 years) and male adult (64 years)	1	RNU6ATAC	U6atac	5188
ENCFF232RDH	ENCSR000CVB	Homo sapiens articular chondrocyte of knee joint female adult (56 years) and male adult (64 years)	1	RNU2-2P	U2	0
ENCFF232RDH	ENCSR000CVB	Homo sapiens articular chondrocyte of knee joint female adult (56 years) and male adult (64 years)	1	RNU7-1	U7	0
ENCFF232RDH	ENCSR000CVB	Homo sapiens articular chondrocyte of knee joint female adult (56 years) and male adult (64 years)	1	RNU4-2	U4	4773
ENCFF232RDH	ENCSR000CVB	Homo sapiens articular chondrocyte of knee joint female adult (56 years) and male adult (64 years)	1	RNU4-1	U4	2078
ENCFF232RDH	ENCSR000CVB	Homo sapiens articular chondrocyte of knee joint female adult (56 years) and male adult (64 years)	1	RPPH1		0
ENCFF232RDH	ENCSR000CVB	Homo sapiens articular chondrocyte of knee joint female adult (56 years) and male adult (64 years)	1	RNU6-7	U6	0
ENCFF232RDH	ENCSR000CVB	Homo sapiens articular chondrocyte of knee joint female adult (56 years) and male adult (64 years)	1	RNU6-8	U6	0
ENCFF232RDH	ENCSR000CVB	Homo sapiens articular chondrocyte of knee joint female adult (56 years) and male adult (64 years)	1	RN7SL1		0
ENCFF232RDH	ENCSR000CVB	Homo sapiens articular chondrocyte of knee joint female adult (56 years) and male adult (64 years)	1	RN7SL2		38
ENCFF232RDH	ENCSR000CVB	Homo sapiens articular chondrocyte of knee joint female adult (56 years) and male adult (64 years)	1	RNU5A-1	U5	7490
ENCFF232RDH	ENCSR000CVB	Homo sapiens articular chondrocyte of knee joint female adult (56 years) and male adult (64 years)	1	RNU5B-1	U5	11434
ENCFF232RDH	ENCSR000CVB	Homo sapiens articular chondrocyte of knee joint female adult (56 years) and male adult (64 years)	1	RNU6-1	U6	46
ENCFF232RDH	ENCSR000CVB	Homo sapiens articular chondrocyte of knee joint female adult (56 years) and male adult (64 years)	1	RNU2-1	U2	0
ENCFF232RDH	ENCSR000CVB	Homo sapiens articular chondrocyte of knee joint female adult (56 years) and male adult (64 years)	1	RNU6-9	U6	83
ENCFF232RDH	ENCSR000CVB	Homo sapiens articular chondrocyte of knee joint female adult (56 years) and male adult (64 years)	1	RNU6-2	U6	48
ENCFF232RDH	ENCSR000CVB	Homo sapiens articular chondrocyte of knee joint female adult (56 years) and male adult (64 years)	1	RNU12	U12	0
ENCFF072EZM	ENCSR000CVB	Homo sapiens articular chondrocyte of knee joint female adult (56 years) and male adult (64 years)	2	RNU5E-1	U5	5368
ENCFF072EZM	ENCSR000CVB	Homo sapiens articular chondrocyte of knee joint female adult (56 years) and male adult (64 years)	2	RNU1-1	U1	0
ENCFF072EZM	ENCSR000CVB	Homo sapiens articular chondrocyte of knee joint female adult (56 years) and male adult (64 years)	2	RNU1-3	U1	0
ENCFF072EZM	ENCSR000CVB	Homo sapiens articular chondrocyte of knee joint female adult (56 years) and male adult (64 years)	2	RNU1-4	U1	0
ENCFF072EZM	ENCSR000CVB	Homo sapiens articular chondrocyte of knee joint female adult (56 years) and male adult (64 years)	2	RNU1-2	U1	0
ENCFF072EZM	ENCSR000CVB	Homo sapiens articular chondrocyte of knee joint female adult (56 years) and male adult (64 years)	2	RNU11	U11	0
ENCFF072EZM	ENCSR000CVB	Homo sapiens articular chondrocyte of knee joint female adult (56 years) and male adult (64 years)	2	RNU5F-1	U5	639
ENCFF072EZM	ENCSR000CVB	Homo sapiens articular chondrocyte of knee joint female adult (56 years) and male adult (64 years)	2	RNU5D-1	U5	7325
ENCFF072EZM	ENCSR000CVB	Homo sapiens articular chondrocyte of knee joint female adult (56 years) and male adult (64 years)	2	RNU4ATAC	U4atac	5767
ENCFF072EZM	ENCSR000CVB	Homo sapiens articular chondrocyte of knee joint female adult (56 years) and male adult (64 years)	2	RMRP		0
ENCFF072EZM	ENCSR000CVB	Homo sapiens articular chondrocyte of knee joint female adult (56 years) and male adult (64 years)	2	RNU6ATAC	U6atac	5979
ENCFF072EZM	ENCSR000CVB	Homo sapiens articular chondrocyte of knee joint female adult (56 years) and male adult (64 years)	2	RNU2-2P	U2	0
ENCFF072EZM	ENCSR000CVB	Homo sapiens articular chondrocyte of knee joint female adult (56 years) and male adult (64 years)	2	RNU7-1	U7	0
ENCFF072EZM	ENCSR000CVB	Homo sapiens articular chondrocyte of knee joint female adult (56 years) and male adult (64 years)	2	RNU4-2	U4	5355
ENCFF072EZM	ENCSR000CVB	Homo sapiens articular chondrocyte of knee joint female adult (56 years) and male adult (64 years)	2	RNU4-1	U4	2079
ENCFF072EZM	ENCSR000CVB	Homo sapiens articular chondrocyte of knee joint female adult (56 years) and male adult (64 years)	2	RPPH1		0
ENCFF072EZM	ENCSR000CVB	Homo sapiens articular chondrocyte of knee joint female adult (56 years) and male adult (64 years)	2	RNU6-7	U6	0
ENCFF072EZM	ENCSR000CVB	Homo sapiens articular chondrocyte of knee joint female adult (56 years) and male adult (64 years)	2	RNU6-8	U6	29
ENCFF072EZM	ENCSR000CVB	Homo sapiens articular chondrocyte of knee joint female adult (56 years) and male adult (64 years)	2	RN7SL1		0
ENCFF072EZM	ENCSR000CVB	Homo sapiens articular chondrocyte of knee joint female adult (56 years) and male adult (64 years)	2	RN7SL2		26
ENCFF072EZM	ENCSR000CVB	Homo sapiens articular chondrocyte of knee joint female adult (56 years) and male adult (64 years)	2	RNU5A-1	U5	8818
ENCFF072EZM	ENCSR000CVB	Homo sapiens articular chondrocyte of knee joint female adult (56 years) and male adult (64 years)	2	RNU5B-1	U5	10258
ENCFF072EZM	ENCSR000CVB	Homo sapiens articular chondrocyte of knee joint female adult (56 years) and male adult (64 years)	2	RNU6-1	U6	1
ENCFF072EZM	ENCSR000CVB	Homo sapiens articular chondrocyte of knee joint female adult (56 years) and male adult (64 years)	2	RNU2-1	U2	0
ENCFF072EZM	ENCSR000CVB	Homo sapiens articular chondrocyte of knee joint female adult (56 years) and male adult (64 years)	2	RNU6-9	U6	74
ENCFF072EZM	ENCSR000CVB	Homo sapiens articular chondrocyte of knee joint female adult (56 years) and male adult (64 years)	2	RNU6-2	U6	90
ENCFF072EZM	ENCSR000CVB	Homo sapiens articular chondrocyte of knee joint female adult (56 years) and male adult (64 years)	2	RNU12	U12	0
ENCFF117SZV	ENCSR000CVC	Homo sapiens hair follicle dermal papilla cell female adult (47 years) and female adult (70 years)	1	RNU5E-1	U5	6931
ENCFF117SZV	ENCSR000CVC	Homo sapiens hair follicle dermal papilla cell female adult (47 years) and female adult (70 years)	1	RNU1-1	U1	0
ENCFF117SZV	ENCSR000CVC	Homo sapiens hair follicle dermal papilla cell female adult (47 years) and female adult (70 years)	1	RNU1-3	U1	0
ENCFF117SZV	ENCSR000CVC	Homo sapiens hair follicle dermal papilla cell female adult (47 years) and female adult (70 years)	1	RNU1-4	U1	0
ENCFF117SZV	ENCSR000CVC	Homo sapiens hair follicle dermal papilla cell female adult (47 years) and female adult (70 years)	1	RNU1-2	U1	0
ENCFF117SZV	ENCSR000CVC	Homo sapiens hair follicle dermal papilla cell female adult (47 years) and female adult (70 years)	1	RNU11	U11	0
ENCFF117SZV	ENCSR000CVC	Homo sapiens hair follicle dermal papilla cell female adult (47 years) and female adult (70 years)	1	RNU5F-1	U5	1627
ENCFF117SZV	ENCSR000CVC	Homo sapiens hair follicle dermal papilla cell female adult (47 years) and female adult (70 years)	1	RNU5D-1	U5	1159
ENCFF117SZV	ENCSR000CVC	Homo sapiens hair follicle dermal papilla cell female adult (47 years) and female adult (70 years)	1	RNU4ATAC	U4atac	15198
ENCFF117SZV	ENCSR000CVC	Homo sapiens hair follicle dermal papilla cell female adult (47 years) and female adult (70 years)	1	RMRP		0
ENCFF117SZV	ENCSR000CVC	Homo sapiens hair follicle dermal papilla cell female adult (47 years) and female adult (70 years)	1	RNU6ATAC	U6atac	3921
ENCFF117SZV	ENCSR000CVC	Homo sapiens hair follicle dermal papilla cell female adult (47 years) and female adult (70 years)	1	RNU2-2P	U2	0
ENCFF117SZV	ENCSR000CVC	Homo sapiens hair follicle dermal papilla cell female adult (47 years) and female adult (70 years)	1	RNU7-1	U7	0
ENCFF117SZV	ENCSR000CVC	Homo sapiens hair follicle dermal papilla cell female adult (47 years) and female adult (70 years)	1	RNU4-2	U4	16007
ENCFF117SZV	ENCSR000CVC	Homo sapiens hair follicle dermal papilla cell female adult (47 years) and female adult (70 years)	1	RNU4-1	U4	7232
ENCFF117SZV	ENCSR000CVC	Homo sapiens hair follicle dermal papilla cell female adult (47 years) and female adult (70 years)	1	RPPH1		0
ENCFF117SZV	ENCSR000CVC	Homo sapiens hair follicle dermal papilla cell female adult (47 years) and female adult (70 years)	1	RNU6-7	U6	0
ENCFF117SZV	ENCSR000CVC	Homo sapiens hair follicle dermal papilla cell female adult (47 years) and female adult (70 years)	1	RNU6-8	U6	243
ENCFF117SZV	ENCSR000CVC	Homo sapiens hair follicle dermal papilla cell female adult (47 years) and female adult (70 years)	1	RN7SL1		0
ENCFF117SZV	ENCSR000CVC	Homo sapiens hair follicle dermal papilla cell female adult (47 years) and female adult (70 years)	1	RN7SL2		199
ENCFF117SZV	ENCSR000CVC	Homo sapiens hair follicle dermal papilla cell female adult (47 years) and female adult (70 years)	1	RNU5A-1	U5	18260
ENCFF117SZV	ENCSR000CVC	Homo sapiens hair follicle dermal papilla cell female adult (47 years) and female adult (70 years)	1	RNU5B-1	U5	23703
ENCFF117SZV	ENCSR000CVC	Homo sapiens hair follicle dermal papilla cell female adult (47 years) and female adult (70 years)	1	RNU6-1	U6	72
ENCFF117SZV	ENCSR000CVC	Homo sapiens hair follicle dermal papilla cell female adult (47 years) and female adult (70 years)	1	RNU2-1	U2	0
ENCFF117SZV	ENCSR000CVC	Homo sapiens hair follicle dermal papilla cell female adult (47 years) and female adult (70 years)	1	RNU6-9	U6	150
ENCFF117SZV	ENCSR000CVC	Homo sapiens hair follicle dermal papilla cell female adult (47 years) and female adult (70 years)	1	RNU6-2	U6	156
ENCFF117SZV	ENCSR000CVC	Homo sapiens hair follicle dermal papilla cell female adult (47 years) and female adult (70 years)	1	RNU12	U12	0
ENCFF221WZQ	ENCSR000CVC	Homo sapiens hair follicle dermal papilla cell female adult (47 years) and female adult (70 years)	2	RNU5E-1	U5	5271
ENCFF221WZQ	ENCSR000CVC	Homo sapiens hair follicle dermal papilla cell female adult (47 years) and female adult (70 years)	2	RNU1-1	U1	0
ENCFF221WZQ	ENCSR000CVC	Homo sapiens hair follicle dermal papilla cell female adult (47 years) and female adult (70 years)	2	RNU1-3	U1	0
ENCFF221WZQ	ENCSR000CVC	Homo sapiens hair follicle dermal papilla cell female adult (47 years) and female adult (70 years)	2	RNU1-4	U1	0
ENCFF221WZQ	ENCSR000CVC	Homo sapiens hair follicle dermal papilla cell female adult (47 years) and female adult (70 years)	2	RNU1-2	U1	0
ENCFF221WZQ	ENCSR000CVC	Homo sapiens hair follicle dermal papilla cell female adult (47 years) and female adult (70 years)	2	RNU11	U11	6
ENCFF221WZQ	ENCSR000CVC	Homo sapiens hair follicle dermal papilla cell female adult (47 years) and female adult (70 years)	2	RNU5F-1	U5	853
ENCFF221WZQ	ENCSR000CVC	Homo sapiens hair follicle dermal papilla cell female adult (47 years) and female adult (70 years)	2	RNU5D-1	U5	1046
ENCFF221WZQ	ENCSR000CVC	Homo sapiens hair follicle dermal papilla cell female adult (47 years) and female adult (70 years)	2	RNU4ATAC	U4atac	8445
ENCFF221WZQ	ENCSR000CVC	Homo sapiens hair follicle dermal papilla cell female adult (47 years) and female adult (70 years)	2	RMRP		0
ENCFF221WZQ	ENCSR000CVC	Homo sapiens hair follicle dermal papilla cell female adult (47 years) and female adult (70 years)	2	RNU6ATAC	U6atac	5256
ENCFF221WZQ	ENCSR000CVC	Homo sapiens hair follicle dermal papilla cell female adult (47 years) and female adult (70 years)	2	RNU2-2P	U2	0
ENCFF221WZQ	ENCSR000CVC	Homo sapiens hair follicle dermal papilla cell female adult (47 years) and female adult (70 years)	2	RNU7-1	U7	0
ENCFF221WZQ	ENCSR000CVC	Homo sapiens hair follicle dermal papilla cell female adult (47 years) and female adult (70 years)	2	RNU4-2	U4	10695
ENCFF221WZQ	ENCSR000CVC	Homo sapiens hair follicle dermal papilla cell female adult (47 years) and female adult (70 years)	2	RNU4-1	U4	4135
ENCFF221WZQ	ENCSR000CVC	Homo sapiens hair follicle dermal papilla cell female adult (47 years) and female adult (70 years)	2	RPPH1		0
ENCFF221WZQ	ENCSR000CVC	Homo sapiens hair follicle dermal papilla cell female adult (47 years) and female adult (70 years)	2	RNU6-7	U6	0
ENCFF221WZQ	ENCSR000CVC	Homo sapiens hair follicle dermal papilla cell female adult (47 years) and female adult (70 years)	2	RNU6-8	U6	47
ENCFF221WZQ	ENCSR000CVC	Homo sapiens hair follicle dermal papilla cell female adult (47 years) and female adult (70 years)	2	RN7SL1		0
ENCFF221WZQ	ENCSR000CVC	Homo sapiens hair follicle dermal papilla cell female adult (47 years) and female adult (70 years)	2	RN7SL2		40
ENCFF221WZQ	ENCSR000CVC	Homo sapiens hair follicle dermal papilla cell female adult (47 years) and female adult (70 years)	2	RNU5A-1	U5	12641
ENCFF221WZQ	ENCSR000CVC	Homo sapiens hair follicle dermal papilla cell female adult (47 years) and female adult (70 years)	2	RNU5B-1	U5	14448
ENCFF221WZQ	ENCSR000CVC	Homo sapiens hair follicle dermal papilla cell female adult (47 years) and female adult (70 years)	2	RNU6-1	U6	72
ENCFF221WZQ	ENCSR000CVC	Homo sapiens hair follicle dermal papilla cell female adult (47 years) and female adult (70 years)	2	RNU2-1	U2	0
ENCFF221WZQ	ENCSR000CVC	Homo sapiens hair follicle dermal papilla cell female adult (47 years) and female adult (70 years)	2	RNU6-9	U6	226
ENCFF221WZQ	ENCSR000CVC	Homo sapiens hair follicle dermal papilla cell female adult (47 years) and female adult (70 years)	2	RNU6-2	U6	191
ENCFF221WZQ	ENCSR000CVC	Homo sapiens hair follicle dermal papilla cell female adult (47 years) and female adult (70 years)	2	RNU12	U12	0
ENCFF276HNY	ENCSR000CVA	Homo sapiens thoracic aorta endothelial cell female adult (22 years) and male adult (55 years)	1	RNU5E-1	U5	5278
ENCFF276HNY	ENCSR000CVA	Homo sapiens thoracic aorta endothelial cell female adult (22 years) and male adult (55 years)	1	RNU1-1	U1	0
ENCFF276HNY	ENCSR000CVA	Homo sapiens thoracic aorta endothelial cell female adult (22 years) and male adult (55 years)	1	RNU1-3	U1	0
ENCFF276HNY	ENCSR000CVA	Homo sapiens thoracic aorta endothelial cell female adult (22 years) and male adult (55 years)	1	RNU1-4	U1	0
ENCFF276HNY	ENCSR000CVA	Homo sapiens thoracic aorta endothelial cell female adult (22 years) and male adult (55 years)	1	RNU1-2	U1	0
ENCFF276HNY	ENCSR000CVA	Homo sapiens thoracic aorta endothelial cell female adult (22 years) and male adult (55 years)	1	RNU11	U11	0
ENCFF276HNY	ENCSR000CVA	Homo sapiens thoracic aorta endothelial cell female adult (22 years) and male adult (55 years)	1	RNU5F-1	U5	170
ENCFF276HNY	ENCSR000CVA	Homo sapiens thoracic aorta endothelial cell female adult (22 years) and male adult (55 years)	1	RNU5D-1	U5	16591
ENCFF276HNY	ENCSR000CVA	Homo sapiens thoracic aorta endothelial cell female adult (22 years) and male adult (55 years)	1	RNU4ATAC	U4atac	6741
ENCFF276HNY	ENCSR000CVA	Homo sapiens thoracic aorta endothelial cell female adult (22 years) and male adult (55 years)	1	RMRP		0
ENCFF276HNY	ENCSR000CVA	Homo sapiens thoracic aorta endothelial cell female adult (22 years) and male adult (55 years)	1	RNU6ATAC	U6atac	6304
ENCFF276HNY	ENCSR000CVA	Homo sapiens thoracic aorta endothelial cell female adult (22 years) and male adult (55 years)	1	RNU2-2P	U2	0
ENCFF276HNY	ENCSR000CVA	Homo sapiens thoracic aorta endothelial cell female adult (22 years) and male adult (55 years)	1	RNU7-1	U7	0
ENCFF276HNY	ENCSR000CVA	Homo sapiens thoracic aorta endothelial cell female adult (22 years) and male adult (55 years)	1	RNU4-2	U4	3928
ENCFF276HNY	ENCSR000CVA	Homo sapiens thoracic aorta endothelial cell female adult (22 years) and male adult (55 years)	1	RNU4-1	U4	2702
ENCFF276HNY	ENCSR000CVA	Homo sapiens thoracic aorta endothelial cell female adult (22 years) and male adult (55 years)	1	RPPH1		0
ENCFF276HNY	ENCSR000CVA	Homo sapiens thoracic aorta endothelial cell female adult (22 years) and male adult (55 years)	1	RNU6-7	U6	0
ENCFF276HNY	ENCSR000CVA	Homo sapiens thoracic aorta endothelial cell female adult (22 years) and male adult (55 years)	1	RNU6-8	U6	34
ENCFF276HNY	ENCSR000CVA	Homo sapiens thoracic aorta endothelial cell female adult (22 years) and male adult (55 years)	1	RN7SL1		0
ENCFF276HNY	ENCSR000CVA	Homo sapiens thoracic aorta endothelial cell female adult (22 years) and male adult (55 years)	1	RN7SL2		26
ENCFF276HNY	ENCSR000CVA	Homo sapiens thoracic aorta endothelial cell female adult (22 years) and male adult (55 years)	1	RNU5A-1	U5	2338
ENCFF276HNY	ENCSR000CVA	Homo sapiens thoracic aorta endothelial cell female adult (22 years) and male adult (55 years)	1	RNU5B-1	U5	3162
ENCFF276HNY	ENCSR000CVA	Homo sapiens thoracic aorta endothelial cell female adult (22 years) and male adult (55 years)	1	RNU6-1	U6	12
ENCFF276HNY	ENCSR000CVA	Homo sapiens thoracic aorta endothelial cell female adult (22 years) and male adult (55 years)	1	RNU2-1	U2	0
ENCFF276HNY	ENCSR000CVA	Homo sapiens thoracic aorta endothelial cell female adult (22 years) and male adult (55 years)	1	RNU6-9	U6	82
ENCFF276HNY	ENCSR000CVA	Homo sapiens thoracic aorta endothelial cell female adult (22 years) and male adult (55 years)	1	RNU6-2	U6	71
ENCFF276HNY	ENCSR000CVA	Homo sapiens thoracic aorta endothelial cell female adult (22 years) and male adult (55 years)	1	RNU12	U12	0
ENCFF367GPT	ENCSR000CVA	Homo sapiens thoracic aorta endothelial cell female adult (22 years) and male adult (55 years)	2	RNU5E-1	U5	20321
ENCFF367GPT	ENCSR000CVA	Homo sapiens thoracic aorta endothelial cell female adult (22 years) and male adult (55 years)	2	RNU1-1	U1	0
ENCFF367GPT	ENCSR000CVA	Homo sapiens thoracic aorta endothelial cell female adult (22 years) and male adult (55 years)	2	RNU1-3	U1	0
ENCFF367GPT	ENCSR000CVA	Homo sapiens thoracic aorta endothelial cell female adult (22 years) and male adult (55 years)	2	RNU1-4	U1	0
ENCFF367GPT	ENCSR000CVA	Homo sapiens thoracic aorta endothelial cell female adult (22 years) and male adult (55 years)	2	RNU1-2	U1	0
ENCFF367GPT	ENCSR000CVA	Homo sapiens thoracic aorta endothelial cell female adult (22 years) and male adult (55 years)	2	RNU11	U11	0
ENCFF367GPT	ENCSR000CVA	Homo sapiens thoracic aorta endothelial cell female adult (22 years) and male adult (55 years)	2	RNU5F-1	U5	3174
ENCFF367GPT	ENCSR000CVA	Homo sapiens thoracic aorta endothelial cell female adult (22 years) and male adult (55 years)	2	RNU5D-1	U5	28769
ENCFF367GPT	ENCSR000CVA	Homo sapiens thoracic aorta endothelial cell female adult (22 years) and male adult (55 years)	2	RNU4ATAC	U4atac	9978
ENCFF367GPT	ENCSR000CVA	Homo sapiens thoracic aorta endothelial cell female adult (22 years) and male adult (55 years)	2	RMRP		0
ENCFF367GPT	ENCSR000CVA	Homo sapiens thoracic aorta endothelial cell female adult (22 years) and male adult (55 years)	2	RNU6ATAC	U6atac	7870
ENCFF367GPT	ENCSR000CVA	Homo sapiens thoracic aorta endothelial cell female adult (22 years) and male adult (55 years)	2	RNU2-2P	U2	0
ENCFF367GPT	ENCSR000CVA	Homo sapiens thoracic aorta endothelial cell female adult (22 years) and male adult (55 years)	2	RNU7-1	U7	0
ENCFF367GPT	ENCSR000CVA	Homo sapiens thoracic aorta endothelial cell female adult (22 years) and male adult (55 years)	2	RNU4-2	U4	13544
ENCFF367GPT	ENCSR000CVA	Homo sapiens thoracic aorta endothelial cell female adult (22 years) and male adult (55 years)	2	RNU4-1	U4	7131
ENCFF367GPT	ENCSR000CVA	Homo sapiens thoracic aorta endothelial cell female adult (22 years) and male adult (55 years)	2	RPPH1		0
ENCFF367GPT	ENCSR000CVA	Homo sapiens thoracic aorta endothelial cell female adult (22 years) and male adult (55 years)	2	RNU6-7	U6	1
ENCFF367GPT	ENCSR000CVA	Homo sapiens thoracic aorta endothelial cell female adult (22 years) and male adult (55 years)	2	RNU6-8	U6	312
ENCFF367GPT	ENCSR000CVA	Homo sapiens thoracic aorta endothelial cell female adult (22 years) and male adult (55 years)	2	RN7SL1		0
ENCFF367GPT	ENCSR000CVA	Homo sapiens thoracic aorta endothelial cell female adult (22 years) and male adult (55 years)	2	RN7SL2		627
ENCFF367GPT	ENCSR000CVA	Homo sapiens thoracic aorta endothelial cell female adult (22 years) and male adult (55 years)	2	RNU5A-1	U5	11429
ENCFF367GPT	ENCSR000CVA	Homo sapiens thoracic aorta endothelial cell female adult (22 years) and male adult (55 years)	2	RNU5B-1	U5	13077
ENCFF367GPT	ENCSR000CVA	Homo sapiens thoracic aorta endothelial cell female adult (22 years) and male adult (55 years)	2	RNU6-1	U6	80
ENCFF367GPT	ENCSR000CVA	Homo sapiens thoracic aorta endothelial cell female adult (22 years) and male adult (55 years)	2	RNU2-1	U2	0
ENCFF367GPT	ENCSR000CVA	Homo sapiens thoracic aorta endothelial cell female adult (22 years) and male adult (55 years)	2	RNU6-9	U6	111
ENCFF367GPT	ENCSR000CVA	Homo sapiens thoracic aorta endothelial cell female adult (22 years) and male adult (55 years)	2	RNU6-2	U6	124
ENCFF367GPT	ENCSR000CVA	Homo sapiens thoracic aorta endothelial cell female adult (22 years) and male adult (55 years)	2	RNU12	U12	0
ENCFF752IMH	ENCSR000CUW	Homo sapiens osteoblast female adult (56 years) and male adult (62 years)	1	RNU5E-1	U5	2378
ENCFF752IMH	ENCSR000CUW	Homo sapiens osteoblast female adult (56 years) and male adult (62 years)	1	RNU1-1	U1	0
ENCFF752IMH	ENCSR000CUW	Homo sapiens osteoblast female adult (56 years) and male adult (62 years)	1	RNU1-3	U1	0
ENCFF752IMH	ENCSR000CUW	Homo sapiens osteoblast female adult (56 years) and male adult (62 years)	1	RNU1-4	U1	0
ENCFF752IMH	ENCSR000CUW	Homo sapiens osteoblast female adult (56 years) and male adult (62 years)	1	RNU1-2	U1	0
ENCFF752IMH	ENCSR000CUW	Homo sapiens osteoblast female adult (56 years) and male adult (62 years)	1	RNU11	U11	0
ENCFF752IMH	ENCSR000CUW	Homo sapiens osteoblast female adult (56 years) and male adult (62 years)	1	RNU5F-1	U5	439
ENCFF752IMH	ENCSR000CUW	Homo sapiens osteoblast female adult (56 years) and male adult (62 years)	1	RNU5D-1	U5	1076
ENCFF752IMH	ENCSR000CUW	Homo sapiens osteoblast female adult (56 years) and male adult (62 years)	1	RNU4ATAC	U4atac	4544
ENCFF752IMH	ENCSR000CUW	Homo sapiens osteoblast female adult (56 years) and male adult (62 years)	1	RMRP		0
ENCFF752IMH	ENCSR000CUW	Homo sapiens osteoblast female adult (56 years) and male adult (62 years)	1	RNU6ATAC	U6atac	2734
ENCFF752IMH	ENCSR000CUW	Homo sapiens osteoblast female adult (56 years) and male adult (62 years)	1	RNU2-2P	U2	0
ENCFF752IMH	ENCSR000CUW	Homo sapiens osteoblast female adult (56 years) and male adult (62 years)	1	RNU7-1	U7	0
ENCFF752IMH	ENCSR000CUW	Homo sapiens osteoblast female adult (56 years) and male adult (62 years)	1	RNU4-2	U4	7985
ENCFF752IMH	ENCSR000CUW	Homo sapiens osteoblast female adult (56 years) and male adult (62 years)	1	RNU4-1	U4	2151
ENCFF752IMH	ENCSR000CUW	Homo sapiens osteoblast female adult (56 years) and male adult (62 years)	1	RPPH1		0
ENCFF752IMH	ENCSR000CUW	Homo sapiens osteoblast female adult (56 years) and male adult (62 years)	1	RNU6-7	U6	0
ENCFF752IMH	ENCSR000CUW	Homo sapiens osteoblast female adult (56 years) and male adult (62 years)	1	RNU6-8	U6	11
ENCFF752IMH	ENCSR000CUW	Homo sapiens osteoblast female adult (56 years) and male adult (62 years)	1	RN7SL1		0
ENCFF752IMH	ENCSR000CUW	Homo sapiens osteoblast female adult (56 years) and male adult (62 years)	1	RN7SL2		80
ENCFF752IMH	ENCSR000CUW	Homo sapiens osteoblast female adult (56 years) and male adult (62 years)	1	RNU5A-1	U5	4575
ENCFF752IMH	ENCSR000CUW	Homo sapiens osteoblast female adult (56 years) and male adult (62 years)	1	RNU5B-1	U5	6830
ENCFF752IMH	ENCSR000CUW	Homo sapiens osteoblast female adult (56 years) and male adult (62 years)	1	RNU6-1	U6	16
ENCFF752IMH	ENCSR000CUW	Homo sapiens osteoblast female adult (56 years) and male adult (62 years)	1	RNU2-1	U2	0
ENCFF752IMH	ENCSR000CUW	Homo sapiens osteoblast female adult (56 years) and male adult (62 years)	1	RNU6-9	U6	16
ENCFF752IMH	ENCSR000CUW	Homo sapiens osteoblast female adult (56 years) and male adult (62 years)	1	RNU6-2	U6	26
ENCFF752IMH	ENCSR000CUW	Homo sapiens osteoblast female adult (56 years) and male adult (62 years)	1	RNU12	U12	0
ENCFF379QNP	ENCSR000CUW	Homo sapiens osteoblast female adult (56 years) and male adult (62 years)	2	RNU5E-1	U5	3603
ENCFF379QNP	ENCSR000CUW	Homo sapiens osteoblast female adult (56 years) and male adult (62 years)	2	RNU1-1	U1	0
ENCFF379QNP	ENCSR000CUW	Homo sapiens osteoblast female adult (56 years) and male adult (62 years)	2	RNU1-3	U1	0
ENCFF379QNP	ENCSR000CUW	Homo sapiens osteoblast female adult (56 years) and male adult (62 years)	2	RNU1-4	U1	0
ENCFF379QNP	ENCSR000CUW	Homo sapiens osteoblast female adult (56 years) and male adult (62 years)	2	RNU1-2	U1	0
ENCFF379QNP	ENCSR000CUW	Homo sapiens osteoblast female adult (56 years) and male adult (62 years)	2	RNU11	U11	0
ENCFF379QNP	ENCSR000CUW	Homo sapiens osteoblast female adult (56 years) and male adult (62 years)	2	RNU5F-1	U5	117
ENCFF379QNP	ENCSR000CUW	Homo sapiens osteoblast female adult (56 years) and male adult (62 years)	2	RNU5D-1	U5	3787
ENCFF379QNP	ENCSR000CUW	Homo sapiens osteoblast female adult (56 years) and male adult (62 years)	2	RNU4ATAC	U4atac	3971
ENCFF379QNP	ENCSR000CUW	Homo sapiens osteoblast female adult (56 years) and male adult (62 years)	2	RMRP		0
ENCFF379QNP	ENCSR000CUW	Homo sapiens osteoblast female adult (56 years) and male adult (62 years)	2	RNU6ATAC	U6atac	4260
ENCFF379QNP	ENCSR000CUW	Homo sapiens osteoblast female adult (56 years) and male adult (62 years)	2	RNU2-2P	U2	0
ENCFF379QNP	ENCSR000CUW	Homo sapiens osteoblast female adult (56 years) and male adult (62 years)	2	RNU7-1	U7	0
ENCFF379QNP	ENCSR000CUW	Homo sapiens osteoblast female adult (56 years) and male adult (62 years)	2	RNU4-2	U4	5423
ENCFF379QNP	ENCSR000CUW	Homo sapiens osteoblast female adult (56 years) and male adult (62 years)	2	RNU4-1	U4	1826
ENCFF379QNP	ENCSR000CUW	Homo sapiens osteoblast female adult (56 years) and male adult (62 years)	2	RPPH1		0
ENCFF379QNP	ENCSR000CUW	Homo sapiens osteoblast female adult (56 years) and male adult (62 years)	2	RNU6-7	U6	0
ENCFF379QNP	ENCSR000CUW	Homo sapiens osteoblast female adult (56 years) and male adult (62 years)	2	RNU6-8	U6	7
ENCFF379QNP	ENCSR000CUW	Homo sapiens osteoblast female adult (56 years) and male adult (62 years)	2	RN7SL1		0
ENCFF379QNP	ENCSR000CUW	Homo sapiens osteoblast female adult (56 years) and male adult (62 years)	2	RN7SL2		36
ENCFF379QNP	ENCSR000CUW	Homo sapiens osteoblast female adult (56 years) and male adult (62 years)	2	RNU5A-1	U5	2302
ENCFF379QNP	ENCSR000CUW	Homo sapiens osteoblast female adult (56 years) and male adult (62 years)	2	RNU5B-1	U5	5580
ENCFF379QNP	ENCSR000CUW	Homo sapiens osteoblast female adult (56 years) and male adult (62 years)	2	RNU6-1	U6	18
ENCFF379QNP	ENCSR000CUW	Homo sapiens osteoblast female adult (56 years) and male adult (62 years)	2	RNU2-1	U2	0
ENCFF379QNP	ENCSR000CUW	Homo sapiens osteoblast female adult (56 years) and male adult (62 years)	2	RNU6-9	U6	15
ENCFF379QNP	ENCSR000CUW	Homo sapiens osteoblast female adult (56 years) and male adult (62 years)	2	RNU6-2	U6	25
ENCFF379QNP	ENCSR000CUW	Homo sapiens osteoblast female adult (56 years) and male adult (62 years)	2	RNU12	U12	0
ENCFF887UHI	ENCSR000CUV	Homo sapiens fibroblast of the aortic adventitia female adult (24 years) and male adult (47 years)	1	RNU5E-1	U5	462
ENCFF887UHI	ENCSR000CUV	Homo sapiens fibroblast of the aortic adventitia female adult (24 years) and male adult (47 years)	1	RNU1-1	U1	0
ENCFF887UHI	ENCSR000CUV	Homo sapiens fibroblast of the aortic adventitia female adult (24 years) and male adult (47 years)	1	RNU1-3	U1	0
ENCFF887UHI	ENCSR000CUV	Homo sapiens fibroblast of the aortic adventitia female adult (24 years) and male adult (47 years)	1	RNU1-4	U1	0
ENCFF887UHI	ENCSR000CUV	Homo sapiens fibroblast of the aortic adventitia female adult (24 years) and male adult (47 years)	1	RNU1-2	U1	2
ENCFF887UHI	ENCSR000CUV	Homo sapiens fibroblast of the aortic adventitia female adult (24 years) and male adult (47 years)	1	RNU11	U11	0
ENCFF887UHI	ENCSR000CUV	Homo sapiens fibroblast of the aortic adventitia female adult (24 years) and male adult (47 years)	1	RNU5F-1	U5	285
ENCFF887UHI	ENCSR000CUV	Homo sapiens fibroblast of the aortic adventitia female adult (24 years) and male adult (47 years)	1	RNU5D-1	U5	424
ENCFF887UHI	ENCSR000CUV	Homo sapiens fibroblast of the aortic adventitia female adult (24 years) and male adult (47 years)	1	RNU4ATAC	U4atac	3253
ENCFF887UHI	ENCSR000CUV	Homo sapiens fibroblast of the aortic adventitia female adult (24 years) and male adult (47 years)	1	RMRP		0
ENCFF887UHI	ENCSR000CUV	Homo sapiens fibroblast of the aortic adventitia female adult (24 years) and male adult (47 years)	1	RNU6ATAC	U6atac	3411
ENCFF887UHI	ENCSR000CUV	Homo sapiens fibroblast of the aortic adventitia female adult (24 years) and male adult (47 years)	1	RNU2-2P	U2	0
ENCFF887UHI	ENCSR000CUV	Homo sapiens fibroblast of the aortic adventitia female adult (24 years) and male adult (47 years)	1	RNU7-1	U7	0
ENCFF887UHI	ENCSR000CUV	Homo sapiens fibroblast of the aortic adventitia female adult (24 years) and male adult (47 years)	1	RNU4-2	U4	2855
ENCFF887UHI	ENCSR000CUV	Homo sapiens fibroblast of the aortic adventitia female adult (24 years) and male adult (47 years)	1	RNU4-1	U4	1031
ENCFF887UHI	ENCSR000CUV	Homo sapiens fibroblast of the aortic adventitia female adult (24 years) and male adult (47 years)	1	RPPH1		0
ENCFF887UHI	ENCSR000CUV	Homo sapiens fibroblast of the aortic adventitia female adult (24 years) and male adult (47 years)	1	RNU6-7	U6	0
ENCFF887UHI	ENCSR000CUV	Homo sapiens fibroblast of the aortic adventitia female adult (24 years) and male adult (47 years)	1	RNU6-8	U6	22
ENCFF887UHI	ENCSR000CUV	Homo sapiens fibroblast of the aortic adventitia female adult (24 years) and male adult (47 years)	1	RN7SL1		0
ENCFF887UHI	ENCSR000CUV	Homo sapiens fibroblast of the aortic adventitia female adult (24 years) and male adult (47 years)	1	RN7SL2		59
ENCFF887UHI	ENCSR000CUV	Homo sapiens fibroblast of the aortic adventitia female adult (24 years) and male adult (47 years)	1	RNU5A-1	U5	2271
ENCFF887UHI	ENCSR000CUV	Homo sapiens fibroblast of the aortic adventitia female adult (24 years) and male adult (47 years)	1	RNU5B-1	U5	3738
ENCFF887UHI	ENCSR000CUV	Homo sapiens fibroblast of the aortic adventitia female adult (24 years) and male adult (47 years)	1	RNU6-1	U6	20
ENCFF887UHI	ENCSR000CUV	Homo sapiens fibroblast of the aortic adventitia female adult (24 years) and male adult (47 years)	1	RNU2-1	U2	0
ENCFF887UHI	ENCSR000CUV	Homo sapiens fibroblast of the aortic adventitia female adult (24 years) and male adult (47 years)	1	RNU6-9	U6	23
ENCFF887UHI	ENCSR000CUV	Homo sapiens fibroblast of the aortic adventitia female adult (24 years) and male adult (47 years)	1	RNU6-2	U6	49
ENCFF887UHI	ENCSR000CUV	Homo sapiens fibroblast of the aortic adventitia female adult (24 years) and male adult (47 years)	1	RNU12	U12	0
ENCFF591ARC	ENCSR000CUV	Homo sapiens fibroblast of the aortic adventitia female adult (24 years) and male adult (47 years)	2	RNU5E-1	U5	3165
ENCFF591ARC	ENCSR000CUV	Homo sapiens fibroblast of the aortic adventitia female adult (24 years) and male adult (47 years)	2	RNU1-1	U1	0
ENCFF591ARC	ENCSR000CUV	Homo sapiens fibroblast of the aortic adventitia female adult (24 years) and male adult (47 years)	2	RNU1-3	U1	0
ENCFF591ARC	ENCSR000CUV	Homo sapiens fibroblast of the aortic adventitia female adult (24 years) and male adult (47 years)	2	RNU1-4	U1	0
ENCFF591ARC	ENCSR000CUV	Homo sapiens fibroblast of the aortic adventitia female adult (24 years) and male adult (47 years)	2	RNU1-2	U1	1
ENCFF591ARC	ENCSR000CUV	Homo sapiens fibroblast of the aortic adventitia female adult (24 years) and male adult (47 years)	2	RNU11	U11	0
ENCFF591ARC	ENCSR000CUV	Homo sapiens fibroblast of the aortic adventitia female adult (24 years) and male adult (47 years)	2	RNU5F-1	U5	640
ENCFF591ARC	ENCSR000CUV	Homo sapiens fibroblast of the aortic adventitia female adult (24 years) and male adult (47 years)	2	RNU5D-1	U5	2755
ENCFF591ARC	ENCSR000CUV	Homo sapiens fibroblast of the aortic adventitia female adult (24 years) and male adult (47 years)	2	RNU4ATAC	U4atac	7838
ENCFF591ARC	ENCSR000CUV	Homo sapiens fibroblast of the aortic adventitia female adult (24 years) and male adult (47 years)	2	RMRP		0
ENCFF591ARC	ENCSR000CUV	Homo sapiens fibroblast of the aortic adventitia female adult (24 years) and male adult (47 years)	2	RNU6ATAC	U6atac	10088
ENCFF591ARC	ENCSR000CUV	Homo sapiens fibroblast of the aortic adventitia female adult (24 years) and male adult (47 years)	2	RNU2-2P	U2	0
ENCFF591ARC	ENCSR000CUV	Homo sapiens fibroblast of the aortic adventitia female adult (24 years) and male adult (47 years)	2	RNU7-1	U7	0
ENCFF591ARC	ENCSR000CUV	Homo sapiens fibroblast of the aortic adventitia female adult (24 years) and male adult (47 years)	2	RNU4-2	U4	11869
ENCFF591ARC	ENCSR000CUV	Homo sapiens fibroblast of the aortic adventitia female adult (24 years) and male adult (47 years)	2	RNU4-1	U4	3508
ENCFF591ARC	ENCSR000CUV	Homo sapiens fibroblast of the aortic adventitia female adult (24 years) and male adult (47 years)	2	RPPH1		0
ENCFF591ARC	ENCSR000CUV	Homo sapiens fibroblast of the aortic adventitia female adult (24 years) and male adult (47 years)	2	RNU6-7	U6	6
ENCFF591ARC	ENCSR000CUV	Homo sapiens fibroblast of the aortic adventitia female adult (24 years) and male adult (47 years)	2	RNU6-8	U6	44
ENCFF591ARC	ENCSR000CUV	Homo sapiens fibroblast of the aortic adventitia female adult (24 years) and male adult (47 years)	2	RN7SL1		0
ENCFF591ARC	ENCSR000CUV	Homo sapiens fibroblast of the aortic adventitia female adult (24 years) and male adult (47 years)	2	RN7SL2		52
ENCFF591ARC	ENCSR000CUV	Homo sapiens fibroblast of the aortic adventitia female adult (24 years) and male adult (47 years)	2	RNU5A-1	U5	4892
ENCFF591ARC	ENCSR000CUV	Homo sapiens fibroblast of the aortic adventitia female adult (24 years) and male adult (47 years)	2	RNU5B-1	U5	10849
ENCFF591ARC	ENCSR000CUV	Homo sapiens fibroblast of the aortic adventitia female adult (24 years) and male adult (47 years)	2	RNU6-1	U6	43
ENCFF591ARC	ENCSR000CUV	Homo sapiens fibroblast of the aortic adventitia female adult (24 years) and male adult (47 years)	2	RNU2-1	U2	0
ENCFF591ARC	ENCSR000CUV	Homo sapiens fibroblast of the aortic adventitia female adult (24 years) and male adult (47 years)	2	RNU6-9	U6	46
ENCFF591ARC	ENCSR000CUV	Homo sapiens fibroblast of the aortic adventitia female adult (24 years) and male adult (47 years)	2	RNU6-2	U6	111
ENCFF591ARC	ENCSR000CUV	Homo sapiens fibroblast of the aortic adventitia female adult (24 years) and male adult (47 years)	2	RNU12	U12	0
ENCFF551TUH	ENCSR000CUU	Homo sapiens B cell female adult (27 years) and female adult (43 years)	1	RNU5E-1	U5	49
ENCFF551TUH	ENCSR000CUU	Homo sapiens B cell female adult (27 years) and female adult (43 years)	1	RNU1-1	U1	1
ENCFF551TUH	ENCSR000CUU	Homo sapiens B cell female adult (27 years) and female adult (43 years)	1	RNU1-3	U1	0
ENCFF551TUH	ENCSR000CUU	Homo sapiens B cell female adult (27 years) and female adult (43 years)	1	RNU1-4	U1	0
ENCFF551TUH	ENCSR000CUU	Homo sapiens B cell female adult (27 years) and female adult (43 years)	1	RNU1-2	U1	0
ENCFF551TUH	ENCSR000CUU	Homo sapiens B cell female adult (27 years) and female adult (43 years)	1	RNU11	U11	2
ENCFF551TUH	ENCSR000CUU	Homo sapiens B cell female adult (27 years) and female adult (43 years)	1	RNU5F-1	U5	301
ENCFF551TUH	ENCSR000CUU	Homo sapiens B cell female adult (27 years) and female adult (43 years)	1	RNU5D-1	U5	84
ENCFF551TUH	ENCSR000CUU	Homo sapiens B cell female adult (27 years) and female adult (43 years)	1	RNU4ATAC	U4atac	1628
ENCFF551TUH	ENCSR000CUU	Homo sapiens B cell female adult (27 years) and female adult (43 years)	1	RMRP		0
ENCFF551TUH	ENCSR000CUU	Homo sapiens B cell female adult (27 years) and female adult (43 years)	1	RNU6ATAC	U6atac	14
ENCFF551TUH	ENCSR000CUU	Homo sapiens B cell female adult (27 years) and female adult (43 years)	1	RNU2-2P	U2	0
ENCFF551TUH	ENCSR000CUU	Homo sapiens B cell female adult (27 years) and female adult (43 years)	1	RNU7-1	U7	0
ENCFF551TUH	ENCSR000CUU	Homo sapiens B cell female adult (27 years) and female adult (43 years)	1	RNU4-2	U4	518
ENCFF551TUH	ENCSR000CUU	Homo sapiens B cell female adult (27 years) and female adult (43 years)	1	RNU4-1	U4	101
ENCFF551TUH	ENCSR000CUU	Homo sapiens B cell female adult (27 years) and female adult (43 years)	1	RPPH1		0
ENCFF551TUH	ENCSR000CUU	Homo sapiens B cell female adult (27 years) and female adult (43 years)	1	RNU6-7	U6	2
ENCFF551TUH	ENCSR000CUU	Homo sapiens B cell female adult (27 years) and female adult (43 years)	1	RNU6-8	U6	19
ENCFF551TUH	ENCSR000CUU	Homo sapiens B cell female adult (27 years) and female adult (43 years)	1	RN7SL1		0
ENCFF551TUH	ENCSR000CUU	Homo sapiens B cell female adult (27 years) and female adult (43 years)	1	RN7SL2		0
ENCFF551TUH	ENCSR000CUU	Homo sapiens B cell female adult (27 years) and female adult (43 years)	1	RNU5A-1	U5	2771
ENCFF551TUH	ENCSR000CUU	Homo sapiens B cell female adult (27 years) and female adult (43 years)	1	RNU5B-1	U5	365
ENCFF551TUH	ENCSR000CUU	Homo sapiens B cell female adult (27 years) and female adult (43 years)	1	RNU6-1	U6	17
ENCFF551TUH	ENCSR000CUU	Homo sapiens B cell female adult (27 years) and female adult (43 years)	1	RNU2-1	U2	0
ENCFF551TUH	ENCSR000CUU	Homo sapiens B cell female adult (27 years) and female adult (43 years)	1	RNU6-9	U6	44
ENCFF551TUH	ENCSR000CUU	Homo sapiens B cell female adult (27 years) and female adult (43 years)	1	RNU6-2	U6	56
ENCFF551TUH	ENCSR000CUU	Homo sapiens B cell female adult (27 years) and female adult (43 years)	1	RNU12	U12	0
ENCFF293RYJ	ENCSR000CUU	Homo sapiens B cell female adult (27 years) and female adult (43 years)	2	RNU5E-1	U5	302
ENCFF293RYJ	ENCSR000CUU	Homo sapiens B cell female adult (27 years) and female adult (43 years)	2	RNU1-1	U1	0
ENCFF293RYJ	ENCSR000CUU	Homo sapiens B cell female adult (27 years) and female adult (43 years)	2	RNU1-3	U1	0
ENCFF293RYJ	ENCSR000CUU	Homo sapiens B cell female adult (27 years) and female adult (43 years)	2	RNU1-4	U1	0
ENCFF293RYJ	ENCSR000CUU	Homo sapiens B cell female adult (27 years) and female adult (43 years)	2	RNU1-2	U1	0
ENCFF293RYJ	ENCSR000CUU	Homo sapiens B cell female adult (27 years) and female adult (43 years)	2	RNU11	U11	1
ENCFF293RYJ	ENCSR000CUU	Homo sapiens B cell female adult (27 years) and female adult (43 years)	2	RNU5F-1	U5	284
ENCFF293RYJ	ENCSR000CUU	Homo sapiens B cell female adult (27 years) and female adult (43 years)	2	RNU5D-1	U5	33
ENCFF293RYJ	ENCSR000CUU	Homo sapiens B cell female adult (27 years) and female adult (43 years)	2	RNU4ATAC	U4atac	2824
ENCFF293RYJ	ENCSR000CUU	Homo sapiens B cell female adult (27 years) and female adult (43 years)	2	RMRP		0
ENCFF293RYJ	ENCSR000CUU	Homo sapiens B cell female adult (27 years) and female adult (43 years)	2	RNU6ATAC	U6atac	25
ENCFF293RYJ	ENCSR000CUU	Homo sapiens B cell female adult (27 years) and female adult (43 years)	2	RNU2-2P	U2	0
ENCFF293RYJ	ENCSR000CUU	Homo sapiens B cell female adult (27 years) and female adult (43 years)	2	RNU7-1	U7	0
ENCFF293RYJ	ENCSR000CUU	Homo sapiens B cell female adult (27 years) and female adult (43 years)	2	RNU4-2	U4	976
ENCFF293RYJ	ENCSR000CUU	Homo sapiens B cell female adult (27 years) and female adult (43 years)	2	RNU4-1	U4	161
ENCFF293RYJ	ENCSR000CUU	Homo sapiens B cell female adult (27 years) and female adult (43 years)	2	RPPH1		0
ENCFF293RYJ	ENCSR000CUU	Homo sapiens B cell female adult (27 years) and female adult (43 years)	2	RNU6-7	U6	1
ENCFF293RYJ	ENCSR000CUU	Homo sapiens B cell female adult (27 years) and female adult (43 years)	2	RNU6-8	U6	32
ENCFF293RYJ	ENCSR000CUU	Homo sapiens B cell female adult (27 years) and female adult (43 years)	2	RN7SL1		0
ENCFF293RYJ	ENCSR000CUU	Homo sapiens B cell female adult (27 years) and female adult (43 years)	2	RN7SL2		0
ENCFF293RYJ	ENCSR000CUU	Homo sapiens B cell female adult (27 years) and female adult (43 years)	2	RNU5A-1	U5	1912
ENCFF293RYJ	ENCSR000CUU	Homo sapiens B cell female adult (27 years) and female adult (43 years)	2	RNU5B-1	U5	540
ENCFF293RYJ	ENCSR000CUU	Homo sapiens B cell female adult (27 years) and female adult (43 years)	2	RNU6-1	U6	11
ENCFF293RYJ	ENCSR000CUU	Homo sapiens B cell female adult (27 years) and female adult (43 years)	2	RNU2-1	U2	0
ENCFF293RYJ	ENCSR000CUU	Homo sapiens B cell female adult (27 years) and female adult (43 years)	2	RNU6-9	U6	24
ENCFF293RYJ	ENCSR000CUU	Homo sapiens B cell female adult (27 years) and female adult (43 years)	2	RNU6-2	U6	49
ENCFF293RYJ	ENCSR000CUU	Homo sapiens B cell female adult (27 years) and female adult (43 years)	2	RNU12	U12	0
ENCFF930JCN	ENCSR000CUZ	Homo sapiens skeletal muscle satellite cell female adult (64 years) and male adult (21 years)	1	RNU5E-1	U5	4741
ENCFF930JCN	ENCSR000CUZ	Homo sapiens skeletal muscle satellite cell female adult (64 years) and male adult (21 years)	1	RNU1-1	U1	0
ENCFF930JCN	ENCSR000CUZ	Homo sapiens skeletal muscle satellite cell female adult (64 years) and male adult (21 years)	1	RNU1-3	U1	0
ENCFF930JCN	ENCSR000CUZ	Homo sapiens skeletal muscle satellite cell female adult (64 years) and male adult (21 years)	1	RNU1-4	U1	0
ENCFF930JCN	ENCSR000CUZ	Homo sapiens skeletal muscle satellite cell female adult (64 years) and male adult (21 years)	1	RNU1-2	U1	3
ENCFF930JCN	ENCSR000CUZ	Homo sapiens skeletal muscle satellite cell female adult (64 years) and male adult (21 years)	1	RNU11	U11	2
ENCFF930JCN	ENCSR000CUZ	Homo sapiens skeletal muscle satellite cell female adult (64 years) and male adult (21 years)	1	RNU5F-1	U5	628
ENCFF930JCN	ENCSR000CUZ	Homo sapiens skeletal muscle satellite cell female adult (64 years) and male adult (21 years)	1	RNU5D-1	U5	14261
ENCFF930JCN	ENCSR000CUZ	Homo sapiens skeletal muscle satellite cell female adult (64 years) and male adult (21 years)	1	RNU4ATAC	U4atac	4958
ENCFF930JCN	ENCSR000CUZ	Homo sapiens skeletal muscle satellite cell female adult (64 years) and male adult (21 years)	1	RMRP		0
ENCFF930JCN	ENCSR000CUZ	Homo sapiens skeletal muscle satellite cell female adult (64 years) and male adult (21 years)	1	RNU6ATAC	U6atac	10074
ENCFF930JCN	ENCSR000CUZ	Homo sapiens skeletal muscle satellite cell female adult (64 years) and male adult (21 years)	1	RNU2-2P	U2	0
ENCFF930JCN	ENCSR000CUZ	Homo sapiens skeletal muscle satellite cell female adult (64 years) and male adult (21 years)	1	RNU7-1	U7	0
ENCFF930JCN	ENCSR000CUZ	Homo sapiens skeletal muscle satellite cell female adult (64 years) and male adult (21 years)	1	RNU4-2	U4	1671
ENCFF930JCN	ENCSR000CUZ	Homo sapiens skeletal muscle satellite cell female adult (64 years) and male adult (21 years)	1	RNU4-1	U4	1064
ENCFF930JCN	ENCSR000CUZ	Homo sapiens skeletal muscle satellite cell female adult (64 years) and male adult (21 years)	1	RPPH1		0
ENCFF930JCN	ENCSR000CUZ	Homo sapiens skeletal muscle satellite cell female adult (64 years) and male adult (21 years)	1	RNU6-7	U6	1
ENCFF930JCN	ENCSR000CUZ	Homo sapiens skeletal muscle satellite cell female adult (64 years) and male adult (21 years)	1	RNU6-8	U6	17
ENCFF930JCN	ENCSR000CUZ	Homo sapiens skeletal muscle satellite cell female adult (64 years) and male adult (21 years)	1	RN7SL1		0
ENCFF930JCN	ENCSR000CUZ	Homo sapiens skeletal muscle satellite cell female adult (64 years) and male adult (21 years)	1	RN7SL2		35
ENCFF930JCN	ENCSR000CUZ	Homo sapiens skeletal muscle satellite cell female adult (64 years) and male adult (21 years)	1	RNU5A-1	U5	2149
ENCFF930JCN	ENCSR000CUZ	Homo sapiens skeletal muscle satellite cell female adult (64 years) and male adult (21 years)	1	RNU5B-1	U5	4062
ENCFF930JCN	ENCSR000CUZ	Homo sapiens skeletal muscle satellite cell female adult (64 years) and male adult (21 years)	1	RNU6-1	U6	57
ENCFF930JCN	ENCSR000CUZ	Homo sapiens skeletal muscle satellite cell female adult (64 years) and male adult (21 years)	1	RNU2-1	U2	0
ENCFF930JCN	ENCSR000CUZ	Homo sapiens skeletal muscle satellite cell female adult (64 years) and male adult (21 years)	1	RNU6-9	U6	114
ENCFF930JCN	ENCSR000CUZ	Homo sapiens skeletal muscle satellite cell female adult (64 years) and male adult (21 years)	1	RNU6-2	U6	175
ENCFF930JCN	ENCSR000CUZ	Homo sapiens skeletal muscle satellite cell female adult (64 years) and male adult (21 years)	1	RNU12	U12	0
ENCFF314VGX	ENCSR000CUZ	Homo sapiens skeletal muscle satellite cell female adult (64 years) and male adult (21 years)	2	RNU5E-1	U5	5061
ENCFF314VGX	ENCSR000CUZ	Homo sapiens skeletal muscle satellite cell female adult (64 years) and male adult (21 years)	2	RNU1-1	U1	1
ENCFF314VGX	ENCSR000CUZ	Homo sapiens skeletal muscle satellite cell female adult (64 years) and male adult (21 years)	2	RNU1-3	U1	0
ENCFF314VGX	ENCSR000CUZ	Homo sapiens skeletal muscle satellite cell female adult (64 years) and male adult (21 years)	2	RNU1-4	U1	0
ENCFF314VGX	ENCSR000CUZ	Homo sapiens skeletal muscle satellite cell female adult (64 years) and male adult (21 years)	2	RNU1-2	U1	0
ENCFF314VGX	ENCSR000CUZ	Homo sapiens skeletal muscle satellite cell female adult (64 years) and male adult (21 years)	2	RNU11	U11	0
ENCFF314VGX	ENCSR000CUZ	Homo sapiens skeletal muscle satellite cell female adult (64 years) and male adult (21 years)	2	RNU5F-1	U5	2054
ENCFF314VGX	ENCSR000CUZ	Homo sapiens skeletal muscle satellite cell female adult (64 years) and male adult (21 years)	2	RNU5D-1	U5	10723
ENCFF314VGX	ENCSR000CUZ	Homo sapiens skeletal muscle satellite cell female adult (64 years) and male adult (21 years)	2	RNU4ATAC	U4atac	18210
ENCFF314VGX	ENCSR000CUZ	Homo sapiens skeletal muscle satellite cell female adult (64 years) and male adult (21 years)	2	RMRP		0
ENCFF314VGX	ENCSR000CUZ	Homo sapiens skeletal muscle satellite cell female adult (64 years) and male adult (21 years)	2	RNU6ATAC	U6atac	7602
ENCFF314VGX	ENCSR000CUZ	Homo sapiens skeletal muscle satellite cell female adult (64 years) and male adult (21 years)	2	RNU2-2P	U2	0
ENCFF314VGX	ENCSR000CUZ	Homo sapiens skeletal muscle satellite cell female adult (64 years) and male adult (21 years)	2	RNU7-1	U7	0
ENCFF314VGX	ENCSR000CUZ	Homo sapiens skeletal muscle satellite cell female adult (64 years) and male adult (21 years)	2	RNU4-2	U4	9138
ENCFF314VGX	ENCSR000CUZ	Homo sapiens skeletal muscle satellite cell female adult (64 years) and male adult (21 years)	2	RNU4-1	U4	4019
ENCFF314VGX	ENCSR000CUZ	Homo sapiens skeletal muscle satellite cell female adult (64 years) and male adult (21 years)	2	RPPH1		0
ENCFF314VGX	ENCSR000CUZ	Homo sapiens skeletal muscle satellite cell female adult (64 years) and male adult (21 years)	2	RNU6-7	U6	5
ENCFF314VGX	ENCSR000CUZ	Homo sapiens skeletal muscle satellite cell female adult (64 years) and male adult (21 years)	2	RNU6-8	U6	278
ENCFF314VGX	ENCSR000CUZ	Homo sapiens skeletal muscle satellite cell female adult (64 years) and male adult (21 years)	2	RN7SL1		0
ENCFF314VGX	ENCSR000CUZ	Homo sapiens skeletal muscle satellite cell female adult (64 years) and male adult (21 years)	2	RN7SL2		267
ENCFF314VGX	ENCSR000CUZ	Homo sapiens skeletal muscle satellite cell female adult (64 years) and male adult (21 years)	2	RNU5A-1	U5	6281
ENCFF314VGX	ENCSR000CUZ	Homo sapiens skeletal muscle satellite cell female adult (64 years) and male adult (21 years)	2	RNU5B-1	U5	9808
ENCFF314VGX	ENCSR000CUZ	Homo sapiens skeletal muscle satellite cell female adult (64 years) and male adult (21 years)	2	RNU6-1	U6	78
ENCFF314VGX	ENCSR000CUZ	Homo sapiens skeletal muscle satellite cell female adult (64 years) and male adult (21 years)	2	RNU2-1	U2	0
ENCFF314VGX	ENCSR000CUZ	Homo sapiens skeletal muscle satellite cell female adult (64 years) and male adult (21 years)	2	RNU6-9	U6	110
ENCFF314VGX	ENCSR000CUZ	Homo sapiens skeletal muscle satellite cell female adult (64 years) and male adult (21 years)	2	RNU6-2	U6	66
ENCFF314VGX	ENCSR000CUZ	Homo sapiens skeletal muscle satellite cell female adult (64 years) and male adult (21 years)	2	RNU12	U12	0
ENCFF332NNC	ENCSR000CUY	Homo sapiens fibroblast of dermis female adult (44 years) and female adult (55 years)	1	RNU5E-1	U5	2211
ENCFF332NNC	ENCSR000CUY	Homo sapiens fibroblast of dermis female adult (44 years) and female adult (55 years)	1	RNU1-1	U1	0
ENCFF332NNC	ENCSR000CUY	Homo sapiens fibroblast of dermis female adult (44 years) and female adult (55 years)	1	RNU1-3	U1	0
ENCFF332NNC	ENCSR000CUY	Homo sapiens fibroblast of dermis female adult (44 years) and female adult (55 years)	1	RNU1-4	U1	0
ENCFF332NNC	ENCSR000CUY	Homo sapiens fibroblast of dermis female adult (44 years) and female adult (55 years)	1	RNU1-2	U1	0
ENCFF332NNC	ENCSR000CUY	Homo sapiens fibroblast of dermis female adult (44 years) and female adult (55 years)	1	RNU11	U11	0
ENCFF332NNC	ENCSR000CUY	Homo sapiens fibroblast of dermis female adult (44 years) and female adult (55 years)	1	RNU5F-1	U5	935
ENCFF332NNC	ENCSR000CUY	Homo sapiens fibroblast of dermis female adult (44 years) and female adult (55 years)	1	RNU5D-1	U5	1912
ENCFF332NNC	ENCSR000CUY	Homo sapiens fibroblast of dermis female adult (44 years) and female adult (55 years)	1	RNU4ATAC	U4atac	3945
ENCFF332NNC	ENCSR000CUY	Homo sapiens fibroblast of dermis female adult (44 years) and female adult (55 years)	1	RMRP		0
ENCFF332NNC	ENCSR000CUY	Homo sapiens fibroblast of dermis female adult (44 years) and female adult (55 years)	1	RNU6ATAC	U6atac	3055
ENCFF332NNC	ENCSR000CUY	Homo sapiens fibroblast of dermis female adult (44 years) and female adult (55 years)	1	RNU2-2P	U2	0
ENCFF332NNC	ENCSR000CUY	Homo sapiens fibroblast of dermis female adult (44 years) and female adult (55 years)	1	RNU7-1	U7	0
ENCFF332NNC	ENCSR000CUY	Homo sapiens fibroblast of dermis female adult (44 years) and female adult (55 years)	1	RNU4-2	U4	5173
ENCFF332NNC	ENCSR000CUY	Homo sapiens fibroblast of dermis female adult (44 years) and female adult (55 years)	1	RNU4-1	U4	1637
ENCFF332NNC	ENCSR000CUY	Homo sapiens fibroblast of dermis female adult (44 years) and female adult (55 years)	1	RPPH1		0
ENCFF332NNC	ENCSR000CUY	Homo sapiens fibroblast of dermis female adult (44 years) and female adult (55 years)	1	RNU6-7	U6	0
ENCFF332NNC	ENCSR000CUY	Homo sapiens fibroblast of dermis female adult (44 years) and female adult (55 years)	1	RNU6-8	U6	39
ENCFF332NNC	ENCSR000CUY	Homo sapiens fibroblast of dermis female adult (44 years) and female adult (55 years)	1	RN7SL1		0
ENCFF332NNC	ENCSR000CUY	Homo sapiens fibroblast of dermis female adult (44 years) and female adult (55 years)	1	RN7SL2		119
ENCFF332NNC	ENCSR000CUY	Homo sapiens fibroblast of dermis female adult (44 years) and female adult (55 years)	1	RNU5A-1	U5	4496
ENCFF332NNC	ENCSR000CUY	Homo sapiens fibroblast of dermis female adult (44 years) and female adult (55 years)	1	RNU5B-1	U5	10081
ENCFF332NNC	ENCSR000CUY	Homo sapiens fibroblast of dermis female adult (44 years) and female adult (55 years)	1	RNU6-1	U6	14
ENCFF332NNC	ENCSR000CUY	Homo sapiens fibroblast of dermis female adult (44 years) and female adult (55 years)	1	RNU2-1	U2	0
ENCFF332NNC	ENCSR000CUY	Homo sapiens fibroblast of dermis female adult (44 years) and female adult (55 years)	1	RNU6-9	U6	27
ENCFF332NNC	ENCSR000CUY	Homo sapiens fibroblast of dermis female adult (44 years) and female adult (55 years)	1	RNU6-2	U6	133
ENCFF332NNC	ENCSR000CUY	Homo sapiens fibroblast of dermis female adult (44 years) and female adult (55 years)	1	RNU12	U12	0
ENCFF587IAA	ENCSR000CUY	Homo sapiens fibroblast of dermis female adult (44 years) and female adult (55 years)	2	RNU5E-1	U5	4083
ENCFF587IAA	ENCSR000CUY	Homo sapiens fibroblast of dermis female adult (44 years) and female adult (55 years)	2	RNU1-1	U1	0
ENCFF587IAA	ENCSR000CUY	Homo sapiens fibroblast of dermis female adult (44 years) and female adult (55 years)	2	RNU1-3	U1	0
ENCFF587IAA	ENCSR000CUY	Homo sapiens fibroblast of dermis female adult (44 years) and female adult (55 years)	2	RNU1-4	U1	0
ENCFF587IAA	ENCSR000CUY	Homo sapiens fibroblast of dermis female adult (44 years) and female adult (55 years)	2	RNU1-2	U1	0
ENCFF587IAA	ENCSR000CUY	Homo sapiens fibroblast of dermis female adult (44 years) and female adult (55 years)	2	RNU11	U11	2
ENCFF587IAA	ENCSR000CUY	Homo sapiens fibroblast of dermis female adult (44 years) and female adult (55 years)	2	RNU5F-1	U5	316
ENCFF587IAA	ENCSR000CUY	Homo sapiens fibroblast of dermis female adult (44 years) and female adult (55 years)	2	RNU5D-1	U5	4765
ENCFF587IAA	ENCSR000CUY	Homo sapiens fibroblast of dermis female adult (44 years) and female adult (55 years)	2	RNU4ATAC	U4atac	7974
ENCFF587IAA	ENCSR000CUY	Homo sapiens fibroblast of dermis female adult (44 years) and female adult (55 years)	2	RMRP		0
ENCFF587IAA	ENCSR000CUY	Homo sapiens fibroblast of dermis female adult (44 years) and female adult (55 years)	2	RNU6ATAC	U6atac	7000
ENCFF587IAA	ENCSR000CUY	Homo sapiens fibroblast of dermis female adult (44 years) and female adult (55 years)	2	RNU2-2P	U2	0
ENCFF587IAA	ENCSR000CUY	Homo sapiens fibroblast of dermis female adult (44 years) and female adult (55 years)	2	RNU7-1	U7	0
ENCFF587IAA	ENCSR000CUY	Homo sapiens fibroblast of dermis female adult (44 years) and female adult (55 years)	2	RNU4-2	U4	8811
ENCFF587IAA	ENCSR000CUY	Homo sapiens fibroblast of dermis female adult (44 years) and female adult (55 years)	2	RNU4-1	U4	2433
ENCFF587IAA	ENCSR000CUY	Homo sapiens fibroblast of dermis female adult (44 years) and female adult (55 years)	2	RPPH1		0
ENCFF587IAA	ENCSR000CUY	Homo sapiens fibroblast of dermis female adult (44 years) and female adult (55 years)	2	RNU6-7	U6	4
ENCFF587IAA	ENCSR000CUY	Homo sapiens fibroblast of dermis female adult (44 years) and female adult (55 years)	2	RNU6-8	U6	30
ENCFF587IAA	ENCSR000CUY	Homo sapiens fibroblast of dermis female adult (44 years) and female adult (55 years)	2	RN7SL1		0
ENCFF587IAA	ENCSR000CUY	Homo sapiens fibroblast of dermis female adult (44 years) and female adult (55 years)	2	RN7SL2		119
ENCFF587IAA	ENCSR000CUY	Homo sapiens fibroblast of dermis female adult (44 years) and female adult (55 years)	2	RNU5A-1	U5	7068
ENCFF587IAA	ENCSR000CUY	Homo sapiens fibroblast of dermis female adult (44 years) and female adult (55 years)	2	RNU5B-1	U5	12384
ENCFF587IAA	ENCSR000CUY	Homo sapiens fibroblast of dermis female adult (44 years) and female adult (55 years)	2	RNU6-1	U6	46
ENCFF587IAA	ENCSR000CUY	Homo sapiens fibroblast of dermis female adult (44 years) and female adult (55 years)	2	RNU2-1	U2	0
ENCFF587IAA	ENCSR000CUY	Homo sapiens fibroblast of dermis female adult (44 years) and female adult (55 years)	2	RNU6-9	U6	81
ENCFF587IAA	ENCSR000CUY	Homo sapiens fibroblast of dermis female adult (44 years) and female adult (55 years)	2	RNU6-2	U6	345
ENCFF587IAA	ENCSR000CUY	Homo sapiens fibroblast of dermis female adult (44 years) and female adult (55 years)	2	RNU12	U12	0
ENCFF802VNV	ENCSR000CUX	Homo sapiens fibroblast of villous mesenchyme female newborn and male newborn	1	RNU5E-1	U5	2116
ENCFF802VNV	ENCSR000CUX	Homo sapiens fibroblast of villous mesenchyme female newborn and male newborn	1	RNU1-1	U1	0
ENCFF802VNV	ENCSR000CUX	Homo sapiens fibroblast of villous mesenchyme female newborn and male newborn	1	RNU1-3	U1	0
ENCFF802VNV	ENCSR000CUX	Homo sapiens fibroblast of villous mesenchyme female newborn and male newborn	1	RNU1-4	U1	0
ENCFF802VNV	ENCSR000CUX	Homo sapiens fibroblast of villous mesenchyme female newborn and male newborn	1	RNU1-2	U1	2
ENCFF802VNV	ENCSR000CUX	Homo sapiens fibroblast of villous mesenchyme female newborn and male newborn	1	RNU11	U11	0
ENCFF802VNV	ENCSR000CUX	Homo sapiens fibroblast of villous mesenchyme female newborn and male newborn	1	RNU5F-1	U5	789
ENCFF802VNV	ENCSR000CUX	Homo sapiens fibroblast of villous mesenchyme female newborn and male newborn	1	RNU5D-1	U5	4589
ENCFF802VNV	ENCSR000CUX	Homo sapiens fibroblast of villous mesenchyme female newborn and male newborn	1	RNU4ATAC	U4atac	3181
ENCFF802VNV	ENCSR000CUX	Homo sapiens fibroblast of villous mesenchyme female newborn and male newborn	1	RMRP		0
ENCFF802VNV	ENCSR000CUX	Homo sapiens fibroblast of villous mesenchyme female newborn and male newborn	1	RNU6ATAC	U6atac	7009
ENCFF802VNV	ENCSR000CUX	Homo sapiens fibroblast of villous mesenchyme female newborn and male newborn	1	RNU2-2P	U2	0
ENCFF802VNV	ENCSR000CUX	Homo sapiens fibroblast of villous mesenchyme female newborn and male newborn	1	RNU7-1	U7	0
ENCFF802VNV	ENCSR000CUX	Homo sapiens fibroblast of villous mesenchyme female newborn and male newborn	1	RNU4-2	U4	2109
ENCFF802VNV	ENCSR000CUX	Homo sapiens fibroblast of villous mesenchyme female newborn and male newborn	1	RNU4-1	U4	901
ENCFF802VNV	ENCSR000CUX	Homo sapiens fibroblast of villous mesenchyme female newborn and male newborn	1	RPPH1		0
ENCFF802VNV	ENCSR000CUX	Homo sapiens fibroblast of villous mesenchyme female newborn and male newborn	1	RNU6-7	U6	4
ENCFF802VNV	ENCSR000CUX	Homo sapiens fibroblast of villous mesenchyme female newborn and male newborn	1	RNU6-8	U6	42
ENCFF802VNV	ENCSR000CUX	Homo sapiens fibroblast of villous mesenchyme female newborn and male newborn	1	RN7SL1		0
ENCFF802VNV	ENCSR000CUX	Homo sapiens fibroblast of villous mesenchyme female newborn and male newborn	1	RN7SL2		79
ENCFF802VNV	ENCSR000CUX	Homo sapiens fibroblast of villous mesenchyme female newborn and male newborn	1	RNU5A-1	U5	2553
ENCFF802VNV	ENCSR000CUX	Homo sapiens fibroblast of villous mesenchyme female newborn and male newborn	1	RNU5B-1	U5	3568
ENCFF802VNV	ENCSR000CUX	Homo sapiens fibroblast of villous mesenchyme female newborn and male newborn	1	RNU6-1	U6	38
ENCFF802VNV	ENCSR000CUX	Homo sapiens fibroblast of villous mesenchyme female newborn and male newborn	1	RNU2-1	U2	0
ENCFF802VNV	ENCSR000CUX	Homo sapiens fibroblast of villous mesenchyme female newborn and male newborn	1	RNU6-9	U6	54
ENCFF802VNV	ENCSR000CUX	Homo sapiens fibroblast of villous mesenchyme female newborn and male newborn	1	RNU6-2	U6	92
ENCFF802VNV	ENCSR000CUX	Homo sapiens fibroblast of villous mesenchyme female newborn and male newborn	1	RNU12	U12	0
ENCFF928UCA	ENCSR000CUX	Homo sapiens fibroblast of villous mesenchyme female newborn and male newborn	2	RNU5E-1	U5	3908
ENCFF928UCA	ENCSR000CUX	Homo sapiens fibroblast of villous mesenchyme female newborn and male newborn	2	RNU1-1	U1	4
ENCFF928UCA	ENCSR000CUX	Homo sapiens fibroblast of villous mesenchyme female newborn and male newborn	2	RNU1-3	U1	0
ENCFF928UCA	ENCSR000CUX	Homo sapiens fibroblast of villous mesenchyme female newborn and male newborn	2	RNU1-4	U1	0
ENCFF928UCA	ENCSR000CUX	Homo sapiens fibroblast of villous mesenchyme female newborn and male newborn	2	RNU1-2	U1	2
ENCFF928UCA	ENCSR000CUX	Homo sapiens fibroblast of villous mesenchyme female newborn and male newborn	2	RNU11	U11	0
ENCFF928UCA	ENCSR000CUX	Homo sapiens fibroblast of villous mesenchyme female newborn and male newborn	2	RNU5F-1	U5	372
ENCFF928UCA	ENCSR000CUX	Homo sapiens fibroblast of villous mesenchyme female newborn and male newborn	2	RNU5D-1	U5	3746
ENCFF928UCA	ENCSR000CUX	Homo sapiens fibroblast of villous mesenchyme female newborn and male newborn	2	RNU4ATAC	U4atac	4610
ENCFF928UCA	ENCSR000CUX	Homo sapiens fibroblast of villous mesenchyme female newborn and male newborn	2	RMRP		0
ENCFF928UCA	ENCSR000CUX	Homo sapiens fibroblast of villous mesenchyme female newborn and male newborn	2	RNU6ATAC	U6atac	5687
ENCFF928UCA	ENCSR000CUX	Homo sapiens fibroblast of villous mesenchyme female newborn and male newborn	2	RNU2-2P	U2	0
ENCFF928UCA	ENCSR000CUX	Homo sapiens fibroblast of villous mesenchyme female newborn and male newborn	2	RNU7-1	U7	0
ENCFF928UCA	ENCSR000CUX	Homo sapiens fibroblast of villous mesenchyme female newborn and male newborn	2	RNU4-2	U4	4502
ENCFF928UCA	ENCSR000CUX	Homo sapiens fibroblast of villous mesenchyme female newborn and male newborn	2	RNU4-1	U4	1313
ENCFF928UCA	ENCSR000CUX	Homo sapiens fibroblast of villous mesenchyme female newborn and male newborn	2	RPPH1		0
ENCFF928UCA	ENCSR000CUX	Homo sapiens fibroblast of villous mesenchyme female newborn and male newborn	2	RNU6-7	U6	8
ENCFF928UCA	ENCSR000CUX	Homo sapiens fibroblast of villous mesenchyme female newborn and male newborn	2	RNU6-8	U6	79
ENCFF928UCA	ENCSR000CUX	Homo sapiens fibroblast of villous mesenchyme female newborn and male newborn	2	RN7SL1		0
ENCFF928UCA	ENCSR000CUX	Homo sapiens fibroblast of villous mesenchyme female newborn and male newborn	2	RN7SL2		71
ENCFF928UCA	ENCSR000CUX	Homo sapiens fibroblast of villous mesenchyme female newborn and male newborn	2	RNU5A-1	U5	5795
ENCFF928UCA	ENCSR000CUX	Homo sapiens fibroblast of villous mesenchyme female newborn and male newborn	2	RNU5B-1	U5	9213
ENCFF928UCA	ENCSR000CUX	Homo sapiens fibroblast of villous mesenchyme female newborn and male newborn	2	RNU6-1	U6	35
ENCFF928UCA	ENCSR000CUX	Homo sapiens fibroblast of villous mesenchyme female newborn and male newborn	2	RNU2-1	U2	0
ENCFF928UCA	ENCSR000CUX	Homo sapiens fibroblast of villous mesenchyme female newborn and male newborn	2	RNU6-9	U6	62
ENCFF928UCA	ENCSR000CUX	Homo sapiens fibroblast of villous mesenchyme female newborn and male newborn	2	RNU6-2	U6	143
ENCFF928UCA	ENCSR000CUX	Homo sapiens fibroblast of villous mesenchyme female newborn and male newborn	2	RNU12	U12	0
ENCFF206WTZ	ENCSR000CRX	Homo sapiens HepG2	1	RNU5E-1	U5	478
ENCFF206WTZ	ENCSR000CRX	Homo sapiens HepG2	1	RNU1-1	U1	0
ENCFF206WTZ	ENCSR000CRX	Homo sapiens HepG2	1	RNU1-3	U1	0
ENCFF206WTZ	ENCSR000CRX	Homo sapiens HepG2	1	RNU1-4	U1	0
ENCFF206WTZ	ENCSR000CRX	Homo sapiens HepG2	1	RNU1-2	U1	0
ENCFF206WTZ	ENCSR000CRX	Homo sapiens HepG2	1	RNU11	U11	0
ENCFF206WTZ	ENCSR000CRX	Homo sapiens HepG2	1	RNU5F-1	U5	453
ENCFF206WTZ	ENCSR000CRX	Homo sapiens HepG2	1	RNU5D-1	U5	431
ENCFF206WTZ	ENCSR000CRX	Homo sapiens HepG2	1	RNU4ATAC	U4atac	829
ENCFF206WTZ	ENCSR000CRX	Homo sapiens HepG2	1	RMRP		0
ENCFF206WTZ	ENCSR000CRX	Homo sapiens HepG2	1	RNU6ATAC	U6atac	60
ENCFF206WTZ	ENCSR000CRX	Homo sapiens HepG2	1	RNU2-2P	U2	0
ENCFF206WTZ	ENCSR000CRX	Homo sapiens HepG2	1	RNU7-1	U7	0
ENCFF206WTZ	ENCSR000CRX	Homo sapiens HepG2	1	RNU4-2	U4	72
ENCFF206WTZ	ENCSR000CRX	Homo sapiens HepG2	1	RNU4-1	U4	12
ENCFF206WTZ	ENCSR000CRX	Homo sapiens HepG2	1	RPPH1		0
ENCFF206WTZ	ENCSR000CRX	Homo sapiens HepG2	1	RNU6-7	U6	0
ENCFF206WTZ	ENCSR000CRX	Homo sapiens HepG2	1	RNU6-8	U6	0
ENCFF206WTZ	ENCSR000CRX	Homo sapiens HepG2	1	RN7SL1		0
ENCFF206WTZ	ENCSR000CRX	Homo sapiens HepG2	1	RN7SL2		0
ENCFF206WTZ	ENCSR000CRX	Homo sapiens HepG2	1	RNU5A-1	U5	444
ENCFF206WTZ	ENCSR000CRX	Homo sapiens HepG2	1	RNU5B-1	U5	27
ENCFF206WTZ	ENCSR000CRX	Homo sapiens HepG2	1	RNU6-1	U6	1
ENCFF206WTZ	ENCSR000CRX	Homo sapiens HepG2	1	RNU2-1	U2	0
ENCFF206WTZ	ENCSR000CRX	Homo sapiens HepG2	1	RNU6-9	U6	1
ENCFF206WTZ	ENCSR000CRX	Homo sapiens HepG2	1	RNU6-2	U6	2
ENCFF206WTZ	ENCSR000CRX	Homo sapiens HepG2	1	RNU12	U12	0
ENCFF861MVA	ENCSR000CRX	Homo sapiens HepG2	2	RNU5E-1	U5	630
ENCFF861MVA	ENCSR000CRX	Homo sapiens HepG2	2	RNU1-1	U1	0
ENCFF861MVA	ENCSR000CRX	Homo sapiens HepG2	2	RNU1-3	U1	0
ENCFF861MVA	ENCSR000CRX	Homo sapiens HepG2	2	RNU1-4	U1	0
ENCFF861MVA	ENCSR000CRX	Homo sapiens HepG2	2	RNU1-2	U1	0
ENCFF861MVA	ENCSR000CRX	Homo sapiens HepG2	2	RNU11	U11	0
ENCFF861MVA	ENCSR000CRX	Homo sapiens HepG2	2	RNU5F-1	U5	1376
ENCFF861MVA	ENCSR000CRX	Homo sapiens HepG2	2	RNU5D-1	U5	428
ENCFF861MVA	ENCSR000CRX	Homo sapiens HepG2	2	RNU4ATAC	U4atac	504
ENCFF861MVA	ENCSR000CRX	Homo sapiens HepG2	2	RMRP		0
ENCFF861MVA	ENCSR000CRX	Homo sapiens HepG2	2	RNU6ATAC	U6atac	52
ENCFF861MVA	ENCSR000CRX	Homo sapiens HepG2	2	RNU2-2P	U2	0
ENCFF861MVA	ENCSR000CRX	Homo sapiens HepG2	2	RNU7-1	U7	0
ENCFF861MVA	ENCSR000CRX	Homo sapiens HepG2	2	RNU4-2	U4	90
ENCFF861MVA	ENCSR000CRX	Homo sapiens HepG2	2	RNU4-1	U4	33
ENCFF861MVA	ENCSR000CRX	Homo sapiens HepG2	2	RPPH1		0
ENCFF861MVA	ENCSR000CRX	Homo sapiens HepG2	2	RNU6-7	U6	0
ENCFF861MVA	ENCSR000CRX	Homo sapiens HepG2	2	RNU6-8	U6	0
ENCFF861MVA	ENCSR000CRX	Homo sapiens HepG2	2	RN7SL1		0
ENCFF861MVA	ENCSR000CRX	Homo sapiens HepG2	2	RN7SL2		0
ENCFF861MVA	ENCSR000CRX	Homo sapiens HepG2	2	RNU5A-1	U5	368
ENCFF861MVA	ENCSR000CRX	Homo sapiens HepG2	2	RNU5B-1	U5	28
ENCFF861MVA	ENCSR000CRX	Homo sapiens HepG2	2	RNU6-1	U6	1
ENCFF861MVA	ENCSR000CRX	Homo sapiens HepG2	2	RNU2-1	U2	0
ENCFF861MVA	ENCSR000CRX	Homo sapiens HepG2	2	RNU6-9	U6	3
ENCFF861MVA	ENCSR000CRX	Homo sapiens HepG2	2	RNU6-2	U6	0
ENCFF861MVA	ENCSR000CRX	Homo sapiens HepG2	2	RNU12	U12	0
ENCFF072FQD	ENCSR000CRZ	Homo sapiens HepG2 cytosolic fraction	1	RNU5E-1	U5	1677
ENCFF072FQD	ENCSR000CRZ	Homo sapiens HepG2 cytosolic fraction	1	RNU1-1	U1	2
ENCFF072FQD	ENCSR000CRZ	Homo sapiens HepG2 cytosolic fraction	1	RNU1-3	U1	0
ENCFF072FQD	ENCSR000CRZ	Homo sapiens HepG2 cytosolic fraction	1	RNU1-4	U1	0
ENCFF072FQD	ENCSR000CRZ	Homo sapiens HepG2 cytosolic fraction	1	RNU1-2	U1	0
ENCFF072FQD	ENCSR000CRZ	Homo sapiens HepG2 cytosolic fraction	1	RNU11	U11	0
ENCFF072FQD	ENCSR000CRZ	Homo sapiens HepG2 cytosolic fraction	1	RNU5F-1	U5	444
ENCFF072FQD	ENCSR000CRZ	Homo sapiens HepG2 cytosolic fraction	1	RNU5D-1	U5	246
ENCFF072FQD	ENCSR000CRZ	Homo sapiens HepG2 cytosolic fraction	1	RNU4ATAC	U4atac	1888
ENCFF072FQD	ENCSR000CRZ	Homo sapiens HepG2 cytosolic fraction	1	RMRP		0
ENCFF072FQD	ENCSR000CRZ	Homo sapiens HepG2 cytosolic fraction	1	RNU6ATAC	U6atac	257
ENCFF072FQD	ENCSR000CRZ	Homo sapiens HepG2 cytosolic fraction	1	RNU2-2P	U2	0
ENCFF072FQD	ENCSR000CRZ	Homo sapiens HepG2 cytosolic fraction	1	RNU7-1	U7	0
ENCFF072FQD	ENCSR000CRZ	Homo sapiens HepG2 cytosolic fraction	1	RNU4-2	U4	245
ENCFF072FQD	ENCSR000CRZ	Homo sapiens HepG2 cytosolic fraction	1	RNU4-1	U4	39
ENCFF072FQD	ENCSR000CRZ	Homo sapiens HepG2 cytosolic fraction	1	RPPH1		0
ENCFF072FQD	ENCSR000CRZ	Homo sapiens HepG2 cytosolic fraction	1	RNU6-7	U6	14
ENCFF072FQD	ENCSR000CRZ	Homo sapiens HepG2 cytosolic fraction	1	RNU6-8	U6	1
ENCFF072FQD	ENCSR000CRZ	Homo sapiens HepG2 cytosolic fraction	1	RN7SL1		0
ENCFF072FQD	ENCSR000CRZ	Homo sapiens HepG2 cytosolic fraction	1	RN7SL2		0
ENCFF072FQD	ENCSR000CRZ	Homo sapiens HepG2 cytosolic fraction	1	RNU5A-1	U5	733
ENCFF072FQD	ENCSR000CRZ	Homo sapiens HepG2 cytosolic fraction	1	RNU5B-1	U5	92
ENCFF072FQD	ENCSR000CRZ	Homo sapiens HepG2 cytosolic fraction	1	RNU6-1	U6	0
ENCFF072FQD	ENCSR000CRZ	Homo sapiens HepG2 cytosolic fraction	1	RNU2-1	U2	0
ENCFF072FQD	ENCSR000CRZ	Homo sapiens HepG2 cytosolic fraction	1	RNU6-9	U6	0
ENCFF072FQD	ENCSR000CRZ	Homo sapiens HepG2 cytosolic fraction	1	RNU6-2	U6	4
ENCFF072FQD	ENCSR000CRZ	Homo sapiens HepG2 cytosolic fraction	1	RNU12	U12	0
ENCFF850BQD	ENCSR000CRZ	Homo sapiens HepG2 cytosolic fraction	2	RNU5E-1	U5	541
ENCFF850BQD	ENCSR000CRZ	Homo sapiens HepG2 cytosolic fraction	2	RNU1-1	U1	0
ENCFF850BQD	ENCSR000CRZ	Homo sapiens HepG2 cytosolic fraction	2	RNU1-3	U1	0
ENCFF850BQD	ENCSR000CRZ	Homo sapiens HepG2 cytosolic fraction	2	RNU1-4	U1	0
ENCFF850BQD	ENCSR000CRZ	Homo sapiens HepG2 cytosolic fraction	2	RNU1-2	U1	0
ENCFF850BQD	ENCSR000CRZ	Homo sapiens HepG2 cytosolic fraction	2	RNU11	U11	0
ENCFF850BQD	ENCSR000CRZ	Homo sapiens HepG2 cytosolic fraction	2	RNU5F-1	U5	200
ENCFF850BQD	ENCSR000CRZ	Homo sapiens HepG2 cytosolic fraction	2	RNU5D-1	U5	193
ENCFF850BQD	ENCSR000CRZ	Homo sapiens HepG2 cytosolic fraction	2	RNU4ATAC	U4atac	707
ENCFF850BQD	ENCSR000CRZ	Homo sapiens HepG2 cytosolic fraction	2	RMRP		0
ENCFF850BQD	ENCSR000CRZ	Homo sapiens HepG2 cytosolic fraction	2	RNU6ATAC	U6atac	157
ENCFF850BQD	ENCSR000CRZ	Homo sapiens HepG2 cytosolic fraction	2	RNU2-2P	U2	0
ENCFF850BQD	ENCSR000CRZ	Homo sapiens HepG2 cytosolic fraction	2	RNU7-1	U7	0
ENCFF850BQD	ENCSR000CRZ	Homo sapiens HepG2 cytosolic fraction	2	RNU4-2	U4	97
ENCFF850BQD	ENCSR000CRZ	Homo sapiens HepG2 cytosolic fraction	2	RNU4-1	U4	18
ENCFF850BQD	ENCSR000CRZ	Homo sapiens HepG2 cytosolic fraction	2	RPPH1		0
ENCFF850BQD	ENCSR000CRZ	Homo sapiens HepG2 cytosolic fraction	2	RNU6-7	U6	5
ENCFF850BQD	ENCSR000CRZ	Homo sapiens HepG2 cytosolic fraction	2	RNU6-8	U6	1
ENCFF850BQD	ENCSR000CRZ	Homo sapiens HepG2 cytosolic fraction	2	RN7SL1		0
ENCFF850BQD	ENCSR000CRZ	Homo sapiens HepG2 cytosolic fraction	2	RN7SL2		0
ENCFF850BQD	ENCSR000CRZ	Homo sapiens HepG2 cytosolic fraction	2	RNU5A-1	U5	371
ENCFF850BQD	ENCSR000CRZ	Homo sapiens HepG2 cytosolic fraction	2	RNU5B-1	U5	35
ENCFF850BQD	ENCSR000CRZ	Homo sapiens HepG2 cytosolic fraction	2	RNU6-1	U6	0
ENCFF850BQD	ENCSR000CRZ	Homo sapiens HepG2 cytosolic fraction	2	RNU2-1	U2	0
ENCFF850BQD	ENCSR000CRZ	Homo sapiens HepG2 cytosolic fraction	2	RNU6-9	U6	0
ENCFF850BQD	ENCSR000CRZ	Homo sapiens HepG2 cytosolic fraction	2	RNU6-2	U6	2
ENCFF850BQD	ENCSR000CRZ	Homo sapiens HepG2 cytosolic fraction	2	RNU12	U12	0
ENCFF190ZQZ	ENCSR000CRY	Homo sapiens HepG2 nuclear fraction	1	RNU5E-1	U5	2511
ENCFF190ZQZ	ENCSR000CRY	Homo sapiens HepG2 nuclear fraction	1	RNU1-1	U1	0
ENCFF190ZQZ	ENCSR000CRY	Homo sapiens HepG2 nuclear fraction	1	RNU1-3	U1	0
ENCFF190ZQZ	ENCSR000CRY	Homo sapiens HepG2 nuclear fraction	1	RNU1-4	U1	0
ENCFF190ZQZ	ENCSR000CRY	Homo sapiens HepG2 nuclear fraction	1	RNU1-2	U1	0
ENCFF190ZQZ	ENCSR000CRY	Homo sapiens HepG2 nuclear fraction	1	RNU11	U11	0
ENCFF190ZQZ	ENCSR000CRY	Homo sapiens HepG2 nuclear fraction	1	RNU5F-1	U5	582
ENCFF190ZQZ	ENCSR000CRY	Homo sapiens HepG2 nuclear fraction	1	RNU5D-1	U5	401
ENCFF190ZQZ	ENCSR000CRY	Homo sapiens HepG2 nuclear fraction	1	RNU4ATAC	U4atac	705
ENCFF190ZQZ	ENCSR000CRY	Homo sapiens HepG2 nuclear fraction	1	RMRP		0
ENCFF190ZQZ	ENCSR000CRY	Homo sapiens HepG2 nuclear fraction	1	RNU6ATAC	U6atac	6
ENCFF190ZQZ	ENCSR000CRY	Homo sapiens HepG2 nuclear fraction	1	RNU2-2P	U2	0
ENCFF190ZQZ	ENCSR000CRY	Homo sapiens HepG2 nuclear fraction	1	RNU7-1	U7	0
ENCFF190ZQZ	ENCSR000CRY	Homo sapiens HepG2 nuclear fraction	1	RNU4-2	U4	170
ENCFF190ZQZ	ENCSR000CRY	Homo sapiens HepG2 nuclear fraction	1	RNU4-1	U4	39
ENCFF190ZQZ	ENCSR000CRY	Homo sapiens HepG2 nuclear fraction	1	RPPH1		0
ENCFF190ZQZ	ENCSR000CRY	Homo sapiens HepG2 nuclear fraction	1	RNU6-7	U6	3
ENCFF190ZQZ	ENCSR000CRY	Homo sapiens HepG2 nuclear fraction	1	RNU6-8	U6	1
ENCFF190ZQZ	ENCSR000CRY	Homo sapiens HepG2 nuclear fraction	1	RN7SL1		0
ENCFF190ZQZ	ENCSR000CRY	Homo sapiens HepG2 nuclear fraction	1	RN7SL2		0
ENCFF190ZQZ	ENCSR000CRY	Homo sapiens HepG2 nuclear fraction	1	RNU5A-1	U5	2166
ENCFF190ZQZ	ENCSR000CRY	Homo sapiens HepG2 nuclear fraction	1	RNU5B-1	U5	263
ENCFF190ZQZ	ENCSR000CRY	Homo sapiens HepG2 nuclear fraction	1	RNU6-1	U6	0
ENCFF190ZQZ	ENCSR000CRY	Homo sapiens HepG2 nuclear fraction	1	RNU2-1	U2	0
ENCFF190ZQZ	ENCSR000CRY	Homo sapiens HepG2 nuclear fraction	1	RNU6-9	U6	2
ENCFF190ZQZ	ENCSR000CRY	Homo sapiens HepG2 nuclear fraction	1	RNU6-2	U6	0
ENCFF190ZQZ	ENCSR000CRY	Homo sapiens HepG2 nuclear fraction	1	RNU12	U12	0
ENCFF371JOA	ENCSR000CRY	Homo sapiens HepG2 nuclear fraction	2	RNU5E-1	U5	1540
ENCFF371JOA	ENCSR000CRY	Homo sapiens HepG2 nuclear fraction	2	RNU1-1	U1	0
ENCFF371JOA	ENCSR000CRY	Homo sapiens HepG2 nuclear fraction	2	RNU1-3	U1	0
ENCFF371JOA	ENCSR000CRY	Homo sapiens HepG2 nuclear fraction	2	RNU1-4	U1	0
ENCFF371JOA	ENCSR000CRY	Homo sapiens HepG2 nuclear fraction	2	RNU1-2	U1	0
ENCFF371JOA	ENCSR000CRY	Homo sapiens HepG2 nuclear fraction	2	RNU11	U11	0
ENCFF371JOA	ENCSR000CRY	Homo sapiens HepG2 nuclear fraction	2	RNU5F-1	U5	415
ENCFF371JOA	ENCSR000CRY	Homo sapiens HepG2 nuclear fraction	2	RNU5D-1	U5	242
ENCFF371JOA	ENCSR000CRY	Homo sapiens HepG2 nuclear fraction	2	RNU4ATAC	U4atac	472
ENCFF371JOA	ENCSR000CRY	Homo sapiens HepG2 nuclear fraction	2	RMRP		0
ENCFF371JOA	ENCSR000CRY	Homo sapiens HepG2 nuclear fraction	2	RNU6ATAC	U6atac	4
ENCFF371JOA	ENCSR000CRY	Homo sapiens HepG2 nuclear fraction	2	RNU2-2P	U2	0
ENCFF371JOA	ENCSR000CRY	Homo sapiens HepG2 nuclear fraction	2	RNU7-1	U7	0
ENCFF371JOA	ENCSR000CRY	Homo sapiens HepG2 nuclear fraction	2	RNU4-2	U4	91
ENCFF371JOA	ENCSR000CRY	Homo sapiens HepG2 nuclear fraction	2	RNU4-1	U4	20
ENCFF371JOA	ENCSR000CRY	Homo sapiens HepG2 nuclear fraction	2	RPPH1		0
ENCFF371JOA	ENCSR000CRY	Homo sapiens HepG2 nuclear fraction	2	RNU6-7	U6	2
ENCFF371JOA	ENCSR000CRY	Homo sapiens HepG2 nuclear fraction	2	RNU6-8	U6	1
ENCFF371JOA	ENCSR000CRY	Homo sapiens HepG2 nuclear fraction	2	RN7SL1		0
ENCFF371JOA	ENCSR000CRY	Homo sapiens HepG2 nuclear fraction	2	RN7SL2		0
ENCFF371JOA	ENCSR000CRY	Homo sapiens HepG2 nuclear fraction	2	RNU5A-1	U5	1787
ENCFF371JOA	ENCSR000CRY	Homo sapiens HepG2 nuclear fraction	2	RNU5B-1	U5	165
ENCFF371JOA	ENCSR000CRY	Homo sapiens HepG2 nuclear fraction	2	RNU6-1	U6	0
ENCFF371JOA	ENCSR000CRY	Homo sapiens HepG2 nuclear fraction	2	RNU2-1	U2	0
ENCFF371JOA	ENCSR000CRY	Homo sapiens HepG2 nuclear fraction	2	RNU6-9	U6	2
ENCFF371JOA	ENCSR000CRY	Homo sapiens HepG2 nuclear fraction	2	RNU6-2	U6	2
ENCFF371JOA	ENCSR000CRY	Homo sapiens HepG2 nuclear fraction	2	RNU12	U12	0
ENCFF741YWA	ENCSR000CRA	Homo sapiens K562 nucleoplasmic fraction	3	RNU5E-1	U5	11759
ENCFF741YWA	ENCSR000CRA	Homo sapiens K562 nucleoplasmic fraction	3	RNU1-1	U1	0
ENCFF741YWA	ENCSR000CRA	Homo sapiens K562 nucleoplasmic fraction	3	RNU1-3	U1	0
ENCFF741YWA	ENCSR000CRA	Homo sapiens K562 nucleoplasmic fraction	3	RNU1-4	U1	0
ENCFF741YWA	ENCSR000CRA	Homo sapiens K562 nucleoplasmic fraction	3	RNU1-2	U1	4
ENCFF741YWA	ENCSR000CRA	Homo sapiens K562 nucleoplasmic fraction	3	RNU11	U11	13
ENCFF741YWA	ENCSR000CRA	Homo sapiens K562 nucleoplasmic fraction	3	RNU5F-1	U5	8952
ENCFF741YWA	ENCSR000CRA	Homo sapiens K562 nucleoplasmic fraction	3	RNU5D-1	U5	1023
ENCFF741YWA	ENCSR000CRA	Homo sapiens K562 nucleoplasmic fraction	3	RNU4ATAC	U4atac	482
ENCFF741YWA	ENCSR000CRA	Homo sapiens K562 nucleoplasmic fraction	3	RMRP		0
ENCFF741YWA	ENCSR000CRA	Homo sapiens K562 nucleoplasmic fraction	3	RNU6ATAC	U6atac	479
ENCFF741YWA	ENCSR000CRA	Homo sapiens K562 nucleoplasmic fraction	3	RNU2-2P	U2	0
ENCFF741YWA	ENCSR000CRA	Homo sapiens K562 nucleoplasmic fraction	3	RNU7-1	U7	0
ENCFF741YWA	ENCSR000CRA	Homo sapiens K562 nucleoplasmic fraction	3	RNU4-2	U4	15113
ENCFF741YWA	ENCSR000CRA	Homo sapiens K562 nucleoplasmic fraction	3	RNU4-1	U4	5502
ENCFF741YWA	ENCSR000CRA	Homo sapiens K562 nucleoplasmic fraction	3	RPPH1		0
ENCFF741YWA	ENCSR000CRA	Homo sapiens K562 nucleoplasmic fraction	3	RNU6-7	U6	0
ENCFF741YWA	ENCSR000CRA	Homo sapiens K562 nucleoplasmic fraction	3	RNU6-8	U6	0
ENCFF741YWA	ENCSR000CRA	Homo sapiens K562 nucleoplasmic fraction	3	RN7SL1		0
ENCFF741YWA	ENCSR000CRA	Homo sapiens K562 nucleoplasmic fraction	3	RN7SL2		0
ENCFF741YWA	ENCSR000CRA	Homo sapiens K562 nucleoplasmic fraction	3	RNU5A-1	U5	4079
ENCFF741YWA	ENCSR000CRA	Homo sapiens K562 nucleoplasmic fraction	3	RNU5B-1	U5	9418
ENCFF741YWA	ENCSR000CRA	Homo sapiens K562 nucleoplasmic fraction	3	RNU6-1	U6	1
ENCFF741YWA	ENCSR000CRA	Homo sapiens K562 nucleoplasmic fraction	3	RNU2-1	U2	0
ENCFF741YWA	ENCSR000CRA	Homo sapiens K562 nucleoplasmic fraction	3	RNU6-9	U6	12
ENCFF741YWA	ENCSR000CRA	Homo sapiens K562 nucleoplasmic fraction	3	RNU6-2	U6	17
ENCFF741YWA	ENCSR000CRA	Homo sapiens K562 nucleoplasmic fraction	3	RNU12	U12	0
ENCFF860FNR	ENCSR000CRA	Homo sapiens K562 nucleoplasmic fraction	4	RNU5E-1	U5	4642
ENCFF860FNR	ENCSR000CRA	Homo sapiens K562 nucleoplasmic fraction	4	RNU1-1	U1	0
ENCFF860FNR	ENCSR000CRA	Homo sapiens K562 nucleoplasmic fraction	4	RNU1-3	U1	0
ENCFF860FNR	ENCSR000CRA	Homo sapiens K562 nucleoplasmic fraction	4	RNU1-4	U1	0
ENCFF860FNR	ENCSR000CRA	Homo sapiens K562 nucleoplasmic fraction	4	RNU1-2	U1	0
ENCFF860FNR	ENCSR000CRA	Homo sapiens K562 nucleoplasmic fraction	4	RNU11	U11	0
ENCFF860FNR	ENCSR000CRA	Homo sapiens K562 nucleoplasmic fraction	4	RNU5F-1	U5	3759
ENCFF860FNR	ENCSR000CRA	Homo sapiens K562 nucleoplasmic fraction	4	RNU5D-1	U5	732
ENCFF860FNR	ENCSR000CRA	Homo sapiens K562 nucleoplasmic fraction	4	RNU4ATAC	U4atac	443
ENCFF860FNR	ENCSR000CRA	Homo sapiens K562 nucleoplasmic fraction	4	RMRP		0
ENCFF860FNR	ENCSR000CRA	Homo sapiens K562 nucleoplasmic fraction	4	RNU6ATAC	U6atac	234
ENCFF860FNR	ENCSR000CRA	Homo sapiens K562 nucleoplasmic fraction	4	RNU2-2P	U2	0
ENCFF860FNR	ENCSR000CRA	Homo sapiens K562 nucleoplasmic fraction	4	RNU7-1	U7	0
ENCFF860FNR	ENCSR000CRA	Homo sapiens K562 nucleoplasmic fraction	4	RNU4-2	U4	6991
ENCFF860FNR	ENCSR000CRA	Homo sapiens K562 nucleoplasmic fraction	4	RNU4-1	U4	2602
ENCFF860FNR	ENCSR000CRA	Homo sapiens K562 nucleoplasmic fraction	4	RPPH1		0
ENCFF860FNR	ENCSR000CRA	Homo sapiens K562 nucleoplasmic fraction	4	RNU6-7	U6	0
ENCFF860FNR	ENCSR000CRA	Homo sapiens K562 nucleoplasmic fraction	4	RNU6-8	U6	1
ENCFF860FNR	ENCSR000CRA	Homo sapiens K562 nucleoplasmic fraction	4	RN7SL1		0
ENCFF860FNR	ENCSR000CRA	Homo sapiens K562 nucleoplasmic fraction	4	RN7SL2		0
ENCFF860FNR	ENCSR000CRA	Homo sapiens K562 nucleoplasmic fraction	4	RNU5A-1	U5	1749
ENCFF860FNR	ENCSR000CRA	Homo sapiens K562 nucleoplasmic fraction	4	RNU5B-1	U5	5408
ENCFF860FNR	ENCSR000CRA	Homo sapiens K562 nucleoplasmic fraction	4	RNU6-1	U6	6
ENCFF860FNR	ENCSR000CRA	Homo sapiens K562 nucleoplasmic fraction	4	RNU2-1	U2	0
ENCFF860FNR	ENCSR000CRA	Homo sapiens K562 nucleoplasmic fraction	4	RNU6-9	U6	2
ENCFF860FNR	ENCSR000CRA	Homo sapiens K562 nucleoplasmic fraction	4	RNU6-2	U6	22
ENCFF860FNR	ENCSR000CRA	Homo sapiens K562 nucleoplasmic fraction	4	RNU12	U12	0
ENCFF994WND	ENCSR000CRF	Homo sapiens K562	1	RNU5E-1	U5	37
ENCFF994WND	ENCSR000CRF	Homo sapiens K562	1	RNU1-1	U1	0
ENCFF994WND	ENCSR000CRF	Homo sapiens K562	1	RNU1-3	U1	0
ENCFF994WND	ENCSR000CRF	Homo sapiens K562	1	RNU1-4	U1	0
ENCFF994WND	ENCSR000CRF	Homo sapiens K562	1	RNU1-2	U1	0
ENCFF994WND	ENCSR000CRF	Homo sapiens K562	1	RNU11	U11	0
ENCFF994WND	ENCSR000CRF	Homo sapiens K562	1	RNU5F-1	U5	405
ENCFF994WND	ENCSR000CRF	Homo sapiens K562	1	RNU5D-1	U5	154
ENCFF994WND	ENCSR000CRF	Homo sapiens K562	1	RNU4ATAC	U4atac	178
ENCFF994WND	ENCSR000CRF	Homo sapiens K562	1	RMRP		0
ENCFF994WND	ENCSR000CRF	Homo sapiens K562	1	RNU6ATAC	U6atac	7
ENCFF994WND	ENCSR000CRF	Homo sapiens K562	1	RNU2-2P	U2	0
ENCFF994WND	ENCSR000CRF	Homo sapiens K562	1	RNU7-1	U7	0
ENCFF994WND	ENCSR000CRF	Homo sapiens K562	1	RNU4-2	U4	129
ENCFF994WND	ENCSR000CRF	Homo sapiens K562	1	RNU4-1	U4	3
ENCFF994WND	ENCSR000CRF	Homo sapiens K562	1	RPPH1		0
ENCFF994WND	ENCSR000CRF	Homo sapiens K562	1	RNU6-7	U6	0
ENCFF994WND	ENCSR000CRF	Homo sapiens K562	1	RNU6-8	U6	0
ENCFF994WND	ENCSR000CRF	Homo sapiens K562	1	RN7SL1		0
ENCFF994WND	ENCSR000CRF	Homo sapiens K562	1	RN7SL2		0
ENCFF994WND	ENCSR000CRF	Homo sapiens K562	1	RNU5A-1	U5	31
ENCFF994WND	ENCSR000CRF	Homo sapiens K562	1	RNU5B-1	U5	13
ENCFF994WND	ENCSR000CRF	Homo sapiens K562	1	RNU6-1	U6	0
ENCFF994WND	ENCSR000CRF	Homo sapiens K562	1	RNU2-1	U2	0
ENCFF994WND	ENCSR000CRF	Homo sapiens K562	1	RNU6-9	U6	7
ENCFF994WND	ENCSR000CRF	Homo sapiens K562	1	RNU6-2	U6	4
ENCFF994WND	ENCSR000CRF	Homo sapiens K562	1	RNU12	U12	0
ENCFF621EWA	ENCSR000CRF	Homo sapiens K562	2	RNU5E-1	U5	60
ENCFF621EWA	ENCSR000CRF	Homo sapiens K562	2	RNU1-1	U1	0
ENCFF621EWA	ENCSR000CRF	Homo sapiens K562	2	RNU1-3	U1	0
ENCFF621EWA	ENCSR000CRF	Homo sapiens K562	2	RNU1-4	U1	0
ENCFF621EWA	ENCSR000CRF	Homo sapiens K562	2	RNU1-2	U1	0
ENCFF621EWA	ENCSR000CRF	Homo sapiens K562	2	RNU11	U11	0
ENCFF621EWA	ENCSR000CRF	Homo sapiens K562	2	RNU5F-1	U5	449
ENCFF621EWA	ENCSR000CRF	Homo sapiens K562	2	RNU5D-1	U5	84
ENCFF621EWA	ENCSR000CRF	Homo sapiens K562	2	RNU4ATAC	U4atac	189
ENCFF621EWA	ENCSR000CRF	Homo sapiens K562	2	RMRP		0
ENCFF621EWA	ENCSR000CRF	Homo sapiens K562	2	RNU6ATAC	U6atac	2
ENCFF621EWA	ENCSR000CRF	Homo sapiens K562	2	RNU2-2P	U2	0
ENCFF621EWA	ENCSR000CRF	Homo sapiens K562	2	RNU7-1	U7	0
ENCFF621EWA	ENCSR000CRF	Homo sapiens K562	2	RNU4-2	U4	310
ENCFF621EWA	ENCSR000CRF	Homo sapiens K562	2	RNU4-1	U4	13
ENCFF621EWA	ENCSR000CRF	Homo sapiens K562	2	RPPH1		0
ENCFF621EWA	ENCSR000CRF	Homo sapiens K562	2	RNU6-7	U6	0
ENCFF621EWA	ENCSR000CRF	Homo sapiens K562	2	RNU6-8	U6	0
ENCFF621EWA	ENCSR000CRF	Homo sapiens K562	2	RN7SL1		0
ENCFF621EWA	ENCSR000CRF	Homo sapiens K562	2	RN7SL2		0
ENCFF621EWA	ENCSR000CRF	Homo sapiens K562	2	RNU5A-1	U5	74
ENCFF621EWA	ENCSR000CRF	Homo sapiens K562	2	RNU5B-1	U5	19
ENCFF621EWA	ENCSR000CRF	Homo sapiens K562	2	RNU6-1	U6	0
ENCFF621EWA	ENCSR000CRF	Homo sapiens K562	2	RNU2-1	U2	0
ENCFF621EWA	ENCSR000CRF	Homo sapiens K562	2	RNU6-9	U6	15
ENCFF621EWA	ENCSR000CRF	Homo sapiens K562	2	RNU6-2	U6	6
ENCFF621EWA	ENCSR000CRF	Homo sapiens K562	2	RNU12	U12	0
ENCFF769FVO	ENCSR000CRE	Homo sapiens GM12878	1	RNU5E-1	U5	187
ENCFF769FVO	ENCSR000CRE	Homo sapiens GM12878	1	RNU1-1	U1	0
ENCFF769FVO	ENCSR000CRE	Homo sapiens GM12878	1	RNU1-3	U1	0
ENCFF769FVO	ENCSR000CRE	Homo sapiens GM12878	1	RNU1-4	U1	0
ENCFF769FVO	ENCSR000CRE	Homo sapiens GM12878	1	RNU1-2	U1	0
ENCFF769FVO	ENCSR000CRE	Homo sapiens GM12878	1	RNU11	U11	0
ENCFF769FVO	ENCSR000CRE	Homo sapiens GM12878	1	RNU5F-1	U5	873
ENCFF769FVO	ENCSR000CRE	Homo sapiens GM12878	1	RNU5D-1	U5	189
ENCFF769FVO	ENCSR000CRE	Homo sapiens GM12878	1	RNU4ATAC	U4atac	445
ENCFF769FVO	ENCSR000CRE	Homo sapiens GM12878	1	RMRP		0
ENCFF769FVO	ENCSR000CRE	Homo sapiens GM12878	1	RNU6ATAC	U6atac	15
ENCFF769FVO	ENCSR000CRE	Homo sapiens GM12878	1	RNU2-2P	U2	0
ENCFF769FVO	ENCSR000CRE	Homo sapiens GM12878	1	RNU7-1	U7	0
ENCFF769FVO	ENCSR000CRE	Homo sapiens GM12878	1	RNU4-2	U4	403
ENCFF769FVO	ENCSR000CRE	Homo sapiens GM12878	1	RNU4-1	U4	28
ENCFF769FVO	ENCSR000CRE	Homo sapiens GM12878	1	RPPH1		0
ENCFF769FVO	ENCSR000CRE	Homo sapiens GM12878	1	RNU6-7	U6	0
ENCFF769FVO	ENCSR000CRE	Homo sapiens GM12878	1	RNU6-8	U6	2
ENCFF769FVO	ENCSR000CRE	Homo sapiens GM12878	1	RN7SL1		0
ENCFF769FVO	ENCSR000CRE	Homo sapiens GM12878	1	RN7SL2		0
ENCFF769FVO	ENCSR000CRE	Homo sapiens GM12878	1	RNU5A-1	U5	280
ENCFF769FVO	ENCSR000CRE	Homo sapiens GM12878	1	RNU5B-1	U5	96
ENCFF769FVO	ENCSR000CRE	Homo sapiens GM12878	1	RNU6-1	U6	8
ENCFF769FVO	ENCSR000CRE	Homo sapiens GM12878	1	RNU2-1	U2	0
ENCFF769FVO	ENCSR000CRE	Homo sapiens GM12878	1	RNU6-9	U6	4
ENCFF769FVO	ENCSR000CRE	Homo sapiens GM12878	1	RNU6-2	U6	9
ENCFF769FVO	ENCSR000CRE	Homo sapiens GM12878	1	RNU12	U12	0
ENCFF761HOR	ENCSR000CRE	Homo sapiens GM12878	2	RNU5E-1	U5	226
ENCFF761HOR	ENCSR000CRE	Homo sapiens GM12878	2	RNU1-1	U1	0
ENCFF761HOR	ENCSR000CRE	Homo sapiens GM12878	2	RNU1-3	U1	0
ENCFF761HOR	ENCSR000CRE	Homo sapiens GM12878	2	RNU1-4	U1	0
ENCFF761HOR	ENCSR000CRE	Homo sapiens GM12878	2	RNU1-2	U1	0
ENCFF761HOR	ENCSR000CRE	Homo sapiens GM12878	2	RNU11	U11	0
ENCFF761HOR	ENCSR000CRE	Homo sapiens GM12878	2	RNU5F-1	U5	1177
ENCFF761HOR	ENCSR000CRE	Homo sapiens GM12878	2	RNU5D-1	U5	237
ENCFF761HOR	ENCSR000CRE	Homo sapiens GM12878	2	RNU4ATAC	U4atac	331
ENCFF761HOR	ENCSR000CRE	Homo sapiens GM12878	2	RMRP		0
ENCFF761HOR	ENCSR000CRE	Homo sapiens GM12878	2	RNU6ATAC	U6atac	30
ENCFF761HOR	ENCSR000CRE	Homo sapiens GM12878	2	RNU2-2P	U2	0
ENCFF761HOR	ENCSR000CRE	Homo sapiens GM12878	2	RNU7-1	U7	0
ENCFF761HOR	ENCSR000CRE	Homo sapiens GM12878	2	RNU4-2	U4	711
ENCFF761HOR	ENCSR000CRE	Homo sapiens GM12878	2	RNU4-1	U4	39
ENCFF761HOR	ENCSR000CRE	Homo sapiens GM12878	2	RPPH1		0
ENCFF761HOR	ENCSR000CRE	Homo sapiens GM12878	2	RNU6-7	U6	0
ENCFF761HOR	ENCSR000CRE	Homo sapiens GM12878	2	RNU6-8	U6	3
ENCFF761HOR	ENCSR000CRE	Homo sapiens GM12878	2	RN7SL1		0
ENCFF761HOR	ENCSR000CRE	Homo sapiens GM12878	2	RN7SL2		0
ENCFF761HOR	ENCSR000CRE	Homo sapiens GM12878	2	RNU5A-1	U5	390
ENCFF761HOR	ENCSR000CRE	Homo sapiens GM12878	2	RNU5B-1	U5	127
ENCFF761HOR	ENCSR000CRE	Homo sapiens GM12878	2	RNU6-1	U6	2
ENCFF761HOR	ENCSR000CRE	Homo sapiens GM12878	2	RNU2-1	U2	0
ENCFF761HOR	ENCSR000CRE	Homo sapiens GM12878	2	RNU6-9	U6	12
ENCFF761HOR	ENCSR000CRE	Homo sapiens GM12878	2	RNU6-2	U6	11
ENCFF761HOR	ENCSR000CRE	Homo sapiens GM12878	2	RNU12	U12	0
ENCFF109QJF	ENCSR000CRH	Homo sapiens endothelial cell of umbilical vein nuclear fraction newborn	3	RNU5E-1	U5	230
ENCFF109QJF	ENCSR000CRH	Homo sapiens endothelial cell of umbilical vein nuclear fraction newborn	3	RNU1-1	U1	0
ENCFF109QJF	ENCSR000CRH	Homo sapiens endothelial cell of umbilical vein nuclear fraction newborn	3	RNU1-3	U1	0
ENCFF109QJF	ENCSR000CRH	Homo sapiens endothelial cell of umbilical vein nuclear fraction newborn	3	RNU1-4	U1	0
ENCFF109QJF	ENCSR000CRH	Homo sapiens endothelial cell of umbilical vein nuclear fraction newborn	3	RNU1-2	U1	0
ENCFF109QJF	ENCSR000CRH	Homo sapiens endothelial cell of umbilical vein nuclear fraction newborn	3	RNU11	U11	0
ENCFF109QJF	ENCSR000CRH	Homo sapiens endothelial cell of umbilical vein nuclear fraction newborn	3	RNU5F-1	U5	90
ENCFF109QJF	ENCSR000CRH	Homo sapiens endothelial cell of umbilical vein nuclear fraction newborn	3	RNU5D-1	U5	435
ENCFF109QJF	ENCSR000CRH	Homo sapiens endothelial cell of umbilical vein nuclear fraction newborn	3	RNU4ATAC	U4atac	579
ENCFF109QJF	ENCSR000CRH	Homo sapiens endothelial cell of umbilical vein nuclear fraction newborn	3	RMRP		0
ENCFF109QJF	ENCSR000CRH	Homo sapiens endothelial cell of umbilical vein nuclear fraction newborn	3	RNU6ATAC	U6atac	10
ENCFF109QJF	ENCSR000CRH	Homo sapiens endothelial cell of umbilical vein nuclear fraction newborn	3	RNU2-2P	U2	0
ENCFF109QJF	ENCSR000CRH	Homo sapiens endothelial cell of umbilical vein nuclear fraction newborn	3	RNU7-1	U7	0
ENCFF109QJF	ENCSR000CRH	Homo sapiens endothelial cell of umbilical vein nuclear fraction newborn	3	RNU4-2	U4	525
ENCFF109QJF	ENCSR000CRH	Homo sapiens endothelial cell of umbilical vein nuclear fraction newborn	3	RNU4-1	U4	38
ENCFF109QJF	ENCSR000CRH	Homo sapiens endothelial cell of umbilical vein nuclear fraction newborn	3	RPPH1		0
ENCFF109QJF	ENCSR000CRH	Homo sapiens endothelial cell of umbilical vein nuclear fraction newborn	3	RNU6-7	U6	4
ENCFF109QJF	ENCSR000CRH	Homo sapiens endothelial cell of umbilical vein nuclear fraction newborn	3	RNU6-8	U6	2
ENCFF109QJF	ENCSR000CRH	Homo sapiens endothelial cell of umbilical vein nuclear fraction newborn	3	RN7SL1		0
ENCFF109QJF	ENCSR000CRH	Homo sapiens endothelial cell of umbilical vein nuclear fraction newborn	3	RN7SL2		0
ENCFF109QJF	ENCSR000CRH	Homo sapiens endothelial cell of umbilical vein nuclear fraction newborn	3	RNU5A-1	U5	897
ENCFF109QJF	ENCSR000CRH	Homo sapiens endothelial cell of umbilical vein nuclear fraction newborn	3	RNU5B-1	U5	95
ENCFF109QJF	ENCSR000CRH	Homo sapiens endothelial cell of umbilical vein nuclear fraction newborn	3	RNU6-1	U6	4
ENCFF109QJF	ENCSR000CRH	Homo sapiens endothelial cell of umbilical vein nuclear fraction newborn	3	RNU2-1	U2	0
ENCFF109QJF	ENCSR000CRH	Homo sapiens endothelial cell of umbilical vein nuclear fraction newborn	3	RNU6-9	U6	5
ENCFF109QJF	ENCSR000CRH	Homo sapiens endothelial cell of umbilical vein nuclear fraction newborn	3	RNU6-2	U6	23
ENCFF109QJF	ENCSR000CRH	Homo sapiens endothelial cell of umbilical vein nuclear fraction newborn	3	RNU12	U12	0
ENCFF984UDA	ENCSR000CRH	Homo sapiens endothelial cell of umbilical vein nuclear fraction newborn	4	RNU5E-1	U5	531
ENCFF984UDA	ENCSR000CRH	Homo sapiens endothelial cell of umbilical vein nuclear fraction newborn	4	RNU1-1	U1	0
ENCFF984UDA	ENCSR000CRH	Homo sapiens endothelial cell of umbilical vein nuclear fraction newborn	4	RNU1-3	U1	0
ENCFF984UDA	ENCSR000CRH	Homo sapiens endothelial cell of umbilical vein nuclear fraction newborn	4	RNU1-4	U1	0
ENCFF984UDA	ENCSR000CRH	Homo sapiens endothelial cell of umbilical vein nuclear fraction newborn	4	RNU1-2	U1	0
ENCFF984UDA	ENCSR000CRH	Homo sapiens endothelial cell of umbilical vein nuclear fraction newborn	4	RNU11	U11	0
ENCFF984UDA	ENCSR000CRH	Homo sapiens endothelial cell of umbilical vein nuclear fraction newborn	4	RNU5F-1	U5	69
ENCFF984UDA	ENCSR000CRH	Homo sapiens endothelial cell of umbilical vein nuclear fraction newborn	4	RNU5D-1	U5	474
ENCFF984UDA	ENCSR000CRH	Homo sapiens endothelial cell of umbilical vein nuclear fraction newborn	4	RNU4ATAC	U4atac	1096
ENCFF984UDA	ENCSR000CRH	Homo sapiens endothelial cell of umbilical vein nuclear fraction newborn	4	RMRP		0
ENCFF984UDA	ENCSR000CRH	Homo sapiens endothelial cell of umbilical vein nuclear fraction newborn	4	RNU6ATAC	U6atac	8
ENCFF984UDA	ENCSR000CRH	Homo sapiens endothelial cell of umbilical vein nuclear fraction newborn	4	RNU2-2P	U2	0
ENCFF984UDA	ENCSR000CRH	Homo sapiens endothelial cell of umbilical vein nuclear fraction newborn	4	RNU7-1	U7	0
ENCFF984UDA	ENCSR000CRH	Homo sapiens endothelial cell of umbilical vein nuclear fraction newborn	4	RNU4-2	U4	470
ENCFF984UDA	ENCSR000CRH	Homo sapiens endothelial cell of umbilical vein nuclear fraction newborn	4	RNU4-1	U4	135
ENCFF984UDA	ENCSR000CRH	Homo sapiens endothelial cell of umbilical vein nuclear fraction newborn	4	RPPH1		0
ENCFF984UDA	ENCSR000CRH	Homo sapiens endothelial cell of umbilical vein nuclear fraction newborn	4	RNU6-7	U6	5
ENCFF984UDA	ENCSR000CRH	Homo sapiens endothelial cell of umbilical vein nuclear fraction newborn	4	RNU6-8	U6	0
ENCFF984UDA	ENCSR000CRH	Homo sapiens endothelial cell of umbilical vein nuclear fraction newborn	4	RN7SL1		0
ENCFF984UDA	ENCSR000CRH	Homo sapiens endothelial cell of umbilical vein nuclear fraction newborn	4	RN7SL2		0
ENCFF984UDA	ENCSR000CRH	Homo sapiens endothelial cell of umbilical vein nuclear fraction newborn	4	RNU5A-1	U5	864
ENCFF984UDA	ENCSR000CRH	Homo sapiens endothelial cell of umbilical vein nuclear fraction newborn	4	RNU5B-1	U5	187
ENCFF984UDA	ENCSR000CRH	Homo sapiens endothelial cell of umbilical vein nuclear fraction newborn	4	RNU6-1	U6	5
ENCFF984UDA	ENCSR000CRH	Homo sapiens endothelial cell of umbilical vein nuclear fraction newborn	4	RNU2-1	U2	0
ENCFF984UDA	ENCSR000CRH	Homo sapiens endothelial cell of umbilical vein nuclear fraction newborn	4	RNU6-9	U6	8
ENCFF984UDA	ENCSR000CRH	Homo sapiens endothelial cell of umbilical vein nuclear fraction newborn	4	RNU6-2	U6	4
ENCFF984UDA	ENCSR000CRH	Homo sapiens endothelial cell of umbilical vein nuclear fraction newborn	4	RNU12	U12	0
ENCFF462LUE	ENCSR000CRI	Homo sapiens AG04450	1	RNU5E-1	U5	848
ENCFF462LUE	ENCSR000CRI	Homo sapiens AG04450	1	RNU1-1	U1	0
ENCFF462LUE	ENCSR000CRI	Homo sapiens AG04450	1	RNU1-3	U1	0
ENCFF462LUE	ENCSR000CRI	Homo sapiens AG04450	1	RNU1-4	U1	0
ENCFF462LUE	ENCSR000CRI	Homo sapiens AG04450	1	RNU1-2	U1	0
ENCFF462LUE	ENCSR000CRI	Homo sapiens AG04450	1	RNU11	U11	0
ENCFF462LUE	ENCSR000CRI	Homo sapiens AG04450	1	RNU5F-1	U5	17
ENCFF462LUE	ENCSR000CRI	Homo sapiens AG04450	1	RNU5D-1	U5	173
ENCFF462LUE	ENCSR000CRI	Homo sapiens AG04450	1	RNU4ATAC	U4atac	170
ENCFF462LUE	ENCSR000CRI	Homo sapiens AG04450	1	RMRP		0
ENCFF462LUE	ENCSR000CRI	Homo sapiens AG04450	1	RNU6ATAC	U6atac	20
ENCFF462LUE	ENCSR000CRI	Homo sapiens AG04450	1	RNU2-2P	U2	0
ENCFF462LUE	ENCSR000CRI	Homo sapiens AG04450	1	RNU7-1	U7	0
ENCFF462LUE	ENCSR000CRI	Homo sapiens AG04450	1	RNU4-2	U4	1579
ENCFF462LUE	ENCSR000CRI	Homo sapiens AG04450	1	RNU4-1	U4	34
ENCFF462LUE	ENCSR000CRI	Homo sapiens AG04450	1	RPPH1		0
ENCFF462LUE	ENCSR000CRI	Homo sapiens AG04450	1	RNU6-7	U6	0
ENCFF462LUE	ENCSR000CRI	Homo sapiens AG04450	1	RNU6-8	U6	0
ENCFF462LUE	ENCSR000CRI	Homo sapiens AG04450	1	RN7SL1		0
ENCFF462LUE	ENCSR000CRI	Homo sapiens AG04450	1	RN7SL2		0
ENCFF462LUE	ENCSR000CRI	Homo sapiens AG04450	1	RNU5A-1	U5	520
ENCFF462LUE	ENCSR000CRI	Homo sapiens AG04450	1	RNU5B-1	U5	96
ENCFF462LUE	ENCSR000CRI	Homo sapiens AG04450	1	RNU6-1	U6	1
ENCFF462LUE	ENCSR000CRI	Homo sapiens AG04450	1	RNU2-1	U2	0
ENCFF462LUE	ENCSR000CRI	Homo sapiens AG04450	1	RNU6-9	U6	5
ENCFF462LUE	ENCSR000CRI	Homo sapiens AG04450	1	RNU6-2	U6	21
ENCFF462LUE	ENCSR000CRI	Homo sapiens AG04450	1	RNU12	U12	0
ENCFF682OVE	ENCSR000CRI	Homo sapiens AG04450	2	RNU5E-1	U5	932
ENCFF682OVE	ENCSR000CRI	Homo sapiens AG04450	2	RNU1-1	U1	0
ENCFF682OVE	ENCSR000CRI	Homo sapiens AG04450	2	RNU1-3	U1	0
ENCFF682OVE	ENCSR000CRI	Homo sapiens AG04450	2	RNU1-4	U1	0
ENCFF682OVE	ENCSR000CRI	Homo sapiens AG04450	2	RNU1-2	U1	0
ENCFF682OVE	ENCSR000CRI	Homo sapiens AG04450	2	RNU11	U11	0
ENCFF682OVE	ENCSR000CRI	Homo sapiens AG04450	2	RNU5F-1	U5	42
ENCFF682OVE	ENCSR000CRI	Homo sapiens AG04450	2	RNU5D-1	U5	129
ENCFF682OVE	ENCSR000CRI	Homo sapiens AG04450	2	RNU4ATAC	U4atac	205
ENCFF682OVE	ENCSR000CRI	Homo sapiens AG04450	2	RMRP		0
ENCFF682OVE	ENCSR000CRI	Homo sapiens AG04450	2	RNU6ATAC	U6atac	24
ENCFF682OVE	ENCSR000CRI	Homo sapiens AG04450	2	RNU2-2P	U2	0
ENCFF682OVE	ENCSR000CRI	Homo sapiens AG04450	2	RNU7-1	U7	0
ENCFF682OVE	ENCSR000CRI	Homo sapiens AG04450	2	RNU4-2	U4	1459
ENCFF682OVE	ENCSR000CRI	Homo sapiens AG04450	2	RNU4-1	U4	20
ENCFF682OVE	ENCSR000CRI	Homo sapiens AG04450	2	RPPH1		0
ENCFF682OVE	ENCSR000CRI	Homo sapiens AG04450	2	RNU6-7	U6	1
ENCFF682OVE	ENCSR000CRI	Homo sapiens AG04450	2	RNU6-8	U6	1
ENCFF682OVE	ENCSR000CRI	Homo sapiens AG04450	2	RN7SL1		0
ENCFF682OVE	ENCSR000CRI	Homo sapiens AG04450	2	RN7SL2		0
ENCFF682OVE	ENCSR000CRI	Homo sapiens AG04450	2	RNU5A-1	U5	378
ENCFF682OVE	ENCSR000CRI	Homo sapiens AG04450	2	RNU5B-1	U5	128
ENCFF682OVE	ENCSR000CRI	Homo sapiens AG04450	2	RNU6-1	U6	3
ENCFF682OVE	ENCSR000CRI	Homo sapiens AG04450	2	RNU2-1	U2	0
ENCFF682OVE	ENCSR000CRI	Homo sapiens AG04450	2	RNU6-9	U6	11
ENCFF682OVE	ENCSR000CRI	Homo sapiens AG04450	2	RNU6-2	U6	19
ENCFF682OVE	ENCSR000CRI	Homo sapiens AG04450	2	RNU12	U12	0
ENCFF136JVE	ENCSR000CRB	Homo sapiens K562 nuclear fraction	1	RNU5E-1	U5	4526
ENCFF136JVE	ENCSR000CRB	Homo sapiens K562 nuclear fraction	1	RNU1-1	U1	0
ENCFF136JVE	ENCSR000CRB	Homo sapiens K562 nuclear fraction	1	RNU1-3	U1	0
ENCFF136JVE	ENCSR000CRB	Homo sapiens K562 nuclear fraction	1	RNU1-4	U1	0
ENCFF136JVE	ENCSR000CRB	Homo sapiens K562 nuclear fraction	1	RNU1-2	U1	0
ENCFF136JVE	ENCSR000CRB	Homo sapiens K562 nuclear fraction	1	RNU11	U11	0
ENCFF136JVE	ENCSR000CRB	Homo sapiens K562 nuclear fraction	1	RNU5F-1	U5	4620
ENCFF136JVE	ENCSR000CRB	Homo sapiens K562 nuclear fraction	1	RNU5D-1	U5	1693
ENCFF136JVE	ENCSR000CRB	Homo sapiens K562 nuclear fraction	1	RNU4ATAC	U4atac	257
ENCFF136JVE	ENCSR000CRB	Homo sapiens K562 nuclear fraction	1	RMRP		0
ENCFF136JVE	ENCSR000CRB	Homo sapiens K562 nuclear fraction	1	RNU6ATAC	U6atac	72
ENCFF136JVE	ENCSR000CRB	Homo sapiens K562 nuclear fraction	1	RNU2-2P	U2	0
ENCFF136JVE	ENCSR000CRB	Homo sapiens K562 nuclear fraction	1	RNU7-1	U7	0
ENCFF136JVE	ENCSR000CRB	Homo sapiens K562 nuclear fraction	1	RNU4-2	U4	1226
ENCFF136JVE	ENCSR000CRB	Homo sapiens K562 nuclear fraction	1	RNU4-1	U4	167
ENCFF136JVE	ENCSR000CRB	Homo sapiens K562 nuclear fraction	1	RPPH1		0
ENCFF136JVE	ENCSR000CRB	Homo sapiens K562 nuclear fraction	1	RNU6-7	U6	0
ENCFF136JVE	ENCSR000CRB	Homo sapiens K562 nuclear fraction	1	RNU6-8	U6	0
ENCFF136JVE	ENCSR000CRB	Homo sapiens K562 nuclear fraction	1	RN7SL1		0
ENCFF136JVE	ENCSR000CRB	Homo sapiens K562 nuclear fraction	1	RN7SL2		0
ENCFF136JVE	ENCSR000CRB	Homo sapiens K562 nuclear fraction	1	RNU5A-1	U5	3413
ENCFF136JVE	ENCSR000CRB	Homo sapiens K562 nuclear fraction	1	RNU5B-1	U5	1501
ENCFF136JVE	ENCSR000CRB	Homo sapiens K562 nuclear fraction	1	RNU6-1	U6	0
ENCFF136JVE	ENCSR000CRB	Homo sapiens K562 nuclear fraction	1	RNU2-1	U2	0
ENCFF136JVE	ENCSR000CRB	Homo sapiens K562 nuclear fraction	1	RNU6-9	U6	27
ENCFF136JVE	ENCSR000CRB	Homo sapiens K562 nuclear fraction	1	RNU6-2	U6	4
ENCFF136JVE	ENCSR000CRB	Homo sapiens K562 nuclear fraction	1	RNU12	U12	0
ENCFF807QJH	ENCSR000CRB	Homo sapiens K562 nuclear fraction	2	RNU5E-1	U5	1896
ENCFF807QJH	ENCSR000CRB	Homo sapiens K562 nuclear fraction	2	RNU1-1	U1	0
ENCFF807QJH	ENCSR000CRB	Homo sapiens K562 nuclear fraction	2	RNU1-3	U1	0
ENCFF807QJH	ENCSR000CRB	Homo sapiens K562 nuclear fraction	2	RNU1-4	U1	0
ENCFF807QJH	ENCSR000CRB	Homo sapiens K562 nuclear fraction	2	RNU1-2	U1	0
ENCFF807QJH	ENCSR000CRB	Homo sapiens K562 nuclear fraction	2	RNU11	U11	0
ENCFF807QJH	ENCSR000CRB	Homo sapiens K562 nuclear fraction	2	RNU5F-1	U5	2615
ENCFF807QJH	ENCSR000CRB	Homo sapiens K562 nuclear fraction	2	RNU5D-1	U5	1294
ENCFF807QJH	ENCSR000CRB	Homo sapiens K562 nuclear fraction	2	RNU4ATAC	U4atac	201
ENCFF807QJH	ENCSR000CRB	Homo sapiens K562 nuclear fraction	2	RMRP		0
ENCFF807QJH	ENCSR000CRB	Homo sapiens K562 nuclear fraction	2	RNU6ATAC	U6atac	72
ENCFF807QJH	ENCSR000CRB	Homo sapiens K562 nuclear fraction	2	RNU2-2P	U2	0
ENCFF807QJH	ENCSR000CRB	Homo sapiens K562 nuclear fraction	2	RNU7-1	U7	0
ENCFF807QJH	ENCSR000CRB	Homo sapiens K562 nuclear fraction	2	RNU4-2	U4	592
ENCFF807QJH	ENCSR000CRB	Homo sapiens K562 nuclear fraction	2	RNU4-1	U4	211
ENCFF807QJH	ENCSR000CRB	Homo sapiens K562 nuclear fraction	2	RPPH1		0
ENCFF807QJH	ENCSR000CRB	Homo sapiens K562 nuclear fraction	2	RNU6-7	U6	0
ENCFF807QJH	ENCSR000CRB	Homo sapiens K562 nuclear fraction	2	RNU6-8	U6	0
ENCFF807QJH	ENCSR000CRB	Homo sapiens K562 nuclear fraction	2	RN7SL1		0
ENCFF807QJH	ENCSR000CRB	Homo sapiens K562 nuclear fraction	2	RN7SL2		0
ENCFF807QJH	ENCSR000CRB	Homo sapiens K562 nuclear fraction	2	RNU5A-1	U5	1615
ENCFF807QJH	ENCSR000CRB	Homo sapiens K562 nuclear fraction	2	RNU5B-1	U5	943
ENCFF807QJH	ENCSR000CRB	Homo sapiens K562 nuclear fraction	2	RNU6-1	U6	0
ENCFF807QJH	ENCSR000CRB	Homo sapiens K562 nuclear fraction	2	RNU2-1	U2	0
ENCFF807QJH	ENCSR000CRB	Homo sapiens K562 nuclear fraction	2	RNU6-9	U6	23
ENCFF807QJH	ENCSR000CRB	Homo sapiens K562 nuclear fraction	2	RNU6-2	U6	3
ENCFF807QJH	ENCSR000CRB	Homo sapiens K562 nuclear fraction	2	RNU12	U12	0
ENCFF849YVF	ENCSR000CRV	Homo sapiens SK-N-SH treated with 6 μM all-trans-retinoic acid for 48 hours	1	RNU5E-1	U5	756
ENCFF849YVF	ENCSR000CRV	Homo sapiens SK-N-SH treated with 6 μM all-trans-retinoic acid for 48 hours	1	RNU1-1	U1	0
ENCFF849YVF	ENCSR000CRV	Homo sapiens SK-N-SH treated with 6 μM all-trans-retinoic acid for 48 hours	1	RNU1-3	U1	0
ENCFF849YVF	ENCSR000CRV	Homo sapiens SK-N-SH treated with 6 μM all-trans-retinoic acid for 48 hours	1	RNU1-4	U1	0
ENCFF849YVF	ENCSR000CRV	Homo sapiens SK-N-SH treated with 6 μM all-trans-retinoic acid for 48 hours	1	RNU1-2	U1	0
ENCFF849YVF	ENCSR000CRV	Homo sapiens SK-N-SH treated with 6 μM all-trans-retinoic acid for 48 hours	1	RNU11	U11	0
ENCFF849YVF	ENCSR000CRV	Homo sapiens SK-N-SH treated with 6 μM all-trans-retinoic acid for 48 hours	1	RNU5F-1	U5	51
ENCFF849YVF	ENCSR000CRV	Homo sapiens SK-N-SH treated with 6 μM all-trans-retinoic acid for 48 hours	1	RNU5D-1	U5	294
ENCFF849YVF	ENCSR000CRV	Homo sapiens SK-N-SH treated with 6 μM all-trans-retinoic acid for 48 hours	1	RNU4ATAC	U4atac	240
ENCFF849YVF	ENCSR000CRV	Homo sapiens SK-N-SH treated with 6 μM all-trans-retinoic acid for 48 hours	1	RMRP		0
ENCFF849YVF	ENCSR000CRV	Homo sapiens SK-N-SH treated with 6 μM all-trans-retinoic acid for 48 hours	1	RNU6ATAC	U6atac	29
ENCFF849YVF	ENCSR000CRV	Homo sapiens SK-N-SH treated with 6 μM all-trans-retinoic acid for 48 hours	1	RNU2-2P	U2	0
ENCFF849YVF	ENCSR000CRV	Homo sapiens SK-N-SH treated with 6 μM all-trans-retinoic acid for 48 hours	1	RNU7-1	U7	0
ENCFF849YVF	ENCSR000CRV	Homo sapiens SK-N-SH treated with 6 μM all-trans-retinoic acid for 48 hours	1	RNU4-2	U4	3172
ENCFF849YVF	ENCSR000CRV	Homo sapiens SK-N-SH treated with 6 μM all-trans-retinoic acid for 48 hours	1	RNU4-1	U4	43
ENCFF849YVF	ENCSR000CRV	Homo sapiens SK-N-SH treated with 6 μM all-trans-retinoic acid for 48 hours	1	RPPH1		0
ENCFF849YVF	ENCSR000CRV	Homo sapiens SK-N-SH treated with 6 μM all-trans-retinoic acid for 48 hours	1	RNU6-7	U6	4
ENCFF849YVF	ENCSR000CRV	Homo sapiens SK-N-SH treated with 6 μM all-trans-retinoic acid for 48 hours	1	RNU6-8	U6	2
ENCFF849YVF	ENCSR000CRV	Homo sapiens SK-N-SH treated with 6 μM all-trans-retinoic acid for 48 hours	1	RN7SL1		0
ENCFF849YVF	ENCSR000CRV	Homo sapiens SK-N-SH treated with 6 μM all-trans-retinoic acid for 48 hours	1	RN7SL2		0
ENCFF849YVF	ENCSR000CRV	Homo sapiens SK-N-SH treated with 6 μM all-trans-retinoic acid for 48 hours	1	RNU5A-1	U5	776
ENCFF849YVF	ENCSR000CRV	Homo sapiens SK-N-SH treated with 6 μM all-trans-retinoic acid for 48 hours	1	RNU5B-1	U5	138
ENCFF849YVF	ENCSR000CRV	Homo sapiens SK-N-SH treated with 6 μM all-trans-retinoic acid for 48 hours	1	RNU6-1	U6	13
ENCFF849YVF	ENCSR000CRV	Homo sapiens SK-N-SH treated with 6 μM all-trans-retinoic acid for 48 hours	1	RNU2-1	U2	0
ENCFF849YVF	ENCSR000CRV	Homo sapiens SK-N-SH treated with 6 μM all-trans-retinoic acid for 48 hours	1	RNU6-9	U6	15
ENCFF849YVF	ENCSR000CRV	Homo sapiens SK-N-SH treated with 6 μM all-trans-retinoic acid for 48 hours	1	RNU6-2	U6	6
ENCFF849YVF	ENCSR000CRV	Homo sapiens SK-N-SH treated with 6 μM all-trans-retinoic acid for 48 hours	1	RNU12	U12	0
ENCFF751UON	ENCSR000CRV	Homo sapiens SK-N-SH treated with 6 μM all-trans-retinoic acid for 48 hours	2	RNU5E-1	U5	605
ENCFF751UON	ENCSR000CRV	Homo sapiens SK-N-SH treated with 6 μM all-trans-retinoic acid for 48 hours	2	RNU1-1	U1	0
ENCFF751UON	ENCSR000CRV	Homo sapiens SK-N-SH treated with 6 μM all-trans-retinoic acid for 48 hours	2	RNU1-3	U1	0
ENCFF751UON	ENCSR000CRV	Homo sapiens SK-N-SH treated with 6 μM all-trans-retinoic acid for 48 hours	2	RNU1-4	U1	0
ENCFF751UON	ENCSR000CRV	Homo sapiens SK-N-SH treated with 6 μM all-trans-retinoic acid for 48 hours	2	RNU1-2	U1	0
ENCFF751UON	ENCSR000CRV	Homo sapiens SK-N-SH treated with 6 μM all-trans-retinoic acid for 48 hours	2	RNU11	U11	0
ENCFF751UON	ENCSR000CRV	Homo sapiens SK-N-SH treated with 6 μM all-trans-retinoic acid for 48 hours	2	RNU5F-1	U5	28
ENCFF751UON	ENCSR000CRV	Homo sapiens SK-N-SH treated with 6 μM all-trans-retinoic acid for 48 hours	2	RNU5D-1	U5	179
ENCFF751UON	ENCSR000CRV	Homo sapiens SK-N-SH treated with 6 μM all-trans-retinoic acid for 48 hours	2	RNU4ATAC	U4atac	205
ENCFF751UON	ENCSR000CRV	Homo sapiens SK-N-SH treated with 6 μM all-trans-retinoic acid for 48 hours	2	RMRP		0
ENCFF751UON	ENCSR000CRV	Homo sapiens SK-N-SH treated with 6 μM all-trans-retinoic acid for 48 hours	2	RNU6ATAC	U6atac	21
ENCFF751UON	ENCSR000CRV	Homo sapiens SK-N-SH treated with 6 μM all-trans-retinoic acid for 48 hours	2	RNU2-2P	U2	0
ENCFF751UON	ENCSR000CRV	Homo sapiens SK-N-SH treated with 6 μM all-trans-retinoic acid for 48 hours	2	RNU7-1	U7	0
ENCFF751UON	ENCSR000CRV	Homo sapiens SK-N-SH treated with 6 μM all-trans-retinoic acid for 48 hours	2	RNU4-2	U4	2767
ENCFF751UON	ENCSR000CRV	Homo sapiens SK-N-SH treated with 6 μM all-trans-retinoic acid for 48 hours	2	RNU4-1	U4	43
ENCFF751UON	ENCSR000CRV	Homo sapiens SK-N-SH treated with 6 μM all-trans-retinoic acid for 48 hours	2	RPPH1		0
ENCFF751UON	ENCSR000CRV	Homo sapiens SK-N-SH treated with 6 μM all-trans-retinoic acid for 48 hours	2	RNU6-7	U6	1
ENCFF751UON	ENCSR000CRV	Homo sapiens SK-N-SH treated with 6 μM all-trans-retinoic acid for 48 hours	2	RNU6-8	U6	0
ENCFF751UON	ENCSR000CRV	Homo sapiens SK-N-SH treated with 6 μM all-trans-retinoic acid for 48 hours	2	RN7SL1		0
ENCFF751UON	ENCSR000CRV	Homo sapiens SK-N-SH treated with 6 μM all-trans-retinoic acid for 48 hours	2	RN7SL2		0
ENCFF751UON	ENCSR000CRV	Homo sapiens SK-N-SH treated with 6 μM all-trans-retinoic acid for 48 hours	2	RNU5A-1	U5	421
ENCFF751UON	ENCSR000CRV	Homo sapiens SK-N-SH treated with 6 μM all-trans-retinoic acid for 48 hours	2	RNU5B-1	U5	107
ENCFF751UON	ENCSR000CRV	Homo sapiens SK-N-SH treated with 6 μM all-trans-retinoic acid for 48 hours	2	RNU6-1	U6	6
ENCFF751UON	ENCSR000CRV	Homo sapiens SK-N-SH treated with 6 μM all-trans-retinoic acid for 48 hours	2	RNU2-1	U2	0
ENCFF751UON	ENCSR000CRV	Homo sapiens SK-N-SH treated with 6 μM all-trans-retinoic acid for 48 hours	2	RNU6-9	U6	14
ENCFF751UON	ENCSR000CRV	Homo sapiens SK-N-SH treated with 6 μM all-trans-retinoic acid for 48 hours	2	RNU6-2	U6	10
ENCFF751UON	ENCSR000CRV	Homo sapiens SK-N-SH treated with 6 μM all-trans-retinoic acid for 48 hours	2	RNU12	U12	0
ENCFF901YXB	ENCSR000CST	Homo sapiens IMR-90 nuclear fraction	1	RNU5E-1	U5	11
ENCFF901YXB	ENCSR000CST	Homo sapiens IMR-90 nuclear fraction	1	RNU1-1	U1	0
ENCFF901YXB	ENCSR000CST	Homo sapiens IMR-90 nuclear fraction	1	RNU1-3	U1	0
ENCFF901YXB	ENCSR000CST	Homo sapiens IMR-90 nuclear fraction	1	RNU1-4	U1	0
ENCFF901YXB	ENCSR000CST	Homo sapiens IMR-90 nuclear fraction	1	RNU1-2	U1	0
ENCFF901YXB	ENCSR000CST	Homo sapiens IMR-90 nuclear fraction	1	RNU11	U11	0
ENCFF901YXB	ENCSR000CST	Homo sapiens IMR-90 nuclear fraction	1	RNU5F-1	U5	0
ENCFF901YXB	ENCSR000CST	Homo sapiens IMR-90 nuclear fraction	1	RNU5D-1	U5	0
ENCFF901YXB	ENCSR000CST	Homo sapiens IMR-90 nuclear fraction	1	RNU4ATAC	U4atac	0
ENCFF901YXB	ENCSR000CST	Homo sapiens IMR-90 nuclear fraction	1	RMRP		0
ENCFF901YXB	ENCSR000CST	Homo sapiens IMR-90 nuclear fraction	1	RNU6ATAC	U6atac	0
ENCFF901YXB	ENCSR000CST	Homo sapiens IMR-90 nuclear fraction	1	RNU2-2P	U2	0
ENCFF901YXB	ENCSR000CST	Homo sapiens IMR-90 nuclear fraction	1	RNU7-1	U7	0
ENCFF901YXB	ENCSR000CST	Homo sapiens IMR-90 nuclear fraction	1	RNU4-2	U4	0
ENCFF901YXB	ENCSR000CST	Homo sapiens IMR-90 nuclear fraction	1	RNU4-1	U4	0
ENCFF901YXB	ENCSR000CST	Homo sapiens IMR-90 nuclear fraction	1	RPPH1		0
ENCFF901YXB	ENCSR000CST	Homo sapiens IMR-90 nuclear fraction	1	RNU6-7	U6	0
ENCFF901YXB	ENCSR000CST	Homo sapiens IMR-90 nuclear fraction	1	RNU6-8	U6	0
ENCFF901YXB	ENCSR000CST	Homo sapiens IMR-90 nuclear fraction	1	RN7SL1		0
ENCFF901YXB	ENCSR000CST	Homo sapiens IMR-90 nuclear fraction	1	RN7SL2		0
ENCFF901YXB	ENCSR000CST	Homo sapiens IMR-90 nuclear fraction	1	RNU5A-1	U5	0
ENCFF901YXB	ENCSR000CST	Homo sapiens IMR-90 nuclear fraction	1	RNU5B-1	U5	0
ENCFF901YXB	ENCSR000CST	Homo sapiens IMR-90 nuclear fraction	1	RNU6-1	U6	0
ENCFF901YXB	ENCSR000CST	Homo sapiens IMR-90 nuclear fraction	1	RNU2-1	U2	0
ENCFF901YXB	ENCSR000CST	Homo sapiens IMR-90 nuclear fraction	1	RNU6-9	U6	5
ENCFF901YXB	ENCSR000CST	Homo sapiens IMR-90 nuclear fraction	1	RNU6-2	U6	3
ENCFF901YXB	ENCSR000CST	Homo sapiens IMR-90 nuclear fraction	1	RNU12	U12	0
ENCFF205RGY	ENCSR000CST	Homo sapiens IMR-90 nuclear fraction	2	RNU5E-1	U5	0
ENCFF205RGY	ENCSR000CST	Homo sapiens IMR-90 nuclear fraction	2	RNU1-1	U1	0
ENCFF205RGY	ENCSR000CST	Homo sapiens IMR-90 nuclear fraction	2	RNU1-3	U1	0
ENCFF205RGY	ENCSR000CST	Homo sapiens IMR-90 nuclear fraction	2	RNU1-4	U1	0
ENCFF205RGY	ENCSR000CST	Homo sapiens IMR-90 nuclear fraction	2	RNU1-2	U1	0
ENCFF205RGY	ENCSR000CST	Homo sapiens IMR-90 nuclear fraction	2	RNU11	U11	0
ENCFF205RGY	ENCSR000CST	Homo sapiens IMR-90 nuclear fraction	2	RNU5F-1	U5	0
ENCFF205RGY	ENCSR000CST	Homo sapiens IMR-90 nuclear fraction	2	RNU5D-1	U5	0
ENCFF205RGY	ENCSR000CST	Homo sapiens IMR-90 nuclear fraction	2	RNU4ATAC	U4atac	0
ENCFF205RGY	ENCSR000CST	Homo sapiens IMR-90 nuclear fraction	2	RMRP		0
ENCFF205RGY	ENCSR000CST	Homo sapiens IMR-90 nuclear fraction	2	RNU6ATAC	U6atac	0
ENCFF205RGY	ENCSR000CST	Homo sapiens IMR-90 nuclear fraction	2	RNU2-2P	U2	0
ENCFF205RGY	ENCSR000CST	Homo sapiens IMR-90 nuclear fraction	2	RNU7-1	U7	0
ENCFF205RGY	ENCSR000CST	Homo sapiens IMR-90 nuclear fraction	2	RNU4-2	U4	9
ENCFF205RGY	ENCSR000CST	Homo sapiens IMR-90 nuclear fraction	2	RNU4-1	U4	0
ENCFF205RGY	ENCSR000CST	Homo sapiens IMR-90 nuclear fraction	2	RPPH1		0
ENCFF205RGY	ENCSR000CST	Homo sapiens IMR-90 nuclear fraction	2	RNU6-7	U6	0
ENCFF205RGY	ENCSR000CST	Homo sapiens IMR-90 nuclear fraction	2	RNU6-8	U6	0
ENCFF205RGY	ENCSR000CST	Homo sapiens IMR-90 nuclear fraction	2	RN7SL1		0
ENCFF205RGY	ENCSR000CST	Homo sapiens IMR-90 nuclear fraction	2	RN7SL2		0
ENCFF205RGY	ENCSR000CST	Homo sapiens IMR-90 nuclear fraction	2	RNU5A-1	U5	0
ENCFF205RGY	ENCSR000CST	Homo sapiens IMR-90 nuclear fraction	2	RNU5B-1	U5	1
ENCFF205RGY	ENCSR000CST	Homo sapiens IMR-90 nuclear fraction	2	RNU6-1	U6	22
ENCFF205RGY	ENCSR000CST	Homo sapiens IMR-90 nuclear fraction	2	RNU2-1	U2	0
ENCFF205RGY	ENCSR000CST	Homo sapiens IMR-90 nuclear fraction	2	RNU6-9	U6	41
ENCFF205RGY	ENCSR000CST	Homo sapiens IMR-90 nuclear fraction	2	RNU6-2	U6	8
ENCFF205RGY	ENCSR000CST	Homo sapiens IMR-90 nuclear fraction	2	RNU12	U12	0
ENCFF344AGN	ENCSR000CSS	Homo sapiens IMR-90 nuclear fraction	1	RNU5E-1	U5	0
ENCFF344AGN	ENCSR000CSS	Homo sapiens IMR-90 nuclear fraction	1	RNU1-1	U1	0
ENCFF344AGN	ENCSR000CSS	Homo sapiens IMR-90 nuclear fraction	1	RNU1-3	U1	0
ENCFF344AGN	ENCSR000CSS	Homo sapiens IMR-90 nuclear fraction	1	RNU1-4	U1	0
ENCFF344AGN	ENCSR000CSS	Homo sapiens IMR-90 nuclear fraction	1	RNU1-2	U1	0
ENCFF344AGN	ENCSR000CSS	Homo sapiens IMR-90 nuclear fraction	1	RNU11	U11	0
ENCFF344AGN	ENCSR000CSS	Homo sapiens IMR-90 nuclear fraction	1	RNU5F-1	U5	1
ENCFF344AGN	ENCSR000CSS	Homo sapiens IMR-90 nuclear fraction	1	RNU5D-1	U5	0
ENCFF344AGN	ENCSR000CSS	Homo sapiens IMR-90 nuclear fraction	1	RNU4ATAC	U4atac	0
ENCFF344AGN	ENCSR000CSS	Homo sapiens IMR-90 nuclear fraction	1	RMRP		0
ENCFF344AGN	ENCSR000CSS	Homo sapiens IMR-90 nuclear fraction	1	RNU6ATAC	U6atac	0
ENCFF344AGN	ENCSR000CSS	Homo sapiens IMR-90 nuclear fraction	1	RNU2-2P	U2	0
ENCFF344AGN	ENCSR000CSS	Homo sapiens IMR-90 nuclear fraction	1	RNU7-1	U7	0
ENCFF344AGN	ENCSR000CSS	Homo sapiens IMR-90 nuclear fraction	1	RNU4-2	U4	0
ENCFF344AGN	ENCSR000CSS	Homo sapiens IMR-90 nuclear fraction	1	RNU4-1	U4	0
ENCFF344AGN	ENCSR000CSS	Homo sapiens IMR-90 nuclear fraction	1	RPPH1		0
ENCFF344AGN	ENCSR000CSS	Homo sapiens IMR-90 nuclear fraction	1	RNU6-7	U6	0
ENCFF344AGN	ENCSR000CSS	Homo sapiens IMR-90 nuclear fraction	1	RNU6-8	U6	0
ENCFF344AGN	ENCSR000CSS	Homo sapiens IMR-90 nuclear fraction	1	RN7SL1		0
ENCFF344AGN	ENCSR000CSS	Homo sapiens IMR-90 nuclear fraction	1	RN7SL2		0
ENCFF344AGN	ENCSR000CSS	Homo sapiens IMR-90 nuclear fraction	1	RNU5A-1	U5	1
ENCFF344AGN	ENCSR000CSS	Homo sapiens IMR-90 nuclear fraction	1	RNU5B-1	U5	0
ENCFF344AGN	ENCSR000CSS	Homo sapiens IMR-90 nuclear fraction	1	RNU6-1	U6	2
ENCFF344AGN	ENCSR000CSS	Homo sapiens IMR-90 nuclear fraction	1	RNU2-1	U2	0
ENCFF344AGN	ENCSR000CSS	Homo sapiens IMR-90 nuclear fraction	1	RNU6-9	U6	3
ENCFF344AGN	ENCSR000CSS	Homo sapiens IMR-90 nuclear fraction	1	RNU6-2	U6	5
ENCFF344AGN	ENCSR000CSS	Homo sapiens IMR-90 nuclear fraction	1	RNU12	U12	0
ENCFF223ZUQ	ENCSR000CSS	Homo sapiens IMR-90 nuclear fraction	2	RNU5E-1	U5	0
ENCFF223ZUQ	ENCSR000CSS	Homo sapiens IMR-90 nuclear fraction	2	RNU1-1	U1	0
ENCFF223ZUQ	ENCSR000CSS	Homo sapiens IMR-90 nuclear fraction	2	RNU1-3	U1	0
ENCFF223ZUQ	ENCSR000CSS	Homo sapiens IMR-90 nuclear fraction	2	RNU1-4	U1	0
ENCFF223ZUQ	ENCSR000CSS	Homo sapiens IMR-90 nuclear fraction	2	RNU1-2	U1	0
ENCFF223ZUQ	ENCSR000CSS	Homo sapiens IMR-90 nuclear fraction	2	RNU11	U11	0
ENCFF223ZUQ	ENCSR000CSS	Homo sapiens IMR-90 nuclear fraction	2	RNU5F-1	U5	1
ENCFF223ZUQ	ENCSR000CSS	Homo sapiens IMR-90 nuclear fraction	2	RNU5D-1	U5	0
ENCFF223ZUQ	ENCSR000CSS	Homo sapiens IMR-90 nuclear fraction	2	RNU4ATAC	U4atac	0
ENCFF223ZUQ	ENCSR000CSS	Homo sapiens IMR-90 nuclear fraction	2	RMRP		0
ENCFF223ZUQ	ENCSR000CSS	Homo sapiens IMR-90 nuclear fraction	2	RNU6ATAC	U6atac	0
ENCFF223ZUQ	ENCSR000CSS	Homo sapiens IMR-90 nuclear fraction	2	RNU2-2P	U2	0
ENCFF223ZUQ	ENCSR000CSS	Homo sapiens IMR-90 nuclear fraction	2	RNU7-1	U7	0
ENCFF223ZUQ	ENCSR000CSS	Homo sapiens IMR-90 nuclear fraction	2	RNU4-2	U4	17
ENCFF223ZUQ	ENCSR000CSS	Homo sapiens IMR-90 nuclear fraction	2	RNU4-1	U4	0
ENCFF223ZUQ	ENCSR000CSS	Homo sapiens IMR-90 nuclear fraction	2	RPPH1		0
ENCFF223ZUQ	ENCSR000CSS	Homo sapiens IMR-90 nuclear fraction	2	RNU6-7	U6	0
ENCFF223ZUQ	ENCSR000CSS	Homo sapiens IMR-90 nuclear fraction	2	RNU6-8	U6	0
ENCFF223ZUQ	ENCSR000CSS	Homo sapiens IMR-90 nuclear fraction	2	RN7SL1		0
ENCFF223ZUQ	ENCSR000CSS	Homo sapiens IMR-90 nuclear fraction	2	RN7SL2		0
ENCFF223ZUQ	ENCSR000CSS	Homo sapiens IMR-90 nuclear fraction	2	RNU5A-1	U5	0
ENCFF223ZUQ	ENCSR000CSS	Homo sapiens IMR-90 nuclear fraction	2	RNU5B-1	U5	0
ENCFF223ZUQ	ENCSR000CSS	Homo sapiens IMR-90 nuclear fraction	2	RNU6-1	U6	6
ENCFF223ZUQ	ENCSR000CSS	Homo sapiens IMR-90 nuclear fraction	2	RNU2-1	U2	0
ENCFF223ZUQ	ENCSR000CSS	Homo sapiens IMR-90 nuclear fraction	2	RNU6-9	U6	0
ENCFF223ZUQ	ENCSR000CSS	Homo sapiens IMR-90 nuclear fraction	2	RNU6-2	U6	9
ENCFF223ZUQ	ENCSR000CSS	Homo sapiens IMR-90 nuclear fraction	2	RNU12	U12	0
ENCFF299IGO	ENCSR000CSR	Homo sapiens hematopoietic multipotent progenitor cell	1	RNU5E-1	U5	1388
ENCFF299IGO	ENCSR000CSR	Homo sapiens hematopoietic multipotent progenitor cell	1	RNU1-1	U1	0
ENCFF299IGO	ENCSR000CSR	Homo sapiens hematopoietic multipotent progenitor cell	1	RNU1-3	U1	0
ENCFF299IGO	ENCSR000CSR	Homo sapiens hematopoietic multipotent progenitor cell	1	RNU1-4	U1	0
ENCFF299IGO	ENCSR000CSR	Homo sapiens hematopoietic multipotent progenitor cell	1	RNU1-2	U1	2
ENCFF299IGO	ENCSR000CSR	Homo sapiens hematopoietic multipotent progenitor cell	1	RNU11	U11	0
ENCFF299IGO	ENCSR000CSR	Homo sapiens hematopoietic multipotent progenitor cell	1	RNU5F-1	U5	2483
ENCFF299IGO	ENCSR000CSR	Homo sapiens hematopoietic multipotent progenitor cell	1	RNU5D-1	U5	2826
ENCFF299IGO	ENCSR000CSR	Homo sapiens hematopoietic multipotent progenitor cell	1	RNU4ATAC	U4atac	2246
ENCFF299IGO	ENCSR000CSR	Homo sapiens hematopoietic multipotent progenitor cell	1	RMRP		0
ENCFF299IGO	ENCSR000CSR	Homo sapiens hematopoietic multipotent progenitor cell	1	RNU6ATAC	U6atac	7207
ENCFF299IGO	ENCSR000CSR	Homo sapiens hematopoietic multipotent progenitor cell	1	RNU2-2P	U2	0
ENCFF299IGO	ENCSR000CSR	Homo sapiens hematopoietic multipotent progenitor cell	1	RNU7-1	U7	0
ENCFF299IGO	ENCSR000CSR	Homo sapiens hematopoietic multipotent progenitor cell	1	RNU4-2	U4	5069
ENCFF299IGO	ENCSR000CSR	Homo sapiens hematopoietic multipotent progenitor cell	1	RNU4-1	U4	1474
ENCFF299IGO	ENCSR000CSR	Homo sapiens hematopoietic multipotent progenitor cell	1	RPPH1		0
ENCFF299IGO	ENCSR000CSR	Homo sapiens hematopoietic multipotent progenitor cell	1	RNU6-7	U6	49
ENCFF299IGO	ENCSR000CSR	Homo sapiens hematopoietic multipotent progenitor cell	1	RNU6-8	U6	152
ENCFF299IGO	ENCSR000CSR	Homo sapiens hematopoietic multipotent progenitor cell	1	RN7SL1		0
ENCFF299IGO	ENCSR000CSR	Homo sapiens hematopoietic multipotent progenitor cell	1	RN7SL2		6
ENCFF299IGO	ENCSR000CSR	Homo sapiens hematopoietic multipotent progenitor cell	1	RNU5A-1	U5	4009
ENCFF299IGO	ENCSR000CSR	Homo sapiens hematopoietic multipotent progenitor cell	1	RNU5B-1	U5	5180
ENCFF299IGO	ENCSR000CSR	Homo sapiens hematopoietic multipotent progenitor cell	1	RNU6-1	U6	51
ENCFF299IGO	ENCSR000CSR	Homo sapiens hematopoietic multipotent progenitor cell	1	RNU2-1	U2	0
ENCFF299IGO	ENCSR000CSR	Homo sapiens hematopoietic multipotent progenitor cell	1	RNU6-9	U6	136
ENCFF299IGO	ENCSR000CSR	Homo sapiens hematopoietic multipotent progenitor cell	1	RNU6-2	U6	492
ENCFF299IGO	ENCSR000CSR	Homo sapiens hematopoietic multipotent progenitor cell	1	RNU12	U12	0
ENCFF619OUC	ENCSR000CSE	Homo sapiens IMR-90	1	RNU5E-1	U5	10445
ENCFF619OUC	ENCSR000CSE	Homo sapiens IMR-90	1	RNU1-1	U1	0
ENCFF619OUC	ENCSR000CSE	Homo sapiens IMR-90	1	RNU1-3	U1	0
ENCFF619OUC	ENCSR000CSE	Homo sapiens IMR-90	1	RNU1-4	U1	0
ENCFF619OUC	ENCSR000CSE	Homo sapiens IMR-90	1	RNU1-2	U1	0
ENCFF619OUC	ENCSR000CSE	Homo sapiens IMR-90	1	RNU11	U11	0
ENCFF619OUC	ENCSR000CSE	Homo sapiens IMR-90	1	RNU5F-1	U5	2782
ENCFF619OUC	ENCSR000CSE	Homo sapiens IMR-90	1	RNU5D-1	U5	39033
ENCFF619OUC	ENCSR000CSE	Homo sapiens IMR-90	1	RNU4ATAC	U4atac	585
ENCFF619OUC	ENCSR000CSE	Homo sapiens IMR-90	1	RMRP		0
ENCFF619OUC	ENCSR000CSE	Homo sapiens IMR-90	1	RNU6ATAC	U6atac	1436
ENCFF619OUC	ENCSR000CSE	Homo sapiens IMR-90	1	RNU2-2P	U2	0
ENCFF619OUC	ENCSR000CSE	Homo sapiens IMR-90	1	RNU7-1	U7	0
ENCFF619OUC	ENCSR000CSE	Homo sapiens IMR-90	1	RNU4-2	U4	973
ENCFF619OUC	ENCSR000CSE	Homo sapiens IMR-90	1	RNU4-1	U4	279
ENCFF619OUC	ENCSR000CSE	Homo sapiens IMR-90	1	RPPH1		0
ENCFF619OUC	ENCSR000CSE	Homo sapiens IMR-90	1	RNU6-7	U6	0
ENCFF619OUC	ENCSR000CSE	Homo sapiens IMR-90	1	RNU6-8	U6	2
ENCFF619OUC	ENCSR000CSE	Homo sapiens IMR-90	1	RN7SL1		0
ENCFF619OUC	ENCSR000CSE	Homo sapiens IMR-90	1	RN7SL2		0
ENCFF619OUC	ENCSR000CSE	Homo sapiens IMR-90	1	RNU5A-1	U5	3205
ENCFF619OUC	ENCSR000CSE	Homo sapiens IMR-90	1	RNU5B-1	U5	3660
ENCFF619OUC	ENCSR000CSE	Homo sapiens IMR-90	1	RNU6-1	U6	38
ENCFF619OUC	ENCSR000CSE	Homo sapiens IMR-90	1	RNU2-1	U2	0
ENCFF619OUC	ENCSR000CSE	Homo sapiens IMR-90	1	RNU6-9	U6	3224
ENCFF619OUC	ENCSR000CSE	Homo sapiens IMR-90	1	RNU6-2	U6	26
ENCFF619OUC	ENCSR000CSE	Homo sapiens IMR-90	1	RNU12	U12	0
ENCFF946EPF	ENCSR000CSE	Homo sapiens IMR-90	2	RNU5E-1	U5	10724
ENCFF946EPF	ENCSR000CSE	Homo sapiens IMR-90	2	RNU1-1	U1	0
ENCFF946EPF	ENCSR000CSE	Homo sapiens IMR-90	2	RNU1-3	U1	0
ENCFF946EPF	ENCSR000CSE	Homo sapiens IMR-90	2	RNU1-4	U1	0
ENCFF946EPF	ENCSR000CSE	Homo sapiens IMR-90	2	RNU1-2	U1	0
ENCFF946EPF	ENCSR000CSE	Homo sapiens IMR-90	2	RNU11	U11	0
ENCFF946EPF	ENCSR000CSE	Homo sapiens IMR-90	2	RNU5F-1	U5	1589
ENCFF946EPF	ENCSR000CSE	Homo sapiens IMR-90	2	RNU5D-1	U5	35989
ENCFF946EPF	ENCSR000CSE	Homo sapiens IMR-90	2	RNU4ATAC	U4atac	769
ENCFF946EPF	ENCSR000CSE	Homo sapiens IMR-90	2	RMRP		0
ENCFF946EPF	ENCSR000CSE	Homo sapiens IMR-90	2	RNU6ATAC	U6atac	2726
ENCFF946EPF	ENCSR000CSE	Homo sapiens IMR-90	2	RNU2-2P	U2	0
ENCFF946EPF	ENCSR000CSE	Homo sapiens IMR-90	2	RNU7-1	U7	0
ENCFF946EPF	ENCSR000CSE	Homo sapiens IMR-90	2	RNU4-2	U4	1217
ENCFF946EPF	ENCSR000CSE	Homo sapiens IMR-90	2	RNU4-1	U4	394
ENCFF946EPF	ENCSR000CSE	Homo sapiens IMR-90	2	RPPH1		0
ENCFF946EPF	ENCSR000CSE	Homo sapiens IMR-90	2	RNU6-7	U6	0
ENCFF946EPF	ENCSR000CSE	Homo sapiens IMR-90	2	RNU6-8	U6	5
ENCFF946EPF	ENCSR000CSE	Homo sapiens IMR-90	2	RN7SL1		0
ENCFF946EPF	ENCSR000CSE	Homo sapiens IMR-90	2	RN7SL2		0
ENCFF946EPF	ENCSR000CSE	Homo sapiens IMR-90	2	RNU5A-1	U5	5289
ENCFF946EPF	ENCSR000CSE	Homo sapiens IMR-90	2	RNU5B-1	U5	4972
ENCFF946EPF	ENCSR000CSE	Homo sapiens IMR-90	2	RNU6-1	U6	46
ENCFF946EPF	ENCSR000CSE	Homo sapiens IMR-90	2	RNU2-1	U2	0
ENCFF946EPF	ENCSR000CSE	Homo sapiens IMR-90	2	RNU6-9	U6	4522
ENCFF946EPF	ENCSR000CSE	Homo sapiens IMR-90	2	RNU6-2	U6	17
ENCFF946EPF	ENCSR000CSE	Homo sapiens IMR-90	2	RNU12	U12	0
ENCFF268XCU	ENCSR000CSD	Homo sapiens IMR-90 nuclear fraction	1	RNU5E-1	U5	14492
ENCFF268XCU	ENCSR000CSD	Homo sapiens IMR-90 nuclear fraction	1	RNU1-1	U1	0
ENCFF268XCU	ENCSR000CSD	Homo sapiens IMR-90 nuclear fraction	1	RNU1-3	U1	0
ENCFF268XCU	ENCSR000CSD	Homo sapiens IMR-90 nuclear fraction	1	RNU1-4	U1	0
ENCFF268XCU	ENCSR000CSD	Homo sapiens IMR-90 nuclear fraction	1	RNU1-2	U1	0
ENCFF268XCU	ENCSR000CSD	Homo sapiens IMR-90 nuclear fraction	1	RNU11	U11	0
ENCFF268XCU	ENCSR000CSD	Homo sapiens IMR-90 nuclear fraction	1	RNU5F-1	U5	386
ENCFF268XCU	ENCSR000CSD	Homo sapiens IMR-90 nuclear fraction	1	RNU5D-1	U5	69830
ENCFF268XCU	ENCSR000CSD	Homo sapiens IMR-90 nuclear fraction	1	RNU4ATAC	U4atac	1348
ENCFF268XCU	ENCSR000CSD	Homo sapiens IMR-90 nuclear fraction	1	RMRP		0
ENCFF268XCU	ENCSR000CSD	Homo sapiens IMR-90 nuclear fraction	1	RNU6ATAC	U6atac	3257
ENCFF268XCU	ENCSR000CSD	Homo sapiens IMR-90 nuclear fraction	1	RNU2-2P	U2	0
ENCFF268XCU	ENCSR000CSD	Homo sapiens IMR-90 nuclear fraction	1	RNU7-1	U7	0
ENCFF268XCU	ENCSR000CSD	Homo sapiens IMR-90 nuclear fraction	1	RNU4-2	U4	5495
ENCFF268XCU	ENCSR000CSD	Homo sapiens IMR-90 nuclear fraction	1	RNU4-1	U4	2641
ENCFF268XCU	ENCSR000CSD	Homo sapiens IMR-90 nuclear fraction	1	RPPH1		0
ENCFF268XCU	ENCSR000CSD	Homo sapiens IMR-90 nuclear fraction	1	RNU6-7	U6	1
ENCFF268XCU	ENCSR000CSD	Homo sapiens IMR-90 nuclear fraction	1	RNU6-8	U6	8
ENCFF268XCU	ENCSR000CSD	Homo sapiens IMR-90 nuclear fraction	1	RN7SL1		0
ENCFF268XCU	ENCSR000CSD	Homo sapiens IMR-90 nuclear fraction	1	RN7SL2		6
ENCFF268XCU	ENCSR000CSD	Homo sapiens IMR-90 nuclear fraction	1	RNU5A-1	U5	8641
ENCFF268XCU	ENCSR000CSD	Homo sapiens IMR-90 nuclear fraction	1	RNU5B-1	U5	12893
ENCFF268XCU	ENCSR000CSD	Homo sapiens IMR-90 nuclear fraction	1	RNU6-1	U6	9
ENCFF268XCU	ENCSR000CSD	Homo sapiens IMR-90 nuclear fraction	1	RNU2-1	U2	0
ENCFF268XCU	ENCSR000CSD	Homo sapiens IMR-90 nuclear fraction	1	RNU6-9	U6	400
ENCFF268XCU	ENCSR000CSD	Homo sapiens IMR-90 nuclear fraction	1	RNU6-2	U6	29
ENCFF268XCU	ENCSR000CSD	Homo sapiens IMR-90 nuclear fraction	1	RNU12	U12	0
ENCFF555MZU	ENCSR000CSD	Homo sapiens IMR-90 nuclear fraction	2	RNU5E-1	U5	32308
ENCFF555MZU	ENCSR000CSD	Homo sapiens IMR-90 nuclear fraction	2	RNU1-1	U1	0
ENCFF555MZU	ENCSR000CSD	Homo sapiens IMR-90 nuclear fraction	2	RNU1-3	U1	0
ENCFF555MZU	ENCSR000CSD	Homo sapiens IMR-90 nuclear fraction	2	RNU1-4	U1	0
ENCFF555MZU	ENCSR000CSD	Homo sapiens IMR-90 nuclear fraction	2	RNU1-2	U1	1
ENCFF555MZU	ENCSR000CSD	Homo sapiens IMR-90 nuclear fraction	2	RNU11	U11	4
ENCFF555MZU	ENCSR000CSD	Homo sapiens IMR-90 nuclear fraction	2	RNU5F-1	U5	2926
ENCFF555MZU	ENCSR000CSD	Homo sapiens IMR-90 nuclear fraction	2	RNU5D-1	U5	174553
ENCFF555MZU	ENCSR000CSD	Homo sapiens IMR-90 nuclear fraction	2	RNU4ATAC	U4atac	2146
ENCFF555MZU	ENCSR000CSD	Homo sapiens IMR-90 nuclear fraction	2	RMRP		0
ENCFF555MZU	ENCSR000CSD	Homo sapiens IMR-90 nuclear fraction	2	RNU6ATAC	U6atac	4861
ENCFF555MZU	ENCSR000CSD	Homo sapiens IMR-90 nuclear fraction	2	RNU2-2P	U2	0
ENCFF555MZU	ENCSR000CSD	Homo sapiens IMR-90 nuclear fraction	2	RNU7-1	U7	0
ENCFF555MZU	ENCSR000CSD	Homo sapiens IMR-90 nuclear fraction	2	RNU4-2	U4	10842
ENCFF555MZU	ENCSR000CSD	Homo sapiens IMR-90 nuclear fraction	2	RNU4-1	U4	5271
ENCFF555MZU	ENCSR000CSD	Homo sapiens IMR-90 nuclear fraction	2	RPPH1		0
ENCFF555MZU	ENCSR000CSD	Homo sapiens IMR-90 nuclear fraction	2	RNU6-7	U6	0
ENCFF555MZU	ENCSR000CSD	Homo sapiens IMR-90 nuclear fraction	2	RNU6-8	U6	19
ENCFF555MZU	ENCSR000CSD	Homo sapiens IMR-90 nuclear fraction	2	RN7SL1		0
ENCFF555MZU	ENCSR000CSD	Homo sapiens IMR-90 nuclear fraction	2	RN7SL2		1
ENCFF555MZU	ENCSR000CSD	Homo sapiens IMR-90 nuclear fraction	2	RNU5A-1	U5	18416
ENCFF555MZU	ENCSR000CSD	Homo sapiens IMR-90 nuclear fraction	2	RNU5B-1	U5	29403
ENCFF555MZU	ENCSR000CSD	Homo sapiens IMR-90 nuclear fraction	2	RNU6-1	U6	21
ENCFF555MZU	ENCSR000CSD	Homo sapiens IMR-90 nuclear fraction	2	RNU2-1	U2	0
ENCFF555MZU	ENCSR000CSD	Homo sapiens IMR-90 nuclear fraction	2	RNU6-9	U6	1250
ENCFF555MZU	ENCSR000CSD	Homo sapiens IMR-90 nuclear fraction	2	RNU6-2	U6	25
ENCFF555MZU	ENCSR000CSD	Homo sapiens IMR-90 nuclear fraction	2	RNU12	U12	0
ENCFF222GGP	ENCSR000CSC	Homo sapiens IMR-90 cytosolic fraction	1	RNU5E-1	U5	9835
ENCFF222GGP	ENCSR000CSC	Homo sapiens IMR-90 cytosolic fraction	1	RNU1-1	U1	0
ENCFF222GGP	ENCSR000CSC	Homo sapiens IMR-90 cytosolic fraction	1	RNU1-3	U1	0
ENCFF222GGP	ENCSR000CSC	Homo sapiens IMR-90 cytosolic fraction	1	RNU1-4	U1	0
ENCFF222GGP	ENCSR000CSC	Homo sapiens IMR-90 cytosolic fraction	1	RNU1-2	U1	0
ENCFF222GGP	ENCSR000CSC	Homo sapiens IMR-90 cytosolic fraction	1	RNU11	U11	0
ENCFF222GGP	ENCSR000CSC	Homo sapiens IMR-90 cytosolic fraction	1	RNU5F-1	U5	1365
ENCFF222GGP	ENCSR000CSC	Homo sapiens IMR-90 cytosolic fraction	1	RNU5D-1	U5	27298
ENCFF222GGP	ENCSR000CSC	Homo sapiens IMR-90 cytosolic fraction	1	RNU4ATAC	U4atac	1374
ENCFF222GGP	ENCSR000CSC	Homo sapiens IMR-90 cytosolic fraction	1	RMRP		0
ENCFF222GGP	ENCSR000CSC	Homo sapiens IMR-90 cytosolic fraction	1	RNU6ATAC	U6atac	15667
ENCFF222GGP	ENCSR000CSC	Homo sapiens IMR-90 cytosolic fraction	1	RNU2-2P	U2	0
ENCFF222GGP	ENCSR000CSC	Homo sapiens IMR-90 cytosolic fraction	1	RNU7-1	U7	0
ENCFF222GGP	ENCSR000CSC	Homo sapiens IMR-90 cytosolic fraction	1	RNU4-2	U4	1054
ENCFF222GGP	ENCSR000CSC	Homo sapiens IMR-90 cytosolic fraction	1	RNU4-1	U4	491
ENCFF222GGP	ENCSR000CSC	Homo sapiens IMR-90 cytosolic fraction	1	RPPH1		0
ENCFF222GGP	ENCSR000CSC	Homo sapiens IMR-90 cytosolic fraction	1	RNU6-7	U6	0
ENCFF222GGP	ENCSR000CSC	Homo sapiens IMR-90 cytosolic fraction	1	RNU6-8	U6	17
ENCFF222GGP	ENCSR000CSC	Homo sapiens IMR-90 cytosolic fraction	1	RN7SL1		0
ENCFF222GGP	ENCSR000CSC	Homo sapiens IMR-90 cytosolic fraction	1	RN7SL2		3
ENCFF222GGP	ENCSR000CSC	Homo sapiens IMR-90 cytosolic fraction	1	RNU5A-1	U5	4251
ENCFF222GGP	ENCSR000CSC	Homo sapiens IMR-90 cytosolic fraction	1	RNU5B-1	U5	3504
ENCFF222GGP	ENCSR000CSC	Homo sapiens IMR-90 cytosolic fraction	1	RNU6-1	U6	51
ENCFF222GGP	ENCSR000CSC	Homo sapiens IMR-90 cytosolic fraction	1	RNU2-1	U2	0
ENCFF222GGP	ENCSR000CSC	Homo sapiens IMR-90 cytosolic fraction	1	RNU6-9	U6	2326
ENCFF222GGP	ENCSR000CSC	Homo sapiens IMR-90 cytosolic fraction	1	RNU6-2	U6	72
ENCFF222GGP	ENCSR000CSC	Homo sapiens IMR-90 cytosolic fraction	1	RNU12	U12	0
ENCFF964OPM	ENCSR000CSC	Homo sapiens IMR-90 cytosolic fraction	2	RNU5E-1	U5	7710
ENCFF964OPM	ENCSR000CSC	Homo sapiens IMR-90 cytosolic fraction	2	RNU1-1	U1	0
ENCFF964OPM	ENCSR000CSC	Homo sapiens IMR-90 cytosolic fraction	2	RNU1-3	U1	0
ENCFF964OPM	ENCSR000CSC	Homo sapiens IMR-90 cytosolic fraction	2	RNU1-4	U1	0
ENCFF964OPM	ENCSR000CSC	Homo sapiens IMR-90 cytosolic fraction	2	RNU1-2	U1	0
ENCFF964OPM	ENCSR000CSC	Homo sapiens IMR-90 cytosolic fraction	2	RNU11	U11	0
ENCFF964OPM	ENCSR000CSC	Homo sapiens IMR-90 cytosolic fraction	2	RNU5F-1	U5	1310
ENCFF964OPM	ENCSR000CSC	Homo sapiens IMR-90 cytosolic fraction	2	RNU5D-1	U5	17501
ENCFF964OPM	ENCSR000CSC	Homo sapiens IMR-90 cytosolic fraction	2	RNU4ATAC	U4atac	1233
ENCFF964OPM	ENCSR000CSC	Homo sapiens IMR-90 cytosolic fraction	2	RMRP		0
ENCFF964OPM	ENCSR000CSC	Homo sapiens IMR-90 cytosolic fraction	2	RNU6ATAC	U6atac	10804
ENCFF964OPM	ENCSR000CSC	Homo sapiens IMR-90 cytosolic fraction	2	RNU2-2P	U2	0
ENCFF964OPM	ENCSR000CSC	Homo sapiens IMR-90 cytosolic fraction	2	RNU7-1	U7	0
ENCFF964OPM	ENCSR000CSC	Homo sapiens IMR-90 cytosolic fraction	2	RNU4-2	U4	1261
ENCFF964OPM	ENCSR000CSC	Homo sapiens IMR-90 cytosolic fraction	2	RNU4-1	U4	635
ENCFF964OPM	ENCSR000CSC	Homo sapiens IMR-90 cytosolic fraction	2	RPPH1		0
ENCFF964OPM	ENCSR000CSC	Homo sapiens IMR-90 cytosolic fraction	2	RNU6-7	U6	0
ENCFF964OPM	ENCSR000CSC	Homo sapiens IMR-90 cytosolic fraction	2	RNU6-8	U6	28
ENCFF964OPM	ENCSR000CSC	Homo sapiens IMR-90 cytosolic fraction	2	RN7SL1		0
ENCFF964OPM	ENCSR000CSC	Homo sapiens IMR-90 cytosolic fraction	2	RN7SL2		9
ENCFF964OPM	ENCSR000CSC	Homo sapiens IMR-90 cytosolic fraction	2	RNU5A-1	U5	3621
ENCFF964OPM	ENCSR000CSC	Homo sapiens IMR-90 cytosolic fraction	2	RNU5B-1	U5	4183
ENCFF964OPM	ENCSR000CSC	Homo sapiens IMR-90 cytosolic fraction	2	RNU6-1	U6	38
ENCFF964OPM	ENCSR000CSC	Homo sapiens IMR-90 cytosolic fraction	2	RNU2-1	U2	0
ENCFF964OPM	ENCSR000CSC	Homo sapiens IMR-90 cytosolic fraction	2	RNU6-9	U6	1343
ENCFF964OPM	ENCSR000CSC	Homo sapiens IMR-90 cytosolic fraction	2	RNU6-2	U6	9
ENCFF964OPM	ENCSR000CSC	Homo sapiens IMR-90 cytosolic fraction	2	RNU12	U12	0
ENCFF670RSY	ENCSR000CRS	Homo sapiens keratinocyte female	1	RNU5E-1	U5	232
ENCFF670RSY	ENCSR000CRS	Homo sapiens keratinocyte female	1	RNU1-1	U1	0
ENCFF670RSY	ENCSR000CRS	Homo sapiens keratinocyte female	1	RNU1-3	U1	0
ENCFF670RSY	ENCSR000CRS	Homo sapiens keratinocyte female	1	RNU1-4	U1	0
ENCFF670RSY	ENCSR000CRS	Homo sapiens keratinocyte female	1	RNU1-2	U1	0
ENCFF670RSY	ENCSR000CRS	Homo sapiens keratinocyte female	1	RNU11	U11	0
ENCFF670RSY	ENCSR000CRS	Homo sapiens keratinocyte female	1	RNU5F-1	U5	526
ENCFF670RSY	ENCSR000CRS	Homo sapiens keratinocyte female	1	RNU5D-1	U5	52
ENCFF670RSY	ENCSR000CRS	Homo sapiens keratinocyte female	1	RNU4ATAC	U4atac	265
ENCFF670RSY	ENCSR000CRS	Homo sapiens keratinocyte female	1	RMRP		0
ENCFF670RSY	ENCSR000CRS	Homo sapiens keratinocyte female	1	RNU6ATAC	U6atac	46
ENCFF670RSY	ENCSR000CRS	Homo sapiens keratinocyte female	1	RNU2-2P	U2	0
ENCFF670RSY	ENCSR000CRS	Homo sapiens keratinocyte female	1	RNU7-1	U7	0
ENCFF670RSY	ENCSR000CRS	Homo sapiens keratinocyte female	1	RNU4-2	U4	263
ENCFF670RSY	ENCSR000CRS	Homo sapiens keratinocyte female	1	RNU4-1	U4	47
ENCFF670RSY	ENCSR000CRS	Homo sapiens keratinocyte female	1	RPPH1		0
ENCFF670RSY	ENCSR000CRS	Homo sapiens keratinocyte female	1	RNU6-7	U6	0
ENCFF670RSY	ENCSR000CRS	Homo sapiens keratinocyte female	1	RNU6-8	U6	1
ENCFF670RSY	ENCSR000CRS	Homo sapiens keratinocyte female	1	RN7SL1		0
ENCFF670RSY	ENCSR000CRS	Homo sapiens keratinocyte female	1	RN7SL2		0
ENCFF670RSY	ENCSR000CRS	Homo sapiens keratinocyte female	1	RNU5A-1	U5	185
ENCFF670RSY	ENCSR000CRS	Homo sapiens keratinocyte female	1	RNU5B-1	U5	103
ENCFF670RSY	ENCSR000CRS	Homo sapiens keratinocyte female	1	RNU6-1	U6	1
ENCFF670RSY	ENCSR000CRS	Homo sapiens keratinocyte female	1	RNU2-1	U2	0
ENCFF670RSY	ENCSR000CRS	Homo sapiens keratinocyte female	1	RNU6-9	U6	5
ENCFF670RSY	ENCSR000CRS	Homo sapiens keratinocyte female	1	RNU6-2	U6	6
ENCFF670RSY	ENCSR000CRS	Homo sapiens keratinocyte female	1	RNU12	U12	0
ENCFF184MNJ	ENCSR000CRS	Homo sapiens keratinocyte female	2	RNU5E-1	U5	103
ENCFF184MNJ	ENCSR000CRS	Homo sapiens keratinocyte female	2	RNU1-1	U1	0
ENCFF184MNJ	ENCSR000CRS	Homo sapiens keratinocyte female	2	RNU1-3	U1	0
ENCFF184MNJ	ENCSR000CRS	Homo sapiens keratinocyte female	2	RNU1-4	U1	0
ENCFF184MNJ	ENCSR000CRS	Homo sapiens keratinocyte female	2	RNU1-2	U1	0
ENCFF184MNJ	ENCSR000CRS	Homo sapiens keratinocyte female	2	RNU11	U11	0
ENCFF184MNJ	ENCSR000CRS	Homo sapiens keratinocyte female	2	RNU5F-1	U5	262
ENCFF184MNJ	ENCSR000CRS	Homo sapiens keratinocyte female	2	RNU5D-1	U5	26
ENCFF184MNJ	ENCSR000CRS	Homo sapiens keratinocyte female	2	RNU4ATAC	U4atac	110
ENCFF184MNJ	ENCSR000CRS	Homo sapiens keratinocyte female	2	RMRP		0
ENCFF184MNJ	ENCSR000CRS	Homo sapiens keratinocyte female	2	RNU6ATAC	U6atac	20
ENCFF184MNJ	ENCSR000CRS	Homo sapiens keratinocyte female	2	RNU2-2P	U2	0
ENCFF184MNJ	ENCSR000CRS	Homo sapiens keratinocyte female	2	RNU7-1	U7	0
ENCFF184MNJ	ENCSR000CRS	Homo sapiens keratinocyte female	2	RNU4-2	U4	761
ENCFF184MNJ	ENCSR000CRS	Homo sapiens keratinocyte female	2	RNU4-1	U4	85
ENCFF184MNJ	ENCSR000CRS	Homo sapiens keratinocyte female	2	RPPH1		0
ENCFF184MNJ	ENCSR000CRS	Homo sapiens keratinocyte female	2	RNU6-7	U6	0
ENCFF184MNJ	ENCSR000CRS	Homo sapiens keratinocyte female	2	RNU6-8	U6	0
ENCFF184MNJ	ENCSR000CRS	Homo sapiens keratinocyte female	2	RN7SL1		0
ENCFF184MNJ	ENCSR000CRS	Homo sapiens keratinocyte female	2	RN7SL2		0
ENCFF184MNJ	ENCSR000CRS	Homo sapiens keratinocyte female	2	RNU5A-1	U5	122
ENCFF184MNJ	ENCSR000CRS	Homo sapiens keratinocyte female	2	RNU5B-1	U5	69
ENCFF184MNJ	ENCSR000CRS	Homo sapiens keratinocyte female	2	RNU6-1	U6	0
ENCFF184MNJ	ENCSR000CRS	Homo sapiens keratinocyte female	2	RNU2-1	U2	0
ENCFF184MNJ	ENCSR000CRS	Homo sapiens keratinocyte female	2	RNU6-9	U6	2
ENCFF184MNJ	ENCSR000CRS	Homo sapiens keratinocyte female	2	RNU6-2	U6	1
ENCFF184MNJ	ENCSR000CRS	Homo sapiens keratinocyte female	2	RNU12	U12	0
ENCFF452BLH	ENCSR000CSI	Homo sapiens SK-N-SH nuclear fraction	3	RNU5E-1	U5	6898
ENCFF452BLH	ENCSR000CSI	Homo sapiens SK-N-SH nuclear fraction	3	RNU1-1	U1	0
ENCFF452BLH	ENCSR000CSI	Homo sapiens SK-N-SH nuclear fraction	3	RNU1-3	U1	0
ENCFF452BLH	ENCSR000CSI	Homo sapiens SK-N-SH nuclear fraction	3	RNU1-4	U1	0
ENCFF452BLH	ENCSR000CSI	Homo sapiens SK-N-SH nuclear fraction	3	RNU1-2	U1	1
ENCFF452BLH	ENCSR000CSI	Homo sapiens SK-N-SH nuclear fraction	3	RNU11	U11	0
ENCFF452BLH	ENCSR000CSI	Homo sapiens SK-N-SH nuclear fraction	3	RNU5F-1	U5	2787
ENCFF452BLH	ENCSR000CSI	Homo sapiens SK-N-SH nuclear fraction	3	RNU5D-1	U5	60904
ENCFF452BLH	ENCSR000CSI	Homo sapiens SK-N-SH nuclear fraction	3	RNU4ATAC	U4atac	2115
ENCFF452BLH	ENCSR000CSI	Homo sapiens SK-N-SH nuclear fraction	3	RMRP		0
ENCFF452BLH	ENCSR000CSI	Homo sapiens SK-N-SH nuclear fraction	3	RNU6ATAC	U6atac	1571
ENCFF452BLH	ENCSR000CSI	Homo sapiens SK-N-SH nuclear fraction	3	RNU2-2P	U2	0
ENCFF452BLH	ENCSR000CSI	Homo sapiens SK-N-SH nuclear fraction	3	RNU7-1	U7	0
ENCFF452BLH	ENCSR000CSI	Homo sapiens SK-N-SH nuclear fraction	3	RNU4-2	U4	3772
ENCFF452BLH	ENCSR000CSI	Homo sapiens SK-N-SH nuclear fraction	3	RNU4-1	U4	876
ENCFF452BLH	ENCSR000CSI	Homo sapiens SK-N-SH nuclear fraction	3	RPPH1		0
ENCFF452BLH	ENCSR000CSI	Homo sapiens SK-N-SH nuclear fraction	3	RNU6-7	U6	0
ENCFF452BLH	ENCSR000CSI	Homo sapiens SK-N-SH nuclear fraction	3	RNU6-8	U6	2
ENCFF452BLH	ENCSR000CSI	Homo sapiens SK-N-SH nuclear fraction	3	RN7SL1		0
ENCFF452BLH	ENCSR000CSI	Homo sapiens SK-N-SH nuclear fraction	3	RN7SL2		0
ENCFF452BLH	ENCSR000CSI	Homo sapiens SK-N-SH nuclear fraction	3	RNU5A-1	U5	10529
ENCFF452BLH	ENCSR000CSI	Homo sapiens SK-N-SH nuclear fraction	3	RNU5B-1	U5	10820
ENCFF452BLH	ENCSR000CSI	Homo sapiens SK-N-SH nuclear fraction	3	RNU6-1	U6	13
ENCFF452BLH	ENCSR000CSI	Homo sapiens SK-N-SH nuclear fraction	3	RNU2-1	U2	0
ENCFF452BLH	ENCSR000CSI	Homo sapiens SK-N-SH nuclear fraction	3	RNU6-9	U6	39
ENCFF452BLH	ENCSR000CSI	Homo sapiens SK-N-SH nuclear fraction	3	RNU6-2	U6	19
ENCFF452BLH	ENCSR000CSI	Homo sapiens SK-N-SH nuclear fraction	3	RNU12	U12	0
ENCFF531ZHW	ENCSR000CSI	Homo sapiens SK-N-SH nuclear fraction	4	RNU5E-1	U5	5910
ENCFF531ZHW	ENCSR000CSI	Homo sapiens SK-N-SH nuclear fraction	4	RNU1-1	U1	0
ENCFF531ZHW	ENCSR000CSI	Homo sapiens SK-N-SH nuclear fraction	4	RNU1-3	U1	0
ENCFF531ZHW	ENCSR000CSI	Homo sapiens SK-N-SH nuclear fraction	4	RNU1-4	U1	0
ENCFF531ZHW	ENCSR000CSI	Homo sapiens SK-N-SH nuclear fraction	4	RNU1-2	U1	0
ENCFF531ZHW	ENCSR000CSI	Homo sapiens SK-N-SH nuclear fraction	4	RNU11	U11	0
ENCFF531ZHW	ENCSR000CSI	Homo sapiens SK-N-SH nuclear fraction	4	RNU5F-1	U5	7474
ENCFF531ZHW	ENCSR000CSI	Homo sapiens SK-N-SH nuclear fraction	4	RNU5D-1	U5	27571
ENCFF531ZHW	ENCSR000CSI	Homo sapiens SK-N-SH nuclear fraction	4	RNU4ATAC	U4atac	1153
ENCFF531ZHW	ENCSR000CSI	Homo sapiens SK-N-SH nuclear fraction	4	RMRP		0
ENCFF531ZHW	ENCSR000CSI	Homo sapiens SK-N-SH nuclear fraction	4	RNU6ATAC	U6atac	784
ENCFF531ZHW	ENCSR000CSI	Homo sapiens SK-N-SH nuclear fraction	4	RNU2-2P	U2	0
ENCFF531ZHW	ENCSR000CSI	Homo sapiens SK-N-SH nuclear fraction	4	RNU7-1	U7	0
ENCFF531ZHW	ENCSR000CSI	Homo sapiens SK-N-SH nuclear fraction	4	RNU4-2	U4	10848
ENCFF531ZHW	ENCSR000CSI	Homo sapiens SK-N-SH nuclear fraction	4	RNU4-1	U4	1989
ENCFF531ZHW	ENCSR000CSI	Homo sapiens SK-N-SH nuclear fraction	4	RPPH1		0
ENCFF531ZHW	ENCSR000CSI	Homo sapiens SK-N-SH nuclear fraction	4	RNU6-7	U6	0
ENCFF531ZHW	ENCSR000CSI	Homo sapiens SK-N-SH nuclear fraction	4	RNU6-8	U6	1
ENCFF531ZHW	ENCSR000CSI	Homo sapiens SK-N-SH nuclear fraction	4	RN7SL1		0
ENCFF531ZHW	ENCSR000CSI	Homo sapiens SK-N-SH nuclear fraction	4	RN7SL2		1
ENCFF531ZHW	ENCSR000CSI	Homo sapiens SK-N-SH nuclear fraction	4	RNU5A-1	U5	4824
ENCFF531ZHW	ENCSR000CSI	Homo sapiens SK-N-SH nuclear fraction	4	RNU5B-1	U5	6021
ENCFF531ZHW	ENCSR000CSI	Homo sapiens SK-N-SH nuclear fraction	4	RNU6-1	U6	4
ENCFF531ZHW	ENCSR000CSI	Homo sapiens SK-N-SH nuclear fraction	4	RNU2-1	U2	0
ENCFF531ZHW	ENCSR000CSI	Homo sapiens SK-N-SH nuclear fraction	4	RNU6-9	U6	11
ENCFF531ZHW	ENCSR000CSI	Homo sapiens SK-N-SH nuclear fraction	4	RNU6-2	U6	4
ENCFF531ZHW	ENCSR000CSI	Homo sapiens SK-N-SH nuclear fraction	4	RNU12	U12	0
ENCFF662JNM	ENCSR000CSH	Homo sapiens SK-N-SH cytosolic fraction	3	RNU5E-1	U5	1559
ENCFF662JNM	ENCSR000CSH	Homo sapiens SK-N-SH cytosolic fraction	3	RNU1-1	U1	0
ENCFF662JNM	ENCSR000CSH	Homo sapiens SK-N-SH cytosolic fraction	3	RNU1-3	U1	0
ENCFF662JNM	ENCSR000CSH	Homo sapiens SK-N-SH cytosolic fraction	3	RNU1-4	U1	0
ENCFF662JNM	ENCSR000CSH	Homo sapiens SK-N-SH cytosolic fraction	3	RNU1-2	U1	0
ENCFF662JNM	ENCSR000CSH	Homo sapiens SK-N-SH cytosolic fraction	3	RNU11	U11	0
ENCFF662JNM	ENCSR000CSH	Homo sapiens SK-N-SH cytosolic fraction	3	RNU5F-1	U5	3648
ENCFF662JNM	ENCSR000CSH	Homo sapiens SK-N-SH cytosolic fraction	3	RNU5D-1	U5	14501
ENCFF662JNM	ENCSR000CSH	Homo sapiens SK-N-SH cytosolic fraction	3	RNU4ATAC	U4atac	1174
ENCFF662JNM	ENCSR000CSH	Homo sapiens SK-N-SH cytosolic fraction	3	RMRP		0
ENCFF662JNM	ENCSR000CSH	Homo sapiens SK-N-SH cytosolic fraction	3	RNU6ATAC	U6atac	1912
ENCFF662JNM	ENCSR000CSH	Homo sapiens SK-N-SH cytosolic fraction	3	RNU2-2P	U2	0
ENCFF662JNM	ENCSR000CSH	Homo sapiens SK-N-SH cytosolic fraction	3	RNU7-1	U7	0
ENCFF662JNM	ENCSR000CSH	Homo sapiens SK-N-SH cytosolic fraction	3	RNU4-2	U4	513
ENCFF662JNM	ENCSR000CSH	Homo sapiens SK-N-SH cytosolic fraction	3	RNU4-1	U4	147
ENCFF662JNM	ENCSR000CSH	Homo sapiens SK-N-SH cytosolic fraction	3	RPPH1		0
ENCFF662JNM	ENCSR000CSH	Homo sapiens SK-N-SH cytosolic fraction	3	RNU6-7	U6	0
ENCFF662JNM	ENCSR000CSH	Homo sapiens SK-N-SH cytosolic fraction	3	RNU6-8	U6	10
ENCFF662JNM	ENCSR000CSH	Homo sapiens SK-N-SH cytosolic fraction	3	RN7SL1		0
ENCFF662JNM	ENCSR000CSH	Homo sapiens SK-N-SH cytosolic fraction	3	RN7SL2		0
ENCFF662JNM	ENCSR000CSH	Homo sapiens SK-N-SH cytosolic fraction	3	RNU5A-1	U5	1114
ENCFF662JNM	ENCSR000CSH	Homo sapiens SK-N-SH cytosolic fraction	3	RNU5B-1	U5	769
ENCFF662JNM	ENCSR000CSH	Homo sapiens SK-N-SH cytosolic fraction	3	RNU6-1	U6	22
ENCFF662JNM	ENCSR000CSH	Homo sapiens SK-N-SH cytosolic fraction	3	RNU2-1	U2	0
ENCFF662JNM	ENCSR000CSH	Homo sapiens SK-N-SH cytosolic fraction	3	RNU6-9	U6	72
ENCFF662JNM	ENCSR000CSH	Homo sapiens SK-N-SH cytosolic fraction	3	RNU6-2	U6	32
ENCFF662JNM	ENCSR000CSH	Homo sapiens SK-N-SH cytosolic fraction	3	RNU12	U12	0
ENCFF779AAW	ENCSR000CSH	Homo sapiens SK-N-SH cytosolic fraction	4	RNU5E-1	U5	3688
ENCFF779AAW	ENCSR000CSH	Homo sapiens SK-N-SH cytosolic fraction	4	RNU1-1	U1	0
ENCFF779AAW	ENCSR000CSH	Homo sapiens SK-N-SH cytosolic fraction	4	RNU1-3	U1	0
ENCFF779AAW	ENCSR000CSH	Homo sapiens SK-N-SH cytosolic fraction	4	RNU1-4	U1	0
ENCFF779AAW	ENCSR000CSH	Homo sapiens SK-N-SH cytosolic fraction	4	RNU1-2	U1	0
ENCFF779AAW	ENCSR000CSH	Homo sapiens SK-N-SH cytosolic fraction	4	RNU11	U11	0
ENCFF779AAW	ENCSR000CSH	Homo sapiens SK-N-SH cytosolic fraction	4	RNU5F-1	U5	1611
ENCFF779AAW	ENCSR000CSH	Homo sapiens SK-N-SH cytosolic fraction	4	RNU5D-1	U5	24519
ENCFF779AAW	ENCSR000CSH	Homo sapiens SK-N-SH cytosolic fraction	4	RNU4ATAC	U4atac	2494
ENCFF779AAW	ENCSR000CSH	Homo sapiens SK-N-SH cytosolic fraction	4	RMRP		0
ENCFF779AAW	ENCSR000CSH	Homo sapiens SK-N-SH cytosolic fraction	4	RNU6ATAC	U6atac	11063
ENCFF779AAW	ENCSR000CSH	Homo sapiens SK-N-SH cytosolic fraction	4	RNU2-2P	U2	0
ENCFF779AAW	ENCSR000CSH	Homo sapiens SK-N-SH cytosolic fraction	4	RNU7-1	U7	0
ENCFF779AAW	ENCSR000CSH	Homo sapiens SK-N-SH cytosolic fraction	4	RNU4-2	U4	754
ENCFF779AAW	ENCSR000CSH	Homo sapiens SK-N-SH cytosolic fraction	4	RNU4-1	U4	140
ENCFF779AAW	ENCSR000CSH	Homo sapiens SK-N-SH cytosolic fraction	4	RPPH1		0
ENCFF779AAW	ENCSR000CSH	Homo sapiens SK-N-SH cytosolic fraction	4	RNU6-7	U6	4
ENCFF779AAW	ENCSR000CSH	Homo sapiens SK-N-SH cytosolic fraction	4	RNU6-8	U6	37
ENCFF779AAW	ENCSR000CSH	Homo sapiens SK-N-SH cytosolic fraction	4	RN7SL1		0
ENCFF779AAW	ENCSR000CSH	Homo sapiens SK-N-SH cytosolic fraction	4	RN7SL2		2
ENCFF779AAW	ENCSR000CSH	Homo sapiens SK-N-SH cytosolic fraction	4	RNU5A-1	U5	2591
ENCFF779AAW	ENCSR000CSH	Homo sapiens SK-N-SH cytosolic fraction	4	RNU5B-1	U5	2110
ENCFF779AAW	ENCSR000CSH	Homo sapiens SK-N-SH cytosolic fraction	4	RNU6-1	U6	15
ENCFF779AAW	ENCSR000CSH	Homo sapiens SK-N-SH cytosolic fraction	4	RNU2-1	U2	0
ENCFF779AAW	ENCSR000CSH	Homo sapiens SK-N-SH cytosolic fraction	4	RNU6-9	U6	80
ENCFF779AAW	ENCSR000CSH	Homo sapiens SK-N-SH cytosolic fraction	4	RNU6-2	U6	35
ENCFF779AAW	ENCSR000CSH	Homo sapiens SK-N-SH cytosolic fraction	4	RNU12	U12	0
ENCFF992KQZ	ENCSR000CSJ	Homo sapiens SK-N-SH	3	RNU5E-1	U5	5794
ENCFF992KQZ	ENCSR000CSJ	Homo sapiens SK-N-SH	3	RNU1-1	U1	0
ENCFF992KQZ	ENCSR000CSJ	Homo sapiens SK-N-SH	3	RNU1-3	U1	0
ENCFF992KQZ	ENCSR000CSJ	Homo sapiens SK-N-SH	3	RNU1-4	U1	0
ENCFF992KQZ	ENCSR000CSJ	Homo sapiens SK-N-SH	3	RNU1-2	U1	0
ENCFF992KQZ	ENCSR000CSJ	Homo sapiens SK-N-SH	3	RNU11	U11	0
ENCFF992KQZ	ENCSR000CSJ	Homo sapiens SK-N-SH	3	RNU5F-1	U5	11062
ENCFF992KQZ	ENCSR000CSJ	Homo sapiens SK-N-SH	3	RNU5D-1	U5	46149
ENCFF992KQZ	ENCSR000CSJ	Homo sapiens SK-N-SH	3	RNU4ATAC	U4atac	2394
ENCFF992KQZ	ENCSR000CSJ	Homo sapiens SK-N-SH	3	RMRP		0
ENCFF992KQZ	ENCSR000CSJ	Homo sapiens SK-N-SH	3	RNU6ATAC	U6atac	4444
ENCFF992KQZ	ENCSR000CSJ	Homo sapiens SK-N-SH	3	RNU2-2P	U2	0
ENCFF992KQZ	ENCSR000CSJ	Homo sapiens SK-N-SH	3	RNU7-1	U7	0
ENCFF992KQZ	ENCSR000CSJ	Homo sapiens SK-N-SH	3	RNU4-2	U4	2239
ENCFF992KQZ	ENCSR000CSJ	Homo sapiens SK-N-SH	3	RNU4-1	U4	371
ENCFF992KQZ	ENCSR000CSJ	Homo sapiens SK-N-SH	3	RPPH1		0
ENCFF992KQZ	ENCSR000CSJ	Homo sapiens SK-N-SH	3	RNU6-7	U6	0
ENCFF992KQZ	ENCSR000CSJ	Homo sapiens SK-N-SH	3	RNU6-8	U6	55
ENCFF992KQZ	ENCSR000CSJ	Homo sapiens SK-N-SH	3	RN7SL1		0
ENCFF992KQZ	ENCSR000CSJ	Homo sapiens SK-N-SH	3	RN7SL2		11
ENCFF992KQZ	ENCSR000CSJ	Homo sapiens SK-N-SH	3	RNU5A-1	U5	3172
ENCFF992KQZ	ENCSR000CSJ	Homo sapiens SK-N-SH	3	RNU5B-1	U5	2046
ENCFF992KQZ	ENCSR000CSJ	Homo sapiens SK-N-SH	3	RNU6-1	U6	17
ENCFF992KQZ	ENCSR000CSJ	Homo sapiens SK-N-SH	3	RNU2-1	U2	0
ENCFF992KQZ	ENCSR000CSJ	Homo sapiens SK-N-SH	3	RNU6-9	U6	26
ENCFF992KQZ	ENCSR000CSJ	Homo sapiens SK-N-SH	3	RNU6-2	U6	10
ENCFF992KQZ	ENCSR000CSJ	Homo sapiens SK-N-SH	3	RNU12	U12	0
ENCFF622UFZ	ENCSR000CSJ	Homo sapiens SK-N-SH	4	RNU5E-1	U5	864
ENCFF622UFZ	ENCSR000CSJ	Homo sapiens SK-N-SH	4	RNU1-1	U1	0
ENCFF622UFZ	ENCSR000CSJ	Homo sapiens SK-N-SH	4	RNU1-3	U1	0
ENCFF622UFZ	ENCSR000CSJ	Homo sapiens SK-N-SH	4	RNU1-4	U1	0
ENCFF622UFZ	ENCSR000CSJ	Homo sapiens SK-N-SH	4	RNU1-2	U1	2
ENCFF622UFZ	ENCSR000CSJ	Homo sapiens SK-N-SH	4	RNU11	U11	0
ENCFF622UFZ	ENCSR000CSJ	Homo sapiens SK-N-SH	4	RNU5F-1	U5	566
ENCFF622UFZ	ENCSR000CSJ	Homo sapiens SK-N-SH	4	RNU5D-1	U5	30958
ENCFF622UFZ	ENCSR000CSJ	Homo sapiens SK-N-SH	4	RNU4ATAC	U4atac	1146
ENCFF622UFZ	ENCSR000CSJ	Homo sapiens SK-N-SH	4	RMRP		0
ENCFF622UFZ	ENCSR000CSJ	Homo sapiens SK-N-SH	4	RNU6ATAC	U6atac	282
ENCFF622UFZ	ENCSR000CSJ	Homo sapiens SK-N-SH	4	RNU2-2P	U2	0
ENCFF622UFZ	ENCSR000CSJ	Homo sapiens SK-N-SH	4	RNU7-1	U7	0
ENCFF622UFZ	ENCSR000CSJ	Homo sapiens SK-N-SH	4	RNU4-2	U4	414
ENCFF622UFZ	ENCSR000CSJ	Homo sapiens SK-N-SH	4	RNU4-1	U4	129
ENCFF622UFZ	ENCSR000CSJ	Homo sapiens SK-N-SH	4	RPPH1		0
ENCFF622UFZ	ENCSR000CSJ	Homo sapiens SK-N-SH	4	RNU6-7	U6	0
ENCFF622UFZ	ENCSR000CSJ	Homo sapiens SK-N-SH	4	RNU6-8	U6	35
ENCFF622UFZ	ENCSR000CSJ	Homo sapiens SK-N-SH	4	RN7SL1		0
ENCFF622UFZ	ENCSR000CSJ	Homo sapiens SK-N-SH	4	RN7SL2		0
ENCFF622UFZ	ENCSR000CSJ	Homo sapiens SK-N-SH	4	RNU5A-1	U5	1916
ENCFF622UFZ	ENCSR000CSJ	Homo sapiens SK-N-SH	4	RNU5B-1	U5	1345
ENCFF622UFZ	ENCSR000CSJ	Homo sapiens SK-N-SH	4	RNU6-1	U6	2
ENCFF622UFZ	ENCSR000CSJ	Homo sapiens SK-N-SH	4	RNU2-1	U2	0
ENCFF622UFZ	ENCSR000CSJ	Homo sapiens SK-N-SH	4	RNU6-9	U6	109
ENCFF622UFZ	ENCSR000CSJ	Homo sapiens SK-N-SH	4	RNU6-2	U6	9
ENCFF622UFZ	ENCSR000CSJ	Homo sapiens SK-N-SH	4	RNU12	U12	0
ENCFF044TES	ENCSR000CRT	Homo sapiens keratinocyte cytosolic fraction female	3	RNU5E-1	U5	85
ENCFF044TES	ENCSR000CRT	Homo sapiens keratinocyte cytosolic fraction female	3	RNU1-1	U1	0
ENCFF044TES	ENCSR000CRT	Homo sapiens keratinocyte cytosolic fraction female	3	RNU1-3	U1	0
ENCFF044TES	ENCSR000CRT	Homo sapiens keratinocyte cytosolic fraction female	3	RNU1-4	U1	0
ENCFF044TES	ENCSR000CRT	Homo sapiens keratinocyte cytosolic fraction female	3	RNU1-2	U1	0
ENCFF044TES	ENCSR000CRT	Homo sapiens keratinocyte cytosolic fraction female	3	RNU11	U11	0
ENCFF044TES	ENCSR000CRT	Homo sapiens keratinocyte cytosolic fraction female	3	RNU5F-1	U5	45
ENCFF044TES	ENCSR000CRT	Homo sapiens keratinocyte cytosolic fraction female	3	RNU5D-1	U5	17
ENCFF044TES	ENCSR000CRT	Homo sapiens keratinocyte cytosolic fraction female	3	RNU4ATAC	U4atac	110
ENCFF044TES	ENCSR000CRT	Homo sapiens keratinocyte cytosolic fraction female	3	RMRP		0
ENCFF044TES	ENCSR000CRT	Homo sapiens keratinocyte cytosolic fraction female	3	RNU6ATAC	U6atac	38
ENCFF044TES	ENCSR000CRT	Homo sapiens keratinocyte cytosolic fraction female	3	RNU2-2P	U2	0
ENCFF044TES	ENCSR000CRT	Homo sapiens keratinocyte cytosolic fraction female	3	RNU7-1	U7	0
ENCFF044TES	ENCSR000CRT	Homo sapiens keratinocyte cytosolic fraction female	3	RNU4-2	U4	512
ENCFF044TES	ENCSR000CRT	Homo sapiens keratinocyte cytosolic fraction female	3	RNU4-1	U4	30
ENCFF044TES	ENCSR000CRT	Homo sapiens keratinocyte cytosolic fraction female	3	RPPH1		0
ENCFF044TES	ENCSR000CRT	Homo sapiens keratinocyte cytosolic fraction female	3	RNU6-7	U6	0
ENCFF044TES	ENCSR000CRT	Homo sapiens keratinocyte cytosolic fraction female	3	RNU6-8	U6	1
ENCFF044TES	ENCSR000CRT	Homo sapiens keratinocyte cytosolic fraction female	3	RN7SL1		0
ENCFF044TES	ENCSR000CRT	Homo sapiens keratinocyte cytosolic fraction female	3	RN7SL2		0
ENCFF044TES	ENCSR000CRT	Homo sapiens keratinocyte cytosolic fraction female	3	RNU5A-1	U5	66
ENCFF044TES	ENCSR000CRT	Homo sapiens keratinocyte cytosolic fraction female	3	RNU5B-1	U5	38
ENCFF044TES	ENCSR000CRT	Homo sapiens keratinocyte cytosolic fraction female	3	RNU6-1	U6	0
ENCFF044TES	ENCSR000CRT	Homo sapiens keratinocyte cytosolic fraction female	3	RNU2-1	U2	0
ENCFF044TES	ENCSR000CRT	Homo sapiens keratinocyte cytosolic fraction female	3	RNU6-9	U6	0
ENCFF044TES	ENCSR000CRT	Homo sapiens keratinocyte cytosolic fraction female	3	RNU6-2	U6	4
ENCFF044TES	ENCSR000CRT	Homo sapiens keratinocyte cytosolic fraction female	3	RNU12	U12	0
ENCFF443LTY	ENCSR000CRT	Homo sapiens keratinocyte cytosolic fraction female	4	RNU5E-1	U5	49
ENCFF443LTY	ENCSR000CRT	Homo sapiens keratinocyte cytosolic fraction female	4	RNU1-1	U1	0
ENCFF443LTY	ENCSR000CRT	Homo sapiens keratinocyte cytosolic fraction female	4	RNU1-3	U1	0
ENCFF443LTY	ENCSR000CRT	Homo sapiens keratinocyte cytosolic fraction female	4	RNU1-4	U1	0
ENCFF443LTY	ENCSR000CRT	Homo sapiens keratinocyte cytosolic fraction female	4	RNU1-2	U1	0
ENCFF443LTY	ENCSR000CRT	Homo sapiens keratinocyte cytosolic fraction female	4	RNU11	U11	0
ENCFF443LTY	ENCSR000CRT	Homo sapiens keratinocyte cytosolic fraction female	4	RNU5F-1	U5	24
ENCFF443LTY	ENCSR000CRT	Homo sapiens keratinocyte cytosolic fraction female	4	RNU5D-1	U5	13
ENCFF443LTY	ENCSR000CRT	Homo sapiens keratinocyte cytosolic fraction female	4	RNU4ATAC	U4atac	117
ENCFF443LTY	ENCSR000CRT	Homo sapiens keratinocyte cytosolic fraction female	4	RMRP		0
ENCFF443LTY	ENCSR000CRT	Homo sapiens keratinocyte cytosolic fraction female	4	RNU6ATAC	U6atac	36
ENCFF443LTY	ENCSR000CRT	Homo sapiens keratinocyte cytosolic fraction female	4	RNU2-2P	U2	0
ENCFF443LTY	ENCSR000CRT	Homo sapiens keratinocyte cytosolic fraction female	4	RNU7-1	U7	0
ENCFF443LTY	ENCSR000CRT	Homo sapiens keratinocyte cytosolic fraction female	4	RNU4-2	U4	140
ENCFF443LTY	ENCSR000CRT	Homo sapiens keratinocyte cytosolic fraction female	4	RNU4-1	U4	18
ENCFF443LTY	ENCSR000CRT	Homo sapiens keratinocyte cytosolic fraction female	4	RPPH1		0
ENCFF443LTY	ENCSR000CRT	Homo sapiens keratinocyte cytosolic fraction female	4	RNU6-7	U6	0
ENCFF443LTY	ENCSR000CRT	Homo sapiens keratinocyte cytosolic fraction female	4	RNU6-8	U6	1
ENCFF443LTY	ENCSR000CRT	Homo sapiens keratinocyte cytosolic fraction female	4	RN7SL1		0
ENCFF443LTY	ENCSR000CRT	Homo sapiens keratinocyte cytosolic fraction female	4	RN7SL2		0
ENCFF443LTY	ENCSR000CRT	Homo sapiens keratinocyte cytosolic fraction female	4	RNU5A-1	U5	46
ENCFF443LTY	ENCSR000CRT	Homo sapiens keratinocyte cytosolic fraction female	4	RNU5B-1	U5	21
ENCFF443LTY	ENCSR000CRT	Homo sapiens keratinocyte cytosolic fraction female	4	RNU6-1	U6	0
ENCFF443LTY	ENCSR000CRT	Homo sapiens keratinocyte cytosolic fraction female	4	RNU2-1	U2	0
ENCFF443LTY	ENCSR000CRT	Homo sapiens keratinocyte cytosolic fraction female	4	RNU6-9	U6	1
ENCFF443LTY	ENCSR000CRT	Homo sapiens keratinocyte cytosolic fraction female	4	RNU6-2	U6	2
ENCFF443LTY	ENCSR000CRT	Homo sapiens keratinocyte cytosolic fraction female	4	RNU12	U12	0
ENCFF336JNV	ENCSR000CRU	Homo sapiens keratinocyte nuclear fraction female	3	RNU5E-1	U5	118
ENCFF336JNV	ENCSR000CRU	Homo sapiens keratinocyte nuclear fraction female	3	RNU1-1	U1	0
ENCFF336JNV	ENCSR000CRU	Homo sapiens keratinocyte nuclear fraction female	3	RNU1-3	U1	0
ENCFF336JNV	ENCSR000CRU	Homo sapiens keratinocyte nuclear fraction female	3	RNU1-4	U1	0
ENCFF336JNV	ENCSR000CRU	Homo sapiens keratinocyte nuclear fraction female	3	RNU1-2	U1	0
ENCFF336JNV	ENCSR000CRU	Homo sapiens keratinocyte nuclear fraction female	3	RNU11	U11	0
ENCFF336JNV	ENCSR000CRU	Homo sapiens keratinocyte nuclear fraction female	3	RNU5F-1	U5	44
ENCFF336JNV	ENCSR000CRU	Homo sapiens keratinocyte nuclear fraction female	3	RNU5D-1	U5	1
ENCFF336JNV	ENCSR000CRU	Homo sapiens keratinocyte nuclear fraction female	3	RNU4ATAC	U4atac	232
ENCFF336JNV	ENCSR000CRU	Homo sapiens keratinocyte nuclear fraction female	3	RMRP		0
ENCFF336JNV	ENCSR000CRU	Homo sapiens keratinocyte nuclear fraction female	3	RNU6ATAC	U6atac	7
ENCFF336JNV	ENCSR000CRU	Homo sapiens keratinocyte nuclear fraction female	3	RNU2-2P	U2	0
ENCFF336JNV	ENCSR000CRU	Homo sapiens keratinocyte nuclear fraction female	3	RNU7-1	U7	0
ENCFF336JNV	ENCSR000CRU	Homo sapiens keratinocyte nuclear fraction female	3	RNU4-2	U4	66
ENCFF336JNV	ENCSR000CRU	Homo sapiens keratinocyte nuclear fraction female	3	RNU4-1	U4	19
ENCFF336JNV	ENCSR000CRU	Homo sapiens keratinocyte nuclear fraction female	3	RPPH1		0
ENCFF336JNV	ENCSR000CRU	Homo sapiens keratinocyte nuclear fraction female	3	RNU6-7	U6	0
ENCFF336JNV	ENCSR000CRU	Homo sapiens keratinocyte nuclear fraction female	3	RNU6-8	U6	0
ENCFF336JNV	ENCSR000CRU	Homo sapiens keratinocyte nuclear fraction female	3	RN7SL1		0
ENCFF336JNV	ENCSR000CRU	Homo sapiens keratinocyte nuclear fraction female	3	RN7SL2		0
ENCFF336JNV	ENCSR000CRU	Homo sapiens keratinocyte nuclear fraction female	3	RNU5A-1	U5	103
ENCFF336JNV	ENCSR000CRU	Homo sapiens keratinocyte nuclear fraction female	3	RNU5B-1	U5	109
ENCFF336JNV	ENCSR000CRU	Homo sapiens keratinocyte nuclear fraction female	3	RNU6-1	U6	0
ENCFF336JNV	ENCSR000CRU	Homo sapiens keratinocyte nuclear fraction female	3	RNU2-1	U2	0
ENCFF336JNV	ENCSR000CRU	Homo sapiens keratinocyte nuclear fraction female	3	RNU6-9	U6	3
ENCFF336JNV	ENCSR000CRU	Homo sapiens keratinocyte nuclear fraction female	3	RNU6-2	U6	1
ENCFF336JNV	ENCSR000CRU	Homo sapiens keratinocyte nuclear fraction female	3	RNU12	U12	0
ENCFF678ASG	ENCSR000CRU	Homo sapiens keratinocyte nuclear fraction female	4	RNU5E-1	U5	126
ENCFF678ASG	ENCSR000CRU	Homo sapiens keratinocyte nuclear fraction female	4	RNU1-1	U1	0
ENCFF678ASG	ENCSR000CRU	Homo sapiens keratinocyte nuclear fraction female	4	RNU1-3	U1	0
ENCFF678ASG	ENCSR000CRU	Homo sapiens keratinocyte nuclear fraction female	4	RNU1-4	U1	0
ENCFF678ASG	ENCSR000CRU	Homo sapiens keratinocyte nuclear fraction female	4	RNU1-2	U1	0
ENCFF678ASG	ENCSR000CRU	Homo sapiens keratinocyte nuclear fraction female	4	RNU11	U11	0
ENCFF678ASG	ENCSR000CRU	Homo sapiens keratinocyte nuclear fraction female	4	RNU5F-1	U5	57
ENCFF678ASG	ENCSR000CRU	Homo sapiens keratinocyte nuclear fraction female	4	RNU5D-1	U5	13
ENCFF678ASG	ENCSR000CRU	Homo sapiens keratinocyte nuclear fraction female	4	RNU4ATAC	U4atac	168
ENCFF678ASG	ENCSR000CRU	Homo sapiens keratinocyte nuclear fraction female	4	RMRP		0
ENCFF678ASG	ENCSR000CRU	Homo sapiens keratinocyte nuclear fraction female	4	RNU6ATAC	U6atac	2
ENCFF678ASG	ENCSR000CRU	Homo sapiens keratinocyte nuclear fraction female	4	RNU2-2P	U2	0
ENCFF678ASG	ENCSR000CRU	Homo sapiens keratinocyte nuclear fraction female	4	RNU7-1	U7	0
ENCFF678ASG	ENCSR000CRU	Homo sapiens keratinocyte nuclear fraction female	4	RNU4-2	U4	127
ENCFF678ASG	ENCSR000CRU	Homo sapiens keratinocyte nuclear fraction female	4	RNU4-1	U4	49
ENCFF678ASG	ENCSR000CRU	Homo sapiens keratinocyte nuclear fraction female	4	RPPH1		0
ENCFF678ASG	ENCSR000CRU	Homo sapiens keratinocyte nuclear fraction female	4	RNU6-7	U6	0
ENCFF678ASG	ENCSR000CRU	Homo sapiens keratinocyte nuclear fraction female	4	RNU6-8	U6	0
ENCFF678ASG	ENCSR000CRU	Homo sapiens keratinocyte nuclear fraction female	4	RN7SL1		0
ENCFF678ASG	ENCSR000CRU	Homo sapiens keratinocyte nuclear fraction female	4	RN7SL2		0
ENCFF678ASG	ENCSR000CRU	Homo sapiens keratinocyte nuclear fraction female	4	RNU5A-1	U5	157
ENCFF678ASG	ENCSR000CRU	Homo sapiens keratinocyte nuclear fraction female	4	RNU5B-1	U5	139
ENCFF678ASG	ENCSR000CRU	Homo sapiens keratinocyte nuclear fraction female	4	RNU6-1	U6	0
ENCFF678ASG	ENCSR000CRU	Homo sapiens keratinocyte nuclear fraction female	4	RNU2-1	U2	0
ENCFF678ASG	ENCSR000CRU	Homo sapiens keratinocyte nuclear fraction female	4	RNU6-9	U6	6
ENCFF678ASG	ENCSR000CRU	Homo sapiens keratinocyte nuclear fraction female	4	RNU6-2	U6	5
ENCFF678ASG	ENCSR000CRU	Homo sapiens keratinocyte nuclear fraction female	4	RNU12	U12	0
ENCFF118NJR	ENCSR000CQZ	Homo sapiens K562 nucleolus fraction	3	RNU5E-1	U5	14401
ENCFF118NJR	ENCSR000CQZ	Homo sapiens K562 nucleolus fraction	3	RNU1-1	U1	0
ENCFF118NJR	ENCSR000CQZ	Homo sapiens K562 nucleolus fraction	3	RNU1-3	U1	0
ENCFF118NJR	ENCSR000CQZ	Homo sapiens K562 nucleolus fraction	3	RNU1-4	U1	0
ENCFF118NJR	ENCSR000CQZ	Homo sapiens K562 nucleolus fraction	3	RNU1-2	U1	0
ENCFF118NJR	ENCSR000CQZ	Homo sapiens K562 nucleolus fraction	3	RNU11	U11	0
ENCFF118NJR	ENCSR000CQZ	Homo sapiens K562 nucleolus fraction	3	RNU5F-1	U5	13123
ENCFF118NJR	ENCSR000CQZ	Homo sapiens K562 nucleolus fraction	3	RNU5D-1	U5	4238
ENCFF118NJR	ENCSR000CQZ	Homo sapiens K562 nucleolus fraction	3	RNU4ATAC	U4atac	508
ENCFF118NJR	ENCSR000CQZ	Homo sapiens K562 nucleolus fraction	3	RMRP		0
ENCFF118NJR	ENCSR000CQZ	Homo sapiens K562 nucleolus fraction	3	RNU6ATAC	U6atac	498
ENCFF118NJR	ENCSR000CQZ	Homo sapiens K562 nucleolus fraction	3	RNU2-2P	U2	0
ENCFF118NJR	ENCSR000CQZ	Homo sapiens K562 nucleolus fraction	3	RNU7-1	U7	0
ENCFF118NJR	ENCSR000CQZ	Homo sapiens K562 nucleolus fraction	3	RNU4-2	U4	15778
ENCFF118NJR	ENCSR000CQZ	Homo sapiens K562 nucleolus fraction	3	RNU4-1	U4	4882
ENCFF118NJR	ENCSR000CQZ	Homo sapiens K562 nucleolus fraction	3	RPPH1		0
ENCFF118NJR	ENCSR000CQZ	Homo sapiens K562 nucleolus fraction	3	RNU6-7	U6	0
ENCFF118NJR	ENCSR000CQZ	Homo sapiens K562 nucleolus fraction	3	RNU6-8	U6	0
ENCFF118NJR	ENCSR000CQZ	Homo sapiens K562 nucleolus fraction	3	RN7SL1		0
ENCFF118NJR	ENCSR000CQZ	Homo sapiens K562 nucleolus fraction	3	RN7SL2		0
ENCFF118NJR	ENCSR000CQZ	Homo sapiens K562 nucleolus fraction	3	RNU5A-1	U5	5823
ENCFF118NJR	ENCSR000CQZ	Homo sapiens K562 nucleolus fraction	3	RNU5B-1	U5	33974
ENCFF118NJR	ENCSR000CQZ	Homo sapiens K562 nucleolus fraction	3	RNU6-1	U6	0
ENCFF118NJR	ENCSR000CQZ	Homo sapiens K562 nucleolus fraction	3	RNU2-1	U2	0
ENCFF118NJR	ENCSR000CQZ	Homo sapiens K562 nucleolus fraction	3	RNU6-9	U6	52
ENCFF118NJR	ENCSR000CQZ	Homo sapiens K562 nucleolus fraction	3	RNU6-2	U6	1
ENCFF118NJR	ENCSR000CQZ	Homo sapiens K562 nucleolus fraction	3	RNU12	U12	0
ENCFF472BFD	ENCSR000CQZ	Homo sapiens K562 nucleolus fraction	4	RNU5E-1	U5	16285
ENCFF472BFD	ENCSR000CQZ	Homo sapiens K562 nucleolus fraction	4	RNU1-1	U1	0
ENCFF472BFD	ENCSR000CQZ	Homo sapiens K562 nucleolus fraction	4	RNU1-3	U1	0
ENCFF472BFD	ENCSR000CQZ	Homo sapiens K562 nucleolus fraction	4	RNU1-4	U1	0
ENCFF472BFD	ENCSR000CQZ	Homo sapiens K562 nucleolus fraction	4	RNU1-2	U1	0
ENCFF472BFD	ENCSR000CQZ	Homo sapiens K562 nucleolus fraction	4	RNU11	U11	0
ENCFF472BFD	ENCSR000CQZ	Homo sapiens K562 nucleolus fraction	4	RNU5F-1	U5	20653
ENCFF472BFD	ENCSR000CQZ	Homo sapiens K562 nucleolus fraction	4	RNU5D-1	U5	3158
ENCFF472BFD	ENCSR000CQZ	Homo sapiens K562 nucleolus fraction	4	RNU4ATAC	U4atac	380
ENCFF472BFD	ENCSR000CQZ	Homo sapiens K562 nucleolus fraction	4	RMRP		0
ENCFF472BFD	ENCSR000CQZ	Homo sapiens K562 nucleolus fraction	4	RNU6ATAC	U6atac	968
ENCFF472BFD	ENCSR000CQZ	Homo sapiens K562 nucleolus fraction	4	RNU2-2P	U2	0
ENCFF472BFD	ENCSR000CQZ	Homo sapiens K562 nucleolus fraction	4	RNU7-1	U7	0
ENCFF472BFD	ENCSR000CQZ	Homo sapiens K562 nucleolus fraction	4	RNU4-2	U4	29089
ENCFF472BFD	ENCSR000CQZ	Homo sapiens K562 nucleolus fraction	4	RNU4-1	U4	11387
ENCFF472BFD	ENCSR000CQZ	Homo sapiens K562 nucleolus fraction	4	RPPH1		0
ENCFF472BFD	ENCSR000CQZ	Homo sapiens K562 nucleolus fraction	4	RNU6-7	U6	0
ENCFF472BFD	ENCSR000CQZ	Homo sapiens K562 nucleolus fraction	4	RNU6-8	U6	0
ENCFF472BFD	ENCSR000CQZ	Homo sapiens K562 nucleolus fraction	4	RN7SL1		0
ENCFF472BFD	ENCSR000CQZ	Homo sapiens K562 nucleolus fraction	4	RN7SL2		0
ENCFF472BFD	ENCSR000CQZ	Homo sapiens K562 nucleolus fraction	4	RNU5A-1	U5	9850
ENCFF472BFD	ENCSR000CQZ	Homo sapiens K562 nucleolus fraction	4	RNU5B-1	U5	20602
ENCFF472BFD	ENCSR000CQZ	Homo sapiens K562 nucleolus fraction	4	RNU6-1	U6	0
ENCFF472BFD	ENCSR000CQZ	Homo sapiens K562 nucleolus fraction	4	RNU2-1	U2	0
ENCFF472BFD	ENCSR000CQZ	Homo sapiens K562 nucleolus fraction	4	RNU6-9	U6	9
ENCFF472BFD	ENCSR000CQZ	Homo sapiens K562 nucleolus fraction	4	RNU6-2	U6	4
ENCFF472BFD	ENCSR000CQZ	Homo sapiens K562 nucleolus fraction	4	RNU12	U12	0
ENCFF047YOU	ENCSR000CQY	Homo sapiens K562 cytosolic fraction	1	RNU5E-1	U5	190
ENCFF047YOU	ENCSR000CQY	Homo sapiens K562 cytosolic fraction	1	RNU1-1	U1	0
ENCFF047YOU	ENCSR000CQY	Homo sapiens K562 cytosolic fraction	1	RNU1-3	U1	0
ENCFF047YOU	ENCSR000CQY	Homo sapiens K562 cytosolic fraction	1	RNU1-4	U1	0
ENCFF047YOU	ENCSR000CQY	Homo sapiens K562 cytosolic fraction	1	RNU1-2	U1	0
ENCFF047YOU	ENCSR000CQY	Homo sapiens K562 cytosolic fraction	1	RNU11	U11	0
ENCFF047YOU	ENCSR000CQY	Homo sapiens K562 cytosolic fraction	1	RNU5F-1	U5	711
ENCFF047YOU	ENCSR000CQY	Homo sapiens K562 cytosolic fraction	1	RNU5D-1	U5	347
ENCFF047YOU	ENCSR000CQY	Homo sapiens K562 cytosolic fraction	1	RNU4ATAC	U4atac	341
ENCFF047YOU	ENCSR000CQY	Homo sapiens K562 cytosolic fraction	1	RMRP		0
ENCFF047YOU	ENCSR000CQY	Homo sapiens K562 cytosolic fraction	1	RNU6ATAC	U6atac	95
ENCFF047YOU	ENCSR000CQY	Homo sapiens K562 cytosolic fraction	1	RNU2-2P	U2	0
ENCFF047YOU	ENCSR000CQY	Homo sapiens K562 cytosolic fraction	1	RNU7-1	U7	0
ENCFF047YOU	ENCSR000CQY	Homo sapiens K562 cytosolic fraction	1	RNU4-2	U4	591
ENCFF047YOU	ENCSR000CQY	Homo sapiens K562 cytosolic fraction	1	RNU4-1	U4	94
ENCFF047YOU	ENCSR000CQY	Homo sapiens K562 cytosolic fraction	1	RPPH1		0
ENCFF047YOU	ENCSR000CQY	Homo sapiens K562 cytosolic fraction	1	RNU6-7	U6	4
ENCFF047YOU	ENCSR000CQY	Homo sapiens K562 cytosolic fraction	1	RNU6-8	U6	0
ENCFF047YOU	ENCSR000CQY	Homo sapiens K562 cytosolic fraction	1	RN7SL1		0
ENCFF047YOU	ENCSR000CQY	Homo sapiens K562 cytosolic fraction	1	RN7SL2		0
ENCFF047YOU	ENCSR000CQY	Homo sapiens K562 cytosolic fraction	1	RNU5A-1	U5	146
ENCFF047YOU	ENCSR000CQY	Homo sapiens K562 cytosolic fraction	1	RNU5B-1	U5	90
ENCFF047YOU	ENCSR000CQY	Homo sapiens K562 cytosolic fraction	1	RNU6-1	U6	3
ENCFF047YOU	ENCSR000CQY	Homo sapiens K562 cytosolic fraction	1	RNU2-1	U2	0
ENCFF047YOU	ENCSR000CQY	Homo sapiens K562 cytosolic fraction	1	RNU6-9	U6	0
ENCFF047YOU	ENCSR000CQY	Homo sapiens K562 cytosolic fraction	1	RNU6-2	U6	2
ENCFF047YOU	ENCSR000CQY	Homo sapiens K562 cytosolic fraction	1	RNU12	U12	0
ENCFF695REH	ENCSR000CQY	Homo sapiens K562 cytosolic fraction	2	RNU5E-1	U5	77
ENCFF695REH	ENCSR000CQY	Homo sapiens K562 cytosolic fraction	2	RNU1-1	U1	0
ENCFF695REH	ENCSR000CQY	Homo sapiens K562 cytosolic fraction	2	RNU1-3	U1	0
ENCFF695REH	ENCSR000CQY	Homo sapiens K562 cytosolic fraction	2	RNU1-4	U1	0
ENCFF695REH	ENCSR000CQY	Homo sapiens K562 cytosolic fraction	2	RNU1-2	U1	0
ENCFF695REH	ENCSR000CQY	Homo sapiens K562 cytosolic fraction	2	RNU11	U11	0
ENCFF695REH	ENCSR000CQY	Homo sapiens K562 cytosolic fraction	2	RNU5F-1	U5	296
ENCFF695REH	ENCSR000CQY	Homo sapiens K562 cytosolic fraction	2	RNU5D-1	U5	200
ENCFF695REH	ENCSR000CQY	Homo sapiens K562 cytosolic fraction	2	RNU4ATAC	U4atac	182
ENCFF695REH	ENCSR000CQY	Homo sapiens K562 cytosolic fraction	2	RMRP		0
ENCFF695REH	ENCSR000CQY	Homo sapiens K562 cytosolic fraction	2	RNU6ATAC	U6atac	60
ENCFF695REH	ENCSR000CQY	Homo sapiens K562 cytosolic fraction	2	RNU2-2P	U2	0
ENCFF695REH	ENCSR000CQY	Homo sapiens K562 cytosolic fraction	2	RNU7-1	U7	0
ENCFF695REH	ENCSR000CQY	Homo sapiens K562 cytosolic fraction	2	RNU4-2	U4	454
ENCFF695REH	ENCSR000CQY	Homo sapiens K562 cytosolic fraction	2	RNU4-1	U4	207
ENCFF695REH	ENCSR000CQY	Homo sapiens K562 cytosolic fraction	2	RPPH1		0
ENCFF695REH	ENCSR000CQY	Homo sapiens K562 cytosolic fraction	2	RNU6-7	U6	0
ENCFF695REH	ENCSR000CQY	Homo sapiens K562 cytosolic fraction	2	RNU6-8	U6	1
ENCFF695REH	ENCSR000CQY	Homo sapiens K562 cytosolic fraction	2	RN7SL1		0
ENCFF695REH	ENCSR000CQY	Homo sapiens K562 cytosolic fraction	2	RN7SL2		0
ENCFF695REH	ENCSR000CQY	Homo sapiens K562 cytosolic fraction	2	RNU5A-1	U5	56
ENCFF695REH	ENCSR000CQY	Homo sapiens K562 cytosolic fraction	2	RNU5B-1	U5	30
ENCFF695REH	ENCSR000CQY	Homo sapiens K562 cytosolic fraction	2	RNU6-1	U6	1
ENCFF695REH	ENCSR000CQY	Homo sapiens K562 cytosolic fraction	2	RNU2-1	U2	0
ENCFF695REH	ENCSR000CQY	Homo sapiens K562 cytosolic fraction	2	RNU6-9	U6	4
ENCFF695REH	ENCSR000CQY	Homo sapiens K562 cytosolic fraction	2	RNU6-2	U6	1
ENCFF695REH	ENCSR000CQY	Homo sapiens K562 cytosolic fraction	2	RNU12	U12	0
ENCFF761API	ENCSR000CQX	Homo sapiens K562 chromatin fraction	3	RNU5E-1	U5	153193
ENCFF761API	ENCSR000CQX	Homo sapiens K562 chromatin fraction	3	RNU1-1	U1	0
ENCFF761API	ENCSR000CQX	Homo sapiens K562 chromatin fraction	3	RNU1-3	U1	0
ENCFF761API	ENCSR000CQX	Homo sapiens K562 chromatin fraction	3	RNU1-4	U1	0
ENCFF761API	ENCSR000CQX	Homo sapiens K562 chromatin fraction	3	RNU1-2	U1	0
ENCFF761API	ENCSR000CQX	Homo sapiens K562 chromatin fraction	3	RNU11	U11	0
ENCFF761API	ENCSR000CQX	Homo sapiens K562 chromatin fraction	3	RNU5F-1	U5	135275
ENCFF761API	ENCSR000CQX	Homo sapiens K562 chromatin fraction	3	RNU5D-1	U5	14947
ENCFF761API	ENCSR000CQX	Homo sapiens K562 chromatin fraction	3	RNU4ATAC	U4atac	2654
ENCFF761API	ENCSR000CQX	Homo sapiens K562 chromatin fraction	3	RMRP		0
ENCFF761API	ENCSR000CQX	Homo sapiens K562 chromatin fraction	3	RNU6ATAC	U6atac	2516
ENCFF761API	ENCSR000CQX	Homo sapiens K562 chromatin fraction	3	RNU2-2P	U2	0
ENCFF761API	ENCSR000CQX	Homo sapiens K562 chromatin fraction	3	RNU7-1	U7	0
ENCFF761API	ENCSR000CQX	Homo sapiens K562 chromatin fraction	3	RNU4-2	U4	116771
ENCFF761API	ENCSR000CQX	Homo sapiens K562 chromatin fraction	3	RNU4-1	U4	45241
ENCFF761API	ENCSR000CQX	Homo sapiens K562 chromatin fraction	3	RPPH1		0
ENCFF761API	ENCSR000CQX	Homo sapiens K562 chromatin fraction	3	RNU6-7	U6	0
ENCFF761API	ENCSR000CQX	Homo sapiens K562 chromatin fraction	3	RNU6-8	U6	0
ENCFF761API	ENCSR000CQX	Homo sapiens K562 chromatin fraction	3	RN7SL1		0
ENCFF761API	ENCSR000CQX	Homo sapiens K562 chromatin fraction	3	RN7SL2		0
ENCFF761API	ENCSR000CQX	Homo sapiens K562 chromatin fraction	3	RNU5A-1	U5	58968
ENCFF761API	ENCSR000CQX	Homo sapiens K562 chromatin fraction	3	RNU5B-1	U5	253434
ENCFF761API	ENCSR000CQX	Homo sapiens K562 chromatin fraction	3	RNU6-1	U6	2
ENCFF761API	ENCSR000CQX	Homo sapiens K562 chromatin fraction	3	RNU2-1	U2	0
ENCFF761API	ENCSR000CQX	Homo sapiens K562 chromatin fraction	3	RNU6-9	U6	35
ENCFF761API	ENCSR000CQX	Homo sapiens K562 chromatin fraction	3	RNU6-2	U6	19
ENCFF761API	ENCSR000CQX	Homo sapiens K562 chromatin fraction	3	RNU12	U12	0
ENCFF445EKO	ENCSR000CQX	Homo sapiens K562 chromatin fraction	4	RNU5E-1	U5	39817
ENCFF445EKO	ENCSR000CQX	Homo sapiens K562 chromatin fraction	4	RNU1-1	U1	0
ENCFF445EKO	ENCSR000CQX	Homo sapiens K562 chromatin fraction	4	RNU1-3	U1	0
ENCFF445EKO	ENCSR000CQX	Homo sapiens K562 chromatin fraction	4	RNU1-4	U1	0
ENCFF445EKO	ENCSR000CQX	Homo sapiens K562 chromatin fraction	4	RNU1-2	U1	0
ENCFF445EKO	ENCSR000CQX	Homo sapiens K562 chromatin fraction	4	RNU11	U11	0
ENCFF445EKO	ENCSR000CQX	Homo sapiens K562 chromatin fraction	4	RNU5F-1	U5	67369
ENCFF445EKO	ENCSR000CQX	Homo sapiens K562 chromatin fraction	4	RNU5D-1	U5	30278
ENCFF445EKO	ENCSR000CQX	Homo sapiens K562 chromatin fraction	4	RNU4ATAC	U4atac	2508
ENCFF445EKO	ENCSR000CQX	Homo sapiens K562 chromatin fraction	4	RMRP		0
ENCFF445EKO	ENCSR000CQX	Homo sapiens K562 chromatin fraction	4	RNU6ATAC	U6atac	1170
ENCFF445EKO	ENCSR000CQX	Homo sapiens K562 chromatin fraction	4	RNU2-2P	U2	0
ENCFF445EKO	ENCSR000CQX	Homo sapiens K562 chromatin fraction	4	RNU7-1	U7	0
ENCFF445EKO	ENCSR000CQX	Homo sapiens K562 chromatin fraction	4	RNU4-2	U4	60733
ENCFF445EKO	ENCSR000CQX	Homo sapiens K562 chromatin fraction	4	RNU4-1	U4	26407
ENCFF445EKO	ENCSR000CQX	Homo sapiens K562 chromatin fraction	4	RPPH1		0
ENCFF445EKO	ENCSR000CQX	Homo sapiens K562 chromatin fraction	4	RNU6-7	U6	5
ENCFF445EKO	ENCSR000CQX	Homo sapiens K562 chromatin fraction	4	RNU6-8	U6	0
ENCFF445EKO	ENCSR000CQX	Homo sapiens K562 chromatin fraction	4	RN7SL1		0
ENCFF445EKO	ENCSR000CQX	Homo sapiens K562 chromatin fraction	4	RN7SL2		0
ENCFF445EKO	ENCSR000CQX	Homo sapiens K562 chromatin fraction	4	RNU5A-1	U5	37022
ENCFF445EKO	ENCSR000CQX	Homo sapiens K562 chromatin fraction	4	RNU5B-1	U5	117703
ENCFF445EKO	ENCSR000CQX	Homo sapiens K562 chromatin fraction	4	RNU6-1	U6	54
ENCFF445EKO	ENCSR000CQX	Homo sapiens K562 chromatin fraction	4	RNU2-1	U2	0
ENCFF445EKO	ENCSR000CQX	Homo sapiens K562 chromatin fraction	4	RNU6-9	U6	20
ENCFF445EKO	ENCSR000CQX	Homo sapiens K562 chromatin fraction	4	RNU6-2	U6	18
ENCFF445EKO	ENCSR000CQX	Homo sapiens K562 chromatin fraction	4	RNU12	U12	0
ENCFF108STR	ENCSR000CQW	Homo sapiens GM12878 nuclear fraction	1	RNU5E-1	U5	1220
ENCFF108STR	ENCSR000CQW	Homo sapiens GM12878 nuclear fraction	1	RNU1-1	U1	0
ENCFF108STR	ENCSR000CQW	Homo sapiens GM12878 nuclear fraction	1	RNU1-3	U1	0
ENCFF108STR	ENCSR000CQW	Homo sapiens GM12878 nuclear fraction	1	RNU1-4	U1	0
ENCFF108STR	ENCSR000CQW	Homo sapiens GM12878 nuclear fraction	1	RNU1-2	U1	0
ENCFF108STR	ENCSR000CQW	Homo sapiens GM12878 nuclear fraction	1	RNU11	U11	0
ENCFF108STR	ENCSR000CQW	Homo sapiens GM12878 nuclear fraction	1	RNU5F-1	U5	1283
ENCFF108STR	ENCSR000CQW	Homo sapiens GM12878 nuclear fraction	1	RNU5D-1	U5	292
ENCFF108STR	ENCSR000CQW	Homo sapiens GM12878 nuclear fraction	1	RNU4ATAC	U4atac	350
ENCFF108STR	ENCSR000CQW	Homo sapiens GM12878 nuclear fraction	1	RMRP		0
ENCFF108STR	ENCSR000CQW	Homo sapiens GM12878 nuclear fraction	1	RNU6ATAC	U6atac	39
ENCFF108STR	ENCSR000CQW	Homo sapiens GM12878 nuclear fraction	1	RNU2-2P	U2	0
ENCFF108STR	ENCSR000CQW	Homo sapiens GM12878 nuclear fraction	1	RNU7-1	U7	0
ENCFF108STR	ENCSR000CQW	Homo sapiens GM12878 nuclear fraction	1	RNU4-2	U4	1294
ENCFF108STR	ENCSR000CQW	Homo sapiens GM12878 nuclear fraction	1	RNU4-1	U4	113
ENCFF108STR	ENCSR000CQW	Homo sapiens GM12878 nuclear fraction	1	RPPH1		0
ENCFF108STR	ENCSR000CQW	Homo sapiens GM12878 nuclear fraction	1	RNU6-7	U6	1
ENCFF108STR	ENCSR000CQW	Homo sapiens GM12878 nuclear fraction	1	RNU6-8	U6	2
ENCFF108STR	ENCSR000CQW	Homo sapiens GM12878 nuclear fraction	1	RN7SL1		0
ENCFF108STR	ENCSR000CQW	Homo sapiens GM12878 nuclear fraction	1	RN7SL2		0
ENCFF108STR	ENCSR000CQW	Homo sapiens GM12878 nuclear fraction	1	RNU5A-1	U5	1590
ENCFF108STR	ENCSR000CQW	Homo sapiens GM12878 nuclear fraction	1	RNU5B-1	U5	795
ENCFF108STR	ENCSR000CQW	Homo sapiens GM12878 nuclear fraction	1	RNU6-1	U6	12
ENCFF108STR	ENCSR000CQW	Homo sapiens GM12878 nuclear fraction	1	RNU2-1	U2	0
ENCFF108STR	ENCSR000CQW	Homo sapiens GM12878 nuclear fraction	1	RNU6-9	U6	5
ENCFF108STR	ENCSR000CQW	Homo sapiens GM12878 nuclear fraction	1	RNU6-2	U6	4
ENCFF108STR	ENCSR000CQW	Homo sapiens GM12878 nuclear fraction	1	RNU12	U12	0
ENCFF752FVY	ENCSR000CQW	Homo sapiens GM12878 nuclear fraction	2	RNU5E-1	U5	1215
ENCFF752FVY	ENCSR000CQW	Homo sapiens GM12878 nuclear fraction	2	RNU1-1	U1	0
ENCFF752FVY	ENCSR000CQW	Homo sapiens GM12878 nuclear fraction	2	RNU1-3	U1	0
ENCFF752FVY	ENCSR000CQW	Homo sapiens GM12878 nuclear fraction	2	RNU1-4	U1	0
ENCFF752FVY	ENCSR000CQW	Homo sapiens GM12878 nuclear fraction	2	RNU1-2	U1	0
ENCFF752FVY	ENCSR000CQW	Homo sapiens GM12878 nuclear fraction	2	RNU11	U11	0
ENCFF752FVY	ENCSR000CQW	Homo sapiens GM12878 nuclear fraction	2	RNU5F-1	U5	1713
ENCFF752FVY	ENCSR000CQW	Homo sapiens GM12878 nuclear fraction	2	RNU5D-1	U5	504
ENCFF752FVY	ENCSR000CQW	Homo sapiens GM12878 nuclear fraction	2	RNU4ATAC	U4atac	166
ENCFF752FVY	ENCSR000CQW	Homo sapiens GM12878 nuclear fraction	2	RMRP		0
ENCFF752FVY	ENCSR000CQW	Homo sapiens GM12878 nuclear fraction	2	RNU6ATAC	U6atac	7
ENCFF752FVY	ENCSR000CQW	Homo sapiens GM12878 nuclear fraction	2	RNU2-2P	U2	0
ENCFF752FVY	ENCSR000CQW	Homo sapiens GM12878 nuclear fraction	2	RNU7-1	U7	0
ENCFF752FVY	ENCSR000CQW	Homo sapiens GM12878 nuclear fraction	2	RNU4-2	U4	1987
ENCFF752FVY	ENCSR000CQW	Homo sapiens GM12878 nuclear fraction	2	RNU4-1	U4	111
ENCFF752FVY	ENCSR000CQW	Homo sapiens GM12878 nuclear fraction	2	RPPH1		0
ENCFF752FVY	ENCSR000CQW	Homo sapiens GM12878 nuclear fraction	2	RNU6-7	U6	0
ENCFF752FVY	ENCSR000CQW	Homo sapiens GM12878 nuclear fraction	2	RNU6-8	U6	1
ENCFF752FVY	ENCSR000CQW	Homo sapiens GM12878 nuclear fraction	2	RN7SL1		0
ENCFF752FVY	ENCSR000CQW	Homo sapiens GM12878 nuclear fraction	2	RN7SL2		0
ENCFF752FVY	ENCSR000CQW	Homo sapiens GM12878 nuclear fraction	2	RNU5A-1	U5	1724
ENCFF752FVY	ENCSR000CQW	Homo sapiens GM12878 nuclear fraction	2	RNU5B-1	U5	715
ENCFF752FVY	ENCSR000CQW	Homo sapiens GM12878 nuclear fraction	2	RNU6-1	U6	17
ENCFF752FVY	ENCSR000CQW	Homo sapiens GM12878 nuclear fraction	2	RNU2-1	U2	0
ENCFF752FVY	ENCSR000CQW	Homo sapiens GM12878 nuclear fraction	2	RNU6-9	U6	3
ENCFF752FVY	ENCSR000CQW	Homo sapiens GM12878 nuclear fraction	2	RNU6-2	U6	10
ENCFF752FVY	ENCSR000CQW	Homo sapiens GM12878 nuclear fraction	2	RNU12	U12	0
ENCFF228FRL	ENCSR000CQV	Homo sapiens GM12878 cytosolic fraction	1	RNU5E-1	U5	227
ENCFF228FRL	ENCSR000CQV	Homo sapiens GM12878 cytosolic fraction	1	RNU1-1	U1	0
ENCFF228FRL	ENCSR000CQV	Homo sapiens GM12878 cytosolic fraction	1	RNU1-3	U1	0
ENCFF228FRL	ENCSR000CQV	Homo sapiens GM12878 cytosolic fraction	1	RNU1-4	U1	0
ENCFF228FRL	ENCSR000CQV	Homo sapiens GM12878 cytosolic fraction	1	RNU1-2	U1	0
ENCFF228FRL	ENCSR000CQV	Homo sapiens GM12878 cytosolic fraction	1	RNU11	U11	0
ENCFF228FRL	ENCSR000CQV	Homo sapiens GM12878 cytosolic fraction	1	RNU5F-1	U5	1014
ENCFF228FRL	ENCSR000CQV	Homo sapiens GM12878 cytosolic fraction	1	RNU5D-1	U5	208
ENCFF228FRL	ENCSR000CQV	Homo sapiens GM12878 cytosolic fraction	1	RNU4ATAC	U4atac	232
ENCFF228FRL	ENCSR000CQV	Homo sapiens GM12878 cytosolic fraction	1	RMRP		0
ENCFF228FRL	ENCSR000CQV	Homo sapiens GM12878 cytosolic fraction	1	RNU6ATAC	U6atac	36
ENCFF228FRL	ENCSR000CQV	Homo sapiens GM12878 cytosolic fraction	1	RNU2-2P	U2	0
ENCFF228FRL	ENCSR000CQV	Homo sapiens GM12878 cytosolic fraction	1	RNU7-1	U7	0
ENCFF228FRL	ENCSR000CQV	Homo sapiens GM12878 cytosolic fraction	1	RNU4-2	U4	631
ENCFF228FRL	ENCSR000CQV	Homo sapiens GM12878 cytosolic fraction	1	RNU4-1	U4	70
ENCFF228FRL	ENCSR000CQV	Homo sapiens GM12878 cytosolic fraction	1	RPPH1		0
ENCFF228FRL	ENCSR000CQV	Homo sapiens GM12878 cytosolic fraction	1	RNU6-7	U6	0
ENCFF228FRL	ENCSR000CQV	Homo sapiens GM12878 cytosolic fraction	1	RNU6-8	U6	2
ENCFF228FRL	ENCSR000CQV	Homo sapiens GM12878 cytosolic fraction	1	RN7SL1		0
ENCFF228FRL	ENCSR000CQV	Homo sapiens GM12878 cytosolic fraction	1	RN7SL2		0
ENCFF228FRL	ENCSR000CQV	Homo sapiens GM12878 cytosolic fraction	1	RNU5A-1	U5	357
ENCFF228FRL	ENCSR000CQV	Homo sapiens GM12878 cytosolic fraction	1	RNU5B-1	U5	116
ENCFF228FRL	ENCSR000CQV	Homo sapiens GM12878 cytosolic fraction	1	RNU6-1	U6	2
ENCFF228FRL	ENCSR000CQV	Homo sapiens GM12878 cytosolic fraction	1	RNU2-1	U2	0
ENCFF228FRL	ENCSR000CQV	Homo sapiens GM12878 cytosolic fraction	1	RNU6-9	U6	3
ENCFF228FRL	ENCSR000CQV	Homo sapiens GM12878 cytosolic fraction	1	RNU6-2	U6	14
ENCFF228FRL	ENCSR000CQV	Homo sapiens GM12878 cytosolic fraction	1	RNU12	U12	0
ENCFF351PFB	ENCSR000CQV	Homo sapiens GM12878 cytosolic fraction	2	RNU5E-1	U5	239
ENCFF351PFB	ENCSR000CQV	Homo sapiens GM12878 cytosolic fraction	2	RNU1-1	U1	0
ENCFF351PFB	ENCSR000CQV	Homo sapiens GM12878 cytosolic fraction	2	RNU1-3	U1	0
ENCFF351PFB	ENCSR000CQV	Homo sapiens GM12878 cytosolic fraction	2	RNU1-4	U1	0
ENCFF351PFB	ENCSR000CQV	Homo sapiens GM12878 cytosolic fraction	2	RNU1-2	U1	0
ENCFF351PFB	ENCSR000CQV	Homo sapiens GM12878 cytosolic fraction	2	RNU11	U11	0
ENCFF351PFB	ENCSR000CQV	Homo sapiens GM12878 cytosolic fraction	2	RNU5F-1	U5	449
ENCFF351PFB	ENCSR000CQV	Homo sapiens GM12878 cytosolic fraction	2	RNU5D-1	U5	180
ENCFF351PFB	ENCSR000CQV	Homo sapiens GM12878 cytosolic fraction	2	RNU4ATAC	U4atac	227
ENCFF351PFB	ENCSR000CQV	Homo sapiens GM12878 cytosolic fraction	2	RMRP		0
ENCFF351PFB	ENCSR000CQV	Homo sapiens GM12878 cytosolic fraction	2	RNU6ATAC	U6atac	28
ENCFF351PFB	ENCSR000CQV	Homo sapiens GM12878 cytosolic fraction	2	RNU2-2P	U2	0
ENCFF351PFB	ENCSR000CQV	Homo sapiens GM12878 cytosolic fraction	2	RNU7-1	U7	0
ENCFF351PFB	ENCSR000CQV	Homo sapiens GM12878 cytosolic fraction	2	RNU4-2	U4	524
ENCFF351PFB	ENCSR000CQV	Homo sapiens GM12878 cytosolic fraction	2	RNU4-1	U4	60
ENCFF351PFB	ENCSR000CQV	Homo sapiens GM12878 cytosolic fraction	2	RPPH1		0
ENCFF351PFB	ENCSR000CQV	Homo sapiens GM12878 cytosolic fraction	2	RNU6-7	U6	0
ENCFF351PFB	ENCSR000CQV	Homo sapiens GM12878 cytosolic fraction	2	RNU6-8	U6	3
ENCFF351PFB	ENCSR000CQV	Homo sapiens GM12878 cytosolic fraction	2	RN7SL1		0
ENCFF351PFB	ENCSR000CQV	Homo sapiens GM12878 cytosolic fraction	2	RN7SL2		0
ENCFF351PFB	ENCSR000CQV	Homo sapiens GM12878 cytosolic fraction	2	RNU5A-1	U5	222
ENCFF351PFB	ENCSR000CQV	Homo sapiens GM12878 cytosolic fraction	2	RNU5B-1	U5	122
ENCFF351PFB	ENCSR000CQV	Homo sapiens GM12878 cytosolic fraction	2	RNU6-1	U6	6
ENCFF351PFB	ENCSR000CQV	Homo sapiens GM12878 cytosolic fraction	2	RNU2-1	U2	0
ENCFF351PFB	ENCSR000CQV	Homo sapiens GM12878 cytosolic fraction	2	RNU6-9	U6	3
ENCFF351PFB	ENCSR000CQV	Homo sapiens GM12878 cytosolic fraction	2	RNU6-2	U6	11
ENCFF351PFB	ENCSR000CQV	Homo sapiens GM12878 cytosolic fraction	2	RNU12	U12	0
ENCFF122JQK	ENCSR000CVG	Homo sapiens placental pericyte female newborn and male newborn	1	RNU5E-1	U5	9777
ENCFF122JQK	ENCSR000CVG	Homo sapiens placental pericyte female newborn and male newborn	1	RNU1-1	U1	4
ENCFF122JQK	ENCSR000CVG	Homo sapiens placental pericyte female newborn and male newborn	1	RNU1-3	U1	0
ENCFF122JQK	ENCSR000CVG	Homo sapiens placental pericyte female newborn and male newborn	1	RNU1-4	U1	0
ENCFF122JQK	ENCSR000CVG	Homo sapiens placental pericyte female newborn and male newborn	1	RNU1-2	U1	0
ENCFF122JQK	ENCSR000CVG	Homo sapiens placental pericyte female newborn and male newborn	1	RNU11	U11	7
ENCFF122JQK	ENCSR000CVG	Homo sapiens placental pericyte female newborn and male newborn	1	RNU5F-1	U5	1901
ENCFF122JQK	ENCSR000CVG	Homo sapiens placental pericyte female newborn and male newborn	1	RNU5D-1	U5	59415
ENCFF122JQK	ENCSR000CVG	Homo sapiens placental pericyte female newborn and male newborn	1	RNU4ATAC	U4atac	21484
ENCFF122JQK	ENCSR000CVG	Homo sapiens placental pericyte female newborn and male newborn	1	RMRP		0
ENCFF122JQK	ENCSR000CVG	Homo sapiens placental pericyte female newborn and male newborn	1	RNU6ATAC	U6atac	12004
ENCFF122JQK	ENCSR000CVG	Homo sapiens placental pericyte female newborn and male newborn	1	RNU2-2P	U2	0
ENCFF122JQK	ENCSR000CVG	Homo sapiens placental pericyte female newborn and male newborn	1	RNU7-1	U7	0
ENCFF122JQK	ENCSR000CVG	Homo sapiens placental pericyte female newborn and male newborn	1	RNU4-2	U4	15488
ENCFF122JQK	ENCSR000CVG	Homo sapiens placental pericyte female newborn and male newborn	1	RNU4-1	U4	7408
ENCFF122JQK	ENCSR000CVG	Homo sapiens placental pericyte female newborn and male newborn	1	RPPH1		0
ENCFF122JQK	ENCSR000CVG	Homo sapiens placental pericyte female newborn and male newborn	1	RNU6-7	U6	5
ENCFF122JQK	ENCSR000CVG	Homo sapiens placental pericyte female newborn and male newborn	1	RNU6-8	U6	137
ENCFF122JQK	ENCSR000CVG	Homo sapiens placental pericyte female newborn and male newborn	1	RN7SL1		0
ENCFF122JQK	ENCSR000CVG	Homo sapiens placental pericyte female newborn and male newborn	1	RN7SL2		70
ENCFF122JQK	ENCSR000CVG	Homo sapiens placental pericyte female newborn and male newborn	1	RNU5A-1	U5	17821
ENCFF122JQK	ENCSR000CVG	Homo sapiens placental pericyte female newborn and male newborn	1	RNU5B-1	U5	24573
ENCFF122JQK	ENCSR000CVG	Homo sapiens placental pericyte female newborn and male newborn	1	RNU6-1	U6	37
ENCFF122JQK	ENCSR000CVG	Homo sapiens placental pericyte female newborn and male newborn	1	RNU2-1	U2	0
ENCFF122JQK	ENCSR000CVG	Homo sapiens placental pericyte female newborn and male newborn	1	RNU6-9	U6	95
ENCFF122JQK	ENCSR000CVG	Homo sapiens placental pericyte female newborn and male newborn	1	RNU6-2	U6	173
ENCFF122JQK	ENCSR000CVG	Homo sapiens placental pericyte female newborn and male newborn	1	RNU12	U12	0
ENCFF592BWV	ENCSR000CVG	Homo sapiens placental pericyte female newborn and male newborn	2	RNU5E-1	U5	171128
ENCFF592BWV	ENCSR000CVG	Homo sapiens placental pericyte female newborn and male newborn	2	RNU1-1	U1	27
ENCFF592BWV	ENCSR000CVG	Homo sapiens placental pericyte female newborn and male newborn	2	RNU1-3	U1	0
ENCFF592BWV	ENCSR000CVG	Homo sapiens placental pericyte female newborn and male newborn	2	RNU1-4	U1	0
ENCFF592BWV	ENCSR000CVG	Homo sapiens placental pericyte female newborn and male newborn	2	RNU1-2	U1	0
ENCFF592BWV	ENCSR000CVG	Homo sapiens placental pericyte female newborn and male newborn	2	RNU11	U11	0
ENCFF592BWV	ENCSR000CVG	Homo sapiens placental pericyte female newborn and male newborn	2	RNU5F-1	U5	82288
ENCFF592BWV	ENCSR000CVG	Homo sapiens placental pericyte female newborn and male newborn	2	RNU5D-1	U5	4442
ENCFF592BWV	ENCSR000CVG	Homo sapiens placental pericyte female newborn and male newborn	2	RNU4ATAC	U4atac	7217
ENCFF592BWV	ENCSR000CVG	Homo sapiens placental pericyte female newborn and male newborn	2	RMRP		0
ENCFF592BWV	ENCSR000CVG	Homo sapiens placental pericyte female newborn and male newborn	2	RNU6ATAC	U6atac	26813
ENCFF592BWV	ENCSR000CVG	Homo sapiens placental pericyte female newborn and male newborn	2	RNU2-2P	U2	0
ENCFF592BWV	ENCSR000CVG	Homo sapiens placental pericyte female newborn and male newborn	2	RNU7-1	U7	0
ENCFF592BWV	ENCSR000CVG	Homo sapiens placental pericyte female newborn and male newborn	2	RNU4-2	U4	49810
ENCFF592BWV	ENCSR000CVG	Homo sapiens placental pericyte female newborn and male newborn	2	RNU4-1	U4	34674
ENCFF592BWV	ENCSR000CVG	Homo sapiens placental pericyte female newborn and male newborn	2	RPPH1		0
ENCFF592BWV	ENCSR000CVG	Homo sapiens placental pericyte female newborn and male newborn	2	RNU6-7	U6	13
ENCFF592BWV	ENCSR000CVG	Homo sapiens placental pericyte female newborn and male newborn	2	RNU6-8	U6	495
ENCFF592BWV	ENCSR000CVG	Homo sapiens placental pericyte female newborn and male newborn	2	RN7SL1		0
ENCFF592BWV	ENCSR000CVG	Homo sapiens placental pericyte female newborn and male newborn	2	RN7SL2		369
ENCFF592BWV	ENCSR000CVG	Homo sapiens placental pericyte female newborn and male newborn	2	RNU5A-1	U5	209036
ENCFF592BWV	ENCSR000CVG	Homo sapiens placental pericyte female newborn and male newborn	2	RNU5B-1	U5	305144
ENCFF592BWV	ENCSR000CVG	Homo sapiens placental pericyte female newborn and male newborn	2	RNU6-1	U6	27
ENCFF592BWV	ENCSR000CVG	Homo sapiens placental pericyte female newborn and male newborn	2	RNU2-1	U2	0
ENCFF592BWV	ENCSR000CVG	Homo sapiens placental pericyte female newborn and male newborn	2	RNU6-9	U6	203
ENCFF592BWV	ENCSR000CVG	Homo sapiens placental pericyte female newborn and male newborn	2	RNU6-2	U6	268
ENCFF592BWV	ENCSR000CVG	Homo sapiens placental pericyte female newborn and male newborn	2	RNU12	U12	0
ENCFF362GNC	ENCSR000CRG	Homo sapiens BJ	1	RNU5E-1	U5	57
ENCFF362GNC	ENCSR000CRG	Homo sapiens BJ	1	RNU1-1	U1	0
ENCFF362GNC	ENCSR000CRG	Homo sapiens BJ	1	RNU1-3	U1	0
ENCFF362GNC	ENCSR000CRG	Homo sapiens BJ	1	RNU1-4	U1	0
ENCFF362GNC	ENCSR000CRG	Homo sapiens BJ	1	RNU1-2	U1	0
ENCFF362GNC	ENCSR000CRG	Homo sapiens BJ	1	RNU11	U11	0
ENCFF362GNC	ENCSR000CRG	Homo sapiens BJ	1	RNU5F-1	U5	53
ENCFF362GNC	ENCSR000CRG	Homo sapiens BJ	1	RNU5D-1	U5	290
ENCFF362GNC	ENCSR000CRG	Homo sapiens BJ	1	RNU4ATAC	U4atac	229
ENCFF362GNC	ENCSR000CRG	Homo sapiens BJ	1	RMRP		0
ENCFF362GNC	ENCSR000CRG	Homo sapiens BJ	1	RNU6ATAC	U6atac	176
ENCFF362GNC	ENCSR000CRG	Homo sapiens BJ	1	RNU2-2P	U2	0
ENCFF362GNC	ENCSR000CRG	Homo sapiens BJ	1	RNU7-1	U7	0
ENCFF362GNC	ENCSR000CRG	Homo sapiens BJ	1	RNU4-2	U4	771
ENCFF362GNC	ENCSR000CRG	Homo sapiens BJ	1	RNU4-1	U4	13
ENCFF362GNC	ENCSR000CRG	Homo sapiens BJ	1	RPPH1		0
ENCFF362GNC	ENCSR000CRG	Homo sapiens BJ	1	RNU6-7	U6	0
ENCFF362GNC	ENCSR000CRG	Homo sapiens BJ	1	RNU6-8	U6	0
ENCFF362GNC	ENCSR000CRG	Homo sapiens BJ	1	RN7SL1		0
ENCFF362GNC	ENCSR000CRG	Homo sapiens BJ	1	RN7SL2		0
ENCFF362GNC	ENCSR000CRG	Homo sapiens BJ	1	RNU5A-1	U5	98
ENCFF362GNC	ENCSR000CRG	Homo sapiens BJ	1	RNU5B-1	U5	88
ENCFF362GNC	ENCSR000CRG	Homo sapiens BJ	1	RNU6-1	U6	0
ENCFF362GNC	ENCSR000CRG	Homo sapiens BJ	1	RNU2-1	U2	0
ENCFF362GNC	ENCSR000CRG	Homo sapiens BJ	1	RNU6-9	U6	3
ENCFF362GNC	ENCSR000CRG	Homo sapiens BJ	1	RNU6-2	U6	4
ENCFF362GNC	ENCSR000CRG	Homo sapiens BJ	1	RNU12	U12	0
ENCFF255TLL	ENCSR000CRG	Homo sapiens BJ	2	RNU5E-1	U5	56
ENCFF255TLL	ENCSR000CRG	Homo sapiens BJ	2	RNU1-1	U1	0
ENCFF255TLL	ENCSR000CRG	Homo sapiens BJ	2	RNU1-3	U1	0
ENCFF255TLL	ENCSR000CRG	Homo sapiens BJ	2	RNU1-4	U1	0
ENCFF255TLL	ENCSR000CRG	Homo sapiens BJ	2	RNU1-2	U1	0
ENCFF255TLL	ENCSR000CRG	Homo sapiens BJ	2	RNU11	U11	0
ENCFF255TLL	ENCSR000CRG	Homo sapiens BJ	2	RNU5F-1	U5	69
ENCFF255TLL	ENCSR000CRG	Homo sapiens BJ	2	RNU5D-1	U5	154
ENCFF255TLL	ENCSR000CRG	Homo sapiens BJ	2	RNU4ATAC	U4atac	117
ENCFF255TLL	ENCSR000CRG	Homo sapiens BJ	2	RMRP		0
ENCFF255TLL	ENCSR000CRG	Homo sapiens BJ	2	RNU6ATAC	U6atac	42
ENCFF255TLL	ENCSR000CRG	Homo sapiens BJ	2	RNU2-2P	U2	0
ENCFF255TLL	ENCSR000CRG	Homo sapiens BJ	2	RNU7-1	U7	0
ENCFF255TLL	ENCSR000CRG	Homo sapiens BJ	2	RNU4-2	U4	88
ENCFF255TLL	ENCSR000CRG	Homo sapiens BJ	2	RNU4-1	U4	8
ENCFF255TLL	ENCSR000CRG	Homo sapiens BJ	2	RPPH1		0
ENCFF255TLL	ENCSR000CRG	Homo sapiens BJ	2	RNU6-7	U6	0
ENCFF255TLL	ENCSR000CRG	Homo sapiens BJ	2	RNU6-8	U6	0
ENCFF255TLL	ENCSR000CRG	Homo sapiens BJ	2	RN7SL1		0
ENCFF255TLL	ENCSR000CRG	Homo sapiens BJ	2	RN7SL2		0
ENCFF255TLL	ENCSR000CRG	Homo sapiens BJ	2	RNU5A-1	U5	91
ENCFF255TLL	ENCSR000CRG	Homo sapiens BJ	2	RNU5B-1	U5	61
ENCFF255TLL	ENCSR000CRG	Homo sapiens BJ	2	RNU6-1	U6	3
ENCFF255TLL	ENCSR000CRG	Homo sapiens BJ	2	RNU2-1	U2	0
ENCFF255TLL	ENCSR000CRG	Homo sapiens BJ	2	RNU6-9	U6	18
ENCFF255TLL	ENCSR000CRG	Homo sapiens BJ	2	RNU6-2	U6	1
ENCFF255TLL	ENCSR000CRG	Homo sapiens BJ	2	RNU12	U12	0
ENCFF990DXI	ENCSR000CVN	Homo sapiens CD14-positive monocyte female	1	RNU5E-1	U5	62
ENCFF990DXI	ENCSR000CVN	Homo sapiens CD14-positive monocyte female	1	RNU1-1	U1	0
ENCFF990DXI	ENCSR000CVN	Homo sapiens CD14-positive monocyte female	1	RNU1-3	U1	0
ENCFF990DXI	ENCSR000CVN	Homo sapiens CD14-positive monocyte female	1	RNU1-4	U1	0
ENCFF990DXI	ENCSR000CVN	Homo sapiens CD14-positive monocyte female	1	RNU1-2	U1	0
ENCFF990DXI	ENCSR000CVN	Homo sapiens CD14-positive monocyte female	1	RNU11	U11	0
ENCFF990DXI	ENCSR000CVN	Homo sapiens CD14-positive monocyte female	1	RNU5F-1	U5	499
ENCFF990DXI	ENCSR000CVN	Homo sapiens CD14-positive monocyte female	1	RNU5D-1	U5	115
ENCFF990DXI	ENCSR000CVN	Homo sapiens CD14-positive monocyte female	1	RNU4ATAC	U4atac	4150
ENCFF990DXI	ENCSR000CVN	Homo sapiens CD14-positive monocyte female	1	RMRP		0
ENCFF990DXI	ENCSR000CVN	Homo sapiens CD14-positive monocyte female	1	RNU6ATAC	U6atac	26
ENCFF990DXI	ENCSR000CVN	Homo sapiens CD14-positive monocyte female	1	RNU2-2P	U2	0
ENCFF990DXI	ENCSR000CVN	Homo sapiens CD14-positive monocyte female	1	RNU7-1	U7	0
ENCFF990DXI	ENCSR000CVN	Homo sapiens CD14-positive monocyte female	1	RNU4-2	U4	652
ENCFF990DXI	ENCSR000CVN	Homo sapiens CD14-positive monocyte female	1	RNU4-1	U4	109
ENCFF990DXI	ENCSR000CVN	Homo sapiens CD14-positive monocyte female	1	RPPH1		0
ENCFF990DXI	ENCSR000CVN	Homo sapiens CD14-positive monocyte female	1	RNU6-7	U6	0
ENCFF990DXI	ENCSR000CVN	Homo sapiens CD14-positive monocyte female	1	RNU6-8	U6	2
ENCFF990DXI	ENCSR000CVN	Homo sapiens CD14-positive monocyte female	1	RN7SL1		0
ENCFF990DXI	ENCSR000CVN	Homo sapiens CD14-positive monocyte female	1	RN7SL2		0
ENCFF990DXI	ENCSR000CVN	Homo sapiens CD14-positive monocyte female	1	RNU5A-1	U5	3324
ENCFF990DXI	ENCSR000CVN	Homo sapiens CD14-positive monocyte female	1	RNU5B-1	U5	643
ENCFF990DXI	ENCSR000CVN	Homo sapiens CD14-positive monocyte female	1	RNU6-1	U6	40
ENCFF990DXI	ENCSR000CVN	Homo sapiens CD14-positive monocyte female	1	RNU2-1	U2	0
ENCFF990DXI	ENCSR000CVN	Homo sapiens CD14-positive monocyte female	1	RNU6-9	U6	54
ENCFF990DXI	ENCSR000CVN	Homo sapiens CD14-positive monocyte female	1	RNU6-2	U6	214
ENCFF990DXI	ENCSR000CVN	Homo sapiens CD14-positive monocyte female	1	RNU12	U12	0
ENCFF897LPG	ENCSR000CVN	Homo sapiens CD14-positive monocyte female	2	RNU5E-1	U5	66
ENCFF897LPG	ENCSR000CVN	Homo sapiens CD14-positive monocyte female	2	RNU1-1	U1	0
ENCFF897LPG	ENCSR000CVN	Homo sapiens CD14-positive monocyte female	2	RNU1-3	U1	0
ENCFF897LPG	ENCSR000CVN	Homo sapiens CD14-positive monocyte female	2	RNU1-4	U1	0
ENCFF897LPG	ENCSR000CVN	Homo sapiens CD14-positive monocyte female	2	RNU1-2	U1	0
ENCFF897LPG	ENCSR000CVN	Homo sapiens CD14-positive monocyte female	2	RNU11	U11	0
ENCFF897LPG	ENCSR000CVN	Homo sapiens CD14-positive monocyte female	2	RNU5F-1	U5	674
ENCFF897LPG	ENCSR000CVN	Homo sapiens CD14-positive monocyte female	2	RNU5D-1	U5	75
ENCFF897LPG	ENCSR000CVN	Homo sapiens CD14-positive monocyte female	2	RNU4ATAC	U4atac	5973
ENCFF897LPG	ENCSR000CVN	Homo sapiens CD14-positive monocyte female	2	RMRP		0
ENCFF897LPG	ENCSR000CVN	Homo sapiens CD14-positive monocyte female	2	RNU6ATAC	U6atac	10
ENCFF897LPG	ENCSR000CVN	Homo sapiens CD14-positive monocyte female	2	RNU2-2P	U2	0
ENCFF897LPG	ENCSR000CVN	Homo sapiens CD14-positive monocyte female	2	RNU7-1	U7	0
ENCFF897LPG	ENCSR000CVN	Homo sapiens CD14-positive monocyte female	2	RNU4-2	U4	1685
ENCFF897LPG	ENCSR000CVN	Homo sapiens CD14-positive monocyte female	2	RNU4-1	U4	291
ENCFF897LPG	ENCSR000CVN	Homo sapiens CD14-positive monocyte female	2	RPPH1		0
ENCFF897LPG	ENCSR000CVN	Homo sapiens CD14-positive monocyte female	2	RNU6-7	U6	0
ENCFF897LPG	ENCSR000CVN	Homo sapiens CD14-positive monocyte female	2	RNU6-8	U6	3
ENCFF897LPG	ENCSR000CVN	Homo sapiens CD14-positive monocyte female	2	RN7SL1		0
ENCFF897LPG	ENCSR000CVN	Homo sapiens CD14-positive monocyte female	2	RN7SL2		0
ENCFF897LPG	ENCSR000CVN	Homo sapiens CD14-positive monocyte female	2	RNU5A-1	U5	4174
ENCFF897LPG	ENCSR000CVN	Homo sapiens CD14-positive monocyte female	2	RNU5B-1	U5	848
ENCFF897LPG	ENCSR000CVN	Homo sapiens CD14-positive monocyte female	2	RNU6-1	U6	53
ENCFF897LPG	ENCSR000CVN	Homo sapiens CD14-positive monocyte female	2	RNU2-1	U2	0
ENCFF897LPG	ENCSR000CVN	Homo sapiens CD14-positive monocyte female	2	RNU6-9	U6	87
ENCFF897LPG	ENCSR000CVN	Homo sapiens CD14-positive monocyte female	2	RNU6-2	U6	326
ENCFF897LPG	ENCSR000CVN	Homo sapiens CD14-positive monocyte female	2	RNU12	U12	0
ENCFF935XKC	ENCSR000CTE	Homo sapiens A549 nuclear fraction	3	RNU5E-1	U5	7664
ENCFF935XKC	ENCSR000CTE	Homo sapiens A549 nuclear fraction	3	RNU1-1	U1	2
ENCFF935XKC	ENCSR000CTE	Homo sapiens A549 nuclear fraction	3	RNU1-3	U1	0
ENCFF935XKC	ENCSR000CTE	Homo sapiens A549 nuclear fraction	3	RNU1-4	U1	0
ENCFF935XKC	ENCSR000CTE	Homo sapiens A549 nuclear fraction	3	RNU1-2	U1	2
ENCFF935XKC	ENCSR000CTE	Homo sapiens A549 nuclear fraction	3	RNU11	U11	0
ENCFF935XKC	ENCSR000CTE	Homo sapiens A549 nuclear fraction	3	RNU5F-1	U5	1250
ENCFF935XKC	ENCSR000CTE	Homo sapiens A549 nuclear fraction	3	RNU5D-1	U5	11394
ENCFF935XKC	ENCSR000CTE	Homo sapiens A549 nuclear fraction	3	RNU4ATAC	U4atac	2796
ENCFF935XKC	ENCSR000CTE	Homo sapiens A549 nuclear fraction	3	RMRP		0
ENCFF935XKC	ENCSR000CTE	Homo sapiens A549 nuclear fraction	3	RNU6ATAC	U6atac	3236
ENCFF935XKC	ENCSR000CTE	Homo sapiens A549 nuclear fraction	3	RNU2-2P	U2	0
ENCFF935XKC	ENCSR000CTE	Homo sapiens A549 nuclear fraction	3	RNU7-1	U7	0
ENCFF935XKC	ENCSR000CTE	Homo sapiens A549 nuclear fraction	3	RNU4-2	U4	6231
ENCFF935XKC	ENCSR000CTE	Homo sapiens A549 nuclear fraction	3	RNU4-1	U4	3939
ENCFF935XKC	ENCSR000CTE	Homo sapiens A549 nuclear fraction	3	RPPH1		0
ENCFF935XKC	ENCSR000CTE	Homo sapiens A549 nuclear fraction	3	RNU6-7	U6	8
ENCFF935XKC	ENCSR000CTE	Homo sapiens A549 nuclear fraction	3	RNU6-8	U6	24
ENCFF935XKC	ENCSR000CTE	Homo sapiens A549 nuclear fraction	3	RN7SL1		0
ENCFF935XKC	ENCSR000CTE	Homo sapiens A549 nuclear fraction	3	RN7SL2		2
ENCFF935XKC	ENCSR000CTE	Homo sapiens A549 nuclear fraction	3	RNU5A-1	U5	15951
ENCFF935XKC	ENCSR000CTE	Homo sapiens A549 nuclear fraction	3	RNU5B-1	U5	14697
ENCFF935XKC	ENCSR000CTE	Homo sapiens A549 nuclear fraction	3	RNU6-1	U6	14
ENCFF935XKC	ENCSR000CTE	Homo sapiens A549 nuclear fraction	3	RNU2-1	U2	0
ENCFF935XKC	ENCSR000CTE	Homo sapiens A549 nuclear fraction	3	RNU6-9	U6	186
ENCFF935XKC	ENCSR000CTE	Homo sapiens A549 nuclear fraction	3	RNU6-2	U6	44
ENCFF935XKC	ENCSR000CTE	Homo sapiens A549 nuclear fraction	3	RNU12	U12	0
ENCFF635YVW	ENCSR000CTE	Homo sapiens A549 nuclear fraction	4	RNU5E-1	U5	486
ENCFF635YVW	ENCSR000CTE	Homo sapiens A549 nuclear fraction	4	RNU1-1	U1	0
ENCFF635YVW	ENCSR000CTE	Homo sapiens A549 nuclear fraction	4	RNU1-3	U1	0
ENCFF635YVW	ENCSR000CTE	Homo sapiens A549 nuclear fraction	4	RNU1-4	U1	0
ENCFF635YVW	ENCSR000CTE	Homo sapiens A549 nuclear fraction	4	RNU1-2	U1	0
ENCFF635YVW	ENCSR000CTE	Homo sapiens A549 nuclear fraction	4	RNU11	U11	0
ENCFF635YVW	ENCSR000CTE	Homo sapiens A549 nuclear fraction	4	RNU5F-1	U5	299
ENCFF635YVW	ENCSR000CTE	Homo sapiens A549 nuclear fraction	4	RNU5D-1	U5	1236
ENCFF635YVW	ENCSR000CTE	Homo sapiens A549 nuclear fraction	4	RNU4ATAC	U4atac	281
ENCFF635YVW	ENCSR000CTE	Homo sapiens A549 nuclear fraction	4	RMRP		0
ENCFF635YVW	ENCSR000CTE	Homo sapiens A549 nuclear fraction	4	RNU6ATAC	U6atac	2416
ENCFF635YVW	ENCSR000CTE	Homo sapiens A549 nuclear fraction	4	RNU2-2P	U2	0
ENCFF635YVW	ENCSR000CTE	Homo sapiens A549 nuclear fraction	4	RNU7-1	U7	0
ENCFF635YVW	ENCSR000CTE	Homo sapiens A549 nuclear fraction	4	RNU4-2	U4	405
ENCFF635YVW	ENCSR000CTE	Homo sapiens A549 nuclear fraction	4	RNU4-1	U4	219
ENCFF635YVW	ENCSR000CTE	Homo sapiens A549 nuclear fraction	4	RPPH1		0
ENCFF635YVW	ENCSR000CTE	Homo sapiens A549 nuclear fraction	4	RNU6-7	U6	0
ENCFF635YVW	ENCSR000CTE	Homo sapiens A549 nuclear fraction	4	RNU6-8	U6	11
ENCFF635YVW	ENCSR000CTE	Homo sapiens A549 nuclear fraction	4	RN7SL1		0
ENCFF635YVW	ENCSR000CTE	Homo sapiens A549 nuclear fraction	4	RN7SL2		0
ENCFF635YVW	ENCSR000CTE	Homo sapiens A549 nuclear fraction	4	RNU5A-1	U5	903
ENCFF635YVW	ENCSR000CTE	Homo sapiens A549 nuclear fraction	4	RNU5B-1	U5	782
ENCFF635YVW	ENCSR000CTE	Homo sapiens A549 nuclear fraction	4	RNU6-1	U6	0
ENCFF635YVW	ENCSR000CTE	Homo sapiens A549 nuclear fraction	4	RNU2-1	U2	0
ENCFF635YVW	ENCSR000CTE	Homo sapiens A549 nuclear fraction	4	RNU6-9	U6	211
ENCFF635YVW	ENCSR000CTE	Homo sapiens A549 nuclear fraction	4	RNU6-2	U6	37
ENCFF635YVW	ENCSR000CTE	Homo sapiens A549 nuclear fraction	4	RNU12	U12	0
ENCFF065PDA	ENCSR000CSX	Homo sapiens MCF-7	3	RNU5E-1	U5	1619
ENCFF065PDA	ENCSR000CSX	Homo sapiens MCF-7	3	RNU1-1	U1	0
ENCFF065PDA	ENCSR000CSX	Homo sapiens MCF-7	3	RNU1-3	U1	0
ENCFF065PDA	ENCSR000CSX	Homo sapiens MCF-7	3	RNU1-4	U1	0
ENCFF065PDA	ENCSR000CSX	Homo sapiens MCF-7	3	RNU1-2	U1	0
ENCFF065PDA	ENCSR000CSX	Homo sapiens MCF-7	3	RNU11	U11	0
ENCFF065PDA	ENCSR000CSX	Homo sapiens MCF-7	3	RNU5F-1	U5	597
ENCFF065PDA	ENCSR000CSX	Homo sapiens MCF-7	3	RNU5D-1	U5	13124
ENCFF065PDA	ENCSR000CSX	Homo sapiens MCF-7	3	RNU4ATAC	U4atac	482
ENCFF065PDA	ENCSR000CSX	Homo sapiens MCF-7	3	RMRP		0
ENCFF065PDA	ENCSR000CSX	Homo sapiens MCF-7	3	RNU6ATAC	U6atac	1386
ENCFF065PDA	ENCSR000CSX	Homo sapiens MCF-7	3	RNU2-2P	U2	0
ENCFF065PDA	ENCSR000CSX	Homo sapiens MCF-7	3	RNU7-1	U7	0
ENCFF065PDA	ENCSR000CSX	Homo sapiens MCF-7	3	RNU4-2	U4	2473
ENCFF065PDA	ENCSR000CSX	Homo sapiens MCF-7	3	RNU4-1	U4	1108
ENCFF065PDA	ENCSR000CSX	Homo sapiens MCF-7	3	RPPH1		0
ENCFF065PDA	ENCSR000CSX	Homo sapiens MCF-7	3	RNU6-7	U6	2
ENCFF065PDA	ENCSR000CSX	Homo sapiens MCF-7	3	RNU6-8	U6	36
ENCFF065PDA	ENCSR000CSX	Homo sapiens MCF-7	3	RN7SL1		0
ENCFF065PDA	ENCSR000CSX	Homo sapiens MCF-7	3	RN7SL2		9
ENCFF065PDA	ENCSR000CSX	Homo sapiens MCF-7	3	RNU5A-1	U5	16341
ENCFF065PDA	ENCSR000CSX	Homo sapiens MCF-7	3	RNU5B-1	U5	18108
ENCFF065PDA	ENCSR000CSX	Homo sapiens MCF-7	3	RNU6-1	U6	20
ENCFF065PDA	ENCSR000CSX	Homo sapiens MCF-7	3	RNU2-1	U2	0
ENCFF065PDA	ENCSR000CSX	Homo sapiens MCF-7	3	RNU6-9	U6	657
ENCFF065PDA	ENCSR000CSX	Homo sapiens MCF-7	3	RNU6-2	U6	101
ENCFF065PDA	ENCSR000CSX	Homo sapiens MCF-7	3	RNU12	U12	0
ENCFF352YQY	ENCSR000CSX	Homo sapiens MCF-7	4	RNU5E-1	U5	2043
ENCFF352YQY	ENCSR000CSX	Homo sapiens MCF-7	4	RNU1-1	U1	0
ENCFF352YQY	ENCSR000CSX	Homo sapiens MCF-7	4	RNU1-3	U1	0
ENCFF352YQY	ENCSR000CSX	Homo sapiens MCF-7	4	RNU1-4	U1	0
ENCFF352YQY	ENCSR000CSX	Homo sapiens MCF-7	4	RNU1-2	U1	0
ENCFF352YQY	ENCSR000CSX	Homo sapiens MCF-7	4	RNU11	U11	0
ENCFF352YQY	ENCSR000CSX	Homo sapiens MCF-7	4	RNU5F-1	U5	1170
ENCFF352YQY	ENCSR000CSX	Homo sapiens MCF-7	4	RNU5D-1	U5	9436
ENCFF352YQY	ENCSR000CSX	Homo sapiens MCF-7	4	RNU4ATAC	U4atac	601
ENCFF352YQY	ENCSR000CSX	Homo sapiens MCF-7	4	RMRP		0
ENCFF352YQY	ENCSR000CSX	Homo sapiens MCF-7	4	RNU6ATAC	U6atac	4675
ENCFF352YQY	ENCSR000CSX	Homo sapiens MCF-7	4	RNU2-2P	U2	0
ENCFF352YQY	ENCSR000CSX	Homo sapiens MCF-7	4	RNU7-1	U7	0
ENCFF352YQY	ENCSR000CSX	Homo sapiens MCF-7	4	RNU4-2	U4	1803
ENCFF352YQY	ENCSR000CSX	Homo sapiens MCF-7	4	RNU4-1	U4	724
ENCFF352YQY	ENCSR000CSX	Homo sapiens MCF-7	4	RPPH1		0
ENCFF352YQY	ENCSR000CSX	Homo sapiens MCF-7	4	RNU6-7	U6	0
ENCFF352YQY	ENCSR000CSX	Homo sapiens MCF-7	4	RNU6-8	U6	45
ENCFF352YQY	ENCSR000CSX	Homo sapiens MCF-7	4	RN7SL1		0
ENCFF352YQY	ENCSR000CSX	Homo sapiens MCF-7	4	RN7SL2		3
ENCFF352YQY	ENCSR000CSX	Homo sapiens MCF-7	4	RNU5A-1	U5	11058
ENCFF352YQY	ENCSR000CSX	Homo sapiens MCF-7	4	RNU5B-1	U5	11633
ENCFF352YQY	ENCSR000CSX	Homo sapiens MCF-7	4	RNU6-1	U6	22
ENCFF352YQY	ENCSR000CSX	Homo sapiens MCF-7	4	RNU2-1	U2	0
ENCFF352YQY	ENCSR000CSX	Homo sapiens MCF-7	4	RNU6-9	U6	1314
ENCFF352YQY	ENCSR000CSX	Homo sapiens MCF-7	4	RNU6-2	U6	18
ENCFF352YQY	ENCSR000CSX	Homo sapiens MCF-7	4	RNU12	U12	0
ENCFF381DID	ENCSR000CSW	Homo sapiens MCF-7	3	RNU5E-1	U5	185
ENCFF381DID	ENCSR000CSW	Homo sapiens MCF-7	3	RNU1-1	U1	0
ENCFF381DID	ENCSR000CSW	Homo sapiens MCF-7	3	RNU1-3	U1	0
ENCFF381DID	ENCSR000CSW	Homo sapiens MCF-7	3	RNU1-4	U1	0
ENCFF381DID	ENCSR000CSW	Homo sapiens MCF-7	3	RNU1-2	U1	1
ENCFF381DID	ENCSR000CSW	Homo sapiens MCF-7	3	RNU11	U11	0
ENCFF381DID	ENCSR000CSW	Homo sapiens MCF-7	3	RNU5F-1	U5	98
ENCFF381DID	ENCSR000CSW	Homo sapiens MCF-7	3	RNU5D-1	U5	4604
ENCFF381DID	ENCSR000CSW	Homo sapiens MCF-7	3	RNU4ATAC	U4atac	507
ENCFF381DID	ENCSR000CSW	Homo sapiens MCF-7	3	RMRP		0
ENCFF381DID	ENCSR000CSW	Homo sapiens MCF-7	3	RNU6ATAC	U6atac	63
ENCFF381DID	ENCSR000CSW	Homo sapiens MCF-7	3	RNU2-2P	U2	0
ENCFF381DID	ENCSR000CSW	Homo sapiens MCF-7	3	RNU7-1	U7	0
ENCFF381DID	ENCSR000CSW	Homo sapiens MCF-7	3	RNU4-2	U4	192
ENCFF381DID	ENCSR000CSW	Homo sapiens MCF-7	3	RNU4-1	U4	90
ENCFF381DID	ENCSR000CSW	Homo sapiens MCF-7	3	RPPH1		0
ENCFF381DID	ENCSR000CSW	Homo sapiens MCF-7	3	RNU6-7	U6	0
ENCFF381DID	ENCSR000CSW	Homo sapiens MCF-7	3	RNU6-8	U6	1
ENCFF381DID	ENCSR000CSW	Homo sapiens MCF-7	3	RN7SL1		0
ENCFF381DID	ENCSR000CSW	Homo sapiens MCF-7	3	RN7SL2		2
ENCFF381DID	ENCSR000CSW	Homo sapiens MCF-7	3	RNU5A-1	U5	430
ENCFF381DID	ENCSR000CSW	Homo sapiens MCF-7	3	RNU5B-1	U5	426
ENCFF381DID	ENCSR000CSW	Homo sapiens MCF-7	3	RNU6-1	U6	2
ENCFF381DID	ENCSR000CSW	Homo sapiens MCF-7	3	RNU2-1	U2	0
ENCFF381DID	ENCSR000CSW	Homo sapiens MCF-7	3	RNU6-9	U6	219
ENCFF381DID	ENCSR000CSW	Homo sapiens MCF-7	3	RNU6-2	U6	0
ENCFF381DID	ENCSR000CSW	Homo sapiens MCF-7	3	RNU12	U12	0
ENCFF052QRY	ENCSR000CSW	Homo sapiens MCF-7	4	RNU5E-1	U5	129
ENCFF052QRY	ENCSR000CSW	Homo sapiens MCF-7	4	RNU1-1	U1	0
ENCFF052QRY	ENCSR000CSW	Homo sapiens MCF-7	4	RNU1-3	U1	0
ENCFF052QRY	ENCSR000CSW	Homo sapiens MCF-7	4	RNU1-4	U1	0
ENCFF052QRY	ENCSR000CSW	Homo sapiens MCF-7	4	RNU1-2	U1	0
ENCFF052QRY	ENCSR000CSW	Homo sapiens MCF-7	4	RNU11	U11	0
ENCFF052QRY	ENCSR000CSW	Homo sapiens MCF-7	4	RNU5F-1	U5	82
ENCFF052QRY	ENCSR000CSW	Homo sapiens MCF-7	4	RNU5D-1	U5	2903
ENCFF052QRY	ENCSR000CSW	Homo sapiens MCF-7	4	RNU4ATAC	U4atac	464
ENCFF052QRY	ENCSR000CSW	Homo sapiens MCF-7	4	RMRP		0
ENCFF052QRY	ENCSR000CSW	Homo sapiens MCF-7	4	RNU6ATAC	U6atac	86
ENCFF052QRY	ENCSR000CSW	Homo sapiens MCF-7	4	RNU2-2P	U2	0
ENCFF052QRY	ENCSR000CSW	Homo sapiens MCF-7	4	RNU7-1	U7	0
ENCFF052QRY	ENCSR000CSW	Homo sapiens MCF-7	4	RNU4-2	U4	141
ENCFF052QRY	ENCSR000CSW	Homo sapiens MCF-7	4	RNU4-1	U4	62
ENCFF052QRY	ENCSR000CSW	Homo sapiens MCF-7	4	RPPH1		0
ENCFF052QRY	ENCSR000CSW	Homo sapiens MCF-7	4	RNU6-7	U6	0
ENCFF052QRY	ENCSR000CSW	Homo sapiens MCF-7	4	RNU6-8	U6	6
ENCFF052QRY	ENCSR000CSW	Homo sapiens MCF-7	4	RN7SL1		0
ENCFF052QRY	ENCSR000CSW	Homo sapiens MCF-7	4	RN7SL2		1
ENCFF052QRY	ENCSR000CSW	Homo sapiens MCF-7	4	RNU5A-1	U5	317
ENCFF052QRY	ENCSR000CSW	Homo sapiens MCF-7	4	RNU5B-1	U5	221
ENCFF052QRY	ENCSR000CSW	Homo sapiens MCF-7	4	RNU6-1	U6	3
ENCFF052QRY	ENCSR000CSW	Homo sapiens MCF-7	4	RNU2-1	U2	0
ENCFF052QRY	ENCSR000CSW	Homo sapiens MCF-7	4	RNU6-9	U6	202
ENCFF052QRY	ENCSR000CSW	Homo sapiens MCF-7	4	RNU6-2	U6	3
ENCFF052QRY	ENCSR000CSW	Homo sapiens MCF-7	4	RNU12	U12	0
ENCFF789FUP	ENCSR000CSV	Homo sapiens MCF-7 nuclear fraction	3	RNU5E-1	U5	998
ENCFF789FUP	ENCSR000CSV	Homo sapiens MCF-7 nuclear fraction	3	RNU1-1	U1	0
ENCFF789FUP	ENCSR000CSV	Homo sapiens MCF-7 nuclear fraction	3	RNU1-3	U1	0
ENCFF789FUP	ENCSR000CSV	Homo sapiens MCF-7 nuclear fraction	3	RNU1-4	U1	0
ENCFF789FUP	ENCSR000CSV	Homo sapiens MCF-7 nuclear fraction	3	RNU1-2	U1	1
ENCFF789FUP	ENCSR000CSV	Homo sapiens MCF-7 nuclear fraction	3	RNU11	U11	0
ENCFF789FUP	ENCSR000CSV	Homo sapiens MCF-7 nuclear fraction	3	RNU5F-1	U5	64
ENCFF789FUP	ENCSR000CSV	Homo sapiens MCF-7 nuclear fraction	3	RNU5D-1	U5	3528
ENCFF789FUP	ENCSR000CSV	Homo sapiens MCF-7 nuclear fraction	3	RNU4ATAC	U4atac	442
ENCFF789FUP	ENCSR000CSV	Homo sapiens MCF-7 nuclear fraction	3	RMRP		0
ENCFF789FUP	ENCSR000CSV	Homo sapiens MCF-7 nuclear fraction	3	RNU6ATAC	U6atac	121
ENCFF789FUP	ENCSR000CSV	Homo sapiens MCF-7 nuclear fraction	3	RNU2-2P	U2	0
ENCFF789FUP	ENCSR000CSV	Homo sapiens MCF-7 nuclear fraction	3	RNU7-1	U7	0
ENCFF789FUP	ENCSR000CSV	Homo sapiens MCF-7 nuclear fraction	3	RNU4-2	U4	325
ENCFF789FUP	ENCSR000CSV	Homo sapiens MCF-7 nuclear fraction	3	RNU4-1	U4	90
ENCFF789FUP	ENCSR000CSV	Homo sapiens MCF-7 nuclear fraction	3	RPPH1		0
ENCFF789FUP	ENCSR000CSV	Homo sapiens MCF-7 nuclear fraction	3	RNU6-7	U6	1
ENCFF789FUP	ENCSR000CSV	Homo sapiens MCF-7 nuclear fraction	3	RNU6-8	U6	7
ENCFF789FUP	ENCSR000CSV	Homo sapiens MCF-7 nuclear fraction	3	RN7SL1		0
ENCFF789FUP	ENCSR000CSV	Homo sapiens MCF-7 nuclear fraction	3	RN7SL2		2
ENCFF789FUP	ENCSR000CSV	Homo sapiens MCF-7 nuclear fraction	3	RNU5A-1	U5	1404
ENCFF789FUP	ENCSR000CSV	Homo sapiens MCF-7 nuclear fraction	3	RNU5B-1	U5	1178
ENCFF789FUP	ENCSR000CSV	Homo sapiens MCF-7 nuclear fraction	3	RNU6-1	U6	1
ENCFF789FUP	ENCSR000CSV	Homo sapiens MCF-7 nuclear fraction	3	RNU2-1	U2	0
ENCFF789FUP	ENCSR000CSV	Homo sapiens MCF-7 nuclear fraction	3	RNU6-9	U6	72
ENCFF789FUP	ENCSR000CSV	Homo sapiens MCF-7 nuclear fraction	3	RNU6-2	U6	3
ENCFF789FUP	ENCSR000CSV	Homo sapiens MCF-7 nuclear fraction	3	RNU12	U12	0
ENCFF861MGU	ENCSR000CSV	Homo sapiens MCF-7 nuclear fraction	4	RNU5E-1	U5	1642
ENCFF861MGU	ENCSR000CSV	Homo sapiens MCF-7 nuclear fraction	4	RNU1-1	U1	0
ENCFF861MGU	ENCSR000CSV	Homo sapiens MCF-7 nuclear fraction	4	RNU1-3	U1	0
ENCFF861MGU	ENCSR000CSV	Homo sapiens MCF-7 nuclear fraction	4	RNU1-4	U1	0
ENCFF861MGU	ENCSR000CSV	Homo sapiens MCF-7 nuclear fraction	4	RNU1-2	U1	3
ENCFF861MGU	ENCSR000CSV	Homo sapiens MCF-7 nuclear fraction	4	RNU11	U11	0
ENCFF861MGU	ENCSR000CSV	Homo sapiens MCF-7 nuclear fraction	4	RNU5F-1	U5	97
ENCFF861MGU	ENCSR000CSV	Homo sapiens MCF-7 nuclear fraction	4	RNU5D-1	U5	9668
ENCFF861MGU	ENCSR000CSV	Homo sapiens MCF-7 nuclear fraction	4	RNU4ATAC	U4atac	534
ENCFF861MGU	ENCSR000CSV	Homo sapiens MCF-7 nuclear fraction	4	RMRP		0
ENCFF861MGU	ENCSR000CSV	Homo sapiens MCF-7 nuclear fraction	4	RNU6ATAC	U6atac	157
ENCFF861MGU	ENCSR000CSV	Homo sapiens MCF-7 nuclear fraction	4	RNU2-2P	U2	0
ENCFF861MGU	ENCSR000CSV	Homo sapiens MCF-7 nuclear fraction	4	RNU7-1	U7	0
ENCFF861MGU	ENCSR000CSV	Homo sapiens MCF-7 nuclear fraction	4	RNU4-2	U4	396
ENCFF861MGU	ENCSR000CSV	Homo sapiens MCF-7 nuclear fraction	4	RNU4-1	U4	158
ENCFF861MGU	ENCSR000CSV	Homo sapiens MCF-7 nuclear fraction	4	RPPH1		0
ENCFF861MGU	ENCSR000CSV	Homo sapiens MCF-7 nuclear fraction	4	RNU6-7	U6	0
ENCFF861MGU	ENCSR000CSV	Homo sapiens MCF-7 nuclear fraction	4	RNU6-8	U6	16
ENCFF861MGU	ENCSR000CSV	Homo sapiens MCF-7 nuclear fraction	4	RN7SL1		0
ENCFF861MGU	ENCSR000CSV	Homo sapiens MCF-7 nuclear fraction	4	RN7SL2		1
ENCFF861MGU	ENCSR000CSV	Homo sapiens MCF-7 nuclear fraction	4	RNU5A-1	U5	1593
ENCFF861MGU	ENCSR000CSV	Homo sapiens MCF-7 nuclear fraction	4	RNU5B-1	U5	1583
ENCFF861MGU	ENCSR000CSV	Homo sapiens MCF-7 nuclear fraction	4	RNU6-1	U6	3
ENCFF861MGU	ENCSR000CSV	Homo sapiens MCF-7 nuclear fraction	4	RNU2-1	U2	0
ENCFF861MGU	ENCSR000CSV	Homo sapiens MCF-7 nuclear fraction	4	RNU6-9	U6	146
ENCFF861MGU	ENCSR000CSV	Homo sapiens MCF-7 nuclear fraction	4	RNU6-2	U6	3
ENCFF861MGU	ENCSR000CSV	Homo sapiens MCF-7 nuclear fraction	4	RNU12	U12	0
ENCFF069EFV	ENCSR000CSU	Homo sapiens MCF-7 cytosolic fraction	3	RNU5E-1	U5	340
ENCFF069EFV	ENCSR000CSU	Homo sapiens MCF-7 cytosolic fraction	3	RNU1-1	U1	0
ENCFF069EFV	ENCSR000CSU	Homo sapiens MCF-7 cytosolic fraction	3	RNU1-3	U1	0
ENCFF069EFV	ENCSR000CSU	Homo sapiens MCF-7 cytosolic fraction	3	RNU1-4	U1	0
ENCFF069EFV	ENCSR000CSU	Homo sapiens MCF-7 cytosolic fraction	3	RNU1-2	U1	0
ENCFF069EFV	ENCSR000CSU	Homo sapiens MCF-7 cytosolic fraction	3	RNU11	U11	0
ENCFF069EFV	ENCSR000CSU	Homo sapiens MCF-7 cytosolic fraction	3	RNU5F-1	U5	64
ENCFF069EFV	ENCSR000CSU	Homo sapiens MCF-7 cytosolic fraction	3	RNU5D-1	U5	1317
ENCFF069EFV	ENCSR000CSU	Homo sapiens MCF-7 cytosolic fraction	3	RNU4ATAC	U4atac	771
ENCFF069EFV	ENCSR000CSU	Homo sapiens MCF-7 cytosolic fraction	3	RMRP		0
ENCFF069EFV	ENCSR000CSU	Homo sapiens MCF-7 cytosolic fraction	3	RNU6ATAC	U6atac	85
ENCFF069EFV	ENCSR000CSU	Homo sapiens MCF-7 cytosolic fraction	3	RNU2-2P	U2	0
ENCFF069EFV	ENCSR000CSU	Homo sapiens MCF-7 cytosolic fraction	3	RNU7-1	U7	0
ENCFF069EFV	ENCSR000CSU	Homo sapiens MCF-7 cytosolic fraction	3	RNU4-2	U4	324
ENCFF069EFV	ENCSR000CSU	Homo sapiens MCF-7 cytosolic fraction	3	RNU4-1	U4	316
ENCFF069EFV	ENCSR000CSU	Homo sapiens MCF-7 cytosolic fraction	3	RPPH1		0
ENCFF069EFV	ENCSR000CSU	Homo sapiens MCF-7 cytosolic fraction	3	RNU6-7	U6	0
ENCFF069EFV	ENCSR000CSU	Homo sapiens MCF-7 cytosolic fraction	3	RNU6-8	U6	0
ENCFF069EFV	ENCSR000CSU	Homo sapiens MCF-7 cytosolic fraction	3	RN7SL1		0
ENCFF069EFV	ENCSR000CSU	Homo sapiens MCF-7 cytosolic fraction	3	RN7SL2		12
ENCFF069EFV	ENCSR000CSU	Homo sapiens MCF-7 cytosolic fraction	3	RNU5A-1	U5	363
ENCFF069EFV	ENCSR000CSU	Homo sapiens MCF-7 cytosolic fraction	3	RNU5B-1	U5	285
ENCFF069EFV	ENCSR000CSU	Homo sapiens MCF-7 cytosolic fraction	3	RNU6-1	U6	6
ENCFF069EFV	ENCSR000CSU	Homo sapiens MCF-7 cytosolic fraction	3	RNU2-1	U2	0
ENCFF069EFV	ENCSR000CSU	Homo sapiens MCF-7 cytosolic fraction	3	RNU6-9	U6	209
ENCFF069EFV	ENCSR000CSU	Homo sapiens MCF-7 cytosolic fraction	3	RNU6-2	U6	4
ENCFF069EFV	ENCSR000CSU	Homo sapiens MCF-7 cytosolic fraction	3	RNU12	U12	0
ENCFF173JAM	ENCSR000CSU	Homo sapiens MCF-7 cytosolic fraction	4	RNU5E-1	U5	453
ENCFF173JAM	ENCSR000CSU	Homo sapiens MCF-7 cytosolic fraction	4	RNU1-1	U1	0
ENCFF173JAM	ENCSR000CSU	Homo sapiens MCF-7 cytosolic fraction	4	RNU1-3	U1	0
ENCFF173JAM	ENCSR000CSU	Homo sapiens MCF-7 cytosolic fraction	4	RNU1-4	U1	0
ENCFF173JAM	ENCSR000CSU	Homo sapiens MCF-7 cytosolic fraction	4	RNU1-2	U1	0
ENCFF173JAM	ENCSR000CSU	Homo sapiens MCF-7 cytosolic fraction	4	RNU11	U11	0
ENCFF173JAM	ENCSR000CSU	Homo sapiens MCF-7 cytosolic fraction	4	RNU5F-1	U5	67
ENCFF173JAM	ENCSR000CSU	Homo sapiens MCF-7 cytosolic fraction	4	RNU5D-1	U5	1756
ENCFF173JAM	ENCSR000CSU	Homo sapiens MCF-7 cytosolic fraction	4	RNU4ATAC	U4atac	750
ENCFF173JAM	ENCSR000CSU	Homo sapiens MCF-7 cytosolic fraction	4	RMRP		0
ENCFF173JAM	ENCSR000CSU	Homo sapiens MCF-7 cytosolic fraction	4	RNU6ATAC	U6atac	249
ENCFF173JAM	ENCSR000CSU	Homo sapiens MCF-7 cytosolic fraction	4	RNU2-2P	U2	0
ENCFF173JAM	ENCSR000CSU	Homo sapiens MCF-7 cytosolic fraction	4	RNU7-1	U7	0
ENCFF173JAM	ENCSR000CSU	Homo sapiens MCF-7 cytosolic fraction	4	RNU4-2	U4	297
ENCFF173JAM	ENCSR000CSU	Homo sapiens MCF-7 cytosolic fraction	4	RNU4-1	U4	228
ENCFF173JAM	ENCSR000CSU	Homo sapiens MCF-7 cytosolic fraction	4	RPPH1		0
ENCFF173JAM	ENCSR000CSU	Homo sapiens MCF-7 cytosolic fraction	4	RNU6-7	U6	0
ENCFF173JAM	ENCSR000CSU	Homo sapiens MCF-7 cytosolic fraction	4	RNU6-8	U6	8
ENCFF173JAM	ENCSR000CSU	Homo sapiens MCF-7 cytosolic fraction	4	RN7SL1		0
ENCFF173JAM	ENCSR000CSU	Homo sapiens MCF-7 cytosolic fraction	4	RN7SL2		11
ENCFF173JAM	ENCSR000CSU	Homo sapiens MCF-7 cytosolic fraction	4	RNU5A-1	U5	625
ENCFF173JAM	ENCSR000CSU	Homo sapiens MCF-7 cytosolic fraction	4	RNU5B-1	U5	343
ENCFF173JAM	ENCSR000CSU	Homo sapiens MCF-7 cytosolic fraction	4	RNU6-1	U6	1
ENCFF173JAM	ENCSR000CSU	Homo sapiens MCF-7 cytosolic fraction	4	RNU2-1	U2	0
ENCFF173JAM	ENCSR000CSU	Homo sapiens MCF-7 cytosolic fraction	4	RNU6-9	U6	186
ENCFF173JAM	ENCSR000CSU	Homo sapiens MCF-7 cytosolic fraction	4	RNU6-2	U6	3
ENCFF173JAM	ENCSR000CSU	Homo sapiens MCF-7 cytosolic fraction	4	RNU12	U12	0
ENCFF595XOU	ENCSR000CSO	Homo sapiens A549	3	RNU5E-1	U5	5205
ENCFF595XOU	ENCSR000CSO	Homo sapiens A549	3	RNU1-1	U1	0
ENCFF595XOU	ENCSR000CSO	Homo sapiens A549	3	RNU1-3	U1	0
ENCFF595XOU	ENCSR000CSO	Homo sapiens A549	3	RNU1-4	U1	0
ENCFF595XOU	ENCSR000CSO	Homo sapiens A549	3	RNU1-2	U1	7
ENCFF595XOU	ENCSR000CSO	Homo sapiens A549	3	RNU11	U11	0
ENCFF595XOU	ENCSR000CSO	Homo sapiens A549	3	RNU5F-1	U5	568
ENCFF595XOU	ENCSR000CSO	Homo sapiens A549	3	RNU5D-1	U5	6817
ENCFF595XOU	ENCSR000CSO	Homo sapiens A549	3	RNU4ATAC	U4atac	714
ENCFF595XOU	ENCSR000CSO	Homo sapiens A549	3	RMRP		0
ENCFF595XOU	ENCSR000CSO	Homo sapiens A549	3	RNU6ATAC	U6atac	1795
ENCFF595XOU	ENCSR000CSO	Homo sapiens A549	3	RNU2-2P	U2	0
ENCFF595XOU	ENCSR000CSO	Homo sapiens A549	3	RNU7-1	U7	0
ENCFF595XOU	ENCSR000CSO	Homo sapiens A549	3	RNU4-2	U4	4203
ENCFF595XOU	ENCSR000CSO	Homo sapiens A549	3	RNU4-1	U4	988
ENCFF595XOU	ENCSR000CSO	Homo sapiens A549	3	RPPH1		0
ENCFF595XOU	ENCSR000CSO	Homo sapiens A549	3	RNU6-7	U6	13
ENCFF595XOU	ENCSR000CSO	Homo sapiens A549	3	RNU6-8	U6	33
ENCFF595XOU	ENCSR000CSO	Homo sapiens A549	3	RN7SL1		0
ENCFF595XOU	ENCSR000CSO	Homo sapiens A549	3	RN7SL2		0
ENCFF595XOU	ENCSR000CSO	Homo sapiens A549	3	RNU5A-1	U5	10087
ENCFF595XOU	ENCSR000CSO	Homo sapiens A549	3	RNU5B-1	U5	11796
ENCFF595XOU	ENCSR000CSO	Homo sapiens A549	3	RNU6-1	U6	31
ENCFF595XOU	ENCSR000CSO	Homo sapiens A549	3	RNU2-1	U2	0
ENCFF595XOU	ENCSR000CSO	Homo sapiens A549	3	RNU6-9	U6	459
ENCFF595XOU	ENCSR000CSO	Homo sapiens A549	3	RNU6-2	U6	42
ENCFF595XOU	ENCSR000CSO	Homo sapiens A549	3	RNU12	U12	0
ENCFF834PUN	ENCSR000CSO	Homo sapiens A549	4	RNU5E-1	U5	815
ENCFF834PUN	ENCSR000CSO	Homo sapiens A549	4	RNU1-1	U1	0
ENCFF834PUN	ENCSR000CSO	Homo sapiens A549	4	RNU1-3	U1	0
ENCFF834PUN	ENCSR000CSO	Homo sapiens A549	4	RNU1-4	U1	0
ENCFF834PUN	ENCSR000CSO	Homo sapiens A549	4	RNU1-2	U1	0
ENCFF834PUN	ENCSR000CSO	Homo sapiens A549	4	RNU11	U11	0
ENCFF834PUN	ENCSR000CSO	Homo sapiens A549	4	RNU5F-1	U5	425
ENCFF834PUN	ENCSR000CSO	Homo sapiens A549	4	RNU5D-1	U5	1959
ENCFF834PUN	ENCSR000CSO	Homo sapiens A549	4	RNU4ATAC	U4atac	267
ENCFF834PUN	ENCSR000CSO	Homo sapiens A549	4	RMRP		0
ENCFF834PUN	ENCSR000CSO	Homo sapiens A549	4	RNU6ATAC	U6atac	923
ENCFF834PUN	ENCSR000CSO	Homo sapiens A549	4	RNU2-2P	U2	0
ENCFF834PUN	ENCSR000CSO	Homo sapiens A549	4	RNU7-1	U7	0
ENCFF834PUN	ENCSR000CSO	Homo sapiens A549	4	RNU4-2	U4	837
ENCFF834PUN	ENCSR000CSO	Homo sapiens A549	4	RNU4-1	U4	321
ENCFF834PUN	ENCSR000CSO	Homo sapiens A549	4	RPPH1		0
ENCFF834PUN	ENCSR000CSO	Homo sapiens A549	4	RNU6-7	U6	0
ENCFF834PUN	ENCSR000CSO	Homo sapiens A549	4	RNU6-8	U6	18
ENCFF834PUN	ENCSR000CSO	Homo sapiens A549	4	RN7SL1		0
ENCFF834PUN	ENCSR000CSO	Homo sapiens A549	4	RN7SL2		0
ENCFF834PUN	ENCSR000CSO	Homo sapiens A549	4	RNU5A-1	U5	1855
ENCFF834PUN	ENCSR000CSO	Homo sapiens A549	4	RNU5B-1	U5	2314
ENCFF834PUN	ENCSR000CSO	Homo sapiens A549	4	RNU6-1	U6	0
ENCFF834PUN	ENCSR000CSO	Homo sapiens A549	4	RNU2-1	U2	0
ENCFF834PUN	ENCSR000CSO	Homo sapiens A549	4	RNU6-9	U6	527
ENCFF834PUN	ENCSR000CSO	Homo sapiens A549	4	RNU6-2	U6	26
ENCFF834PUN	ENCSR000CSO	Homo sapiens A549	4	RNU12	U12	0
ENCFF520NBX	ENCSR000CSN	Homo sapiens A549 nuclear fraction	3	RNU5E-1	U5	988
ENCFF520NBX	ENCSR000CSN	Homo sapiens A549 nuclear fraction	3	RNU1-1	U1	0
ENCFF520NBX	ENCSR000CSN	Homo sapiens A549 nuclear fraction	3	RNU1-3	U1	0
ENCFF520NBX	ENCSR000CSN	Homo sapiens A549 nuclear fraction	3	RNU1-4	U1	0
ENCFF520NBX	ENCSR000CSN	Homo sapiens A549 nuclear fraction	3	RNU1-2	U1	1
ENCFF520NBX	ENCSR000CSN	Homo sapiens A549 nuclear fraction	3	RNU11	U11	0
ENCFF520NBX	ENCSR000CSN	Homo sapiens A549 nuclear fraction	3	RNU5F-1	U5	146
ENCFF520NBX	ENCSR000CSN	Homo sapiens A549 nuclear fraction	3	RNU5D-1	U5	5981
ENCFF520NBX	ENCSR000CSN	Homo sapiens A549 nuclear fraction	3	RNU4ATAC	U4atac	2047
ENCFF520NBX	ENCSR000CSN	Homo sapiens A549 nuclear fraction	3	RMRP		0
ENCFF520NBX	ENCSR000CSN	Homo sapiens A549 nuclear fraction	3	RNU6ATAC	U6atac	117
ENCFF520NBX	ENCSR000CSN	Homo sapiens A549 nuclear fraction	3	RNU2-2P	U2	0
ENCFF520NBX	ENCSR000CSN	Homo sapiens A549 nuclear fraction	3	RNU7-1	U7	0
ENCFF520NBX	ENCSR000CSN	Homo sapiens A549 nuclear fraction	3	RNU4-2	U4	312
ENCFF520NBX	ENCSR000CSN	Homo sapiens A549 nuclear fraction	3	RNU4-1	U4	120
ENCFF520NBX	ENCSR000CSN	Homo sapiens A549 nuclear fraction	3	RPPH1		0
ENCFF520NBX	ENCSR000CSN	Homo sapiens A549 nuclear fraction	3	RNU6-7	U6	7
ENCFF520NBX	ENCSR000CSN	Homo sapiens A549 nuclear fraction	3	RNU6-8	U6	2
ENCFF520NBX	ENCSR000CSN	Homo sapiens A549 nuclear fraction	3	RN7SL1		0
ENCFF520NBX	ENCSR000CSN	Homo sapiens A549 nuclear fraction	3	RN7SL2		0
ENCFF520NBX	ENCSR000CSN	Homo sapiens A549 nuclear fraction	3	RNU5A-1	U5	1576
ENCFF520NBX	ENCSR000CSN	Homo sapiens A549 nuclear fraction	3	RNU5B-1	U5	1276
ENCFF520NBX	ENCSR000CSN	Homo sapiens A549 nuclear fraction	3	RNU6-1	U6	1
ENCFF520NBX	ENCSR000CSN	Homo sapiens A549 nuclear fraction	3	RNU2-1	U2	0
ENCFF520NBX	ENCSR000CSN	Homo sapiens A549 nuclear fraction	3	RNU6-9	U6	40
ENCFF520NBX	ENCSR000CSN	Homo sapiens A549 nuclear fraction	3	RNU6-2	U6	2
ENCFF520NBX	ENCSR000CSN	Homo sapiens A549 nuclear fraction	3	RNU12	U12	0
ENCFF544EYX	ENCSR000CSN	Homo sapiens A549 nuclear fraction	4	RNU5E-1	U5	983
ENCFF544EYX	ENCSR000CSN	Homo sapiens A549 nuclear fraction	4	RNU1-1	U1	0
ENCFF544EYX	ENCSR000CSN	Homo sapiens A549 nuclear fraction	4	RNU1-3	U1	0
ENCFF544EYX	ENCSR000CSN	Homo sapiens A549 nuclear fraction	4	RNU1-4	U1	0
ENCFF544EYX	ENCSR000CSN	Homo sapiens A549 nuclear fraction	4	RNU1-2	U1	0
ENCFF544EYX	ENCSR000CSN	Homo sapiens A549 nuclear fraction	4	RNU11	U11	0
ENCFF544EYX	ENCSR000CSN	Homo sapiens A549 nuclear fraction	4	RNU5F-1	U5	144
ENCFF544EYX	ENCSR000CSN	Homo sapiens A549 nuclear fraction	4	RNU5D-1	U5	5176
ENCFF544EYX	ENCSR000CSN	Homo sapiens A549 nuclear fraction	4	RNU4ATAC	U4atac	1623
ENCFF544EYX	ENCSR000CSN	Homo sapiens A549 nuclear fraction	4	RMRP		0
ENCFF544EYX	ENCSR000CSN	Homo sapiens A549 nuclear fraction	4	RNU6ATAC	U6atac	99
ENCFF544EYX	ENCSR000CSN	Homo sapiens A549 nuclear fraction	4	RNU2-2P	U2	0
ENCFF544EYX	ENCSR000CSN	Homo sapiens A549 nuclear fraction	4	RNU7-1	U7	0
ENCFF544EYX	ENCSR000CSN	Homo sapiens A549 nuclear fraction	4	RNU4-2	U4	279
ENCFF544EYX	ENCSR000CSN	Homo sapiens A549 nuclear fraction	4	RNU4-1	U4	79
ENCFF544EYX	ENCSR000CSN	Homo sapiens A549 nuclear fraction	4	RPPH1		0
ENCFF544EYX	ENCSR000CSN	Homo sapiens A549 nuclear fraction	4	RNU6-7	U6	0
ENCFF544EYX	ENCSR000CSN	Homo sapiens A549 nuclear fraction	4	RNU6-8	U6	7
ENCFF544EYX	ENCSR000CSN	Homo sapiens A549 nuclear fraction	4	RN7SL1		0
ENCFF544EYX	ENCSR000CSN	Homo sapiens A549 nuclear fraction	4	RN7SL2		5
ENCFF544EYX	ENCSR000CSN	Homo sapiens A549 nuclear fraction	4	RNU5A-1	U5	1568
ENCFF544EYX	ENCSR000CSN	Homo sapiens A549 nuclear fraction	4	RNU5B-1	U5	1253
ENCFF544EYX	ENCSR000CSN	Homo sapiens A549 nuclear fraction	4	RNU6-1	U6	14
ENCFF544EYX	ENCSR000CSN	Homo sapiens A549 nuclear fraction	4	RNU2-1	U2	0
ENCFF544EYX	ENCSR000CSN	Homo sapiens A549 nuclear fraction	4	RNU6-9	U6	25
ENCFF544EYX	ENCSR000CSN	Homo sapiens A549 nuclear fraction	4	RNU6-2	U6	1
ENCFF544EYX	ENCSR000CSN	Homo sapiens A549 nuclear fraction	4	RNU12	U12	0
ENCFF799MOM	ENCSR000CSM	Homo sapiens A549 cytosolic fraction	3	RNU5E-1	U5	923
ENCFF799MOM	ENCSR000CSM	Homo sapiens A549 cytosolic fraction	3	RNU1-1	U1	0
ENCFF799MOM	ENCSR000CSM	Homo sapiens A549 cytosolic fraction	3	RNU1-3	U1	0
ENCFF799MOM	ENCSR000CSM	Homo sapiens A549 cytosolic fraction	3	RNU1-4	U1	0
ENCFF799MOM	ENCSR000CSM	Homo sapiens A549 cytosolic fraction	3	RNU1-2	U1	0
ENCFF799MOM	ENCSR000CSM	Homo sapiens A549 cytosolic fraction	3	RNU11	U11	0
ENCFF799MOM	ENCSR000CSM	Homo sapiens A549 cytosolic fraction	3	RNU5F-1	U5	865
ENCFF799MOM	ENCSR000CSM	Homo sapiens A549 cytosolic fraction	3	RNU5D-1	U5	3348
ENCFF799MOM	ENCSR000CSM	Homo sapiens A549 cytosolic fraction	3	RNU4ATAC	U4atac	556
ENCFF799MOM	ENCSR000CSM	Homo sapiens A549 cytosolic fraction	3	RMRP		0
ENCFF799MOM	ENCSR000CSM	Homo sapiens A549 cytosolic fraction	3	RNU6ATAC	U6atac	4826
ENCFF799MOM	ENCSR000CSM	Homo sapiens A549 cytosolic fraction	3	RNU2-2P	U2	0
ENCFF799MOM	ENCSR000CSM	Homo sapiens A549 cytosolic fraction	3	RNU7-1	U7	0
ENCFF799MOM	ENCSR000CSM	Homo sapiens A549 cytosolic fraction	3	RNU4-2	U4	661
ENCFF799MOM	ENCSR000CSM	Homo sapiens A549 cytosolic fraction	3	RNU4-1	U4	309
ENCFF799MOM	ENCSR000CSM	Homo sapiens A549 cytosolic fraction	3	RPPH1		0
ENCFF799MOM	ENCSR000CSM	Homo sapiens A549 cytosolic fraction	3	RNU6-7	U6	0
ENCFF799MOM	ENCSR000CSM	Homo sapiens A549 cytosolic fraction	3	RNU6-8	U6	20
ENCFF799MOM	ENCSR000CSM	Homo sapiens A549 cytosolic fraction	3	RN7SL1		0
ENCFF799MOM	ENCSR000CSM	Homo sapiens A549 cytosolic fraction	3	RN7SL2		20
ENCFF799MOM	ENCSR000CSM	Homo sapiens A549 cytosolic fraction	3	RNU5A-1	U5	1931
ENCFF799MOM	ENCSR000CSM	Homo sapiens A549 cytosolic fraction	3	RNU5B-1	U5	1862
ENCFF799MOM	ENCSR000CSM	Homo sapiens A549 cytosolic fraction	3	RNU6-1	U6	20
ENCFF799MOM	ENCSR000CSM	Homo sapiens A549 cytosolic fraction	3	RNU2-1	U2	0
ENCFF799MOM	ENCSR000CSM	Homo sapiens A549 cytosolic fraction	3	RNU6-9	U6	995
ENCFF799MOM	ENCSR000CSM	Homo sapiens A549 cytosolic fraction	3	RNU6-2	U6	30
ENCFF799MOM	ENCSR000CSM	Homo sapiens A549 cytosolic fraction	3	RNU12	U12	0
ENCFF011ALB	ENCSR000CSM	Homo sapiens A549 cytosolic fraction	4	RNU5E-1	U5	16907
ENCFF011ALB	ENCSR000CSM	Homo sapiens A549 cytosolic fraction	4	RNU1-1	U1	0
ENCFF011ALB	ENCSR000CSM	Homo sapiens A549 cytosolic fraction	4	RNU1-3	U1	0
ENCFF011ALB	ENCSR000CSM	Homo sapiens A549 cytosolic fraction	4	RNU1-4	U1	0
ENCFF011ALB	ENCSR000CSM	Homo sapiens A549 cytosolic fraction	4	RNU1-2	U1	5
ENCFF011ALB	ENCSR000CSM	Homo sapiens A549 cytosolic fraction	4	RNU11	U11	0
ENCFF011ALB	ENCSR000CSM	Homo sapiens A549 cytosolic fraction	4	RNU5F-1	U5	2437
ENCFF011ALB	ENCSR000CSM	Homo sapiens A549 cytosolic fraction	4	RNU5D-1	U5	24859
ENCFF011ALB	ENCSR000CSM	Homo sapiens A549 cytosolic fraction	4	RNU4ATAC	U4atac	5248
ENCFF011ALB	ENCSR000CSM	Homo sapiens A549 cytosolic fraction	4	RMRP		0
ENCFF011ALB	ENCSR000CSM	Homo sapiens A549 cytosolic fraction	4	RNU6ATAC	U6atac	5570
ENCFF011ALB	ENCSR000CSM	Homo sapiens A549 cytosolic fraction	4	RNU2-2P	U2	0
ENCFF011ALB	ENCSR000CSM	Homo sapiens A549 cytosolic fraction	4	RNU7-1	U7	0
ENCFF011ALB	ENCSR000CSM	Homo sapiens A549 cytosolic fraction	4	RNU4-2	U4	12272
ENCFF011ALB	ENCSR000CSM	Homo sapiens A549 cytosolic fraction	4	RNU4-1	U4	7511
ENCFF011ALB	ENCSR000CSM	Homo sapiens A549 cytosolic fraction	4	RPPH1		0
ENCFF011ALB	ENCSR000CSM	Homo sapiens A549 cytosolic fraction	4	RNU6-7	U6	9
ENCFF011ALB	ENCSR000CSM	Homo sapiens A549 cytosolic fraction	4	RNU6-8	U6	23
ENCFF011ALB	ENCSR000CSM	Homo sapiens A549 cytosolic fraction	4	RN7SL1		0
ENCFF011ALB	ENCSR000CSM	Homo sapiens A549 cytosolic fraction	4	RN7SL2		11
ENCFF011ALB	ENCSR000CSM	Homo sapiens A549 cytosolic fraction	4	RNU5A-1	U5	35224
ENCFF011ALB	ENCSR000CSM	Homo sapiens A549 cytosolic fraction	4	RNU5B-1	U5	33049
ENCFF011ALB	ENCSR000CSM	Homo sapiens A549 cytosolic fraction	4	RNU6-1	U6	19
ENCFF011ALB	ENCSR000CSM	Homo sapiens A549 cytosolic fraction	4	RNU2-1	U2	0
ENCFF011ALB	ENCSR000CSM	Homo sapiens A549 cytosolic fraction	4	RNU6-9	U6	359
ENCFF011ALB	ENCSR000CSM	Homo sapiens A549 cytosolic fraction	4	RNU6-2	U6	95
ENCFF011ALB	ENCSR000CSM	Homo sapiens A549 cytosolic fraction	4	RNU12	U12	0
ENCFF636ADA	ENCSR000CSL	Homo sapiens A549	3	RNU5E-1	U5	523
ENCFF636ADA	ENCSR000CSL	Homo sapiens A549	3	RNU1-1	U1	0
ENCFF636ADA	ENCSR000CSL	Homo sapiens A549	3	RNU1-3	U1	0
ENCFF636ADA	ENCSR000CSL	Homo sapiens A549	3	RNU1-4	U1	0
ENCFF636ADA	ENCSR000CSL	Homo sapiens A549	3	RNU1-2	U1	9
ENCFF636ADA	ENCSR000CSL	Homo sapiens A549	3	RNU11	U11	0
ENCFF636ADA	ENCSR000CSL	Homo sapiens A549	3	RNU5F-1	U5	146
ENCFF636ADA	ENCSR000CSL	Homo sapiens A549	3	RNU5D-1	U5	5644
ENCFF636ADA	ENCSR000CSL	Homo sapiens A549	3	RNU4ATAC	U4atac	5966
ENCFF636ADA	ENCSR000CSL	Homo sapiens A549	3	RMRP		0
ENCFF636ADA	ENCSR000CSL	Homo sapiens A549	3	RNU6ATAC	U6atac	59
ENCFF636ADA	ENCSR000CSL	Homo sapiens A549	3	RNU2-2P	U2	0
ENCFF636ADA	ENCSR000CSL	Homo sapiens A549	3	RNU7-1	U7	0
ENCFF636ADA	ENCSR000CSL	Homo sapiens A549	3	RNU4-2	U4	373
ENCFF636ADA	ENCSR000CSL	Homo sapiens A549	3	RNU4-1	U4	115
ENCFF636ADA	ENCSR000CSL	Homo sapiens A549	3	RPPH1		0
ENCFF636ADA	ENCSR000CSL	Homo sapiens A549	3	RNU6-7	U6	0
ENCFF636ADA	ENCSR000CSL	Homo sapiens A549	3	RNU6-8	U6	0
ENCFF636ADA	ENCSR000CSL	Homo sapiens A549	3	RN7SL1		0
ENCFF636ADA	ENCSR000CSL	Homo sapiens A549	3	RN7SL2		0
ENCFF636ADA	ENCSR000CSL	Homo sapiens A549	3	RNU5A-1	U5	434
ENCFF636ADA	ENCSR000CSL	Homo sapiens A549	3	RNU5B-1	U5	527
ENCFF636ADA	ENCSR000CSL	Homo sapiens A549	3	RNU6-1	U6	0
ENCFF636ADA	ENCSR000CSL	Homo sapiens A549	3	RNU2-1	U2	0
ENCFF636ADA	ENCSR000CSL	Homo sapiens A549	3	RNU6-9	U6	582
ENCFF636ADA	ENCSR000CSL	Homo sapiens A549	3	RNU6-2	U6	8
ENCFF636ADA	ENCSR000CSL	Homo sapiens A549	3	RNU12	U12	0
ENCFF900UTA	ENCSR000CSL	Homo sapiens A549	4	RNU5E-1	U5	685
ENCFF900UTA	ENCSR000CSL	Homo sapiens A549	4	RNU1-1	U1	0
ENCFF900UTA	ENCSR000CSL	Homo sapiens A549	4	RNU1-3	U1	0
ENCFF900UTA	ENCSR000CSL	Homo sapiens A549	4	RNU1-4	U1	0
ENCFF900UTA	ENCSR000CSL	Homo sapiens A549	4	RNU1-2	U1	0
ENCFF900UTA	ENCSR000CSL	Homo sapiens A549	4	RNU11	U11	0
ENCFF900UTA	ENCSR000CSL	Homo sapiens A549	4	RNU5F-1	U5	225
ENCFF900UTA	ENCSR000CSL	Homo sapiens A549	4	RNU5D-1	U5	6573
ENCFF900UTA	ENCSR000CSL	Homo sapiens A549	4	RNU4ATAC	U4atac	5049
ENCFF900UTA	ENCSR000CSL	Homo sapiens A549	4	RMRP		0
ENCFF900UTA	ENCSR000CSL	Homo sapiens A549	4	RNU6ATAC	U6atac	161
ENCFF900UTA	ENCSR000CSL	Homo sapiens A549	4	RNU2-2P	U2	0
ENCFF900UTA	ENCSR000CSL	Homo sapiens A549	4	RNU7-1	U7	0
ENCFF900UTA	ENCSR000CSL	Homo sapiens A549	4	RNU4-2	U4	499
ENCFF900UTA	ENCSR000CSL	Homo sapiens A549	4	RNU4-1	U4	44
ENCFF900UTA	ENCSR000CSL	Homo sapiens A549	4	RPPH1		0
ENCFF900UTA	ENCSR000CSL	Homo sapiens A549	4	RNU6-7	U6	0
ENCFF900UTA	ENCSR000CSL	Homo sapiens A549	4	RNU6-8	U6	0
ENCFF900UTA	ENCSR000CSL	Homo sapiens A549	4	RN7SL1		0
ENCFF900UTA	ENCSR000CSL	Homo sapiens A549	4	RN7SL2		0
ENCFF900UTA	ENCSR000CSL	Homo sapiens A549	4	RNU5A-1	U5	932
ENCFF900UTA	ENCSR000CSL	Homo sapiens A549	4	RNU5B-1	U5	963
ENCFF900UTA	ENCSR000CSL	Homo sapiens A549	4	RNU6-1	U6	0
ENCFF900UTA	ENCSR000CSL	Homo sapiens A549	4	RNU2-1	U2	0
ENCFF900UTA	ENCSR000CSL	Homo sapiens A549	4	RNU6-9	U6	497
ENCFF900UTA	ENCSR000CSL	Homo sapiens A549	4	RNU6-2	U6	29
ENCFF900UTA	ENCSR000CSL	Homo sapiens A549	4	RNU12	U12	0
ENCFF192STD	ENCSR000CSK	Homo sapiens A549 cytosolic fraction	3	RNU5E-1	U5	667
ENCFF192STD	ENCSR000CSK	Homo sapiens A549 cytosolic fraction	3	RNU1-1	U1	0
ENCFF192STD	ENCSR000CSK	Homo sapiens A549 cytosolic fraction	3	RNU1-3	U1	0
ENCFF192STD	ENCSR000CSK	Homo sapiens A549 cytosolic fraction	3	RNU1-4	U1	0
ENCFF192STD	ENCSR000CSK	Homo sapiens A549 cytosolic fraction	3	RNU1-2	U1	0
ENCFF192STD	ENCSR000CSK	Homo sapiens A549 cytosolic fraction	3	RNU11	U11	0
ENCFF192STD	ENCSR000CSK	Homo sapiens A549 cytosolic fraction	3	RNU5F-1	U5	180
ENCFF192STD	ENCSR000CSK	Homo sapiens A549 cytosolic fraction	3	RNU5D-1	U5	5264
ENCFF192STD	ENCSR000CSK	Homo sapiens A549 cytosolic fraction	3	RNU4ATAC	U4atac	2145
ENCFF192STD	ENCSR000CSK	Homo sapiens A549 cytosolic fraction	3	RMRP		0
ENCFF192STD	ENCSR000CSK	Homo sapiens A549 cytosolic fraction	3	RNU6ATAC	U6atac	517
ENCFF192STD	ENCSR000CSK	Homo sapiens A549 cytosolic fraction	3	RNU2-2P	U2	0
ENCFF192STD	ENCSR000CSK	Homo sapiens A549 cytosolic fraction	3	RNU7-1	U7	0
ENCFF192STD	ENCSR000CSK	Homo sapiens A549 cytosolic fraction	3	RNU4-2	U4	321
ENCFF192STD	ENCSR000CSK	Homo sapiens A549 cytosolic fraction	3	RNU4-1	U4	49
ENCFF192STD	ENCSR000CSK	Homo sapiens A549 cytosolic fraction	3	RPPH1		0
ENCFF192STD	ENCSR000CSK	Homo sapiens A549 cytosolic fraction	3	RNU6-7	U6	0
ENCFF192STD	ENCSR000CSK	Homo sapiens A549 cytosolic fraction	3	RNU6-8	U6	0
ENCFF192STD	ENCSR000CSK	Homo sapiens A549 cytosolic fraction	3	RN7SL1		0
ENCFF192STD	ENCSR000CSK	Homo sapiens A549 cytosolic fraction	3	RN7SL2		0
ENCFF192STD	ENCSR000CSK	Homo sapiens A549 cytosolic fraction	3	RNU5A-1	U5	567
ENCFF192STD	ENCSR000CSK	Homo sapiens A549 cytosolic fraction	3	RNU5B-1	U5	493
ENCFF192STD	ENCSR000CSK	Homo sapiens A549 cytosolic fraction	3	RNU6-1	U6	0
ENCFF192STD	ENCSR000CSK	Homo sapiens A549 cytosolic fraction	3	RNU2-1	U2	0
ENCFF192STD	ENCSR000CSK	Homo sapiens A549 cytosolic fraction	3	RNU6-9	U6	364
ENCFF192STD	ENCSR000CSK	Homo sapiens A549 cytosolic fraction	3	RNU6-2	U6	0
ENCFF192STD	ENCSR000CSK	Homo sapiens A549 cytosolic fraction	3	RNU12	U12	0
ENCFF732ZTA	ENCSR000CSK	Homo sapiens A549 cytosolic fraction	4	RNU5E-1	U5	635
ENCFF732ZTA	ENCSR000CSK	Homo sapiens A549 cytosolic fraction	4	RNU1-1	U1	0
ENCFF732ZTA	ENCSR000CSK	Homo sapiens A549 cytosolic fraction	4	RNU1-3	U1	0
ENCFF732ZTA	ENCSR000CSK	Homo sapiens A549 cytosolic fraction	4	RNU1-4	U1	0
ENCFF732ZTA	ENCSR000CSK	Homo sapiens A549 cytosolic fraction	4	RNU1-2	U1	0
ENCFF732ZTA	ENCSR000CSK	Homo sapiens A549 cytosolic fraction	4	RNU11	U11	0
ENCFF732ZTA	ENCSR000CSK	Homo sapiens A549 cytosolic fraction	4	RNU5F-1	U5	246
ENCFF732ZTA	ENCSR000CSK	Homo sapiens A549 cytosolic fraction	4	RNU5D-1	U5	5869
ENCFF732ZTA	ENCSR000CSK	Homo sapiens A549 cytosolic fraction	4	RNU4ATAC	U4atac	1725
ENCFF732ZTA	ENCSR000CSK	Homo sapiens A549 cytosolic fraction	4	RMRP		0
ENCFF732ZTA	ENCSR000CSK	Homo sapiens A549 cytosolic fraction	4	RNU6ATAC	U6atac	550
ENCFF732ZTA	ENCSR000CSK	Homo sapiens A549 cytosolic fraction	4	RNU2-2P	U2	0
ENCFF732ZTA	ENCSR000CSK	Homo sapiens A549 cytosolic fraction	4	RNU7-1	U7	0
ENCFF732ZTA	ENCSR000CSK	Homo sapiens A549 cytosolic fraction	4	RNU4-2	U4	332
ENCFF732ZTA	ENCSR000CSK	Homo sapiens A549 cytosolic fraction	4	RNU4-1	U4	120
ENCFF732ZTA	ENCSR000CSK	Homo sapiens A549 cytosolic fraction	4	RPPH1		0
ENCFF732ZTA	ENCSR000CSK	Homo sapiens A549 cytosolic fraction	4	RNU6-7	U6	0
ENCFF732ZTA	ENCSR000CSK	Homo sapiens A549 cytosolic fraction	4	RNU6-8	U6	5
ENCFF732ZTA	ENCSR000CSK	Homo sapiens A549 cytosolic fraction	4	RN7SL1		0
ENCFF732ZTA	ENCSR000CSK	Homo sapiens A549 cytosolic fraction	4	RN7SL2		0
ENCFF732ZTA	ENCSR000CSK	Homo sapiens A549 cytosolic fraction	4	RNU5A-1	U5	485
ENCFF732ZTA	ENCSR000CSK	Homo sapiens A549 cytosolic fraction	4	RNU5B-1	U5	338
ENCFF732ZTA	ENCSR000CSK	Homo sapiens A549 cytosolic fraction	4	RNU6-1	U6	0
ENCFF732ZTA	ENCSR000CSK	Homo sapiens A549 cytosolic fraction	4	RNU2-1	U2	0
ENCFF732ZTA	ENCSR000CSK	Homo sapiens A549 cytosolic fraction	4	RNU6-9	U6	441
ENCFF732ZTA	ENCSR000CSK	Homo sapiens A549 cytosolic fraction	4	RNU6-2	U6	6
ENCFF732ZTA	ENCSR000CSK	Homo sapiens A549 cytosolic fraction	4	RNU12	U12	0
ENCFF730YNG	ENCSR000CSG	Homo sapiens MCF-7 nuclear fraction	3	RNU5E-1	U5	20933
ENCFF730YNG	ENCSR000CSG	Homo sapiens MCF-7 nuclear fraction	3	RNU1-1	U1	0
ENCFF730YNG	ENCSR000CSG	Homo sapiens MCF-7 nuclear fraction	3	RNU1-3	U1	0
ENCFF730YNG	ENCSR000CSG	Homo sapiens MCF-7 nuclear fraction	3	RNU1-4	U1	0
ENCFF730YNG	ENCSR000CSG	Homo sapiens MCF-7 nuclear fraction	3	RNU1-2	U1	0
ENCFF730YNG	ENCSR000CSG	Homo sapiens MCF-7 nuclear fraction	3	RNU11	U11	0
ENCFF730YNG	ENCSR000CSG	Homo sapiens MCF-7 nuclear fraction	3	RNU5F-1	U5	2925
ENCFF730YNG	ENCSR000CSG	Homo sapiens MCF-7 nuclear fraction	3	RNU5D-1	U5	123419
ENCFF730YNG	ENCSR000CSG	Homo sapiens MCF-7 nuclear fraction	3	RNU4ATAC	U4atac	3448
ENCFF730YNG	ENCSR000CSG	Homo sapiens MCF-7 nuclear fraction	3	RMRP		0
ENCFF730YNG	ENCSR000CSG	Homo sapiens MCF-7 nuclear fraction	3	RNU6ATAC	U6atac	6775
ENCFF730YNG	ENCSR000CSG	Homo sapiens MCF-7 nuclear fraction	3	RNU2-2P	U2	0
ENCFF730YNG	ENCSR000CSG	Homo sapiens MCF-7 nuclear fraction	3	RNU7-1	U7	0
ENCFF730YNG	ENCSR000CSG	Homo sapiens MCF-7 nuclear fraction	3	RNU4-2	U4	7759
ENCFF730YNG	ENCSR000CSG	Homo sapiens MCF-7 nuclear fraction	3	RNU4-1	U4	2790
ENCFF730YNG	ENCSR000CSG	Homo sapiens MCF-7 nuclear fraction	3	RPPH1		0
ENCFF730YNG	ENCSR000CSG	Homo sapiens MCF-7 nuclear fraction	3	RNU6-7	U6	11
ENCFF730YNG	ENCSR000CSG	Homo sapiens MCF-7 nuclear fraction	3	RNU6-8	U6	15
ENCFF730YNG	ENCSR000CSG	Homo sapiens MCF-7 nuclear fraction	3	RN7SL1		0
ENCFF730YNG	ENCSR000CSG	Homo sapiens MCF-7 nuclear fraction	3	RN7SL2		0
ENCFF730YNG	ENCSR000CSG	Homo sapiens MCF-7 nuclear fraction	3	RNU5A-1	U5	28865
ENCFF730YNG	ENCSR000CSG	Homo sapiens MCF-7 nuclear fraction	3	RNU5B-1	U5	32943
ENCFF730YNG	ENCSR000CSG	Homo sapiens MCF-7 nuclear fraction	3	RNU6-1	U6	43
ENCFF730YNG	ENCSR000CSG	Homo sapiens MCF-7 nuclear fraction	3	RNU2-1	U2	0
ENCFF730YNG	ENCSR000CSG	Homo sapiens MCF-7 nuclear fraction	3	RNU6-9	U6	1781
ENCFF730YNG	ENCSR000CSG	Homo sapiens MCF-7 nuclear fraction	3	RNU6-2	U6	54
ENCFF730YNG	ENCSR000CSG	Homo sapiens MCF-7 nuclear fraction	3	RNU12	U12	0
ENCFF271TDC	ENCSR000CSG	Homo sapiens MCF-7 nuclear fraction	4	RNU5E-1	U5	11643
ENCFF271TDC	ENCSR000CSG	Homo sapiens MCF-7 nuclear fraction	4	RNU1-1	U1	0
ENCFF271TDC	ENCSR000CSG	Homo sapiens MCF-7 nuclear fraction	4	RNU1-3	U1	0
ENCFF271TDC	ENCSR000CSG	Homo sapiens MCF-7 nuclear fraction	4	RNU1-4	U1	0
ENCFF271TDC	ENCSR000CSG	Homo sapiens MCF-7 nuclear fraction	4	RNU1-2	U1	2
ENCFF271TDC	ENCSR000CSG	Homo sapiens MCF-7 nuclear fraction	4	RNU11	U11	0
ENCFF271TDC	ENCSR000CSG	Homo sapiens MCF-7 nuclear fraction	4	RNU5F-1	U5	1334
ENCFF271TDC	ENCSR000CSG	Homo sapiens MCF-7 nuclear fraction	4	RNU5D-1	U5	77940
ENCFF271TDC	ENCSR000CSG	Homo sapiens MCF-7 nuclear fraction	4	RNU4ATAC	U4atac	2643
ENCFF271TDC	ENCSR000CSG	Homo sapiens MCF-7 nuclear fraction	4	RMRP		0
ENCFF271TDC	ENCSR000CSG	Homo sapiens MCF-7 nuclear fraction	4	RNU6ATAC	U6atac	5373
ENCFF271TDC	ENCSR000CSG	Homo sapiens MCF-7 nuclear fraction	4	RNU2-2P	U2	0
ENCFF271TDC	ENCSR000CSG	Homo sapiens MCF-7 nuclear fraction	4	RNU7-1	U7	0
ENCFF271TDC	ENCSR000CSG	Homo sapiens MCF-7 nuclear fraction	4	RNU4-2	U4	4448
ENCFF271TDC	ENCSR000CSG	Homo sapiens MCF-7 nuclear fraction	4	RNU4-1	U4	1619
ENCFF271TDC	ENCSR000CSG	Homo sapiens MCF-7 nuclear fraction	4	RPPH1		0
ENCFF271TDC	ENCSR000CSG	Homo sapiens MCF-7 nuclear fraction	4	RNU6-7	U6	7
ENCFF271TDC	ENCSR000CSG	Homo sapiens MCF-7 nuclear fraction	4	RNU6-8	U6	14
ENCFF271TDC	ENCSR000CSG	Homo sapiens MCF-7 nuclear fraction	4	RN7SL1		0
ENCFF271TDC	ENCSR000CSG	Homo sapiens MCF-7 nuclear fraction	4	RN7SL2		2
ENCFF271TDC	ENCSR000CSG	Homo sapiens MCF-7 nuclear fraction	4	RNU5A-1	U5	17369
ENCFF271TDC	ENCSR000CSG	Homo sapiens MCF-7 nuclear fraction	4	RNU5B-1	U5	19517
ENCFF271TDC	ENCSR000CSG	Homo sapiens MCF-7 nuclear fraction	4	RNU6-1	U6	56
ENCFF271TDC	ENCSR000CSG	Homo sapiens MCF-7 nuclear fraction	4	RNU2-1	U2	0
ENCFF271TDC	ENCSR000CSG	Homo sapiens MCF-7 nuclear fraction	4	RNU6-9	U6	1017
ENCFF271TDC	ENCSR000CSG	Homo sapiens MCF-7 nuclear fraction	4	RNU6-2	U6	37
ENCFF271TDC	ENCSR000CSG	Homo sapiens MCF-7 nuclear fraction	4	RNU12	U12	0
ENCFF892HBV	ENCSR000CSF	Homo sapiens MCF-7 cytosolic fraction	3	RNU5E-1	U5	1646
ENCFF892HBV	ENCSR000CSF	Homo sapiens MCF-7 cytosolic fraction	3	RNU1-1	U1	0
ENCFF892HBV	ENCSR000CSF	Homo sapiens MCF-7 cytosolic fraction	3	RNU1-3	U1	0
ENCFF892HBV	ENCSR000CSF	Homo sapiens MCF-7 cytosolic fraction	3	RNU1-4	U1	0
ENCFF892HBV	ENCSR000CSF	Homo sapiens MCF-7 cytosolic fraction	3	RNU1-2	U1	0
ENCFF892HBV	ENCSR000CSF	Homo sapiens MCF-7 cytosolic fraction	3	RNU11	U11	0
ENCFF892HBV	ENCSR000CSF	Homo sapiens MCF-7 cytosolic fraction	3	RNU5F-1	U5	995
ENCFF892HBV	ENCSR000CSF	Homo sapiens MCF-7 cytosolic fraction	3	RNU5D-1	U5	13668
ENCFF892HBV	ENCSR000CSF	Homo sapiens MCF-7 cytosolic fraction	3	RNU4ATAC	U4atac	1271
ENCFF892HBV	ENCSR000CSF	Homo sapiens MCF-7 cytosolic fraction	3	RMRP		0
ENCFF892HBV	ENCSR000CSF	Homo sapiens MCF-7 cytosolic fraction	3	RNU6ATAC	U6atac	1185
ENCFF892HBV	ENCSR000CSF	Homo sapiens MCF-7 cytosolic fraction	3	RNU2-2P	U2	0
ENCFF892HBV	ENCSR000CSF	Homo sapiens MCF-7 cytosolic fraction	3	RNU7-1	U7	0
ENCFF892HBV	ENCSR000CSF	Homo sapiens MCF-7 cytosolic fraction	3	RNU4-2	U4	1158
ENCFF892HBV	ENCSR000CSF	Homo sapiens MCF-7 cytosolic fraction	3	RNU4-1	U4	683
ENCFF892HBV	ENCSR000CSF	Homo sapiens MCF-7 cytosolic fraction	3	RPPH1		0
ENCFF892HBV	ENCSR000CSF	Homo sapiens MCF-7 cytosolic fraction	3	RNU6-7	U6	0
ENCFF892HBV	ENCSR000CSF	Homo sapiens MCF-7 cytosolic fraction	3	RNU6-8	U6	12
ENCFF892HBV	ENCSR000CSF	Homo sapiens MCF-7 cytosolic fraction	3	RN7SL1		0
ENCFF892HBV	ENCSR000CSF	Homo sapiens MCF-7 cytosolic fraction	3	RN7SL2		8
ENCFF892HBV	ENCSR000CSF	Homo sapiens MCF-7 cytosolic fraction	3	RNU5A-1	U5	2597
ENCFF892HBV	ENCSR000CSF	Homo sapiens MCF-7 cytosolic fraction	3	RNU5B-1	U5	2837
ENCFF892HBV	ENCSR000CSF	Homo sapiens MCF-7 cytosolic fraction	3	RNU6-1	U6	40
ENCFF892HBV	ENCSR000CSF	Homo sapiens MCF-7 cytosolic fraction	3	RNU2-1	U2	0
ENCFF892HBV	ENCSR000CSF	Homo sapiens MCF-7 cytosolic fraction	3	RNU6-9	U6	2251
ENCFF892HBV	ENCSR000CSF	Homo sapiens MCF-7 cytosolic fraction	3	RNU6-2	U6	30
ENCFF892HBV	ENCSR000CSF	Homo sapiens MCF-7 cytosolic fraction	3	RNU12	U12	0
ENCFF423QSR	ENCSR000CSF	Homo sapiens MCF-7 cytosolic fraction	4	RNU5E-1	U5	2293
ENCFF423QSR	ENCSR000CSF	Homo sapiens MCF-7 cytosolic fraction	4	RNU1-1	U1	0
ENCFF423QSR	ENCSR000CSF	Homo sapiens MCF-7 cytosolic fraction	4	RNU1-3	U1	0
ENCFF423QSR	ENCSR000CSF	Homo sapiens MCF-7 cytosolic fraction	4	RNU1-4	U1	0
ENCFF423QSR	ENCSR000CSF	Homo sapiens MCF-7 cytosolic fraction	4	RNU1-2	U1	0
ENCFF423QSR	ENCSR000CSF	Homo sapiens MCF-7 cytosolic fraction	4	RNU11	U11	0
ENCFF423QSR	ENCSR000CSF	Homo sapiens MCF-7 cytosolic fraction	4	RNU5F-1	U5	1641
ENCFF423QSR	ENCSR000CSF	Homo sapiens MCF-7 cytosolic fraction	4	RNU5D-1	U5	11792
ENCFF423QSR	ENCSR000CSF	Homo sapiens MCF-7 cytosolic fraction	4	RNU4ATAC	U4atac	821
ENCFF423QSR	ENCSR000CSF	Homo sapiens MCF-7 cytosolic fraction	4	RMRP		0
ENCFF423QSR	ENCSR000CSF	Homo sapiens MCF-7 cytosolic fraction	4	RNU6ATAC	U6atac	7846
ENCFF423QSR	ENCSR000CSF	Homo sapiens MCF-7 cytosolic fraction	4	RNU2-2P	U2	0
ENCFF423QSR	ENCSR000CSF	Homo sapiens MCF-7 cytosolic fraction	4	RNU7-1	U7	0
ENCFF423QSR	ENCSR000CSF	Homo sapiens MCF-7 cytosolic fraction	4	RNU4-2	U4	1434
ENCFF423QSR	ENCSR000CSF	Homo sapiens MCF-7 cytosolic fraction	4	RNU4-1	U4	706
ENCFF423QSR	ENCSR000CSF	Homo sapiens MCF-7 cytosolic fraction	4	RPPH1		0
ENCFF423QSR	ENCSR000CSF	Homo sapiens MCF-7 cytosolic fraction	4	RNU6-7	U6	5
ENCFF423QSR	ENCSR000CSF	Homo sapiens MCF-7 cytosolic fraction	4	RNU6-8	U6	52
ENCFF423QSR	ENCSR000CSF	Homo sapiens MCF-7 cytosolic fraction	4	RN7SL1		0
ENCFF423QSR	ENCSR000CSF	Homo sapiens MCF-7 cytosolic fraction	4	RN7SL2		0
ENCFF423QSR	ENCSR000CSF	Homo sapiens MCF-7 cytosolic fraction	4	RNU5A-1	U5	3004
ENCFF423QSR	ENCSR000CSF	Homo sapiens MCF-7 cytosolic fraction	4	RNU5B-1	U5	2537
ENCFF423QSR	ENCSR000CSF	Homo sapiens MCF-7 cytosolic fraction	4	RNU6-1	U6	30
ENCFF423QSR	ENCSR000CSF	Homo sapiens MCF-7 cytosolic fraction	4	RNU2-1	U2	0
ENCFF423QSR	ENCSR000CSF	Homo sapiens MCF-7 cytosolic fraction	4	RNU6-9	U6	4468
ENCFF423QSR	ENCSR000CSF	Homo sapiens MCF-7 cytosolic fraction	4	RNU6-2	U6	20
ENCFF423QSR	ENCSR000CSF	Homo sapiens MCF-7 cytosolic fraction	4	RNU12	U12	0
ENCFF239FWJ	ENCSR000CSB	Homo sapiens A549 nuclear fraction	3	RNU5E-1	U5	11813
ENCFF239FWJ	ENCSR000CSB	Homo sapiens A549 nuclear fraction	3	RNU1-1	U1	0
ENCFF239FWJ	ENCSR000CSB	Homo sapiens A549 nuclear fraction	3	RNU1-3	U1	0
ENCFF239FWJ	ENCSR000CSB	Homo sapiens A549 nuclear fraction	3	RNU1-4	U1	0
ENCFF239FWJ	ENCSR000CSB	Homo sapiens A549 nuclear fraction	3	RNU1-2	U1	2
ENCFF239FWJ	ENCSR000CSB	Homo sapiens A549 nuclear fraction	3	RNU11	U11	0
ENCFF239FWJ	ENCSR000CSB	Homo sapiens A549 nuclear fraction	3	RNU5F-1	U5	11977
ENCFF239FWJ	ENCSR000CSB	Homo sapiens A549 nuclear fraction	3	RNU5D-1	U5	50481
ENCFF239FWJ	ENCSR000CSB	Homo sapiens A549 nuclear fraction	3	RNU4ATAC	U4atac	3377
ENCFF239FWJ	ENCSR000CSB	Homo sapiens A549 nuclear fraction	3	RMRP		0
ENCFF239FWJ	ENCSR000CSB	Homo sapiens A549 nuclear fraction	3	RNU6ATAC	U6atac	3765
ENCFF239FWJ	ENCSR000CSB	Homo sapiens A549 nuclear fraction	3	RNU2-2P	U2	0
ENCFF239FWJ	ENCSR000CSB	Homo sapiens A549 nuclear fraction	3	RNU7-1	U7	0
ENCFF239FWJ	ENCSR000CSB	Homo sapiens A549 nuclear fraction	3	RNU4-2	U4	13286
ENCFF239FWJ	ENCSR000CSB	Homo sapiens A549 nuclear fraction	3	RNU4-1	U4	5708
ENCFF239FWJ	ENCSR000CSB	Homo sapiens A549 nuclear fraction	3	RPPH1		0
ENCFF239FWJ	ENCSR000CSB	Homo sapiens A549 nuclear fraction	3	RNU6-7	U6	4
ENCFF239FWJ	ENCSR000CSB	Homo sapiens A549 nuclear fraction	3	RNU6-8	U6	14
ENCFF239FWJ	ENCSR000CSB	Homo sapiens A549 nuclear fraction	3	RN7SL1		0
ENCFF239FWJ	ENCSR000CSB	Homo sapiens A549 nuclear fraction	3	RN7SL2		5
ENCFF239FWJ	ENCSR000CSB	Homo sapiens A549 nuclear fraction	3	RNU5A-1	U5	18365
ENCFF239FWJ	ENCSR000CSB	Homo sapiens A549 nuclear fraction	3	RNU5B-1	U5	20174
ENCFF239FWJ	ENCSR000CSB	Homo sapiens A549 nuclear fraction	3	RNU6-1	U6	24
ENCFF239FWJ	ENCSR000CSB	Homo sapiens A549 nuclear fraction	3	RNU2-1	U2	0
ENCFF239FWJ	ENCSR000CSB	Homo sapiens A549 nuclear fraction	3	RNU6-9	U6	1362
ENCFF239FWJ	ENCSR000CSB	Homo sapiens A549 nuclear fraction	3	RNU6-2	U6	29
ENCFF239FWJ	ENCSR000CSB	Homo sapiens A549 nuclear fraction	3	RNU12	U12	0
ENCFF240PYG	ENCSR000CSB	Homo sapiens A549 nuclear fraction	4	RNU5E-1	U5	5067
ENCFF240PYG	ENCSR000CSB	Homo sapiens A549 nuclear fraction	4	RNU1-1	U1	0
ENCFF240PYG	ENCSR000CSB	Homo sapiens A549 nuclear fraction	4	RNU1-3	U1	0
ENCFF240PYG	ENCSR000CSB	Homo sapiens A549 nuclear fraction	4	RNU1-4	U1	0
ENCFF240PYG	ENCSR000CSB	Homo sapiens A549 nuclear fraction	4	RNU1-2	U1	6
ENCFF240PYG	ENCSR000CSB	Homo sapiens A549 nuclear fraction	4	RNU11	U11	0
ENCFF240PYG	ENCSR000CSB	Homo sapiens A549 nuclear fraction	4	RNU5F-1	U5	919
ENCFF240PYG	ENCSR000CSB	Homo sapiens A549 nuclear fraction	4	RNU5D-1	U5	25929
ENCFF240PYG	ENCSR000CSB	Homo sapiens A549 nuclear fraction	4	RNU4ATAC	U4atac	2480
ENCFF240PYG	ENCSR000CSB	Homo sapiens A549 nuclear fraction	4	RMRP		0
ENCFF240PYG	ENCSR000CSB	Homo sapiens A549 nuclear fraction	4	RNU6ATAC	U6atac	2860
ENCFF240PYG	ENCSR000CSB	Homo sapiens A549 nuclear fraction	4	RNU2-2P	U2	0
ENCFF240PYG	ENCSR000CSB	Homo sapiens A549 nuclear fraction	4	RNU7-1	U7	0
ENCFF240PYG	ENCSR000CSB	Homo sapiens A549 nuclear fraction	4	RNU4-2	U4	2809
ENCFF240PYG	ENCSR000CSB	Homo sapiens A549 nuclear fraction	4	RNU4-1	U4	981
ENCFF240PYG	ENCSR000CSB	Homo sapiens A549 nuclear fraction	4	RPPH1		0
ENCFF240PYG	ENCSR000CSB	Homo sapiens A549 nuclear fraction	4	RNU6-7	U6	6
ENCFF240PYG	ENCSR000CSB	Homo sapiens A549 nuclear fraction	4	RNU6-8	U6	10
ENCFF240PYG	ENCSR000CSB	Homo sapiens A549 nuclear fraction	4	RN7SL1		0
ENCFF240PYG	ENCSR000CSB	Homo sapiens A549 nuclear fraction	4	RN7SL2		0
ENCFF240PYG	ENCSR000CSB	Homo sapiens A549 nuclear fraction	4	RNU5A-1	U5	6579
ENCFF240PYG	ENCSR000CSB	Homo sapiens A549 nuclear fraction	4	RNU5B-1	U5	7101
ENCFF240PYG	ENCSR000CSB	Homo sapiens A549 nuclear fraction	4	RNU6-1	U6	17
ENCFF240PYG	ENCSR000CSB	Homo sapiens A549 nuclear fraction	4	RNU2-1	U2	0
ENCFF240PYG	ENCSR000CSB	Homo sapiens A549 nuclear fraction	4	RNU6-9	U6	441
ENCFF240PYG	ENCSR000CSB	Homo sapiens A549 nuclear fraction	4	RNU6-2	U6	26
ENCFF240PYG	ENCSR000CSB	Homo sapiens A549 nuclear fraction	4	RNU12	U12	0
ENCFF667AQB	ENCSR000CSA	Homo sapiens A549 cytosolic fraction	3	RNU5E-1	U5	1456
ENCFF667AQB	ENCSR000CSA	Homo sapiens A549 cytosolic fraction	3	RNU1-1	U1	0
ENCFF667AQB	ENCSR000CSA	Homo sapiens A549 cytosolic fraction	3	RNU1-3	U1	0
ENCFF667AQB	ENCSR000CSA	Homo sapiens A549 cytosolic fraction	3	RNU1-4	U1	0
ENCFF667AQB	ENCSR000CSA	Homo sapiens A549 cytosolic fraction	3	RNU1-2	U1	0
ENCFF667AQB	ENCSR000CSA	Homo sapiens A549 cytosolic fraction	3	RNU11	U11	0
ENCFF667AQB	ENCSR000CSA	Homo sapiens A549 cytosolic fraction	3	RNU5F-1	U5	1573
ENCFF667AQB	ENCSR000CSA	Homo sapiens A549 cytosolic fraction	3	RNU5D-1	U5	11011
ENCFF667AQB	ENCSR000CSA	Homo sapiens A549 cytosolic fraction	3	RNU4ATAC	U4atac	1398
ENCFF667AQB	ENCSR000CSA	Homo sapiens A549 cytosolic fraction	3	RMRP		0
ENCFF667AQB	ENCSR000CSA	Homo sapiens A549 cytosolic fraction	3	RNU6ATAC	U6atac	7459
ENCFF667AQB	ENCSR000CSA	Homo sapiens A549 cytosolic fraction	3	RNU2-2P	U2	0
ENCFF667AQB	ENCSR000CSA	Homo sapiens A549 cytosolic fraction	3	RNU7-1	U7	0
ENCFF667AQB	ENCSR000CSA	Homo sapiens A549 cytosolic fraction	3	RNU4-2	U4	457
ENCFF667AQB	ENCSR000CSA	Homo sapiens A549 cytosolic fraction	3	RNU4-1	U4	212
ENCFF667AQB	ENCSR000CSA	Homo sapiens A549 cytosolic fraction	3	RPPH1		0
ENCFF667AQB	ENCSR000CSA	Homo sapiens A549 cytosolic fraction	3	RNU6-7	U6	0
ENCFF667AQB	ENCSR000CSA	Homo sapiens A549 cytosolic fraction	3	RNU6-8	U6	15
ENCFF667AQB	ENCSR000CSA	Homo sapiens A549 cytosolic fraction	3	RN7SL1		0
ENCFF667AQB	ENCSR000CSA	Homo sapiens A549 cytosolic fraction	3	RN7SL2		0
ENCFF667AQB	ENCSR000CSA	Homo sapiens A549 cytosolic fraction	3	RNU5A-1	U5	1933
ENCFF667AQB	ENCSR000CSA	Homo sapiens A549 cytosolic fraction	3	RNU5B-1	U5	1883
ENCFF667AQB	ENCSR000CSA	Homo sapiens A549 cytosolic fraction	3	RNU6-1	U6	171
ENCFF667AQB	ENCSR000CSA	Homo sapiens A549 cytosolic fraction	3	RNU2-1	U2	0
ENCFF667AQB	ENCSR000CSA	Homo sapiens A549 cytosolic fraction	3	RNU6-9	U6	3190
ENCFF667AQB	ENCSR000CSA	Homo sapiens A549 cytosolic fraction	3	RNU6-2	U6	21
ENCFF667AQB	ENCSR000CSA	Homo sapiens A549 cytosolic fraction	3	RNU12	U12	0
ENCFF513LMJ	ENCSR000CSA	Homo sapiens A549 cytosolic fraction	4	RNU5E-1	U5	858
ENCFF513LMJ	ENCSR000CSA	Homo sapiens A549 cytosolic fraction	4	RNU1-1	U1	0
ENCFF513LMJ	ENCSR000CSA	Homo sapiens A549 cytosolic fraction	4	RNU1-3	U1	0
ENCFF513LMJ	ENCSR000CSA	Homo sapiens A549 cytosolic fraction	4	RNU1-4	U1	0
ENCFF513LMJ	ENCSR000CSA	Homo sapiens A549 cytosolic fraction	4	RNU1-2	U1	0
ENCFF513LMJ	ENCSR000CSA	Homo sapiens A549 cytosolic fraction	4	RNU11	U11	0
ENCFF513LMJ	ENCSR000CSA	Homo sapiens A549 cytosolic fraction	4	RNU5F-1	U5	3504
ENCFF513LMJ	ENCSR000CSA	Homo sapiens A549 cytosolic fraction	4	RNU5D-1	U5	6692
ENCFF513LMJ	ENCSR000CSA	Homo sapiens A549 cytosolic fraction	4	RNU4ATAC	U4atac	974
ENCFF513LMJ	ENCSR000CSA	Homo sapiens A549 cytosolic fraction	4	RMRP		0
ENCFF513LMJ	ENCSR000CSA	Homo sapiens A549 cytosolic fraction	4	RNU6ATAC	U6atac	6268
ENCFF513LMJ	ENCSR000CSA	Homo sapiens A549 cytosolic fraction	4	RNU2-2P	U2	0
ENCFF513LMJ	ENCSR000CSA	Homo sapiens A549 cytosolic fraction	4	RNU7-1	U7	0
ENCFF513LMJ	ENCSR000CSA	Homo sapiens A549 cytosolic fraction	4	RNU4-2	U4	578
ENCFF513LMJ	ENCSR000CSA	Homo sapiens A549 cytosolic fraction	4	RNU4-1	U4	272
ENCFF513LMJ	ENCSR000CSA	Homo sapiens A549 cytosolic fraction	4	RPPH1		0
ENCFF513LMJ	ENCSR000CSA	Homo sapiens A549 cytosolic fraction	4	RNU6-7	U6	0
ENCFF513LMJ	ENCSR000CSA	Homo sapiens A549 cytosolic fraction	4	RNU6-8	U6	18
ENCFF513LMJ	ENCSR000CSA	Homo sapiens A549 cytosolic fraction	4	RN7SL1		0
ENCFF513LMJ	ENCSR000CSA	Homo sapiens A549 cytosolic fraction	4	RN7SL2		2
ENCFF513LMJ	ENCSR000CSA	Homo sapiens A549 cytosolic fraction	4	RNU5A-1	U5	1278
ENCFF513LMJ	ENCSR000CSA	Homo sapiens A549 cytosolic fraction	4	RNU5B-1	U5	1096
ENCFF513LMJ	ENCSR000CSA	Homo sapiens A549 cytosolic fraction	4	RNU6-1	U6	105
ENCFF513LMJ	ENCSR000CSA	Homo sapiens A549 cytosolic fraction	4	RNU2-1	U2	0
ENCFF513LMJ	ENCSR000CSA	Homo sapiens A549 cytosolic fraction	4	RNU6-9	U6	1768
ENCFF513LMJ	ENCSR000CSA	Homo sapiens A549 cytosolic fraction	4	RNU6-2	U6	5
ENCFF513LMJ	ENCSR000CSA	Homo sapiens A549 cytosolic fraction	4	RNU12	U12	0
ENCFF602ZPT	ENCSR000CRW	Homo sapiens A549	1	RNU5E-1	U5	654
ENCFF602ZPT	ENCSR000CRW	Homo sapiens A549	1	RNU1-1	U1	4
ENCFF602ZPT	ENCSR000CRW	Homo sapiens A549	1	RNU1-3	U1	0
ENCFF602ZPT	ENCSR000CRW	Homo sapiens A549	1	RNU1-4	U1	0
ENCFF602ZPT	ENCSR000CRW	Homo sapiens A549	1	RNU1-2	U1	0
ENCFF602ZPT	ENCSR000CRW	Homo sapiens A549	1	RNU11	U11	0
ENCFF602ZPT	ENCSR000CRW	Homo sapiens A549	1	RNU5F-1	U5	1797
ENCFF602ZPT	ENCSR000CRW	Homo sapiens A549	1	RNU5D-1	U5	5907
ENCFF602ZPT	ENCSR000CRW	Homo sapiens A549	1	RNU4ATAC	U4atac	2763
ENCFF602ZPT	ENCSR000CRW	Homo sapiens A549	1	RMRP		0
ENCFF602ZPT	ENCSR000CRW	Homo sapiens A549	1	RNU6ATAC	U6atac	1059
ENCFF602ZPT	ENCSR000CRW	Homo sapiens A549	1	RNU2-2P	U2	0
ENCFF602ZPT	ENCSR000CRW	Homo sapiens A549	1	RNU7-1	U7	0
ENCFF602ZPT	ENCSR000CRW	Homo sapiens A549	1	RNU4-2	U4	531
ENCFF602ZPT	ENCSR000CRW	Homo sapiens A549	1	RNU4-1	U4	237
ENCFF602ZPT	ENCSR000CRW	Homo sapiens A549	1	RPPH1		0
ENCFF602ZPT	ENCSR000CRW	Homo sapiens A549	1	RNU6-7	U6	2
ENCFF602ZPT	ENCSR000CRW	Homo sapiens A549	1	RNU6-8	U6	7
ENCFF602ZPT	ENCSR000CRW	Homo sapiens A549	1	RN7SL1		0
ENCFF602ZPT	ENCSR000CRW	Homo sapiens A549	1	RN7SL2		0
ENCFF602ZPT	ENCSR000CRW	Homo sapiens A549	1	RNU5A-1	U5	1053
ENCFF602ZPT	ENCSR000CRW	Homo sapiens A549	1	RNU5B-1	U5	750
ENCFF602ZPT	ENCSR000CRW	Homo sapiens A549	1	RNU6-1	U6	109
ENCFF602ZPT	ENCSR000CRW	Homo sapiens A549	1	RNU2-1	U2	0
ENCFF602ZPT	ENCSR000CRW	Homo sapiens A549	1	RNU6-9	U6	1790
ENCFF602ZPT	ENCSR000CRW	Homo sapiens A549	1	RNU6-2	U6	14
ENCFF602ZPT	ENCSR000CRW	Homo sapiens A549	1	RNU12	U12	0
ENCFF587QHI	ENCSR000CRW	Homo sapiens A549	2	RNU5E-1	U5	887
ENCFF587QHI	ENCSR000CRW	Homo sapiens A549	2	RNU1-1	U1	0
ENCFF587QHI	ENCSR000CRW	Homo sapiens A549	2	RNU1-3	U1	0
ENCFF587QHI	ENCSR000CRW	Homo sapiens A549	2	RNU1-4	U1	0
ENCFF587QHI	ENCSR000CRW	Homo sapiens A549	2	RNU1-2	U1	0
ENCFF587QHI	ENCSR000CRW	Homo sapiens A549	2	RNU11	U11	0
ENCFF587QHI	ENCSR000CRW	Homo sapiens A549	2	RNU5F-1	U5	2716
ENCFF587QHI	ENCSR000CRW	Homo sapiens A549	2	RNU5D-1	U5	8611
ENCFF587QHI	ENCSR000CRW	Homo sapiens A549	2	RNU4ATAC	U4atac	1823
ENCFF587QHI	ENCSR000CRW	Homo sapiens A549	2	RMRP		0
ENCFF587QHI	ENCSR000CRW	Homo sapiens A549	2	RNU6ATAC	U6atac	1653
ENCFF587QHI	ENCSR000CRW	Homo sapiens A549	2	RNU2-2P	U2	0
ENCFF587QHI	ENCSR000CRW	Homo sapiens A549	2	RNU7-1	U7	0
ENCFF587QHI	ENCSR000CRW	Homo sapiens A549	2	RNU4-2	U4	689
ENCFF587QHI	ENCSR000CRW	Homo sapiens A549	2	RNU4-1	U4	255
ENCFF587QHI	ENCSR000CRW	Homo sapiens A549	2	RPPH1		0
ENCFF587QHI	ENCSR000CRW	Homo sapiens A549	2	RNU6-7	U6	1
ENCFF587QHI	ENCSR000CRW	Homo sapiens A549	2	RNU6-8	U6	21
ENCFF587QHI	ENCSR000CRW	Homo sapiens A549	2	RN7SL1		0
ENCFF587QHI	ENCSR000CRW	Homo sapiens A549	2	RN7SL2		0
ENCFF587QHI	ENCSR000CRW	Homo sapiens A549	2	RNU5A-1	U5	1260
ENCFF587QHI	ENCSR000CRW	Homo sapiens A549	2	RNU5B-1	U5	999
ENCFF587QHI	ENCSR000CRW	Homo sapiens A549	2	RNU6-1	U6	176
ENCFF587QHI	ENCSR000CRW	Homo sapiens A549	2	RNU2-1	U2	0
ENCFF587QHI	ENCSR000CRW	Homo sapiens A549	2	RNU6-9	U6	3418
ENCFF587QHI	ENCSR000CRW	Homo sapiens A549	2	RNU6-2	U6	18
ENCFF587QHI	ENCSR000CRW	Homo sapiens A549	2	RNU12	U12	0
ENCFF672TJW	ENCSR000CRR	Homo sapiens MCF-7	1	RNU5E-1	U5	2707
ENCFF672TJW	ENCSR000CRR	Homo sapiens MCF-7	1	RNU1-1	U1	0
ENCFF672TJW	ENCSR000CRR	Homo sapiens MCF-7	1	RNU1-3	U1	0
ENCFF672TJW	ENCSR000CRR	Homo sapiens MCF-7	1	RNU1-4	U1	0
ENCFF672TJW	ENCSR000CRR	Homo sapiens MCF-7	1	RNU1-2	U1	5
ENCFF672TJW	ENCSR000CRR	Homo sapiens MCF-7	1	RNU11	U11	0
ENCFF672TJW	ENCSR000CRR	Homo sapiens MCF-7	1	RNU5F-1	U5	2106
ENCFF672TJW	ENCSR000CRR	Homo sapiens MCF-7	1	RNU5D-1	U5	31445
ENCFF672TJW	ENCSR000CRR	Homo sapiens MCF-7	1	RNU4ATAC	U4atac	680
ENCFF672TJW	ENCSR000CRR	Homo sapiens MCF-7	1	RMRP		0
ENCFF672TJW	ENCSR000CRR	Homo sapiens MCF-7	1	RNU6ATAC	U6atac	1227
ENCFF672TJW	ENCSR000CRR	Homo sapiens MCF-7	1	RNU2-2P	U2	0
ENCFF672TJW	ENCSR000CRR	Homo sapiens MCF-7	1	RNU7-1	U7	0
ENCFF672TJW	ENCSR000CRR	Homo sapiens MCF-7	1	RNU4-2	U4	1213
ENCFF672TJW	ENCSR000CRR	Homo sapiens MCF-7	1	RNU4-1	U4	689
ENCFF672TJW	ENCSR000CRR	Homo sapiens MCF-7	1	RPPH1		0
ENCFF672TJW	ENCSR000CRR	Homo sapiens MCF-7	1	RNU6-7	U6	3
ENCFF672TJW	ENCSR000CRR	Homo sapiens MCF-7	1	RNU6-8	U6	27
ENCFF672TJW	ENCSR000CRR	Homo sapiens MCF-7	1	RN7SL1		0
ENCFF672TJW	ENCSR000CRR	Homo sapiens MCF-7	1	RN7SL2		0
ENCFF672TJW	ENCSR000CRR	Homo sapiens MCF-7	1	RNU5A-1	U5	3588
ENCFF672TJW	ENCSR000CRR	Homo sapiens MCF-7	1	RNU5B-1	U5	3692
ENCFF672TJW	ENCSR000CRR	Homo sapiens MCF-7	1	RNU6-1	U6	23
ENCFF672TJW	ENCSR000CRR	Homo sapiens MCF-7	1	RNU2-1	U2	0
ENCFF672TJW	ENCSR000CRR	Homo sapiens MCF-7	1	RNU6-9	U6	2352
ENCFF672TJW	ENCSR000CRR	Homo sapiens MCF-7	1	RNU6-2	U6	19
ENCFF672TJW	ENCSR000CRR	Homo sapiens MCF-7	1	RNU12	U12	0
ENCFF795TIN	ENCSR000CRR	Homo sapiens MCF-7	2	RNU5E-1	U5	3178
ENCFF795TIN	ENCSR000CRR	Homo sapiens MCF-7	2	RNU1-1	U1	1
ENCFF795TIN	ENCSR000CRR	Homo sapiens MCF-7	2	RNU1-3	U1	0
ENCFF795TIN	ENCSR000CRR	Homo sapiens MCF-7	2	RNU1-4	U1	0
ENCFF795TIN	ENCSR000CRR	Homo sapiens MCF-7	2	RNU1-2	U1	0
ENCFF795TIN	ENCSR000CRR	Homo sapiens MCF-7	2	RNU11	U11	0
ENCFF795TIN	ENCSR000CRR	Homo sapiens MCF-7	2	RNU5F-1	U5	4249
ENCFF795TIN	ENCSR000CRR	Homo sapiens MCF-7	2	RNU5D-1	U5	34544
ENCFF795TIN	ENCSR000CRR	Homo sapiens MCF-7	2	RNU4ATAC	U4atac	580
ENCFF795TIN	ENCSR000CRR	Homo sapiens MCF-7	2	RMRP		0
ENCFF795TIN	ENCSR000CRR	Homo sapiens MCF-7	2	RNU6ATAC	U6atac	5733
ENCFF795TIN	ENCSR000CRR	Homo sapiens MCF-7	2	RNU2-2P	U2	0
ENCFF795TIN	ENCSR000CRR	Homo sapiens MCF-7	2	RNU7-1	U7	0
ENCFF795TIN	ENCSR000CRR	Homo sapiens MCF-7	2	RNU4-2	U4	736
ENCFF795TIN	ENCSR000CRR	Homo sapiens MCF-7	2	RNU4-1	U4	261
ENCFF795TIN	ENCSR000CRR	Homo sapiens MCF-7	2	RPPH1		0
ENCFF795TIN	ENCSR000CRR	Homo sapiens MCF-7	2	RNU6-7	U6	5
ENCFF795TIN	ENCSR000CRR	Homo sapiens MCF-7	2	RNU6-8	U6	17
ENCFF795TIN	ENCSR000CRR	Homo sapiens MCF-7	2	RN7SL1		0
ENCFF795TIN	ENCSR000CRR	Homo sapiens MCF-7	2	RN7SL2		0
ENCFF795TIN	ENCSR000CRR	Homo sapiens MCF-7	2	RNU5A-1	U5	3664
ENCFF795TIN	ENCSR000CRR	Homo sapiens MCF-7	2	RNU5B-1	U5	3760
ENCFF795TIN	ENCSR000CRR	Homo sapiens MCF-7	2	RNU6-1	U6	20
ENCFF795TIN	ENCSR000CRR	Homo sapiens MCF-7	2	RNU2-1	U2	0
ENCFF795TIN	ENCSR000CRR	Homo sapiens MCF-7	2	RNU6-9	U6	4999
ENCFF795TIN	ENCSR000CRR	Homo sapiens MCF-7	2	RNU6-2	U6	28
ENCFF795TIN	ENCSR000CRR	Homo sapiens MCF-7	2	RNU12	U12	0
ENCFF360IHM	ENCSR000CRQ	Homo sapiens HeLa-S3	1	RNU5E-1	U5	59
ENCFF360IHM	ENCSR000CRQ	Homo sapiens HeLa-S3	1	RNU1-1	U1	0
ENCFF360IHM	ENCSR000CRQ	Homo sapiens HeLa-S3	1	RNU1-3	U1	0
ENCFF360IHM	ENCSR000CRQ	Homo sapiens HeLa-S3	1	RNU1-4	U1	0
ENCFF360IHM	ENCSR000CRQ	Homo sapiens HeLa-S3	1	RNU1-2	U1	0
ENCFF360IHM	ENCSR000CRQ	Homo sapiens HeLa-S3	1	RNU11	U11	0
ENCFF360IHM	ENCSR000CRQ	Homo sapiens HeLa-S3	1	RNU5F-1	U5	262
ENCFF360IHM	ENCSR000CRQ	Homo sapiens HeLa-S3	1	RNU5D-1	U5	758
ENCFF360IHM	ENCSR000CRQ	Homo sapiens HeLa-S3	1	RNU4ATAC	U4atac	172
ENCFF360IHM	ENCSR000CRQ	Homo sapiens HeLa-S3	1	RMRP		0
ENCFF360IHM	ENCSR000CRQ	Homo sapiens HeLa-S3	1	RNU6ATAC	U6atac	112
ENCFF360IHM	ENCSR000CRQ	Homo sapiens HeLa-S3	1	RNU2-2P	U2	0
ENCFF360IHM	ENCSR000CRQ	Homo sapiens HeLa-S3	1	RNU7-1	U7	0
ENCFF360IHM	ENCSR000CRQ	Homo sapiens HeLa-S3	1	RNU4-2	U4	624
ENCFF360IHM	ENCSR000CRQ	Homo sapiens HeLa-S3	1	RNU4-1	U4	28
ENCFF360IHM	ENCSR000CRQ	Homo sapiens HeLa-S3	1	RPPH1		0
ENCFF360IHM	ENCSR000CRQ	Homo sapiens HeLa-S3	1	RNU6-7	U6	1
ENCFF360IHM	ENCSR000CRQ	Homo sapiens HeLa-S3	1	RNU6-8	U6	3
ENCFF360IHM	ENCSR000CRQ	Homo sapiens HeLa-S3	1	RN7SL1		0
ENCFF360IHM	ENCSR000CRQ	Homo sapiens HeLa-S3	1	RN7SL2		0
ENCFF360IHM	ENCSR000CRQ	Homo sapiens HeLa-S3	1	RNU5A-1	U5	317
ENCFF360IHM	ENCSR000CRQ	Homo sapiens HeLa-S3	1	RNU5B-1	U5	67
ENCFF360IHM	ENCSR000CRQ	Homo sapiens HeLa-S3	1	RNU6-1	U6	6
ENCFF360IHM	ENCSR000CRQ	Homo sapiens HeLa-S3	1	RNU2-1	U2	0
ENCFF360IHM	ENCSR000CRQ	Homo sapiens HeLa-S3	1	RNU6-9	U6	47
ENCFF360IHM	ENCSR000CRQ	Homo sapiens HeLa-S3	1	RNU6-2	U6	6
ENCFF360IHM	ENCSR000CRQ	Homo sapiens HeLa-S3	1	RNU12	U12	0
ENCFF612ZIR	ENCSR000CRQ	Homo sapiens HeLa-S3	2	RNU5E-1	U5	30
ENCFF612ZIR	ENCSR000CRQ	Homo sapiens HeLa-S3	2	RNU1-1	U1	0
ENCFF612ZIR	ENCSR000CRQ	Homo sapiens HeLa-S3	2	RNU1-3	U1	0
ENCFF612ZIR	ENCSR000CRQ	Homo sapiens HeLa-S3	2	RNU1-4	U1	0
ENCFF612ZIR	ENCSR000CRQ	Homo sapiens HeLa-S3	2	RNU1-2	U1	0
ENCFF612ZIR	ENCSR000CRQ	Homo sapiens HeLa-S3	2	RNU11	U11	1
ENCFF612ZIR	ENCSR000CRQ	Homo sapiens HeLa-S3	2	RNU5F-1	U5	40
ENCFF612ZIR	ENCSR000CRQ	Homo sapiens HeLa-S3	2	RNU5D-1	U5	61
ENCFF612ZIR	ENCSR000CRQ	Homo sapiens HeLa-S3	2	RNU4ATAC	U4atac	165
ENCFF612ZIR	ENCSR000CRQ	Homo sapiens HeLa-S3	2	RMRP		0
ENCFF612ZIR	ENCSR000CRQ	Homo sapiens HeLa-S3	2	RNU6ATAC	U6atac	45
ENCFF612ZIR	ENCSR000CRQ	Homo sapiens HeLa-S3	2	RNU2-2P	U2	0
ENCFF612ZIR	ENCSR000CRQ	Homo sapiens HeLa-S3	2	RNU7-1	U7	0
ENCFF612ZIR	ENCSR000CRQ	Homo sapiens HeLa-S3	2	RNU4-2	U4	124
ENCFF612ZIR	ENCSR000CRQ	Homo sapiens HeLa-S3	2	RNU4-1	U4	6
ENCFF612ZIR	ENCSR000CRQ	Homo sapiens HeLa-S3	2	RPPH1		0
ENCFF612ZIR	ENCSR000CRQ	Homo sapiens HeLa-S3	2	RNU6-7	U6	3
ENCFF612ZIR	ENCSR000CRQ	Homo sapiens HeLa-S3	2	RNU6-8	U6	0
ENCFF612ZIR	ENCSR000CRQ	Homo sapiens HeLa-S3	2	RN7SL1		0
ENCFF612ZIR	ENCSR000CRQ	Homo sapiens HeLa-S3	2	RN7SL2		0
ENCFF612ZIR	ENCSR000CRQ	Homo sapiens HeLa-S3	2	RNU5A-1	U5	160
ENCFF612ZIR	ENCSR000CRQ	Homo sapiens HeLa-S3	2	RNU5B-1	U5	24
ENCFF612ZIR	ENCSR000CRQ	Homo sapiens HeLa-S3	2	RNU6-1	U6	2
ENCFF612ZIR	ENCSR000CRQ	Homo sapiens HeLa-S3	2	RNU2-1	U2	0
ENCFF612ZIR	ENCSR000CRQ	Homo sapiens HeLa-S3	2	RNU6-9	U6	10
ENCFF612ZIR	ENCSR000CRQ	Homo sapiens HeLa-S3	2	RNU6-2	U6	5
ENCFF612ZIR	ENCSR000CRQ	Homo sapiens HeLa-S3	2	RNU12	U12	0
ENCFF729EQX	ENCSR000CRP	Homo sapiens HeLa-S3 nuclear fraction	1	RNU5E-1	U5	94
ENCFF729EQX	ENCSR000CRP	Homo sapiens HeLa-S3 nuclear fraction	1	RNU1-1	U1	0
ENCFF729EQX	ENCSR000CRP	Homo sapiens HeLa-S3 nuclear fraction	1	RNU1-3	U1	0
ENCFF729EQX	ENCSR000CRP	Homo sapiens HeLa-S3 nuclear fraction	1	RNU1-4	U1	0
ENCFF729EQX	ENCSR000CRP	Homo sapiens HeLa-S3 nuclear fraction	1	RNU1-2	U1	0
ENCFF729EQX	ENCSR000CRP	Homo sapiens HeLa-S3 nuclear fraction	1	RNU11	U11	0
ENCFF729EQX	ENCSR000CRP	Homo sapiens HeLa-S3 nuclear fraction	1	RNU5F-1	U5	63
ENCFF729EQX	ENCSR000CRP	Homo sapiens HeLa-S3 nuclear fraction	1	RNU5D-1	U5	302
ENCFF729EQX	ENCSR000CRP	Homo sapiens HeLa-S3 nuclear fraction	1	RNU4ATAC	U4atac	33
ENCFF729EQX	ENCSR000CRP	Homo sapiens HeLa-S3 nuclear fraction	1	RMRP		0
ENCFF729EQX	ENCSR000CRP	Homo sapiens HeLa-S3 nuclear fraction	1	RNU6ATAC	U6atac	8
ENCFF729EQX	ENCSR000CRP	Homo sapiens HeLa-S3 nuclear fraction	1	RNU2-2P	U2	0
ENCFF729EQX	ENCSR000CRP	Homo sapiens HeLa-S3 nuclear fraction	1	RNU7-1	U7	0
ENCFF729EQX	ENCSR000CRP	Homo sapiens HeLa-S3 nuclear fraction	1	RNU4-2	U4	720
ENCFF729EQX	ENCSR000CRP	Homo sapiens HeLa-S3 nuclear fraction	1	RNU4-1	U4	50
ENCFF729EQX	ENCSR000CRP	Homo sapiens HeLa-S3 nuclear fraction	1	RPPH1		0
ENCFF729EQX	ENCSR000CRP	Homo sapiens HeLa-S3 nuclear fraction	1	RNU6-7	U6	0
ENCFF729EQX	ENCSR000CRP	Homo sapiens HeLa-S3 nuclear fraction	1	RNU6-8	U6	0
ENCFF729EQX	ENCSR000CRP	Homo sapiens HeLa-S3 nuclear fraction	1	RN7SL1		0
ENCFF729EQX	ENCSR000CRP	Homo sapiens HeLa-S3 nuclear fraction	1	RN7SL2		0
ENCFF729EQX	ENCSR000CRP	Homo sapiens HeLa-S3 nuclear fraction	1	RNU5A-1	U5	646
ENCFF729EQX	ENCSR000CRP	Homo sapiens HeLa-S3 nuclear fraction	1	RNU5B-1	U5	132
ENCFF729EQX	ENCSR000CRP	Homo sapiens HeLa-S3 nuclear fraction	1	RNU6-1	U6	4
ENCFF729EQX	ENCSR000CRP	Homo sapiens HeLa-S3 nuclear fraction	1	RNU2-1	U2	0
ENCFF729EQX	ENCSR000CRP	Homo sapiens HeLa-S3 nuclear fraction	1	RNU6-9	U6	3
ENCFF729EQX	ENCSR000CRP	Homo sapiens HeLa-S3 nuclear fraction	1	RNU6-2	U6	1
ENCFF729EQX	ENCSR000CRP	Homo sapiens HeLa-S3 nuclear fraction	1	RNU12	U12	0
ENCFF806EYY	ENCSR000CRP	Homo sapiens HeLa-S3 nuclear fraction	2	RNU5E-1	U5	243
ENCFF806EYY	ENCSR000CRP	Homo sapiens HeLa-S3 nuclear fraction	2	RNU1-1	U1	0
ENCFF806EYY	ENCSR000CRP	Homo sapiens HeLa-S3 nuclear fraction	2	RNU1-3	U1	0
ENCFF806EYY	ENCSR000CRP	Homo sapiens HeLa-S3 nuclear fraction	2	RNU1-4	U1	0
ENCFF806EYY	ENCSR000CRP	Homo sapiens HeLa-S3 nuclear fraction	2	RNU1-2	U1	0
ENCFF806EYY	ENCSR000CRP	Homo sapiens HeLa-S3 nuclear fraction	2	RNU11	U11	0
ENCFF806EYY	ENCSR000CRP	Homo sapiens HeLa-S3 nuclear fraction	2	RNU5F-1	U5	244
ENCFF806EYY	ENCSR000CRP	Homo sapiens HeLa-S3 nuclear fraction	2	RNU5D-1	U5	312
ENCFF806EYY	ENCSR000CRP	Homo sapiens HeLa-S3 nuclear fraction	2	RNU4ATAC	U4atac	98
ENCFF806EYY	ENCSR000CRP	Homo sapiens HeLa-S3 nuclear fraction	2	RMRP		0
ENCFF806EYY	ENCSR000CRP	Homo sapiens HeLa-S3 nuclear fraction	2	RNU6ATAC	U6atac	10
ENCFF806EYY	ENCSR000CRP	Homo sapiens HeLa-S3 nuclear fraction	2	RNU2-2P	U2	0
ENCFF806EYY	ENCSR000CRP	Homo sapiens HeLa-S3 nuclear fraction	2	RNU7-1	U7	0
ENCFF806EYY	ENCSR000CRP	Homo sapiens HeLa-S3 nuclear fraction	2	RNU4-2	U4	488
ENCFF806EYY	ENCSR000CRP	Homo sapiens HeLa-S3 nuclear fraction	2	RNU4-1	U4	47
ENCFF806EYY	ENCSR000CRP	Homo sapiens HeLa-S3 nuclear fraction	2	RPPH1		0
ENCFF806EYY	ENCSR000CRP	Homo sapiens HeLa-S3 nuclear fraction	2	RNU6-7	U6	2
ENCFF806EYY	ENCSR000CRP	Homo sapiens HeLa-S3 nuclear fraction	2	RNU6-8	U6	0
ENCFF806EYY	ENCSR000CRP	Homo sapiens HeLa-S3 nuclear fraction	2	RN7SL1		0
ENCFF806EYY	ENCSR000CRP	Homo sapiens HeLa-S3 nuclear fraction	2	RN7SL2		0
ENCFF806EYY	ENCSR000CRP	Homo sapiens HeLa-S3 nuclear fraction	2	RNU5A-1	U5	971
ENCFF806EYY	ENCSR000CRP	Homo sapiens HeLa-S3 nuclear fraction	2	RNU5B-1	U5	502
ENCFF806EYY	ENCSR000CRP	Homo sapiens HeLa-S3 nuclear fraction	2	RNU6-1	U6	2
ENCFF806EYY	ENCSR000CRP	Homo sapiens HeLa-S3 nuclear fraction	2	RNU2-1	U2	0
ENCFF806EYY	ENCSR000CRP	Homo sapiens HeLa-S3 nuclear fraction	2	RNU6-9	U6	4
ENCFF806EYY	ENCSR000CRP	Homo sapiens HeLa-S3 nuclear fraction	2	RNU6-2	U6	4
ENCFF806EYY	ENCSR000CRP	Homo sapiens HeLa-S3 nuclear fraction	2	RNU12	U12	0
ENCFF902KUU	ENCSR000CRO	Homo sapiens HeLa-S3 cytosolic fraction	1	RNU5E-1	U5	173
ENCFF902KUU	ENCSR000CRO	Homo sapiens HeLa-S3 cytosolic fraction	1	RNU1-1	U1	0
ENCFF902KUU	ENCSR000CRO	Homo sapiens HeLa-S3 cytosolic fraction	1	RNU1-3	U1	0
ENCFF902KUU	ENCSR000CRO	Homo sapiens HeLa-S3 cytosolic fraction	1	RNU1-4	U1	0
ENCFF902KUU	ENCSR000CRO	Homo sapiens HeLa-S3 cytosolic fraction	1	RNU1-2	U1	0
ENCFF902KUU	ENCSR000CRO	Homo sapiens HeLa-S3 cytosolic fraction	1	RNU11	U11	0
ENCFF902KUU	ENCSR000CRO	Homo sapiens HeLa-S3 cytosolic fraction	1	RNU5F-1	U5	115
ENCFF902KUU	ENCSR000CRO	Homo sapiens HeLa-S3 cytosolic fraction	1	RNU5D-1	U5	431
ENCFF902KUU	ENCSR000CRO	Homo sapiens HeLa-S3 cytosolic fraction	1	RNU4ATAC	U4atac	145
ENCFF902KUU	ENCSR000CRO	Homo sapiens HeLa-S3 cytosolic fraction	1	RMRP		0
ENCFF902KUU	ENCSR000CRO	Homo sapiens HeLa-S3 cytosolic fraction	1	RNU6ATAC	U6atac	182
ENCFF902KUU	ENCSR000CRO	Homo sapiens HeLa-S3 cytosolic fraction	1	RNU2-2P	U2	0
ENCFF902KUU	ENCSR000CRO	Homo sapiens HeLa-S3 cytosolic fraction	1	RNU7-1	U7	0
ENCFF902KUU	ENCSR000CRO	Homo sapiens HeLa-S3 cytosolic fraction	1	RNU4-2	U4	2585
ENCFF902KUU	ENCSR000CRO	Homo sapiens HeLa-S3 cytosolic fraction	1	RNU4-1	U4	32
ENCFF902KUU	ENCSR000CRO	Homo sapiens HeLa-S3 cytosolic fraction	1	RPPH1		0
ENCFF902KUU	ENCSR000CRO	Homo sapiens HeLa-S3 cytosolic fraction	1	RNU6-7	U6	3
ENCFF902KUU	ENCSR000CRO	Homo sapiens HeLa-S3 cytosolic fraction	1	RNU6-8	U6	1
ENCFF902KUU	ENCSR000CRO	Homo sapiens HeLa-S3 cytosolic fraction	1	RN7SL1		0
ENCFF902KUU	ENCSR000CRO	Homo sapiens HeLa-S3 cytosolic fraction	1	RN7SL2		0
ENCFF902KUU	ENCSR000CRO	Homo sapiens HeLa-S3 cytosolic fraction	1	RNU5A-1	U5	728
ENCFF902KUU	ENCSR000CRO	Homo sapiens HeLa-S3 cytosolic fraction	1	RNU5B-1	U5	83
ENCFF902KUU	ENCSR000CRO	Homo sapiens HeLa-S3 cytosolic fraction	1	RNU6-1	U6	3
ENCFF902KUU	ENCSR000CRO	Homo sapiens HeLa-S3 cytosolic fraction	1	RNU2-1	U2	0
ENCFF902KUU	ENCSR000CRO	Homo sapiens HeLa-S3 cytosolic fraction	1	RNU6-9	U6	4
ENCFF902KUU	ENCSR000CRO	Homo sapiens HeLa-S3 cytosolic fraction	1	RNU6-2	U6	8
ENCFF902KUU	ENCSR000CRO	Homo sapiens HeLa-S3 cytosolic fraction	1	RNU12	U12	0
ENCFF495ZXC	ENCSR000CRO	Homo sapiens HeLa-S3 cytosolic fraction	2	RNU5E-1	U5	213
ENCFF495ZXC	ENCSR000CRO	Homo sapiens HeLa-S3 cytosolic fraction	2	RNU1-1	U1	0
ENCFF495ZXC	ENCSR000CRO	Homo sapiens HeLa-S3 cytosolic fraction	2	RNU1-3	U1	0
ENCFF495ZXC	ENCSR000CRO	Homo sapiens HeLa-S3 cytosolic fraction	2	RNU1-4	U1	0
ENCFF495ZXC	ENCSR000CRO	Homo sapiens HeLa-S3 cytosolic fraction	2	RNU1-2	U1	0
ENCFF495ZXC	ENCSR000CRO	Homo sapiens HeLa-S3 cytosolic fraction	2	RNU11	U11	0
ENCFF495ZXC	ENCSR000CRO	Homo sapiens HeLa-S3 cytosolic fraction	2	RNU5F-1	U5	281
ENCFF495ZXC	ENCSR000CRO	Homo sapiens HeLa-S3 cytosolic fraction	2	RNU5D-1	U5	255
ENCFF495ZXC	ENCSR000CRO	Homo sapiens HeLa-S3 cytosolic fraction	2	RNU4ATAC	U4atac	249
ENCFF495ZXC	ENCSR000CRO	Homo sapiens HeLa-S3 cytosolic fraction	2	RMRP		0
ENCFF495ZXC	ENCSR000CRO	Homo sapiens HeLa-S3 cytosolic fraction	2	RNU6ATAC	U6atac	42
ENCFF495ZXC	ENCSR000CRO	Homo sapiens HeLa-S3 cytosolic fraction	2	RNU2-2P	U2	0
ENCFF495ZXC	ENCSR000CRO	Homo sapiens HeLa-S3 cytosolic fraction	2	RNU7-1	U7	0
ENCFF495ZXC	ENCSR000CRO	Homo sapiens HeLa-S3 cytosolic fraction	2	RNU4-2	U4	737
ENCFF495ZXC	ENCSR000CRO	Homo sapiens HeLa-S3 cytosolic fraction	2	RNU4-1	U4	33
ENCFF495ZXC	ENCSR000CRO	Homo sapiens HeLa-S3 cytosolic fraction	2	RPPH1		0
ENCFF495ZXC	ENCSR000CRO	Homo sapiens HeLa-S3 cytosolic fraction	2	RNU6-7	U6	44
ENCFF495ZXC	ENCSR000CRO	Homo sapiens HeLa-S3 cytosolic fraction	2	RNU6-8	U6	4
ENCFF495ZXC	ENCSR000CRO	Homo sapiens HeLa-S3 cytosolic fraction	2	RN7SL1		0
ENCFF495ZXC	ENCSR000CRO	Homo sapiens HeLa-S3 cytosolic fraction	2	RN7SL2		0
ENCFF495ZXC	ENCSR000CRO	Homo sapiens HeLa-S3 cytosolic fraction	2	RNU5A-1	U5	569
ENCFF495ZXC	ENCSR000CRO	Homo sapiens HeLa-S3 cytosolic fraction	2	RNU5B-1	U5	233
ENCFF495ZXC	ENCSR000CRO	Homo sapiens HeLa-S3 cytosolic fraction	2	RNU6-1	U6	6
ENCFF495ZXC	ENCSR000CRO	Homo sapiens HeLa-S3 cytosolic fraction	2	RNU2-1	U2	0
ENCFF495ZXC	ENCSR000CRO	Homo sapiens HeLa-S3 cytosolic fraction	2	RNU6-9	U6	11
ENCFF495ZXC	ENCSR000CRO	Homo sapiens HeLa-S3 cytosolic fraction	2	RNU6-2	U6	5
ENCFF495ZXC	ENCSR000CRO	Homo sapiens HeLa-S3 cytosolic fraction	2	RNU12	U12	0
ENCFF253NNP	ENCSR000CRL	Homo sapiens H1 nuclear fraction	2	RNU5E-1	U5	279
ENCFF253NNP	ENCSR000CRL	Homo sapiens H1 nuclear fraction	2	RNU1-1	U1	0
ENCFF253NNP	ENCSR000CRL	Homo sapiens H1 nuclear fraction	2	RNU1-3	U1	0
ENCFF253NNP	ENCSR000CRL	Homo sapiens H1 nuclear fraction	2	RNU1-4	U1	0
ENCFF253NNP	ENCSR000CRL	Homo sapiens H1 nuclear fraction	2	RNU1-2	U1	0
ENCFF253NNP	ENCSR000CRL	Homo sapiens H1 nuclear fraction	2	RNU11	U11	0
ENCFF253NNP	ENCSR000CRL	Homo sapiens H1 nuclear fraction	2	RNU5F-1	U5	30
ENCFF253NNP	ENCSR000CRL	Homo sapiens H1 nuclear fraction	2	RNU5D-1	U5	160
ENCFF253NNP	ENCSR000CRL	Homo sapiens H1 nuclear fraction	2	RNU4ATAC	U4atac	72
ENCFF253NNP	ENCSR000CRL	Homo sapiens H1 nuclear fraction	2	RMRP		0
ENCFF253NNP	ENCSR000CRL	Homo sapiens H1 nuclear fraction	2	RNU6ATAC	U6atac	19
ENCFF253NNP	ENCSR000CRL	Homo sapiens H1 nuclear fraction	2	RNU2-2P	U2	0
ENCFF253NNP	ENCSR000CRL	Homo sapiens H1 nuclear fraction	2	RNU7-1	U7	0
ENCFF253NNP	ENCSR000CRL	Homo sapiens H1 nuclear fraction	2	RNU4-2	U4	87
ENCFF253NNP	ENCSR000CRL	Homo sapiens H1 nuclear fraction	2	RNU4-1	U4	18
ENCFF253NNP	ENCSR000CRL	Homo sapiens H1 nuclear fraction	2	RPPH1		0
ENCFF253NNP	ENCSR000CRL	Homo sapiens H1 nuclear fraction	2	RNU6-7	U6	0
ENCFF253NNP	ENCSR000CRL	Homo sapiens H1 nuclear fraction	2	RNU6-8	U6	4
ENCFF253NNP	ENCSR000CRL	Homo sapiens H1 nuclear fraction	2	RN7SL1		0
ENCFF253NNP	ENCSR000CRL	Homo sapiens H1 nuclear fraction	2	RN7SL2		0
ENCFF253NNP	ENCSR000CRL	Homo sapiens H1 nuclear fraction	2	RNU5A-1	U5	454
ENCFF253NNP	ENCSR000CRL	Homo sapiens H1 nuclear fraction	2	RNU5B-1	U5	49
ENCFF253NNP	ENCSR000CRL	Homo sapiens H1 nuclear fraction	2	RNU6-1	U6	1
ENCFF253NNP	ENCSR000CRL	Homo sapiens H1 nuclear fraction	2	RNU2-1	U2	0
ENCFF253NNP	ENCSR000CRL	Homo sapiens H1 nuclear fraction	2	RNU6-9	U6	5
ENCFF253NNP	ENCSR000CRL	Homo sapiens H1 nuclear fraction	2	RNU6-2	U6	8
ENCFF253NNP	ENCSR000CRL	Homo sapiens H1 nuclear fraction	2	RNU12	U12	0
ENCFF569LCT	ENCSR000CRK	Homo sapiens H1 cytosolic fraction	2	RNU5E-1	U5	494
ENCFF569LCT	ENCSR000CRK	Homo sapiens H1 cytosolic fraction	2	RNU1-1	U1	0
ENCFF569LCT	ENCSR000CRK	Homo sapiens H1 cytosolic fraction	2	RNU1-3	U1	0
ENCFF569LCT	ENCSR000CRK	Homo sapiens H1 cytosolic fraction	2	RNU1-4	U1	0
ENCFF569LCT	ENCSR000CRK	Homo sapiens H1 cytosolic fraction	2	RNU1-2	U1	0
ENCFF569LCT	ENCSR000CRK	Homo sapiens H1 cytosolic fraction	2	RNU11	U11	0
ENCFF569LCT	ENCSR000CRK	Homo sapiens H1 cytosolic fraction	2	RNU5F-1	U5	58
ENCFF569LCT	ENCSR000CRK	Homo sapiens H1 cytosolic fraction	2	RNU5D-1	U5	164
ENCFF569LCT	ENCSR000CRK	Homo sapiens H1 cytosolic fraction	2	RNU4ATAC	U4atac	173
ENCFF569LCT	ENCSR000CRK	Homo sapiens H1 cytosolic fraction	2	RMRP		0
ENCFF569LCT	ENCSR000CRK	Homo sapiens H1 cytosolic fraction	2	RNU6ATAC	U6atac	182
ENCFF569LCT	ENCSR000CRK	Homo sapiens H1 cytosolic fraction	2	RNU2-2P	U2	0
ENCFF569LCT	ENCSR000CRK	Homo sapiens H1 cytosolic fraction	2	RNU7-1	U7	0
ENCFF569LCT	ENCSR000CRK	Homo sapiens H1 cytosolic fraction	2	RNU4-2	U4	109
ENCFF569LCT	ENCSR000CRK	Homo sapiens H1 cytosolic fraction	2	RNU4-1	U4	66
ENCFF569LCT	ENCSR000CRK	Homo sapiens H1 cytosolic fraction	2	RPPH1		0
ENCFF569LCT	ENCSR000CRK	Homo sapiens H1 cytosolic fraction	2	RNU6-7	U6	1
ENCFF569LCT	ENCSR000CRK	Homo sapiens H1 cytosolic fraction	2	RNU6-8	U6	6
ENCFF569LCT	ENCSR000CRK	Homo sapiens H1 cytosolic fraction	2	RN7SL1		0
ENCFF569LCT	ENCSR000CRK	Homo sapiens H1 cytosolic fraction	2	RN7SL2		0
ENCFF569LCT	ENCSR000CRK	Homo sapiens H1 cytosolic fraction	2	RNU5A-1	U5	257
ENCFF569LCT	ENCSR000CRK	Homo sapiens H1 cytosolic fraction	2	RNU5B-1	U5	29
ENCFF569LCT	ENCSR000CRK	Homo sapiens H1 cytosolic fraction	2	RNU6-1	U6	0
ENCFF569LCT	ENCSR000CRK	Homo sapiens H1 cytosolic fraction	2	RNU2-1	U2	0
ENCFF569LCT	ENCSR000CRK	Homo sapiens H1 cytosolic fraction	2	RNU6-9	U6	4
ENCFF569LCT	ENCSR000CRK	Homo sapiens H1 cytosolic fraction	2	RNU6-2	U6	3
ENCFF569LCT	ENCSR000CRK	Homo sapiens H1 cytosolic fraction	2	RNU12	U12	0
ENCFF320GIV	ENCSR000CRJ	Homo sapiens H1	1	RNU5E-1	U5	158
ENCFF320GIV	ENCSR000CRJ	Homo sapiens H1	1	RNU1-1	U1	0
ENCFF320GIV	ENCSR000CRJ	Homo sapiens H1	1	RNU1-3	U1	0
ENCFF320GIV	ENCSR000CRJ	Homo sapiens H1	1	RNU1-4	U1	0
ENCFF320GIV	ENCSR000CRJ	Homo sapiens H1	1	RNU1-2	U1	0
ENCFF320GIV	ENCSR000CRJ	Homo sapiens H1	1	RNU11	U11	0
ENCFF320GIV	ENCSR000CRJ	Homo sapiens H1	1	RNU5F-1	U5	40
ENCFF320GIV	ENCSR000CRJ	Homo sapiens H1	1	RNU5D-1	U5	169
ENCFF320GIV	ENCSR000CRJ	Homo sapiens H1	1	RNU4ATAC	U4atac	226
ENCFF320GIV	ENCSR000CRJ	Homo sapiens H1	1	RMRP		0
ENCFF320GIV	ENCSR000CRJ	Homo sapiens H1	1	RNU6ATAC	U6atac	59
ENCFF320GIV	ENCSR000CRJ	Homo sapiens H1	1	RNU2-2P	U2	0
ENCFF320GIV	ENCSR000CRJ	Homo sapiens H1	1	RNU7-1	U7	0
ENCFF320GIV	ENCSR000CRJ	Homo sapiens H1	1	RNU4-2	U4	204
ENCFF320GIV	ENCSR000CRJ	Homo sapiens H1	1	RNU4-1	U4	51
ENCFF320GIV	ENCSR000CRJ	Homo sapiens H1	1	RPPH1		0
ENCFF320GIV	ENCSR000CRJ	Homo sapiens H1	1	RNU6-7	U6	1
ENCFF320GIV	ENCSR000CRJ	Homo sapiens H1	1	RNU6-8	U6	2
ENCFF320GIV	ENCSR000CRJ	Homo sapiens H1	1	RN7SL1		0
ENCFF320GIV	ENCSR000CRJ	Homo sapiens H1	1	RN7SL2		0
ENCFF320GIV	ENCSR000CRJ	Homo sapiens H1	1	RNU5A-1	U5	166
ENCFF320GIV	ENCSR000CRJ	Homo sapiens H1	1	RNU5B-1	U5	17
ENCFF320GIV	ENCSR000CRJ	Homo sapiens H1	1	RNU6-1	U6	1
ENCFF320GIV	ENCSR000CRJ	Homo sapiens H1	1	RNU2-1	U2	0
ENCFF320GIV	ENCSR000CRJ	Homo sapiens H1	1	RNU6-9	U6	4
ENCFF320GIV	ENCSR000CRJ	Homo sapiens H1	1	RNU6-2	U6	5
ENCFF320GIV	ENCSR000CRJ	Homo sapiens H1	1	RNU12	U12	0
ENCFF981WGH	ENCSR000CRJ	Homo sapiens H1	2	RNU5E-1	U5	117
ENCFF981WGH	ENCSR000CRJ	Homo sapiens H1	2	RNU1-1	U1	0
ENCFF981WGH	ENCSR000CRJ	Homo sapiens H1	2	RNU1-3	U1	0
ENCFF981WGH	ENCSR000CRJ	Homo sapiens H1	2	RNU1-4	U1	0
ENCFF981WGH	ENCSR000CRJ	Homo sapiens H1	2	RNU1-2	U1	0
ENCFF981WGH	ENCSR000CRJ	Homo sapiens H1	2	RNU11	U11	0
ENCFF981WGH	ENCSR000CRJ	Homo sapiens H1	2	RNU5F-1	U5	29
ENCFF981WGH	ENCSR000CRJ	Homo sapiens H1	2	RNU5D-1	U5	121
ENCFF981WGH	ENCSR000CRJ	Homo sapiens H1	2	RNU4ATAC	U4atac	139
ENCFF981WGH	ENCSR000CRJ	Homo sapiens H1	2	RMRP		0
ENCFF981WGH	ENCSR000CRJ	Homo sapiens H1	2	RNU6ATAC	U6atac	24
ENCFF981WGH	ENCSR000CRJ	Homo sapiens H1	2	RNU2-2P	U2	0
ENCFF981WGH	ENCSR000CRJ	Homo sapiens H1	2	RNU7-1	U7	0
ENCFF981WGH	ENCSR000CRJ	Homo sapiens H1	2	RNU4-2	U4	130
ENCFF981WGH	ENCSR000CRJ	Homo sapiens H1	2	RNU4-1	U4	41
ENCFF981WGH	ENCSR000CRJ	Homo sapiens H1	2	RPPH1		0
ENCFF981WGH	ENCSR000CRJ	Homo sapiens H1	2	RNU6-7	U6	0
ENCFF981WGH	ENCSR000CRJ	Homo sapiens H1	2	RNU6-8	U6	1
ENCFF981WGH	ENCSR000CRJ	Homo sapiens H1	2	RN7SL1		0
ENCFF981WGH	ENCSR000CRJ	Homo sapiens H1	2	RN7SL2		0
ENCFF981WGH	ENCSR000CRJ	Homo sapiens H1	2	RNU5A-1	U5	121
ENCFF981WGH	ENCSR000CRJ	Homo sapiens H1	2	RNU5B-1	U5	13
ENCFF981WGH	ENCSR000CRJ	Homo sapiens H1	2	RNU6-1	U6	1
ENCFF981WGH	ENCSR000CRJ	Homo sapiens H1	2	RNU2-1	U2	0
ENCFF981WGH	ENCSR000CRJ	Homo sapiens H1	2	RNU6-9	U6	2
ENCFF981WGH	ENCSR000CRJ	Homo sapiens H1	2	RNU6-2	U6	6
ENCFF981WGH	ENCSR000CRJ	Homo sapiens H1	2	RNU12	U12	0
ENCFF355FDL	ENCSR000AFP	Homo sapiens urinary bladder tissue female embryo (20 weeks)	1	RNU5E-1	U5	49912
ENCFF355FDL	ENCSR000AFP	Homo sapiens urinary bladder tissue female embryo (20 weeks)	1	RNU1-1	U1	0
ENCFF355FDL	ENCSR000AFP	Homo sapiens urinary bladder tissue female embryo (20 weeks)	1	RNU1-3	U1	0
ENCFF355FDL	ENCSR000AFP	Homo sapiens urinary bladder tissue female embryo (20 weeks)	1	RNU1-4	U1	0
ENCFF355FDL	ENCSR000AFP	Homo sapiens urinary bladder tissue female embryo (20 weeks)	1	RNU1-2	U1	0
ENCFF355FDL	ENCSR000AFP	Homo sapiens urinary bladder tissue female embryo (20 weeks)	1	RNU11	U11	0
ENCFF355FDL	ENCSR000AFP	Homo sapiens urinary bladder tissue female embryo (20 weeks)	1	RNU5F-1	U5	162
ENCFF355FDL	ENCSR000AFP	Homo sapiens urinary bladder tissue female embryo (20 weeks)	1	RNU5D-1	U5	700
ENCFF355FDL	ENCSR000AFP	Homo sapiens urinary bladder tissue female embryo (20 weeks)	1	RNU4ATAC	U4atac	66788
ENCFF355FDL	ENCSR000AFP	Homo sapiens urinary bladder tissue female embryo (20 weeks)	1	RMRP		1
ENCFF355FDL	ENCSR000AFP	Homo sapiens urinary bladder tissue female embryo (20 weeks)	1	RNU6ATAC	U6atac	339
ENCFF355FDL	ENCSR000AFP	Homo sapiens urinary bladder tissue female embryo (20 weeks)	1	RNU2-2P	U2	0
ENCFF355FDL	ENCSR000AFP	Homo sapiens urinary bladder tissue female embryo (20 weeks)	1	RNU7-1	U7	0
ENCFF355FDL	ENCSR000AFP	Homo sapiens urinary bladder tissue female embryo (20 weeks)	1	RNU4-2	U4	50755
ENCFF355FDL	ENCSR000AFP	Homo sapiens urinary bladder tissue female embryo (20 weeks)	1	RNU4-1	U4	9280
ENCFF355FDL	ENCSR000AFP	Homo sapiens urinary bladder tissue female embryo (20 weeks)	1	RPPH1		0
ENCFF355FDL	ENCSR000AFP	Homo sapiens urinary bladder tissue female embryo (20 weeks)	1	RNU6-7	U6	10
ENCFF355FDL	ENCSR000AFP	Homo sapiens urinary bladder tissue female embryo (20 weeks)	1	RNU6-8	U6	0
ENCFF355FDL	ENCSR000AFP	Homo sapiens urinary bladder tissue female embryo (20 weeks)	1	RN7SL1		0
ENCFF355FDL	ENCSR000AFP	Homo sapiens urinary bladder tissue female embryo (20 weeks)	1	RN7SL2		2309
ENCFF355FDL	ENCSR000AFP	Homo sapiens urinary bladder tissue female embryo (20 weeks)	1	RNU5A-1	U5	15925086
ENCFF355FDL	ENCSR000AFP	Homo sapiens urinary bladder tissue female embryo (20 weeks)	1	RNU5B-1	U5	3488195
ENCFF355FDL	ENCSR000AFP	Homo sapiens urinary bladder tissue female embryo (20 weeks)	1	RNU6-1	U6	6
ENCFF355FDL	ENCSR000AFP	Homo sapiens urinary bladder tissue female embryo (20 weeks)	1	RNU2-1	U2	0
ENCFF355FDL	ENCSR000AFP	Homo sapiens urinary bladder tissue female embryo (20 weeks)	1	RNU6-9	U6	3
ENCFF355FDL	ENCSR000AFP	Homo sapiens urinary bladder tissue female embryo (20 weeks)	1	RNU6-2	U6	12
ENCFF355FDL	ENCSR000AFP	Homo sapiens urinary bladder tissue female embryo (20 weeks)	1	RNU12	U12	0
ENCFF475FEZ	ENCSR000AES	Homo sapiens K562	1	RNU5E-1	U5	248511
ENCFF475FEZ	ENCSR000AES	Homo sapiens K562	1	RNU1-1	U1	2
ENCFF475FEZ	ENCSR000AES	Homo sapiens K562	1	RNU1-3	U1	0
ENCFF475FEZ	ENCSR000AES	Homo sapiens K562	1	RNU1-4	U1	0
ENCFF475FEZ	ENCSR000AES	Homo sapiens K562	1	RNU1-2	U1	1
ENCFF475FEZ	ENCSR000AES	Homo sapiens K562	1	RNU11	U11	0
ENCFF475FEZ	ENCSR000AES	Homo sapiens K562	1	RNU5F-1	U5	48133
ENCFF475FEZ	ENCSR000AES	Homo sapiens K562	1	RNU5D-1	U5	23972
ENCFF475FEZ	ENCSR000AES	Homo sapiens K562	1	RNU4ATAC	U4atac	32918
ENCFF475FEZ	ENCSR000AES	Homo sapiens K562	1	RMRP		0
ENCFF475FEZ	ENCSR000AES	Homo sapiens K562	1	RNU6ATAC	U6atac	559
ENCFF475FEZ	ENCSR000AES	Homo sapiens K562	1	RNU2-2P	U2	0
ENCFF475FEZ	ENCSR000AES	Homo sapiens K562	1	RNU7-1	U7	0
ENCFF475FEZ	ENCSR000AES	Homo sapiens K562	1	RNU4-2	U4	25511
ENCFF475FEZ	ENCSR000AES	Homo sapiens K562	1	RNU4-1	U4	59138
ENCFF475FEZ	ENCSR000AES	Homo sapiens K562	1	RPPH1		0
ENCFF475FEZ	ENCSR000AES	Homo sapiens K562	1	RNU6-7	U6	769
ENCFF475FEZ	ENCSR000AES	Homo sapiens K562	1	RNU6-8	U6	1
ENCFF475FEZ	ENCSR000AES	Homo sapiens K562	1	RN7SL1		0
ENCFF475FEZ	ENCSR000AES	Homo sapiens K562	1	RN7SL2		4
ENCFF475FEZ	ENCSR000AES	Homo sapiens K562	1	RNU5A-1	U5	15987488
ENCFF475FEZ	ENCSR000AES	Homo sapiens K562	1	RNU5B-1	U5	948401
ENCFF475FEZ	ENCSR000AES	Homo sapiens K562	1	RNU6-1	U6	26
ENCFF475FEZ	ENCSR000AES	Homo sapiens K562	1	RNU2-1	U2	0
ENCFF475FEZ	ENCSR000AES	Homo sapiens K562	1	RNU6-9	U6	60
ENCFF475FEZ	ENCSR000AES	Homo sapiens K562	1	RNU6-2	U6	31
ENCFF475FEZ	ENCSR000AES	Homo sapiens K562	1	RNU12	U12	0
ENCFF132YIA	ENCSR000AES	Homo sapiens K562	2	RNU5E-1	U5	125385
ENCFF132YIA	ENCSR000AES	Homo sapiens K562	2	RNU1-1	U1	1
ENCFF132YIA	ENCSR000AES	Homo sapiens K562	2	RNU1-3	U1	0
ENCFF132YIA	ENCSR000AES	Homo sapiens K562	2	RNU1-4	U1	0
ENCFF132YIA	ENCSR000AES	Homo sapiens K562	2	RNU1-2	U1	3
ENCFF132YIA	ENCSR000AES	Homo sapiens K562	2	RNU11	U11	0
ENCFF132YIA	ENCSR000AES	Homo sapiens K562	2	RNU5F-1	U5	26354
ENCFF132YIA	ENCSR000AES	Homo sapiens K562	2	RNU5D-1	U5	12375
ENCFF132YIA	ENCSR000AES	Homo sapiens K562	2	RNU4ATAC	U4atac	63495
ENCFF132YIA	ENCSR000AES	Homo sapiens K562	2	RMRP		0
ENCFF132YIA	ENCSR000AES	Homo sapiens K562	2	RNU6ATAC	U6atac	372
ENCFF132YIA	ENCSR000AES	Homo sapiens K562	2	RNU2-2P	U2	0
ENCFF132YIA	ENCSR000AES	Homo sapiens K562	2	RNU7-1	U7	0
ENCFF132YIA	ENCSR000AES	Homo sapiens K562	2	RNU4-2	U4	29014
ENCFF132YIA	ENCSR000AES	Homo sapiens K562	2	RNU4-1	U4	57759
ENCFF132YIA	ENCSR000AES	Homo sapiens K562	2	RPPH1		0
ENCFF132YIA	ENCSR000AES	Homo sapiens K562	2	RNU6-7	U6	757
ENCFF132YIA	ENCSR000AES	Homo sapiens K562	2	RNU6-8	U6	3
ENCFF132YIA	ENCSR000AES	Homo sapiens K562	2	RN7SL1		0
ENCFF132YIA	ENCSR000AES	Homo sapiens K562	2	RN7SL2		48
ENCFF132YIA	ENCSR000AES	Homo sapiens K562	2	RNU5A-1	U5	8393376
ENCFF132YIA	ENCSR000AES	Homo sapiens K562	2	RNU5B-1	U5	611530
ENCFF132YIA	ENCSR000AES	Homo sapiens K562	2	RNU6-1	U6	148
ENCFF132YIA	ENCSR000AES	Homo sapiens K562	2	RNU2-1	U2	0
ENCFF132YIA	ENCSR000AES	Homo sapiens K562	2	RNU6-9	U6	63
ENCFF132YIA	ENCSR000AES	Homo sapiens K562	2	RNU6-2	U6	35
ENCFF132YIA	ENCSR000AES	Homo sapiens K562	2	RNU12	U12	0
ENCFF027BMZ	ENCSR000AGA	Homo sapiens skin of body tissue female embryo (24 weeks) and male embryo (22 weeks)	1	RNU5E-1	U5	68707
ENCFF027BMZ	ENCSR000AGA	Homo sapiens skin of body tissue female embryo (24 weeks) and male embryo (22 weeks)	1	RNU1-1	U1	5
ENCFF027BMZ	ENCSR000AGA	Homo sapiens skin of body tissue female embryo (24 weeks) and male embryo (22 weeks)	1	RNU1-3	U1	0
ENCFF027BMZ	ENCSR000AGA	Homo sapiens skin of body tissue female embryo (24 weeks) and male embryo (22 weeks)	1	RNU1-4	U1	0
ENCFF027BMZ	ENCSR000AGA	Homo sapiens skin of body tissue female embryo (24 weeks) and male embryo (22 weeks)	1	RNU1-2	U1	2
ENCFF027BMZ	ENCSR000AGA	Homo sapiens skin of body tissue female embryo (24 weeks) and male embryo (22 weeks)	1	RNU11	U11	0
ENCFF027BMZ	ENCSR000AGA	Homo sapiens skin of body tissue female embryo (24 weeks) and male embryo (22 weeks)	1	RNU5F-1	U5	371
ENCFF027BMZ	ENCSR000AGA	Homo sapiens skin of body tissue female embryo (24 weeks) and male embryo (22 weeks)	1	RNU5D-1	U5	2013
ENCFF027BMZ	ENCSR000AGA	Homo sapiens skin of body tissue female embryo (24 weeks) and male embryo (22 weeks)	1	RNU4ATAC	U4atac	47302
ENCFF027BMZ	ENCSR000AGA	Homo sapiens skin of body tissue female embryo (24 weeks) and male embryo (22 weeks)	1	RMRP		0
ENCFF027BMZ	ENCSR000AGA	Homo sapiens skin of body tissue female embryo (24 weeks) and male embryo (22 weeks)	1	RNU6ATAC	U6atac	261
ENCFF027BMZ	ENCSR000AGA	Homo sapiens skin of body tissue female embryo (24 weeks) and male embryo (22 weeks)	1	RNU2-2P	U2	0
ENCFF027BMZ	ENCSR000AGA	Homo sapiens skin of body tissue female embryo (24 weeks) and male embryo (22 weeks)	1	RNU7-1	U7	0
ENCFF027BMZ	ENCSR000AGA	Homo sapiens skin of body tissue female embryo (24 weeks) and male embryo (22 weeks)	1	RNU4-2	U4	69436
ENCFF027BMZ	ENCSR000AGA	Homo sapiens skin of body tissue female embryo (24 weeks) and male embryo (22 weeks)	1	RNU4-1	U4	20596
ENCFF027BMZ	ENCSR000AGA	Homo sapiens skin of body tissue female embryo (24 weeks) and male embryo (22 weeks)	1	RPPH1		0
ENCFF027BMZ	ENCSR000AGA	Homo sapiens skin of body tissue female embryo (24 weeks) and male embryo (22 weeks)	1	RNU6-7	U6	9
ENCFF027BMZ	ENCSR000AGA	Homo sapiens skin of body tissue female embryo (24 weeks) and male embryo (22 weeks)	1	RNU6-8	U6	1
ENCFF027BMZ	ENCSR000AGA	Homo sapiens skin of body tissue female embryo (24 weeks) and male embryo (22 weeks)	1	RN7SL1		0
ENCFF027BMZ	ENCSR000AGA	Homo sapiens skin of body tissue female embryo (24 weeks) and male embryo (22 weeks)	1	RN7SL2		716
ENCFF027BMZ	ENCSR000AGA	Homo sapiens skin of body tissue female embryo (24 weeks) and male embryo (22 weeks)	1	RNU5A-1	U5	19688634
ENCFF027BMZ	ENCSR000AGA	Homo sapiens skin of body tissue female embryo (24 weeks) and male embryo (22 weeks)	1	RNU5B-1	U5	3822479
ENCFF027BMZ	ENCSR000AGA	Homo sapiens skin of body tissue female embryo (24 weeks) and male embryo (22 weeks)	1	RNU6-1	U6	7
ENCFF027BMZ	ENCSR000AGA	Homo sapiens skin of body tissue female embryo (24 weeks) and male embryo (22 weeks)	1	RNU2-1	U2	0
ENCFF027BMZ	ENCSR000AGA	Homo sapiens skin of body tissue female embryo (24 weeks) and male embryo (22 weeks)	1	RNU6-9	U6	7
ENCFF027BMZ	ENCSR000AGA	Homo sapiens skin of body tissue female embryo (24 weeks) and male embryo (22 weeks)	1	RNU6-2	U6	19
ENCFF027BMZ	ENCSR000AGA	Homo sapiens skin of body tissue female embryo (24 weeks) and male embryo (22 weeks)	1	RNU12	U12	0
ENCFF906ZDC	ENCSR000AGA	Homo sapiens skin of body tissue female embryo (24 weeks) and male embryo (22 weeks)	2	RNU5E-1	U5	41240
ENCFF906ZDC	ENCSR000AGA	Homo sapiens skin of body tissue female embryo (24 weeks) and male embryo (22 weeks)	2	RNU1-1	U1	5
ENCFF906ZDC	ENCSR000AGA	Homo sapiens skin of body tissue female embryo (24 weeks) and male embryo (22 weeks)	2	RNU1-3	U1	0
ENCFF906ZDC	ENCSR000AGA	Homo sapiens skin of body tissue female embryo (24 weeks) and male embryo (22 weeks)	2	RNU1-4	U1	0
ENCFF906ZDC	ENCSR000AGA	Homo sapiens skin of body tissue female embryo (24 weeks) and male embryo (22 weeks)	2	RNU1-2	U1	0
ENCFF906ZDC	ENCSR000AGA	Homo sapiens skin of body tissue female embryo (24 weeks) and male embryo (22 weeks)	2	RNU11	U11	0
ENCFF906ZDC	ENCSR000AGA	Homo sapiens skin of body tissue female embryo (24 weeks) and male embryo (22 weeks)	2	RNU5F-1	U5	346
ENCFF906ZDC	ENCSR000AGA	Homo sapiens skin of body tissue female embryo (24 weeks) and male embryo (22 weeks)	2	RNU5D-1	U5	1235
ENCFF906ZDC	ENCSR000AGA	Homo sapiens skin of body tissue female embryo (24 weeks) and male embryo (22 weeks)	2	RNU4ATAC	U4atac	34453
ENCFF906ZDC	ENCSR000AGA	Homo sapiens skin of body tissue female embryo (24 weeks) and male embryo (22 weeks)	2	RMRP		0
ENCFF906ZDC	ENCSR000AGA	Homo sapiens skin of body tissue female embryo (24 weeks) and male embryo (22 weeks)	2	RNU6ATAC	U6atac	434
ENCFF906ZDC	ENCSR000AGA	Homo sapiens skin of body tissue female embryo (24 weeks) and male embryo (22 weeks)	2	RNU2-2P	U2	0
ENCFF906ZDC	ENCSR000AGA	Homo sapiens skin of body tissue female embryo (24 weeks) and male embryo (22 weeks)	2	RNU7-1	U7	0
ENCFF906ZDC	ENCSR000AGA	Homo sapiens skin of body tissue female embryo (24 weeks) and male embryo (22 weeks)	2	RNU4-2	U4	55560
ENCFF906ZDC	ENCSR000AGA	Homo sapiens skin of body tissue female embryo (24 weeks) and male embryo (22 weeks)	2	RNU4-1	U4	20422
ENCFF906ZDC	ENCSR000AGA	Homo sapiens skin of body tissue female embryo (24 weeks) and male embryo (22 weeks)	2	RPPH1		0
ENCFF906ZDC	ENCSR000AGA	Homo sapiens skin of body tissue female embryo (24 weeks) and male embryo (22 weeks)	2	RNU6-7	U6	1
ENCFF906ZDC	ENCSR000AGA	Homo sapiens skin of body tissue female embryo (24 weeks) and male embryo (22 weeks)	2	RNU6-8	U6	0
ENCFF906ZDC	ENCSR000AGA	Homo sapiens skin of body tissue female embryo (24 weeks) and male embryo (22 weeks)	2	RN7SL1		0
ENCFF906ZDC	ENCSR000AGA	Homo sapiens skin of body tissue female embryo (24 weeks) and male embryo (22 weeks)	2	RN7SL2		1311
ENCFF906ZDC	ENCSR000AGA	Homo sapiens skin of body tissue female embryo (24 weeks) and male embryo (22 weeks)	2	RNU5A-1	U5	15674410
ENCFF906ZDC	ENCSR000AGA	Homo sapiens skin of body tissue female embryo (24 weeks) and male embryo (22 weeks)	2	RNU5B-1	U5	3566612
ENCFF906ZDC	ENCSR000AGA	Homo sapiens skin of body tissue female embryo (24 weeks) and male embryo (22 weeks)	2	RNU6-1	U6	4
ENCFF906ZDC	ENCSR000AGA	Homo sapiens skin of body tissue female embryo (24 weeks) and male embryo (22 weeks)	2	RNU2-1	U2	0
ENCFF906ZDC	ENCSR000AGA	Homo sapiens skin of body tissue female embryo (24 weeks) and male embryo (22 weeks)	2	RNU6-9	U6	7
ENCFF906ZDC	ENCSR000AGA	Homo sapiens skin of body tissue female embryo (24 weeks) and male embryo (22 weeks)	2	RNU6-2	U6	10
ENCFF906ZDC	ENCSR000AGA	Homo sapiens skin of body tissue female embryo (24 weeks) and male embryo (22 weeks)	2	RNU12	U12	0
ENCFF773KOO	ENCSR000AFU	Homo sapiens metanephros tissue female embryo (20 weeks) and female embryo (24 weeks)	1	RNU5E-1	U5	41657
ENCFF773KOO	ENCSR000AFU	Homo sapiens metanephros tissue female embryo (20 weeks) and female embryo (24 weeks)	1	RNU1-1	U1	1
ENCFF773KOO	ENCSR000AFU	Homo sapiens metanephros tissue female embryo (20 weeks) and female embryo (24 weeks)	1	RNU1-3	U1	0
ENCFF773KOO	ENCSR000AFU	Homo sapiens metanephros tissue female embryo (20 weeks) and female embryo (24 weeks)	1	RNU1-4	U1	0
ENCFF773KOO	ENCSR000AFU	Homo sapiens metanephros tissue female embryo (20 weeks) and female embryo (24 weeks)	1	RNU1-2	U1	0
ENCFF773KOO	ENCSR000AFU	Homo sapiens metanephros tissue female embryo (20 weeks) and female embryo (24 weeks)	1	RNU11	U11	0
ENCFF773KOO	ENCSR000AFU	Homo sapiens metanephros tissue female embryo (20 weeks) and female embryo (24 weeks)	1	RNU5F-1	U5	192
ENCFF773KOO	ENCSR000AFU	Homo sapiens metanephros tissue female embryo (20 weeks) and female embryo (24 weeks)	1	RNU5D-1	U5	1292
ENCFF773KOO	ENCSR000AFU	Homo sapiens metanephros tissue female embryo (20 weeks) and female embryo (24 weeks)	1	RNU4ATAC	U4atac	64623
ENCFF773KOO	ENCSR000AFU	Homo sapiens metanephros tissue female embryo (20 weeks) and female embryo (24 weeks)	1	RMRP		0
ENCFF773KOO	ENCSR000AFU	Homo sapiens metanephros tissue female embryo (20 weeks) and female embryo (24 weeks)	1	RNU6ATAC	U6atac	186
ENCFF773KOO	ENCSR000AFU	Homo sapiens metanephros tissue female embryo (20 weeks) and female embryo (24 weeks)	1	RNU2-2P	U2	0
ENCFF773KOO	ENCSR000AFU	Homo sapiens metanephros tissue female embryo (20 weeks) and female embryo (24 weeks)	1	RNU7-1	U7	0
ENCFF773KOO	ENCSR000AFU	Homo sapiens metanephros tissue female embryo (20 weeks) and female embryo (24 weeks)	1	RNU4-2	U4	63431
ENCFF773KOO	ENCSR000AFU	Homo sapiens metanephros tissue female embryo (20 weeks) and female embryo (24 weeks)	1	RNU4-1	U4	22393
ENCFF773KOO	ENCSR000AFU	Homo sapiens metanephros tissue female embryo (20 weeks) and female embryo (24 weeks)	1	RPPH1		0
ENCFF773KOO	ENCSR000AFU	Homo sapiens metanephros tissue female embryo (20 weeks) and female embryo (24 weeks)	1	RNU6-7	U6	70
ENCFF773KOO	ENCSR000AFU	Homo sapiens metanephros tissue female embryo (20 weeks) and female embryo (24 weeks)	1	RNU6-8	U6	1
ENCFF773KOO	ENCSR000AFU	Homo sapiens metanephros tissue female embryo (20 weeks) and female embryo (24 weeks)	1	RN7SL1		0
ENCFF773KOO	ENCSR000AFU	Homo sapiens metanephros tissue female embryo (20 weeks) and female embryo (24 weeks)	1	RN7SL2		920
ENCFF773KOO	ENCSR000AFU	Homo sapiens metanephros tissue female embryo (20 weeks) and female embryo (24 weeks)	1	RNU5A-1	U5	17060390
ENCFF773KOO	ENCSR000AFU	Homo sapiens metanephros tissue female embryo (20 weeks) and female embryo (24 weeks)	1	RNU5B-1	U5	3405772
ENCFF773KOO	ENCSR000AFU	Homo sapiens metanephros tissue female embryo (20 weeks) and female embryo (24 weeks)	1	RNU6-1	U6	6
ENCFF773KOO	ENCSR000AFU	Homo sapiens metanephros tissue female embryo (20 weeks) and female embryo (24 weeks)	1	RNU2-1	U2	0
ENCFF773KOO	ENCSR000AFU	Homo sapiens metanephros tissue female embryo (20 weeks) and female embryo (24 weeks)	1	RNU6-9	U6	4
ENCFF773KOO	ENCSR000AFU	Homo sapiens metanephros tissue female embryo (20 weeks) and female embryo (24 weeks)	1	RNU6-2	U6	17
ENCFF773KOO	ENCSR000AFU	Homo sapiens metanephros tissue female embryo (20 weeks) and female embryo (24 weeks)	1	RNU12	U12	0
ENCFF959SWN	ENCSR000AFU	Homo sapiens metanephros tissue female embryo (20 weeks) and female embryo (24 weeks)	2	RNU5E-1	U5	30665
ENCFF959SWN	ENCSR000AFU	Homo sapiens metanephros tissue female embryo (20 weeks) and female embryo (24 weeks)	2	RNU1-1	U1	1
ENCFF959SWN	ENCSR000AFU	Homo sapiens metanephros tissue female embryo (20 weeks) and female embryo (24 weeks)	2	RNU1-3	U1	0
ENCFF959SWN	ENCSR000AFU	Homo sapiens metanephros tissue female embryo (20 weeks) and female embryo (24 weeks)	2	RNU1-4	U1	0
ENCFF959SWN	ENCSR000AFU	Homo sapiens metanephros tissue female embryo (20 weeks) and female embryo (24 weeks)	2	RNU1-2	U1	0
ENCFF959SWN	ENCSR000AFU	Homo sapiens metanephros tissue female embryo (20 weeks) and female embryo (24 weeks)	2	RNU11	U11	0
ENCFF959SWN	ENCSR000AFU	Homo sapiens metanephros tissue female embryo (20 weeks) and female embryo (24 weeks)	2	RNU5F-1	U5	263
ENCFF959SWN	ENCSR000AFU	Homo sapiens metanephros tissue female embryo (20 weeks) and female embryo (24 weeks)	2	RNU5D-1	U5	1150
ENCFF959SWN	ENCSR000AFU	Homo sapiens metanephros tissue female embryo (20 weeks) and female embryo (24 weeks)	2	RNU4ATAC	U4atac	37144
ENCFF959SWN	ENCSR000AFU	Homo sapiens metanephros tissue female embryo (20 weeks) and female embryo (24 weeks)	2	RMRP		0
ENCFF959SWN	ENCSR000AFU	Homo sapiens metanephros tissue female embryo (20 weeks) and female embryo (24 weeks)	2	RNU6ATAC	U6atac	208
ENCFF959SWN	ENCSR000AFU	Homo sapiens metanephros tissue female embryo (20 weeks) and female embryo (24 weeks)	2	RNU2-2P	U2	0
ENCFF959SWN	ENCSR000AFU	Homo sapiens metanephros tissue female embryo (20 weeks) and female embryo (24 weeks)	2	RNU7-1	U7	0
ENCFF959SWN	ENCSR000AFU	Homo sapiens metanephros tissue female embryo (20 weeks) and female embryo (24 weeks)	2	RNU4-2	U4	31687
ENCFF959SWN	ENCSR000AFU	Homo sapiens metanephros tissue female embryo (20 weeks) and female embryo (24 weeks)	2	RNU4-1	U4	22253
ENCFF959SWN	ENCSR000AFU	Homo sapiens metanephros tissue female embryo (20 weeks) and female embryo (24 weeks)	2	RPPH1		0
ENCFF959SWN	ENCSR000AFU	Homo sapiens metanephros tissue female embryo (20 weeks) and female embryo (24 weeks)	2	RNU6-7	U6	5
ENCFF959SWN	ENCSR000AFU	Homo sapiens metanephros tissue female embryo (20 weeks) and female embryo (24 weeks)	2	RNU6-8	U6	2
ENCFF959SWN	ENCSR000AFU	Homo sapiens metanephros tissue female embryo (20 weeks) and female embryo (24 weeks)	2	RN7SL1		0
ENCFF959SWN	ENCSR000AFU	Homo sapiens metanephros tissue female embryo (20 weeks) and female embryo (24 weeks)	2	RN7SL2		1173
ENCFF959SWN	ENCSR000AFU	Homo sapiens metanephros tissue female embryo (20 weeks) and female embryo (24 weeks)	2	RNU5A-1	U5	11581134
ENCFF959SWN	ENCSR000AFU	Homo sapiens metanephros tissue female embryo (20 weeks) and female embryo (24 weeks)	2	RNU5B-1	U5	2746023
ENCFF959SWN	ENCSR000AFU	Homo sapiens metanephros tissue female embryo (20 weeks) and female embryo (24 weeks)	2	RNU6-1	U6	1
ENCFF959SWN	ENCSR000AFU	Homo sapiens metanephros tissue female embryo (20 weeks) and female embryo (24 weeks)	2	RNU2-1	U2	0
ENCFF959SWN	ENCSR000AFU	Homo sapiens metanephros tissue female embryo (20 weeks) and female embryo (24 weeks)	2	RNU6-9	U6	0
ENCFF959SWN	ENCSR000AFU	Homo sapiens metanephros tissue female embryo (20 weeks) and female embryo (24 weeks)	2	RNU6-2	U6	5
ENCFF959SWN	ENCSR000AFU	Homo sapiens metanephros tissue female embryo (20 weeks) and female embryo (24 weeks)	2	RNU12	U12	0
ENCFF106VYG	ENCSR000AFW	Homo sapiens lung tissue female embryo (20 weeks) and female embryo (24 weeks)	1	RNU5E-1	U5	101517
ENCFF106VYG	ENCSR000AFW	Homo sapiens lung tissue female embryo (20 weeks) and female embryo (24 weeks)	1	RNU1-1	U1	2
ENCFF106VYG	ENCSR000AFW	Homo sapiens lung tissue female embryo (20 weeks) and female embryo (24 weeks)	1	RNU1-3	U1	0
ENCFF106VYG	ENCSR000AFW	Homo sapiens lung tissue female embryo (20 weeks) and female embryo (24 weeks)	1	RNU1-4	U1	0
ENCFF106VYG	ENCSR000AFW	Homo sapiens lung tissue female embryo (20 weeks) and female embryo (24 weeks)	1	RNU1-2	U1	2
ENCFF106VYG	ENCSR000AFW	Homo sapiens lung tissue female embryo (20 weeks) and female embryo (24 weeks)	1	RNU11	U11	0
ENCFF106VYG	ENCSR000AFW	Homo sapiens lung tissue female embryo (20 weeks) and female embryo (24 weeks)	1	RNU5F-1	U5	938
ENCFF106VYG	ENCSR000AFW	Homo sapiens lung tissue female embryo (20 weeks) and female embryo (24 weeks)	1	RNU5D-1	U5	2425
ENCFF106VYG	ENCSR000AFW	Homo sapiens lung tissue female embryo (20 weeks) and female embryo (24 weeks)	1	RNU4ATAC	U4atac	88600
ENCFF106VYG	ENCSR000AFW	Homo sapiens lung tissue female embryo (20 weeks) and female embryo (24 weeks)	1	RMRP		0
ENCFF106VYG	ENCSR000AFW	Homo sapiens lung tissue female embryo (20 weeks) and female embryo (24 weeks)	1	RNU6ATAC	U6atac	172
ENCFF106VYG	ENCSR000AFW	Homo sapiens lung tissue female embryo (20 weeks) and female embryo (24 weeks)	1	RNU2-2P	U2	0
ENCFF106VYG	ENCSR000AFW	Homo sapiens lung tissue female embryo (20 weeks) and female embryo (24 weeks)	1	RNU7-1	U7	0
ENCFF106VYG	ENCSR000AFW	Homo sapiens lung tissue female embryo (20 weeks) and female embryo (24 weeks)	1	RNU4-2	U4	53826
ENCFF106VYG	ENCSR000AFW	Homo sapiens lung tissue female embryo (20 weeks) and female embryo (24 weeks)	1	RNU4-1	U4	17675
ENCFF106VYG	ENCSR000AFW	Homo sapiens lung tissue female embryo (20 weeks) and female embryo (24 weeks)	1	RPPH1		0
ENCFF106VYG	ENCSR000AFW	Homo sapiens lung tissue female embryo (20 weeks) and female embryo (24 weeks)	1	RNU6-7	U6	74
ENCFF106VYG	ENCSR000AFW	Homo sapiens lung tissue female embryo (20 weeks) and female embryo (24 weeks)	1	RNU6-8	U6	3
ENCFF106VYG	ENCSR000AFW	Homo sapiens lung tissue female embryo (20 weeks) and female embryo (24 weeks)	1	RN7SL1		0
ENCFF106VYG	ENCSR000AFW	Homo sapiens lung tissue female embryo (20 weeks) and female embryo (24 weeks)	1	RN7SL2		2639
ENCFF106VYG	ENCSR000AFW	Homo sapiens lung tissue female embryo (20 weeks) and female embryo (24 weeks)	1	RNU5A-1	U5	24940084
ENCFF106VYG	ENCSR000AFW	Homo sapiens lung tissue female embryo (20 weeks) and female embryo (24 weeks)	1	RNU5B-1	U5	4601851
ENCFF106VYG	ENCSR000AFW	Homo sapiens lung tissue female embryo (20 weeks) and female embryo (24 weeks)	1	RNU6-1	U6	50
ENCFF106VYG	ENCSR000AFW	Homo sapiens lung tissue female embryo (20 weeks) and female embryo (24 weeks)	1	RNU2-1	U2	0
ENCFF106VYG	ENCSR000AFW	Homo sapiens lung tissue female embryo (20 weeks) and female embryo (24 weeks)	1	RNU6-9	U6	8
ENCFF106VYG	ENCSR000AFW	Homo sapiens lung tissue female embryo (20 weeks) and female embryo (24 weeks)	1	RNU6-2	U6	71
ENCFF106VYG	ENCSR000AFW	Homo sapiens lung tissue female embryo (20 weeks) and female embryo (24 weeks)	1	RNU12	U12	0
ENCFF502JOS	ENCSR000AFW	Homo sapiens lung tissue female embryo (20 weeks) and female embryo (24 weeks)	2	RNU5E-1	U5	38129
ENCFF502JOS	ENCSR000AFW	Homo sapiens lung tissue female embryo (20 weeks) and female embryo (24 weeks)	2	RNU1-1	U1	1
ENCFF502JOS	ENCSR000AFW	Homo sapiens lung tissue female embryo (20 weeks) and female embryo (24 weeks)	2	RNU1-3	U1	0
ENCFF502JOS	ENCSR000AFW	Homo sapiens lung tissue female embryo (20 weeks) and female embryo (24 weeks)	2	RNU1-4	U1	0
ENCFF502JOS	ENCSR000AFW	Homo sapiens lung tissue female embryo (20 weeks) and female embryo (24 weeks)	2	RNU1-2	U1	0
ENCFF502JOS	ENCSR000AFW	Homo sapiens lung tissue female embryo (20 weeks) and female embryo (24 weeks)	2	RNU11	U11	0
ENCFF502JOS	ENCSR000AFW	Homo sapiens lung tissue female embryo (20 weeks) and female embryo (24 weeks)	2	RNU5F-1	U5	392
ENCFF502JOS	ENCSR000AFW	Homo sapiens lung tissue female embryo (20 weeks) and female embryo (24 weeks)	2	RNU5D-1	U5	985
ENCFF502JOS	ENCSR000AFW	Homo sapiens lung tissue female embryo (20 weeks) and female embryo (24 weeks)	2	RNU4ATAC	U4atac	38091
ENCFF502JOS	ENCSR000AFW	Homo sapiens lung tissue female embryo (20 weeks) and female embryo (24 weeks)	2	RMRP		0
ENCFF502JOS	ENCSR000AFW	Homo sapiens lung tissue female embryo (20 weeks) and female embryo (24 weeks)	2	RNU6ATAC	U6atac	262
ENCFF502JOS	ENCSR000AFW	Homo sapiens lung tissue female embryo (20 weeks) and female embryo (24 weeks)	2	RNU2-2P	U2	0
ENCFF502JOS	ENCSR000AFW	Homo sapiens lung tissue female embryo (20 weeks) and female embryo (24 weeks)	2	RNU7-1	U7	0
ENCFF502JOS	ENCSR000AFW	Homo sapiens lung tissue female embryo (20 weeks) and female embryo (24 weeks)	2	RNU4-2	U4	33683
ENCFF502JOS	ENCSR000AFW	Homo sapiens lung tissue female embryo (20 weeks) and female embryo (24 weeks)	2	RNU4-1	U4	39715
ENCFF502JOS	ENCSR000AFW	Homo sapiens lung tissue female embryo (20 weeks) and female embryo (24 weeks)	2	RPPH1		0
ENCFF502JOS	ENCSR000AFW	Homo sapiens lung tissue female embryo (20 weeks) and female embryo (24 weeks)	2	RNU6-7	U6	2
ENCFF502JOS	ENCSR000AFW	Homo sapiens lung tissue female embryo (20 weeks) and female embryo (24 weeks)	2	RNU6-8	U6	0
ENCFF502JOS	ENCSR000AFW	Homo sapiens lung tissue female embryo (20 weeks) and female embryo (24 weeks)	2	RN7SL1		0
ENCFF502JOS	ENCSR000AFW	Homo sapiens lung tissue female embryo (20 weeks) and female embryo (24 weeks)	2	RN7SL2		1338
ENCFF502JOS	ENCSR000AFW	Homo sapiens lung tissue female embryo (20 weeks) and female embryo (24 weeks)	2	RNU5A-1	U5	12540999
ENCFF502JOS	ENCSR000AFW	Homo sapiens lung tissue female embryo (20 weeks) and female embryo (24 weeks)	2	RNU5B-1	U5	2468715
ENCFF502JOS	ENCSR000AFW	Homo sapiens lung tissue female embryo (20 weeks) and female embryo (24 weeks)	2	RNU6-1	U6	5
ENCFF502JOS	ENCSR000AFW	Homo sapiens lung tissue female embryo (20 weeks) and female embryo (24 weeks)	2	RNU2-1	U2	0
ENCFF502JOS	ENCSR000AFW	Homo sapiens lung tissue female embryo (20 weeks) and female embryo (24 weeks)	2	RNU6-9	U6	5
ENCFF502JOS	ENCSR000AFW	Homo sapiens lung tissue female embryo (20 weeks) and female embryo (24 weeks)	2	RNU6-2	U6	12
ENCFF502JOS	ENCSR000AFW	Homo sapiens lung tissue female embryo (20 weeks) and female embryo (24 weeks)	2	RNU12	U12	0
ENCFF538VTN	ENCSR000AGH	Homo sapiens uterus tissue female embryo (24 weeks) and female embryo (28 weeks)	1	RNU5E-1	U5	70068
ENCFF538VTN	ENCSR000AGH	Homo sapiens uterus tissue female embryo (24 weeks) and female embryo (28 weeks)	1	RNU1-1	U1	5
ENCFF538VTN	ENCSR000AGH	Homo sapiens uterus tissue female embryo (24 weeks) and female embryo (28 weeks)	1	RNU1-3	U1	0
ENCFF538VTN	ENCSR000AGH	Homo sapiens uterus tissue female embryo (24 weeks) and female embryo (28 weeks)	1	RNU1-4	U1	0
ENCFF538VTN	ENCSR000AGH	Homo sapiens uterus tissue female embryo (24 weeks) and female embryo (28 weeks)	1	RNU1-2	U1	0
ENCFF538VTN	ENCSR000AGH	Homo sapiens uterus tissue female embryo (24 weeks) and female embryo (28 weeks)	1	RNU11	U11	0
ENCFF538VTN	ENCSR000AGH	Homo sapiens uterus tissue female embryo (24 weeks) and female embryo (28 weeks)	1	RNU5F-1	U5	3587
ENCFF538VTN	ENCSR000AGH	Homo sapiens uterus tissue female embryo (24 weeks) and female embryo (28 weeks)	1	RNU5D-1	U5	2267
ENCFF538VTN	ENCSR000AGH	Homo sapiens uterus tissue female embryo (24 weeks) and female embryo (28 weeks)	1	RNU4ATAC	U4atac	89830
ENCFF538VTN	ENCSR000AGH	Homo sapiens uterus tissue female embryo (24 weeks) and female embryo (28 weeks)	1	RMRP		0
ENCFF538VTN	ENCSR000AGH	Homo sapiens uterus tissue female embryo (24 weeks) and female embryo (28 weeks)	1	RNU6ATAC	U6atac	388
ENCFF538VTN	ENCSR000AGH	Homo sapiens uterus tissue female embryo (24 weeks) and female embryo (28 weeks)	1	RNU2-2P	U2	0
ENCFF538VTN	ENCSR000AGH	Homo sapiens uterus tissue female embryo (24 weeks) and female embryo (28 weeks)	1	RNU7-1	U7	0
ENCFF538VTN	ENCSR000AGH	Homo sapiens uterus tissue female embryo (24 weeks) and female embryo (28 weeks)	1	RNU4-2	U4	64951
ENCFF538VTN	ENCSR000AGH	Homo sapiens uterus tissue female embryo (24 weeks) and female embryo (28 weeks)	1	RNU4-1	U4	45627
ENCFF538VTN	ENCSR000AGH	Homo sapiens uterus tissue female embryo (24 weeks) and female embryo (28 weeks)	1	RPPH1		0
ENCFF538VTN	ENCSR000AGH	Homo sapiens uterus tissue female embryo (24 weeks) and female embryo (28 weeks)	1	RNU6-7	U6	6
ENCFF538VTN	ENCSR000AGH	Homo sapiens uterus tissue female embryo (24 weeks) and female embryo (28 weeks)	1	RNU6-8	U6	0
ENCFF538VTN	ENCSR000AGH	Homo sapiens uterus tissue female embryo (24 weeks) and female embryo (28 weeks)	1	RN7SL1		0
ENCFF538VTN	ENCSR000AGH	Homo sapiens uterus tissue female embryo (24 weeks) and female embryo (28 weeks)	1	RN7SL2		1035
ENCFF538VTN	ENCSR000AGH	Homo sapiens uterus tissue female embryo (24 weeks) and female embryo (28 weeks)	1	RNU5A-1	U5	13005354
ENCFF538VTN	ENCSR000AGH	Homo sapiens uterus tissue female embryo (24 weeks) and female embryo (28 weeks)	1	RNU5B-1	U5	3636325
ENCFF538VTN	ENCSR000AGH	Homo sapiens uterus tissue female embryo (24 weeks) and female embryo (28 weeks)	1	RNU6-1	U6	5
ENCFF538VTN	ENCSR000AGH	Homo sapiens uterus tissue female embryo (24 weeks) and female embryo (28 weeks)	1	RNU2-1	U2	0
ENCFF538VTN	ENCSR000AGH	Homo sapiens uterus tissue female embryo (24 weeks) and female embryo (28 weeks)	1	RNU6-9	U6	0
ENCFF538VTN	ENCSR000AGH	Homo sapiens uterus tissue female embryo (24 weeks) and female embryo (28 weeks)	1	RNU6-2	U6	7
ENCFF538VTN	ENCSR000AGH	Homo sapiens uterus tissue female embryo (24 weeks) and female embryo (28 weeks)	1	RNU12	U12	0
ENCFF572KQZ	ENCSR000AGH	Homo sapiens uterus tissue female embryo (24 weeks) and female embryo (28 weeks)	2	RNU5E-1	U5	32616
ENCFF572KQZ	ENCSR000AGH	Homo sapiens uterus tissue female embryo (24 weeks) and female embryo (28 weeks)	2	RNU1-1	U1	0
ENCFF572KQZ	ENCSR000AGH	Homo sapiens uterus tissue female embryo (24 weeks) and female embryo (28 weeks)	2	RNU1-3	U1	0
ENCFF572KQZ	ENCSR000AGH	Homo sapiens uterus tissue female embryo (24 weeks) and female embryo (28 weeks)	2	RNU1-4	U1	0
ENCFF572KQZ	ENCSR000AGH	Homo sapiens uterus tissue female embryo (24 weeks) and female embryo (28 weeks)	2	RNU1-2	U1	1
ENCFF572KQZ	ENCSR000AGH	Homo sapiens uterus tissue female embryo (24 weeks) and female embryo (28 weeks)	2	RNU11	U11	0
ENCFF572KQZ	ENCSR000AGH	Homo sapiens uterus tissue female embryo (24 weeks) and female embryo (28 weeks)	2	RNU5F-1	U5	267
ENCFF572KQZ	ENCSR000AGH	Homo sapiens uterus tissue female embryo (24 weeks) and female embryo (28 weeks)	2	RNU5D-1	U5	455
ENCFF572KQZ	ENCSR000AGH	Homo sapiens uterus tissue female embryo (24 weeks) and female embryo (28 weeks)	2	RNU4ATAC	U4atac	81787
ENCFF572KQZ	ENCSR000AGH	Homo sapiens uterus tissue female embryo (24 weeks) and female embryo (28 weeks)	2	RMRP		0
ENCFF572KQZ	ENCSR000AGH	Homo sapiens uterus tissue female embryo (24 weeks) and female embryo (28 weeks)	2	RNU6ATAC	U6atac	473
ENCFF572KQZ	ENCSR000AGH	Homo sapiens uterus tissue female embryo (24 weeks) and female embryo (28 weeks)	2	RNU2-2P	U2	0
ENCFF572KQZ	ENCSR000AGH	Homo sapiens uterus tissue female embryo (24 weeks) and female embryo (28 weeks)	2	RNU7-1	U7	0
ENCFF572KQZ	ENCSR000AGH	Homo sapiens uterus tissue female embryo (24 weeks) and female embryo (28 weeks)	2	RNU4-2	U4	81608
ENCFF572KQZ	ENCSR000AGH	Homo sapiens uterus tissue female embryo (24 weeks) and female embryo (28 weeks)	2	RNU4-1	U4	34928
ENCFF572KQZ	ENCSR000AGH	Homo sapiens uterus tissue female embryo (24 weeks) and female embryo (28 weeks)	2	RPPH1		0
ENCFF572KQZ	ENCSR000AGH	Homo sapiens uterus tissue female embryo (24 weeks) and female embryo (28 weeks)	2	RNU6-7	U6	22
ENCFF572KQZ	ENCSR000AGH	Homo sapiens uterus tissue female embryo (24 weeks) and female embryo (28 weeks)	2	RNU6-8	U6	0
ENCFF572KQZ	ENCSR000AGH	Homo sapiens uterus tissue female embryo (24 weeks) and female embryo (28 weeks)	2	RN7SL1		0
ENCFF572KQZ	ENCSR000AGH	Homo sapiens uterus tissue female embryo (24 weeks) and female embryo (28 weeks)	2	RN7SL2		10681
ENCFF572KQZ	ENCSR000AGH	Homo sapiens uterus tissue female embryo (24 weeks) and female embryo (28 weeks)	2	RNU5A-1	U5	17186642
ENCFF572KQZ	ENCSR000AGH	Homo sapiens uterus tissue female embryo (24 weeks) and female embryo (28 weeks)	2	RNU5B-1	U5	3281419
ENCFF572KQZ	ENCSR000AGH	Homo sapiens uterus tissue female embryo (24 weeks) and female embryo (28 weeks)	2	RNU6-1	U6	9
ENCFF572KQZ	ENCSR000AGH	Homo sapiens uterus tissue female embryo (24 weeks) and female embryo (28 weeks)	2	RNU2-1	U2	0
ENCFF572KQZ	ENCSR000AGH	Homo sapiens uterus tissue female embryo (24 weeks) and female embryo (28 weeks)	2	RNU6-9	U6	0
ENCFF572KQZ	ENCSR000AGH	Homo sapiens uterus tissue female embryo (24 weeks) and female embryo (28 weeks)	2	RNU6-2	U6	13
ENCFF572KQZ	ENCSR000AGH	Homo sapiens uterus tissue female embryo (24 weeks) and female embryo (28 weeks)	2	RNU12	U12	0
ENCFF497MNY	ENCSR000AEJ	Homo sapiens GM12878	1	RNU5E-1	U5	63828
ENCFF497MNY	ENCSR000AEJ	Homo sapiens GM12878	1	RNU1-1	U1	3
ENCFF497MNY	ENCSR000AEJ	Homo sapiens GM12878	1	RNU1-3	U1	0
ENCFF497MNY	ENCSR000AEJ	Homo sapiens GM12878	1	RNU1-4	U1	0
ENCFF497MNY	ENCSR000AEJ	Homo sapiens GM12878	1	RNU1-2	U1	1
ENCFF497MNY	ENCSR000AEJ	Homo sapiens GM12878	1	RNU11	U11	0
ENCFF497MNY	ENCSR000AEJ	Homo sapiens GM12878	1	RNU5F-1	U5	9409
ENCFF497MNY	ENCSR000AEJ	Homo sapiens GM12878	1	RNU5D-1	U5	4963
ENCFF497MNY	ENCSR000AEJ	Homo sapiens GM12878	1	RNU4ATAC	U4atac	19606
ENCFF497MNY	ENCSR000AEJ	Homo sapiens GM12878	1	RMRP		0
ENCFF497MNY	ENCSR000AEJ	Homo sapiens GM12878	1	RNU6ATAC	U6atac	180
ENCFF497MNY	ENCSR000AEJ	Homo sapiens GM12878	1	RNU2-2P	U2	0
ENCFF497MNY	ENCSR000AEJ	Homo sapiens GM12878	1	RNU7-1	U7	0
ENCFF497MNY	ENCSR000AEJ	Homo sapiens GM12878	1	RNU4-2	U4	10728
ENCFF497MNY	ENCSR000AEJ	Homo sapiens GM12878	1	RNU4-1	U4	37657
ENCFF497MNY	ENCSR000AEJ	Homo sapiens GM12878	1	RPPH1		0
ENCFF497MNY	ENCSR000AEJ	Homo sapiens GM12878	1	RNU6-7	U6	14
ENCFF497MNY	ENCSR000AEJ	Homo sapiens GM12878	1	RNU6-8	U6	14
ENCFF497MNY	ENCSR000AEJ	Homo sapiens GM12878	1	RN7SL1		0
ENCFF497MNY	ENCSR000AEJ	Homo sapiens GM12878	1	RN7SL2		39
ENCFF497MNY	ENCSR000AEJ	Homo sapiens GM12878	1	RNU5A-1	U5	5802581
ENCFF497MNY	ENCSR000AEJ	Homo sapiens GM12878	1	RNU5B-1	U5	298121
ENCFF497MNY	ENCSR000AEJ	Homo sapiens GM12878	1	RNU6-1	U6	44
ENCFF497MNY	ENCSR000AEJ	Homo sapiens GM12878	1	RNU2-1	U2	0
ENCFF497MNY	ENCSR000AEJ	Homo sapiens GM12878	1	RNU6-9	U6	70
ENCFF497MNY	ENCSR000AEJ	Homo sapiens GM12878	1	RNU6-2	U6	89
ENCFF497MNY	ENCSR000AEJ	Homo sapiens GM12878	1	RNU12	U12	0
ENCFF333QCW	ENCSR000AEJ	Homo sapiens GM12878	2	RNU5E-1	U5	21957
ENCFF333QCW	ENCSR000AEJ	Homo sapiens GM12878	2	RNU1-1	U1	0
ENCFF333QCW	ENCSR000AEJ	Homo sapiens GM12878	2	RNU1-3	U1	0
ENCFF333QCW	ENCSR000AEJ	Homo sapiens GM12878	2	RNU1-4	U1	0
ENCFF333QCW	ENCSR000AEJ	Homo sapiens GM12878	2	RNU1-2	U1	1
ENCFF333QCW	ENCSR000AEJ	Homo sapiens GM12878	2	RNU11	U11	0
ENCFF333QCW	ENCSR000AEJ	Homo sapiens GM12878	2	RNU5F-1	U5	5388
ENCFF333QCW	ENCSR000AEJ	Homo sapiens GM12878	2	RNU5D-1	U5	3438
ENCFF333QCW	ENCSR000AEJ	Homo sapiens GM12878	2	RNU4ATAC	U4atac	3272
ENCFF333QCW	ENCSR000AEJ	Homo sapiens GM12878	2	RMRP		0
ENCFF333QCW	ENCSR000AEJ	Homo sapiens GM12878	2	RNU6ATAC	U6atac	72
ENCFF333QCW	ENCSR000AEJ	Homo sapiens GM12878	2	RNU2-2P	U2	0
ENCFF333QCW	ENCSR000AEJ	Homo sapiens GM12878	2	RNU7-1	U7	0
ENCFF333QCW	ENCSR000AEJ	Homo sapiens GM12878	2	RNU4-2	U4	4816
ENCFF333QCW	ENCSR000AEJ	Homo sapiens GM12878	2	RNU4-1	U4	25227
ENCFF333QCW	ENCSR000AEJ	Homo sapiens GM12878	2	RPPH1		0
ENCFF333QCW	ENCSR000AEJ	Homo sapiens GM12878	2	RNU6-7	U6	8
ENCFF333QCW	ENCSR000AEJ	Homo sapiens GM12878	2	RNU6-8	U6	7
ENCFF333QCW	ENCSR000AEJ	Homo sapiens GM12878	2	RN7SL1		0
ENCFF333QCW	ENCSR000AEJ	Homo sapiens GM12878	2	RN7SL2		12
ENCFF333QCW	ENCSR000AEJ	Homo sapiens GM12878	2	RNU5A-1	U5	1798390
ENCFF333QCW	ENCSR000AEJ	Homo sapiens GM12878	2	RNU5B-1	U5	64145
ENCFF333QCW	ENCSR000AEJ	Homo sapiens GM12878	2	RNU6-1	U6	36
ENCFF333QCW	ENCSR000AEJ	Homo sapiens GM12878	2	RNU2-1	U2	0
ENCFF333QCW	ENCSR000AEJ	Homo sapiens GM12878	2	RNU6-9	U6	81
ENCFF333QCW	ENCSR000AEJ	Homo sapiens GM12878	2	RNU6-2	U6	96
ENCFF333QCW	ENCSR000AEJ	Homo sapiens GM12878	2	RNU12	U12	0
ENCFF420GIX	ENCSR000AGE	Homo sapiens thyroid gland tissue female embryo (37 weeks) and female embryo (40 weeks)	1	RNU5E-1	U5	29378
ENCFF420GIX	ENCSR000AGE	Homo sapiens thyroid gland tissue female embryo (37 weeks) and female embryo (40 weeks)	1	RNU1-1	U1	3
ENCFF420GIX	ENCSR000AGE	Homo sapiens thyroid gland tissue female embryo (37 weeks) and female embryo (40 weeks)	1	RNU1-3	U1	0
ENCFF420GIX	ENCSR000AGE	Homo sapiens thyroid gland tissue female embryo (37 weeks) and female embryo (40 weeks)	1	RNU1-4	U1	0
ENCFF420GIX	ENCSR000AGE	Homo sapiens thyroid gland tissue female embryo (37 weeks) and female embryo (40 weeks)	1	RNU1-2	U1	0
ENCFF420GIX	ENCSR000AGE	Homo sapiens thyroid gland tissue female embryo (37 weeks) and female embryo (40 weeks)	1	RNU11	U11	1
ENCFF420GIX	ENCSR000AGE	Homo sapiens thyroid gland tissue female embryo (37 weeks) and female embryo (40 weeks)	1	RNU5F-1	U5	835
ENCFF420GIX	ENCSR000AGE	Homo sapiens thyroid gland tissue female embryo (37 weeks) and female embryo (40 weeks)	1	RNU5D-1	U5	183
ENCFF420GIX	ENCSR000AGE	Homo sapiens thyroid gland tissue female embryo (37 weeks) and female embryo (40 weeks)	1	RNU4ATAC	U4atac	83851
ENCFF420GIX	ENCSR000AGE	Homo sapiens thyroid gland tissue female embryo (37 weeks) and female embryo (40 weeks)	1	RMRP		0
ENCFF420GIX	ENCSR000AGE	Homo sapiens thyroid gland tissue female embryo (37 weeks) and female embryo (40 weeks)	1	RNU6ATAC	U6atac	294
ENCFF420GIX	ENCSR000AGE	Homo sapiens thyroid gland tissue female embryo (37 weeks) and female embryo (40 weeks)	1	RNU2-2P	U2	0
ENCFF420GIX	ENCSR000AGE	Homo sapiens thyroid gland tissue female embryo (37 weeks) and female embryo (40 weeks)	1	RNU7-1	U7	0
ENCFF420GIX	ENCSR000AGE	Homo sapiens thyroid gland tissue female embryo (37 weeks) and female embryo (40 weeks)	1	RNU4-2	U4	68816
ENCFF420GIX	ENCSR000AGE	Homo sapiens thyroid gland tissue female embryo (37 weeks) and female embryo (40 weeks)	1	RNU4-1	U4	26399
ENCFF420GIX	ENCSR000AGE	Homo sapiens thyroid gland tissue female embryo (37 weeks) and female embryo (40 weeks)	1	RPPH1		0
ENCFF420GIX	ENCSR000AGE	Homo sapiens thyroid gland tissue female embryo (37 weeks) and female embryo (40 weeks)	1	RNU6-7	U6	3
ENCFF420GIX	ENCSR000AGE	Homo sapiens thyroid gland tissue female embryo (37 weeks) and female embryo (40 weeks)	1	RNU6-8	U6	0
ENCFF420GIX	ENCSR000AGE	Homo sapiens thyroid gland tissue female embryo (37 weeks) and female embryo (40 weeks)	1	RN7SL1		0
ENCFF420GIX	ENCSR000AGE	Homo sapiens thyroid gland tissue female embryo (37 weeks) and female embryo (40 weeks)	1	RN7SL2		11964
ENCFF420GIX	ENCSR000AGE	Homo sapiens thyroid gland tissue female embryo (37 weeks) and female embryo (40 weeks)	1	RNU5A-1	U5	13354971
ENCFF420GIX	ENCSR000AGE	Homo sapiens thyroid gland tissue female embryo (37 weeks) and female embryo (40 weeks)	1	RNU5B-1	U5	2412553
ENCFF420GIX	ENCSR000AGE	Homo sapiens thyroid gland tissue female embryo (37 weeks) and female embryo (40 weeks)	1	RNU6-1	U6	3
ENCFF420GIX	ENCSR000AGE	Homo sapiens thyroid gland tissue female embryo (37 weeks) and female embryo (40 weeks)	1	RNU2-1	U2	0
ENCFF420GIX	ENCSR000AGE	Homo sapiens thyroid gland tissue female embryo (37 weeks) and female embryo (40 weeks)	1	RNU6-9	U6	1
ENCFF420GIX	ENCSR000AGE	Homo sapiens thyroid gland tissue female embryo (37 weeks) and female embryo (40 weeks)	1	RNU6-2	U6	11
ENCFF420GIX	ENCSR000AGE	Homo sapiens thyroid gland tissue female embryo (37 weeks) and female embryo (40 weeks)	1	RNU12	U12	0
ENCFF857CMU	ENCSR000AGE	Homo sapiens thyroid gland tissue female embryo (37 weeks) and female embryo (40 weeks)	2	RNU5E-1	U5	56112
ENCFF857CMU	ENCSR000AGE	Homo sapiens thyroid gland tissue female embryo (37 weeks) and female embryo (40 weeks)	2	RNU1-1	U1	7
ENCFF857CMU	ENCSR000AGE	Homo sapiens thyroid gland tissue female embryo (37 weeks) and female embryo (40 weeks)	2	RNU1-3	U1	0
ENCFF857CMU	ENCSR000AGE	Homo sapiens thyroid gland tissue female embryo (37 weeks) and female embryo (40 weeks)	2	RNU1-4	U1	0
ENCFF857CMU	ENCSR000AGE	Homo sapiens thyroid gland tissue female embryo (37 weeks) and female embryo (40 weeks)	2	RNU1-2	U1	2
ENCFF857CMU	ENCSR000AGE	Homo sapiens thyroid gland tissue female embryo (37 weeks) and female embryo (40 weeks)	2	RNU11	U11	0
ENCFF857CMU	ENCSR000AGE	Homo sapiens thyroid gland tissue female embryo (37 weeks) and female embryo (40 weeks)	2	RNU5F-1	U5	222
ENCFF857CMU	ENCSR000AGE	Homo sapiens thyroid gland tissue female embryo (37 weeks) and female embryo (40 weeks)	2	RNU5D-1	U5	413
ENCFF857CMU	ENCSR000AGE	Homo sapiens thyroid gland tissue female embryo (37 weeks) and female embryo (40 weeks)	2	RNU4ATAC	U4atac	46432
ENCFF857CMU	ENCSR000AGE	Homo sapiens thyroid gland tissue female embryo (37 weeks) and female embryo (40 weeks)	2	RMRP		0
ENCFF857CMU	ENCSR000AGE	Homo sapiens thyroid gland tissue female embryo (37 weeks) and female embryo (40 weeks)	2	RNU6ATAC	U6atac	174
ENCFF857CMU	ENCSR000AGE	Homo sapiens thyroid gland tissue female embryo (37 weeks) and female embryo (40 weeks)	2	RNU2-2P	U2	0
ENCFF857CMU	ENCSR000AGE	Homo sapiens thyroid gland tissue female embryo (37 weeks) and female embryo (40 weeks)	2	RNU7-1	U7	0
ENCFF857CMU	ENCSR000AGE	Homo sapiens thyroid gland tissue female embryo (37 weeks) and female embryo (40 weeks)	2	RNU4-2	U4	70201
ENCFF857CMU	ENCSR000AGE	Homo sapiens thyroid gland tissue female embryo (37 weeks) and female embryo (40 weeks)	2	RNU4-1	U4	33433
ENCFF857CMU	ENCSR000AGE	Homo sapiens thyroid gland tissue female embryo (37 weeks) and female embryo (40 weeks)	2	RPPH1		0
ENCFF857CMU	ENCSR000AGE	Homo sapiens thyroid gland tissue female embryo (37 weeks) and female embryo (40 weeks)	2	RNU6-7	U6	0
ENCFF857CMU	ENCSR000AGE	Homo sapiens thyroid gland tissue female embryo (37 weeks) and female embryo (40 weeks)	2	RNU6-8	U6	1
ENCFF857CMU	ENCSR000AGE	Homo sapiens thyroid gland tissue female embryo (37 weeks) and female embryo (40 weeks)	2	RN7SL1		0
ENCFF857CMU	ENCSR000AGE	Homo sapiens thyroid gland tissue female embryo (37 weeks) and female embryo (40 weeks)	2	RN7SL2		141
ENCFF857CMU	ENCSR000AGE	Homo sapiens thyroid gland tissue female embryo (37 weeks) and female embryo (40 weeks)	2	RNU5A-1	U5	17237825
ENCFF857CMU	ENCSR000AGE	Homo sapiens thyroid gland tissue female embryo (37 weeks) and female embryo (40 weeks)	2	RNU5B-1	U5	1789636
ENCFF857CMU	ENCSR000AGE	Homo sapiens thyroid gland tissue female embryo (37 weeks) and female embryo (40 weeks)	2	RNU6-1	U6	18
ENCFF857CMU	ENCSR000AGE	Homo sapiens thyroid gland tissue female embryo (37 weeks) and female embryo (40 weeks)	2	RNU2-1	U2	0
ENCFF857CMU	ENCSR000AGE	Homo sapiens thyroid gland tissue female embryo (37 weeks) and female embryo (40 weeks)	2	RNU6-9	U6	5
ENCFF857CMU	ENCSR000AGE	Homo sapiens thyroid gland tissue female embryo (37 weeks) and female embryo (40 weeks)	2	RNU6-2	U6	35
ENCFF857CMU	ENCSR000AGE	Homo sapiens thyroid gland tissue female embryo (37 weeks) and female embryo (40 weeks)	2	RNU12	U12	0
ENCFF206SHD	ENCSR000AFZ	Homo sapiens skeletal muscle tissue tissue female embryo (19 weeks) and male embryo (22 weeks)	1	RNU5E-1	U5	39612
ENCFF206SHD	ENCSR000AFZ	Homo sapiens skeletal muscle tissue tissue female embryo (19 weeks) and male embryo (22 weeks)	1	RNU1-1	U1	3
ENCFF206SHD	ENCSR000AFZ	Homo sapiens skeletal muscle tissue tissue female embryo (19 weeks) and male embryo (22 weeks)	1	RNU1-3	U1	0
ENCFF206SHD	ENCSR000AFZ	Homo sapiens skeletal muscle tissue tissue female embryo (19 weeks) and male embryo (22 weeks)	1	RNU1-4	U1	0
ENCFF206SHD	ENCSR000AFZ	Homo sapiens skeletal muscle tissue tissue female embryo (19 weeks) and male embryo (22 weeks)	1	RNU1-2	U1	0
ENCFF206SHD	ENCSR000AFZ	Homo sapiens skeletal muscle tissue tissue female embryo (19 weeks) and male embryo (22 weeks)	1	RNU11	U11	0
ENCFF206SHD	ENCSR000AFZ	Homo sapiens skeletal muscle tissue tissue female embryo (19 weeks) and male embryo (22 weeks)	1	RNU5F-1	U5	232
ENCFF206SHD	ENCSR000AFZ	Homo sapiens skeletal muscle tissue tissue female embryo (19 weeks) and male embryo (22 weeks)	1	RNU5D-1	U5	1059
ENCFF206SHD	ENCSR000AFZ	Homo sapiens skeletal muscle tissue tissue female embryo (19 weeks) and male embryo (22 weeks)	1	RNU4ATAC	U4atac	30648
ENCFF206SHD	ENCSR000AFZ	Homo sapiens skeletal muscle tissue tissue female embryo (19 weeks) and male embryo (22 weeks)	1	RMRP		0
ENCFF206SHD	ENCSR000AFZ	Homo sapiens skeletal muscle tissue tissue female embryo (19 weeks) and male embryo (22 weeks)	1	RNU6ATAC	U6atac	486
ENCFF206SHD	ENCSR000AFZ	Homo sapiens skeletal muscle tissue tissue female embryo (19 weeks) and male embryo (22 weeks)	1	RNU2-2P	U2	0
ENCFF206SHD	ENCSR000AFZ	Homo sapiens skeletal muscle tissue tissue female embryo (19 weeks) and male embryo (22 weeks)	1	RNU7-1	U7	0
ENCFF206SHD	ENCSR000AFZ	Homo sapiens skeletal muscle tissue tissue female embryo (19 weeks) and male embryo (22 weeks)	1	RNU4-2	U4	40931
ENCFF206SHD	ENCSR000AFZ	Homo sapiens skeletal muscle tissue tissue female embryo (19 weeks) and male embryo (22 weeks)	1	RNU4-1	U4	15084
ENCFF206SHD	ENCSR000AFZ	Homo sapiens skeletal muscle tissue tissue female embryo (19 weeks) and male embryo (22 weeks)	1	RPPH1		0
ENCFF206SHD	ENCSR000AFZ	Homo sapiens skeletal muscle tissue tissue female embryo (19 weeks) and male embryo (22 weeks)	1	RNU6-7	U6	32
ENCFF206SHD	ENCSR000AFZ	Homo sapiens skeletal muscle tissue tissue female embryo (19 weeks) and male embryo (22 weeks)	1	RNU6-8	U6	2
ENCFF206SHD	ENCSR000AFZ	Homo sapiens skeletal muscle tissue tissue female embryo (19 weeks) and male embryo (22 weeks)	1	RN7SL1		0
ENCFF206SHD	ENCSR000AFZ	Homo sapiens skeletal muscle tissue tissue female embryo (19 weeks) and male embryo (22 weeks)	1	RN7SL2		113
ENCFF206SHD	ENCSR000AFZ	Homo sapiens skeletal muscle tissue tissue female embryo (19 weeks) and male embryo (22 weeks)	1	RNU5A-1	U5	16328372
ENCFF206SHD	ENCSR000AFZ	Homo sapiens skeletal muscle tissue tissue female embryo (19 weeks) and male embryo (22 weeks)	1	RNU5B-1	U5	2850866
ENCFF206SHD	ENCSR000AFZ	Homo sapiens skeletal muscle tissue tissue female embryo (19 weeks) and male embryo (22 weeks)	1	RNU6-1	U6	5
ENCFF206SHD	ENCSR000AFZ	Homo sapiens skeletal muscle tissue tissue female embryo (19 weeks) and male embryo (22 weeks)	1	RNU2-1	U2	0
ENCFF206SHD	ENCSR000AFZ	Homo sapiens skeletal muscle tissue tissue female embryo (19 weeks) and male embryo (22 weeks)	1	RNU6-9	U6	3
ENCFF206SHD	ENCSR000AFZ	Homo sapiens skeletal muscle tissue tissue female embryo (19 weeks) and male embryo (22 weeks)	1	RNU6-2	U6	13
ENCFF206SHD	ENCSR000AFZ	Homo sapiens skeletal muscle tissue tissue female embryo (19 weeks) and male embryo (22 weeks)	1	RNU12	U12	0
ENCFF306DTG	ENCSR000AFZ	Homo sapiens skeletal muscle tissue tissue female embryo (19 weeks) and male embryo (22 weeks)	2	RNU5E-1	U5	25073
ENCFF306DTG	ENCSR000AFZ	Homo sapiens skeletal muscle tissue tissue female embryo (19 weeks) and male embryo (22 weeks)	2	RNU1-1	U1	0
ENCFF306DTG	ENCSR000AFZ	Homo sapiens skeletal muscle tissue tissue female embryo (19 weeks) and male embryo (22 weeks)	2	RNU1-3	U1	0
ENCFF306DTG	ENCSR000AFZ	Homo sapiens skeletal muscle tissue tissue female embryo (19 weeks) and male embryo (22 weeks)	2	RNU1-4	U1	0
ENCFF306DTG	ENCSR000AFZ	Homo sapiens skeletal muscle tissue tissue female embryo (19 weeks) and male embryo (22 weeks)	2	RNU1-2	U1	0
ENCFF306DTG	ENCSR000AFZ	Homo sapiens skeletal muscle tissue tissue female embryo (19 weeks) and male embryo (22 weeks)	2	RNU11	U11	0
ENCFF306DTG	ENCSR000AFZ	Homo sapiens skeletal muscle tissue tissue female embryo (19 weeks) and male embryo (22 weeks)	2	RNU5F-1	U5	156
ENCFF306DTG	ENCSR000AFZ	Homo sapiens skeletal muscle tissue tissue female embryo (19 weeks) and male embryo (22 weeks)	2	RNU5D-1	U5	714
ENCFF306DTG	ENCSR000AFZ	Homo sapiens skeletal muscle tissue tissue female embryo (19 weeks) and male embryo (22 weeks)	2	RNU4ATAC	U4atac	33508
ENCFF306DTG	ENCSR000AFZ	Homo sapiens skeletal muscle tissue tissue female embryo (19 weeks) and male embryo (22 weeks)	2	RMRP		0
ENCFF306DTG	ENCSR000AFZ	Homo sapiens skeletal muscle tissue tissue female embryo (19 weeks) and male embryo (22 weeks)	2	RNU6ATAC	U6atac	148
ENCFF306DTG	ENCSR000AFZ	Homo sapiens skeletal muscle tissue tissue female embryo (19 weeks) and male embryo (22 weeks)	2	RNU2-2P	U2	0
ENCFF306DTG	ENCSR000AFZ	Homo sapiens skeletal muscle tissue tissue female embryo (19 weeks) and male embryo (22 weeks)	2	RNU7-1	U7	0
ENCFF306DTG	ENCSR000AFZ	Homo sapiens skeletal muscle tissue tissue female embryo (19 weeks) and male embryo (22 weeks)	2	RNU4-2	U4	26160
ENCFF306DTG	ENCSR000AFZ	Homo sapiens skeletal muscle tissue tissue female embryo (19 weeks) and male embryo (22 weeks)	2	RNU4-1	U4	6872
ENCFF306DTG	ENCSR000AFZ	Homo sapiens skeletal muscle tissue tissue female embryo (19 weeks) and male embryo (22 weeks)	2	RPPH1		0
ENCFF306DTG	ENCSR000AFZ	Homo sapiens skeletal muscle tissue tissue female embryo (19 weeks) and male embryo (22 weeks)	2	RNU6-7	U6	45
ENCFF306DTG	ENCSR000AFZ	Homo sapiens skeletal muscle tissue tissue female embryo (19 weeks) and male embryo (22 weeks)	2	RNU6-8	U6	0
ENCFF306DTG	ENCSR000AFZ	Homo sapiens skeletal muscle tissue tissue female embryo (19 weeks) and male embryo (22 weeks)	2	RN7SL1		0
ENCFF306DTG	ENCSR000AFZ	Homo sapiens skeletal muscle tissue tissue female embryo (19 weeks) and male embryo (22 weeks)	2	RN7SL2		797
ENCFF306DTG	ENCSR000AFZ	Homo sapiens skeletal muscle tissue tissue female embryo (19 weeks) and male embryo (22 weeks)	2	RNU5A-1	U5	10582618
ENCFF306DTG	ENCSR000AFZ	Homo sapiens skeletal muscle tissue tissue female embryo (19 weeks) and male embryo (22 weeks)	2	RNU5B-1	U5	2082205
ENCFF306DTG	ENCSR000AFZ	Homo sapiens skeletal muscle tissue tissue female embryo (19 weeks) and male embryo (22 weeks)	2	RNU6-1	U6	6
ENCFF306DTG	ENCSR000AFZ	Homo sapiens skeletal muscle tissue tissue female embryo (19 weeks) and male embryo (22 weeks)	2	RNU2-1	U2	0
ENCFF306DTG	ENCSR000AFZ	Homo sapiens skeletal muscle tissue tissue female embryo (19 weeks) and male embryo (22 weeks)	2	RNU6-9	U6	2
ENCFF306DTG	ENCSR000AFZ	Homo sapiens skeletal muscle tissue tissue female embryo (19 weeks) and male embryo (22 weeks)	2	RNU6-2	U6	6
ENCFF306DTG	ENCSR000AFZ	Homo sapiens skeletal muscle tissue tissue female embryo (19 weeks) and male embryo (22 weeks)	2	RNU12	U12	0
ENCFF835GQJ	ENCSR000AFT	Homo sapiens heart tissue female embryo (19 weeks) and female embryo (28 weeks)	1	RNU5E-1	U5	113044
ENCFF835GQJ	ENCSR000AFT	Homo sapiens heart tissue female embryo (19 weeks) and female embryo (28 weeks)	1	RNU1-1	U1	3
ENCFF835GQJ	ENCSR000AFT	Homo sapiens heart tissue female embryo (19 weeks) and female embryo (28 weeks)	1	RNU1-3	U1	0
ENCFF835GQJ	ENCSR000AFT	Homo sapiens heart tissue female embryo (19 weeks) and female embryo (28 weeks)	1	RNU1-4	U1	0
ENCFF835GQJ	ENCSR000AFT	Homo sapiens heart tissue female embryo (19 weeks) and female embryo (28 weeks)	1	RNU1-2	U1	0
ENCFF835GQJ	ENCSR000AFT	Homo sapiens heart tissue female embryo (19 weeks) and female embryo (28 weeks)	1	RNU11	U11	0
ENCFF835GQJ	ENCSR000AFT	Homo sapiens heart tissue female embryo (19 weeks) and female embryo (28 weeks)	1	RNU5F-1	U5	114
ENCFF835GQJ	ENCSR000AFT	Homo sapiens heart tissue female embryo (19 weeks) and female embryo (28 weeks)	1	RNU5D-1	U5	849
ENCFF835GQJ	ENCSR000AFT	Homo sapiens heart tissue female embryo (19 weeks) and female embryo (28 weeks)	1	RNU4ATAC	U4atac	28546
ENCFF835GQJ	ENCSR000AFT	Homo sapiens heart tissue female embryo (19 weeks) and female embryo (28 weeks)	1	RMRP		0
ENCFF835GQJ	ENCSR000AFT	Homo sapiens heart tissue female embryo (19 weeks) and female embryo (28 weeks)	1	RNU6ATAC	U6atac	349
ENCFF835GQJ	ENCSR000AFT	Homo sapiens heart tissue female embryo (19 weeks) and female embryo (28 weeks)	1	RNU2-2P	U2	0
ENCFF835GQJ	ENCSR000AFT	Homo sapiens heart tissue female embryo (19 weeks) and female embryo (28 weeks)	1	RNU7-1	U7	0
ENCFF835GQJ	ENCSR000AFT	Homo sapiens heart tissue female embryo (19 weeks) and female embryo (28 weeks)	1	RNU4-2	U4	81026
ENCFF835GQJ	ENCSR000AFT	Homo sapiens heart tissue female embryo (19 weeks) and female embryo (28 weeks)	1	RNU4-1	U4	20727
ENCFF835GQJ	ENCSR000AFT	Homo sapiens heart tissue female embryo (19 weeks) and female embryo (28 weeks)	1	RPPH1		0
ENCFF835GQJ	ENCSR000AFT	Homo sapiens heart tissue female embryo (19 weeks) and female embryo (28 weeks)	1	RNU6-7	U6	20
ENCFF835GQJ	ENCSR000AFT	Homo sapiens heart tissue female embryo (19 weeks) and female embryo (28 weeks)	1	RNU6-8	U6	0
ENCFF835GQJ	ENCSR000AFT	Homo sapiens heart tissue female embryo (19 weeks) and female embryo (28 weeks)	1	RN7SL1		0
ENCFF835GQJ	ENCSR000AFT	Homo sapiens heart tissue female embryo (19 weeks) and female embryo (28 weeks)	1	RN7SL2		62
ENCFF835GQJ	ENCSR000AFT	Homo sapiens heart tissue female embryo (19 weeks) and female embryo (28 weeks)	1	RNU5A-1	U5	12546730
ENCFF835GQJ	ENCSR000AFT	Homo sapiens heart tissue female embryo (19 weeks) and female embryo (28 weeks)	1	RNU5B-1	U5	2642778
ENCFF835GQJ	ENCSR000AFT	Homo sapiens heart tissue female embryo (19 weeks) and female embryo (28 weeks)	1	RNU6-1	U6	3
ENCFF835GQJ	ENCSR000AFT	Homo sapiens heart tissue female embryo (19 weeks) and female embryo (28 weeks)	1	RNU2-1	U2	0
ENCFF835GQJ	ENCSR000AFT	Homo sapiens heart tissue female embryo (19 weeks) and female embryo (28 weeks)	1	RNU6-9	U6	3
ENCFF835GQJ	ENCSR000AFT	Homo sapiens heart tissue female embryo (19 weeks) and female embryo (28 weeks)	1	RNU6-2	U6	25
ENCFF835GQJ	ENCSR000AFT	Homo sapiens heart tissue female embryo (19 weeks) and female embryo (28 weeks)	1	RNU12	U12	0
ENCFF498NLK	ENCSR000AFT	Homo sapiens heart tissue female embryo (19 weeks) and female embryo (28 weeks)	2	RNU5E-1	U5	66453
ENCFF498NLK	ENCSR000AFT	Homo sapiens heart tissue female embryo (19 weeks) and female embryo (28 weeks)	2	RNU1-1	U1	9
ENCFF498NLK	ENCSR000AFT	Homo sapiens heart tissue female embryo (19 weeks) and female embryo (28 weeks)	2	RNU1-3	U1	0
ENCFF498NLK	ENCSR000AFT	Homo sapiens heart tissue female embryo (19 weeks) and female embryo (28 weeks)	2	RNU1-4	U1	0
ENCFF498NLK	ENCSR000AFT	Homo sapiens heart tissue female embryo (19 weeks) and female embryo (28 weeks)	2	RNU1-2	U1	3
ENCFF498NLK	ENCSR000AFT	Homo sapiens heart tissue female embryo (19 weeks) and female embryo (28 weeks)	2	RNU11	U11	0
ENCFF498NLK	ENCSR000AFT	Homo sapiens heart tissue female embryo (19 weeks) and female embryo (28 weeks)	2	RNU5F-1	U5	844
ENCFF498NLK	ENCSR000AFT	Homo sapiens heart tissue female embryo (19 weeks) and female embryo (28 weeks)	2	RNU5D-1	U5	1304
ENCFF498NLK	ENCSR000AFT	Homo sapiens heart tissue female embryo (19 weeks) and female embryo (28 weeks)	2	RNU4ATAC	U4atac	103072
ENCFF498NLK	ENCSR000AFT	Homo sapiens heart tissue female embryo (19 weeks) and female embryo (28 weeks)	2	RMRP		1
ENCFF498NLK	ENCSR000AFT	Homo sapiens heart tissue female embryo (19 weeks) and female embryo (28 weeks)	2	RNU6ATAC	U6atac	148
ENCFF498NLK	ENCSR000AFT	Homo sapiens heart tissue female embryo (19 weeks) and female embryo (28 weeks)	2	RNU2-2P	U2	0
ENCFF498NLK	ENCSR000AFT	Homo sapiens heart tissue female embryo (19 weeks) and female embryo (28 weeks)	2	RNU7-1	U7	0
ENCFF498NLK	ENCSR000AFT	Homo sapiens heart tissue female embryo (19 weeks) and female embryo (28 weeks)	2	RNU4-2	U4	66598
ENCFF498NLK	ENCSR000AFT	Homo sapiens heart tissue female embryo (19 weeks) and female embryo (28 weeks)	2	RNU4-1	U4	41250
ENCFF498NLK	ENCSR000AFT	Homo sapiens heart tissue female embryo (19 weeks) and female embryo (28 weeks)	2	RPPH1		0
ENCFF498NLK	ENCSR000AFT	Homo sapiens heart tissue female embryo (19 weeks) and female embryo (28 weeks)	2	RNU6-7	U6	115
ENCFF498NLK	ENCSR000AFT	Homo sapiens heart tissue female embryo (19 weeks) and female embryo (28 weeks)	2	RNU6-8	U6	1
ENCFF498NLK	ENCSR000AFT	Homo sapiens heart tissue female embryo (19 weeks) and female embryo (28 weeks)	2	RN7SL1		0
ENCFF498NLK	ENCSR000AFT	Homo sapiens heart tissue female embryo (19 weeks) and female embryo (28 weeks)	2	RN7SL2		116
ENCFF498NLK	ENCSR000AFT	Homo sapiens heart tissue female embryo (19 weeks) and female embryo (28 weeks)	2	RNU5A-1	U5	17284625
ENCFF498NLK	ENCSR000AFT	Homo sapiens heart tissue female embryo (19 weeks) and female embryo (28 weeks)	2	RNU5B-1	U5	2833736
ENCFF498NLK	ENCSR000AFT	Homo sapiens heart tissue female embryo (19 weeks) and female embryo (28 weeks)	2	RNU6-1	U6	16
ENCFF498NLK	ENCSR000AFT	Homo sapiens heart tissue female embryo (19 weeks) and female embryo (28 weeks)	2	RNU2-1	U2	0
ENCFF498NLK	ENCSR000AFT	Homo sapiens heart tissue female embryo (19 weeks) and female embryo (28 weeks)	2	RNU6-9	U6	6
ENCFF498NLK	ENCSR000AFT	Homo sapiens heart tissue female embryo (19 weeks) and female embryo (28 weeks)	2	RNU6-2	U6	34
ENCFF498NLK	ENCSR000AFT	Homo sapiens heart tissue female embryo (19 weeks) and female embryo (28 weeks)	2	RNU12	U12	0
ENCFF780KDV	ENCSR000AFR	Homo sapiens diencephalon tissue female embryo (20 weeks) and male embryo (22 weeks)	1	RNU5E-1	U5	57147
ENCFF780KDV	ENCSR000AFR	Homo sapiens diencephalon tissue female embryo (20 weeks) and male embryo (22 weeks)	1	RNU1-1	U1	2
ENCFF780KDV	ENCSR000AFR	Homo sapiens diencephalon tissue female embryo (20 weeks) and male embryo (22 weeks)	1	RNU1-3	U1	0
ENCFF780KDV	ENCSR000AFR	Homo sapiens diencephalon tissue female embryo (20 weeks) and male embryo (22 weeks)	1	RNU1-4	U1	0
ENCFF780KDV	ENCSR000AFR	Homo sapiens diencephalon tissue female embryo (20 weeks) and male embryo (22 weeks)	1	RNU1-2	U1	0
ENCFF780KDV	ENCSR000AFR	Homo sapiens diencephalon tissue female embryo (20 weeks) and male embryo (22 weeks)	1	RNU11	U11	0
ENCFF780KDV	ENCSR000AFR	Homo sapiens diencephalon tissue female embryo (20 weeks) and male embryo (22 weeks)	1	RNU5F-1	U5	74
ENCFF780KDV	ENCSR000AFR	Homo sapiens diencephalon tissue female embryo (20 weeks) and male embryo (22 weeks)	1	RNU5D-1	U5	840
ENCFF780KDV	ENCSR000AFR	Homo sapiens diencephalon tissue female embryo (20 weeks) and male embryo (22 weeks)	1	RNU4ATAC	U4atac	50179
ENCFF780KDV	ENCSR000AFR	Homo sapiens diencephalon tissue female embryo (20 weeks) and male embryo (22 weeks)	1	RMRP		0
ENCFF780KDV	ENCSR000AFR	Homo sapiens diencephalon tissue female embryo (20 weeks) and male embryo (22 weeks)	1	RNU6ATAC	U6atac	443
ENCFF780KDV	ENCSR000AFR	Homo sapiens diencephalon tissue female embryo (20 weeks) and male embryo (22 weeks)	1	RNU2-2P	U2	0
ENCFF780KDV	ENCSR000AFR	Homo sapiens diencephalon tissue female embryo (20 weeks) and male embryo (22 weeks)	1	RNU7-1	U7	0
ENCFF780KDV	ENCSR000AFR	Homo sapiens diencephalon tissue female embryo (20 weeks) and male embryo (22 weeks)	1	RNU4-2	U4	50395
ENCFF780KDV	ENCSR000AFR	Homo sapiens diencephalon tissue female embryo (20 weeks) and male embryo (22 weeks)	1	RNU4-1	U4	13331
ENCFF780KDV	ENCSR000AFR	Homo sapiens diencephalon tissue female embryo (20 weeks) and male embryo (22 weeks)	1	RPPH1		0
ENCFF780KDV	ENCSR000AFR	Homo sapiens diencephalon tissue female embryo (20 weeks) and male embryo (22 weeks)	1	RNU6-7	U6	21
ENCFF780KDV	ENCSR000AFR	Homo sapiens diencephalon tissue female embryo (20 weeks) and male embryo (22 weeks)	1	RNU6-8	U6	0
ENCFF780KDV	ENCSR000AFR	Homo sapiens diencephalon tissue female embryo (20 weeks) and male embryo (22 weeks)	1	RN7SL1		0
ENCFF780KDV	ENCSR000AFR	Homo sapiens diencephalon tissue female embryo (20 weeks) and male embryo (22 weeks)	1	RN7SL2		351
ENCFF780KDV	ENCSR000AFR	Homo sapiens diencephalon tissue female embryo (20 weeks) and male embryo (22 weeks)	1	RNU5A-1	U5	15778651
ENCFF780KDV	ENCSR000AFR	Homo sapiens diencephalon tissue female embryo (20 weeks) and male embryo (22 weeks)	1	RNU5B-1	U5	5342521
ENCFF780KDV	ENCSR000AFR	Homo sapiens diencephalon tissue female embryo (20 weeks) and male embryo (22 weeks)	1	RNU6-1	U6	2
ENCFF780KDV	ENCSR000AFR	Homo sapiens diencephalon tissue female embryo (20 weeks) and male embryo (22 weeks)	1	RNU2-1	U2	0
ENCFF780KDV	ENCSR000AFR	Homo sapiens diencephalon tissue female embryo (20 weeks) and male embryo (22 weeks)	1	RNU6-9	U6	1
ENCFF780KDV	ENCSR000AFR	Homo sapiens diencephalon tissue female embryo (20 weeks) and male embryo (22 weeks)	1	RNU6-2	U6	7
ENCFF780KDV	ENCSR000AFR	Homo sapiens diencephalon tissue female embryo (20 weeks) and male embryo (22 weeks)	1	RNU12	U12	0
ENCFF776MTF	ENCSR000AFR	Homo sapiens diencephalon tissue female embryo (20 weeks) and male embryo (22 weeks)	2	RNU5E-1	U5	98609
ENCFF776MTF	ENCSR000AFR	Homo sapiens diencephalon tissue female embryo (20 weeks) and male embryo (22 weeks)	2	RNU1-1	U1	2
ENCFF776MTF	ENCSR000AFR	Homo sapiens diencephalon tissue female embryo (20 weeks) and male embryo (22 weeks)	2	RNU1-3	U1	0
ENCFF776MTF	ENCSR000AFR	Homo sapiens diencephalon tissue female embryo (20 weeks) and male embryo (22 weeks)	2	RNU1-4	U1	0
ENCFF776MTF	ENCSR000AFR	Homo sapiens diencephalon tissue female embryo (20 weeks) and male embryo (22 weeks)	2	RNU1-2	U1	0
ENCFF776MTF	ENCSR000AFR	Homo sapiens diencephalon tissue female embryo (20 weeks) and male embryo (22 weeks)	2	RNU11	U11	0
ENCFF776MTF	ENCSR000AFR	Homo sapiens diencephalon tissue female embryo (20 weeks) and male embryo (22 weeks)	2	RNU5F-1	U5	148
ENCFF776MTF	ENCSR000AFR	Homo sapiens diencephalon tissue female embryo (20 weeks) and male embryo (22 weeks)	2	RNU5D-1	U5	1826
ENCFF776MTF	ENCSR000AFR	Homo sapiens diencephalon tissue female embryo (20 weeks) and male embryo (22 weeks)	2	RNU4ATAC	U4atac	67267
ENCFF776MTF	ENCSR000AFR	Homo sapiens diencephalon tissue female embryo (20 weeks) and male embryo (22 weeks)	2	RMRP		0
ENCFF776MTF	ENCSR000AFR	Homo sapiens diencephalon tissue female embryo (20 weeks) and male embryo (22 weeks)	2	RNU6ATAC	U6atac	442
ENCFF776MTF	ENCSR000AFR	Homo sapiens diencephalon tissue female embryo (20 weeks) and male embryo (22 weeks)	2	RNU2-2P	U2	0
ENCFF776MTF	ENCSR000AFR	Homo sapiens diencephalon tissue female embryo (20 weeks) and male embryo (22 weeks)	2	RNU7-1	U7	0
ENCFF776MTF	ENCSR000AFR	Homo sapiens diencephalon tissue female embryo (20 weeks) and male embryo (22 weeks)	2	RNU4-2	U4	54961
ENCFF776MTF	ENCSR000AFR	Homo sapiens diencephalon tissue female embryo (20 weeks) and male embryo (22 weeks)	2	RNU4-1	U4	25245
ENCFF776MTF	ENCSR000AFR	Homo sapiens diencephalon tissue female embryo (20 weeks) and male embryo (22 weeks)	2	RPPH1		0
ENCFF776MTF	ENCSR000AFR	Homo sapiens diencephalon tissue female embryo (20 weeks) and male embryo (22 weeks)	2	RNU6-7	U6	36
ENCFF776MTF	ENCSR000AFR	Homo sapiens diencephalon tissue female embryo (20 weeks) and male embryo (22 weeks)	2	RNU6-8	U6	1
ENCFF776MTF	ENCSR000AFR	Homo sapiens diencephalon tissue female embryo (20 weeks) and male embryo (22 weeks)	2	RN7SL1		0
ENCFF776MTF	ENCSR000AFR	Homo sapiens diencephalon tissue female embryo (20 weeks) and male embryo (22 weeks)	2	RN7SL2		269
ENCFF776MTF	ENCSR000AFR	Homo sapiens diencephalon tissue female embryo (20 weeks) and male embryo (22 weeks)	2	RNU5A-1	U5	15588305
ENCFF776MTF	ENCSR000AFR	Homo sapiens diencephalon tissue female embryo (20 weeks) and male embryo (22 weeks)	2	RNU5B-1	U5	5657672
ENCFF776MTF	ENCSR000AFR	Homo sapiens diencephalon tissue female embryo (20 weeks) and male embryo (22 weeks)	2	RNU6-1	U6	1
ENCFF776MTF	ENCSR000AFR	Homo sapiens diencephalon tissue female embryo (20 weeks) and male embryo (22 weeks)	2	RNU2-1	U2	0
ENCFF776MTF	ENCSR000AFR	Homo sapiens diencephalon tissue female embryo (20 weeks) and male embryo (22 weeks)	2	RNU6-9	U6	1
ENCFF776MTF	ENCSR000AFR	Homo sapiens diencephalon tissue female embryo (20 weeks) and male embryo (22 weeks)	2	RNU6-2	U6	7
ENCFF776MTF	ENCSR000AFR	Homo sapiens diencephalon tissue female embryo (20 weeks) and male embryo (22 weeks)	2	RNU12	U12	0
ENCFF927BAB	ENCSR000AGF	Homo sapiens tongue tissue female embryo (20 weeks) and female embryo (24 weeks)	1	RNU5E-1	U5	99382
ENCFF927BAB	ENCSR000AGF	Homo sapiens tongue tissue female embryo (20 weeks) and female embryo (24 weeks)	1	RNU1-1	U1	3
ENCFF927BAB	ENCSR000AGF	Homo sapiens tongue tissue female embryo (20 weeks) and female embryo (24 weeks)	1	RNU1-3	U1	0
ENCFF927BAB	ENCSR000AGF	Homo sapiens tongue tissue female embryo (20 weeks) and female embryo (24 weeks)	1	RNU1-4	U1	0
ENCFF927BAB	ENCSR000AGF	Homo sapiens tongue tissue female embryo (20 weeks) and female embryo (24 weeks)	1	RNU1-2	U1	0
ENCFF927BAB	ENCSR000AGF	Homo sapiens tongue tissue female embryo (20 weeks) and female embryo (24 weeks)	1	RNU11	U11	0
ENCFF927BAB	ENCSR000AGF	Homo sapiens tongue tissue female embryo (20 weeks) and female embryo (24 weeks)	1	RNU5F-1	U5	390
ENCFF927BAB	ENCSR000AGF	Homo sapiens tongue tissue female embryo (20 weeks) and female embryo (24 weeks)	1	RNU5D-1	U5	865
ENCFF927BAB	ENCSR000AGF	Homo sapiens tongue tissue female embryo (20 weeks) and female embryo (24 weeks)	1	RNU4ATAC	U4atac	50245
ENCFF927BAB	ENCSR000AGF	Homo sapiens tongue tissue female embryo (20 weeks) and female embryo (24 weeks)	1	RMRP		0
ENCFF927BAB	ENCSR000AGF	Homo sapiens tongue tissue female embryo (20 weeks) and female embryo (24 weeks)	1	RNU6ATAC	U6atac	431
ENCFF927BAB	ENCSR000AGF	Homo sapiens tongue tissue female embryo (20 weeks) and female embryo (24 weeks)	1	RNU2-2P	U2	0
ENCFF927BAB	ENCSR000AGF	Homo sapiens tongue tissue female embryo (20 weeks) and female embryo (24 weeks)	1	RNU7-1	U7	0
ENCFF927BAB	ENCSR000AGF	Homo sapiens tongue tissue female embryo (20 weeks) and female embryo (24 weeks)	1	RNU4-2	U4	68737
ENCFF927BAB	ENCSR000AGF	Homo sapiens tongue tissue female embryo (20 weeks) and female embryo (24 weeks)	1	RNU4-1	U4	14430
ENCFF927BAB	ENCSR000AGF	Homo sapiens tongue tissue female embryo (20 weeks) and female embryo (24 weeks)	1	RPPH1		0
ENCFF927BAB	ENCSR000AGF	Homo sapiens tongue tissue female embryo (20 weeks) and female embryo (24 weeks)	1	RNU6-7	U6	20
ENCFF927BAB	ENCSR000AGF	Homo sapiens tongue tissue female embryo (20 weeks) and female embryo (24 weeks)	1	RNU6-8	U6	1
ENCFF927BAB	ENCSR000AGF	Homo sapiens tongue tissue female embryo (20 weeks) and female embryo (24 weeks)	1	RN7SL1		0
ENCFF927BAB	ENCSR000AGF	Homo sapiens tongue tissue female embryo (20 weeks) and female embryo (24 weeks)	1	RN7SL2		274
ENCFF927BAB	ENCSR000AGF	Homo sapiens tongue tissue female embryo (20 weeks) and female embryo (24 weeks)	1	RNU5A-1	U5	22445561
ENCFF927BAB	ENCSR000AGF	Homo sapiens tongue tissue female embryo (20 weeks) and female embryo (24 weeks)	1	RNU5B-1	U5	3789340
ENCFF927BAB	ENCSR000AGF	Homo sapiens tongue tissue female embryo (20 weeks) and female embryo (24 weeks)	1	RNU6-1	U6	16
ENCFF927BAB	ENCSR000AGF	Homo sapiens tongue tissue female embryo (20 weeks) and female embryo (24 weeks)	1	RNU2-1	U2	0
ENCFF927BAB	ENCSR000AGF	Homo sapiens tongue tissue female embryo (20 weeks) and female embryo (24 weeks)	1	RNU6-9	U6	8
ENCFF927BAB	ENCSR000AGF	Homo sapiens tongue tissue female embryo (20 weeks) and female embryo (24 weeks)	1	RNU6-2	U6	13
ENCFF927BAB	ENCSR000AGF	Homo sapiens tongue tissue female embryo (20 weeks) and female embryo (24 weeks)	1	RNU12	U12	0
ENCFF814TTI	ENCSR000AGF	Homo sapiens tongue tissue female embryo (20 weeks) and female embryo (24 weeks)	2	RNU5E-1	U5	32786
ENCFF814TTI	ENCSR000AGF	Homo sapiens tongue tissue female embryo (20 weeks) and female embryo (24 weeks)	2	RNU1-1	U1	1
ENCFF814TTI	ENCSR000AGF	Homo sapiens tongue tissue female embryo (20 weeks) and female embryo (24 weeks)	2	RNU1-3	U1	0
ENCFF814TTI	ENCSR000AGF	Homo sapiens tongue tissue female embryo (20 weeks) and female embryo (24 weeks)	2	RNU1-4	U1	0
ENCFF814TTI	ENCSR000AGF	Homo sapiens tongue tissue female embryo (20 weeks) and female embryo (24 weeks)	2	RNU1-2	U1	0
ENCFF814TTI	ENCSR000AGF	Homo sapiens tongue tissue female embryo (20 weeks) and female embryo (24 weeks)	2	RNU11	U11	0
ENCFF814TTI	ENCSR000AGF	Homo sapiens tongue tissue female embryo (20 weeks) and female embryo (24 weeks)	2	RNU5F-1	U5	299
ENCFF814TTI	ENCSR000AGF	Homo sapiens tongue tissue female embryo (20 weeks) and female embryo (24 weeks)	2	RNU5D-1	U5	580
ENCFF814TTI	ENCSR000AGF	Homo sapiens tongue tissue female embryo (20 weeks) and female embryo (24 weeks)	2	RNU4ATAC	U4atac	43117
ENCFF814TTI	ENCSR000AGF	Homo sapiens tongue tissue female embryo (20 weeks) and female embryo (24 weeks)	2	RMRP		0
ENCFF814TTI	ENCSR000AGF	Homo sapiens tongue tissue female embryo (20 weeks) and female embryo (24 weeks)	2	RNU6ATAC	U6atac	257
ENCFF814TTI	ENCSR000AGF	Homo sapiens tongue tissue female embryo (20 weeks) and female embryo (24 weeks)	2	RNU2-2P	U2	0
ENCFF814TTI	ENCSR000AGF	Homo sapiens tongue tissue female embryo (20 weeks) and female embryo (24 weeks)	2	RNU7-1	U7	0
ENCFF814TTI	ENCSR000AGF	Homo sapiens tongue tissue female embryo (20 weeks) and female embryo (24 weeks)	2	RNU4-2	U4	41545
ENCFF814TTI	ENCSR000AGF	Homo sapiens tongue tissue female embryo (20 weeks) and female embryo (24 weeks)	2	RNU4-1	U4	19476
ENCFF814TTI	ENCSR000AGF	Homo sapiens tongue tissue female embryo (20 weeks) and female embryo (24 weeks)	2	RPPH1		0
ENCFF814TTI	ENCSR000AGF	Homo sapiens tongue tissue female embryo (20 weeks) and female embryo (24 weeks)	2	RNU6-7	U6	4
ENCFF814TTI	ENCSR000AGF	Homo sapiens tongue tissue female embryo (20 weeks) and female embryo (24 weeks)	2	RNU6-8	U6	1
ENCFF814TTI	ENCSR000AGF	Homo sapiens tongue tissue female embryo (20 weeks) and female embryo (24 weeks)	2	RN7SL1		0
ENCFF814TTI	ENCSR000AGF	Homo sapiens tongue tissue female embryo (20 weeks) and female embryo (24 weeks)	2	RN7SL2		9367
ENCFF814TTI	ENCSR000AGF	Homo sapiens tongue tissue female embryo (20 weeks) and female embryo (24 weeks)	2	RNU5A-1	U5	7717280
ENCFF814TTI	ENCSR000AGF	Homo sapiens tongue tissue female embryo (20 weeks) and female embryo (24 weeks)	2	RNU5B-1	U5	1610655
ENCFF814TTI	ENCSR000AGF	Homo sapiens tongue tissue female embryo (20 weeks) and female embryo (24 weeks)	2	RNU6-1	U6	4
ENCFF814TTI	ENCSR000AGF	Homo sapiens tongue tissue female embryo (20 weeks) and female embryo (24 weeks)	2	RNU2-1	U2	0
ENCFF814TTI	ENCSR000AGF	Homo sapiens tongue tissue female embryo (20 weeks) and female embryo (24 weeks)	2	RNU6-9	U6	1
ENCFF814TTI	ENCSR000AGF	Homo sapiens tongue tissue female embryo (20 weeks) and female embryo (24 weeks)	2	RNU6-2	U6	13
ENCFF814TTI	ENCSR000AGF	Homo sapiens tongue tissue female embryo (20 weeks) and female embryo (24 weeks)	2	RNU12	U12	0
ENCFF136QQG	ENCSR000AGB	Homo sapiens spinal cord tissue female embryo (24 weeks) and male embryo (22 weeks)	1	RNU5E-1	U5	47598
ENCFF136QQG	ENCSR000AGB	Homo sapiens spinal cord tissue female embryo (24 weeks) and male embryo (22 weeks)	1	RNU1-1	U1	1
ENCFF136QQG	ENCSR000AGB	Homo sapiens spinal cord tissue female embryo (24 weeks) and male embryo (22 weeks)	1	RNU1-3	U1	0
ENCFF136QQG	ENCSR000AGB	Homo sapiens spinal cord tissue female embryo (24 weeks) and male embryo (22 weeks)	1	RNU1-4	U1	0
ENCFF136QQG	ENCSR000AGB	Homo sapiens spinal cord tissue female embryo (24 weeks) and male embryo (22 weeks)	1	RNU1-2	U1	0
ENCFF136QQG	ENCSR000AGB	Homo sapiens spinal cord tissue female embryo (24 weeks) and male embryo (22 weeks)	1	RNU11	U11	0
ENCFF136QQG	ENCSR000AGB	Homo sapiens spinal cord tissue female embryo (24 weeks) and male embryo (22 weeks)	1	RNU5F-1	U5	294
ENCFF136QQG	ENCSR000AGB	Homo sapiens spinal cord tissue female embryo (24 weeks) and male embryo (22 weeks)	1	RNU5D-1	U5	1112
ENCFF136QQG	ENCSR000AGB	Homo sapiens spinal cord tissue female embryo (24 weeks) and male embryo (22 weeks)	1	RNU4ATAC	U4atac	53758
ENCFF136QQG	ENCSR000AGB	Homo sapiens spinal cord tissue female embryo (24 weeks) and male embryo (22 weeks)	1	RMRP		1
ENCFF136QQG	ENCSR000AGB	Homo sapiens spinal cord tissue female embryo (24 weeks) and male embryo (22 weeks)	1	RNU6ATAC	U6atac	314
ENCFF136QQG	ENCSR000AGB	Homo sapiens spinal cord tissue female embryo (24 weeks) and male embryo (22 weeks)	1	RNU2-2P	U2	0
ENCFF136QQG	ENCSR000AGB	Homo sapiens spinal cord tissue female embryo (24 weeks) and male embryo (22 weeks)	1	RNU7-1	U7	0
ENCFF136QQG	ENCSR000AGB	Homo sapiens spinal cord tissue female embryo (24 weeks) and male embryo (22 weeks)	1	RNU4-2	U4	52223
ENCFF136QQG	ENCSR000AGB	Homo sapiens spinal cord tissue female embryo (24 weeks) and male embryo (22 weeks)	1	RNU4-1	U4	23236
ENCFF136QQG	ENCSR000AGB	Homo sapiens spinal cord tissue female embryo (24 weeks) and male embryo (22 weeks)	1	RPPH1		0
ENCFF136QQG	ENCSR000AGB	Homo sapiens spinal cord tissue female embryo (24 weeks) and male embryo (22 weeks)	1	RNU6-7	U6	43
ENCFF136QQG	ENCSR000AGB	Homo sapiens spinal cord tissue female embryo (24 weeks) and male embryo (22 weeks)	1	RNU6-8	U6	2
ENCFF136QQG	ENCSR000AGB	Homo sapiens spinal cord tissue female embryo (24 weeks) and male embryo (22 weeks)	1	RN7SL1		0
ENCFF136QQG	ENCSR000AGB	Homo sapiens spinal cord tissue female embryo (24 weeks) and male embryo (22 weeks)	1	RN7SL2		1961
ENCFF136QQG	ENCSR000AGB	Homo sapiens spinal cord tissue female embryo (24 weeks) and male embryo (22 weeks)	1	RNU5A-1	U5	9014053
ENCFF136QQG	ENCSR000AGB	Homo sapiens spinal cord tissue female embryo (24 weeks) and male embryo (22 weeks)	1	RNU5B-1	U5	2477890
ENCFF136QQG	ENCSR000AGB	Homo sapiens spinal cord tissue female embryo (24 weeks) and male embryo (22 weeks)	1	RNU6-1	U6	5
ENCFF136QQG	ENCSR000AGB	Homo sapiens spinal cord tissue female embryo (24 weeks) and male embryo (22 weeks)	1	RNU2-1	U2	0
ENCFF136QQG	ENCSR000AGB	Homo sapiens spinal cord tissue female embryo (24 weeks) and male embryo (22 weeks)	1	RNU6-9	U6	3
ENCFF136QQG	ENCSR000AGB	Homo sapiens spinal cord tissue female embryo (24 weeks) and male embryo (22 weeks)	1	RNU6-2	U6	9
ENCFF136QQG	ENCSR000AGB	Homo sapiens spinal cord tissue female embryo (24 weeks) and male embryo (22 weeks)	1	RNU12	U12	0
ENCFF954DDW	ENCSR000AGB	Homo sapiens spinal cord tissue female embryo (24 weeks) and male embryo (22 weeks)	2	RNU5E-1	U5	93057
ENCFF954DDW	ENCSR000AGB	Homo sapiens spinal cord tissue female embryo (24 weeks) and male embryo (22 weeks)	2	RNU1-1	U1	3
ENCFF954DDW	ENCSR000AGB	Homo sapiens spinal cord tissue female embryo (24 weeks) and male embryo (22 weeks)	2	RNU1-3	U1	0
ENCFF954DDW	ENCSR000AGB	Homo sapiens spinal cord tissue female embryo (24 weeks) and male embryo (22 weeks)	2	RNU1-4	U1	0
ENCFF954DDW	ENCSR000AGB	Homo sapiens spinal cord tissue female embryo (24 weeks) and male embryo (22 weeks)	2	RNU1-2	U1	0
ENCFF954DDW	ENCSR000AGB	Homo sapiens spinal cord tissue female embryo (24 weeks) and male embryo (22 weeks)	2	RNU11	U11	0
ENCFF954DDW	ENCSR000AGB	Homo sapiens spinal cord tissue female embryo (24 weeks) and male embryo (22 weeks)	2	RNU5F-1	U5	491
ENCFF954DDW	ENCSR000AGB	Homo sapiens spinal cord tissue female embryo (24 weeks) and male embryo (22 weeks)	2	RNU5D-1	U5	2300
ENCFF954DDW	ENCSR000AGB	Homo sapiens spinal cord tissue female embryo (24 weeks) and male embryo (22 weeks)	2	RNU4ATAC	U4atac	68823
ENCFF954DDW	ENCSR000AGB	Homo sapiens spinal cord tissue female embryo (24 weeks) and male embryo (22 weeks)	2	RMRP		1
ENCFF954DDW	ENCSR000AGB	Homo sapiens spinal cord tissue female embryo (24 weeks) and male embryo (22 weeks)	2	RNU6ATAC	U6atac	706
ENCFF954DDW	ENCSR000AGB	Homo sapiens spinal cord tissue female embryo (24 weeks) and male embryo (22 weeks)	2	RNU2-2P	U2	0
ENCFF954DDW	ENCSR000AGB	Homo sapiens spinal cord tissue female embryo (24 weeks) and male embryo (22 weeks)	2	RNU7-1	U7	0
ENCFF954DDW	ENCSR000AGB	Homo sapiens spinal cord tissue female embryo (24 weeks) and male embryo (22 weeks)	2	RNU4-2	U4	100142
ENCFF954DDW	ENCSR000AGB	Homo sapiens spinal cord tissue female embryo (24 weeks) and male embryo (22 weeks)	2	RNU4-1	U4	56071
ENCFF954DDW	ENCSR000AGB	Homo sapiens spinal cord tissue female embryo (24 weeks) and male embryo (22 weeks)	2	RPPH1		0
ENCFF954DDW	ENCSR000AGB	Homo sapiens spinal cord tissue female embryo (24 weeks) and male embryo (22 weeks)	2	RNU6-7	U6	13
ENCFF954DDW	ENCSR000AGB	Homo sapiens spinal cord tissue female embryo (24 weeks) and male embryo (22 weeks)	2	RNU6-8	U6	0
ENCFF954DDW	ENCSR000AGB	Homo sapiens spinal cord tissue female embryo (24 weeks) and male embryo (22 weeks)	2	RN7SL1		0
ENCFF954DDW	ENCSR000AGB	Homo sapiens spinal cord tissue female embryo (24 weeks) and male embryo (22 weeks)	2	RN7SL2		10729
ENCFF954DDW	ENCSR000AGB	Homo sapiens spinal cord tissue female embryo (24 weeks) and male embryo (22 weeks)	2	RNU5A-1	U5	18964276
ENCFF954DDW	ENCSR000AGB	Homo sapiens spinal cord tissue female embryo (24 weeks) and male embryo (22 weeks)	2	RNU5B-1	U5	6069007
ENCFF954DDW	ENCSR000AGB	Homo sapiens spinal cord tissue female embryo (24 weeks) and male embryo (22 weeks)	2	RNU6-1	U6	5
ENCFF954DDW	ENCSR000AGB	Homo sapiens spinal cord tissue female embryo (24 weeks) and male embryo (22 weeks)	2	RNU2-1	U2	0
ENCFF954DDW	ENCSR000AGB	Homo sapiens spinal cord tissue female embryo (24 weeks) and male embryo (22 weeks)	2	RNU6-9	U6	12
ENCFF954DDW	ENCSR000AGB	Homo sapiens spinal cord tissue female embryo (24 weeks) and male embryo (22 weeks)	2	RNU6-2	U6	16
ENCFF954DDW	ENCSR000AGB	Homo sapiens spinal cord tissue female embryo (24 weeks) and male embryo (22 weeks)	2	RNU12	U12	0
ENCFF888RWL	ENCSR000AFY	Homo sapiens parietal lobe tissue female embryo (24 weeks) and male embryo (22 weeks)	1	RNU5E-1	U5	87775
ENCFF888RWL	ENCSR000AFY	Homo sapiens parietal lobe tissue female embryo (24 weeks) and male embryo (22 weeks)	1	RNU1-1	U1	2
ENCFF888RWL	ENCSR000AFY	Homo sapiens parietal lobe tissue female embryo (24 weeks) and male embryo (22 weeks)	1	RNU1-3	U1	0
ENCFF888RWL	ENCSR000AFY	Homo sapiens parietal lobe tissue female embryo (24 weeks) and male embryo (22 weeks)	1	RNU1-4	U1	0
ENCFF888RWL	ENCSR000AFY	Homo sapiens parietal lobe tissue female embryo (24 weeks) and male embryo (22 weeks)	1	RNU1-2	U1	0
ENCFF888RWL	ENCSR000AFY	Homo sapiens parietal lobe tissue female embryo (24 weeks) and male embryo (22 weeks)	1	RNU11	U11	0
ENCFF888RWL	ENCSR000AFY	Homo sapiens parietal lobe tissue female embryo (24 weeks) and male embryo (22 weeks)	1	RNU5F-1	U5	224
ENCFF888RWL	ENCSR000AFY	Homo sapiens parietal lobe tissue female embryo (24 weeks) and male embryo (22 weeks)	1	RNU5D-1	U5	1116
ENCFF888RWL	ENCSR000AFY	Homo sapiens parietal lobe tissue female embryo (24 weeks) and male embryo (22 weeks)	1	RNU4ATAC	U4atac	69669
ENCFF888RWL	ENCSR000AFY	Homo sapiens parietal lobe tissue female embryo (24 weeks) and male embryo (22 weeks)	1	RMRP		0
ENCFF888RWL	ENCSR000AFY	Homo sapiens parietal lobe tissue female embryo (24 weeks) and male embryo (22 weeks)	1	RNU6ATAC	U6atac	297
ENCFF888RWL	ENCSR000AFY	Homo sapiens parietal lobe tissue female embryo (24 weeks) and male embryo (22 weeks)	1	RNU2-2P	U2	0
ENCFF888RWL	ENCSR000AFY	Homo sapiens parietal lobe tissue female embryo (24 weeks) and male embryo (22 weeks)	1	RNU7-1	U7	0
ENCFF888RWL	ENCSR000AFY	Homo sapiens parietal lobe tissue female embryo (24 weeks) and male embryo (22 weeks)	1	RNU4-2	U4	43304
ENCFF888RWL	ENCSR000AFY	Homo sapiens parietal lobe tissue female embryo (24 weeks) and male embryo (22 weeks)	1	RNU4-1	U4	12879
ENCFF888RWL	ENCSR000AFY	Homo sapiens parietal lobe tissue female embryo (24 weeks) and male embryo (22 weeks)	1	RPPH1		0
ENCFF888RWL	ENCSR000AFY	Homo sapiens parietal lobe tissue female embryo (24 weeks) and male embryo (22 weeks)	1	RNU6-7	U6	3
ENCFF888RWL	ENCSR000AFY	Homo sapiens parietal lobe tissue female embryo (24 weeks) and male embryo (22 weeks)	1	RNU6-8	U6	0
ENCFF888RWL	ENCSR000AFY	Homo sapiens parietal lobe tissue female embryo (24 weeks) and male embryo (22 weeks)	1	RN7SL1		0
ENCFF888RWL	ENCSR000AFY	Homo sapiens parietal lobe tissue female embryo (24 weeks) and male embryo (22 weeks)	1	RN7SL2		17
ENCFF888RWL	ENCSR000AFY	Homo sapiens parietal lobe tissue female embryo (24 weeks) and male embryo (22 weeks)	1	RNU5A-1	U5	11789150
ENCFF888RWL	ENCSR000AFY	Homo sapiens parietal lobe tissue female embryo (24 weeks) and male embryo (22 weeks)	1	RNU5B-1	U5	6100741
ENCFF888RWL	ENCSR000AFY	Homo sapiens parietal lobe tissue female embryo (24 weeks) and male embryo (22 weeks)	1	RNU6-1	U6	0
ENCFF888RWL	ENCSR000AFY	Homo sapiens parietal lobe tissue female embryo (24 weeks) and male embryo (22 weeks)	1	RNU2-1	U2	0
ENCFF888RWL	ENCSR000AFY	Homo sapiens parietal lobe tissue female embryo (24 weeks) and male embryo (22 weeks)	1	RNU6-9	U6	5
ENCFF888RWL	ENCSR000AFY	Homo sapiens parietal lobe tissue female embryo (24 weeks) and male embryo (22 weeks)	1	RNU6-2	U6	6
ENCFF888RWL	ENCSR000AFY	Homo sapiens parietal lobe tissue female embryo (24 weeks) and male embryo (22 weeks)	1	RNU12	U12	0
ENCFF228RHQ	ENCSR000AFY	Homo sapiens parietal lobe tissue female embryo (24 weeks) and male embryo (22 weeks)	2	RNU5E-1	U5	144412
ENCFF228RHQ	ENCSR000AFY	Homo sapiens parietal lobe tissue female embryo (24 weeks) and male embryo (22 weeks)	2	RNU1-1	U1	2
ENCFF228RHQ	ENCSR000AFY	Homo sapiens parietal lobe tissue female embryo (24 weeks) and male embryo (22 weeks)	2	RNU1-3	U1	0
ENCFF228RHQ	ENCSR000AFY	Homo sapiens parietal lobe tissue female embryo (24 weeks) and male embryo (22 weeks)	2	RNU1-4	U1	0
ENCFF228RHQ	ENCSR000AFY	Homo sapiens parietal lobe tissue female embryo (24 weeks) and male embryo (22 weeks)	2	RNU1-2	U1	0
ENCFF228RHQ	ENCSR000AFY	Homo sapiens parietal lobe tissue female embryo (24 weeks) and male embryo (22 weeks)	2	RNU11	U11	0
ENCFF228RHQ	ENCSR000AFY	Homo sapiens parietal lobe tissue female embryo (24 weeks) and male embryo (22 weeks)	2	RNU5F-1	U5	311
ENCFF228RHQ	ENCSR000AFY	Homo sapiens parietal lobe tissue female embryo (24 weeks) and male embryo (22 weeks)	2	RNU5D-1	U5	1630
ENCFF228RHQ	ENCSR000AFY	Homo sapiens parietal lobe tissue female embryo (24 weeks) and male embryo (22 weeks)	2	RNU4ATAC	U4atac	39739
ENCFF228RHQ	ENCSR000AFY	Homo sapiens parietal lobe tissue female embryo (24 weeks) and male embryo (22 weeks)	2	RMRP		0
ENCFF228RHQ	ENCSR000AFY	Homo sapiens parietal lobe tissue female embryo (24 weeks) and male embryo (22 weeks)	2	RNU6ATAC	U6atac	646
ENCFF228RHQ	ENCSR000AFY	Homo sapiens parietal lobe tissue female embryo (24 weeks) and male embryo (22 weeks)	2	RNU2-2P	U2	0
ENCFF228RHQ	ENCSR000AFY	Homo sapiens parietal lobe tissue female embryo (24 weeks) and male embryo (22 weeks)	2	RNU7-1	U7	0
ENCFF228RHQ	ENCSR000AFY	Homo sapiens parietal lobe tissue female embryo (24 weeks) and male embryo (22 weeks)	2	RNU4-2	U4	68856
ENCFF228RHQ	ENCSR000AFY	Homo sapiens parietal lobe tissue female embryo (24 weeks) and male embryo (22 weeks)	2	RNU4-1	U4	33499
ENCFF228RHQ	ENCSR000AFY	Homo sapiens parietal lobe tissue female embryo (24 weeks) and male embryo (22 weeks)	2	RPPH1		0
ENCFF228RHQ	ENCSR000AFY	Homo sapiens parietal lobe tissue female embryo (24 weeks) and male embryo (22 weeks)	2	RNU6-7	U6	0
ENCFF228RHQ	ENCSR000AFY	Homo sapiens parietal lobe tissue female embryo (24 weeks) and male embryo (22 weeks)	2	RNU6-8	U6	0
ENCFF228RHQ	ENCSR000AFY	Homo sapiens parietal lobe tissue female embryo (24 weeks) and male embryo (22 weeks)	2	RN7SL1		0
ENCFF228RHQ	ENCSR000AFY	Homo sapiens parietal lobe tissue female embryo (24 weeks) and male embryo (22 weeks)	2	RN7SL2		147
ENCFF228RHQ	ENCSR000AFY	Homo sapiens parietal lobe tissue female embryo (24 weeks) and male embryo (22 weeks)	2	RNU5A-1	U5	15033076
ENCFF228RHQ	ENCSR000AFY	Homo sapiens parietal lobe tissue female embryo (24 weeks) and male embryo (22 weeks)	2	RNU5B-1	U5	8359149
ENCFF228RHQ	ENCSR000AFY	Homo sapiens parietal lobe tissue female embryo (24 weeks) and male embryo (22 weeks)	2	RNU6-1	U6	1
ENCFF228RHQ	ENCSR000AFY	Homo sapiens parietal lobe tissue female embryo (24 weeks) and male embryo (22 weeks)	2	RNU2-1	U2	0
ENCFF228RHQ	ENCSR000AFY	Homo sapiens parietal lobe tissue female embryo (24 weeks) and male embryo (22 weeks)	2	RNU6-9	U6	1
ENCFF228RHQ	ENCSR000AFY	Homo sapiens parietal lobe tissue female embryo (24 weeks) and male embryo (22 weeks)	2	RNU6-2	U6	2
ENCFF228RHQ	ENCSR000AFY	Homo sapiens parietal lobe tissue female embryo (24 weeks) and male embryo (22 weeks)	2	RNU12	U12	0
ENCFF358UBG	ENCSR000AFX	Homo sapiens occipital lobe tissue female embryo (20 weeks) and male embryo (22 weeks)	1	RNU5E-1	U5	61620
ENCFF358UBG	ENCSR000AFX	Homo sapiens occipital lobe tissue female embryo (20 weeks) and male embryo (22 weeks)	1	RNU1-1	U1	3
ENCFF358UBG	ENCSR000AFX	Homo sapiens occipital lobe tissue female embryo (20 weeks) and male embryo (22 weeks)	1	RNU1-3	U1	0
ENCFF358UBG	ENCSR000AFX	Homo sapiens occipital lobe tissue female embryo (20 weeks) and male embryo (22 weeks)	1	RNU1-4	U1	0
ENCFF358UBG	ENCSR000AFX	Homo sapiens occipital lobe tissue female embryo (20 weeks) and male embryo (22 weeks)	1	RNU1-2	U1	0
ENCFF358UBG	ENCSR000AFX	Homo sapiens occipital lobe tissue female embryo (20 weeks) and male embryo (22 weeks)	1	RNU11	U11	0
ENCFF358UBG	ENCSR000AFX	Homo sapiens occipital lobe tissue female embryo (20 weeks) and male embryo (22 weeks)	1	RNU5F-1	U5	96
ENCFF358UBG	ENCSR000AFX	Homo sapiens occipital lobe tissue female embryo (20 weeks) and male embryo (22 weeks)	1	RNU5D-1	U5	363
ENCFF358UBG	ENCSR000AFX	Homo sapiens occipital lobe tissue female embryo (20 weeks) and male embryo (22 weeks)	1	RNU4ATAC	U4atac	42290
ENCFF358UBG	ENCSR000AFX	Homo sapiens occipital lobe tissue female embryo (20 weeks) and male embryo (22 weeks)	1	RMRP		0
ENCFF358UBG	ENCSR000AFX	Homo sapiens occipital lobe tissue female embryo (20 weeks) and male embryo (22 weeks)	1	RNU6ATAC	U6atac	119
ENCFF358UBG	ENCSR000AFX	Homo sapiens occipital lobe tissue female embryo (20 weeks) and male embryo (22 weeks)	1	RNU2-2P	U2	0
ENCFF358UBG	ENCSR000AFX	Homo sapiens occipital lobe tissue female embryo (20 weeks) and male embryo (22 weeks)	1	RNU7-1	U7	0
ENCFF358UBG	ENCSR000AFX	Homo sapiens occipital lobe tissue female embryo (20 weeks) and male embryo (22 weeks)	1	RNU4-2	U4	34902
ENCFF358UBG	ENCSR000AFX	Homo sapiens occipital lobe tissue female embryo (20 weeks) and male embryo (22 weeks)	1	RNU4-1	U4	8721
ENCFF358UBG	ENCSR000AFX	Homo sapiens occipital lobe tissue female embryo (20 weeks) and male embryo (22 weeks)	1	RPPH1		0
ENCFF358UBG	ENCSR000AFX	Homo sapiens occipital lobe tissue female embryo (20 weeks) and male embryo (22 weeks)	1	RNU6-7	U6	1
ENCFF358UBG	ENCSR000AFX	Homo sapiens occipital lobe tissue female embryo (20 weeks) and male embryo (22 weeks)	1	RNU6-8	U6	4
ENCFF358UBG	ENCSR000AFX	Homo sapiens occipital lobe tissue female embryo (20 weeks) and male embryo (22 weeks)	1	RN7SL1		0
ENCFF358UBG	ENCSR000AFX	Homo sapiens occipital lobe tissue female embryo (20 weeks) and male embryo (22 weeks)	1	RN7SL2		1036
ENCFF358UBG	ENCSR000AFX	Homo sapiens occipital lobe tissue female embryo (20 weeks) and male embryo (22 weeks)	1	RNU5A-1	U5	15984101
ENCFF358UBG	ENCSR000AFX	Homo sapiens occipital lobe tissue female embryo (20 weeks) and male embryo (22 weeks)	1	RNU5B-1	U5	5921241
ENCFF358UBG	ENCSR000AFX	Homo sapiens occipital lobe tissue female embryo (20 weeks) and male embryo (22 weeks)	1	RNU6-1	U6	3
ENCFF358UBG	ENCSR000AFX	Homo sapiens occipital lobe tissue female embryo (20 weeks) and male embryo (22 weeks)	1	RNU2-1	U2	0
ENCFF358UBG	ENCSR000AFX	Homo sapiens occipital lobe tissue female embryo (20 weeks) and male embryo (22 weeks)	1	RNU6-9	U6	0
ENCFF358UBG	ENCSR000AFX	Homo sapiens occipital lobe tissue female embryo (20 weeks) and male embryo (22 weeks)	1	RNU6-2	U6	12
ENCFF358UBG	ENCSR000AFX	Homo sapiens occipital lobe tissue female embryo (20 weeks) and male embryo (22 weeks)	1	RNU12	U12	0
ENCFF844JQT	ENCSR000AFX	Homo sapiens occipital lobe tissue female embryo (20 weeks) and male embryo (22 weeks)	2	RNU5E-1	U5	97785
ENCFF844JQT	ENCSR000AFX	Homo sapiens occipital lobe tissue female embryo (20 weeks) and male embryo (22 weeks)	2	RNU1-1	U1	1
ENCFF844JQT	ENCSR000AFX	Homo sapiens occipital lobe tissue female embryo (20 weeks) and male embryo (22 weeks)	2	RNU1-3	U1	0
ENCFF844JQT	ENCSR000AFX	Homo sapiens occipital lobe tissue female embryo (20 weeks) and male embryo (22 weeks)	2	RNU1-4	U1	0
ENCFF844JQT	ENCSR000AFX	Homo sapiens occipital lobe tissue female embryo (20 weeks) and male embryo (22 weeks)	2	RNU1-2	U1	0
ENCFF844JQT	ENCSR000AFX	Homo sapiens occipital lobe tissue female embryo (20 weeks) and male embryo (22 weeks)	2	RNU11	U11	0
ENCFF844JQT	ENCSR000AFX	Homo sapiens occipital lobe tissue female embryo (20 weeks) and male embryo (22 weeks)	2	RNU5F-1	U5	88
ENCFF844JQT	ENCSR000AFX	Homo sapiens occipital lobe tissue female embryo (20 weeks) and male embryo (22 weeks)	2	RNU5D-1	U5	1085
ENCFF844JQT	ENCSR000AFX	Homo sapiens occipital lobe tissue female embryo (20 weeks) and male embryo (22 weeks)	2	RNU4ATAC	U4atac	46127
ENCFF844JQT	ENCSR000AFX	Homo sapiens occipital lobe tissue female embryo (20 weeks) and male embryo (22 weeks)	2	RMRP		0
ENCFF844JQT	ENCSR000AFX	Homo sapiens occipital lobe tissue female embryo (20 weeks) and male embryo (22 weeks)	2	RNU6ATAC	U6atac	128
ENCFF844JQT	ENCSR000AFX	Homo sapiens occipital lobe tissue female embryo (20 weeks) and male embryo (22 weeks)	2	RNU2-2P	U2	0
ENCFF844JQT	ENCSR000AFX	Homo sapiens occipital lobe tissue female embryo (20 weeks) and male embryo (22 weeks)	2	RNU7-1	U7	0
ENCFF844JQT	ENCSR000AFX	Homo sapiens occipital lobe tissue female embryo (20 weeks) and male embryo (22 weeks)	2	RNU4-2	U4	37731
ENCFF844JQT	ENCSR000AFX	Homo sapiens occipital lobe tissue female embryo (20 weeks) and male embryo (22 weeks)	2	RNU4-1	U4	10345
ENCFF844JQT	ENCSR000AFX	Homo sapiens occipital lobe tissue female embryo (20 weeks) and male embryo (22 weeks)	2	RPPH1		0
ENCFF844JQT	ENCSR000AFX	Homo sapiens occipital lobe tissue female embryo (20 weeks) and male embryo (22 weeks)	2	RNU6-7	U6	6
ENCFF844JQT	ENCSR000AFX	Homo sapiens occipital lobe tissue female embryo (20 weeks) and male embryo (22 weeks)	2	RNU6-8	U6	6
ENCFF844JQT	ENCSR000AFX	Homo sapiens occipital lobe tissue female embryo (20 weeks) and male embryo (22 weeks)	2	RN7SL1		0
ENCFF844JQT	ENCSR000AFX	Homo sapiens occipital lobe tissue female embryo (20 weeks) and male embryo (22 weeks)	2	RN7SL2		1592
ENCFF844JQT	ENCSR000AFX	Homo sapiens occipital lobe tissue female embryo (20 weeks) and male embryo (22 weeks)	2	RNU5A-1	U5	14335131
ENCFF844JQT	ENCSR000AFX	Homo sapiens occipital lobe tissue female embryo (20 weeks) and male embryo (22 weeks)	2	RNU5B-1	U5	6624869
ENCFF844JQT	ENCSR000AFX	Homo sapiens occipital lobe tissue female embryo (20 weeks) and male embryo (22 weeks)	2	RNU6-1	U6	1
ENCFF844JQT	ENCSR000AFX	Homo sapiens occipital lobe tissue female embryo (20 weeks) and male embryo (22 weeks)	2	RNU2-1	U2	0
ENCFF844JQT	ENCSR000AFX	Homo sapiens occipital lobe tissue female embryo (20 weeks) and male embryo (22 weeks)	2	RNU6-9	U6	2
ENCFF844JQT	ENCSR000AFX	Homo sapiens occipital lobe tissue female embryo (20 weeks) and male embryo (22 weeks)	2	RNU6-2	U6	7
ENCFF844JQT	ENCSR000AFX	Homo sapiens occipital lobe tissue female embryo (20 weeks) and male embryo (22 weeks)	2	RNU12	U12	0
ENCFF884MUH	ENCSR000AFV	Homo sapiens liver tissue female embryo (20 weeks)	1	RNU5E-1	U5	279909
ENCFF884MUH	ENCSR000AFV	Homo sapiens liver tissue female embryo (20 weeks)	1	RNU1-1	U1	98
ENCFF884MUH	ENCSR000AFV	Homo sapiens liver tissue female embryo (20 weeks)	1	RNU1-3	U1	0
ENCFF884MUH	ENCSR000AFV	Homo sapiens liver tissue female embryo (20 weeks)	1	RNU1-4	U1	0
ENCFF884MUH	ENCSR000AFV	Homo sapiens liver tissue female embryo (20 weeks)	1	RNU1-2	U1	1
ENCFF884MUH	ENCSR000AFV	Homo sapiens liver tissue female embryo (20 weeks)	1	RNU11	U11	0
ENCFF884MUH	ENCSR000AFV	Homo sapiens liver tissue female embryo (20 weeks)	1	RNU5F-1	U5	7577
ENCFF884MUH	ENCSR000AFV	Homo sapiens liver tissue female embryo (20 weeks)	1	RNU5D-1	U5	4205
ENCFF884MUH	ENCSR000AFV	Homo sapiens liver tissue female embryo (20 weeks)	1	RNU4ATAC	U4atac	39551
ENCFF884MUH	ENCSR000AFV	Homo sapiens liver tissue female embryo (20 weeks)	1	RMRP		0
ENCFF884MUH	ENCSR000AFV	Homo sapiens liver tissue female embryo (20 weeks)	1	RNU6ATAC	U6atac	501
ENCFF884MUH	ENCSR000AFV	Homo sapiens liver tissue female embryo (20 weeks)	1	RNU2-2P	U2	0
ENCFF884MUH	ENCSR000AFV	Homo sapiens liver tissue female embryo (20 weeks)	1	RNU7-1	U7	0
ENCFF884MUH	ENCSR000AFV	Homo sapiens liver tissue female embryo (20 weeks)	1	RNU4-2	U4	73246
ENCFF884MUH	ENCSR000AFV	Homo sapiens liver tissue female embryo (20 weeks)	1	RNU4-1	U4	44035
ENCFF884MUH	ENCSR000AFV	Homo sapiens liver tissue female embryo (20 weeks)	1	RPPH1		0
ENCFF884MUH	ENCSR000AFV	Homo sapiens liver tissue female embryo (20 weeks)	1	RNU6-7	U6	22
ENCFF884MUH	ENCSR000AFV	Homo sapiens liver tissue female embryo (20 weeks)	1	RNU6-8	U6	2
ENCFF884MUH	ENCSR000AFV	Homo sapiens liver tissue female embryo (20 weeks)	1	RN7SL1		0
ENCFF884MUH	ENCSR000AFV	Homo sapiens liver tissue female embryo (20 weeks)	1	RN7SL2		1007
ENCFF884MUH	ENCSR000AFV	Homo sapiens liver tissue female embryo (20 weeks)	1	RNU5A-1	U5	22271174
ENCFF884MUH	ENCSR000AFV	Homo sapiens liver tissue female embryo (20 weeks)	1	RNU5B-1	U5	2876379
ENCFF884MUH	ENCSR000AFV	Homo sapiens liver tissue female embryo (20 weeks)	1	RNU6-1	U6	12
ENCFF884MUH	ENCSR000AFV	Homo sapiens liver tissue female embryo (20 weeks)	1	RNU2-1	U2	0
ENCFF884MUH	ENCSR000AFV	Homo sapiens liver tissue female embryo (20 weeks)	1	RNU6-9	U6	0
ENCFF884MUH	ENCSR000AFV	Homo sapiens liver tissue female embryo (20 weeks)	1	RNU6-2	U6	16
ENCFF884MUH	ENCSR000AFV	Homo sapiens liver tissue female embryo (20 weeks)	1	RNU12	U12	0
ENCFF314LPK	ENCSR000AFS	Homo sapiens frontal cortex tissue female embryo (20 weeks) and male embryo (22 weeks)	1	RNU5E-1	U5	58526
ENCFF314LPK	ENCSR000AFS	Homo sapiens frontal cortex tissue female embryo (20 weeks) and male embryo (22 weeks)	1	RNU1-1	U1	3
ENCFF314LPK	ENCSR000AFS	Homo sapiens frontal cortex tissue female embryo (20 weeks) and male embryo (22 weeks)	1	RNU1-3	U1	0
ENCFF314LPK	ENCSR000AFS	Homo sapiens frontal cortex tissue female embryo (20 weeks) and male embryo (22 weeks)	1	RNU1-4	U1	0
ENCFF314LPK	ENCSR000AFS	Homo sapiens frontal cortex tissue female embryo (20 weeks) and male embryo (22 weeks)	1	RNU1-2	U1	0
ENCFF314LPK	ENCSR000AFS	Homo sapiens frontal cortex tissue female embryo (20 weeks) and male embryo (22 weeks)	1	RNU11	U11	0
ENCFF314LPK	ENCSR000AFS	Homo sapiens frontal cortex tissue female embryo (20 weeks) and male embryo (22 weeks)	1	RNU5F-1	U5	43
ENCFF314LPK	ENCSR000AFS	Homo sapiens frontal cortex tissue female embryo (20 weeks) and male embryo (22 weeks)	1	RNU5D-1	U5	709
ENCFF314LPK	ENCSR000AFS	Homo sapiens frontal cortex tissue female embryo (20 weeks) and male embryo (22 weeks)	1	RNU4ATAC	U4atac	54254
ENCFF314LPK	ENCSR000AFS	Homo sapiens frontal cortex tissue female embryo (20 weeks) and male embryo (22 weeks)	1	RMRP		0
ENCFF314LPK	ENCSR000AFS	Homo sapiens frontal cortex tissue female embryo (20 weeks) and male embryo (22 weeks)	1	RNU6ATAC	U6atac	230
ENCFF314LPK	ENCSR000AFS	Homo sapiens frontal cortex tissue female embryo (20 weeks) and male embryo (22 weeks)	1	RNU2-2P	U2	0
ENCFF314LPK	ENCSR000AFS	Homo sapiens frontal cortex tissue female embryo (20 weeks) and male embryo (22 weeks)	1	RNU7-1	U7	0
ENCFF314LPK	ENCSR000AFS	Homo sapiens frontal cortex tissue female embryo (20 weeks) and male embryo (22 weeks)	1	RNU4-2	U4	48818
ENCFF314LPK	ENCSR000AFS	Homo sapiens frontal cortex tissue female embryo (20 weeks) and male embryo (22 weeks)	1	RNU4-1	U4	11221
ENCFF314LPK	ENCSR000AFS	Homo sapiens frontal cortex tissue female embryo (20 weeks) and male embryo (22 weeks)	1	RPPH1		0
ENCFF314LPK	ENCSR000AFS	Homo sapiens frontal cortex tissue female embryo (20 weeks) and male embryo (22 weeks)	1	RNU6-7	U6	7
ENCFF314LPK	ENCSR000AFS	Homo sapiens frontal cortex tissue female embryo (20 weeks) and male embryo (22 weeks)	1	RNU6-8	U6	2
ENCFF314LPK	ENCSR000AFS	Homo sapiens frontal cortex tissue female embryo (20 weeks) and male embryo (22 weeks)	1	RN7SL1		0
ENCFF314LPK	ENCSR000AFS	Homo sapiens frontal cortex tissue female embryo (20 weeks) and male embryo (22 weeks)	1	RN7SL2		339
ENCFF314LPK	ENCSR000AFS	Homo sapiens frontal cortex tissue female embryo (20 weeks) and male embryo (22 weeks)	1	RNU5A-1	U5	14905862
ENCFF314LPK	ENCSR000AFS	Homo sapiens frontal cortex tissue female embryo (20 weeks) and male embryo (22 weeks)	1	RNU5B-1	U5	5919894
ENCFF314LPK	ENCSR000AFS	Homo sapiens frontal cortex tissue female embryo (20 weeks) and male embryo (22 weeks)	1	RNU6-1	U6	3
ENCFF314LPK	ENCSR000AFS	Homo sapiens frontal cortex tissue female embryo (20 weeks) and male embryo (22 weeks)	1	RNU2-1	U2	0
ENCFF314LPK	ENCSR000AFS	Homo sapiens frontal cortex tissue female embryo (20 weeks) and male embryo (22 weeks)	1	RNU6-9	U6	1
ENCFF314LPK	ENCSR000AFS	Homo sapiens frontal cortex tissue female embryo (20 weeks) and male embryo (22 weeks)	1	RNU6-2	U6	20
ENCFF314LPK	ENCSR000AFS	Homo sapiens frontal cortex tissue female embryo (20 weeks) and male embryo (22 weeks)	1	RNU12	U12	0
ENCFF484IXG	ENCSR000AFS	Homo sapiens frontal cortex tissue female embryo (20 weeks) and male embryo (22 weeks)	2	RNU5E-1	U5	66642
ENCFF484IXG	ENCSR000AFS	Homo sapiens frontal cortex tissue female embryo (20 weeks) and male embryo (22 weeks)	2	RNU1-1	U1	2
ENCFF484IXG	ENCSR000AFS	Homo sapiens frontal cortex tissue female embryo (20 weeks) and male embryo (22 weeks)	2	RNU1-3	U1	0
ENCFF484IXG	ENCSR000AFS	Homo sapiens frontal cortex tissue female embryo (20 weeks) and male embryo (22 weeks)	2	RNU1-4	U1	0
ENCFF484IXG	ENCSR000AFS	Homo sapiens frontal cortex tissue female embryo (20 weeks) and male embryo (22 weeks)	2	RNU1-2	U1	0
ENCFF484IXG	ENCSR000AFS	Homo sapiens frontal cortex tissue female embryo (20 weeks) and male embryo (22 weeks)	2	RNU11	U11	0
ENCFF484IXG	ENCSR000AFS	Homo sapiens frontal cortex tissue female embryo (20 weeks) and male embryo (22 weeks)	2	RNU5F-1	U5	52
ENCFF484IXG	ENCSR000AFS	Homo sapiens frontal cortex tissue female embryo (20 weeks) and male embryo (22 weeks)	2	RNU5D-1	U5	1019
ENCFF484IXG	ENCSR000AFS	Homo sapiens frontal cortex tissue female embryo (20 weeks) and male embryo (22 weeks)	2	RNU4ATAC	U4atac	55222
ENCFF484IXG	ENCSR000AFS	Homo sapiens frontal cortex tissue female embryo (20 weeks) and male embryo (22 weeks)	2	RMRP		0
ENCFF484IXG	ENCSR000AFS	Homo sapiens frontal cortex tissue female embryo (20 weeks) and male embryo (22 weeks)	2	RNU6ATAC	U6atac	249
ENCFF484IXG	ENCSR000AFS	Homo sapiens frontal cortex tissue female embryo (20 weeks) and male embryo (22 weeks)	2	RNU2-2P	U2	0
ENCFF484IXG	ENCSR000AFS	Homo sapiens frontal cortex tissue female embryo (20 weeks) and male embryo (22 weeks)	2	RNU7-1	U7	0
ENCFF484IXG	ENCSR000AFS	Homo sapiens frontal cortex tissue female embryo (20 weeks) and male embryo (22 weeks)	2	RNU4-2	U4	51649
ENCFF484IXG	ENCSR000AFS	Homo sapiens frontal cortex tissue female embryo (20 weeks) and male embryo (22 weeks)	2	RNU4-1	U4	15930
ENCFF484IXG	ENCSR000AFS	Homo sapiens frontal cortex tissue female embryo (20 weeks) and male embryo (22 weeks)	2	RPPH1		0
ENCFF484IXG	ENCSR000AFS	Homo sapiens frontal cortex tissue female embryo (20 weeks) and male embryo (22 weeks)	2	RNU6-7	U6	15
ENCFF484IXG	ENCSR000AFS	Homo sapiens frontal cortex tissue female embryo (20 weeks) and male embryo (22 weeks)	2	RNU6-8	U6	3
ENCFF484IXG	ENCSR000AFS	Homo sapiens frontal cortex tissue female embryo (20 weeks) and male embryo (22 weeks)	2	RN7SL1		0
ENCFF484IXG	ENCSR000AFS	Homo sapiens frontal cortex tissue female embryo (20 weeks) and male embryo (22 weeks)	2	RN7SL2		478
ENCFF484IXG	ENCSR000AFS	Homo sapiens frontal cortex tissue female embryo (20 weeks) and male embryo (22 weeks)	2	RNU5A-1	U5	11152694
ENCFF484IXG	ENCSR000AFS	Homo sapiens frontal cortex tissue female embryo (20 weeks) and male embryo (22 weeks)	2	RNU5B-1	U5	5084720
ENCFF484IXG	ENCSR000AFS	Homo sapiens frontal cortex tissue female embryo (20 weeks) and male embryo (22 weeks)	2	RNU6-1	U6	2
ENCFF484IXG	ENCSR000AFS	Homo sapiens frontal cortex tissue female embryo (20 weeks) and male embryo (22 weeks)	2	RNU2-1	U2	0
ENCFF484IXG	ENCSR000AFS	Homo sapiens frontal cortex tissue female embryo (20 weeks) and male embryo (22 weeks)	2	RNU6-9	U6	3
ENCFF484IXG	ENCSR000AFS	Homo sapiens frontal cortex tissue female embryo (20 weeks) and male embryo (22 weeks)	2	RNU6-2	U6	12
ENCFF484IXG	ENCSR000AFS	Homo sapiens frontal cortex tissue female embryo (20 weeks) and male embryo (22 weeks)	2	RNU12	U12	0
ENCFF478BQT	ENCSR000AGD	Homo sapiens temporal lobe tissue female embryo (20 weeks) and female embryo (24 weeks)	1	RNU5E-1	U5	103119
ENCFF478BQT	ENCSR000AGD	Homo sapiens temporal lobe tissue female embryo (20 weeks) and female embryo (24 weeks)	1	RNU1-1	U1	8
ENCFF478BQT	ENCSR000AGD	Homo sapiens temporal lobe tissue female embryo (20 weeks) and female embryo (24 weeks)	1	RNU1-3	U1	0
ENCFF478BQT	ENCSR000AGD	Homo sapiens temporal lobe tissue female embryo (20 weeks) and female embryo (24 weeks)	1	RNU1-4	U1	0
ENCFF478BQT	ENCSR000AGD	Homo sapiens temporal lobe tissue female embryo (20 weeks) and female embryo (24 weeks)	1	RNU1-2	U1	0
ENCFF478BQT	ENCSR000AGD	Homo sapiens temporal lobe tissue female embryo (20 weeks) and female embryo (24 weeks)	1	RNU11	U11	0
ENCFF478BQT	ENCSR000AGD	Homo sapiens temporal lobe tissue female embryo (20 weeks) and female embryo (24 weeks)	1	RNU5F-1	U5	407
ENCFF478BQT	ENCSR000AGD	Homo sapiens temporal lobe tissue female embryo (20 weeks) and female embryo (24 weeks)	1	RNU5D-1	U5	719
ENCFF478BQT	ENCSR000AGD	Homo sapiens temporal lobe tissue female embryo (20 weeks) and female embryo (24 weeks)	1	RNU4ATAC	U4atac	81967
ENCFF478BQT	ENCSR000AGD	Homo sapiens temporal lobe tissue female embryo (20 weeks) and female embryo (24 weeks)	1	RMRP		0
ENCFF478BQT	ENCSR000AGD	Homo sapiens temporal lobe tissue female embryo (20 weeks) and female embryo (24 weeks)	1	RNU6ATAC	U6atac	665
ENCFF478BQT	ENCSR000AGD	Homo sapiens temporal lobe tissue female embryo (20 weeks) and female embryo (24 weeks)	1	RNU2-2P	U2	0
ENCFF478BQT	ENCSR000AGD	Homo sapiens temporal lobe tissue female embryo (20 weeks) and female embryo (24 weeks)	1	RNU7-1	U7	0
ENCFF478BQT	ENCSR000AGD	Homo sapiens temporal lobe tissue female embryo (20 weeks) and female embryo (24 weeks)	1	RNU4-2	U4	101781
ENCFF478BQT	ENCSR000AGD	Homo sapiens temporal lobe tissue female embryo (20 weeks) and female embryo (24 weeks)	1	RNU4-1	U4	24625
ENCFF478BQT	ENCSR000AGD	Homo sapiens temporal lobe tissue female embryo (20 weeks) and female embryo (24 weeks)	1	RPPH1		0
ENCFF478BQT	ENCSR000AGD	Homo sapiens temporal lobe tissue female embryo (20 weeks) and female embryo (24 weeks)	1	RNU6-7	U6	8
ENCFF478BQT	ENCSR000AGD	Homo sapiens temporal lobe tissue female embryo (20 weeks) and female embryo (24 weeks)	1	RNU6-8	U6	2
ENCFF478BQT	ENCSR000AGD	Homo sapiens temporal lobe tissue female embryo (20 weeks) and female embryo (24 weeks)	1	RN7SL1		0
ENCFF478BQT	ENCSR000AGD	Homo sapiens temporal lobe tissue female embryo (20 weeks) and female embryo (24 weeks)	1	RN7SL2		609
ENCFF478BQT	ENCSR000AGD	Homo sapiens temporal lobe tissue female embryo (20 weeks) and female embryo (24 weeks)	1	RNU5A-1	U5	12778854
ENCFF478BQT	ENCSR000AGD	Homo sapiens temporal lobe tissue female embryo (20 weeks) and female embryo (24 weeks)	1	RNU5B-1	U5	6070633
ENCFF478BQT	ENCSR000AGD	Homo sapiens temporal lobe tissue female embryo (20 weeks) and female embryo (24 weeks)	1	RNU6-1	U6	2
ENCFF478BQT	ENCSR000AGD	Homo sapiens temporal lobe tissue female embryo (20 weeks) and female embryo (24 weeks)	1	RNU2-1	U2	0
ENCFF478BQT	ENCSR000AGD	Homo sapiens temporal lobe tissue female embryo (20 weeks) and female embryo (24 weeks)	1	RNU6-9	U6	6
ENCFF478BQT	ENCSR000AGD	Homo sapiens temporal lobe tissue female embryo (20 weeks) and female embryo (24 weeks)	1	RNU6-2	U6	13
ENCFF478BQT	ENCSR000AGD	Homo sapiens temporal lobe tissue female embryo (20 weeks) and female embryo (24 weeks)	1	RNU12	U12	0
ENCFF590RAN	ENCSR000AGD	Homo sapiens temporal lobe tissue female embryo (20 weeks) and female embryo (24 weeks)	2	RNU5E-1	U5	86814
ENCFF590RAN	ENCSR000AGD	Homo sapiens temporal lobe tissue female embryo (20 weeks) and female embryo (24 weeks)	2	RNU1-1	U1	10
ENCFF590RAN	ENCSR000AGD	Homo sapiens temporal lobe tissue female embryo (20 weeks) and female embryo (24 weeks)	2	RNU1-3	U1	0
ENCFF590RAN	ENCSR000AGD	Homo sapiens temporal lobe tissue female embryo (20 weeks) and female embryo (24 weeks)	2	RNU1-4	U1	0
ENCFF590RAN	ENCSR000AGD	Homo sapiens temporal lobe tissue female embryo (20 weeks) and female embryo (24 weeks)	2	RNU1-2	U1	0
ENCFF590RAN	ENCSR000AGD	Homo sapiens temporal lobe tissue female embryo (20 weeks) and female embryo (24 weeks)	2	RNU11	U11	0
ENCFF590RAN	ENCSR000AGD	Homo sapiens temporal lobe tissue female embryo (20 weeks) and female embryo (24 weeks)	2	RNU5F-1	U5	383
ENCFF590RAN	ENCSR000AGD	Homo sapiens temporal lobe tissue female embryo (20 weeks) and female embryo (24 weeks)	2	RNU5D-1	U5	1362
ENCFF590RAN	ENCSR000AGD	Homo sapiens temporal lobe tissue female embryo (20 weeks) and female embryo (24 weeks)	2	RNU4ATAC	U4atac	75911
ENCFF590RAN	ENCSR000AGD	Homo sapiens temporal lobe tissue female embryo (20 weeks) and female embryo (24 weeks)	2	RMRP		0
ENCFF590RAN	ENCSR000AGD	Homo sapiens temporal lobe tissue female embryo (20 weeks) and female embryo (24 weeks)	2	RNU6ATAC	U6atac	535
ENCFF590RAN	ENCSR000AGD	Homo sapiens temporal lobe tissue female embryo (20 weeks) and female embryo (24 weeks)	2	RNU2-2P	U2	0
ENCFF590RAN	ENCSR000AGD	Homo sapiens temporal lobe tissue female embryo (20 weeks) and female embryo (24 weeks)	2	RNU7-1	U7	0
ENCFF590RAN	ENCSR000AGD	Homo sapiens temporal lobe tissue female embryo (20 weeks) and female embryo (24 weeks)	2	RNU4-2	U4	90164
ENCFF590RAN	ENCSR000AGD	Homo sapiens temporal lobe tissue female embryo (20 weeks) and female embryo (24 weeks)	2	RNU4-1	U4	30417
ENCFF590RAN	ENCSR000AGD	Homo sapiens temporal lobe tissue female embryo (20 weeks) and female embryo (24 weeks)	2	RPPH1		0
ENCFF590RAN	ENCSR000AGD	Homo sapiens temporal lobe tissue female embryo (20 weeks) and female embryo (24 weeks)	2	RNU6-7	U6	2
ENCFF590RAN	ENCSR000AGD	Homo sapiens temporal lobe tissue female embryo (20 weeks) and female embryo (24 weeks)	2	RNU6-8	U6	2
ENCFF590RAN	ENCSR000AGD	Homo sapiens temporal lobe tissue female embryo (20 weeks) and female embryo (24 weeks)	2	RN7SL1		0
ENCFF590RAN	ENCSR000AGD	Homo sapiens temporal lobe tissue female embryo (20 weeks) and female embryo (24 weeks)	2	RN7SL2		6842
ENCFF590RAN	ENCSR000AGD	Homo sapiens temporal lobe tissue female embryo (20 weeks) and female embryo (24 weeks)	2	RNU5A-1	U5	11014838
ENCFF590RAN	ENCSR000AGD	Homo sapiens temporal lobe tissue female embryo (20 weeks) and female embryo (24 weeks)	2	RNU5B-1	U5	6341815
ENCFF590RAN	ENCSR000AGD	Homo sapiens temporal lobe tissue female embryo (20 weeks) and female embryo (24 weeks)	2	RNU6-1	U6	2
ENCFF590RAN	ENCSR000AGD	Homo sapiens temporal lobe tissue female embryo (20 weeks) and female embryo (24 weeks)	2	RNU2-1	U2	0
ENCFF590RAN	ENCSR000AGD	Homo sapiens temporal lobe tissue female embryo (20 weeks) and female embryo (24 weeks)	2	RNU6-9	U6	3
ENCFF590RAN	ENCSR000AGD	Homo sapiens temporal lobe tissue female embryo (20 weeks) and female embryo (24 weeks)	2	RNU6-2	U6	12
ENCFF590RAN	ENCSR000AGD	Homo sapiens temporal lobe tissue female embryo (20 weeks) and female embryo (24 weeks)	2	RNU12	U12	0
ENCFF231OME	ENCSR000AFQ	Homo sapiens cerebellum tissue female embryo (19 weeks) and female embryo (37 weeks)	1	RNU5E-1	U5	38379
ENCFF231OME	ENCSR000AFQ	Homo sapiens cerebellum tissue female embryo (19 weeks) and female embryo (37 weeks)	1	RNU1-1	U1	3
ENCFF231OME	ENCSR000AFQ	Homo sapiens cerebellum tissue female embryo (19 weeks) and female embryo (37 weeks)	1	RNU1-3	U1	0
ENCFF231OME	ENCSR000AFQ	Homo sapiens cerebellum tissue female embryo (19 weeks) and female embryo (37 weeks)	1	RNU1-4	U1	0
ENCFF231OME	ENCSR000AFQ	Homo sapiens cerebellum tissue female embryo (19 weeks) and female embryo (37 weeks)	1	RNU1-2	U1	0
ENCFF231OME	ENCSR000AFQ	Homo sapiens cerebellum tissue female embryo (19 weeks) and female embryo (37 weeks)	1	RNU11	U11	0
ENCFF231OME	ENCSR000AFQ	Homo sapiens cerebellum tissue female embryo (19 weeks) and female embryo (37 weeks)	1	RNU5F-1	U5	102
ENCFF231OME	ENCSR000AFQ	Homo sapiens cerebellum tissue female embryo (19 weeks) and female embryo (37 weeks)	1	RNU5D-1	U5	200
ENCFF231OME	ENCSR000AFQ	Homo sapiens cerebellum tissue female embryo (19 weeks) and female embryo (37 weeks)	1	RNU4ATAC	U4atac	81582
ENCFF231OME	ENCSR000AFQ	Homo sapiens cerebellum tissue female embryo (19 weeks) and female embryo (37 weeks)	1	RMRP		0
ENCFF231OME	ENCSR000AFQ	Homo sapiens cerebellum tissue female embryo (19 weeks) and female embryo (37 weeks)	1	RNU6ATAC	U6atac	254
ENCFF231OME	ENCSR000AFQ	Homo sapiens cerebellum tissue female embryo (19 weeks) and female embryo (37 weeks)	1	RNU2-2P	U2	0
ENCFF231OME	ENCSR000AFQ	Homo sapiens cerebellum tissue female embryo (19 weeks) and female embryo (37 weeks)	1	RNU7-1	U7	0
ENCFF231OME	ENCSR000AFQ	Homo sapiens cerebellum tissue female embryo (19 weeks) and female embryo (37 weeks)	1	RNU4-2	U4	54435
ENCFF231OME	ENCSR000AFQ	Homo sapiens cerebellum tissue female embryo (19 weeks) and female embryo (37 weeks)	1	RNU4-1	U4	16192
ENCFF231OME	ENCSR000AFQ	Homo sapiens cerebellum tissue female embryo (19 weeks) and female embryo (37 weeks)	1	RPPH1		0
ENCFF231OME	ENCSR000AFQ	Homo sapiens cerebellum tissue female embryo (19 weeks) and female embryo (37 weeks)	1	RNU6-7	U6	19
ENCFF231OME	ENCSR000AFQ	Homo sapiens cerebellum tissue female embryo (19 weeks) and female embryo (37 weeks)	1	RNU6-8	U6	1
ENCFF231OME	ENCSR000AFQ	Homo sapiens cerebellum tissue female embryo (19 weeks) and female embryo (37 weeks)	1	RN7SL1		0
ENCFF231OME	ENCSR000AFQ	Homo sapiens cerebellum tissue female embryo (19 weeks) and female embryo (37 weeks)	1	RN7SL2		185
ENCFF231OME	ENCSR000AFQ	Homo sapiens cerebellum tissue female embryo (19 weeks) and female embryo (37 weeks)	1	RNU5A-1	U5	12701412
ENCFF231OME	ENCSR000AFQ	Homo sapiens cerebellum tissue female embryo (19 weeks) and female embryo (37 weeks)	1	RNU5B-1	U5	4860529
ENCFF231OME	ENCSR000AFQ	Homo sapiens cerebellum tissue female embryo (19 weeks) and female embryo (37 weeks)	1	RNU6-1	U6	1
ENCFF231OME	ENCSR000AFQ	Homo sapiens cerebellum tissue female embryo (19 weeks) and female embryo (37 weeks)	1	RNU2-1	U2	0
ENCFF231OME	ENCSR000AFQ	Homo sapiens cerebellum tissue female embryo (19 weeks) and female embryo (37 weeks)	1	RNU6-9	U6	0
ENCFF231OME	ENCSR000AFQ	Homo sapiens cerebellum tissue female embryo (19 weeks) and female embryo (37 weeks)	1	RNU6-2	U6	10
ENCFF231OME	ENCSR000AFQ	Homo sapiens cerebellum tissue female embryo (19 weeks) and female embryo (37 weeks)	1	RNU12	U12	0
ENCFF444BMK	ENCSR000AFQ	Homo sapiens cerebellum tissue female embryo (19 weeks) and female embryo (37 weeks)	2	RNU5E-1	U5	85289
ENCFF444BMK	ENCSR000AFQ	Homo sapiens cerebellum tissue female embryo (19 weeks) and female embryo (37 weeks)	2	RNU1-1	U1	3
ENCFF444BMK	ENCSR000AFQ	Homo sapiens cerebellum tissue female embryo (19 weeks) and female embryo (37 weeks)	2	RNU1-3	U1	0
ENCFF444BMK	ENCSR000AFQ	Homo sapiens cerebellum tissue female embryo (19 weeks) and female embryo (37 weeks)	2	RNU1-4	U1	0
ENCFF444BMK	ENCSR000AFQ	Homo sapiens cerebellum tissue female embryo (19 weeks) and female embryo (37 weeks)	2	RNU1-2	U1	0
ENCFF444BMK	ENCSR000AFQ	Homo sapiens cerebellum tissue female embryo (19 weeks) and female embryo (37 weeks)	2	RNU11	U11	0
ENCFF444BMK	ENCSR000AFQ	Homo sapiens cerebellum tissue female embryo (19 weeks) and female embryo (37 weeks)	2	RNU5F-1	U5	142
ENCFF444BMK	ENCSR000AFQ	Homo sapiens cerebellum tissue female embryo (19 weeks) and female embryo (37 weeks)	2	RNU5D-1	U5	882
ENCFF444BMK	ENCSR000AFQ	Homo sapiens cerebellum tissue female embryo (19 weeks) and female embryo (37 weeks)	2	RNU4ATAC	U4atac	83856
ENCFF444BMK	ENCSR000AFQ	Homo sapiens cerebellum tissue female embryo (19 weeks) and female embryo (37 weeks)	2	RMRP		0
ENCFF444BMK	ENCSR000AFQ	Homo sapiens cerebellum tissue female embryo (19 weeks) and female embryo (37 weeks)	2	RNU6ATAC	U6atac	488
ENCFF444BMK	ENCSR000AFQ	Homo sapiens cerebellum tissue female embryo (19 weeks) and female embryo (37 weeks)	2	RNU2-2P	U2	0
ENCFF444BMK	ENCSR000AFQ	Homo sapiens cerebellum tissue female embryo (19 weeks) and female embryo (37 weeks)	2	RNU7-1	U7	0
ENCFF444BMK	ENCSR000AFQ	Homo sapiens cerebellum tissue female embryo (19 weeks) and female embryo (37 weeks)	2	RNU4-2	U4	54202
ENCFF444BMK	ENCSR000AFQ	Homo sapiens cerebellum tissue female embryo (19 weeks) and female embryo (37 weeks)	2	RNU4-1	U4	26604
ENCFF444BMK	ENCSR000AFQ	Homo sapiens cerebellum tissue female embryo (19 weeks) and female embryo (37 weeks)	2	RPPH1		0
ENCFF444BMK	ENCSR000AFQ	Homo sapiens cerebellum tissue female embryo (19 weeks) and female embryo (37 weeks)	2	RNU6-7	U6	115
ENCFF444BMK	ENCSR000AFQ	Homo sapiens cerebellum tissue female embryo (19 weeks) and female embryo (37 weeks)	2	RNU6-8	U6	4
ENCFF444BMK	ENCSR000AFQ	Homo sapiens cerebellum tissue female embryo (19 weeks) and female embryo (37 weeks)	2	RN7SL1		0
ENCFF444BMK	ENCSR000AFQ	Homo sapiens cerebellum tissue female embryo (19 weeks) and female embryo (37 weeks)	2	RN7SL2		90
ENCFF444BMK	ENCSR000AFQ	Homo sapiens cerebellum tissue female embryo (19 weeks) and female embryo (37 weeks)	2	RNU5A-1	U5	21883667
ENCFF444BMK	ENCSR000AFQ	Homo sapiens cerebellum tissue female embryo (19 weeks) and female embryo (37 weeks)	2	RNU5B-1	U5	5780127
ENCFF444BMK	ENCSR000AFQ	Homo sapiens cerebellum tissue female embryo (19 weeks) and female embryo (37 weeks)	2	RNU6-1	U6	1
ENCFF444BMK	ENCSR000AFQ	Homo sapiens cerebellum tissue female embryo (19 weeks) and female embryo (37 weeks)	2	RNU2-1	U2	0
ENCFF444BMK	ENCSR000AFQ	Homo sapiens cerebellum tissue female embryo (19 weeks) and female embryo (37 weeks)	2	RNU6-9	U6	2
ENCFF444BMK	ENCSR000AFQ	Homo sapiens cerebellum tissue female embryo (19 weeks) and female embryo (37 weeks)	2	RNU6-2	U6	16
ENCFF444BMK	ENCSR000AFQ	Homo sapiens cerebellum tissue female embryo (19 weeks) and female embryo (37 weeks)	2	RNU12	U12	0
ENCFF282GXN	ENCSR000CTJ	Homo sapiens SK-N-SH	3	RNU5E-1	U5	159
ENCFF282GXN	ENCSR000CTJ	Homo sapiens SK-N-SH	3	RNU1-1	U1	0
ENCFF282GXN	ENCSR000CTJ	Homo sapiens SK-N-SH	3	RNU1-3	U1	0
ENCFF282GXN	ENCSR000CTJ	Homo sapiens SK-N-SH	3	RNU1-4	U1	0
ENCFF282GXN	ENCSR000CTJ	Homo sapiens SK-N-SH	3	RNU1-2	U1	0
ENCFF282GXN	ENCSR000CTJ	Homo sapiens SK-N-SH	3	RNU11	U11	0
ENCFF282GXN	ENCSR000CTJ	Homo sapiens SK-N-SH	3	RNU5F-1	U5	44
ENCFF282GXN	ENCSR000CTJ	Homo sapiens SK-N-SH	3	RNU5D-1	U5	2846
ENCFF282GXN	ENCSR000CTJ	Homo sapiens SK-N-SH	3	RNU4ATAC	U4atac	1402
ENCFF282GXN	ENCSR000CTJ	Homo sapiens SK-N-SH	3	RMRP		0
ENCFF282GXN	ENCSR000CTJ	Homo sapiens SK-N-SH	3	RNU6ATAC	U6atac	96
ENCFF282GXN	ENCSR000CTJ	Homo sapiens SK-N-SH	3	RNU2-2P	U2	0
ENCFF282GXN	ENCSR000CTJ	Homo sapiens SK-N-SH	3	RNU7-1	U7	0
ENCFF282GXN	ENCSR000CTJ	Homo sapiens SK-N-SH	3	RNU4-2	U4	298
ENCFF282GXN	ENCSR000CTJ	Homo sapiens SK-N-SH	3	RNU4-1	U4	123
ENCFF282GXN	ENCSR000CTJ	Homo sapiens SK-N-SH	3	RPPH1		0
ENCFF282GXN	ENCSR000CTJ	Homo sapiens SK-N-SH	3	RNU6-7	U6	0
ENCFF282GXN	ENCSR000CTJ	Homo sapiens SK-N-SH	3	RNU6-8	U6	0
ENCFF282GXN	ENCSR000CTJ	Homo sapiens SK-N-SH	3	RN7SL1		0
ENCFF282GXN	ENCSR000CTJ	Homo sapiens SK-N-SH	3	RN7SL2		0
ENCFF282GXN	ENCSR000CTJ	Homo sapiens SK-N-SH	3	RNU5A-1	U5	373
ENCFF282GXN	ENCSR000CTJ	Homo sapiens SK-N-SH	3	RNU5B-1	U5	182
ENCFF282GXN	ENCSR000CTJ	Homo sapiens SK-N-SH	3	RNU6-1	U6	2
ENCFF282GXN	ENCSR000CTJ	Homo sapiens SK-N-SH	3	RNU2-1	U2	0
ENCFF282GXN	ENCSR000CTJ	Homo sapiens SK-N-SH	3	RNU6-9	U6	23
ENCFF282GXN	ENCSR000CTJ	Homo sapiens SK-N-SH	3	RNU6-2	U6	4
ENCFF282GXN	ENCSR000CTJ	Homo sapiens SK-N-SH	3	RNU12	U12	0
ENCFF614MIV	ENCSR000CTJ	Homo sapiens SK-N-SH	4	RNU5E-1	U5	113
ENCFF614MIV	ENCSR000CTJ	Homo sapiens SK-N-SH	4	RNU1-1	U1	0
ENCFF614MIV	ENCSR000CTJ	Homo sapiens SK-N-SH	4	RNU1-3	U1	0
ENCFF614MIV	ENCSR000CTJ	Homo sapiens SK-N-SH	4	RNU1-4	U1	0
ENCFF614MIV	ENCSR000CTJ	Homo sapiens SK-N-SH	4	RNU1-2	U1	0
ENCFF614MIV	ENCSR000CTJ	Homo sapiens SK-N-SH	4	RNU11	U11	0
ENCFF614MIV	ENCSR000CTJ	Homo sapiens SK-N-SH	4	RNU5F-1	U5	29
ENCFF614MIV	ENCSR000CTJ	Homo sapiens SK-N-SH	4	RNU5D-1	U5	1896
ENCFF614MIV	ENCSR000CTJ	Homo sapiens SK-N-SH	4	RNU4ATAC	U4atac	899
ENCFF614MIV	ENCSR000CTJ	Homo sapiens SK-N-SH	4	RMRP		0
ENCFF614MIV	ENCSR000CTJ	Homo sapiens SK-N-SH	4	RNU6ATAC	U6atac	23
ENCFF614MIV	ENCSR000CTJ	Homo sapiens SK-N-SH	4	RNU2-2P	U2	0
ENCFF614MIV	ENCSR000CTJ	Homo sapiens SK-N-SH	4	RNU7-1	U7	0
ENCFF614MIV	ENCSR000CTJ	Homo sapiens SK-N-SH	4	RNU4-2	U4	290
ENCFF614MIV	ENCSR000CTJ	Homo sapiens SK-N-SH	4	RNU4-1	U4	126
ENCFF614MIV	ENCSR000CTJ	Homo sapiens SK-N-SH	4	RPPH1		0
ENCFF614MIV	ENCSR000CTJ	Homo sapiens SK-N-SH	4	RNU6-7	U6	0
ENCFF614MIV	ENCSR000CTJ	Homo sapiens SK-N-SH	4	RNU6-8	U6	0
ENCFF614MIV	ENCSR000CTJ	Homo sapiens SK-N-SH	4	RN7SL1		0
ENCFF614MIV	ENCSR000CTJ	Homo sapiens SK-N-SH	4	RN7SL2		0
ENCFF614MIV	ENCSR000CTJ	Homo sapiens SK-N-SH	4	RNU5A-1	U5	402
ENCFF614MIV	ENCSR000CTJ	Homo sapiens SK-N-SH	4	RNU5B-1	U5	206
ENCFF614MIV	ENCSR000CTJ	Homo sapiens SK-N-SH	4	RNU6-1	U6	4
ENCFF614MIV	ENCSR000CTJ	Homo sapiens SK-N-SH	4	RNU2-1	U2	0
ENCFF614MIV	ENCSR000CTJ	Homo sapiens SK-N-SH	4	RNU6-9	U6	14
ENCFF614MIV	ENCSR000CTJ	Homo sapiens SK-N-SH	4	RNU6-2	U6	0
ENCFF614MIV	ENCSR000CTJ	Homo sapiens SK-N-SH	4	RNU12	U12	0
ENCFF739XQV	ENCSR000CTH	Homo sapiens IMR-90	1	RNU5E-1	U5	3013
ENCFF739XQV	ENCSR000CTH	Homo sapiens IMR-90	1	RNU1-1	U1	0
ENCFF739XQV	ENCSR000CTH	Homo sapiens IMR-90	1	RNU1-3	U1	0
ENCFF739XQV	ENCSR000CTH	Homo sapiens IMR-90	1	RNU1-4	U1	0
ENCFF739XQV	ENCSR000CTH	Homo sapiens IMR-90	1	RNU1-2	U1	0
ENCFF739XQV	ENCSR000CTH	Homo sapiens IMR-90	1	RNU11	U11	0
ENCFF739XQV	ENCSR000CTH	Homo sapiens IMR-90	1	RNU5F-1	U5	112
ENCFF739XQV	ENCSR000CTH	Homo sapiens IMR-90	1	RNU5D-1	U5	9335
ENCFF739XQV	ENCSR000CTH	Homo sapiens IMR-90	1	RNU4ATAC	U4atac	473
ENCFF739XQV	ENCSR000CTH	Homo sapiens IMR-90	1	RMRP		0
ENCFF739XQV	ENCSR000CTH	Homo sapiens IMR-90	1	RNU6ATAC	U6atac	140
ENCFF739XQV	ENCSR000CTH	Homo sapiens IMR-90	1	RNU2-2P	U2	0
ENCFF739XQV	ENCSR000CTH	Homo sapiens IMR-90	1	RNU7-1	U7	0
ENCFF739XQV	ENCSR000CTH	Homo sapiens IMR-90	1	RNU4-2	U4	2255
ENCFF739XQV	ENCSR000CTH	Homo sapiens IMR-90	1	RNU4-1	U4	844
ENCFF739XQV	ENCSR000CTH	Homo sapiens IMR-90	1	RPPH1		0
ENCFF739XQV	ENCSR000CTH	Homo sapiens IMR-90	1	RNU6-7	U6	2
ENCFF739XQV	ENCSR000CTH	Homo sapiens IMR-90	1	RNU6-8	U6	2
ENCFF739XQV	ENCSR000CTH	Homo sapiens IMR-90	1	RN7SL1		0
ENCFF739XQV	ENCSR000CTH	Homo sapiens IMR-90	1	RN7SL2		0
ENCFF739XQV	ENCSR000CTH	Homo sapiens IMR-90	1	RNU5A-1	U5	5202
ENCFF739XQV	ENCSR000CTH	Homo sapiens IMR-90	1	RNU5B-1	U5	3135
ENCFF739XQV	ENCSR000CTH	Homo sapiens IMR-90	1	RNU6-1	U6	8
ENCFF739XQV	ENCSR000CTH	Homo sapiens IMR-90	1	RNU2-1	U2	0
ENCFF739XQV	ENCSR000CTH	Homo sapiens IMR-90	1	RNU6-9	U6	5280
ENCFF739XQV	ENCSR000CTH	Homo sapiens IMR-90	1	RNU6-2	U6	63
ENCFF739XQV	ENCSR000CTH	Homo sapiens IMR-90	1	RNU12	U12	0
ENCFF719OLV	ENCSR000CTH	Homo sapiens IMR-90	2	RNU5E-1	U5	2853
ENCFF719OLV	ENCSR000CTH	Homo sapiens IMR-90	2	RNU1-1	U1	0
ENCFF719OLV	ENCSR000CTH	Homo sapiens IMR-90	2	RNU1-3	U1	0
ENCFF719OLV	ENCSR000CTH	Homo sapiens IMR-90	2	RNU1-4	U1	0
ENCFF719OLV	ENCSR000CTH	Homo sapiens IMR-90	2	RNU1-2	U1	0
ENCFF719OLV	ENCSR000CTH	Homo sapiens IMR-90	2	RNU11	U11	0
ENCFF719OLV	ENCSR000CTH	Homo sapiens IMR-90	2	RNU5F-1	U5	173
ENCFF719OLV	ENCSR000CTH	Homo sapiens IMR-90	2	RNU5D-1	U5	7500
ENCFF719OLV	ENCSR000CTH	Homo sapiens IMR-90	2	RNU4ATAC	U4atac	960
ENCFF719OLV	ENCSR000CTH	Homo sapiens IMR-90	2	RMRP		0
ENCFF719OLV	ENCSR000CTH	Homo sapiens IMR-90	2	RNU6ATAC	U6atac	255
ENCFF719OLV	ENCSR000CTH	Homo sapiens IMR-90	2	RNU2-2P	U2	0
ENCFF719OLV	ENCSR000CTH	Homo sapiens IMR-90	2	RNU7-1	U7	0
ENCFF719OLV	ENCSR000CTH	Homo sapiens IMR-90	2	RNU4-2	U4	2679
ENCFF719OLV	ENCSR000CTH	Homo sapiens IMR-90	2	RNU4-1	U4	1240
ENCFF719OLV	ENCSR000CTH	Homo sapiens IMR-90	2	RPPH1		0
ENCFF719OLV	ENCSR000CTH	Homo sapiens IMR-90	2	RNU6-7	U6	0
ENCFF719OLV	ENCSR000CTH	Homo sapiens IMR-90	2	RNU6-8	U6	0
ENCFF719OLV	ENCSR000CTH	Homo sapiens IMR-90	2	RN7SL1		0
ENCFF719OLV	ENCSR000CTH	Homo sapiens IMR-90	2	RN7SL2		0
ENCFF719OLV	ENCSR000CTH	Homo sapiens IMR-90	2	RNU5A-1	U5	4787
ENCFF719OLV	ENCSR000CTH	Homo sapiens IMR-90	2	RNU5B-1	U5	3908
ENCFF719OLV	ENCSR000CTH	Homo sapiens IMR-90	2	RNU6-1	U6	11
ENCFF719OLV	ENCSR000CTH	Homo sapiens IMR-90	2	RNU2-1	U2	0
ENCFF719OLV	ENCSR000CTH	Homo sapiens IMR-90	2	RNU6-9	U6	2866
ENCFF719OLV	ENCSR000CTH	Homo sapiens IMR-90	2	RNU6-2	U6	16
ENCFF719OLV	ENCSR000CTH	Homo sapiens IMR-90	2	RNU12	U12	0
ENCFF533OAW	ENCSR000CTI	Homo sapiens IMR-90	1	RNU5E-1	U5	32595
ENCFF533OAW	ENCSR000CTI	Homo sapiens IMR-90	1	RNU1-1	U1	0
ENCFF533OAW	ENCSR000CTI	Homo sapiens IMR-90	1	RNU1-3	U1	0
ENCFF533OAW	ENCSR000CTI	Homo sapiens IMR-90	1	RNU1-4	U1	0
ENCFF533OAW	ENCSR000CTI	Homo sapiens IMR-90	1	RNU1-2	U1	0
ENCFF533OAW	ENCSR000CTI	Homo sapiens IMR-90	1	RNU11	U11	0
ENCFF533OAW	ENCSR000CTI	Homo sapiens IMR-90	1	RNU5F-1	U5	5799
ENCFF533OAW	ENCSR000CTI	Homo sapiens IMR-90	1	RNU5D-1	U5	51461
ENCFF533OAW	ENCSR000CTI	Homo sapiens IMR-90	1	RNU4ATAC	U4atac	395
ENCFF533OAW	ENCSR000CTI	Homo sapiens IMR-90	1	RMRP		0
ENCFF533OAW	ENCSR000CTI	Homo sapiens IMR-90	1	RNU6ATAC	U6atac	3633
ENCFF533OAW	ENCSR000CTI	Homo sapiens IMR-90	1	RNU2-2P	U2	0
ENCFF533OAW	ENCSR000CTI	Homo sapiens IMR-90	1	RNU7-1	U7	0
ENCFF533OAW	ENCSR000CTI	Homo sapiens IMR-90	1	RNU4-2	U4	3809
ENCFF533OAW	ENCSR000CTI	Homo sapiens IMR-90	1	RNU4-1	U4	1192
ENCFF533OAW	ENCSR000CTI	Homo sapiens IMR-90	1	RPPH1		0
ENCFF533OAW	ENCSR000CTI	Homo sapiens IMR-90	1	RNU6-7	U6	0
ENCFF533OAW	ENCSR000CTI	Homo sapiens IMR-90	1	RNU6-8	U6	0
ENCFF533OAW	ENCSR000CTI	Homo sapiens IMR-90	1	RN7SL1		0
ENCFF533OAW	ENCSR000CTI	Homo sapiens IMR-90	1	RN7SL2		0
ENCFF533OAW	ENCSR000CTI	Homo sapiens IMR-90	1	RNU5A-1	U5	44847
ENCFF533OAW	ENCSR000CTI	Homo sapiens IMR-90	1	RNU5B-1	U5	28552
ENCFF533OAW	ENCSR000CTI	Homo sapiens IMR-90	1	RNU6-1	U6	52
ENCFF533OAW	ENCSR000CTI	Homo sapiens IMR-90	1	RNU2-1	U2	0
ENCFF533OAW	ENCSR000CTI	Homo sapiens IMR-90	1	RNU6-9	U6	6690
ENCFF533OAW	ENCSR000CTI	Homo sapiens IMR-90	1	RNU6-2	U6	161
ENCFF533OAW	ENCSR000CTI	Homo sapiens IMR-90	1	RNU12	U12	0
ENCFF164WTU	ENCSR000CTI	Homo sapiens IMR-90	2	RNU5E-1	U5	16567
ENCFF164WTU	ENCSR000CTI	Homo sapiens IMR-90	2	RNU1-1	U1	0
ENCFF164WTU	ENCSR000CTI	Homo sapiens IMR-90	2	RNU1-3	U1	0
ENCFF164WTU	ENCSR000CTI	Homo sapiens IMR-90	2	RNU1-4	U1	0
ENCFF164WTU	ENCSR000CTI	Homo sapiens IMR-90	2	RNU1-2	U1	0
ENCFF164WTU	ENCSR000CTI	Homo sapiens IMR-90	2	RNU11	U11	0
ENCFF164WTU	ENCSR000CTI	Homo sapiens IMR-90	2	RNU5F-1	U5	2204
ENCFF164WTU	ENCSR000CTI	Homo sapiens IMR-90	2	RNU5D-1	U5	51621
ENCFF164WTU	ENCSR000CTI	Homo sapiens IMR-90	2	RNU4ATAC	U4atac	519
ENCFF164WTU	ENCSR000CTI	Homo sapiens IMR-90	2	RMRP		0
ENCFF164WTU	ENCSR000CTI	Homo sapiens IMR-90	2	RNU6ATAC	U6atac	7971
ENCFF164WTU	ENCSR000CTI	Homo sapiens IMR-90	2	RNU2-2P	U2	0
ENCFF164WTU	ENCSR000CTI	Homo sapiens IMR-90	2	RNU7-1	U7	0
ENCFF164WTU	ENCSR000CTI	Homo sapiens IMR-90	2	RNU4-2	U4	2424
ENCFF164WTU	ENCSR000CTI	Homo sapiens IMR-90	2	RNU4-1	U4	904
ENCFF164WTU	ENCSR000CTI	Homo sapiens IMR-90	2	RPPH1		0
ENCFF164WTU	ENCSR000CTI	Homo sapiens IMR-90	2	RNU6-7	U6	0
ENCFF164WTU	ENCSR000CTI	Homo sapiens IMR-90	2	RNU6-8	U6	2
ENCFF164WTU	ENCSR000CTI	Homo sapiens IMR-90	2	RN7SL1		0
ENCFF164WTU	ENCSR000CTI	Homo sapiens IMR-90	2	RN7SL2		0
ENCFF164WTU	ENCSR000CTI	Homo sapiens IMR-90	2	RNU5A-1	U5	19387
ENCFF164WTU	ENCSR000CTI	Homo sapiens IMR-90	2	RNU5B-1	U5	17240
ENCFF164WTU	ENCSR000CTI	Homo sapiens IMR-90	2	RNU6-1	U6	73
ENCFF164WTU	ENCSR000CTI	Homo sapiens IMR-90	2	RNU2-1	U2	0
ENCFF164WTU	ENCSR000CTI	Homo sapiens IMR-90	2	RNU6-9	U6	2651
ENCFF164WTU	ENCSR000CTI	Homo sapiens IMR-90	2	RNU6-2	U6	51
ENCFF164WTU	ENCSR000CTI	Homo sapiens IMR-90	2	RNU12	U12	0
ENCFF183NHF	ENCSR000CTA	Homo sapiens SK-N-SH nuclear fraction	3	RNU5E-1	U5	861
ENCFF183NHF	ENCSR000CTA	Homo sapiens SK-N-SH nuclear fraction	3	RNU1-1	U1	0
ENCFF183NHF	ENCSR000CTA	Homo sapiens SK-N-SH nuclear fraction	3	RNU1-3	U1	0
ENCFF183NHF	ENCSR000CTA	Homo sapiens SK-N-SH nuclear fraction	3	RNU1-4	U1	0
ENCFF183NHF	ENCSR000CTA	Homo sapiens SK-N-SH nuclear fraction	3	RNU1-2	U1	0
ENCFF183NHF	ENCSR000CTA	Homo sapiens SK-N-SH nuclear fraction	3	RNU11	U11	0
ENCFF183NHF	ENCSR000CTA	Homo sapiens SK-N-SH nuclear fraction	3	RNU5F-1	U5	46
ENCFF183NHF	ENCSR000CTA	Homo sapiens SK-N-SH nuclear fraction	3	RNU5D-1	U5	6927
ENCFF183NHF	ENCSR000CTA	Homo sapiens SK-N-SH nuclear fraction	3	RNU4ATAC	U4atac	641
ENCFF183NHF	ENCSR000CTA	Homo sapiens SK-N-SH nuclear fraction	3	RMRP		0
ENCFF183NHF	ENCSR000CTA	Homo sapiens SK-N-SH nuclear fraction	3	RNU6ATAC	U6atac	136
ENCFF183NHF	ENCSR000CTA	Homo sapiens SK-N-SH nuclear fraction	3	RNU2-2P	U2	0
ENCFF183NHF	ENCSR000CTA	Homo sapiens SK-N-SH nuclear fraction	3	RNU7-1	U7	0
ENCFF183NHF	ENCSR000CTA	Homo sapiens SK-N-SH nuclear fraction	3	RNU4-2	U4	563
ENCFF183NHF	ENCSR000CTA	Homo sapiens SK-N-SH nuclear fraction	3	RNU4-1	U4	212
ENCFF183NHF	ENCSR000CTA	Homo sapiens SK-N-SH nuclear fraction	3	RPPH1		0
ENCFF183NHF	ENCSR000CTA	Homo sapiens SK-N-SH nuclear fraction	3	RNU6-7	U6	0
ENCFF183NHF	ENCSR000CTA	Homo sapiens SK-N-SH nuclear fraction	3	RNU6-8	U6	1
ENCFF183NHF	ENCSR000CTA	Homo sapiens SK-N-SH nuclear fraction	3	RN7SL1		0
ENCFF183NHF	ENCSR000CTA	Homo sapiens SK-N-SH nuclear fraction	3	RN7SL2		0
ENCFF183NHF	ENCSR000CTA	Homo sapiens SK-N-SH nuclear fraction	3	RNU5A-1	U5	1286
ENCFF183NHF	ENCSR000CTA	Homo sapiens SK-N-SH nuclear fraction	3	RNU5B-1	U5	1181
ENCFF183NHF	ENCSR000CTA	Homo sapiens SK-N-SH nuclear fraction	3	RNU6-1	U6	14
ENCFF183NHF	ENCSR000CTA	Homo sapiens SK-N-SH nuclear fraction	3	RNU2-1	U2	0
ENCFF183NHF	ENCSR000CTA	Homo sapiens SK-N-SH nuclear fraction	3	RNU6-9	U6	20
ENCFF183NHF	ENCSR000CTA	Homo sapiens SK-N-SH nuclear fraction	3	RNU6-2	U6	2
ENCFF183NHF	ENCSR000CTA	Homo sapiens SK-N-SH nuclear fraction	3	RNU12	U12	0
ENCFF728FBV	ENCSR000CTA	Homo sapiens SK-N-SH nuclear fraction	4	RNU5E-1	U5	811
ENCFF728FBV	ENCSR000CTA	Homo sapiens SK-N-SH nuclear fraction	4	RNU1-1	U1	0
ENCFF728FBV	ENCSR000CTA	Homo sapiens SK-N-SH nuclear fraction	4	RNU1-3	U1	0
ENCFF728FBV	ENCSR000CTA	Homo sapiens SK-N-SH nuclear fraction	4	RNU1-4	U1	0
ENCFF728FBV	ENCSR000CTA	Homo sapiens SK-N-SH nuclear fraction	4	RNU1-2	U1	1
ENCFF728FBV	ENCSR000CTA	Homo sapiens SK-N-SH nuclear fraction	4	RNU11	U11	0
ENCFF728FBV	ENCSR000CTA	Homo sapiens SK-N-SH nuclear fraction	4	RNU5F-1	U5	41
ENCFF728FBV	ENCSR000CTA	Homo sapiens SK-N-SH nuclear fraction	4	RNU5D-1	U5	3798
ENCFF728FBV	ENCSR000CTA	Homo sapiens SK-N-SH nuclear fraction	4	RNU4ATAC	U4atac	646
ENCFF728FBV	ENCSR000CTA	Homo sapiens SK-N-SH nuclear fraction	4	RMRP		0
ENCFF728FBV	ENCSR000CTA	Homo sapiens SK-N-SH nuclear fraction	4	RNU6ATAC	U6atac	80
ENCFF728FBV	ENCSR000CTA	Homo sapiens SK-N-SH nuclear fraction	4	RNU2-2P	U2	0
ENCFF728FBV	ENCSR000CTA	Homo sapiens SK-N-SH nuclear fraction	4	RNU7-1	U7	0
ENCFF728FBV	ENCSR000CTA	Homo sapiens SK-N-SH nuclear fraction	4	RNU4-2	U4	420
ENCFF728FBV	ENCSR000CTA	Homo sapiens SK-N-SH nuclear fraction	4	RNU4-1	U4	131
ENCFF728FBV	ENCSR000CTA	Homo sapiens SK-N-SH nuclear fraction	4	RPPH1		0
ENCFF728FBV	ENCSR000CTA	Homo sapiens SK-N-SH nuclear fraction	4	RNU6-7	U6	0
ENCFF728FBV	ENCSR000CTA	Homo sapiens SK-N-SH nuclear fraction	4	RNU6-8	U6	1
ENCFF728FBV	ENCSR000CTA	Homo sapiens SK-N-SH nuclear fraction	4	RN7SL1		0
ENCFF728FBV	ENCSR000CTA	Homo sapiens SK-N-SH nuclear fraction	4	RN7SL2		0
ENCFF728FBV	ENCSR000CTA	Homo sapiens SK-N-SH nuclear fraction	4	RNU5A-1	U5	1263
ENCFF728FBV	ENCSR000CTA	Homo sapiens SK-N-SH nuclear fraction	4	RNU5B-1	U5	1090
ENCFF728FBV	ENCSR000CTA	Homo sapiens SK-N-SH nuclear fraction	4	RNU6-1	U6	7
ENCFF728FBV	ENCSR000CTA	Homo sapiens SK-N-SH nuclear fraction	4	RNU2-1	U2	0
ENCFF728FBV	ENCSR000CTA	Homo sapiens SK-N-SH nuclear fraction	4	RNU6-9	U6	38
ENCFF728FBV	ENCSR000CTA	Homo sapiens SK-N-SH nuclear fraction	4	RNU6-2	U6	2
ENCFF728FBV	ENCSR000CTA	Homo sapiens SK-N-SH nuclear fraction	4	RNU12	U12	0
ENCFF661HJI	ENCSR000CSZ	Homo sapiens SK-N-SH cytosolic fraction	3	RNU5E-1	U5	191
ENCFF661HJI	ENCSR000CSZ	Homo sapiens SK-N-SH cytosolic fraction	3	RNU1-1	U1	0
ENCFF661HJI	ENCSR000CSZ	Homo sapiens SK-N-SH cytosolic fraction	3	RNU1-3	U1	0
ENCFF661HJI	ENCSR000CSZ	Homo sapiens SK-N-SH cytosolic fraction	3	RNU1-4	U1	0
ENCFF661HJI	ENCSR000CSZ	Homo sapiens SK-N-SH cytosolic fraction	3	RNU1-2	U1	0
ENCFF661HJI	ENCSR000CSZ	Homo sapiens SK-N-SH cytosolic fraction	3	RNU11	U11	0
ENCFF661HJI	ENCSR000CSZ	Homo sapiens SK-N-SH cytosolic fraction	3	RNU5F-1	U5	21
ENCFF661HJI	ENCSR000CSZ	Homo sapiens SK-N-SH cytosolic fraction	3	RNU5D-1	U5	2184
ENCFF661HJI	ENCSR000CSZ	Homo sapiens SK-N-SH cytosolic fraction	3	RNU4ATAC	U4atac	1057
ENCFF661HJI	ENCSR000CSZ	Homo sapiens SK-N-SH cytosolic fraction	3	RMRP		0
ENCFF661HJI	ENCSR000CSZ	Homo sapiens SK-N-SH cytosolic fraction	3	RNU6ATAC	U6atac	109
ENCFF661HJI	ENCSR000CSZ	Homo sapiens SK-N-SH cytosolic fraction	3	RNU2-2P	U2	0
ENCFF661HJI	ENCSR000CSZ	Homo sapiens SK-N-SH cytosolic fraction	3	RNU7-1	U7	0
ENCFF661HJI	ENCSR000CSZ	Homo sapiens SK-N-SH cytosolic fraction	3	RNU4-2	U4	200
ENCFF661HJI	ENCSR000CSZ	Homo sapiens SK-N-SH cytosolic fraction	3	RNU4-1	U4	86
ENCFF661HJI	ENCSR000CSZ	Homo sapiens SK-N-SH cytosolic fraction	3	RPPH1		0
ENCFF661HJI	ENCSR000CSZ	Homo sapiens SK-N-SH cytosolic fraction	3	RNU6-7	U6	0
ENCFF661HJI	ENCSR000CSZ	Homo sapiens SK-N-SH cytosolic fraction	3	RNU6-8	U6	2
ENCFF661HJI	ENCSR000CSZ	Homo sapiens SK-N-SH cytosolic fraction	3	RN7SL1		0
ENCFF661HJI	ENCSR000CSZ	Homo sapiens SK-N-SH cytosolic fraction	3	RN7SL2		0
ENCFF661HJI	ENCSR000CSZ	Homo sapiens SK-N-SH cytosolic fraction	3	RNU5A-1	U5	151
ENCFF661HJI	ENCSR000CSZ	Homo sapiens SK-N-SH cytosolic fraction	3	RNU5B-1	U5	166
ENCFF661HJI	ENCSR000CSZ	Homo sapiens SK-N-SH cytosolic fraction	3	RNU6-1	U6	2
ENCFF661HJI	ENCSR000CSZ	Homo sapiens SK-N-SH cytosolic fraction	3	RNU2-1	U2	0
ENCFF661HJI	ENCSR000CSZ	Homo sapiens SK-N-SH cytosolic fraction	3	RNU6-9	U6	15
ENCFF661HJI	ENCSR000CSZ	Homo sapiens SK-N-SH cytosolic fraction	3	RNU6-2	U6	6
ENCFF661HJI	ENCSR000CSZ	Homo sapiens SK-N-SH cytosolic fraction	3	RNU12	U12	0
ENCFF477BPA	ENCSR000CSZ	Homo sapiens SK-N-SH cytosolic fraction	4	RNU5E-1	U5	255
ENCFF477BPA	ENCSR000CSZ	Homo sapiens SK-N-SH cytosolic fraction	4	RNU1-1	U1	0
ENCFF477BPA	ENCSR000CSZ	Homo sapiens SK-N-SH cytosolic fraction	4	RNU1-3	U1	0
ENCFF477BPA	ENCSR000CSZ	Homo sapiens SK-N-SH cytosolic fraction	4	RNU1-4	U1	0
ENCFF477BPA	ENCSR000CSZ	Homo sapiens SK-N-SH cytosolic fraction	4	RNU1-2	U1	0
ENCFF477BPA	ENCSR000CSZ	Homo sapiens SK-N-SH cytosolic fraction	4	RNU11	U11	1
ENCFF477BPA	ENCSR000CSZ	Homo sapiens SK-N-SH cytosolic fraction	4	RNU5F-1	U5	31
ENCFF477BPA	ENCSR000CSZ	Homo sapiens SK-N-SH cytosolic fraction	4	RNU5D-1	U5	2482
ENCFF477BPA	ENCSR000CSZ	Homo sapiens SK-N-SH cytosolic fraction	4	RNU4ATAC	U4atac	918
ENCFF477BPA	ENCSR000CSZ	Homo sapiens SK-N-SH cytosolic fraction	4	RMRP		0
ENCFF477BPA	ENCSR000CSZ	Homo sapiens SK-N-SH cytosolic fraction	4	RNU6ATAC	U6atac	232
ENCFF477BPA	ENCSR000CSZ	Homo sapiens SK-N-SH cytosolic fraction	4	RNU2-2P	U2	0
ENCFF477BPA	ENCSR000CSZ	Homo sapiens SK-N-SH cytosolic fraction	4	RNU7-1	U7	0
ENCFF477BPA	ENCSR000CSZ	Homo sapiens SK-N-SH cytosolic fraction	4	RNU4-2	U4	318
ENCFF477BPA	ENCSR000CSZ	Homo sapiens SK-N-SH cytosolic fraction	4	RNU4-1	U4	130
ENCFF477BPA	ENCSR000CSZ	Homo sapiens SK-N-SH cytosolic fraction	4	RPPH1		0
ENCFF477BPA	ENCSR000CSZ	Homo sapiens SK-N-SH cytosolic fraction	4	RNU6-7	U6	0
ENCFF477BPA	ENCSR000CSZ	Homo sapiens SK-N-SH cytosolic fraction	4	RNU6-8	U6	2
ENCFF477BPA	ENCSR000CSZ	Homo sapiens SK-N-SH cytosolic fraction	4	RN7SL1		0
ENCFF477BPA	ENCSR000CSZ	Homo sapiens SK-N-SH cytosolic fraction	4	RN7SL2		0
ENCFF477BPA	ENCSR000CSZ	Homo sapiens SK-N-SH cytosolic fraction	4	RNU5A-1	U5	387
ENCFF477BPA	ENCSR000CSZ	Homo sapiens SK-N-SH cytosolic fraction	4	RNU5B-1	U5	282
ENCFF477BPA	ENCSR000CSZ	Homo sapiens SK-N-SH cytosolic fraction	4	RNU6-1	U6	2
ENCFF477BPA	ENCSR000CSZ	Homo sapiens SK-N-SH cytosolic fraction	4	RNU2-1	U2	0
ENCFF477BPA	ENCSR000CSZ	Homo sapiens SK-N-SH cytosolic fraction	4	RNU6-9	U6	18
ENCFF477BPA	ENCSR000CSZ	Homo sapiens SK-N-SH cytosolic fraction	4	RNU6-2	U6	0
ENCFF477BPA	ENCSR000CSZ	Homo sapiens SK-N-SH cytosolic fraction	4	RNU12	U12	0
ENCFF068AUY	ENCSR000CTD	Homo sapiens SK-N-SH	3	RNU5E-1	U5	294
ENCFF068AUY	ENCSR000CTD	Homo sapiens SK-N-SH	3	RNU1-1	U1	0
ENCFF068AUY	ENCSR000CTD	Homo sapiens SK-N-SH	3	RNU1-3	U1	0
ENCFF068AUY	ENCSR000CTD	Homo sapiens SK-N-SH	3	RNU1-4	U1	0
ENCFF068AUY	ENCSR000CTD	Homo sapiens SK-N-SH	3	RNU1-2	U1	0
ENCFF068AUY	ENCSR000CTD	Homo sapiens SK-N-SH	3	RNU11	U11	0
ENCFF068AUY	ENCSR000CTD	Homo sapiens SK-N-SH	3	RNU5F-1	U5	31
ENCFF068AUY	ENCSR000CTD	Homo sapiens SK-N-SH	3	RNU5D-1	U5	2587
ENCFF068AUY	ENCSR000CTD	Homo sapiens SK-N-SH	3	RNU4ATAC	U4atac	56
ENCFF068AUY	ENCSR000CTD	Homo sapiens SK-N-SH	3	RMRP		0
ENCFF068AUY	ENCSR000CTD	Homo sapiens SK-N-SH	3	RNU6ATAC	U6atac	46
ENCFF068AUY	ENCSR000CTD	Homo sapiens SK-N-SH	3	RNU2-2P	U2	0
ENCFF068AUY	ENCSR000CTD	Homo sapiens SK-N-SH	3	RNU7-1	U7	0
ENCFF068AUY	ENCSR000CTD	Homo sapiens SK-N-SH	3	RNU4-2	U4	408
ENCFF068AUY	ENCSR000CTD	Homo sapiens SK-N-SH	3	RNU4-1	U4	45
ENCFF068AUY	ENCSR000CTD	Homo sapiens SK-N-SH	3	RPPH1		0
ENCFF068AUY	ENCSR000CTD	Homo sapiens SK-N-SH	3	RNU6-7	U6	1
ENCFF068AUY	ENCSR000CTD	Homo sapiens SK-N-SH	3	RNU6-8	U6	0
ENCFF068AUY	ENCSR000CTD	Homo sapiens SK-N-SH	3	RN7SL1		0
ENCFF068AUY	ENCSR000CTD	Homo sapiens SK-N-SH	3	RN7SL2		6
ENCFF068AUY	ENCSR000CTD	Homo sapiens SK-N-SH	3	RNU5A-1	U5	991
ENCFF068AUY	ENCSR000CTD	Homo sapiens SK-N-SH	3	RNU5B-1	U5	707
ENCFF068AUY	ENCSR000CTD	Homo sapiens SK-N-SH	3	RNU6-1	U6	5
ENCFF068AUY	ENCSR000CTD	Homo sapiens SK-N-SH	3	RNU2-1	U2	0
ENCFF068AUY	ENCSR000CTD	Homo sapiens SK-N-SH	3	RNU6-9	U6	17
ENCFF068AUY	ENCSR000CTD	Homo sapiens SK-N-SH	3	RNU6-2	U6	16
ENCFF068AUY	ENCSR000CTD	Homo sapiens SK-N-SH	3	RNU12	U12	0
ENCFF195REG	ENCSR000CTD	Homo sapiens SK-N-SH	4	RNU5E-1	U5	1686
ENCFF195REG	ENCSR000CTD	Homo sapiens SK-N-SH	4	RNU1-1	U1	0
ENCFF195REG	ENCSR000CTD	Homo sapiens SK-N-SH	4	RNU1-3	U1	0
ENCFF195REG	ENCSR000CTD	Homo sapiens SK-N-SH	4	RNU1-4	U1	0
ENCFF195REG	ENCSR000CTD	Homo sapiens SK-N-SH	4	RNU1-2	U1	4
ENCFF195REG	ENCSR000CTD	Homo sapiens SK-N-SH	4	RNU11	U11	0
ENCFF195REG	ENCSR000CTD	Homo sapiens SK-N-SH	4	RNU5F-1	U5	725
ENCFF195REG	ENCSR000CTD	Homo sapiens SK-N-SH	4	RNU5D-1	U5	10909
ENCFF195REG	ENCSR000CTD	Homo sapiens SK-N-SH	4	RNU4ATAC	U4atac	705
ENCFF195REG	ENCSR000CTD	Homo sapiens SK-N-SH	4	RMRP		0
ENCFF195REG	ENCSR000CTD	Homo sapiens SK-N-SH	4	RNU6ATAC	U6atac	2304
ENCFF195REG	ENCSR000CTD	Homo sapiens SK-N-SH	4	RNU2-2P	U2	0
ENCFF195REG	ENCSR000CTD	Homo sapiens SK-N-SH	4	RNU7-1	U7	0
ENCFF195REG	ENCSR000CTD	Homo sapiens SK-N-SH	4	RNU4-2	U4	923
ENCFF195REG	ENCSR000CTD	Homo sapiens SK-N-SH	4	RNU4-1	U4	169
ENCFF195REG	ENCSR000CTD	Homo sapiens SK-N-SH	4	RPPH1		0
ENCFF195REG	ENCSR000CTD	Homo sapiens SK-N-SH	4	RNU6-7	U6	1
ENCFF195REG	ENCSR000CTD	Homo sapiens SK-N-SH	4	RNU6-8	U6	31
ENCFF195REG	ENCSR000CTD	Homo sapiens SK-N-SH	4	RN7SL1		0
ENCFF195REG	ENCSR000CTD	Homo sapiens SK-N-SH	4	RN7SL2		11
ENCFF195REG	ENCSR000CTD	Homo sapiens SK-N-SH	4	RNU5A-1	U5	2857
ENCFF195REG	ENCSR000CTD	Homo sapiens SK-N-SH	4	RNU5B-1	U5	2424
ENCFF195REG	ENCSR000CTD	Homo sapiens SK-N-SH	4	RNU6-1	U6	24
ENCFF195REG	ENCSR000CTD	Homo sapiens SK-N-SH	4	RNU2-1	U2	0
ENCFF195REG	ENCSR000CTD	Homo sapiens SK-N-SH	4	RNU6-9	U6	70
ENCFF195REG	ENCSR000CTD	Homo sapiens SK-N-SH	4	RNU6-2	U6	62
ENCFF195REG	ENCSR000CTD	Homo sapiens SK-N-SH	4	RNU12	U12	0
ENCFF290OMJ	ENCSR000CTC	Homo sapiens SK-N-SH nuclear fraction	3	RNU5E-1	U5	12599
ENCFF290OMJ	ENCSR000CTC	Homo sapiens SK-N-SH nuclear fraction	3	RNU1-1	U1	1
ENCFF290OMJ	ENCSR000CTC	Homo sapiens SK-N-SH nuclear fraction	3	RNU1-3	U1	0
ENCFF290OMJ	ENCSR000CTC	Homo sapiens SK-N-SH nuclear fraction	3	RNU1-4	U1	0
ENCFF290OMJ	ENCSR000CTC	Homo sapiens SK-N-SH nuclear fraction	3	RNU1-2	U1	0
ENCFF290OMJ	ENCSR000CTC	Homo sapiens SK-N-SH nuclear fraction	3	RNU11	U11	0
ENCFF290OMJ	ENCSR000CTC	Homo sapiens SK-N-SH nuclear fraction	3	RNU5F-1	U5	379
ENCFF290OMJ	ENCSR000CTC	Homo sapiens SK-N-SH nuclear fraction	3	RNU5D-1	U5	25515
ENCFF290OMJ	ENCSR000CTC	Homo sapiens SK-N-SH nuclear fraction	3	RNU4ATAC	U4atac	3410
ENCFF290OMJ	ENCSR000CTC	Homo sapiens SK-N-SH nuclear fraction	3	RMRP		0
ENCFF290OMJ	ENCSR000CTC	Homo sapiens SK-N-SH nuclear fraction	3	RNU6ATAC	U6atac	4509
ENCFF290OMJ	ENCSR000CTC	Homo sapiens SK-N-SH nuclear fraction	3	RNU2-2P	U2	0
ENCFF290OMJ	ENCSR000CTC	Homo sapiens SK-N-SH nuclear fraction	3	RNU7-1	U7	0
ENCFF290OMJ	ENCSR000CTC	Homo sapiens SK-N-SH nuclear fraction	3	RNU4-2	U4	20417
ENCFF290OMJ	ENCSR000CTC	Homo sapiens SK-N-SH nuclear fraction	3	RNU4-1	U4	2440
ENCFF290OMJ	ENCSR000CTC	Homo sapiens SK-N-SH nuclear fraction	3	RPPH1		0
ENCFF290OMJ	ENCSR000CTC	Homo sapiens SK-N-SH nuclear fraction	3	RNU6-7	U6	3
ENCFF290OMJ	ENCSR000CTC	Homo sapiens SK-N-SH nuclear fraction	3	RNU6-8	U6	14
ENCFF290OMJ	ENCSR000CTC	Homo sapiens SK-N-SH nuclear fraction	3	RN7SL1		0
ENCFF290OMJ	ENCSR000CTC	Homo sapiens SK-N-SH nuclear fraction	3	RN7SL2		10
ENCFF290OMJ	ENCSR000CTC	Homo sapiens SK-N-SH nuclear fraction	3	RNU5A-1	U5	26745
ENCFF290OMJ	ENCSR000CTC	Homo sapiens SK-N-SH nuclear fraction	3	RNU5B-1	U5	28547
ENCFF290OMJ	ENCSR000CTC	Homo sapiens SK-N-SH nuclear fraction	3	RNU6-1	U6	69
ENCFF290OMJ	ENCSR000CTC	Homo sapiens SK-N-SH nuclear fraction	3	RNU2-1	U2	0
ENCFF290OMJ	ENCSR000CTC	Homo sapiens SK-N-SH nuclear fraction	3	RNU6-9	U6	38
ENCFF290OMJ	ENCSR000CTC	Homo sapiens SK-N-SH nuclear fraction	3	RNU6-2	U6	59
ENCFF290OMJ	ENCSR000CTC	Homo sapiens SK-N-SH nuclear fraction	3	RNU12	U12	0
ENCFF154KXY	ENCSR000CTC	Homo sapiens SK-N-SH nuclear fraction	4	RNU5E-1	U5	20030
ENCFF154KXY	ENCSR000CTC	Homo sapiens SK-N-SH nuclear fraction	4	RNU1-1	U1	6
ENCFF154KXY	ENCSR000CTC	Homo sapiens SK-N-SH nuclear fraction	4	RNU1-3	U1	0
ENCFF154KXY	ENCSR000CTC	Homo sapiens SK-N-SH nuclear fraction	4	RNU1-4	U1	0
ENCFF154KXY	ENCSR000CTC	Homo sapiens SK-N-SH nuclear fraction	4	RNU1-2	U1	0
ENCFF154KXY	ENCSR000CTC	Homo sapiens SK-N-SH nuclear fraction	4	RNU11	U11	0
ENCFF154KXY	ENCSR000CTC	Homo sapiens SK-N-SH nuclear fraction	4	RNU5F-1	U5	574
ENCFF154KXY	ENCSR000CTC	Homo sapiens SK-N-SH nuclear fraction	4	RNU5D-1	U5	30355
ENCFF154KXY	ENCSR000CTC	Homo sapiens SK-N-SH nuclear fraction	4	RNU4ATAC	U4atac	5107
ENCFF154KXY	ENCSR000CTC	Homo sapiens SK-N-SH nuclear fraction	4	RMRP		0
ENCFF154KXY	ENCSR000CTC	Homo sapiens SK-N-SH nuclear fraction	4	RNU6ATAC	U6atac	7467
ENCFF154KXY	ENCSR000CTC	Homo sapiens SK-N-SH nuclear fraction	4	RNU2-2P	U2	0
ENCFF154KXY	ENCSR000CTC	Homo sapiens SK-N-SH nuclear fraction	4	RNU7-1	U7	0
ENCFF154KXY	ENCSR000CTC	Homo sapiens SK-N-SH nuclear fraction	4	RNU4-2	U4	16042
ENCFF154KXY	ENCSR000CTC	Homo sapiens SK-N-SH nuclear fraction	4	RNU4-1	U4	2760
ENCFF154KXY	ENCSR000CTC	Homo sapiens SK-N-SH nuclear fraction	4	RPPH1		0
ENCFF154KXY	ENCSR000CTC	Homo sapiens SK-N-SH nuclear fraction	4	RNU6-7	U6	2
ENCFF154KXY	ENCSR000CTC	Homo sapiens SK-N-SH nuclear fraction	4	RNU6-8	U6	31
ENCFF154KXY	ENCSR000CTC	Homo sapiens SK-N-SH nuclear fraction	4	RN7SL1		0
ENCFF154KXY	ENCSR000CTC	Homo sapiens SK-N-SH nuclear fraction	4	RN7SL2		7
ENCFF154KXY	ENCSR000CTC	Homo sapiens SK-N-SH nuclear fraction	4	RNU5A-1	U5	37554
ENCFF154KXY	ENCSR000CTC	Homo sapiens SK-N-SH nuclear fraction	4	RNU5B-1	U5	35618
ENCFF154KXY	ENCSR000CTC	Homo sapiens SK-N-SH nuclear fraction	4	RNU6-1	U6	23
ENCFF154KXY	ENCSR000CTC	Homo sapiens SK-N-SH nuclear fraction	4	RNU2-1	U2	0
ENCFF154KXY	ENCSR000CTC	Homo sapiens SK-N-SH nuclear fraction	4	RNU6-9	U6	28
ENCFF154KXY	ENCSR000CTC	Homo sapiens SK-N-SH nuclear fraction	4	RNU6-2	U6	94
ENCFF154KXY	ENCSR000CTC	Homo sapiens SK-N-SH nuclear fraction	4	RNU12	U12	0
ENCFF892YNN	ENCSR000CTB	Homo sapiens SK-N-SH cytosolic fraction	3	RNU5E-1	U5	3077
ENCFF892YNN	ENCSR000CTB	Homo sapiens SK-N-SH cytosolic fraction	3	RNU1-1	U1	1
ENCFF892YNN	ENCSR000CTB	Homo sapiens SK-N-SH cytosolic fraction	3	RNU1-3	U1	0
ENCFF892YNN	ENCSR000CTB	Homo sapiens SK-N-SH cytosolic fraction	3	RNU1-4	U1	0
ENCFF892YNN	ENCSR000CTB	Homo sapiens SK-N-SH cytosolic fraction	3	RNU1-2	U1	0
ENCFF892YNN	ENCSR000CTB	Homo sapiens SK-N-SH cytosolic fraction	3	RNU11	U11	0
ENCFF892YNN	ENCSR000CTB	Homo sapiens SK-N-SH cytosolic fraction	3	RNU5F-1	U5	517
ENCFF892YNN	ENCSR000CTB	Homo sapiens SK-N-SH cytosolic fraction	3	RNU5D-1	U5	13088
ENCFF892YNN	ENCSR000CTB	Homo sapiens SK-N-SH cytosolic fraction	3	RNU4ATAC	U4atac	1038
ENCFF892YNN	ENCSR000CTB	Homo sapiens SK-N-SH cytosolic fraction	3	RMRP		0
ENCFF892YNN	ENCSR000CTB	Homo sapiens SK-N-SH cytosolic fraction	3	RNU6ATAC	U6atac	5139
ENCFF892YNN	ENCSR000CTB	Homo sapiens SK-N-SH cytosolic fraction	3	RNU2-2P	U2	0
ENCFF892YNN	ENCSR000CTB	Homo sapiens SK-N-SH cytosolic fraction	3	RNU7-1	U7	0
ENCFF892YNN	ENCSR000CTB	Homo sapiens SK-N-SH cytosolic fraction	3	RNU4-2	U4	1122
ENCFF892YNN	ENCSR000CTB	Homo sapiens SK-N-SH cytosolic fraction	3	RNU4-1	U4	164
ENCFF892YNN	ENCSR000CTB	Homo sapiens SK-N-SH cytosolic fraction	3	RPPH1		0
ENCFF892YNN	ENCSR000CTB	Homo sapiens SK-N-SH cytosolic fraction	3	RNU6-7	U6	0
ENCFF892YNN	ENCSR000CTB	Homo sapiens SK-N-SH cytosolic fraction	3	RNU6-8	U6	64
ENCFF892YNN	ENCSR000CTB	Homo sapiens SK-N-SH cytosolic fraction	3	RN7SL1		0
ENCFF892YNN	ENCSR000CTB	Homo sapiens SK-N-SH cytosolic fraction	3	RN7SL2		10
ENCFF892YNN	ENCSR000CTB	Homo sapiens SK-N-SH cytosolic fraction	3	RNU5A-1	U5	4710
ENCFF892YNN	ENCSR000CTB	Homo sapiens SK-N-SH cytosolic fraction	3	RNU5B-1	U5	2819
ENCFF892YNN	ENCSR000CTB	Homo sapiens SK-N-SH cytosolic fraction	3	RNU6-1	U6	15
ENCFF892YNN	ENCSR000CTB	Homo sapiens SK-N-SH cytosolic fraction	3	RNU2-1	U2	0
ENCFF892YNN	ENCSR000CTB	Homo sapiens SK-N-SH cytosolic fraction	3	RNU6-9	U6	62
ENCFF892YNN	ENCSR000CTB	Homo sapiens SK-N-SH cytosolic fraction	3	RNU6-2	U6	131
ENCFF892YNN	ENCSR000CTB	Homo sapiens SK-N-SH cytosolic fraction	3	RNU12	U12	0
ENCFF186GWX	ENCSR000CTB	Homo sapiens SK-N-SH cytosolic fraction	4	RNU5E-1	U5	4716
ENCFF186GWX	ENCSR000CTB	Homo sapiens SK-N-SH cytosolic fraction	4	RNU1-1	U1	0
ENCFF186GWX	ENCSR000CTB	Homo sapiens SK-N-SH cytosolic fraction	4	RNU1-3	U1	0
ENCFF186GWX	ENCSR000CTB	Homo sapiens SK-N-SH cytosolic fraction	4	RNU1-4	U1	0
ENCFF186GWX	ENCSR000CTB	Homo sapiens SK-N-SH cytosolic fraction	4	RNU1-2	U1	0
ENCFF186GWX	ENCSR000CTB	Homo sapiens SK-N-SH cytosolic fraction	4	RNU11	U11	0
ENCFF186GWX	ENCSR000CTB	Homo sapiens SK-N-SH cytosolic fraction	4	RNU5F-1	U5	509
ENCFF186GWX	ENCSR000CTB	Homo sapiens SK-N-SH cytosolic fraction	4	RNU5D-1	U5	10509
ENCFF186GWX	ENCSR000CTB	Homo sapiens SK-N-SH cytosolic fraction	4	RNU4ATAC	U4atac	1926
ENCFF186GWX	ENCSR000CTB	Homo sapiens SK-N-SH cytosolic fraction	4	RMRP		0
ENCFF186GWX	ENCSR000CTB	Homo sapiens SK-N-SH cytosolic fraction	4	RNU6ATAC	U6atac	11398
ENCFF186GWX	ENCSR000CTB	Homo sapiens SK-N-SH cytosolic fraction	4	RNU2-2P	U2	0
ENCFF186GWX	ENCSR000CTB	Homo sapiens SK-N-SH cytosolic fraction	4	RNU7-1	U7	0
ENCFF186GWX	ENCSR000CTB	Homo sapiens SK-N-SH cytosolic fraction	4	RNU4-2	U4	2245
ENCFF186GWX	ENCSR000CTB	Homo sapiens SK-N-SH cytosolic fraction	4	RNU4-1	U4	413
ENCFF186GWX	ENCSR000CTB	Homo sapiens SK-N-SH cytosolic fraction	4	RPPH1		0
ENCFF186GWX	ENCSR000CTB	Homo sapiens SK-N-SH cytosolic fraction	4	RNU6-7	U6	0
ENCFF186GWX	ENCSR000CTB	Homo sapiens SK-N-SH cytosolic fraction	4	RNU6-8	U6	22
ENCFF186GWX	ENCSR000CTB	Homo sapiens SK-N-SH cytosolic fraction	4	RN7SL1		0
ENCFF186GWX	ENCSR000CTB	Homo sapiens SK-N-SH cytosolic fraction	4	RN7SL2		30
ENCFF186GWX	ENCSR000CTB	Homo sapiens SK-N-SH cytosolic fraction	4	RNU5A-1	U5	4869
ENCFF186GWX	ENCSR000CTB	Homo sapiens SK-N-SH cytosolic fraction	4	RNU5B-1	U5	3223
ENCFF186GWX	ENCSR000CTB	Homo sapiens SK-N-SH cytosolic fraction	4	RNU6-1	U6	28
ENCFF186GWX	ENCSR000CTB	Homo sapiens SK-N-SH cytosolic fraction	4	RNU2-1	U2	0
ENCFF186GWX	ENCSR000CTB	Homo sapiens SK-N-SH cytosolic fraction	4	RNU6-9	U6	84
ENCFF186GWX	ENCSR000CTB	Homo sapiens SK-N-SH cytosolic fraction	4	RNU6-2	U6	81
ENCFF186GWX	ENCSR000CTB	Homo sapiens SK-N-SH cytosolic fraction	4	RNU12	U12	0
ENCFF608SNC	ENCSR000CTG	Homo sapiens IMR-90 cytosolic fraction	1	RNU5E-1	U5	3638
ENCFF608SNC	ENCSR000CTG	Homo sapiens IMR-90 cytosolic fraction	1	RNU1-1	U1	0
ENCFF608SNC	ENCSR000CTG	Homo sapiens IMR-90 cytosolic fraction	1	RNU1-3	U1	0
ENCFF608SNC	ENCSR000CTG	Homo sapiens IMR-90 cytosolic fraction	1	RNU1-4	U1	0
ENCFF608SNC	ENCSR000CTG	Homo sapiens IMR-90 cytosolic fraction	1	RNU1-2	U1	0
ENCFF608SNC	ENCSR000CTG	Homo sapiens IMR-90 cytosolic fraction	1	RNU11	U11	0
ENCFF608SNC	ENCSR000CTG	Homo sapiens IMR-90 cytosolic fraction	1	RNU5F-1	U5	307
ENCFF608SNC	ENCSR000CTG	Homo sapiens IMR-90 cytosolic fraction	1	RNU5D-1	U5	7481
ENCFF608SNC	ENCSR000CTG	Homo sapiens IMR-90 cytosolic fraction	1	RNU4ATAC	U4atac	955
ENCFF608SNC	ENCSR000CTG	Homo sapiens IMR-90 cytosolic fraction	1	RMRP		0
ENCFF608SNC	ENCSR000CTG	Homo sapiens IMR-90 cytosolic fraction	1	RNU6ATAC	U6atac	2401
ENCFF608SNC	ENCSR000CTG	Homo sapiens IMR-90 cytosolic fraction	1	RNU2-2P	U2	0
ENCFF608SNC	ENCSR000CTG	Homo sapiens IMR-90 cytosolic fraction	1	RNU7-1	U7	0
ENCFF608SNC	ENCSR000CTG	Homo sapiens IMR-90 cytosolic fraction	1	RNU4-2	U4	576
ENCFF608SNC	ENCSR000CTG	Homo sapiens IMR-90 cytosolic fraction	1	RNU4-1	U4	254
ENCFF608SNC	ENCSR000CTG	Homo sapiens IMR-90 cytosolic fraction	1	RPPH1		0
ENCFF608SNC	ENCSR000CTG	Homo sapiens IMR-90 cytosolic fraction	1	RNU6-7	U6	0
ENCFF608SNC	ENCSR000CTG	Homo sapiens IMR-90 cytosolic fraction	1	RNU6-8	U6	20
ENCFF608SNC	ENCSR000CTG	Homo sapiens IMR-90 cytosolic fraction	1	RN7SL1		0
ENCFF608SNC	ENCSR000CTG	Homo sapiens IMR-90 cytosolic fraction	1	RN7SL2		17
ENCFF608SNC	ENCSR000CTG	Homo sapiens IMR-90 cytosolic fraction	1	RNU5A-1	U5	3131
ENCFF608SNC	ENCSR000CTG	Homo sapiens IMR-90 cytosolic fraction	1	RNU5B-1	U5	2279
ENCFF608SNC	ENCSR000CTG	Homo sapiens IMR-90 cytosolic fraction	1	RNU6-1	U6	5
ENCFF608SNC	ENCSR000CTG	Homo sapiens IMR-90 cytosolic fraction	1	RNU2-1	U2	0
ENCFF608SNC	ENCSR000CTG	Homo sapiens IMR-90 cytosolic fraction	1	RNU6-9	U6	216
ENCFF608SNC	ENCSR000CTG	Homo sapiens IMR-90 cytosolic fraction	1	RNU6-2	U6	45
ENCFF608SNC	ENCSR000CTG	Homo sapiens IMR-90 cytosolic fraction	1	RNU12	U12	0
ENCFF752OQC	ENCSR000CTG	Homo sapiens IMR-90 cytosolic fraction	2	RNU5E-1	U5	346
ENCFF752OQC	ENCSR000CTG	Homo sapiens IMR-90 cytosolic fraction	2	RNU1-1	U1	0
ENCFF752OQC	ENCSR000CTG	Homo sapiens IMR-90 cytosolic fraction	2	RNU1-3	U1	0
ENCFF752OQC	ENCSR000CTG	Homo sapiens IMR-90 cytosolic fraction	2	RNU1-4	U1	0
ENCFF752OQC	ENCSR000CTG	Homo sapiens IMR-90 cytosolic fraction	2	RNU1-2	U1	0
ENCFF752OQC	ENCSR000CTG	Homo sapiens IMR-90 cytosolic fraction	2	RNU11	U11	0
ENCFF752OQC	ENCSR000CTG	Homo sapiens IMR-90 cytosolic fraction	2	RNU5F-1	U5	16
ENCFF752OQC	ENCSR000CTG	Homo sapiens IMR-90 cytosolic fraction	2	RNU5D-1	U5	974
ENCFF752OQC	ENCSR000CTG	Homo sapiens IMR-90 cytosolic fraction	2	RNU4ATAC	U4atac	566
ENCFF752OQC	ENCSR000CTG	Homo sapiens IMR-90 cytosolic fraction	2	RMRP		0
ENCFF752OQC	ENCSR000CTG	Homo sapiens IMR-90 cytosolic fraction	2	RNU6ATAC	U6atac	280
ENCFF752OQC	ENCSR000CTG	Homo sapiens IMR-90 cytosolic fraction	2	RNU2-2P	U2	0
ENCFF752OQC	ENCSR000CTG	Homo sapiens IMR-90 cytosolic fraction	2	RNU7-1	U7	0
ENCFF752OQC	ENCSR000CTG	Homo sapiens IMR-90 cytosolic fraction	2	RNU4-2	U4	216
ENCFF752OQC	ENCSR000CTG	Homo sapiens IMR-90 cytosolic fraction	2	RNU4-1	U4	131
ENCFF752OQC	ENCSR000CTG	Homo sapiens IMR-90 cytosolic fraction	2	RPPH1		0
ENCFF752OQC	ENCSR000CTG	Homo sapiens IMR-90 cytosolic fraction	2	RNU6-7	U6	0
ENCFF752OQC	ENCSR000CTG	Homo sapiens IMR-90 cytosolic fraction	2	RNU6-8	U6	0
ENCFF752OQC	ENCSR000CTG	Homo sapiens IMR-90 cytosolic fraction	2	RN7SL1		0
ENCFF752OQC	ENCSR000CTG	Homo sapiens IMR-90 cytosolic fraction	2	RN7SL2		4
ENCFF752OQC	ENCSR000CTG	Homo sapiens IMR-90 cytosolic fraction	2	RNU5A-1	U5	188
ENCFF752OQC	ENCSR000CTG	Homo sapiens IMR-90 cytosolic fraction	2	RNU5B-1	U5	181
ENCFF752OQC	ENCSR000CTG	Homo sapiens IMR-90 cytosolic fraction	2	RNU6-1	U6	0
ENCFF752OQC	ENCSR000CTG	Homo sapiens IMR-90 cytosolic fraction	2	RNU2-1	U2	0
ENCFF752OQC	ENCSR000CTG	Homo sapiens IMR-90 cytosolic fraction	2	RNU6-9	U6	38
ENCFF752OQC	ENCSR000CTG	Homo sapiens IMR-90 cytosolic fraction	2	RNU6-2	U6	2
ENCFF752OQC	ENCSR000CTG	Homo sapiens IMR-90 cytosolic fraction	2	RNU12	U12	0
ENCFF291FIC	ENCSR000CTF	Homo sapiens IMR-90 cytosolic fraction	1	RNU5E-1	U5	0
ENCFF291FIC	ENCSR000CTF	Homo sapiens IMR-90 cytosolic fraction	1	RNU1-1	U1	0
ENCFF291FIC	ENCSR000CTF	Homo sapiens IMR-90 cytosolic fraction	1	RNU1-3	U1	0
ENCFF291FIC	ENCSR000CTF	Homo sapiens IMR-90 cytosolic fraction	1	RNU1-4	U1	0
ENCFF291FIC	ENCSR000CTF	Homo sapiens IMR-90 cytosolic fraction	1	RNU1-2	U1	0
ENCFF291FIC	ENCSR000CTF	Homo sapiens IMR-90 cytosolic fraction	1	RNU11	U11	0
ENCFF291FIC	ENCSR000CTF	Homo sapiens IMR-90 cytosolic fraction	1	RNU5F-1	U5	0
ENCFF291FIC	ENCSR000CTF	Homo sapiens IMR-90 cytosolic fraction	1	RNU5D-1	U5	0
ENCFF291FIC	ENCSR000CTF	Homo sapiens IMR-90 cytosolic fraction	1	RNU4ATAC	U4atac	0
ENCFF291FIC	ENCSR000CTF	Homo sapiens IMR-90 cytosolic fraction	1	RMRP		0
ENCFF291FIC	ENCSR000CTF	Homo sapiens IMR-90 cytosolic fraction	1	RNU6ATAC	U6atac	0
ENCFF291FIC	ENCSR000CTF	Homo sapiens IMR-90 cytosolic fraction	1	RNU2-2P	U2	0
ENCFF291FIC	ENCSR000CTF	Homo sapiens IMR-90 cytosolic fraction	1	RNU7-1	U7	0
ENCFF291FIC	ENCSR000CTF	Homo sapiens IMR-90 cytosolic fraction	1	RNU4-2	U4	0
ENCFF291FIC	ENCSR000CTF	Homo sapiens IMR-90 cytosolic fraction	1	RNU4-1	U4	0
ENCFF291FIC	ENCSR000CTF	Homo sapiens IMR-90 cytosolic fraction	1	RPPH1		0
ENCFF291FIC	ENCSR000CTF	Homo sapiens IMR-90 cytosolic fraction	1	RNU6-7	U6	0
ENCFF291FIC	ENCSR000CTF	Homo sapiens IMR-90 cytosolic fraction	1	RNU6-8	U6	0
ENCFF291FIC	ENCSR000CTF	Homo sapiens IMR-90 cytosolic fraction	1	RN7SL1		0
ENCFF291FIC	ENCSR000CTF	Homo sapiens IMR-90 cytosolic fraction	1	RN7SL2		0
ENCFF291FIC	ENCSR000CTF	Homo sapiens IMR-90 cytosolic fraction	1	RNU5A-1	U5	0
ENCFF291FIC	ENCSR000CTF	Homo sapiens IMR-90 cytosolic fraction	1	RNU5B-1	U5	0
ENCFF291FIC	ENCSR000CTF	Homo sapiens IMR-90 cytosolic fraction	1	RNU6-1	U6	0
ENCFF291FIC	ENCSR000CTF	Homo sapiens IMR-90 cytosolic fraction	1	RNU2-1	U2	0
ENCFF291FIC	ENCSR000CTF	Homo sapiens IMR-90 cytosolic fraction	1	RNU6-9	U6	3
ENCFF291FIC	ENCSR000CTF	Homo sapiens IMR-90 cytosolic fraction	1	RNU6-2	U6	3
ENCFF291FIC	ENCSR000CTF	Homo sapiens IMR-90 cytosolic fraction	1	RNU12	U12	0
ENCFF509XVO	ENCSR000CTF	Homo sapiens IMR-90 cytosolic fraction	2	RNU5E-1	U5	0
ENCFF509XVO	ENCSR000CTF	Homo sapiens IMR-90 cytosolic fraction	2	RNU1-1	U1	0
ENCFF509XVO	ENCSR000CTF	Homo sapiens IMR-90 cytosolic fraction	2	RNU1-3	U1	0
ENCFF509XVO	ENCSR000CTF	Homo sapiens IMR-90 cytosolic fraction	2	RNU1-4	U1	0
ENCFF509XVO	ENCSR000CTF	Homo sapiens IMR-90 cytosolic fraction	2	RNU1-2	U1	0
ENCFF509XVO	ENCSR000CTF	Homo sapiens IMR-90 cytosolic fraction	2	RNU11	U11	0
ENCFF509XVO	ENCSR000CTF	Homo sapiens IMR-90 cytosolic fraction	2	RNU5F-1	U5	1
ENCFF509XVO	ENCSR000CTF	Homo sapiens IMR-90 cytosolic fraction	2	RNU5D-1	U5	0
ENCFF509XVO	ENCSR000CTF	Homo sapiens IMR-90 cytosolic fraction	2	RNU4ATAC	U4atac	0
ENCFF509XVO	ENCSR000CTF	Homo sapiens IMR-90 cytosolic fraction	2	RMRP		0
ENCFF509XVO	ENCSR000CTF	Homo sapiens IMR-90 cytosolic fraction	2	RNU6ATAC	U6atac	0
ENCFF509XVO	ENCSR000CTF	Homo sapiens IMR-90 cytosolic fraction	2	RNU2-2P	U2	0
ENCFF509XVO	ENCSR000CTF	Homo sapiens IMR-90 cytosolic fraction	2	RNU7-1	U7	0
ENCFF509XVO	ENCSR000CTF	Homo sapiens IMR-90 cytosolic fraction	2	RNU4-2	U4	2
ENCFF509XVO	ENCSR000CTF	Homo sapiens IMR-90 cytosolic fraction	2	RNU4-1	U4	0
ENCFF509XVO	ENCSR000CTF	Homo sapiens IMR-90 cytosolic fraction	2	RPPH1		0
ENCFF509XVO	ENCSR000CTF	Homo sapiens IMR-90 cytosolic fraction	2	RNU6-7	U6	0
ENCFF509XVO	ENCSR000CTF	Homo sapiens IMR-90 cytosolic fraction	2	RNU6-8	U6	0
ENCFF509XVO	ENCSR000CTF	Homo sapiens IMR-90 cytosolic fraction	2	RN7SL1		0
ENCFF509XVO	ENCSR000CTF	Homo sapiens IMR-90 cytosolic fraction	2	RN7SL2		0
ENCFF509XVO	ENCSR000CTF	Homo sapiens IMR-90 cytosolic fraction	2	RNU5A-1	U5	0
ENCFF509XVO	ENCSR000CTF	Homo sapiens IMR-90 cytosolic fraction	2	RNU5B-1	U5	0
ENCFF509XVO	ENCSR000CTF	Homo sapiens IMR-90 cytosolic fraction	2	RNU6-1	U6	6
ENCFF509XVO	ENCSR000CTF	Homo sapiens IMR-90 cytosolic fraction	2	RNU2-1	U2	0
ENCFF509XVO	ENCSR000CTF	Homo sapiens IMR-90 cytosolic fraction	2	RNU6-9	U6	6
ENCFF509XVO	ENCSR000CTF	Homo sapiens IMR-90 cytosolic fraction	2	RNU6-2	U6	0
ENCFF509XVO	ENCSR000CTF	Homo sapiens IMR-90 cytosolic fraction	2	RNU12	U12	0
