key	cadd_phred
chr1:11908152:A:C	8.177
chr1:11908152:A:G	8.172
chr1:11908152:A:T	10.39
chr1:11908153:T:A	7.265
chr1:11908153:T:C	7.908
chr1:11908153:T:G	7.318
chr1:11908154:A:C	7.554
chr1:11908154:A:G	7.885
chr1:11908154:A:T	7.535
chr1:11908155:C:A	14.03
chr1:11908155:C:G	14.37
chr1:11908155:C:T	14.3
chr1:11908156:T:A	13.42
chr1:11908156:T:C	13.99
chr1:11908156:T:G	13.54
chr1:11908157:C:A	11.18
chr1:11908157:C:G	11.16
chr1:11908157:C:T	11.85
chr1:11908158:T:A	12.7
chr1:11908158:T:C	12.94
chr1:11908158:T:G	12.97
chr1:11908159:G:A	13.51
chr1:11908159:G:C	11.91
chr1:11908159:G:T	12.63
chr1:11908160:G:A	15.17
chr1:11908160:G:C	14.89
chr1:11908160:G:T	13.94
chr1:11908161:T:A	14.55
chr1:11908161:T:C	14.76
chr1:11908161:T:G	14.06
chr1:11908162:T:A	14.76
chr1:11908162:T:C	14.94
chr1:11908162:T:G	14.84
chr1:11908163:T:A	13.58
chr1:11908163:T:C	13.79
chr1:11908163:T:G	13.57
chr1:11908164:C:A	15.37
chr1:11908164:C:G	15.25
chr1:11908164:C:T	15.52
chr1:11908165:T:A	14.86
chr1:11908165:T:C	15.29
chr1:11908165:T:G	14.96
chr1:11908166:C:A	15.31
chr1:11908166:C:G	14.93
chr1:11908166:C:T	15.71
chr1:11908167:T:A	14.67
chr1:11908167:T:C	14.91
chr1:11908167:T:G	14.78
chr1:11908168:T:A	14.49
chr1:11908168:T:C	14.86
chr1:11908168:T:G	14.55
chr1:11908169:C:A	14.4
chr1:11908169:C:G	13.31
chr1:11908169:C:T	14.98
chr1:11908170:A:C	14.48
chr1:11908170:A:G	14.61
chr1:11908170:A:T	14.91
chr1:11908171:A:C	11.95
chr1:11908171:A:G	12.24
chr1:11908171:A:T	12.38
chr1:11908172:A:C	11.84
chr1:11908172:A:G	12.08
chr1:11908172:A:T	11.86
chr1:11908173:T:A	12.22
chr1:11908173:T:C	12.45
chr1:11908173:T:G	12.3
chr1:11908174:C:A	14.79
chr1:11908174:C:G	13.51
chr1:11908174:C:T	14.7
chr1:11908175:G:A	15.11
chr1:11908175:G:C	13.62
chr1:11908175:G:T	14.03
chr1:11908176:T:A	4.292
chr1:11908176:T:C	4.717
chr1:11908176:T:G	4.321
chr1:11908177:A:C	14.5
chr1:11908177:A:G	14.82
chr1:11908177:A:T	14.71
chr1:11908178:T:A	12.58
chr1:11908178:T:C	12.96
chr1:11908178:T:G	12.69
chr1:11908179:A:C	14.02
chr1:11908179:A:G	14.23
chr1:11908179:A:T	12.0
chr1:11908180:A:C	13.85
chr1:11908180:A:G	13.94
chr1:11908180:A:T	13.89
chr1:11908181:A:C	12.72
chr1:11908181:A:G	12.99
chr1:11908181:A:T	12.68
chr1:11908182:T:A	13.34
chr1:11908182:T:C	13.68
chr1:11908182:T:G	13.51
chr1:11908183:C:A	14.75
chr1:11908183:C:G	14.3
chr1:11908183:C:T	15.1
chr1:11908184:T:A	13.77
chr1:11908184:T:C	14.13
chr1:11908184:T:G	13.94
chr1:11908185:T:A	14.88
chr1:11908185:T:C	15.08
chr1:11908185:T:G	14.93
chr1:11908186:T:A	15.02
chr1:11908186:T:C	15.11
chr1:11908186:T:G	14.96
chr1:11908187:C:A	16.1
chr1:11908187:C:G	15.0
chr1:11908187:C:T	15.93
chr1:11908188:G:A	16.46
chr1:11908188:G:C	16.7
chr1:11908188:G:T	16.24
chr1:11908189:C:A	15.41
chr1:11908189:C:G	15.4
chr1:11908189:C:T	15.82
chr1:11908190:C:A	15.95
chr1:11908190:C:G	15.91
chr1:11908190:C:T	16.49
chr1:11908191:T:A	14.19
chr1:11908191:T:C	14.48
chr1:11908191:T:G	14.19
chr1:11908192:T:A	15.17
chr1:11908192:T:C	15.3
chr1:11908192:T:G	15.12
chr1:11908193:T:A	14.87
chr1:11908193:T:C	15.11
chr1:11908193:T:G	14.97
chr1:11908194:T:A	15.17
chr1:11908194:T:C	15.44
chr1:11908194:T:G	15.26
chr1:11908195:A:C	15.36
chr1:11908195:A:G	15.52
chr1:11908195:A:T	15.33
chr1:11908196:C:A	15.13
chr1:11908196:C:G	15.6
chr1:11908196:C:T	15.5
chr1:11908197:T:A	15.11
chr1:11908197:T:C	15.34
chr1:11908197:T:G	15.18
chr1:11908198:A:C	15.53
chr1:11908198:A:G	15.57
chr1:11908198:A:T	15.6
chr1:11908199:A:C	14.17
chr1:11908199:A:G	14.33
chr1:11908199:A:T	15.15
chr1:11908200:A:C	14.46
chr1:11908200:A:G	14.44
chr1:11908200:A:T	14.65
chr1:11908201:G:A	17.15
chr1:11908201:G:C	16.91
chr1:11908201:G:T	17.34
chr1:11908202:A:C	14.55
chr1:11908202:A:G	14.87
chr1:11908202:A:T	14.82
chr1:11908203:T:A	15.53
chr1:11908203:T:C	15.49
chr1:11908203:T:G	15.62
chr1:11908204:T:A	15.9
chr1:11908204:T:C	15.57
chr1:11908204:T:G	15.6
chr1:11908205:T:A	14.5
chr1:11908205:T:C	14.83
chr1:11908205:T:G	14.48
chr1:11908206:C:A	15.5
chr1:11908206:C:G	15.72
chr1:11908206:C:T	15.74
chr1:11908207:C:A	15.18
chr1:11908207:C:G	14.66
chr1:11908207:C:T	15.81
chr1:11908208:G:A	16.57
chr1:11908208:G:C	16.29
chr1:11908208:G:T	16.27
chr1:11908209:T:A	15.86
chr1:11908209:T:C	15.88
chr1:11908209:T:G	16.27
chr1:11908210:G:A	16.71
chr1:11908210:G:C	15.09
chr1:11908210:G:T	16.11
chr1:11908211:G:A	16.04
chr1:11908211:G:C	16.68
chr1:11908211:G:T	17.52
chr1:11908212:A:C	15.96
chr1:11908212:A:G	16.59
chr1:11908212:A:T	16.4
chr1:11908213:G:A	16.32
chr1:11908213:G:C	16.31
chr1:11908213:G:T	16.74
chr1:11908214:A:C	14.87
chr1:11908214:A:G	15.97
chr1:11908214:A:T	14.97
chr1:11908215:G:A	13.82
chr1:11908215:G:C	13.64
chr1:11908215:G:T	14.16
chr1:11908216:A:C	10.53
chr1:11908216:A:G	11.19
chr1:11908216:A:T	11.58
chr1:11908217:A:C	12.13
chr1:11908217:A:G	12.18
chr1:11908217:A:T	11.94
chr1:11908218:A:C	11.27
chr1:11908218:A:G	11.59
chr1:11908218:A:T	11.2
chr1:11908219:C:A	11.54
chr1:11908219:C:G	11.14
chr1:11908219:C:T	12.88
chr1:11908220:G:A	2.213
chr1:11908220:G:C	1.212
chr1:11908220:G:T	2.775
chr1:11908221:A:C	8.669
chr1:11908221:A:G	10.13
chr1:11908221:A:T	9.213
chr1:11908222:G:A	0.101
chr1:11908222:G:C	0.079
chr1:11908222:G:T	0.075
chr1:11908223:T:A	8.029
chr1:11908223:T:C	8.201
chr1:11908223:T:G	8.967
chr1:11908224:G:A	1.165
chr1:11908224:G:C	0.933
chr1:11908224:G:T	0.902
chr1:11908225:T:A	5.197
chr1:11908225:T:C	5.69
chr1:11908225:T:G	5.326
chr1:11908226:G:A	7.328
chr1:11908226:G:C	5.75
chr1:11908226:G:T	7.624
chr1:11908227:A:C	8.321
chr1:11908227:A:G	10.22
chr1:11908227:A:T	8.659
chr1:11908228:G:A	6.646
chr1:11908228:G:C	6.264
chr1:11908228:G:T	6.121
chr1:11908229:T:A	4.566
chr1:11908229:T:C	4.807
chr1:11908229:T:G	4.585
chr1:11908230:C:A	0.743
chr1:11908230:C:G	0.747
chr1:11908230:C:T	0.998
chr1:11908231:T:A	4.181
chr1:11908231:T:C	3.561
chr1:11908231:T:G	3.314
chr1:11908232:G:A	0.769
chr1:11908232:G:C	0.433
chr1:11908232:G:T	0.748
chr1:11908233:A:C	0.357
chr1:11908233:A:G	0.396
chr1:11908233:A:T	0.712
chr1:11908234:A:C	1.028
chr1:11908234:A:G	1.109
chr1:11908234:A:T	1.21
chr1:11908235:A:C	0.003
chr1:11908235:A:G	0.003
chr1:11908235:A:T	0.003
chr1:11908236:C:A	0.737
chr1:11908236:C:G	0.723
chr1:11908236:C:T	1.003
chr1:11908237:C:A	0.271
chr1:11908237:C:G	0.232
chr1:11908237:C:T	0.461
chr1:11908238:A:C	8.986
chr1:11908238:A:G	8.559
chr1:11908238:A:T	8.767
chr1:11908239:A:C	7.168
chr1:11908239:A:G	8.11
chr1:11908239:A:T	7.306
chr1:11908240:T:A	12.0
chr1:11908240:T:C	12.3
chr1:11908240:T:G	12.1
chr1:11908241:T:A	11.98
chr1:11908241:T:C	12.3
chr1:11908241:T:G	12.14
chr1:11908242:T:A	9.567
chr1:11908242:T:C	12.53
chr1:11908242:T:G	12.48
chr1:11908243:T:A	12.29
chr1:11908243:T:C	12.61
chr1:11908243:T:G	12.47
chr1:11908244:T:A	12.43
chr1:11908244:T:C	12.73
chr1:11908244:T:G	12.48
chr1:11908245:T:A	8.671
chr1:11908245:T:C	8.656
chr1:11908245:T:G	8.304
chr1:11908246:G:A	13.62
chr1:11908246:G:C	12.87
chr1:11908246:G:T	14.38
chr1:11908247:A:C	12.02
chr1:11908247:A:G	12.84
chr1:11908247:A:T	12.11
chr1:11908248:G:A	8.938
chr1:11908248:G:C	8.491
chr1:11908248:G:T	8.532
chr1:11908249:G:A	8.891
chr1:11908249:G:C	8.789
chr1:11908249:G:T	9.05
chr1:11908250:C:A	0.717
chr1:11908250:C:G	1.1
chr1:11908250:C:T	1.195
chr1:11908251:C:A	1.437
chr1:11908251:C:G	1.522
chr1:11908251:C:T	2.012
chr1:11908252:T:A	7.426
chr1:11908252:T:C	7.751
chr1:11908252:T:G	7.542
chr1:11908253:T:A	8.271
chr1:11908253:T:C	8.388
chr1:11908253:T:G	8.003
chr1:11908254:G:A	4.017
chr1:11908254:G:C	3.553
chr1:11908254:G:T	3.372
chr1:11908255:C:A	0.557
chr1:11908255:C:G	0.845
chr1:11908255:C:T	1.018
chr1:11908256:G:A	0.526
chr1:11908256:G:C	0.349
chr1:11908256:G:T	0.408
chr1:11908257:T:A	0.001
chr1:11908257:T:C	0.001
chr1:11908257:T:G	0.001
chr1:11908258:T:A	0.025
chr1:11908258:T:C	0.028
chr1:11908258:T:G	0.026
chr1:11908259:T:A	0.28
chr1:11908259:T:C	0.288
chr1:11908259:T:G	0.271
chr1:11908260:C:A	0.084
chr1:11908260:C:G	0.077
chr1:11908260:C:T	0.098
chr1:11908261:T:A	0.034
chr1:11908261:T:C	0.038
chr1:11908261:T:G	0.034
chr1:11908262:T:A	0.012
chr1:11908262:T:C	0.016
chr1:11908262:T:G	0.013
chr1:11908263:A:C	0.051
chr1:11908263:A:G	0.058
chr1:11908263:A:T	0.049
chr1:11908264:G:A	1.408
chr1:11908264:G:C	1.151
chr1:11908264:G:T	1.31
chr1:11908265:C:A	0.562
chr1:11908265:C:G	0.604
chr1:11908265:C:T	1.616
chr1:11908266:A:C	0.362
chr1:11908266:A:G	0.414
chr1:11908266:A:T	0.34
chr1:11908267:G:A	0.033
chr1:11908267:G:C	0.028
chr1:11908267:G:T	0.027
chr1:11908268:G:A	1.686
chr1:11908268:G:C	1.448
chr1:11908268:G:T	1.36
chr1:11908269:G:A	4.29
chr1:11908269:G:C	3.714
chr1:11908269:G:T	4.657
chr1:11908270:C:A	1.928
chr1:11908270:C:G	3.43
chr1:11908270:C:T	3.21
chr1:11908271:T:A	5.648
chr1:11908271:T:C	5.91
chr1:11908271:T:G	5.712
chr1:28648600:A:C	16.29
chr1:28648600:A:G	16.44
chr1:28648600:A:T	17.84
chr1:28648601:A:C	16.92
chr1:28648601:A:G	16.97
chr1:28648601:A:T	17.07
chr1:28648602:A:C	17.2
chr1:28648602:A:G	17.37
chr1:28648602:A:T	17.56
chr1:28648603:A:C	17.59
chr1:28648603:A:G	17.61
chr1:28648603:A:T	18.09
chr1:28648604:A:C	17.64
chr1:28648604:A:G	17.99
chr1:28648604:A:T	17.69
chr1:28648605:G:A	18.49
chr1:28648605:G:C	18.42
chr1:28648605:G:T	18.3
chr1:28648606:G:A	18.48
chr1:28648606:G:C	18.31
chr1:28648606:G:T	18.23
chr1:28648607:G:A	18.52
chr1:28648607:G:C	18.3
chr1:28648607:G:T	18.3
chr1:28648608:C:A	18.54
chr1:28648608:C:G	19.5
chr1:28648608:C:T	19.48
chr1:28648609:T:A	17.91
chr1:28648609:T:C	18.28
chr1:28648609:T:G	17.9
chr1:28648610:T:A	17.9
chr1:28648610:T:C	18.02
chr1:28648610:T:G	17.85
chr1:28648611:C:A	19.14
chr1:28648611:C:G	19.09
chr1:28648611:C:T	19.49
chr1:28648612:T:A	17.82
chr1:28648612:T:C	18.03
chr1:28648612:T:G	17.87
chr1:28648613:G:A	18.51
chr1:28648613:G:C	18.42
chr1:28648613:G:T	18.31
chr1:28648614:T:A	15.89
chr1:28648614:T:C	15.98
chr1:28648614:T:G	15.81
chr1:28648615:C:A	18.36
chr1:28648615:C:G	18.06
chr1:28648615:C:T	18.46
chr1:28648616:G:A	18.99
chr1:28648616:G:C	18.63
chr1:28648616:G:T	18.85
chr1:28648617:T:A	17.92
chr1:28648617:T:C	18.08
chr1:28648617:T:G	18.03
chr1:28648618:G:A	17.91
chr1:28648618:G:C	17.26
chr1:28648618:G:T	17.89
chr1:28648619:A:C	17.09
chr1:28648619:A:G	17.77
chr1:28648619:A:T	17.17
chr1:28648620:G:A	18.57
chr1:28648620:G:C	18.28
chr1:28648620:G:T	18.28
chr1:28648621:T:A	17.69
chr1:28648621:T:C	17.82
chr1:28648621:T:G	18.51
chr1:28648622:G:A	19.06
chr1:28648622:G:C	18.29
chr1:28648622:G:T	18.45
chr1:28648623:G:A	13.95
chr1:28648623:G:C	13.59
chr1:28648623:G:T	13.92
chr1:28648624:C:A	18.17
chr1:28648624:C:G	18.43
chr1:28648624:C:T	18.72
chr1:28648625:A:C	17.42
chr1:28648625:A:G	17.52
chr1:28648625:A:T	17.4
chr1:28648626:C:A	17.92
chr1:28648626:C:G	17.95
chr1:28648626:C:T	18.36
chr1:28648627:A:C	17.04
chr1:28648627:A:G	17.29
chr1:28648627:A:T	17.07
chr1:28648628:C:A	11.38
chr1:28648628:C:G	12.82
chr1:28648628:C:T	12.83
chr1:28648629:G:A	15.66
chr1:28648629:G:C	15.11
chr1:28648629:G:T	15.24
chr1:28648630:T:A	8.664
chr1:28648630:T:C	9.33
chr1:28648630:T:G	9.34
chr1:28648631:A:C	3.093
chr1:28648631:A:G	3.66
chr1:28648631:A:T	3.152
chr1:28648632:G:A	13.86
chr1:28648632:G:C	13.65
chr1:28648632:G:T	13.48
chr1:28648633:G:A	6.222
chr1:28648633:G:C	5.767
chr1:28648633:G:T	5.565
chr1:28648634:G:A	11.05
chr1:28648634:G:C	10.47
chr1:28648634:G:T	10.39
chr1:28648635:C:A	8.69
chr1:28648635:C:G	8.77
chr1:28648635:C:T	11.14
chr1:28648636:A:C	8.097
chr1:28648636:A:G	8.339
chr1:28648636:A:T	8.351
chr1:28648637:A:C	1.52
chr1:28648637:A:G	2.183
chr1:28648637:A:T	1.752
chr1:28648638:C:A	3.397
chr1:28648638:C:G	3.053
chr1:28648638:C:T	4.026
chr1:28648639:T:A	4.746
chr1:28648639:T:C	5.184
chr1:28648639:T:G	4.586
chr1:28648640:C:A	0.987
chr1:28648640:C:G	0.855
chr1:28648640:C:T	0.994
chr1:28648641:G:A	1.466
chr1:28648641:G:C	1.012
chr1:28648641:G:T	1.201
chr1:28648642:A:C	0.025
chr1:28648642:A:G	0.028
chr1:28648642:A:T	0.024
chr1:28648643:T:A	4.374
chr1:28648643:T:C	4.986
chr1:28648643:T:G	4.24
chr1:28648644:T:A	9.008
chr1:28648644:T:C	8.839
chr1:28648644:T:G	9.049
chr1:28648645:G:A	14.24
chr1:28648645:G:C	13.8
chr1:28648645:G:T	13.99
chr1:28648646:C:A	2.814
chr1:28648646:C:G	3.349
chr1:28648646:C:T	3.64
chr1:28648647:T:A	7.085
chr1:28648647:T:C	7.44
chr1:28648647:T:G	7.177
chr1:28648648:C:A	6.223
chr1:28648648:C:G	5.429
chr1:28648648:C:T	6.772
chr1:28648649:T:A	12.88
chr1:28648649:T:C	13.12
chr1:28648649:T:G	12.97
chr1:28648650:G:A	0.008
chr1:28648650:G:C	0.007
chr1:28648650:G:T	0.007
chr1:28648651:C:A	11.19
chr1:28648651:C:G	12.19
chr1:28648651:C:T	12.44
chr1:28648652:G:A	15.59
chr1:28648652:G:C	15.34
chr1:28648652:G:T	15.32
chr1:28648653:T:A	17.63
chr1:28648653:T:C	18.04
chr1:28648653:T:G	17.92
chr1:28648654:G:A	18.66
chr1:28648654:G:C	18.37
chr1:28648654:G:T	18.35
chr1:28648655:C:A	17.82
chr1:28648655:C:G	18.56
chr1:28648655:C:T	18.38
chr1:28648656:G:A	19.44
chr1:28648656:G:C	18.59
chr1:28648656:G:T	18.9
chr1:28648657:G:A	18.88
chr1:28648657:G:C	18.99
chr1:28648657:G:T	19.36
chr1:28648658:A:C	18.22
chr1:28648658:A:G	18.46
chr1:28648658:A:T	18.35
chr1:28648659:A:C	18.07
chr1:28648659:A:G	18.05
chr1:28648659:A:T	17.82
chr1:28648660:T:A	17.85
chr1:28648660:T:C	18.15
chr1:28648660:T:G	17.89
chr1:28648661:C:A	19.29
chr1:28648661:C:G	18.61
chr1:28648661:C:T	19.32
chr1:28648662:G:A	18.99
chr1:28648662:G:C	19.2
chr1:28648662:G:T	18.8
chr1:28648663:A:C	18.15
chr1:28648663:A:G	18.11
chr1:28648663:A:T	17.86
chr1:28648664:C:A	19.28
chr1:28648664:C:G	19.05
chr1:28648664:C:T	19.75
chr1:28648665:A:C	18.27
chr1:28648665:A:G	18.16
chr1:28648665:A:T	17.86
chr1:28648666:T:A	17.92
chr1:28648666:T:C	18.25
chr1:28648666:T:G	17.87
chr1:28648667:C:A	19.05
chr1:28648667:C:G	18.33
chr1:28648667:C:T	19.59
chr1:28648668:A:C	18.04
chr1:28648668:A:G	17.9
chr1:28648668:A:T	18.59
chr1:28648669:A:C	17.94
chr1:28648669:A:G	17.95
chr1:28648669:A:T	18.09
chr1:28648670:G:A	18.99
chr1:28648670:G:C	18.7
chr1:28648670:G:T	19.53
chr1:28648671:A:C	18.08
chr1:28648671:A:G	18.28
chr1:28648671:A:T	18.06
chr1:28648672:G:A	18.76
chr1:28648672:G:C	18.58
chr1:28648672:G:T	18.67
chr1:28648673:A:C	17.9
chr1:28648673:A:G	18.12
chr1:28648673:A:T	17.97
chr1:28648674:T:A	17.76
chr1:28648674:T:C	17.92
chr1:28648674:T:G	18.05
chr1:28648675:T:A	17.88
chr1:28648675:T:C	17.95
chr1:28648675:T:G	17.78
chr1:28648676:T:A	17.86
chr1:28648676:T:C	17.93
chr1:28648676:T:G	17.79
chr1:28648677:C:A	18.55
chr1:28648677:C:G	18.41
chr1:28648677:C:T	18.14
chr1:28648678:G:A	19.11
chr1:28648678:G:C	18.42
chr1:28648678:G:T	18.66
chr1:28648679:G:A	19.14
chr1:28648679:G:C	18.98
chr1:28648679:G:T	19.59
chr1:28648680:A:C	16.9
chr1:28648680:A:G	17.42
chr1:28648680:A:T	18.38
chr1:28648681:A:C	17.15
chr1:28648681:A:G	17.22
chr1:28648681:A:T	17.1
chr1:28648682:G:A	19.12
chr1:28648682:G:C	18.65
chr1:28648682:G:T	18.78
chr1:28648683:C:A	18.39
chr1:28648683:C:G	18.42
chr1:28648683:C:T	19.13
chr1:28648684:A:C	16.4
chr1:28648684:A:G	16.67
chr1:28648684:A:T	16.47
chr1:28648685:T:A	17.75
chr1:28648685:T:C	17.93
chr1:28648685:T:G	17.82
chr1:28648686:A:C	17.48
chr1:28648686:A:G	17.62
chr1:28648686:A:T	17.43
chr1:28648687:A:C	17.4
chr1:28648687:A:G	17.65
chr1:28648687:A:T	17.31
chr1:28648688:T:A	15.72
chr1:28648688:T:C	17.38
chr1:28648688:T:G	17.25
chr1:28648689:T:A	17.46
chr1:28648689:T:C	17.59
chr1:28648689:T:G	17.55
chr1:28648690:T:A	17.29
chr1:28648690:T:C	17.53
chr1:28648690:T:G	17.4
chr1:28648691:T:A	16.77
chr1:28648691:T:C	16.98
chr1:28648691:T:G	16.86
chr1:28648692:T:A	16.94
chr1:28648692:T:C	17.14
chr1:28648692:T:G	17.01
chr1:28648693:T:A	14.77
chr1:28648693:T:C	13.92
chr1:28648693:T:G	14.05
chr1:28648694:G:A	15.26
chr1:28648694:G:C	13.96
chr1:28648694:G:T	14.09
chr1:28648695:G:A	0.035
chr1:28648695:G:C	0.026
chr1:28648695:G:T	0.034
chr1:28648696:T:A	0.314
chr1:28648696:T:C	0.364
chr1:28648696:T:G	0.325
chr1:28648697:A:C	0.012
chr1:28648697:A:G	0.013
chr1:28648697:A:T	0.012
chr1:28648698:T:A	0.001
chr1:28648698:T:C	0.001
chr1:28648698:T:G	0.001
chr1:28648699:T:A	0.001
chr1:28648699:T:C	0.001
chr1:28648699:T:G	0.001
chr1:28648700:T:A	0.012
chr1:28648700:T:C	0.01
chr1:28648700:T:G	0.009
chr1:28648701:G:A	16.37
chr1:28648701:G:C	15.88
chr1:28648701:G:T	14.23
chr1:28648702:G:A	17.98
chr1:28648702:G:C	17.81
chr1:28648702:G:T	17.7
chr1:28648703:G:A	18.25
chr1:28648703:G:C	18.04
chr1:28648703:G:T	17.94
chr1:28648704:C:A	17.2
chr1:28648704:C:G	17.39
chr1:28648704:C:T	18.47
chr1:28648705:A:C	15.46
chr1:28648705:A:G	15.63
chr1:28648705:A:T	15.32
chr1:28648706:G:A	18.55
chr1:28648706:G:C	18.4
chr1:28648706:G:T	18.27
chr1:28648707:C:A	18.51
chr1:28648707:C:G	19.31
chr1:28648707:C:T	19.16
chr1:28648708:T:A	16.06
chr1:28648708:T:C	16.0
chr1:28648708:T:G	16.4
chr1:28648709:G:A	12.37
chr1:28648709:G:C	10.67
chr1:28648709:G:T	11.09
chr1:28648710:G:A	18.72
chr1:28648710:G:C	18.35
chr1:28648710:G:T	18.57
chr1:28648711:T:A	17.92
chr1:28648711:T:C	18.1
chr1:28648711:T:G	18.5
chr1:28648712:G:A	19.26
chr1:28648712:G:C	18.46
chr1:28648712:G:T	18.7
chr1:28648713:A:C	18.35
chr1:28648713:A:G	18.2
chr1:28648713:A:T	18.1
chr1:28648714:T:A	18.1
chr1:28648714:T:C	18.33
chr1:28648714:T:G	18.57
chr1:28648715:C:A	19.86
chr1:28648715:C:G	19.31
chr1:28648715:C:T	19.84
chr1:28648716:G:A	18.55
chr1:28648716:G:C	18.09
chr1:28648716:G:T	18.18
chr1:28648717:T:A	18.15
chr1:28648717:T:C	18.4
chr1:28648717:T:G	18.57
chr1:28648718:T:A	18.56
chr1:28648718:T:C	18.12
chr1:28648718:T:G	18.65
chr1:28648719:G:A	19.42
chr1:28648719:G:C	18.53
chr1:28648719:G:T	18.73
chr1:28648720:G:A	18.75
chr1:28648720:G:C	18.6
chr1:28648720:G:T	18.53
chr1:28648721:T:A	17.77
chr1:28648721:T:C	18.04
chr1:28648721:T:G	18.25
chr1:28648722:C:A	18.39
chr1:28648722:C:G	18.46
chr1:28648722:C:T	18.78
chr1:28648723:C:A	15.93
chr1:28648723:C:G	16.07
chr1:28648723:C:T	16.42
chr1:28648724:C:A	2.843
chr1:28648724:C:G	4.03
chr1:28648724:C:T	4.5
chr1:28648725:G:A	16.06
chr1:28648725:G:C	15.64
chr1:28648725:G:T	15.58
chr1:28648726:G:A	18.02
chr1:28648726:G:C	17.92
chr1:28648726:G:T	17.79
chr1:28648727:C:A	17.74
chr1:28648727:C:G	18.33
chr1:28648727:C:T	18.76
chr1:28648728:G:A	18.09
chr1:28648728:G:C	18.0
chr1:28648728:G:T	17.48
chr1:28648729:C:A	17.23
chr1:28648729:C:G	17.29
chr1:28648729:C:T	17.68
chr1:28648730:C:A	16.75
chr1:28648730:C:G	16.8
chr1:28648730:C:T	17.18
chr1:28648731:C:A	12.22
chr1:28648731:C:G	12.42
chr1:28648731:C:T	13.0
chr1:28648732:T:A	0.015
chr1:28648732:T:C	0.019
chr1:28648732:T:G	0.014
chr1:28648733:T:A	0.003
chr1:28648733:T:C	0.003
chr1:28648733:T:G	0.003
chr1:44721786:A:C	0.086
chr1:44721786:A:G	0.111
chr1:44721786:A:T	0.102
chr1:44721787:G:A	0.062
chr1:44721787:G:C	0.089
chr1:44721787:G:T	0.039
chr1:44721788:C:A	0.056
chr1:44721788:C:G	0.04
chr1:44721788:C:T	0.037
chr1:44721789:C:A	0.026
chr1:44721789:C:G	0.032
chr1:44721789:C:T	0.033
chr1:44721790:T:A	0.048
chr1:44721790:T:C	0.115
chr1:44721790:T:G	0.048
chr1:44721791:T:A	0.072
chr1:44721791:T:C	0.058
chr1:44721791:T:G	0.054
chr1:44721792:G:A	0.062
chr1:44721792:G:C	0.019
chr1:44721792:G:T	0.022
chr1:44721793:C:A	0.003
chr1:44721793:C:G	0.003
chr1:44721793:C:T	0.003
chr1:44721794:C:A	0.005
chr1:44721794:C:G	0.005
chr1:44721794:C:T	0.006
chr1:44721795:T:A	0.032
chr1:44721795:T:C	0.037
chr1:44721795:T:G	0.033
chr1:44721796:A:C	0.032
chr1:44721796:A:G	0.036
chr1:44721796:A:T	0.031
chr1:44721797:G:A	0.075
chr1:44721797:G:C	0.058
chr1:44721797:G:T	0.055
chr1:44721798:G:A	0.033
chr1:44721798:G:C	0.026
chr1:44721798:G:T	0.021
chr1:44721799:C:A	0.009
chr1:44721799:C:G	0.009
chr1:44721799:C:T	0.013
chr1:44721800:A:C	0.155
chr1:44721800:A:G	0.173
chr1:44721800:A:T	0.211
chr1:44721801:A:C	0.03
chr1:44721801:A:G	0.033
chr1:44721801:A:T	0.028
chr1:44721802:G:A	0.016
chr1:44721802:G:C	0.014
chr1:44721802:G:T	0.014
chr1:44721803:A:C	0.006
chr1:44721803:A:G	0.007
chr1:44721803:A:T	0.006
chr1:44721804:C:A	0.056
chr1:44721804:C:G	0.054
chr1:44721804:C:T	0.065
chr1:44721805:T:A	0.013
chr1:44721805:T:C	0.014
chr1:44721805:T:G	0.008
chr1:44721806:T:A	0.351
chr1:44721806:T:C	0.102
chr1:44721806:T:G	0.137
chr1:44721807:C:A	0.207
chr1:44721807:C:G	0.065
chr1:44721807:C:T	0.16
chr1:44721808:A:C	0.038
chr1:44721808:A:G	0.043
chr1:44721808:A:T	0.055
chr1:44721809:A:C	0.077
chr1:44721809:A:G	0.089
chr1:44721809:A:T	0.075
chr1:44721810:A:C	0.142
chr1:44721810:A:G	0.157
chr1:44721810:A:T	0.137
chr1:44721811:A:C	0.095
chr1:44721811:A:G	0.109
chr1:44721811:A:T	0.087
chr1:44721812:A:C	0.095
chr1:44721812:A:G	0.099
chr1:44721812:A:T	0.089
chr1:44721813:A:C	0.059
chr1:44721813:A:G	0.064
chr1:44721813:A:T	0.02
chr1:44721814:T:A	0.012
chr1:44721814:T:C	0.022
chr1:44721814:T:G	0.02
chr1:44721815:T:A	0.092
chr1:44721815:T:C	0.123
chr1:44721815:T:G	0.107
chr1:44721816:T:A	0.001
chr1:44721816:T:C	0.002
chr1:44721816:T:G	0.002
chr1:44721817:A:C	0.006
chr1:44721817:A:G	0.007
chr1:44721817:A:T	0.006
chr1:44721818:A:C	0.031
chr1:44721818:A:G	0.026
chr1:44721818:A:T	0.024
chr1:44721819:C:A	0.008
chr1:44721819:C:G	0.013
chr1:44721819:C:T	0.018
chr1:44721820:C:A	0.003
chr1:44721820:C:G	0.002
chr1:44721820:C:T	0.005
chr1:44721821:A:C	0.058
chr1:44721821:A:G	0.028
chr1:44721821:A:T	0.027
chr1:44721822:T:A	0.01
chr1:44721822:T:C	0.01
chr1:44721822:T:G	0.009
chr1:44721823:A:C	0.104
chr1:44721823:A:G	0.126
chr1:44721823:A:T	0.051
chr1:44721824:A:C	0.119
chr1:44721824:A:G	0.133
chr1:44721824:A:T	0.114
chr1:44721825:A:C	0.085
chr1:44721825:A:G	0.097
chr1:44721825:A:T	0.085
chr1:44721826:C:A	0.174
chr1:44721826:C:G	0.167
chr1:44721826:C:T	0.207
chr1:44721827:T:A	0.138
chr1:44721827:T:C	0.167
chr1:44721827:T:G	0.13
chr1:44721828:C:A	0.115
chr1:44721828:C:G	0.051
chr1:44721828:C:T	0.092
chr1:44721829:A:C	0.036
chr1:44721829:A:G	0.044
chr1:44721829:A:T	0.035
chr1:44721830:T:A	0.005
chr1:44721830:T:C	0.006
chr1:44721830:T:G	0.005
chr1:44721831:A:C	0.008
chr1:44721831:A:G	0.009
chr1:44721831:A:T	0.008
chr1:44721832:G:A	0.024
chr1:44721832:G:C	0.014
chr1:44721832:G:T	0.018
chr1:44721833:T:A	0.004
chr1:44721833:T:C	0.005
chr1:44721833:T:G	0.004
chr1:44721834:T:A	0.015
chr1:44721834:T:C	0.016
chr1:44721834:T:G	0.014
chr1:44721835:G:A	0.064
chr1:44721835:G:C	0.022
chr1:44721835:G:T	0.035
chr1:44721836:T:A	0.011
chr1:44721836:T:C	0.013
chr1:44721836:T:G	0.012
chr1:44721837:T:A	0.062
chr1:44721837:T:C	0.067
chr1:44721837:T:G	0.062
chr1:44721838:T:A	0.004
chr1:44721838:T:C	0.003
chr1:44721838:T:G	0.003
chr1:44721839:T:A	0.029
chr1:44721839:T:C	0.021
chr1:44721839:T:G	0.022
chr1:44721840:T:A	0.109
chr1:44721840:T:C	0.079
chr1:44721840:T:G	0.08
chr1:44721841:C:A	0.033
chr1:44721841:C:G	0.03
chr1:44721841:C:T	0.036
chr1:44721842:T:A	0.125
chr1:44721842:T:C	0.192
chr1:44721842:T:G	0.115
chr1:44721843:C:A	0.408
chr1:44721843:C:G	0.176
chr1:44721843:C:T	0.107
chr1:44721844:C:A	0.198
chr1:44721844:C:G	0.096
chr1:44721844:C:T	0.338
chr1:44721845:A:C	0.079
chr1:44721845:A:G	0.058
chr1:44721845:A:T	0.046
chr1:44721846:C:A	0.04
chr1:44721846:C:G	0.042
chr1:44721846:C:T	0.053
chr1:44721847:G:A	0.021
chr1:44721847:G:C	0.011
chr1:44721847:G:T	0.015
chr1:44721848:G:A	0.042
chr1:44721848:G:C	0.048
chr1:44721848:G:T	0.042
chr1:44721849:A:C	0.145
chr1:44721849:A:G	0.169
chr1:44721849:A:T	0.179
chr1:44721850:A:C	0.274
chr1:44721850:A:G	0.294
chr1:44721850:A:T	0.342
chr1:44721851:A:C	0.121
chr1:44721851:A:G	0.12
chr1:44721851:A:T	0.102
chr1:44721852:T:A	0.229
chr1:44721852:T:C	0.246
chr1:44721852:T:G	0.193
chr1:44721853:C:A	0.129
chr1:44721853:C:G	0.097
chr1:44721853:C:T	0.117
chr1:44721854:T:A	0.078
chr1:44721854:T:C	0.065
chr1:44721854:T:G	0.07
chr1:44721855:T:A	0.74
chr1:44721855:T:C	0.409
chr1:44721855:T:G	0.352
chr1:44721856:T:A	0.351
chr1:44721856:T:C	0.321
chr1:44721856:T:G	0.269
chr1:44721857:A:C	0.144
chr1:44721857:A:G	0.157
chr1:44721857:A:T	0.134
chr1:44721858:G:A	0.282
chr1:44721858:G:C	0.299
chr1:44721858:G:T	0.218
chr1:44721859:T:A	0.121
chr1:44721859:T:C	0.142
chr1:44721859:T:G	0.126
chr1:44721860:A:C	0.454
chr1:44721860:A:G	0.516
chr1:44721860:A:T	0.436
chr1:44721861:A:C	0.222
chr1:44721861:A:G	0.243
chr1:44721861:A:T	0.216
chr1:44721862:A:C	0.294
chr1:44721862:A:G	0.325
chr1:44721862:A:T	0.289
chr1:44721863:A:C	0.969
chr1:44721863:A:G	1.217
chr1:44721863:A:T	0.942
chr1:44721864:G:A	0.046
chr1:44721864:G:C	0.03
chr1:44721864:G:T	0.031
chr1:44721865:G:A	0.181
chr1:44721865:G:C	0.143
chr1:44721865:G:T	0.145
chr1:44721866:C:A	0.135
chr1:44721866:C:G	0.204
chr1:44721866:C:T	0.292
chr1:44721867:G:A	0.394
chr1:44721867:G:C	0.101
chr1:44721867:G:T	0.239
chr1:44721868:A:C	0.749
chr1:44721868:A:G	0.799
chr1:44721868:A:T	0.8
chr1:44721869:A:C	0.912
chr1:44721869:A:G	1.014
chr1:44721869:A:T	0.871
chr1:44721870:A:C	1.232
chr1:44721870:A:G	1.361
chr1:44721870:A:T	1.152
chr1:44721871:G:A	0.084
chr1:44721871:G:C	0.061
chr1:44721871:G:T	0.081
chr1:44721872:A:C	0.085
chr1:44721872:A:G	0.092
chr1:44721872:A:T	0.079
chr1:44721873:T:A	0.028
chr1:44721873:T:C	0.032
chr1:44721873:T:G	0.028
chr1:44721874:T:A	0.187
chr1:44721874:T:C	0.202
chr1:44721874:T:G	0.195
chr1:44721875:T:A	0.072
chr1:44721875:T:C	0.253
chr1:44721875:T:G	0.22
chr1:44721876:A:C	0.026
chr1:44721876:A:G	0.029
chr1:44721876:A:T	0.009
chr1:44721877:T:A	0.055
chr1:44721877:T:C	0.052
chr1:44721877:T:G	0.043
chr1:44721878:T:A	0.192
chr1:44721878:T:C	0.13
chr1:44721878:T:G	0.126
chr1:44721879:C:A	0.591
chr1:44721879:C:G	0.478
chr1:44721879:C:T	0.866
chr1:44721880:G:A	0.042
chr1:44721880:G:C	0.02
chr1:44721880:G:T	0.02
chr1:44721881:T:A	0.032
chr1:44721881:T:C	0.041
chr1:44721881:T:G	0.033
chr1:44721882:T:A	0.107
chr1:44721882:T:C	0.115
chr1:44721882:T:G	0.103
chr1:44721883:A:C	0.037
chr1:44721883:A:G	0.042
chr1:44721883:A:T	0.036
chr1:44721884:T:A	0.072
chr1:44721884:T:C	0.073
chr1:44721884:T:G	0.066
chr1:44721885:G:A	0.24
chr1:44721885:G:C	0.103
chr1:44721885:G:T	0.176
chr1:44721886:A:C	0.153
chr1:44721886:A:G	0.163
chr1:44721886:A:T	0.139
chr1:44721887:A:C	0.535
chr1:44721887:A:G	0.589
chr1:44721887:A:T	0.504
chr1:44721888:G:A	0.072
chr1:44721888:G:C	0.048
chr1:44721888:G:T	0.058
chr1:44721889:A:C	0.214
chr1:44721889:A:G	0.265
chr1:44721889:A:T	0.197
chr1:44721890:G:A	0.025
chr1:44721890:G:C	0.02
chr1:44721890:G:T	0.02
chr1:44721891:A:C	0.316
chr1:44721891:A:G	0.344
chr1:44721891:A:T	0.303
chr1:44721892:A:C	0.205
chr1:44721892:A:G	0.222
chr1:44721892:A:T	0.194
chr1:44721893:A:C	0.032
chr1:44721893:A:G	0.046
chr1:44721893:A:T	0.041
chr1:44721894:C:A	0.023
chr1:44721894:C:G	0.044
chr1:44721894:C:T	0.054
chr1:44721895:C:A	0.009
chr1:44721895:C:G	0.008
chr1:44721895:C:T	0.015
chr1:44721896:A:C	0.056
chr1:44721896:A:G	0.04
chr1:44721896:A:T	0.041
chr1:44721897:G:A	0.048
chr1:44721897:G:C	0.039
chr1:44721897:G:T	0.039
chr1:44721898:A:C	0.048
chr1:44721898:A:G	0.055
chr1:44721898:A:T	0.043
chr1:44721899:G:A	0.041
chr1:44721899:G:C	0.036
chr1:44721899:G:T	0.043
chr1:44721900:A:C	0.012
chr1:44721900:A:G	0.014
chr1:44721900:A:T	0.011
chr1:44721901:T:A	0.242
chr1:44721901:T:C	0.239
chr1:44721901:T:G	0.22
chr1:44721902:C:A	0.012
chr1:44721902:C:G	0.012
chr1:44721902:C:T	0.014
chr1:44731055:A:C	11.16
chr1:44731055:A:G	11.15
chr1:44731055:A:T	12.25
chr1:44731056:A:C	10.42
chr1:44731056:A:G	8.217
chr1:44731056:A:T	7.861
chr1:44731057:C:A	0.598
chr1:44731057:C:G	0.434
chr1:44731057:C:T	0.503
chr1:44731058:C:A	8.631
chr1:44731058:C:G	8.705
chr1:44731058:C:T	9.119
chr1:44731059:C:A	0.002
chr1:44731059:C:G	0.005
chr1:44731059:C:T	0.005
chr1:44731060:C:A	0.555
chr1:44731060:C:G	0.634
chr1:44731060:C:T	1.436
chr1:44731061:A:C	4.577
chr1:44731061:A:G	1.962
chr1:44731061:A:T	1.397
chr1:44731062:C:A	0.538
chr1:44731062:C:G	0.556
chr1:44731062:C:T	0.728
chr1:44731063:C:A	0.001
chr1:44731063:C:G	0.001
chr1:44731063:C:T	0.002
chr1:44731064:A:C	0.461
chr1:44731064:A:G	0.259
chr1:44731064:A:T	0.372
chr1:44731065:A:C	0.003
chr1:44731065:A:G	0.003
chr1:44731065:A:T	0.003
chr1:44731066:C:A	0.001
chr1:44731066:C:G	0.001
chr1:44731066:C:T	0.001
chr1:44731067:A:C	0.161
chr1:44731067:A:G	0.111
chr1:44731067:A:T	0.086
chr1:44731068:T:A	4.45
chr1:44731068:T:C	4.612
chr1:44731068:T:G	4.844
chr1:44731069:A:C	1.86
chr1:44731069:A:G	2.029
chr1:44731069:A:T	1.789
chr1:44731070:G:A	0.328
chr1:44731070:G:C	0.276
chr1:44731070:G:T	0.26
chr1:44731071:G:A	7.198
chr1:44731071:G:C	6.808
chr1:44731071:G:T	6.647
chr1:44731072:G:A	0.211
chr1:44731072:G:C	0.172
chr1:44731072:G:T	0.171
chr1:44731073:C:A	13.32
chr1:44731073:C:G	13.55
chr1:44731073:C:T	13.73
chr1:44731074:T:A	8.282
chr1:44731074:T:C	8.294
chr1:44731074:T:G	7.449
chr1:44731075:T:A	10.29
chr1:44731075:T:C	7.568
chr1:44731075:T:G	7.703
chr1:44731076:C:A	12.93
chr1:44731076:C:G	10.95
chr1:44731076:C:T	12.59
chr1:44731077:A:C	10.46
chr1:44731077:A:G	11.13
chr1:44731077:A:T	11.58
chr1:44731078:A:C	10.51
chr1:44731078:A:G	10.86
chr1:44731078:A:T	10.45
chr1:44731079:A:C	10.38
chr1:44731079:A:G	10.74
chr1:44731079:A:T	10.26
chr1:44731080:A:C	10.62
chr1:44731080:A:G	11.07
chr1:44731080:A:T	10.37
chr1:44731081:A:C	10.64
chr1:44731081:A:G	10.62
chr1:44731081:A:T	10.72
chr1:44731082:A:C	10.64
chr1:44731082:A:G	10.9
chr1:44731082:A:T	10.61
chr1:44731083:T:A	8.869
chr1:44731083:T:C	8.608
chr1:44731083:T:G	8.287
chr1:44731084:T:A	6.902
chr1:44731084:T:C	6.489
chr1:44731084:T:G	6.955
chr1:44731085:T:A	0.038
chr1:44731085:T:C	0.034
chr1:44731085:T:G	0.029
chr1:44731086:G:A	0.498
chr1:44731086:G:C	0.211
chr1:44731086:G:T	0.23
chr1:44731087:C:A	0.003
chr1:44731087:C:G	0.002
chr1:44731087:C:T	0.004
chr1:44731088:T:A	0.717
chr1:44731088:T:C	0.854
chr1:44731088:T:G	0.582
chr1:44731089:T:A	0.106
chr1:44731089:T:C	0.057
chr1:44731089:T:G	0.052
chr1:44731090:G:A	0.069
chr1:44731090:G:C	0.026
chr1:44731090:G:T	0.048
chr1:44731091:A:C	0.172
chr1:44731091:A:G	0.192
chr1:44731091:A:T	0.197
chr1:44731092:A:C	0.04
chr1:44731092:A:G	0.042
chr1:44731092:A:T	0.043
chr1:44731093:A:C	4.897
chr1:44731093:A:G	5.016
chr1:44731093:A:T	4.594
chr1:44731094:C:A	8.327
chr1:44731094:C:G	8.279
chr1:44731094:C:T	8.692
chr1:44731095:T:A	9.105
chr1:44731095:T:C	9.757
chr1:44731095:T:G	8.754
chr1:44731096:C:A	8.587
chr1:44731096:C:G	6.525
chr1:44731096:C:T	7.485
chr1:44731097:A:C	0.48
chr1:44731097:A:G	0.612
chr1:44731097:A:T	0.616
chr1:44731098:A:C	2.312
chr1:44731098:A:G	2.579
chr1:44731098:A:T	2.228
chr1:44731099:A:C	9.042
chr1:44731099:A:G	9.28
chr1:44731099:A:T	8.807
chr1:44731100:A:C	0.478
chr1:44731100:A:G	0.387
chr1:44731100:A:T	0.406
chr1:44731101:C:A	1.828
chr1:44731101:C:G	1.706
chr1:44731101:C:T	2.033
chr1:44731102:G:A	1.285
chr1:44731102:G:C	0.692
chr1:44731102:G:T	0.985
chr1:44731103:G:A	8.02
chr1:44731103:G:C	7.819
chr1:44731103:G:T	7.306
chr1:44731104:T:A	6.056
chr1:44731104:T:C	6.158
chr1:44731104:T:G	6.312
chr1:44731105:T:A	8.462
chr1:44731105:T:C	8.095
chr1:44731105:T:G	8.266
chr1:44731106:T:A	1.211
chr1:44731106:T:C	0.729
chr1:44731106:T:G	0.705
chr1:44731107:C:A	13.45
chr1:44731107:C:G	13.24
chr1:44731107:C:T	13.51
chr1:44731108:T:A	14.12
chr1:44731108:T:C	15.11
chr1:44731108:T:G	13.89
chr1:44731109:C:A	16.56
chr1:44731109:C:G	15.94
chr1:44731109:C:T	16.06
chr1:44731110:T:A	14.59
chr1:44731110:T:C	14.93
chr1:44731110:T:G	14.11
chr1:44731111:C:A	17.69
chr1:44731111:C:G	16.82
chr1:44731111:C:T	16.24
chr1:44731112:C:A	16.12
chr1:44731112:C:G	15.25
chr1:44731112:C:T	16.75
chr1:44731113:A:C	16.13
chr1:44731113:A:G	15.59
chr1:44731113:A:T	15.38
chr1:44731114:C:A	17.0
chr1:44731114:C:G	17.05
chr1:44731114:C:T	17.52
chr1:44731115:G:A	16.97
chr1:44731115:G:C	15.61
chr1:44731115:G:T	16.33
chr1:44731116:G:A	14.57
chr1:44731116:G:C	14.84
chr1:44731116:G:T	14.59
chr1:44731117:A:C	14.9
chr1:44731117:A:G	15.24
chr1:44731117:A:T	15.16
chr1:44731118:A:C	15.93
chr1:44731118:A:G	16.03
chr1:44731118:A:T	16.25
chr1:44731119:A:C	15.73
chr1:44731119:A:G	15.67
chr1:44731119:A:T	15.74
chr1:44731120:T:A	15.17
chr1:44731120:T:C	15.25
chr1:44731120:T:G	14.89
chr1:44731121:C:A	16.76
chr1:44731121:C:G	16.38
chr1:44731121:C:T	16.67
chr1:44731122:T:A	15.0
chr1:44731122:T:C	14.72
chr1:44731122:T:G	14.86
chr1:44731123:T:A	15.76
chr1:44731123:T:C	14.98
chr1:44731123:T:G	14.78
chr1:44731124:T:A	15.09
chr1:44731124:T:C	14.94
chr1:44731124:T:G	14.67
chr1:44731125:A:C	15.91
chr1:44731125:A:G	15.89
chr1:44731125:A:T	15.68
chr1:44731126:G:A	16.12
chr1:44731126:G:C	16.12
chr1:44731126:G:T	15.87
chr1:44731127:T:A	15.73
chr1:44731127:T:C	15.95
chr1:44731127:T:G	15.76
chr1:44731128:A:C	15.88
chr1:44731128:A:G	15.96
chr1:44731128:A:T	15.76
chr1:44731129:A:C	16.04
chr1:44731129:A:G	15.98
chr1:44731129:A:T	15.8
chr1:44731130:A:C	16.09
chr1:44731130:A:G	16.19
chr1:44731130:A:T	16.02
chr1:44731131:A:C	14.29
chr1:44731131:A:G	14.58
chr1:44731131:A:T	14.08
chr1:44731132:G:A	16.33
chr1:44731132:G:C	15.79
chr1:44731132:G:T	15.74
chr1:44731133:G:A	16.92
chr1:44731133:G:C	16.6
chr1:44731133:G:T	16.6
chr1:44731134:C:A	16.59
chr1:44731134:C:G	17.09
chr1:44731134:C:T	16.9
chr1:44731135:G:A	16.38
chr1:44731135:G:C	15.56
chr1:44731135:G:T	16.67
chr1:44731136:A:C	14.74
chr1:44731136:A:G	14.85
chr1:44731136:A:T	14.83
chr1:44731137:A:C	15.63
chr1:44731137:A:G	15.79
chr1:44731137:A:T	15.61
chr1:44731138:A:C	15.74
chr1:44731138:A:G	15.85
chr1:44731138:A:T	15.64
chr1:44731139:G:A	15.95
chr1:44731139:G:C	15.44
chr1:44731139:G:T	15.85
chr1:44731140:A:C	14.74
chr1:44731140:A:G	14.85
chr1:44731140:A:T	14.61
chr1:44731141:T:A	15.05
chr1:44731141:T:C	15.2
chr1:44731141:T:G	14.83
chr1:44731142:T:A	14.92
chr1:44731142:T:C	14.8
chr1:44731142:T:G	14.77
chr1:44731143:T:A	13.76
chr1:44731143:T:C	15.63
chr1:44731143:T:G	15.39
chr1:44731144:A:C	10.7
chr1:44731144:A:G	10.96
chr1:44731144:A:T	10.6
chr1:44731145:T:A	12.84
chr1:44731145:T:C	13.0
chr1:44731145:T:G	12.57
chr1:44731146:A:C	1.056
chr1:44731146:A:G	1.192
chr1:44731146:A:T	1.028
chr1:44731147:C:A	14.31
chr1:44731147:C:G	13.98
chr1:44731147:C:T	15.42
chr1:44731148:G:A	15.25
chr1:44731148:G:C	14.41
chr1:44731148:G:T	15.49
chr1:44731149:A:C	6.107
chr1:44731149:A:G	6.263
chr1:44731149:A:T	5.931
chr1:44731150:T:A	12.34
chr1:44731150:T:C	12.65
chr1:44731150:T:G	12.38
chr1:44731151:T:A	8.306
chr1:44731151:T:C	8.079
chr1:44731151:T:G	7.816
chr1:44731152:T:A	15.86
chr1:44731152:T:C	15.6
chr1:44731152:T:G	15.42
chr1:44731153:G:A	17.64
chr1:44731153:G:C	16.35
chr1:44731153:G:T	17.21
chr1:44731154:A:C	15.59
chr1:44731154:A:G	15.98
chr1:44731154:A:T	15.51
chr1:44731155:A:C	15.58
chr1:44731155:A:G	15.72
chr1:44731155:A:T	15.56
chr1:44731156:G:A	15.66
chr1:44731156:G:C	15.13
chr1:44731156:G:T	15.45
chr1:44731157:A:C	14.43
chr1:44731157:A:G	14.92
chr1:44731157:A:T	14.28
chr1:44731158:G:A	15.24
chr1:44731158:G:C	14.92
chr1:44731158:G:T	14.97
chr1:44731159:A:C	15.42
chr1:44731159:A:G	15.52
chr1:44731159:A:T	15.27
chr1:44731160:A:C	15.41
chr1:44731160:A:G	15.33
chr1:44731160:A:T	15.34
chr1:44731161:A:C	15.41
chr1:44731161:A:G	15.1
chr1:44731161:A:T	14.9
chr1:44731162:C:A	14.0
chr1:44731162:C:G	14.23
chr1:44731162:C:T	14.47
chr1:44731163:C:A	9.836
chr1:44731163:C:G	9.579
chr1:44731163:C:T	11.52
chr1:44731164:A:C	10.67
chr1:44731164:A:G	9.802
chr1:44731164:A:T	9.998
chr1:44731165:G:A	7.841
chr1:44731165:G:C	7.304
chr1:44731165:G:T	7.159
chr1:44731166:A:C	8.23
chr1:44731166:A:G	8.615
chr1:44731166:A:T	8.17
chr1:44731167:G:A	9.411
chr1:44731167:G:C	8.691
chr1:44731167:G:T	8.689
chr1:44731168:C:A	0.585
chr1:44731168:C:G	0.436
chr1:44731168:C:T	1.229
chr1:44731169:A:C	2.238
chr1:44731169:A:G	2.46
chr1:44731169:A:T	2.598
chr1:44731170:T:A	5.198
chr1:44731170:T:C	6.648
chr1:44731170:T:G	5.368
chr11:62841619:G:A	0.179
chr11:62841619:G:C	0.108
chr11:62841619:G:T	0.119
chr11:62841620:G:A	0.043
chr11:62841620:G:C	0.032
chr11:62841620:G:T	0.031
chr11:62841621:A:C	0.252
chr11:62841621:A:G	0.435
chr11:62841621:A:T	0.247
chr11:62841622:G:A	0.991
chr11:62841622:G:C	0.942
chr11:62841622:G:T	0.703
chr11:62841623:A:C	0.32
chr11:62841623:A:G	0.411
chr11:62841623:A:T	0.335
chr11:62841624:G:A	0.596
chr11:62841624:G:C	0.453
chr11:62841624:G:T	0.384
chr11:62841625:T:A	4.283
chr11:62841625:T:C	4.762
chr11:62841625:T:G	4.588
chr11:62841626:G:A	5.996
chr11:62841626:G:C	4.615
chr11:62841626:G:T	4.465
chr11:62841627:C:A	7.734
chr11:62841627:C:G	7.867
chr11:62841627:C:T	9.022
chr11:62841628:A:C	10.79
chr11:62841628:A:G	11.07
chr11:62841628:A:T	9.903
chr11:62841629:C:A	11.36
chr11:62841629:C:G	11.44
chr11:62841629:C:T	11.96
chr11:62841630:C:A	12.25
chr11:62841630:C:G	11.93
chr11:62841630:C:T	13.12
chr11:62841631:G:A	8.731
chr11:62841631:G:C	8.638
chr11:62841631:G:T	8.435
chr11:62841632:T:A	7.763
chr11:62841632:T:C	8.264
chr11:62841632:T:G	7.86
chr11:62841633:T:A	9.383
chr11:62841633:T:C	8.643
chr11:62841633:T:G	8.676
chr11:62841634:C:A	8.33
chr11:62841634:C:G	7.296
chr11:62841634:C:T	8.387
chr11:62841635:C:A	8.926
chr11:62841635:C:G	7.979
chr11:62841635:C:T	9.23
chr11:62841636:T:A	8.381
chr11:62841636:T:C	9.708
chr11:62841636:T:G	8.73
chr11:62841637:G:A	11.08
chr11:62841637:G:C	9.321
chr11:62841637:G:T	9.378
chr11:62841638:G:A	12.08
chr11:62841638:G:C	11.14
chr11:62841638:G:T	11.3
chr11:62841639:A:C	11.94
chr11:62841639:A:G	12.03
chr11:62841639:A:T	11.71
chr11:62841640:A:C	5.384
chr11:62841640:A:G	5.918
chr11:62841640:A:T	5.536
chr11:62841641:G:A	8.376
chr11:62841641:G:C	7.932
chr11:62841641:G:T	7.384
chr11:62841642:T:A	9.986
chr11:62841642:T:C	10.45
chr11:62841642:T:G	10.09
chr11:62841643:A:C	12.49
chr11:62841643:A:G	12.63
chr11:62841643:A:T	12.53
chr11:62841644:C:A	14.68
chr11:62841644:C:G	14.36
chr11:62841644:C:T	15.28
chr11:62841645:T:A	14.36
chr11:62841645:T:C	14.62
chr11:62841645:T:G	14.34
chr11:62841646:G:A	14.07
chr11:62841646:G:C	12.8
chr11:62841646:G:T	12.79
chr11:62841647:C:A	15.14
chr11:62841647:C:G	14.76
chr11:62841647:C:T	15.59
chr11:62841648:A:C	13.97
chr11:62841648:A:G	14.12
chr11:62841648:A:T	14.04
chr11:62841649:A:C	13.94
chr11:62841649:A:G	14.45
chr11:62841649:A:T	13.7
chr11:62841650:T:A	13.72
chr11:62841650:T:C	14.02
chr11:62841650:T:G	13.59
chr11:62841651:A:C	13.55
chr11:62841651:A:G	14.03
chr11:62841651:A:T	13.44
chr11:62841652:C:A	14.12
chr11:62841652:C:G	13.92
chr11:62841652:C:T	14.4
chr11:62841653:C:A	14.27
chr11:62841653:C:G	13.98
chr11:62841653:C:T	14.99
chr11:62841654:A:C	13.08
chr11:62841654:A:G	13.51
chr11:62841654:A:T	13.14
chr11:62841655:G:A	13.38
chr11:62841655:G:C	12.8
chr11:62841655:G:T	12.58
chr11:62841656:G:A	13.48
chr11:62841656:G:C	12.77
chr11:62841656:G:T	13.06
chr11:62841657:T:A	9.811
chr11:62841657:T:C	10.27
chr11:62841657:T:G	10.65
chr11:62841658:C:A	14.47
chr11:62841658:C:G	14.98
chr11:62841658:C:T	15.08
chr11:62841659:G:A	13.85
chr11:62841659:G:C	12.98
chr11:62841659:G:T	13.89
chr11:62841660:A:C	14.07
chr11:62841660:A:G	14.27
chr11:62841660:A:T	13.86
chr11:62841661:T:A	13.83
chr11:62841661:T:C	14.59
chr11:62841661:T:G	13.99
chr11:62841662:G:A	14.62
chr11:62841662:G:C	13.66
chr11:62841662:G:T	13.72
chr11:62841663:C:A	13.92
chr11:62841663:C:G	14.11
chr11:62841663:C:T	14.87
chr11:62841664:G:A	14.12
chr11:62841664:G:C	12.78
chr11:62841664:G:T	12.75
chr11:62841665:T:A	11.93
chr11:62841665:T:C	11.93
chr11:62841665:T:G	12.18
chr11:62841666:G:A	14.99
chr11:62841666:G:C	14.7
chr11:62841666:G:T	14.41
chr11:62841667:G:A	13.1
chr11:62841667:G:C	13.0
chr11:62841667:G:T	12.83
chr11:62841668:A:C	14.55
chr11:62841668:A:G	15.26
chr11:62841668:A:T	14.58
chr11:62841669:G:A	11.14
chr11:62841669:G:C	10.41
chr11:62841669:G:T	10.94
chr11:62841670:T:A	13.62
chr11:62841670:T:C	13.81
chr11:62841670:T:G	13.97
chr11:62841671:G:A	13.91
chr11:62841671:G:C	13.56
chr11:62841671:G:T	13.5
chr11:62841672:G:A	13.6
chr11:62841672:G:C	13.21
chr11:62841672:G:T	12.97
chr11:62841673:A:C	13.58
chr11:62841673:A:G	14.5
chr11:62841673:A:T	13.51
chr11:62841674:C:A	11.26
chr11:62841674:C:G	11.54
chr11:62841674:C:T	12.3
chr11:62841675:G:A	12.77
chr11:62841675:G:C	11.33
chr11:62841675:G:T	11.36
chr11:62841676:G:A	8.363
chr11:62841676:G:C	7.773
chr11:62841676:G:T	7.463
chr11:62841677:A:C	12.5
chr11:62841677:A:G	13.04
chr11:62841677:A:T	12.4
chr11:62841678:G:A	12.53
chr11:62841678:G:C	12.03
chr11:62841678:G:T	11.77
chr11:62841679:C:A	13.33
chr11:62841679:C:G	13.4
chr11:62841679:C:T	13.73
chr11:62841680:A:C	14.13
chr11:62841680:A:G	14.11
chr11:62841680:A:T	14.19
chr11:62841681:A:C	12.64
chr11:62841681:A:G	12.89
chr11:62841681:A:T	12.51
chr11:62841682:G:A	11.68
chr11:62841682:G:C	11.07
chr11:62841682:G:T	11.11
chr11:62841683:C:A	13.81
chr11:62841683:C:G	14.24
chr11:62841683:C:T	14.37
chr11:62841684:T:A	9.451
chr11:62841684:T:C	11.19
chr11:62841684:T:G	9.068
chr11:62841685:C:A	14.35
chr11:62841685:C:G	13.62
chr11:62841685:C:T	14.08
chr11:62841686:C:A	8.903
chr11:62841686:C:G	9.147
chr11:62841686:C:T	9.933
chr11:62841687:T:A	11.99
chr11:62841687:T:C	12.51
chr11:62841687:T:G	12.19
chr11:62841688:A:C	5.573
chr11:62841688:A:G	6.837
chr11:62841688:A:T	5.431
chr11:62841689:T:A	1.818
chr11:62841689:T:C	2.228
chr11:62841689:T:G	1.806
chr11:62841690:T:A	11.11
chr11:62841690:T:C	11.7
chr11:62841690:T:G	10.65
chr11:62841691:C:A	6.523
chr11:62841691:C:G	6.03
chr11:62841691:C:T	6.846
chr11:62841692:C:A	4.523
chr11:62841692:C:G	4.084
chr11:62841692:C:T	6.435
chr11:62841693:A:C	7.899
chr11:62841693:A:G	7.846
chr11:62841693:A:T	6.34
chr11:62841694:T:A	0.776
chr11:62841694:T:C	0.923
chr11:62841694:T:G	0.543
chr11:62841695:C:A	2.345
chr11:62841695:C:G	2.338
chr11:62841695:C:T	3.326
chr11:62841696:T:A	8.65
chr11:62841696:T:C	10.62
chr11:62841696:T:G	7.853
chr11:62841697:C:A	3.754
chr11:62841697:C:G	2.66
chr11:62841697:C:T	2.844
chr11:62841698:C:A	4.683
chr11:62841698:C:G	4.496
chr11:62841698:C:T	5.863
chr11:62841699:T:A	0.143
chr11:62841699:T:C	0.18
chr11:62841699:T:G	0.149
chr11:62841700:A:C	0.527
chr11:62841700:A:G	0.95
chr11:62841700:A:T	0.56
chr11:62841701:T:A	0.001
chr11:62841701:T:C	0.001
chr11:62841701:T:G	0.001
chr11:62841702:T:A	0.011
chr11:62841702:T:C	0.014
chr11:62841702:T:G	0.011
chr11:62841703:T:A	0.252
chr11:62841703:T:C	0.221
chr11:62841703:T:G	0.155
chr11:62841704:C:A	5.279
chr11:62841704:C:G	4.419
chr11:62841704:C:T	4.975
chr11:62841705:C:A	4.226
chr11:62841705:C:G	3.585
chr11:62841705:C:T	6.319
chr11:62841706:A:C	8.058
chr11:62841706:A:G	8.043
chr11:62841706:A:T	8.288
chr11:62841707:A:C	8.504
chr11:62841707:A:G	9.226
chr11:62841707:A:T	8.448
chr11:62841708:A:C	11.1
chr11:62841708:A:G	11.39
chr11:62841708:A:T	10.95
chr11:62841709:A:C	8.167
chr11:62841709:A:G	8.297
chr11:62841709:A:T	8.088
chr11:62841710:A:C	8.69
chr11:62841710:A:G	9.213
chr11:62841710:A:T	8.521
chr11:62841711:T:A	6.176
chr11:62841711:T:C	7.133
chr11:62841711:T:G	5.529
chr11:62841712:C:A	10.9
chr11:62841712:C:G	9.954
chr11:62841712:C:T	10.55
chr11:62841713:C:A	13.46
chr11:62841713:C:G	12.6
chr11:62841713:C:T	14.38
chr11:62841714:A:C	9.511
chr11:62841714:A:G	10.09
chr11:62841714:A:T	8.833
chr11:62841715:T:A	7.495
chr11:62841715:T:C	7.338
chr11:62841715:T:G	6.881
chr11:62841716:T:A	11.3
chr11:62841716:T:C	11.56
chr11:62841716:T:G	11.43
chr11:62841717:T:A	8.096
chr11:62841717:T:C	11.37
chr11:62841717:T:G	11.04
chr11:62841718:A:C	12.94
chr11:62841718:A:G	13.19
chr11:62841718:A:T	12.82
chr11:62841719:A:C	13.31
chr11:62841719:A:G	13.54
chr11:62841719:A:T	13.0
chr11:62841720:T:A	7.818
chr11:62841720:T:C	11.65
chr11:62841720:T:G	10.94
chr11:62841721:A:C	12.27
chr11:62841721:A:G	12.84
chr11:62841721:A:T	12.16
chr11:62841722:T:A	12.97
chr11:62841722:T:C	13.82
chr11:62841722:T:G	13.07
chr11:62841723:A:C	9.435
chr11:62841723:A:G	10.52
chr11:62841723:A:T	6.581
chr11:62841724:T:A	9.848
chr11:62841724:T:C	11.03
chr11:62841724:T:G	9.968
chr11:62841725:T:A	12.01
chr11:62841725:T:C	11.99
chr11:62841725:T:G	11.61
chr11:62841726:G:A	11.6
chr11:62841726:G:C	10.24
chr11:62841726:G:T	10.73
chr11:62841727:T:A	11.83
chr11:62841727:T:C	12.32
chr11:62841727:T:G	11.5
chr11:62841728:C:A	11.55
chr11:62841728:C:G	10.91
chr11:62841728:C:T	11.22
chr11:62841729:C:A	12.03
chr11:62841729:C:G	12.01
chr11:62841729:C:T	12.71
chr11:62841730:T:A	12.37
chr11:62841730:T:C	12.68
chr11:62841730:T:G	12.22
chr11:62841731:C:A	12.57
chr11:62841731:C:G	12.25
chr11:62841731:C:T	12.72
chr11:62841732:G:A	11.09
chr11:62841732:G:C	10.61
chr11:62841732:G:T	9.809
chr11:62841733:G:A	10.64
chr11:62841733:G:C	10.07
chr11:62841733:G:T	10.05
chr11:62841734:A:C	11.94
chr11:62841734:A:G	12.47
chr11:62841734:A:T	12.03
chr11:62841735:T:A	13.43
chr11:62841735:T:C	14.18
chr11:62841735:T:G	13.6
chr11:62841736:A:C	12.62
chr11:62841736:A:G	13.03
chr11:62841736:A:T	12.48
chr11:62841737:G:A	11.38
chr11:62841737:G:C	10.78
chr11:62841737:G:T	10.8
chr11:62841738:A:C	13.96
chr11:62841738:A:G	14.4
chr11:62841738:A:T	13.95
chr11:62841739:G:A	11.11
chr11:62841739:G:C	9.924
chr11:62841739:G:T	9.84
chr11:62841740:G:A	9.957
chr11:62841740:G:C	8.82
chr11:62841740:G:T	8.801
chr11:62841741:A:C	14.28
chr11:62841741:A:G	15.07
chr11:62841741:A:T	14.26
chr11:62841742:C:A	13.11
chr11:62841742:C:G	13.0
chr11:62841742:C:T	14.14
chr11:62841743:G:A	13.81
chr11:62841743:G:C	13.29
chr11:62841743:G:T	12.81
chr11:62841744:T:A	12.5
chr11:62841744:T:C	12.9
chr11:62841744:T:G	12.24
chr11:62841745:A:C	11.44
chr11:62841745:A:G	12.2
chr11:62841745:A:T	11.45
chr11:62841746:T:A	14.41
chr11:62841746:T:C	14.55
chr11:62841746:T:G	13.95
chr11:62841747:C:A	11.75
chr11:62841747:C:G	11.46
chr11:62841747:C:T	12.14
chr11:62841748:A:C	13.69
chr11:62841748:A:G	14.03
chr11:62841748:A:T	13.63
chr11:62841749:G:A	10.93
chr11:62841749:G:C	9.582
chr11:62841749:G:T	9.986
chr11:62841750:A:C	12.37
chr11:62841750:A:G	13.06
chr11:62841750:A:T	12.29
chr11:62841751:T:A	9.002
chr11:62841751:T:C	9.646
chr11:62841751:T:G	9.119
chr11:62841752:A:C	9.868
chr11:62841752:A:G	10.75
chr11:62841752:A:T	7.047
chr11:62841753:T:A	9.259
chr11:62841753:T:C	10.59
chr11:62841753:T:G	9.498
chr11:62841754:T:A	7.087
chr11:62841754:T:C	7.494
chr11:62841754:T:G	7.554
chr11:62841755:A:C	12.14
chr11:62841755:A:G	12.29
chr11:62841755:A:T	8.934
chr11:62841756:A:C	12.05
chr11:62841756:A:G	12.2
chr11:62841756:A:T	11.87
chr11:62841757:A:C	8.139
chr11:62841757:A:G	11.58
chr11:62841757:A:T	11.26
chr11:62841758:C:A	11.86
chr11:62841758:C:G	11.7
chr11:62841758:C:T	12.4
chr11:62841759:T:A	11.0
chr11:62841759:T:C	11.69
chr11:62841759:T:G	11.5
chr11:62841760:G:A	12.55
chr11:62841760:G:C	10.63
chr11:62841760:G:T	11.75
chr11:62841761:A:C	9.461
chr11:62841761:A:G	10.7
chr11:62841761:A:T	9.504
chr11:62841762:T:A	13.0
chr11:62841762:T:C	13.33
chr11:62841762:T:G	12.98
chr11:62841763:A:C	9.627
chr11:62841763:A:G	10.4
chr11:62841763:A:T	9.609
chr11:62841764:A:C	12.2
chr11:62841764:A:G	12.13
chr11:62841764:A:T	12.06
chr11:62841765:G:A	9.132
chr11:62841765:G:C	7.897
chr11:62841765:G:T	8.294
chr11:62841766:A:C	12.08
chr11:62841766:A:G	12.33
chr11:62841766:A:T	12.05
chr11:62841767:A:C	12.16
chr11:62841767:A:G	12.58
chr11:62841767:A:T	12.4
chr11:62841768:C:A	8.997
chr11:62841768:C:G	8.639
chr11:62841768:C:T	9.874
chr11:62841769:A:C	12.1
chr11:62841769:A:G	12.45
chr11:62841769:A:T	11.81
chr11:62841770:G:A	8.856
chr11:62841770:G:C	7.769
chr11:62841770:G:T	8.271
chr11:62841771:A:C	11.96
chr11:62841771:A:G	12.53
chr11:62841771:A:T	12.0
chr11:62841772:T:A	6.606
chr11:62841772:T:C	7.622
chr11:62841772:T:G	6.846
chr11:62841773:A:C	12.21
chr11:62841773:A:G	12.82
chr11:62841773:A:T	12.1
chr11:62841774:C:A	5.761
chr11:62841774:C:G	5.892
chr11:62841774:C:T	6.689
chr11:62841775:T:A	10.64
chr11:62841775:T:C	11.47
chr11:62841775:T:G	10.91
chr11:62841776:A:C	12.37
chr11:62841776:A:G	13.03
chr11:62841776:A:T	12.31
chr11:62841777:C:A	10.82
chr11:62841777:C:G	10.4
chr11:62841777:C:T	11.54
chr11:62841778:A:C	10.4
chr11:62841778:A:G	10.27
chr11:62841778:A:T	9.275
chr11:62841779:C:A	13.0
chr11:62841779:C:G	12.77
chr11:62841779:C:T	13.55
chr11:62841780:T:A	11.12
chr11:62841780:T:C	11.92
chr11:62841780:T:G	11.26
chr11:62841781:T:A	11.02
chr11:62841781:T:C	10.26
chr11:62841781:T:G	10.5
chr11:62841782:G:A	9.957
chr11:62841782:G:C	8.338
chr11:62841782:G:T	9.082
chr11:62841783:A:C	12.48
chr11:62841783:A:G	12.85
chr11:62841783:A:T	12.48
chr11:62841784:T:A	12.72
chr11:62841784:T:C	13.11
chr11:62841784:T:G	12.67
chr11:62841785:C:A	9.953
chr11:62841785:C:G	9.213
chr11:62841785:C:T	10.41
chr11:62841786:T:A	10.06
chr11:62841786:T:C	10.9
chr11:62841786:T:G	10.33
chr11:62841787:T:A	12.4
chr11:62841787:T:C	12.37
chr11:62841787:T:G	12.01
chr11:62841788:A:C	12.32
chr11:62841788:A:G	12.64
chr11:62841788:A:T	12.17
chr11:62841789:G:A	8.278
chr11:62841789:G:C	8.521
chr11:62841789:G:T	7.108
chr11:62841790:C:A	11.85
chr11:62841790:C:G	11.41
chr11:62841790:C:T	12.11
chr11:62841791:C:A	12.08
chr11:62841791:C:G	11.61
chr11:62841791:C:T	13.12
chr11:62841792:A:C	13.2
chr11:62841792:A:G	13.26
chr11:62841792:A:T	13.55
chr11:62841793:A:C	11.74
chr11:62841793:A:G	12.43
chr11:62841793:A:T	11.71
chr11:62841794:A:C	12.95
chr11:62841794:A:G	13.12
chr11:62841794:A:T	13.0
chr11:62841795:A:C	12.87
chr11:62841795:A:G	13.28
chr11:62841795:A:T	12.73
chr11:62841796:G:A	13.35
chr11:62841796:G:C	12.67
chr11:62841796:G:T	12.85
chr11:62841797:G:A	11.97
chr11:62841797:G:C	11.02
chr11:62841797:G:T	10.5
chr11:62841798:C:A	13.33
chr11:62841798:C:G	13.83
chr11:62841798:C:T	13.66
chr11:62841799:C:A	13.62
chr11:62841799:C:G	13.55
chr11:62841799:C:T	14.4
chr11:62841800:G:A	10.51
chr11:62841800:G:C	9.118
chr11:62841800:G:T	9.511
chr11:62841801:A:C	11.31
chr11:62841801:A:G	11.58
chr11:62841801:A:T	11.12
chr11:62841802:G:A	8.271
chr11:62841802:G:C	7.333
chr11:62841802:G:T	7.392
chr11:62841803:A:C	10.45
chr11:62841803:A:G	10.77
chr11:62841803:A:T	10.35
chr11:62841804:A:C	12.59
chr11:62841804:A:G	12.73
chr11:62841804:A:T	12.29
chr11:62841805:G:A	11.23
chr11:62841805:G:C	10.17
chr11:62841805:G:T	10.04
chr11:62841806:C:A	11.53
chr11:62841806:C:G	11.6
chr11:62841806:C:T	11.76
chr11:62841807:G:A	10.75
chr11:62841807:G:C	8.893
chr11:62841807:G:T	11.39
chr11:62841808:A:C	7.212
chr11:62841808:A:G	7.718
chr11:62841808:A:T	7.956
chr11:62841809:T:A	9.966
chr11:62841809:T:C	10.6
chr11:62841809:T:G	10.05
chr12:6943816:C:A	0.001
chr12:6943816:C:G	0.001
chr12:6943816:C:T	0.001
chr12:6943817:A:C	13.25
chr12:6943817:A:G	13.57
chr12:6943817:A:T	14.1
chr12:6943818:G:A	17.24
chr12:6943818:G:C	16.81
chr12:6943818:G:T	17.1
chr12:6943819:T:A	15.87
chr12:6943819:T:C	16.3
chr12:6943819:T:G	16.91
chr12:6943820:G:A	17.8
chr12:6943820:G:C	17.23
chr12:6943820:G:T	17.51
chr12:6943821:T:A	15.44
chr12:6943821:T:C	15.62
chr12:6943821:T:G	15.59
chr12:6943822:T:A	13.81
chr12:6943822:T:C	14.04
chr12:6943822:T:G	13.83
chr12:6943823:A:C	13.6
chr12:6943823:A:G	13.8
chr12:6943823:A:T	13.54
chr12:6943824:C:A	18.4
chr12:6943824:C:G	18.86
chr12:6943824:C:T	19.99
chr12:6943825:A:C	17.07
chr12:6943825:A:G	17.04
chr12:6943825:A:T	17.0
chr12:6943826:G:A	18.43
chr12:6943826:G:C	18.29
chr12:6943826:G:T	18.26
chr12:6943827:C:A	18.02
chr12:6943827:C:G	18.53
chr12:6943827:C:T	19.28
chr12:6943828:T:A	16.62
chr12:6943828:T:C	17.47
chr12:6943828:T:G	16.76
chr12:6943829:C:A	18.27
chr12:6943829:C:G	17.65
chr12:6943829:C:T	18.88
chr12:6943830:T:A	15.56
chr12:6943830:T:C	15.86
chr12:6943830:T:G	15.7
chr12:6943831:T:A	15.63
chr12:6943831:T:C	15.85
chr12:6943831:T:G	15.69
chr12:6943832:T:A	16.5
chr12:6943832:T:C	16.67
chr12:6943832:T:G	16.54
chr12:6943833:T:A	16.71
chr12:6943833:T:C	17.02
chr12:6943833:T:G	16.71
chr12:6943834:A:C	9.357
chr12:6943834:A:G	9.512
chr12:6943834:A:T	9.015
chr12:6943835:G:A	17.53
chr12:6943835:G:C	16.65
chr12:6943835:G:T	17.86
chr12:6943836:A:C	17.04
chr12:6943836:A:G	16.6
chr12:6943836:A:T	18.23
chr12:6943837:A:C	15.85
chr12:6943837:A:G	15.86
chr12:6943837:A:T	16.42
chr12:6943838:T:A	13.73
chr12:6943838:T:C	15.82
chr12:6943838:T:G	15.54
chr12:6943839:T:A	16.32
chr12:6943839:T:C	16.45
chr12:6943839:T:G	16.26
chr12:6943840:T:A	17.26
chr12:6943840:T:C	16.53
chr12:6943840:T:G	16.23
chr12:6943841:G:A	17.49
chr12:6943841:G:C	16.86
chr12:6943841:G:T	17.01
chr12:6943842:T:A	16.06
chr12:6943842:T:C	16.31
chr12:6943842:T:G	16.07
chr12:6943843:C:A	17.24
chr12:6943843:C:G	17.26
chr12:6943843:C:T	18.6
chr12:6943844:T:A	9.816
chr12:6943844:T:C	10.63
chr12:6943844:T:G	10.16
chr12:6943845:A:C	15.39
chr12:6943845:A:G	15.57
chr12:6943845:A:T	15.28
chr12:6943846:G:A	16.01
chr12:6943846:G:C	15.64
chr12:6943846:G:T	15.76
chr12:6943847:T:A	0.046
chr12:6943847:T:C	0.065
chr12:6943847:T:G	0.05
chr12:6943848:A:C	13.9
chr12:6943848:A:G	14.27
chr12:6943848:A:T	13.8
chr12:6943849:G:A	14.97
chr12:6943849:G:C	14.53
chr12:6943849:G:T	14.41
chr12:6943850:G:A	14.59
chr12:6943850:G:C	14.17
chr12:6943850:G:T	14.36
chr12:6943851:C:A	0.107
chr12:6943851:C:G	0.443
chr12:6943851:C:T	0.328
chr12:6943852:T:A	0.191
chr12:6943852:T:C	0.238
chr12:6943852:T:G	0.194
chr12:6943853:T:A	9.874
chr12:6943853:T:C	10.79
chr12:6943853:T:G	9.666
chr12:6943854:T:A	10.96
chr12:6943854:T:C	11.54
chr12:6943854:T:G	11.2
chr12:6943855:C:A	13.17
chr12:6943855:C:G	13.31
chr12:6943855:C:T	14.23
chr12:6943856:T:A	0.047
chr12:6943856:T:C	0.046
chr12:6943856:T:G	0.038
chr12:6943857:G:A	7.214
chr12:6943857:G:C	4.759
chr12:6943857:G:T	5.296
chr12:6943858:G:A	5.543
chr12:6943858:G:C	3.444
chr12:6943858:G:T	6.381
chr12:6943859:C:A	0.158
chr12:6943859:C:G	0.335
chr12:6943859:C:T	0.297
chr12:6943860:T:A	0.004
chr12:6943860:T:C	0.005
chr12:6943860:T:G	0.004
chr12:6943861:T:A	0.143
chr12:6943861:T:C	0.135
chr12:6943861:T:G	0.133
chr12:6943862:T:A	0.001
chr12:6943862:T:C	0.001
chr12:6943862:T:G	0.001
chr12:6943863:T:A	0.001
chr12:6943863:T:C	0.001
chr12:6943863:T:G	0.001
chr12:6943864:T:A	0.001
chr12:6943864:T:C	0.001
chr12:6943864:T:G	0.001
chr12:6943865:A:C	0.012
chr12:6943865:A:G	0.013
chr12:6943865:A:T	0.009
chr12:6943866:C:A	0.872
chr12:6943866:C:G	1.494
chr12:6943866:C:T	1.174
chr12:6943867:C:A	0.044
chr12:6943867:C:G	0.04
chr12:6943867:C:T	0.058
chr12:6943868:G:A	14.89
chr12:6943868:G:C	14.64
chr12:6943868:G:T	14.35
chr12:6943869:G:A	14.43
chr12:6943869:G:C	14.49
chr12:6943869:G:T	15.62
chr12:6943870:A:C	11.33
chr12:6943870:A:G	11.73
chr12:6943870:A:T	14.98
chr12:6943871:A:C	5.821
chr12:6943871:A:G	5.802
chr12:6943871:A:T	7.51
chr12:6943872:A:C	0.056
chr12:6943872:A:G	0.055
chr12:6943872:A:T	0.055
chr12:6943873:G:A	0.008
chr12:6943873:G:C	0.007
chr12:6943873:G:T	0.005
chr12:6943874:C:A	12.34
chr12:6943874:C:G	12.13
chr12:6943874:C:T	12.86
chr12:6943875:C:A	11.07
chr12:6943875:C:G	11.71
chr12:6943875:C:T	12.13
chr12:6943876:C:A	8.555
chr12:6943876:C:G	8.834
chr12:6943876:C:T	9.877
chr12:6943877:C:A	0.133
chr12:6943877:C:G	0.155
chr12:6943877:C:T	0.235
chr12:6943878:T:A	0.045
chr12:6943878:T:C	0.058
chr12:6943878:T:G	0.057
chr12:120291763:T:A	17.64
chr12:120291763:T:C	17.45
chr12:120291763:T:G	17.3
chr12:120291764:C:A	18.32
chr12:120291764:C:G	18.23
chr12:120291764:C:T	18.38
chr12:120291765:T:A	18.12
chr12:120291765:T:C	18.32
chr12:120291765:T:G	17.51
chr12:120291766:C:A	19.27
chr12:120291766:C:G	18.77
chr12:120291766:C:T	18.42
chr12:120291767:C:A	19.13
chr12:120291767:C:G	18.97
chr12:120291767:C:T	19.78
chr12:120291768:G:A	19.17
chr12:120291768:G:C	19.61
chr12:120291768:G:T	18.96
chr12:120291769:T:A	16.34
chr12:120291769:T:C	16.83
chr12:120291769:T:G	16.4
chr12:120291770:A:C	16.31
chr12:120291770:A:G	16.64
chr12:120291770:A:T	16.26
chr12:120291771:G:A	19.19
chr12:120291771:G:C	18.89
chr12:120291771:G:T	18.74
chr12:120291772:A:C	17.82
chr12:120291772:A:G	17.96
chr12:120291772:A:T	17.6
chr12:120291773:G:A	18.73
chr12:120291773:G:C	18.69
chr12:120291773:G:T	18.26
chr12:120291774:A:C	17.9
chr12:120291774:A:G	18.0
chr12:120291774:A:T	17.86
chr12:120291775:C:A	18.65
chr12:120291775:C:G	18.71
chr12:120291775:C:T	18.89
chr12:120291776:T:A	15.38
chr12:120291776:T:C	15.74
chr12:120291776:T:G	15.5
chr12:120291777:G:A	18.73
chr12:120291777:G:C	17.8
chr12:120291777:G:T	17.62
chr12:120291778:T:A	18.46
chr12:120291778:T:C	18.36
chr12:120291778:T:G	18.13
chr12:120291779:C:A	19.16
chr12:120291779:C:G	18.99
chr12:120291779:C:T	19.63
chr12:120291780:A:C	18.28
chr12:120291780:A:G	18.51
chr12:120291780:A:T	18.52
chr12:120291781:A:C	18.27
chr12:120291781:A:G	18.49
chr12:120291781:A:T	18.23
chr12:120291782:A:C	18.17
chr12:120291782:A:G	18.3
chr12:120291782:A:T	18.07
chr12:120291783:A:C	18.38
chr12:120291783:A:G	18.39
chr12:120291783:A:T	18.24
chr12:120291784:A:C	18.1
chr12:120291784:A:G	18.19
chr12:120291784:A:T	17.94
chr12:120291785:T:A	18.22
chr12:120291785:T:C	18.4
chr12:120291785:T:G	18.04
chr12:120291786:T:A	18.21
chr12:120291786:T:C	18.29
chr12:120291786:T:G	18.12
chr12:120291787:G:A	19.88
chr12:120291787:G:C	19.04
chr12:120291787:G:T	19.0
chr12:120291788:C:A	19.28
chr12:120291788:C:G	18.94
chr12:120291788:C:T	19.46
chr12:120291789:C:A	19.32
chr12:120291789:C:G	19.13
chr12:120291789:C:T	19.99
chr12:120291790:A:C	18.39
chr12:120291790:A:G	18.5
chr12:120291790:A:T	18.7
chr12:120291791:A:C	15.45
chr12:120291791:A:G	15.95
chr12:120291791:A:T	15.34
chr12:120291792:T:A	16.98
chr12:120291792:T:C	17.43
chr12:120291792:T:G	17.11
chr12:120291793:G:A	19.89
chr12:120291793:G:C	19.52
chr12:120291793:G:T	18.89
chr12:120291794:C:A	19.1
chr12:120291794:C:G	19.2
chr12:120291794:C:T	19.38
chr12:120291795:C:A	19.62
chr12:120291795:C:G	19.4
chr12:120291795:C:T	20.4
chr12:120291796:G:A	20.7
chr12:120291796:G:C	20.3
chr12:120291796:G:T	20.5
chr12:120291797:A:C	18.23
chr12:120291797:A:G	18.56
chr12:120291797:A:T	18.41
chr12:120291798:C:A	18.91
chr12:120291798:C:G	19.04
chr12:120291798:C:T	19.27
chr12:120291799:T:A	18.31
chr12:120291799:T:C	18.57
chr12:120291799:T:G	18.27
chr12:120291800:A:C	14.71
chr12:120291800:A:G	15.41
chr12:120291800:A:T	14.6
chr12:120291801:T:A	18.41
chr12:120291801:T:C	18.81
chr12:120291801:T:G	18.3
chr12:120291802:A:C	18.4
chr12:120291802:A:G	18.64
chr12:120291802:A:T	16.99
chr12:120291803:T:A	18.24
chr12:120291803:T:C	18.53
chr12:120291803:T:G	18.25
chr12:120291804:T:A	18.56
chr12:120291804:T:C	18.7
chr12:120291804:T:G	18.48
chr12:120291805:T:A	16.97
chr12:120291805:T:C	16.7
chr12:120291805:T:G	16.69
chr12:120291806:C:A	19.86
chr12:120291806:C:G	19.18
chr12:120291806:C:T	20.1
chr12:120291807:A:C	18.43
chr12:120291807:A:G	18.59
chr12:120291807:A:T	18.79
chr12:120291808:A:C	18.55
chr12:120291808:A:G	18.73
chr12:120291808:A:T	18.45
chr12:120291809:G:A	18.64
chr12:120291809:G:C	18.34
chr12:120291809:G:T	18.13
chr12:120291810:T:A	18.65
chr12:120291810:T:C	18.89
chr12:120291810:T:G	18.59
chr12:120291811:C:A	20.1
chr12:120291811:C:G	20.3
chr12:120291811:C:T	20.5
chr12:120291812:G:A	20.5
chr12:120291812:G:C	19.93
chr12:120291812:G:T	19.59
chr12:120291813:T:A	18.94
chr12:120291813:T:C	18.95
chr12:120291813:T:G	18.86
chr12:120291814:C:A	19.77
chr12:120291814:C:G	19.54
chr12:120291814:C:T	20.2
chr12:120291815:A:C	18.92
chr12:120291815:A:G	19.17
chr12:120291815:A:T	18.75
chr12:120291816:T:A	9.951
chr12:120291816:T:C	10.9
chr12:120291816:T:G	10.67
chr12:120291817:G:A	19.74
chr12:120291817:G:C	19.42
chr12:120291817:G:T	19.28
chr12:120291818:G:A	20.1
chr12:120291818:G:C	19.47
chr12:120291818:G:T	19.66
chr12:120291819:C:A	20.4
chr12:120291819:C:G	20.6
chr12:120291819:C:T	21.0
chr12:120291820:G:A	20.4
chr12:120291820:G:C	19.56
chr12:120291820:G:T	19.57
chr12:120291821:G:A	19.69
chr12:120291821:G:C	19.47
chr12:120291821:G:T	19.41
chr12:120291822:G:A	19.81
chr12:120291822:G:C	19.58
chr12:120291822:G:T	19.44
chr12:120291823:G:A	19.9
chr12:120291823:G:C	19.5
chr12:120291823:G:T	19.48
chr12:120291824:T:A	15.91
chr12:120291824:T:C	16.12
chr12:120291824:T:G	16.09
chr12:120291825:A:C	18.89
chr12:120291825:A:G	19.05
chr12:120291825:A:T	18.77
chr12:120291826:T:A	19.01
chr12:120291826:T:C	19.48
chr12:120291826:T:G	18.89
chr12:120291827:T:A	19.14
chr12:120291827:T:C	19.22
chr12:120291827:T:G	18.99
chr12:120291828:G:A	19.6
chr12:120291828:G:C	19.18
chr12:120291828:G:T	17.87
chr12:120291829:G:A	19.94
chr12:120291829:G:C	19.71
chr12:120291829:G:T	19.46
chr12:120291830:G:A	20.2
chr12:120291830:G:C	19.61
chr12:120291830:G:T	19.75
chr12:120291831:A:C	19.05
chr12:120291831:A:G	19.3
chr12:120291831:A:T	19.17
chr12:120291832:A:C	19.1
chr12:120291832:A:G	19.34
chr12:120291832:A:T	19.11
chr12:120291833:A:C	19.09
chr12:120291833:A:G	19.11
chr12:120291833:A:T	19.08
chr12:120291834:A:C	19.18
chr12:120291834:A:G	19.19
chr12:120291834:A:T	19.01
chr12:120291835:G:A	20.4
chr12:120291835:G:C	19.74
chr12:120291835:G:T	20.3
chr12:120291836:T:A	19.36
chr12:120291836:T:C	19.18
chr12:120291836:T:G	19.3
chr12:120291837:T:A	18.97
chr12:120291837:T:C	19.11
chr12:120291837:T:G	19.07
chr12:120291838:T:A	19.68
chr12:120291838:T:C	19.27
chr12:120291838:T:G	19.1
chr12:120291839:T:A	19.69
chr12:120291839:T:C	19.15
chr12:120291839:T:G	19.21
chr12:120291840:C:A	20.7
chr12:120291840:C:G	20.3
chr12:120291840:C:T	20.9
chr12:120291841:A:C	19.0
chr12:120291841:A:G	19.22
chr12:120291841:A:T	19.25
chr12:120291842:A:C	18.94
chr12:120291842:A:G	19.44
chr12:120291842:A:T	18.97
chr12:120291843:T:A	19.07
chr12:120291843:T:C	19.55
chr12:120291843:T:G	19.09
chr12:120291844:T:A	18.72
chr12:120291844:T:C	19.01
chr12:120291844:T:G	18.8
chr12:120291845:A:C	18.82
chr12:120291845:A:G	18.91
chr12:120291845:A:T	18.64
chr12:120291846:G:A	20.2
chr12:120291846:G:C	19.58
chr12:120291846:G:T	19.59
chr12:120291847:C:A	19.97
chr12:120291847:C:G	19.77
chr12:120291847:C:T	20.4
chr12:120291848:A:C	18.82
chr12:120291848:A:G	19.04
chr12:120291848:A:T	19.05
chr12:120291849:A:C	19.12
chr12:120291849:A:G	19.16
chr12:120291849:A:T	18.86
chr12:120291850:T:A	17.73
chr12:120291850:T:C	19.23
chr12:120291850:T:G	18.95
chr12:120291851:A:C	18.88
chr12:120291851:A:G	19.04
chr12:120291851:A:T	18.86
chr12:120291852:A:C	19.0
chr12:120291852:A:G	19.1
chr12:120291852:A:T	18.83
chr12:120291853:T:A	19.45
chr12:120291853:T:C	19.47
chr12:120291853:T:G	19.5
chr12:120291854:C:A	20.5
chr12:120291854:C:G	20.2
chr12:120291854:C:T	20.8
chr12:120291855:G:A	20.8
chr12:120291855:G:C	19.89
chr12:120291855:G:T	20.2
chr12:120291856:C:A	20.6
chr12:120291856:C:G	20.6
chr12:120291856:C:T	20.8
chr12:120291857:G:A	20.9
chr12:120291857:G:C	20.7
chr12:120291857:G:T	20.2
chr12:120291858:C:A	19.86
chr12:120291858:C:G	19.58
chr12:120291858:C:T	20.2
chr12:120291859:C:A	19.86
chr12:120291859:C:G	19.58
chr12:120291859:C:T	19.8
chr12:120291860:T:A	18.93
chr12:120291860:T:C	19.41
chr12:120291860:T:G	18.87
chr12:120291861:C:A	20.6
chr12:120291861:C:G	20.2
chr12:120291861:C:T	20.6
chr12:120291862:G:A	20.5
chr12:120291862:G:C	19.51
chr12:120291862:G:T	20.2
chr12:120291863:G:A	19.6
chr12:120291863:G:C	19.73
chr12:120291863:G:T	19.51
chr12:120291864:A:C	18.85
chr12:120291864:A:G	18.88
chr12:120291864:A:T	18.79
chr12:120291865:T:A	18.78
chr12:120291865:T:C	19.03
chr12:120291865:T:G	18.75
chr12:120291866:A:C	18.64
chr12:120291866:A:G	18.91
chr12:120291866:A:T	17.54
chr12:120291867:A:C	17.59
chr12:120291867:A:G	17.66
chr12:120291867:A:T	17.75
chr12:120291868:A:C	17.88
chr12:120291868:A:G	18.99
chr12:120291868:A:T	18.62
chr12:120291869:C:A	19.91
chr12:120291869:C:G	19.53
chr12:120291869:C:T	19.78
chr12:120291870:C:A	19.89
chr12:120291870:C:G	19.76
chr12:120291870:C:T	19.96
chr12:120291871:T:A	19.09
chr12:120291871:T:C	19.33
chr12:120291871:T:G	18.69
chr12:120291872:C:A	20.4
chr12:120291872:C:G	19.79
chr12:120291872:C:T	20.3
chr12:120291873:A:C	18.9
chr12:120291873:A:G	18.97
chr12:120291873:A:T	18.82
chr12:120291874:T:A	17.67
chr12:120291874:T:C	18.63
chr12:120291874:T:G	17.49
chr12:120291875:T:A	19.0
chr12:120291875:T:C	19.14
chr12:120291875:T:G	19.17
chr12:120291876:G:A	20.4
chr12:120291876:G:C	19.27
chr12:120291876:G:T	19.72
chr12:120291877:G:A	20.2
chr12:120291877:G:C	19.97
chr12:120291877:G:T	19.7
chr12:120291878:C:A	19.39
chr12:120291878:C:G	19.46
chr12:120291878:C:T	19.73
chr12:120291879:T:A	19.1
chr12:120291879:T:C	18.93
chr12:120291879:T:G	18.8
chr12:120291880:A:C	18.62
chr12:120291880:A:G	18.84
chr12:120291880:A:T	18.79
chr12:120291881:C:A	19.88
chr12:120291881:C:G	19.69
chr12:120291881:C:T	21.6
chr12:120291882:G:A	19.1
chr12:120291882:G:C	18.75
chr12:120291882:G:T	18.99
chr12:120291883:A:C	18.97
chr12:120291883:A:G	18.73
chr12:120291883:A:T	18.88
chr12:120291884:T:A	18.92
chr12:120291884:T:C	19.32
chr12:120291884:T:G	18.78
chr12:120291885:A:C	18.87
chr12:120291885:A:G	19.36
chr12:120291885:A:T	18.89
chr12:120291886:C:A	18.58
chr12:120291886:C:G	18.44
chr12:120291886:C:T	18.98
chr12:120291887:T:A	18.67
chr12:120291887:T:C	19.01
chr12:120291887:T:G	18.76
chr12:120291888:G:A	20.4
chr12:120291888:G:C	19.35
chr12:120291888:G:T	19.2
chr12:120291889:C:A	19.92
chr12:120291889:C:G	19.5
chr12:120291889:C:T	19.94
chr12:120291890:C:A	19.79
chr12:120291890:C:G	19.4
chr12:120291890:C:T	20.2
chr12:120291891:A:C	19.25
chr12:120291891:A:G	18.77
chr12:120291891:A:T	18.55
chr12:120291892:C:A	19.62
chr12:120291892:C:G	19.63
chr12:120291892:C:T	19.89
chr12:120291893:T:A	18.81
chr12:120291893:T:C	19.01
chr12:120291893:T:G	18.63
chr12:120291894:G:A	20.2
chr12:120291894:G:C	19.07
chr12:120291894:G:T	19.05
chr12:120291895:C:A	19.8
chr12:120291895:C:G	19.41
chr12:120291895:C:T	19.94
chr12:120291896:G:A	19.98
chr12:120291896:G:C	19.67
chr12:120291896:G:T	19.54
chr12:120291897:C:A	19.28
chr12:120291897:C:G	19.22
chr12:120291897:C:T	19.55
chr12:120291898:A:C	18.19
chr12:120291898:A:G	18.63
chr12:120291898:A:T	18.35
chr12:120291899:A:C	18.43
chr12:120291899:A:G	18.41
chr12:120291899:A:T	18.25
chr12:120291900:A:C	18.18
chr12:120291900:A:G	18.16
chr12:120291900:A:T	17.98
chr12:120291901:G:A	19.37
chr12:120291901:G:C	18.77
chr12:120291901:G:T	18.89
chr12:120291902:C:A	18.77
chr12:120291902:C:G	18.65
chr12:120291902:C:T	19.53
chr12:120291903:T:A	16.45
chr12:120291903:T:C	16.84
chr12:120291903:T:G	16.57
chr12:120293097:T:A	12.87
chr12:120293097:T:C	12.62
chr12:120293097:T:G	12.63
chr12:120293098:C:A	13.93
chr12:120293098:C:G	13.91
chr12:120293098:C:T	14.13
chr12:120293099:T:A	13.08
chr12:120293099:T:C	12.41
chr12:120293099:T:G	10.67
chr12:120293100:C:A	14.84
chr12:120293100:C:G	14.24
chr12:120293100:C:T	13.91
chr12:120293101:C:A	14.49
chr12:120293101:C:G	14.42
chr12:120293101:C:T	15.17
chr12:120293102:G:A	13.86
chr12:120293102:G:C	14.48
chr12:120293102:G:T	13.62
chr12:120293103:T:A	0.96
chr12:120293103:T:C	1.202
chr12:120293103:T:G	0.838
chr12:120293104:A:C	1.151
chr12:120293104:A:G	1.464
chr12:120293104:A:T	1.123
chr12:120293105:G:A	12.39
chr12:120293105:G:C	11.59
chr12:120293105:G:T	11.31
chr12:120293106:A:C	10.6
chr12:120293106:A:G	11.47
chr12:120293106:A:T	10.16
chr12:120293107:G:A	14.81
chr12:120293107:G:C	14.54
chr12:120293107:G:T	14.2
chr12:120293108:A:C	13.88
chr12:120293108:A:G	14.07
chr12:120293108:A:T	13.72
chr12:120293109:C:A	15.36
chr12:120293109:C:G	15.3
chr12:120293109:C:T	15.51
chr12:120293110:T:A	5.46
chr12:120293110:T:C	6.216
chr12:120293110:T:G	5.704
chr12:120293111:G:A	16.4
chr12:120293111:G:C	15.34
chr12:120293111:G:T	15.14
chr12:120293112:T:A	15.09
chr12:120293112:T:C	14.88
chr12:120293112:T:G	14.61
chr12:120293113:C:A	16.05
chr12:120293113:C:G	15.69
chr12:120293113:C:T	16.36
chr12:120293114:A:C	14.92
chr12:120293114:A:G	15.07
chr12:120293114:A:T	15.19
chr12:120293115:A:C	14.93
chr12:120293115:A:G	15.15
chr12:120293115:A:T	14.91
chr12:120293116:A:C	15.07
chr12:120293116:A:G	15.27
chr12:120293116:A:T	14.97
chr12:120293117:A:C	14.95
chr12:120293117:A:G	15.0
chr12:120293117:A:T	14.85
chr12:120293118:A:C	14.9
chr12:120293118:A:G	15.02
chr12:120293118:A:T	14.75
chr12:120293119:T:A	14.98
chr12:120293119:T:C	15.34
chr12:120293119:T:G	14.79
chr12:120293120:T:A	14.94
chr12:120293120:T:C	15.03
chr12:120293120:T:G	14.77
chr12:120293121:G:A	16.46
chr12:120293121:G:C	15.78
chr12:120293121:G:T	15.52
chr12:120293122:C:A	16.03
chr12:120293122:C:G	15.52
chr12:120293122:C:T	16.05
chr12:120293123:C:A	15.51
chr12:120293123:C:G	15.43
chr12:120293123:C:T	16.16
chr12:120293124:A:C	13.68
chr12:120293124:A:G	13.64
chr12:120293124:A:T	13.54
chr12:120293125:G:A	0.074
chr12:120293125:G:C	0.048
chr12:120293125:G:T	0.037
chr12:120293126:T:A	1.209
chr12:120293126:T:C	1.512
chr12:120293126:T:G	1.399
chr12:120293127:G:A	13.54
chr12:120293127:G:C	12.92
chr12:120293127:G:T	12.18
chr12:120293128:C:A	14.19
chr12:120293128:C:G	14.22
chr12:120293128:C:T	14.39
chr12:120293129:C:A	14.68
chr12:120293129:C:G	14.86
chr12:120293129:C:T	15.73
chr12:120293130:G:A	16.21
chr12:120293130:G:C	16.2
chr12:120293130:G:T	16.17
chr12:120293131:A:C	13.13
chr12:120293131:A:G	13.26
chr12:120293131:A:T	13.02
chr12:120293132:C:A	14.07
chr12:120293132:C:G	14.21
chr12:120293132:C:T	14.52
chr12:120293133:T:A	12.98
chr12:120293133:T:C	13.23
chr12:120293133:T:G	13.03
chr12:120293134:A:C	0.724
chr12:120293134:A:G	1.12
chr12:120293134:A:T	0.623
chr12:120293135:T:A	13.03
chr12:120293135:T:C	13.42
chr12:120293135:T:G	12.75
chr12:120293136:A:C	7.813
chr12:120293136:A:G	8.609
chr12:120293136:A:T	7.815
chr12:120293137:T:A	12.0
chr12:120293137:T:C	12.63
chr12:120293137:T:G	11.8
chr12:120293138:T:A	15.13
chr12:120293138:T:C	15.36
chr12:120293138:T:G	15.04
chr12:120293139:G:A	10.48
chr12:120293139:G:C	9.289
chr12:120293139:G:T	8.852
chr12:120293140:C:A	17.2
chr12:120293140:C:G	17.16
chr12:120293140:C:T	17.78
chr12:120293141:A:C	16.8
chr12:120293141:A:G	16.91
chr12:120293141:A:T	16.89
chr12:120293142:A:C	16.93
chr12:120293142:A:G	17.15
chr12:120293142:A:T	16.86
chr12:120293143:G:A	18.53
chr12:120293143:G:C	18.01
chr12:120293143:G:T	17.92
chr12:120293144:T:A	15.1
chr12:120293144:T:C	15.37
chr12:120293144:T:G	15.06
chr12:120293145:C:A	18.88
chr12:120293145:C:G	19.03
chr12:120293145:C:T	19.31
chr12:120293146:G:A	19.19
chr12:120293146:G:C	18.73
chr12:120293146:G:T	18.51
chr12:120293147:T:A	17.78
chr12:120293147:T:C	17.87
chr12:120293147:T:G	17.81
chr12:120293148:C:A	18.75
chr12:120293148:C:G	18.55
chr12:120293148:C:T	19.02
chr12:120293149:A:C	17.59
chr12:120293149:A:G	17.7
chr12:120293149:A:T	17.5
chr12:120293150:C:A	13.37
chr12:120293150:C:G	13.64
chr12:120293150:C:T	14.33
chr12:120293151:G:A	17.85
chr12:120293151:G:C	17.0
chr12:120293151:G:T	16.94
chr12:120293152:G:A	18.83
chr12:120293152:G:C	18.34
chr12:120293152:G:T	18.44
chr12:120293153:C:A	18.24
chr12:120293153:C:G	18.78
chr12:120293153:C:T	18.64
chr12:120293154:G:A	19.13
chr12:120293154:G:C	18.67
chr12:120293154:G:T	18.63
chr12:120293155:G:A	18.87
chr12:120293155:G:C	18.44
chr12:120293155:G:T	18.46
chr12:120293156:G:A	18.82
chr12:120293156:G:C	18.49
chr12:120293156:G:T	18.5
chr12:120293157:G:A	18.94
chr12:120293157:G:C	18.52
chr12:120293157:G:T	18.54
chr12:120293158:T:A	14.46
chr12:120293158:T:C	14.8
chr12:120293158:T:G	14.76
chr12:120293159:A:C	17.21
chr12:120293159:A:G	17.25
chr12:120293159:A:T	16.96
chr12:120293160:T:A	17.91
chr12:120293160:T:C	18.47
chr12:120293160:T:G	17.82
chr12:120293161:T:A	18.0
chr12:120293161:T:C	18.0
chr12:120293161:T:G	17.83
chr12:120293162:G:A	18.75
chr12:120293162:G:C	18.5
chr12:120293162:G:T	18.33
chr12:120293163:G:A	18.72
chr12:120293163:G:C	18.53
chr12:120293163:G:T	18.39
chr12:120293164:G:A	18.89
chr12:120293164:G:C	18.57
chr12:120293164:G:T	18.72
chr12:120293165:A:C	16.67
chr12:120293165:A:G	16.86
chr12:120293165:A:T	16.77
chr12:120293166:A:C	18.0
chr12:120293166:A:G	18.16
chr12:120293166:A:T	17.93
chr12:120293167:A:C	17.97
chr12:120293167:A:G	18.14
chr12:120293167:A:T	17.97
chr12:120293168:A:C	18.16
chr12:120293168:A:G	18.19
chr12:120293168:A:T	18.02
chr12:120293169:G:A	19.47
chr12:120293169:G:C	18.64
chr12:120293169:G:T	19.19
chr12:120293170:T:A	18.29
chr12:120293170:T:C	18.32
chr12:120293170:T:G	18.27
chr12:120293171:T:A	18.01
chr12:120293171:T:C	18.14
chr12:120293171:T:G	18.11
chr12:120293172:T:A	18.58
chr12:120293172:T:C	18.2
chr12:120293172:T:G	18.06
chr12:120293173:T:A	18.79
chr12:120293173:T:C	18.2
chr12:120293173:T:G	18.31
chr12:120293174:C:A	19.92
chr12:120293174:C:G	19.32
chr12:120293174:C:T	20.1
chr12:120293175:A:C	18.08
chr12:120293175:A:G	18.26
chr12:120293175:A:T	18.29
chr12:120293176:A:C	18.06
chr12:120293176:A:G	18.63
chr12:120293176:A:T	18.02
chr12:120293177:T:A	16.18
chr12:120293177:T:C	16.72
chr12:120293177:T:G	16.25
chr12:120293178:T:A	17.98
chr12:120293178:T:C	18.23
chr12:120293178:T:G	18.0
chr12:120293179:A:C	18.01
chr12:120293179:A:G	18.14
chr12:120293179:A:T	17.92
chr12:120293180:G:A	19.35
chr12:120293180:G:C	18.81
chr12:120293180:G:T	18.73
chr12:120293181:C:A	19.19
chr12:120293181:C:G	18.91
chr12:120293181:C:T	19.58
chr12:120293182:A:C	18.11
chr12:120293182:A:G	18.24
chr12:120293182:A:T	18.32
chr12:120293183:A:C	18.46
chr12:120293183:A:G	18.45
chr12:120293183:A:T	18.2
chr12:120293184:T:A	18.25
chr12:120293184:T:C	18.46
chr12:120293184:T:G	18.19
chr12:120293185:A:C	18.09
chr12:120293185:A:G	18.21
chr12:120293185:A:T	18.02
chr12:120293186:A:C	18.03
chr12:120293186:A:G	18.17
chr12:120293186:A:T	17.95
chr12:120293187:T:A	15.83
chr12:120293187:T:C	15.77
chr12:120293187:T:G	15.85
chr12:120293188:C:A	19.46
chr12:120293188:C:G	19.02
chr12:120293188:C:T	19.8
chr12:120293189:G:A	19.38
chr12:120293189:G:C	18.95
chr12:120293189:G:T	18.84
chr12:120293190:C:A	19.48
chr12:120293190:C:G	19.45
chr12:120293190:C:T	19.65
chr12:120293191:G:A	19.95
chr12:120293191:G:C	19.83
chr12:120293191:G:T	19.24
chr12:120293192:C:A	19.01
chr12:120293192:C:G	18.79
chr12:120293192:C:T	19.17
chr12:120293193:C:A	18.97
chr12:120293193:C:G	18.9
chr12:120293193:C:T	19.22
chr12:120293194:T:A	18.11
chr12:120293194:T:C	18.62
chr12:120293194:T:G	18.07
chr12:120293195:C:A	19.76
chr12:120293195:C:G	19.51
chr12:120293195:C:T	19.74
chr12:120293196:G:A	19.78
chr12:120293196:G:C	19.0
chr12:120293196:G:T	19.11
chr12:120293197:G:A	19.09
chr12:120293197:G:C	19.12
chr12:120293197:G:T	18.85
chr12:120293198:A:C	15.27
chr12:120293198:A:G	15.35
chr12:120293198:A:T	15.2
chr12:120293199:T:A	18.03
chr12:120293199:T:C	18.73
chr12:120293199:T:G	18.08
chr12:120293200:A:C	16.39
chr12:120293200:A:G	16.61
chr12:120293200:A:T	16.39
chr12:120293201:G:A	12.42
chr12:120293201:G:C	12.09
chr12:120293201:G:T	12.33
chr12:120293202:A:C	16.95
chr12:120293202:A:G	17.01
chr12:120293202:A:T	16.82
chr12:120293203:C:A	17.97
chr12:120293203:C:G	17.82
chr12:120293203:C:T	18.19
chr12:120293204:C:A	19.04
chr12:120293204:C:G	18.74
chr12:120293204:C:T	19.32
chr12:120293205:T:A	18.61
chr12:120293205:T:C	19.05
chr12:120293205:T:G	18.22
chr12:120293206:C:A	19.84
chr12:120293206:C:G	19.12
chr12:120293206:C:T	19.7
chr12:120293207:A:C	19.16
chr12:120293207:A:G	18.77
chr12:120293207:A:T	18.7
chr12:120293208:T:A	18.32
chr12:120293208:T:C	19.33
chr12:120293208:T:G	18.14
chr12:120293209:T:A	17.92
chr12:120293209:T:C	18.03
chr12:120293209:T:G	18.16
chr12:120293210:G:A	19.98
chr12:120293210:G:C	19.09
chr12:120293210:G:T	19.3
chr12:120293211:G:A	20.2
chr12:120293211:G:C	20.1
chr12:120293211:G:T	19.66
chr12:120293212:C:A	19.0
chr12:120293212:C:G	19.23
chr12:120293212:C:T	18.98
chr12:120293213:T:A	18.62
chr12:120293213:T:C	18.15
chr12:120293213:T:G	18.33
chr12:120293214:A:C	17.9
chr12:120293214:A:G	18.09
chr12:120293214:A:T	18.21
chr12:120293215:C:A	19.27
chr12:120293215:C:G	18.97
chr12:120293215:C:T	21.2
chr12:120293216:G:A	18.55
chr12:120293216:G:C	18.33
chr12:120293216:G:T	18.43
chr12:120293217:A:C	18.28
chr12:120293217:A:G	18.24
chr12:120293217:A:T	18.2
chr12:120293218:T:A	18.21
chr12:120293218:T:C	18.53
chr12:120293218:T:G	18.11
chr12:120293219:A:C	18.16
chr12:120293219:A:G	18.37
chr12:120293219:A:T	18.15
chr12:120293220:C:A	17.5
chr12:120293220:C:G	17.04
chr12:120293220:C:T	17.68
chr12:120293221:T:A	18.15
chr12:120293221:T:C	18.25
chr12:120293221:T:G	18.01
chr12:120293222:G:A	19.88
chr12:120293222:G:C	18.7
chr12:120293222:G:T	18.57
chr12:120293223:C:A	19.32
chr12:120293223:C:G	19.08
chr12:120293223:C:T	19.37
chr12:120293224:C:A	19.06
chr12:120293224:C:G	18.67
chr12:120293224:C:T	19.57
chr12:120293225:A:C	18.5
chr12:120293225:A:G	18.04
chr12:120293225:A:T	17.93
chr12:120293226:C:A	18.92
chr12:120293226:C:G	18.93
chr12:120293226:C:T	19.11
chr12:120293227:T:A	18.0
chr12:120293227:T:C	18.05
chr12:120293227:T:G	17.79
chr12:120293228:G:A	19.32
chr12:120293228:G:C	18.34
chr12:120293228:G:T	18.37
chr12:120293229:C:A	18.93
chr12:120293229:C:G	18.58
chr12:120293229:C:T	19.05
chr12:120293230:G:A	19.21
chr12:120293230:G:C	19.13
chr12:120293230:G:T	18.74
chr12:120293231:C:A	18.36
chr12:120293231:C:G	18.27
chr12:120293231:C:T	18.51
chr12:120293232:A:C	17.4
chr12:120293232:A:G	17.61
chr12:120293232:A:T	17.58
chr12:120293233:A:C	17.31
chr12:120293233:A:G	17.36
chr12:120293233:A:T	17.16
chr12:120293234:A:C	17.03
chr12:120293234:A:G	17.03
chr12:120293234:A:T	16.94
chr12:120293235:G:A	18.32
chr12:120293235:G:C	17.6
chr12:120293235:G:T	17.76
chr12:120293236:C:A	17.5
chr12:120293236:C:G	17.23
chr12:120293236:C:T	18.25
chr12:120293237:T:A	15.17
chr12:120293237:T:C	15.46
chr12:120293237:T:G	15.23
chr14:20343075:G:A	15.83
chr14:20343075:G:C	15.48
chr14:20343075:G:T	15.63
chr14:20343076:G:A	8.589
chr14:20343076:G:C	7.496
chr14:20343076:G:T	7.428
chr14:20343077:C:A	19.64
chr14:20343077:C:G	19.7
chr14:20343077:C:T	19.75
chr14:20343078:G:A	16.84
chr14:20343078:G:C	16.64
chr14:20343078:G:T	16.5
chr14:20343079:G:A	19.58
chr14:20343079:G:C	19.31
chr14:20343079:G:T	19.15
chr14:20343080:A:C	18.25
chr14:20343080:A:G	18.89
chr14:20343080:A:T	18.35
chr14:20343081:G:A	19.87
chr14:20343081:G:C	19.53
chr14:20343081:G:T	19.58
chr14:20343082:G:A	20.1
chr14:20343082:G:C	19.93
chr14:20343082:G:T	19.84
chr14:20343083:A:C	20.4
chr14:20343083:A:G	20.5
chr14:20343083:A:T	20.3
chr14:20343084:G:A	21.0
chr14:20343084:G:C	21.0
chr14:20343084:G:T	20.8
chr14:20343085:A:C	20.4
chr14:20343085:A:G	20.6
chr14:20343085:A:T	20.4
chr14:20343086:G:A	21.2
chr14:20343086:G:C	21.1
chr14:20343086:G:T	21.0
chr14:20343087:T:A	20.4
chr14:20343087:T:C	20.6
chr14:20343087:T:G	20.5
chr14:20343088:A:C	20.4
chr14:20343088:A:G	20.6
chr14:20343088:A:T	20.4
chr14:20343089:G:A	21.1
chr14:20343089:G:C	20.9
chr14:20343089:G:T	20.8
chr14:20343090:T:A	20.5
chr14:20343090:T:C	20.6
chr14:20343090:T:G	20.5
chr14:20343091:C:A	21.2
chr14:20343091:C:G	21.3
chr14:20343091:C:T	21.3
chr14:20343092:T:A	20.6
chr14:20343092:T:C	20.8
chr14:20343092:T:G	20.6
chr14:20343093:G:A	21.3
chr14:20343093:G:C	21.0
chr14:20343093:G:T	21.0
chr14:20343094:A:C	20.4
chr14:20343094:A:G	20.7
chr14:20343094:A:T	20.4
chr14:20343095:A:C	20.4
chr14:20343095:A:G	20.5
chr14:20343095:A:T	20.3
chr14:20343096:T:A	20.3
chr14:20343096:T:C	20.6
chr14:20343096:T:G	20.3
chr14:20343097:T:A	20.4
chr14:20343097:T:C	20.5
chr14:20343097:T:G	20.4
chr14:20343098:G:A	16.23
chr14:20343098:G:C	15.81
chr14:20343098:G:T	15.77
chr14:20343099:G:A	19.97
chr14:20343099:G:C	19.94
chr14:20343099:G:T	19.74
chr14:20343100:G:A	20.9
chr14:20343100:G:C	20.6
chr14:20343100:G:T	20.6
chr14:20343101:T:A	20.2
chr14:20343101:T:C	20.3
chr14:20343101:T:G	20.3
chr14:20343102:T:A	20.3
chr14:20343102:T:C	20.4
chr14:20343102:T:G	20.1
chr14:20343103:A:C	19.12
chr14:20343103:A:G	19.33
chr14:20343103:A:T	19.12
chr14:20343104:T:A	19.44
chr14:20343104:T:C	19.48
chr14:20343104:T:G	19.29
chr14:20343105:G:A	19.16
chr14:20343105:G:C	18.45
chr14:20343105:G:T	18.55
chr14:20343106:A:C	17.21
chr14:20343106:A:G	17.65
chr14:20343106:A:T	17.1
chr14:20343107:G:A	13.41
chr14:20343107:G:C	12.71
chr14:20343107:G:T	12.45
chr14:20343108:G:A	14.76
chr14:20343108:G:C	14.54
chr14:20343108:G:T	14.49
chr14:20343109:T:A	8.954
chr14:20343109:T:C	8.955
chr14:20343109:T:G	9.247
chr14:20343110:C:A	13.46
chr14:20343110:C:G	13.35
chr14:20343110:C:T	13.79
chr14:20343111:C:A	13.09
chr14:20343111:C:G	13.17
chr14:20343111:C:T	13.76
chr14:20343112:C:A	10.4
chr14:20343112:C:G	7.689
chr14:20343112:C:T	11.38
chr14:20343113:C:A	0.047
chr14:20343113:C:G	0.052
chr14:20343113:C:T	0.073
chr14:20343114:T:A	0.045
chr14:20343114:T:C	0.061
chr14:20343114:T:G	0.048
chr14:20343115:G:A	0.063
chr14:20343115:G:C	0.043
chr14:20343115:G:T	0.045
chr14:20343116:C:A	0.269
chr14:20343116:C:G	0.227
chr14:20343116:C:T	0.355
chr14:20343117:G:A	0.053
chr14:20343117:G:C	0.041
chr14:20343117:G:T	0.034
chr14:20343118:G:A	10.96
chr14:20343118:G:C	10.93
chr14:20343118:G:T	10.61
chr14:20343119:G:A	10.78
chr14:20343119:G:C	9.821
chr14:20343119:G:T	10.12
chr14:20343120:G:A	16.95
chr14:20343120:G:C	16.8
chr14:20343120:G:T	16.75
chr14:20343121:T:A	18.11
chr14:20343121:T:C	18.57
chr14:20343121:T:G	18.21
chr14:20343122:A:C	12.69
chr14:20343122:A:G	13.08
chr14:20343122:A:T	12.63
chr14:20343123:C:A	18.73
chr14:20343123:C:G	18.57
chr14:20343123:C:T	18.97
chr14:20343124:C:A	20.4
chr14:20343124:C:G	20.6
chr14:20343124:C:T	20.9
chr14:20343125:T:A	17.5
chr14:20343125:T:C	18.08
chr14:20343125:T:G	17.52
chr14:20343126:C:A	20.9
chr14:20343126:C:G	20.7
chr14:20343126:C:T	21.1
chr14:20343127:A:C	19.26
chr14:20343127:A:G	19.15
chr14:20343127:A:T	18.91
chr14:20343128:C:A	19.11
chr14:20343128:C:G	19.08
chr14:20343128:C:T	19.51
chr14:20343129:C:A	20.5
chr14:20343129:C:G	20.6
chr14:20343129:C:T	20.9
chr14:20343130:T:A	19.06
chr14:20343130:T:C	19.64
chr14:20343130:T:G	19.08
chr14:20343131:C:A	20.9
chr14:20343131:C:G	20.8
chr14:20343131:C:T	20.9
chr14:20343132:A:C	19.9
chr14:20343132:A:G	20.2
chr14:20343132:A:T	19.97
chr14:20343133:G:A	21.0
chr14:20343133:G:C	20.9
chr14:20343133:G:T	20.4
chr14:20343134:C:A	20.7
chr14:20343134:C:G	20.5
chr14:20343134:C:T	20.8
chr14:20343135:C:A	20.5
chr14:20343135:C:G	20.6
chr14:20343135:C:T	21.0
chr14:20343136:A:C	20.1
chr14:20343136:A:G	20.2
chr14:20343136:A:T	19.96
chr14:20343137:T:A	19.91
chr14:20343137:T:C	20.8
chr14:20343137:T:G	19.84
chr14:20343138:T:A	20.3
chr14:20343138:T:C	20.3
chr14:20343138:T:G	20.4
chr14:20343139:G:A	20.9
chr14:20343139:G:C	20.6
chr14:20343139:G:T	20.7
chr14:20343140:A:C	20.3
chr14:20343140:A:G	20.2
chr14:20343140:A:T	20.1
chr14:20343141:A:C	19.95
chr14:20343141:A:G	20.2
chr14:20343141:A:T	19.84
chr14:20343142:C:A	20.5
chr14:20343142:C:G	20.6
chr14:20343142:C:T	20.9
chr14:20343143:T:A	19.94
chr14:20343143:T:C	20.6
chr14:20343143:T:G	19.93
chr14:20343144:C:A	19.88
chr14:20343144:C:G	19.63
chr14:20343144:C:T	20.1
chr14:20343145:A:C	14.95
chr14:20343145:A:G	15.21
chr14:20343145:A:T	14.9
chr14:20343146:C:A	14.96
chr14:20343146:C:G	14.99
chr14:20343146:C:T	15.34
chr14:20343147:T:A	14.44
chr14:20343147:T:C	14.85
chr14:20343147:T:G	14.41
chr14:20343148:T:A	12.13
chr14:20343148:T:C	12.09
chr14:20343148:T:G	12.0
chr14:20343149:C:A	5.202
chr14:20343149:C:G	4.779
chr14:20343149:C:T	5.849
chr14:20343150:G:A	20.9
chr14:20343150:G:C	20.8
chr14:20343150:G:T	20.6
chr14:20343151:C:A	20.7
chr14:20343151:C:G	20.7
chr14:20343151:C:T	20.9
chr14:20343152:T:A	7.203
chr14:20343152:T:C	7.707
chr14:20343152:T:G	7.705
chr14:20343153:G:A	19.41
chr14:20343153:G:C	18.83
chr14:20343153:G:T	18.78
chr14:20343154:G:A	20.8
chr14:20343154:G:C	20.5
chr14:20343154:G:T	20.3
chr14:20343155:C:A	20.7
chr14:20343155:C:G	20.7
chr14:20343155:C:T	21.0
chr14:20343156:C:A	20.8
chr14:20343156:C:G	20.9
chr14:20343156:C:T	21.2
chr14:20343157:G:A	21.0
chr14:20343157:G:C	20.7
chr14:20343157:G:T	20.4
chr14:20343158:T:A	19.81
chr14:20343158:T:C	20.2
chr14:20343158:T:G	19.92
chr14:20343159:G:A	20.8
chr14:20343159:G:C	20.4
chr14:20343159:G:T	20.4
chr14:20343160:A:C	19.83
chr14:20343160:A:G	20.1
chr14:20343160:A:T	19.86
chr14:20343161:G:A	20.8
chr14:20343161:G:C	20.5
chr14:20343161:G:T	20.5
chr14:20343162:T:A	19.92
chr14:20343162:T:C	20.2
chr14:20343162:T:G	19.9
chr14:20343163:C:A	20.6
chr14:20343163:C:G	20.7
chr14:20343163:C:T	20.8
chr14:20343164:T:A	18.52
chr14:20343164:T:C	18.48
chr14:20343164:T:G	18.31
chr14:20343165:G:A	17.04
chr14:20343165:G:C	16.67
chr14:20343165:G:T	16.59
chr14:20343166:T:A	19.79
chr14:20343166:T:C	20.1
chr14:20343166:T:G	19.89
chr14:20343167:T:A	20.3
chr14:20343167:T:C	20.3
chr14:20343167:T:G	20.3
chr14:20343168:C:A	20.9
chr14:20343168:C:G	20.8
chr14:20343168:C:T	21.0
chr14:20343169:C:A	20.6
chr14:20343169:C:G	20.5
chr14:20343169:C:T	21.0
chr14:20343170:A:C	19.95
chr14:20343170:A:G	20.1
chr14:20343170:A:T	20.2
chr14:20343171:A:C	20.2
chr14:20343171:A:G	20.3
chr14:20343171:A:T	20.1
chr14:20343172:G:A	17.62
chr14:20343172:G:C	17.29
chr14:20343172:G:T	17.11
chr14:20343173:C:A	20.5
chr14:20343173:C:G	20.9
chr14:20343173:C:T	20.9
chr14:20343174:T:A	16.95
chr14:20343174:T:C	17.69
chr14:20343174:T:G	16.83
chr14:20343175:C:A	18.8
chr14:20343175:C:G	18.71
chr14:20343175:C:T	18.79
chr14:20343176:C:A	19.02
chr14:20343176:C:G	19.17
chr14:20343176:C:T	19.67
chr14:20343177:G:A	16.79
chr14:20343177:G:C	16.8
chr14:20343177:G:T	16.47
chr14:20343178:G:A	18.23
chr14:20343178:G:C	17.87
chr14:20343178:G:T	17.77
chr14:20343179:C:A	15.19
chr14:20343179:C:G	15.31
chr14:20343179:C:T	15.53
chr14:20343180:A:C	10.58
chr14:20343180:A:G	10.66
chr14:20343180:A:T	10.68
chr14:20343181:A:C	15.07
chr14:20343181:A:G	15.19
chr14:20343181:A:T	15.0
chr14:20343182:A:C	17.12
chr14:20343182:A:G	17.37
chr14:20343182:A:T	17.08
chr14:20343183:G:A	19.03
chr14:20343183:G:C	18.61
chr14:20343183:G:T	18.6
chr14:20343184:G:A	20.9
chr14:20343184:G:C	20.6
chr14:20343184:G:T	20.5
chr14:20343185:A:C	16.73
chr14:20343185:A:G	17.37
chr14:20343185:A:T	16.81
chr14:20343186:G:A	21.0
chr14:20343186:G:C	20.6
chr14:20343186:G:T	20.5
chr14:20343187:G:A	20.8
chr14:20343187:G:C	20.5
chr14:20343187:G:T	20.5
chr14:20343188:C:A	20.7
chr14:20343188:C:G	20.7
chr14:20343188:C:T	21.0
chr14:20343189:A:C	20.2
chr14:20343189:A:G	20.3
chr14:20343189:A:T	19.97
chr14:20343190:T:A	20.3
chr14:20343190:T:C	20.4
chr14:20343190:T:G	19.92
chr14:20343191:C:A	20.9
chr14:20343191:C:G	20.8
chr14:20343191:C:T	20.9
chr14:20343192:C:A	20.7
chr14:20343192:C:G	20.7
chr14:20343192:C:T	21.1
chr14:20343193:G:A	17.22
chr14:20343193:G:C	17.31
chr14:20343193:G:T	16.78
chr14:20343194:C:A	19.91
chr14:20343194:C:G	19.91
chr14:20343194:C:T	20.2
chr14:20343195:C:A	16.86
chr14:20343195:C:G	17.09
chr14:20343195:C:T	17.15
chr14:20343196:G:A	11.78
chr14:20343196:G:C	11.55
chr14:20343196:G:T	10.54
chr14:20343197:G:A	12.51
chr14:20343197:G:C	11.62
chr14:20343197:G:T	11.97
chr14:20343198:G:A	15.43
chr14:20343198:G:C	15.01
chr14:20343198:G:T	14.67
chr14:20343199:C:A	5.03
chr14:20343199:C:G	4.688
chr14:20343199:C:T	5.628
chr14:20343200:C:A	13.4
chr14:20343200:C:G	14.96
chr14:20343200:C:T	15.53
chr14:20343201:C:A	10.35
chr14:20343201:C:G	7.663
chr14:20343201:C:T	11.63
chr14:20343202:C:A	7.176
chr14:20343202:C:G	7.566
chr14:20343202:C:T	8.165
chr14:20343203:T:A	1.923
chr14:20343203:T:C	3.517
chr14:20343203:T:G	1.782
chr14:20343204:C:A	10.08
chr14:20343204:C:G	9.912
chr14:20343204:C:T	10.82
chr14:20343205:C:A	9.394
chr14:20343205:C:G	9.418
chr14:20343205:C:T	10.52
chr14:20343206:C:A	0.061
chr14:20343206:C:G	0.056
chr14:20343206:C:T	0.067
chr14:20343207:C:A	1.781
chr14:20343207:C:G	2.562
chr14:20343207:C:T	2.988
chr14:20343208:G:A	4.325
chr14:20343208:G:C	3.838
chr14:20343208:G:T	3.52
chr14:20343209:A:C	4.905
chr14:20343209:A:G	4.675
chr14:20343209:A:T	4.745
chr14:20343210:A:C	3.275
chr14:20343210:A:G	3.892
chr14:20343210:A:T	2.694
chr14:20343211:G:A	6.036
chr14:20343211:G:C	5.675
chr14:20343211:G:T	4.925
chr14:20343212:G:A	10.68
chr14:20343212:G:C	9.118
chr14:20343212:G:T	9.119
chr14:20343213:G:A	8.296
chr14:20343213:G:C	7.583
chr14:20343213:G:T	7.546
chr14:20343214:C:A	4.521
chr14:20343214:C:G	4.667
chr14:20343214:C:T	5.176
chr14:20343215:G:A	11.99
chr14:20343215:G:C	11.07
chr14:20343215:G:T	10.88
chr14:20343216:G:A	15.39
chr14:20343216:G:C	14.84
chr14:20343216:G:T	14.6
chr14:20343217:G:A	13.07
chr14:20343217:G:C	13.12
chr14:20343217:G:T	12.98
chr14:20343218:G:A	12.88
chr14:20343218:G:C	12.37
chr14:20343218:G:T	12.43
chr14:20343219:T:A	5.891
chr14:20343219:T:C	6.24
chr14:20343219:T:G	5.997
chr14:20343220:C:A	14.3
chr14:20343220:C:G	14.52
chr14:20343220:C:T	14.55
chr14:20343221:C:A	14.43
chr14:20343221:C:G	14.22
chr14:20343221:C:T	15.04
chr14:20343222:A:C	0.232
chr14:20343222:A:G	0.235
chr14:20343222:A:T	0.183
chr14:20343223:C:A	9.321
chr14:20343223:C:G	9.135
chr14:20343223:C:T	10.02
chr14:20343224:G:A	12.95
chr14:20343224:G:C	12.35
chr14:20343224:G:T	12.05
chr14:20343225:G:A	19.66
chr14:20343225:G:C	19.26
chr14:20343225:G:T	19.24
chr14:20343226:C:A	20.9
chr14:20343226:C:G	21.0
chr14:20343226:C:T	21.3
chr14:20343227:A:C	15.09
chr14:20343227:A:G	15.17
chr14:20343227:A:T	14.92
chr14:20343228:T:A	20.6
chr14:20343228:T:C	20.9
chr14:20343228:T:G	20.5
chr14:20343229:C:A	21.1
chr14:20343229:C:G	21.1
chr14:20343229:C:T	21.5
chr14:20343230:T:A	20.6
chr14:20343230:T:C	21.0
chr14:20343230:T:G	20.6
chr14:20343231:C:A	21.1
chr14:20343231:C:G	21.0
chr14:20343231:C:T	21.4
chr14:20343232:C:A	21.0
chr14:20343232:C:G	21.0
chr14:20343232:C:T	21.3
chr14:20343233:T:A	20.5
chr14:20343233:T:C	21.0
chr14:20343233:T:G	20.5
chr14:20343234:G:A	21.4
chr14:20343234:G:C	21.0
chr14:20343234:G:T	20.9
chr14:20343235:C:A	21.0
chr14:20343235:C:G	21.0
chr14:20343235:C:T	21.3
chr14:20343236:C:A	20.9
chr14:20343236:C:G	20.9
chr14:20343236:C:T	21.2
chr14:20343237:C:A	19.16
chr14:20343237:C:G	19.37
chr14:20343237:C:T	19.8
chr14:20343238:A:C	17.25
chr14:20343238:A:G	17.45
chr14:20343238:A:T	17.21
chr14:20343239:G:A	17.46
chr14:20343239:G:C	17.38
chr14:20343239:G:T	16.97
chr14:20343240:T:A	19.25
chr14:20343240:T:C	19.59
chr14:20343240:T:G	19.33
chr14:20343241:C:A	19.77
chr14:20343241:C:G	19.85
chr14:20343241:C:T	20.2
chr14:20343242:T:A	16.66
chr14:20343242:T:C	16.74
chr14:20343242:T:G	16.77
chr14:20343243:G:A	17.21
chr14:20343243:G:C	16.87
chr14:20343243:G:T	16.95
chr14:20343244:A:C	19.0
chr14:20343244:A:G	19.17
chr14:20343244:A:T	19.03
chr14:20343245:C:A	20.9
chr14:20343245:C:G	20.9
chr14:20343245:C:T	21.1
chr14:20343246:C:A	20.9
chr14:20343246:C:G	20.9
chr14:20343246:C:T	21.2
chr14:20343247:T:A	16.15
chr14:20343247:T:C	16.33
chr14:20343247:T:G	15.9
chr14:20343248:C:A	15.69
chr14:20343248:C:G	15.39
chr14:20343248:C:T	15.84
chr14:20343249:G:A	19.62
chr14:20343249:G:C	19.53
chr14:20343249:G:T	19.15
chr14:20343250:C:A	20.8
chr14:20343250:C:G	20.6
chr14:20343250:C:T	21.4
chr14:20343251:G:A	15.91
chr14:20343251:G:C	15.04
chr14:20343251:G:T	15.17
chr14:20343252:C:A	16.58
chr14:20343252:C:G	16.5
chr14:20343252:C:T	17.01
chr14:20343253:G:A	18.31
chr14:20343253:G:C	17.45
chr14:20343253:G:T	17.7
chr14:20343254:G:A	18.35
chr14:20343254:G:C	18.13
chr14:20343254:G:T	18.01
chr14:20343255:A:C	17.95
chr14:20343255:A:G	18.2
chr14:20343255:A:T	18.0
chr14:20343256:G:A	20.8
chr14:20343256:G:C	20.8
chr14:20343256:G:T	20.3
chr14:20343257:C:A	10.79
chr14:20343257:C:G	10.86
chr14:20343257:C:T	11.57
chr14:20343258:C:A	18.97
chr14:20343258:C:G	20.3
chr14:20343258:C:T	20.7
chr14:20343259:C:A	20.2
chr14:20343259:C:G	20.4
chr14:20343259:C:T	20.6
chr14:20343260:C:A	18.52
chr14:20343260:C:G	18.68
chr14:20343260:C:T	19.04
chr14:20343261:G:A	12.65
chr14:20343261:G:C	12.24
chr14:20343261:G:T	11.79
chr14:20343262:T:A	14.44
chr14:20343262:T:C	14.73
chr14:20343262:T:G	14.34
chr14:20343263:T:A	19.84
chr14:20343263:T:C	19.89
chr14:20343263:T:G	19.88
chr14:20343264:C:A	17.26
chr14:20343264:C:G	16.8
chr14:20343264:C:T	17.25
chr14:20343265:T:A	20.2
chr14:20343265:T:C	20.5
chr14:20343265:T:G	19.86
chr14:20343266:C:A	21.1
chr14:20343266:C:G	20.9
chr14:20343266:C:T	21.0
chr14:20343267:T:A	20.1
chr14:20343267:T:C	20.4
chr14:20343267:T:G	20.2
chr14:20343268:G:A	20.9
chr14:20343268:G:C	20.4
chr14:20343268:G:T	20.5
chr14:20343269:G:A	20.9
chr14:20343269:G:C	20.6
chr14:20343269:G:T	20.6
chr14:20343270:G:A	21.0
chr14:20343270:G:C	20.7
chr14:20343270:G:T	20.6
chr14:20343271:A:C	20.4
chr14:20343271:A:G	20.4
chr14:20343271:A:T	20.3
chr14:20343272:A:C	20.2
chr14:20343272:A:G	20.2
chr14:20343272:A:T	19.88
chr14:20343273:C:A	20.5
chr14:20343273:C:G	20.8
chr14:20343273:C:T	21.0
chr14:20343274:T:A	19.86
chr14:20343274:T:C	20.7
chr14:20343274:T:G	19.89
chr14:20343275:C:A	21.1
chr14:20343275:C:G	20.9
chr14:20343275:C:T	21.2
chr14:20343276:A:C	20.5
chr14:20343276:A:G	20.3
chr14:20343276:A:T	20.1
chr14:20343277:C:A	20.8
chr14:20343277:C:G	20.7
chr14:20343277:C:T	21.2
chr14:20343278:C:A	20.8
chr14:20343278:C:G	20.9
chr14:20343278:C:T	21.3
chr14:20343279:T:A	18.38
chr14:20343279:T:C	19.18
chr14:20343279:T:G	18.3
chr14:20343280:C:A	21.1
chr14:20343280:C:G	20.9
chr14:20343280:C:T	21.2
chr14:20343281:C:A	20.5
chr14:20343281:C:G	20.6
chr14:20343281:C:T	21.0
chr14:20343282:C:A	20.7
chr14:20343282:C:G	20.7
chr14:20343282:C:T	21.0
chr14:20343283:C:A	15.47
chr14:20343283:C:G	15.97
chr14:20343283:C:T	16.09
chr14:20343284:G:A	19.44
chr14:20343284:G:C	19.15
chr14:20343284:G:T	19.09
chr14:20343285:A:C	1.681
chr14:20343285:A:G	1.725
chr14:20343285:A:T	1.468
chr14:20343286:A:C	1.789
chr14:20343286:A:G	2.423
chr14:20343286:A:T	1.83
chr14:20343287:G:A	1.071
chr14:20343287:G:C	0.813
chr14:20343287:G:T	0.649
chr14:20343288:C:A	1.578
chr14:20343288:C:G	1.769
chr14:20343288:C:T	2.091
chr14:20343289:T:A	17.05
chr14:20343289:T:C	17.32
chr14:20343289:T:G	17.03
chr14:20343290:C:A	19.16
chr14:20343290:C:G	18.94
chr14:20343290:C:T	19.35
chr14:20343291:A:C	16.89
chr14:20343291:A:G	17.04
chr14:20343291:A:T	16.71
chr14:20343292:G:A	18.85
chr14:20343292:G:C	18.44
chr14:20343292:G:T	18.44
chr14:20343293:G:A	19.99
chr14:20343293:G:C	19.57
chr14:20343293:G:T	19.5
chr14:20343294:G:A	20.2
chr14:20343294:G:C	19.73
chr14:20343294:G:T	19.57
chr14:20343295:A:C	19.08
chr14:20343295:A:G	19.26
chr14:20343295:A:T	19.08
chr14:20343296:G:A	20.9
chr14:20343296:G:C	20.5
chr14:20343296:G:T	20.3
chr14:20343297:A:C	12.54
chr14:20343297:A:G	12.85
chr14:20343297:A:T	12.43
chr14:20343298:G:A	18.51
chr14:20343298:G:C	18.39
chr14:20343298:G:T	18.04
chr14:20343299:C:A	19.54
chr14:20343299:C:G	19.63
chr14:20343299:C:T	19.84
chr14:20343300:C:A	20.5
chr14:20343300:C:G	20.6
chr14:20343300:C:T	20.8
chr14:20343301:C:A	20.4
chr14:20343301:C:G	20.5
chr14:20343301:C:T	20.7
chr14:20343302:T:A	17.52
chr14:20343302:T:C	17.88
chr14:20343302:T:G	17.59
chr14:20343303:G:A	20.8
chr14:20343303:G:C	20.3
chr14:20343303:G:T	20.3
chr14:20343304:T:A	16.48
chr14:20343304:T:C	16.63
chr14:20343304:T:G	16.4
chr14:20343305:T:A	19.83
chr14:20343305:T:C	20.2
chr14:20343305:T:G	19.94
chr14:20343306:A:C	16.47
chr14:20343306:A:G	16.63
chr14:20343306:A:T	16.43
chr14:20343307:G:A	19.64
chr14:20343307:G:C	19.38
chr14:20343307:G:T	19.31
chr14:20343308:G:A	17.68
chr14:20343308:G:C	17.73
chr14:20343308:G:T	17.29
chr14:20343309:G:A	17.84
chr14:20343309:G:C	17.75
chr14:20343309:G:T	17.41
chr14:20343310:C:A	18.42
chr14:20343310:C:G	18.48
chr14:20343310:C:T	18.72
chr14:20343311:C:A	15.76
chr14:20343311:C:G	15.74
chr14:20343311:C:T	16.35
chr14:20343312:G:A	19.93
chr14:20343312:G:C	19.77
chr14:20343312:G:T	19.3
chr14:20343313:C:A	17.43
chr14:20343313:C:G	17.39
chr14:20343313:C:T	17.79
chr14:20343314:C:A	0.142
chr14:20343314:C:G	0.153
chr14:20343314:C:T	0.193
chr14:20343315:T:A	0.85
chr14:20343315:T:C	1.231
chr14:20343315:T:G	0.814
chr14:20343316:C:A	0.03
chr14:20343316:C:G	0.032
chr14:20343316:C:T	0.035
chr14:20343317:T:A	13.35
chr14:20343317:T:C	13.78
chr14:20343317:T:G	13.29
chr14:20343318:G:A	19.45
chr14:20343318:G:C	19.05
chr14:20343318:G:T	18.92
chr14:20343319:G:A	18.83
chr14:20343319:G:C	18.52
chr14:20343319:G:T	18.28
chr14:20343320:C:A	18.49
chr14:20343320:C:G	18.68
chr14:20343320:C:T	19.01
chr14:20343321:C:A	17.16
chr14:20343321:C:G	17.26
chr14:20343321:C:T	17.79
chr14:20343322:C:A	19.65
chr14:20343322:C:G	19.82
chr14:20343322:C:T	20.1
chr14:20343323:T:A	12.33
chr14:20343323:T:C	12.83
chr14:20343323:T:G	12.33
chr14:20343324:A:C	16.48
chr14:20343324:A:G	16.77
chr14:20343324:A:T	16.43
chr14:20343325:G:A	19.49
chr14:20343325:G:C	19.18
chr14:20343325:G:T	18.88
chr14:20343326:T:A	18.75
chr14:20343326:T:C	18.96
chr14:20343326:T:G	18.77
chr14:20343327:C:A	20.3
chr14:20343327:C:G	20.4
chr14:20343327:C:T	20.6
chr14:20343328:T:A	19.49
chr14:20343328:T:C	19.87
chr14:20343328:T:G	19.58
chr14:20343329:C:A	20.4
chr14:20343329:C:G	20.3
chr14:20343329:C:T	20.5
chr14:20343330:A:C	19.64
chr14:20343330:A:G	19.78
chr14:20343330:A:T	19.62
chr14:20343331:G:A	20.5
chr14:20343331:G:C	20.3
chr14:20343331:G:T	20.3
chr14:20343332:A:C	19.79
chr14:20343332:A:G	19.88
chr14:20343332:A:T	19.62
chr14:20343333:C:A	20.4
chr14:20343333:C:G	20.4
chr14:20343333:C:T	20.8
chr14:20343334:C:A	20.4
chr14:20343334:C:G	20.5
chr14:20343334:C:T	20.9
chr14:20343335:T:A	19.74
chr14:20343335:T:C	20.3
chr14:20343335:T:G	19.78
chr14:20343336:T:A	20.3
chr14:20343336:T:C	19.99
chr14:20343336:T:G	19.87
chr14:20343337:C:A	20.5
chr14:20343337:C:G	20.4
chr14:20343337:C:T	20.5
chr14:20343338:C:A	20.3
chr14:20343338:C:G	20.4
chr14:20343338:C:T	20.7
chr14:20343339:C:A	20.2
chr14:20343339:C:G	20.2
chr14:20343339:C:T	20.5
chr14:20343340:A:C	18.68
chr14:20343340:A:G	18.96
chr14:20343340:A:T	18.72
chr14:20343341:A:C	14.31
chr14:20343341:A:G	14.46
chr14:20343341:A:T	14.15
chr14:20343342:G:A	20.2
chr14:20343342:G:C	19.95
chr14:20343342:G:T	19.78
chr14:20343343:G:A	20.3
chr14:20343343:G:C	19.7
chr14:20343343:G:T	19.68
chr14:20343344:G:A	19.0
chr14:20343344:G:C	18.79
chr14:20343344:G:T	18.78
chr14:20343345:A:C	16.7
chr14:20343345:A:G	16.93
chr14:20343345:A:T	16.66
chr14:20343346:C:A	18.67
chr14:20343346:C:G	18.6
chr14:20343346:C:T	18.98
chr14:20343347:A:C	8.213
chr14:20343347:A:G	8.998
chr14:20343347:A:T	8.128
chr14:20343348:T:A	0.043
chr14:20343348:T:C	0.056
chr14:20343348:T:G	0.044
chr14:20343349:G:A	0.959
chr14:20343349:G:C	0.699
chr14:20343349:G:T	0.692
chr14:20343350:G:A	5.776
chr14:20343350:G:C	4.992
chr14:20343350:G:T	4.75
chr14:20343351:G:A	0.927
chr14:20343351:G:C	0.756
chr14:20343351:G:T	0.693
chr14:20343352:A:C	1.417
chr14:20343352:A:G	1.685
chr14:20343352:A:T	1.268
chr14:20343353:G:A	0.402
chr14:20343353:G:C	0.288
chr14:20343353:G:T	0.302
chr14:20343354:T:A	3.256
chr14:20343354:T:C	4.036
chr14:20343354:T:G	4.045
chr14:20343355:G:A	3.784
chr14:20343355:G:C	2.398
chr14:20343355:G:T	2.594
chr14:20343356:G:A	17.5
chr14:20343356:G:C	17.42
chr14:20343356:G:T	17.31
chr14:20343357:A:C	16.93
chr14:20343357:A:G	17.26
chr14:20343357:A:T	16.99
chr14:20343358:G:A	17.95
chr14:20343358:G:C	17.95
chr14:20343358:G:T	17.62
chr14:20343359:T:A	17.39
chr14:20343359:T:C	17.42
chr14:20343359:T:G	17.6
chr14:20343360:G:A	18.36
chr14:20343360:G:C	17.8
chr14:20343360:G:T	17.99
chr14:20343361:A:C	17.49
chr14:20343361:A:G	17.45
chr14:20343361:A:T	17.39
chr14:20343362:C:A	18.25
chr14:20343362:C:G	18.09
chr14:20343362:C:T	18.39
chr14:20343363:A:C	0.188
chr14:20343363:A:G	0.291
chr14:20343363:A:T	0.182
chr14:20343364:G:A	0.098
chr14:20343364:G:C	0.064
chr14:20343364:G:T	0.056
chr14:20343365:G:A	0.637
chr14:20343365:G:C	0.408
chr14:20343365:G:T	0.406
chr14:20343366:A:C	0.248
chr14:20343366:A:G	0.348
chr14:20343366:A:T	0.245
chr14:20343367:C:A	0.151
chr14:20343367:C:G	0.187
chr14:20343367:C:T	0.067
chr14:20343368:G:A	19.33
chr14:20343368:G:C	19.02
chr14:20343368:G:T	18.64
chr14:20343369:C:A	19.23
chr14:20343369:C:G	19.26
chr14:20343369:C:T	19.42
chr14:20343370:A:C	18.92
chr14:20343370:A:G	19.13
chr14:20343370:A:T	18.71
chr14:20343371:C:A	19.61
chr14:20343371:C:G	19.69
chr14:20343371:C:T	19.93
chr14:20343372:T:A	19.26
chr14:20343372:T:C	19.59
chr14:20343372:T:G	19.24
chr14:20343373:C:A	20.2
chr14:20343373:C:G	20.1
chr14:20343373:C:T	20.4
chr14:20343374:A:C	15.66
chr14:20343374:A:G	15.89
chr14:20343374:A:T	15.59
chr14:20343375:G:A	20.3
chr14:20343375:G:C	20.1
chr14:20343375:G:T	19.73
chr14:20343376:C:A	13.57
chr14:20343376:C:G	13.56
chr14:20343376:C:T	14.11
chr14:20343377:T:A	1.861
chr14:20343377:T:C	2.418
chr14:20343377:T:G	1.934
chr14:20343378:C:A	15.06
chr14:20343378:C:G	14.84
chr14:20343378:C:T	15.45
chr14:20343379:G:A	20.5
chr14:20343379:G:C	19.93
chr14:20343379:G:T	19.91
chr14:20343380:T:A	19.3
chr14:20343380:T:C	19.56
chr14:20343380:T:G	19.52
chr14:20343381:G:A	6.133
chr14:20343381:G:C	5.144
chr14:20343381:G:T	5.033
chr14:20343382:G:A	19.64
chr14:20343382:G:C	19.39
chr14:20343382:G:T	19.08
chr14:20343383:C:A	20.3
chr14:20343383:C:G	20.2
chr14:20343383:C:T	20.6
chr14:20343384:C:A	20.2
chr14:20343384:C:G	20.4
chr14:20343384:C:T	20.7
chr14:20343385:C:A	20.2
chr14:20343385:C:G	20.3
chr14:20343385:C:T	20.5
chr14:20343386:C:A	20.2
chr14:20343386:C:G	20.3
chr14:20343386:C:T	20.8
chr14:20343387:A:C	18.36
chr14:20343387:A:G	18.17
chr14:20343387:A:T	17.96
chr14:20343388:C:A	14.88
chr14:20343388:C:G	15.02
chr14:20343388:C:T	15.31
chr14:20343389:T:A	11.16
chr14:20343389:T:C	12.09
chr14:20343389:T:G	11.25
chr14:20343390:G:A	19.83
chr14:20343390:G:C	19.37
chr14:20343390:G:T	19.41
chr14:20343391:A:C	18.61
chr14:20343391:A:G	18.72
chr14:20343391:A:T	18.47
chr14:20343392:T:A	17.77
chr14:20343392:T:C	18.12
chr14:20343392:T:G	17.82
chr14:20343393:G:A	20.8
chr14:20343393:G:C	20.2
chr14:20343393:G:T	20.4
chr14:20343394:A:C	18.77
chr14:20343394:A:G	18.93
chr14:20343394:A:T	18.69
chr14:20343395:G:A	20.6
chr14:20343395:G:C	20.5
chr14:20343395:G:T	20.2
chr14:20343396:C:A	20.4
chr14:20343396:C:G	20.4
chr14:20343396:C:T	20.7
chr14:20343397:T:A	19.84
chr14:20343397:T:C	20.1
chr14:20343397:T:G	19.8
chr14:20343398:T:A	20.3
chr14:20343398:T:C	20.1
chr14:20343398:T:G	19.89
chr14:20343399:C:A	20.4
chr14:20343399:C:G	20.3
chr14:20343399:C:T	20.6
chr14:20343400:C:A	18.13
chr14:20343400:C:G	18.3
chr14:20343400:C:T	18.55
chr14:20343401:C:A	20.4
chr14:20343401:C:G	20.5
chr14:20343401:C:T	20.8
chr14:20343402:T:A	16.06
chr14:20343402:T:C	16.73
chr14:20343402:T:G	15.92
chr14:20343403:C:A	20.5
chr14:20343403:C:G	20.4
chr14:20343403:C:T	20.6
chr14:20343404:C:A	20.2
chr14:20343404:C:G	20.2
chr14:20343404:C:T	20.8
chr14:20343405:G:A	18.89
chr14:20343405:G:C	18.98
chr14:20343405:G:T	18.1
chr14:20343406:C:A	18.86
chr14:20343406:C:G	18.64
chr14:20343406:C:T	19.36
chr14:20343407:C:A	19.62
chr14:20343407:C:G	19.75
chr14:20343407:C:T	20.2
chr14:32202045:G:A	11.37
chr14:32202045:G:C	11.72
chr14:32202045:G:T	12.8
chr14:32202046:T:A	13.98
chr14:32202046:T:C	14.32
chr14:32202046:T:G	14.57
chr14:32202047:G:A	16.11
chr14:32202047:G:C	15.39
chr14:32202047:G:T	15.48
chr14:32202048:C:A	15.1
chr14:32202048:C:G	15.23
chr14:32202048:C:T	15.69
chr14:32202049:T:A	17.22
chr14:32202049:T:C	17.33
chr14:32202049:T:G	16.92
chr14:32202050:C:A	12.53
chr14:32202050:C:G	12.31
chr14:32202050:C:T	12.9
chr14:32202051:G:A	17.8
chr14:32202051:G:C	17.41
chr14:32202051:G:T	17.69
chr14:32202052:C:A	17.2
chr14:32202052:C:G	17.6
chr14:32202052:C:T	17.88
chr14:32202053:T:A	17.66
chr14:32202053:T:C	17.89
chr14:32202053:T:G	17.82
chr14:32202054:T:A	17.77
chr14:32202054:T:C	18.01
chr14:32202054:T:G	17.85
chr14:32202055:C:A	18.58
chr14:32202055:C:G	18.18
chr14:32202055:C:T	18.4
chr14:32202056:G:A	18.99
chr14:32202056:G:C	18.83
chr14:32202056:G:T	18.55
chr14:32202057:G:A	17.9
chr14:32202057:G:C	17.56
chr14:32202057:G:T	17.8
chr14:32202058:C:A	18.2
chr14:32202058:C:G	18.34
chr14:32202058:C:T	19.89
chr14:32202059:A:C	18.03
chr14:32202059:A:G	18.04
chr14:32202059:A:T	17.97
chr14:32202060:G:A	18.62
chr14:32202060:G:C	18.18
chr14:32202060:G:T	18.42
chr14:32202061:C:A	18.92
chr14:32202061:C:G	18.92
chr14:32202061:C:T	19.63
chr14:32202062:A:C	18.32
chr14:32202062:A:G	18.47
chr14:32202062:A:T	18.15
chr14:32202063:C:A	18.98
chr14:32202063:C:G	19.0
chr14:32202063:C:T	19.64
chr14:32202064:A:C	17.69
chr14:32202064:A:G	18.23
chr14:32202064:A:T	17.68
chr14:32202065:T:A	18.08
chr14:32202065:T:C	18.42
chr14:32202065:T:G	18.13
chr14:32202066:A:C	17.49
chr14:32202066:A:G	17.83
chr14:32202066:A:T	17.55
chr14:32202067:T:A	17.86
chr14:32202067:T:C	18.46
chr14:32202067:T:G	17.98
chr14:32202068:A:C	17.77
chr14:32202068:A:G	18.26
chr14:32202068:A:T	17.69
chr14:32202069:C:A	19.26
chr14:32202069:C:G	19.49
chr14:32202069:C:T	19.66
chr14:32202070:T:A	18.07
chr14:32202070:T:C	18.32
chr14:32202070:T:G	18.06
chr14:32202071:A:C	16.8
chr14:32202071:A:G	17.05
chr14:32202071:A:T	16.92
chr14:32202072:A:C	18.54
chr14:32202072:A:G	18.65
chr14:32202072:A:T	18.8
chr14:32202073:A:C	19.32
chr14:32202073:A:G	19.43
chr14:32202073:A:T	19.42
chr14:32202074:A:C	16.95
chr14:32202074:A:G	17.12
chr14:32202074:A:T	17.09
chr14:32202075:T:A	18.0
chr14:32202075:T:C	18.55
chr14:32202075:T:G	18.1
chr14:32202076:T:A	19.11
chr14:32202076:T:C	18.62
chr14:32202076:T:G	18.61
chr14:32202077:G:A	20.4
chr14:32202077:G:C	18.9
chr14:32202077:G:T	19.34
chr14:32202078:G:A	19.21
chr14:32202078:G:C	18.72
chr14:32202078:G:T	19.87
chr14:32202079:A:C	17.89
chr14:32202079:A:G	17.89
chr14:32202079:A:T	18.52
chr14:32202080:A:C	18.05
chr14:32202080:A:G	18.19
chr14:32202080:A:T	17.91
chr14:32202081:C:A	17.17
chr14:32202081:C:G	17.03
chr14:32202081:C:T	17.68
chr14:32202082:G:A	18.01
chr14:32202082:G:C	17.46
chr14:32202082:G:T	17.77
chr14:32202083:A:C	17.96
chr14:32202083:A:G	18.2
chr14:32202083:A:T	17.91
chr14:32202084:T:A	17.96
chr14:32202084:T:C	18.35
chr14:32202084:T:G	17.99
chr14:32202085:A:C	18.92
chr14:32202085:A:G	19.2
chr14:32202085:A:T	18.93
chr14:32202086:C:A	17.95
chr14:32202086:C:G	18.45
chr14:32202086:C:T	18.9
chr14:32202087:A:C	17.48
chr14:32202087:A:G	17.72
chr14:32202087:A:T	17.37
chr14:32202088:G:A	18.04
chr14:32202088:G:C	17.79
chr14:32202088:G:T	18.48
chr14:32202089:A:C	17.87
chr14:32202089:A:G	18.67
chr14:32202089:A:T	18.03
chr14:32202090:G:A	18.55
chr14:32202090:G:C	18.06
chr14:32202090:G:T	19.07
chr14:32202091:A:C	18.6
chr14:32202091:A:G	18.09
chr14:32202091:A:T	19.45
chr14:32202092:A:C	19.52
chr14:32202092:A:G	19.65
chr14:32202092:A:T	19.77
chr14:32202093:G:A	17.57
chr14:32202093:G:C	17.05
chr14:32202093:G:T	17.36
chr14:32202094:A:C	19.29
chr14:32202094:A:G	20.2
chr14:32202094:A:T	19.79
chr14:32202095:T:A	18.02
chr14:32202095:T:C	18.17
chr14:32202095:T:G	18.07
chr14:32202096:T:A	18.26
chr14:32202096:T:C	18.6
chr14:32202096:T:G	18.7
chr14:32202097:A:C	19.14
chr14:32202097:A:G	19.58
chr14:32202097:A:T	19.06
chr14:32202098:G:A	18.81
chr14:32202098:G:C	18.4
chr14:32202098:G:T	18.54
chr14:32202099:C:A	17.18
chr14:32202099:C:G	17.25
chr14:32202099:C:T	18.0
chr14:32202100:A:C	18.41
chr14:32202100:A:G	18.84
chr14:32202100:A:T	18.61
chr14:32202101:T:A	18.35
chr14:32202101:T:C	18.67
chr14:32202101:T:G	18.79
chr14:32202102:G:A	19.09
chr14:32202102:G:C	18.02
chr14:32202102:G:T	18.3
chr14:32202103:G:A	18.47
chr14:32202103:G:C	18.36
chr14:32202103:G:T	18.25
chr14:32202104:C:A	18.32
chr14:32202104:C:G	18.11
chr14:32202104:C:T	18.68
chr14:32202105:C:A	17.89
chr14:32202105:C:G	18.2
chr14:32202105:C:T	18.35
chr14:32202106:C:A	17.76
chr14:32202106:C:G	16.65
chr14:32202106:C:T	18.23
chr14:32202107:C:A	18.21
chr14:32202107:C:G	18.33
chr14:32202107:C:T	19.0
chr14:32202108:T:A	18.5
chr14:32202108:T:C	18.81
chr14:32202108:T:G	18.59
chr14:32202109:G:A	18.93
chr14:32202109:G:C	18.64
chr14:32202109:G:T	18.61
chr14:32202110:C:A	18.75
chr14:32202110:C:G	19.21
chr14:32202110:C:T	19.68
chr14:32202111:G:A	18.9
chr14:32202111:G:C	18.51
chr14:32202111:G:T	18.69
chr14:32202112:C:A	19.58
chr14:32202112:C:G	19.59
chr14:32202112:C:T	20.4
chr14:32202113:A:C	17.86
chr14:32202113:A:G	18.05
chr14:32202113:A:T	18.45
chr14:32202114:A:C	19.21
chr14:32202114:A:G	20.3
chr14:32202114:A:T	19.36
chr14:32202115:G:A	18.51
chr14:32202115:G:C	17.93
chr14:32202115:G:T	18.43
chr14:32202116:G:A	18.34
chr14:32202116:G:C	18.67
chr14:32202116:G:T	18.93
chr14:32202117:A:C	19.68
chr14:32202117:A:G	20.7
chr14:32202117:A:T	20.2
chr14:32202118:T:A	17.69
chr14:32202118:T:C	17.87
chr14:32202118:T:G	17.9
chr14:32202119:G:A	18.8
chr14:32202119:G:C	18.46
chr14:32202119:G:T	18.46
chr14:32202120:A:C	18.53
chr14:32202120:A:G	18.94
chr14:32202120:A:T	18.43
chr14:32202121:C:A	18.45
chr14:32202121:C:G	18.54
chr14:32202121:C:T	18.92
chr14:32202122:A:C	17.52
chr14:32202122:A:G	17.59
chr14:32202122:A:T	17.64
chr14:32202123:C:A	18.04
chr14:32202123:C:G	18.45
chr14:32202123:C:T	18.44
chr14:32202124:G:A	17.59
chr14:32202124:G:C	17.32
chr14:32202124:G:T	17.14
chr14:32202125:C:A	18.85
chr14:32202125:C:G	18.87
chr14:32202125:C:T	19.66
chr14:32202126:A:C	17.71
chr14:32202126:A:G	17.85
chr14:32202126:A:T	18.01
chr14:32202127:A:C	18.04
chr14:32202127:A:G	17.95
chr14:32202127:A:T	17.96
chr14:32202128:A:C	17.29
chr14:32202128:A:G	17.47
chr14:32202128:A:T	17.37
chr14:32202129:T:A	17.78
chr14:32202129:T:C	18.06
chr14:32202129:T:G	17.76
chr14:32202130:T:A	17.83
chr14:32202130:T:C	18.02
chr14:32202130:T:G	18.09
chr14:32202131:C:A	19.17
chr14:32202131:C:G	18.49
chr14:32202131:C:T	19.27
chr14:32202132:G:A	17.79
chr14:32202132:G:C	16.98
chr14:32202132:G:T	17.4
chr14:32202133:T:A	17.82
chr14:32202133:T:C	18.22
chr14:32202133:T:G	18.01
chr14:32202134:G:A	20.1
chr14:32202134:G:C	18.73
chr14:32202134:G:T	20.4
chr14:32202135:A:C	18.35
chr14:32202135:A:G	18.2
chr14:32202135:A:T	19.28
chr14:32202136:A:C	17.23
chr14:32202136:A:G	17.3
chr14:32202136:A:T	17.36
chr14:32202137:G:A	18.77
chr14:32202137:G:C	18.5
chr14:32202137:G:T	18.43
chr14:32202138:C:A	18.88
chr14:32202138:C:G	19.63
chr14:32202138:C:T	19.52
chr14:32202139:G:A	18.74
chr14:32202139:G:C	18.24
chr14:32202139:G:T	18.43
chr14:32202140:T:A	17.84
chr14:32202140:T:C	18.08
chr14:32202140:T:G	17.98
chr14:32202141:T:A	19.01
chr14:32202141:T:C	19.07
chr14:32202141:T:G	18.91
chr14:32202142:C:A	19.16
chr14:32202142:C:G	18.67
chr14:32202142:C:T	19.09
chr14:32202143:C:A	17.03
chr14:32202143:C:G	17.03
chr14:32202143:C:T	17.81
chr14:32202144:A:C	16.69
chr14:32202144:A:G	17.19
chr14:32202144:A:T	16.54
chr14:32202145:T:A	17.4
chr14:32202145:T:C	17.72
chr14:32202145:T:G	17.41
chr14:32202146:A:C	16.55
chr14:32202146:A:G	16.86
chr14:32202146:A:T	16.69
chr14:32202147:T:A	18.02
chr14:32202147:T:C	18.28
chr14:32202147:T:G	18.19
chr14:32202148:T:A	17.88
chr14:32202148:T:C	18.04
chr14:32202148:T:G	18.04
chr14:32202149:T:A	17.41
chr14:32202149:T:C	17.63
chr14:32202149:T:G	17.56
chr14:32202150:T:A	17.96
chr14:32202150:T:C	17.26
chr14:32202150:T:G	17.13
chr14:32202151:G:A	12.0
chr14:32202151:G:C	11.34
chr14:32202151:G:T	11.43
chr14:32203163:C:A	7.724
chr14:32203163:C:G	6.414
chr14:32203163:C:T	9.748
chr14:32203164:A:C	13.1
chr14:32203164:A:G	13.3
chr14:32203164:A:T	14.23
chr14:32203165:A:C	14.72
chr14:32203165:A:G	14.81
chr14:32203165:A:T	14.5
chr14:32203166:A:C	14.8
chr14:32203166:A:G	14.85
chr14:32203166:A:T	14.68
chr14:32203167:A:C	13.15
chr14:32203167:A:G	13.28
chr14:32203167:A:T	12.87
chr14:32203168:T:A	13.6
chr14:32203168:T:C	13.8
chr14:32203168:T:G	13.4
chr14:32203169:A:C	9.52
chr14:32203169:A:G	10.52
chr14:32203169:A:T	9.495
chr14:32203170:T:A	11.25
chr14:32203170:T:C	12.18
chr14:32203170:T:G	11.57
chr14:32203171:G:A	13.33
chr14:32203171:G:C	12.17
chr14:32203171:G:T	12.23
chr14:32203172:G:A	13.08
chr14:32203172:G:C	12.49
chr14:32203172:G:T	13.3
chr14:32203173:A:C	14.66
chr14:32203173:A:G	14.86
chr14:32203173:A:T	14.87
chr14:32203174:A:C	12.81
chr14:32203174:A:G	13.1
chr14:32203174:A:T	12.69
chr14:32203175:C:A	13.5
chr14:32203175:C:G	13.34
chr14:32203175:C:T	14.22
chr14:32203176:G:A	14.11
chr14:32203176:G:C	14.31
chr14:32203176:G:T	13.11
chr14:32203177:C:A	15.61
chr14:32203177:C:G	15.53
chr14:32203177:C:T	15.85
chr14:32203178:T:A	14.07
chr14:32203178:T:C	14.02
chr14:32203178:T:G	13.88
chr14:32203179:T:A	15.99
chr14:32203179:T:C	14.71
chr14:32203179:T:G	14.8
chr14:32203180:C:A	17.04
chr14:32203180:C:G	15.26
chr14:32203180:C:T	16.79
chr14:32203181:A:C	14.17
chr14:32203181:A:G	14.5
chr14:32203181:A:T	13.88
chr14:32203182:C:A	14.57
chr14:32203182:C:G	13.85
chr14:32203182:C:T	15.12
chr14:32203183:G:A	16.61
chr14:32203183:G:C	15.39
chr14:32203183:G:T	16.51
chr14:32203184:A:C	15.0
chr14:32203184:A:G	14.9
chr14:32203184:A:T	14.72
chr14:32203185:A:C	13.47
chr14:32203185:A:G	13.92
chr14:32203185:A:T	13.46
chr14:32203186:T:A	13.35
chr14:32203186:T:C	13.48
chr14:32203186:T:G	13.29
chr14:32203187:T:A	14.77
chr14:32203187:T:C	14.59
chr14:32203187:T:G	14.71
chr14:32203188:T:A	13.57
chr14:32203188:T:C	13.38
chr14:32203188:T:G	13.05
chr14:32203189:G:A	15.29
chr14:32203189:G:C	14.32
chr14:32203189:G:T	14.28
chr14:32203190:C:A	13.92
chr14:32203190:C:G	13.92
chr14:32203190:C:T	14.66
chr14:32203191:G:A	14.85
chr14:32203191:G:C	14.15
chr14:32203191:G:T	13.83
chr14:32203192:T:A	13.15
chr14:32203192:T:C	13.14
chr14:32203192:T:G	12.72
chr14:32203193:G:A	15.82
chr14:32203193:G:C	15.32
chr14:32203193:G:T	15.28
chr14:32203194:T:A	14.95
chr14:32203194:T:C	15.18
chr14:32203194:T:G	14.78
chr14:32203195:C:A	15.02
chr14:32203195:C:G	14.93
chr14:32203195:C:T	15.35
chr14:32203196:A:C	13.08
chr14:32203196:A:G	13.3
chr14:32203196:A:T	12.94
chr14:32203197:T:A	15.67
chr14:32203197:T:C	16.27
chr14:32203197:T:G	15.12
chr14:32203198:C:A	11.86
chr14:32203198:C:G	11.29
chr14:32203198:C:T	10.54
chr14:32203199:C:A	13.15
chr14:32203199:C:G	12.48
chr14:32203199:C:T	13.38
chr14:32203200:T:A	14.46
chr14:32203200:T:C	15.47
chr14:32203200:T:G	14.19
chr14:32203201:T:A	12.07
chr14:32203201:T:C	11.26
chr14:32203201:T:G	11.06
chr14:32203202:G:A	13.32
chr14:32203202:G:C	12.19
chr14:32203202:G:T	12.04
chr14:32203203:C:A	11.73
chr14:32203203:C:G	11.13
chr14:32203203:C:T	12.12
chr14:32203204:G:A	12.61
chr14:32203204:G:C	11.89
chr14:32203204:G:T	10.97
chr14:32203205:C:A	12.78
chr14:32203205:C:G	12.89
chr14:32203205:C:T	13.28
chr14:32203206:A:C	11.91
chr14:32203206:A:G	12.32
chr14:32203206:A:T	11.75
chr14:32203207:G:A	11.56
chr14:32203207:G:C	9.705
chr14:32203207:G:T	9.525
chr14:32203208:G:A	10.09
chr14:32203208:G:C	9.775
chr14:32203208:G:T	9.062
chr14:32203209:G:A	8.705
chr14:32203209:G:C	8.434
chr14:32203209:G:T	5.067
chr14:32203210:G:A	12.72
chr14:32203210:G:C	11.99
chr14:32203210:G:T	11.93
chr14:32203211:C:A	11.89
chr14:32203211:C:G	12.12
chr14:32203211:C:T	12.29
chr14:32203212:C:A	8.295
chr14:32203212:C:G	7.618
chr14:32203212:C:T	9.971
chr14:32203213:A:C	11.84
chr14:32203213:A:G	11.73
chr14:32203213:A:T	11.0
chr14:32203214:T:A	9.085
chr14:32203214:T:C	9.706
chr14:32203214:T:G	8.593
chr14:32203215:G:A	9.367
chr14:32203215:G:C	7.915
chr14:32203215:G:T	7.78
chr14:32203216:C:A	10.1
chr14:32203216:C:G	9.798
chr14:32203216:C:T	11.05
chr14:32203217:T:A	13.23
chr14:32203217:T:C	13.69
chr14:32203217:T:G	13.32
chr14:32203218:A:C	11.62
chr14:32203218:A:G	11.44
chr14:32203218:A:T	11.5
chr14:32203219:A:C	12.45
chr14:32203219:A:G	12.71
chr14:32203219:A:T	12.36
chr14:32203220:T:A	14.03
chr14:32203220:T:C	14.55
chr14:32203220:T:G	13.36
chr14:32203221:C:A	9.816
chr14:32203221:C:G	9.354
chr14:32203221:C:T	10.69
chr14:32203222:T:A	14.77
chr14:32203222:T:C	14.65
chr14:32203222:T:G	14.45
chr14:32203223:T:A	14.25
chr14:32203223:T:C	12.18
chr14:32203223:T:G	13.03
chr14:32203224:C:A	13.73
chr14:32203224:C:G	11.52
chr14:32203224:C:T	12.48
chr14:32203225:T:A	12.36
chr14:32203225:T:C	13.42
chr14:32203225:T:G	12.08
chr14:32203226:C:A	13.61
chr14:32203226:C:G	12.74
chr14:32203226:C:T	13.04
chr14:32203227:T:A	9.344
chr14:32203227:T:C	10.29
chr14:32203227:T:G	9.818
chr14:32203228:G:A	12.24
chr14:32203228:G:C	11.24
chr14:32203228:G:T	10.06
chr14:32203229:T:A	13.21
chr14:32203229:T:C	13.67
chr14:32203229:T:G	13.21
chr14:32203230:A:C	8.831
chr14:32203230:A:G	9.58
chr14:32203230:A:T	8.735
chr14:32203231:T:A	13.3
chr14:32203231:T:C	13.75
chr14:32203231:T:G	13.39
chr14:32203232:C:A	11.29
chr14:32203232:C:G	10.51
chr14:32203232:C:T	11.81
chr14:32203233:G:A	11.68
chr14:32203233:G:C	9.493
chr14:32203233:G:T	10.32
chr14:32203234:T:A	10.77
chr14:32203234:T:C	11.39
chr14:32203234:T:G	11.15
chr14:32203235:T:A	11.88
chr14:32203235:T:C	10.64
chr14:32203235:T:G	10.57
chr14:32203236:C:A	15.14
chr14:32203236:C:G	13.57
chr14:32203236:C:T	14.31
chr14:32203237:C:A	14.44
chr14:32203237:C:G	13.96
chr14:32203237:C:T	15.72
chr14:32203238:A:C	13.67
chr14:32203238:A:G	13.71
chr14:32203238:A:T	14.36
chr14:32203239:A:C	12.68
chr14:32203239:A:G	13.39
chr14:32203239:A:T	12.67
chr14:32203240:T:A	10.89
chr14:32203240:T:C	10.88
chr14:32203240:T:G	10.47
chr14:32203241:T:A	12.99
chr14:32203241:T:C	14.79
chr14:32203241:T:G	14.68
chr14:32203242:T:A	13.38
chr14:32203242:T:C	13.12
chr14:32203242:T:G	12.87
chr14:32203243:T:A	9.409
chr14:32203243:T:C	9.685
chr14:32203243:T:G	9.182
chr14:32203244:A:C	11.6
chr14:32203244:A:G	11.91
chr14:32203244:A:T	11.5
chr14:32203245:G:A	13.42
chr14:32203245:G:C	13.32
chr14:32203245:G:T	12.9
chr14:32203246:T:A	10.23
chr14:32203246:T:C	11.24
chr14:32203246:T:G	10.09
chr14:32203247:A:C	9.102
chr14:32203247:A:G	10.21
chr14:32203247:A:T	8.996
chr14:32203248:T:A	11.58
chr14:32203248:T:C	12.29
chr14:32203248:T:G	11.52
chr14:32203249:A:C	11.63
chr14:32203249:A:G	12.1
chr14:32203249:A:T	11.58
chr14:32203250:T:A	7.627
chr14:32203250:T:C	8.893
chr14:32203250:T:G	7.669
chr14:32203251:G:A	12.62
chr14:32203251:G:C	11.63
chr14:32203251:G:T	11.58
chr14:32203252:T:A	12.83
chr14:32203252:T:C	13.36
chr14:32203252:T:G	13.05
chr14:32203253:G:A	13.81
chr14:32203253:G:C	12.76
chr14:32203253:G:T	12.69
chr14:32203254:C:A	11.16
chr14:32203254:C:G	10.12
chr14:32203254:C:T	11.53
chr14:32203255:T:A	12.08
chr14:32203255:T:C	12.25
chr14:32203255:T:G	12.21
chr14:32203256:G:A	13.56
chr14:32203256:G:C	10.74
chr14:32203256:G:T	10.5
chr14:32203257:C:A	11.75
chr14:32203257:C:G	11.24
chr14:32203257:C:T	11.73
chr14:32203258:C:A	12.61
chr14:32203258:C:G	12.99
chr14:32203258:C:T	13.11
chr14:32203259:G:A	11.26
chr14:32203259:G:C	11.07
chr14:32203259:G:T	11.53
chr14:32203260:A:C	12.25
chr14:32203260:A:G	12.47
chr14:32203260:A:T	12.1
chr14:32203261:A:C	12.36
chr14:32203261:A:G	12.54
chr14:32203261:A:T	12.21
chr14:32203262:G:A	11.79
chr14:32203262:G:C	11.32
chr14:32203262:G:T	10.42
chr14:32203263:C:A	12.41
chr14:32203263:C:G	12.19
chr14:32203263:C:T	12.9
chr14:32203264:G:A	4.75
chr14:32203264:G:C	3.708
chr14:32203264:G:T	3.923
chr14:32203265:A:C	10.28
chr14:32203265:A:G	10.52
chr14:32203265:A:T	10.1
chr14:32203266:G:A	8.574
chr14:32203266:G:C	7.834
chr14:32203266:G:T	7.693
chr14:32203267:C:A	8.071
chr14:32203267:C:G	7.836
chr14:32203267:C:T	9.226
chr14:32203268:A:C	9.796
chr14:32203268:A:G	9.463
chr14:32203268:A:T	8.765
chr14:32203269:C:A	8.227
chr14:32203269:C:G	8.243
chr14:32203269:C:T	10.06
chr14:49586580:G:A	20.3
chr14:49586580:G:C	19.98
chr14:49586580:G:T	20.3
chr14:49586581:C:A	20.4
chr14:49586581:C:G	20.5
chr14:49586581:C:T	20.8
chr14:49586582:C:A	19.87
chr14:49586582:C:G	19.98
chr14:49586582:C:T	20.5
chr14:49586583:G:A	21.1
chr14:49586583:G:C	20.6
chr14:49586583:G:T	20.4
chr14:49586584:G:A	19.81
chr14:49586584:G:C	19.53
chr14:49586584:G:T	19.66
chr14:49586585:G:A	18.95
chr14:49586585:G:C	18.47
chr14:49586585:G:T	18.4
chr14:49586586:C:A	21.2
chr14:49586586:C:G	21.3
chr14:49586586:C:T	21.6
chr14:49586587:G:A	20.7
chr14:49586587:G:C	20.2
chr14:49586587:G:T	20.1
chr14:49586588:C:A	13.89
chr14:49586588:C:G	14.7
chr14:49586588:C:T	15.03
chr14:49586589:G:A	19.83
chr14:49586589:G:C	19.38
chr14:49586589:G:T	19.25
chr14:49586590:G:A	21.2
chr14:49586590:G:C	21.0
chr14:49586590:G:T	20.9
chr14:49586591:T:A	20.5
chr14:49586591:T:C	20.7
chr14:49586591:T:G	21.0
chr14:49586592:G:A	21.5
chr14:49586592:G:C	21.1
chr14:49586592:G:T	21.2
chr14:49586593:G:A	21.4
chr14:49586593:G:C	21.2
chr14:49586593:G:T	21.2
chr14:49586594:C:A	20.8
chr14:49586594:C:G	21.1
chr14:49586594:C:T	21.4
chr14:49586595:G:A	20.5
chr14:49586595:G:C	20.3
chr14:49586595:G:T	19.91
chr14:49586596:C:A	19.97
chr14:49586596:C:G	20.6
chr14:49586596:C:T	20.7
chr14:49586597:G:A	19.54
chr14:49586597:G:C	19.08
chr14:49586597:G:T	18.75
chr14:49586598:T:A	16.73
chr14:49586598:T:C	17.16
chr14:49586598:T:G	16.95
chr14:49586599:G:A	21.5
chr14:49586599:G:C	21.3
chr14:49586599:G:T	21.3
chr14:49586600:C:A	19.16
chr14:49586600:C:G	19.04
chr14:49586600:C:T	19.38
chr14:49586601:C:A	21.4
chr14:49586601:C:G	21.5
chr14:49586601:C:T	21.7
chr14:49586602:T:A	20.7
chr14:49586602:T:C	20.9
chr14:49586602:T:G	20.7
chr14:49586603:G:A	21.5
chr14:49586603:G:C	21.2
chr14:49586603:G:T	21.3
chr14:49586604:T:A	19.84
chr14:49586604:T:C	20.1
chr14:49586604:T:G	19.8
chr14:49586605:A:C	20.7
chr14:49586605:A:G	20.8
chr14:49586605:A:T	20.7
chr14:49586606:G:A	16.61
chr14:49586606:G:C	16.41
chr14:49586606:G:T	16.34
chr14:49586607:T:A	19.84
chr14:49586607:T:C	20.1
chr14:49586607:T:G	19.88
chr14:49586608:C:A	21.2
chr14:49586608:C:G	21.2
chr14:49586608:C:T	21.4
chr14:49586609:C:A	21.2
chr14:49586609:C:G	21.3
chr14:49586609:C:T	21.4
chr14:49586610:C:A	18.55
chr14:49586610:C:G	18.67
chr14:49586610:C:T	19.1
chr14:49586611:A:C	20.8
chr14:49586611:A:G	20.9
chr14:49586611:A:T	20.8
chr14:49586612:G:A	21.3
chr14:49586612:G:C	21.2
chr14:49586612:G:T	21.1
chr14:49586613:C:A	20.6
chr14:49586613:C:G	20.8
chr14:49586613:C:T	20.9
chr14:49586614:T:A	20.4
chr14:49586614:T:C	20.6
chr14:49586614:T:G	20.5
chr14:49586615:A:C	18.46
chr14:49586615:A:G	18.65
chr14:49586615:A:T	18.48
chr14:49586616:C:A	18.96
chr14:49586616:C:G	19.15
chr14:49586616:C:T	19.16
chr14:49586617:T:A	14.97
chr14:49586617:T:C	15.25
chr14:49586617:T:G	15.24
chr14:49586618:C:A	17.17
chr14:49586618:C:G	17.05
chr14:49586618:C:T	17.2
chr14:49586619:G:A	21.1
chr14:49586619:G:C	21.1
chr14:49586619:G:T	20.8
chr14:49586620:G:A	21.3
chr14:49586620:G:C	21.2
chr14:49586620:G:T	21.1
chr14:49586621:G:A	20.8
chr14:49586621:G:C	20.6
chr14:49586621:G:T	20.8
chr14:49586622:A:C	20.8
chr14:49586622:A:G	21.2
chr14:49586622:A:T	20.8
chr14:49586623:G:A	21.4
chr14:49586623:G:C	21.2
chr14:49586623:G:T	21.1
chr14:49586624:G:A	21.3
chr14:49586624:G:C	21.4
chr14:49586624:G:T	21.2
chr14:49586625:C:A	19.92
chr14:49586625:C:G	20.6
chr14:49586625:C:T	20.4
chr14:49586626:T:A	20.8
chr14:49586626:T:C	20.9
chr14:49586626:T:G	21.0
chr14:49586627:G:A	20.9
chr14:49586627:G:C	20.5
chr14:49586627:G:T	20.7
chr14:49586628:A:C	20.8
chr14:49586628:A:G	21.4
chr14:49586628:A:T	20.8
chr14:49586629:G:A	20.6
chr14:49586629:G:C	20.5
chr14:49586629:G:T	20.4
chr14:49586630:G:A	17.16
chr14:49586630:G:C	16.97
chr14:49586630:G:T	16.87
chr14:49586631:C:A	19.85
chr14:49586631:C:G	20.5
chr14:49586631:C:T	20.3
chr14:49586632:T:A	8.98
chr14:49586632:T:C	8.565
chr14:49586632:T:G	9.145
chr14:49586633:G:A	21.0
chr14:49586633:G:C	20.4
chr14:49586633:G:T	20.4
chr14:49586634:G:A	20.4
chr14:49586634:G:C	20.4
chr14:49586634:G:T	20.6
chr14:49586635:A:C	18.48
chr14:49586635:A:G	19.17
chr14:49586635:A:T	18.43
chr14:49586636:G:A	21.3
chr14:49586636:G:C	21.2
chr14:49586636:G:T	21.1
chr14:49586637:G:A	21.3
chr14:49586637:G:C	21.2
chr14:49586637:G:T	21.3
chr14:49586638:A:C	21.0
chr14:49586638:A:G	21.2
chr14:49586638:A:T	20.8
chr14:49586639:T:A	20.7
chr14:49586639:T:C	20.8
chr14:49586639:T:G	20.7
chr14:49586640:C:A	20.8
chr14:49586640:C:G	20.6
chr14:49586640:C:T	20.9
chr14:49586641:G:A	19.59
chr14:49586641:G:C	19.08
chr14:49586641:G:T	19.17
chr14:49586642:C:A	21.0
chr14:49586642:C:G	21.1
chr14:49586642:C:T	21.2
chr14:49586643:T:A	19.87
chr14:49586643:T:C	20.2
chr14:49586643:T:G	19.99
chr14:49586644:T:A	20.8
chr14:49586644:T:C	20.8
chr14:49586644:T:G	20.8
chr14:49586645:G:A	19.54
chr14:49586645:G:C	19.13
chr14:49586645:G:T	19.41
chr14:49586646:A:C	19.35
chr14:49586646:A:G	19.58
chr14:49586646:A:T	19.48
chr14:49586647:G:A	20.5
chr14:49586647:G:C	20.3
chr14:49586647:G:T	20.2
chr14:49586648:T:A	15.12
chr14:49586648:T:C	15.38
chr14:49586648:T:G	15.23
chr14:49586649:C:A	16.79
chr14:49586649:C:G	16.73
chr14:49586649:C:T	17.05
chr14:49586650:C:A	20.3
chr14:49586650:C:G	20.3
chr14:49586650:C:T	20.9
chr14:49586651:A:C	20.3
chr14:49586651:A:G	20.5
chr14:49586651:A:T	20.2
chr14:49586652:G:A	20.6
chr14:49586652:G:C	20.2
chr14:49586652:G:T	20.4
chr14:49586653:G:A	19.62
chr14:49586653:G:C	19.51
chr14:49586653:G:T	19.81
chr14:49586654:A:C	19.78
chr14:49586654:A:G	20.6
chr14:49586654:A:T	20.3
chr14:49586655:G:A	21.2
chr14:49586655:G:C	21.0
chr14:49586655:G:T	21.0
chr14:49586656:T:A	20.7
chr14:49586656:T:C	20.8
chr14:49586656:T:G	20.8
chr14:49586657:T:A	20.6
chr14:49586657:T:C	20.7
chr14:49586657:T:G	20.6
chr14:49586658:C:A	21.3
chr14:49586658:C:G	21.3
chr14:49586658:C:T	21.4
chr14:49586659:T:A	19.76
chr14:49586659:T:C	19.91
chr14:49586659:T:G	19.69
chr14:49586660:G:A	21.3
chr14:49586660:G:C	21.1
chr14:49586660:G:T	21.0
chr14:49586661:G:A	21.1
chr14:49586661:G:C	21.0
chr14:49586661:G:T	20.9
chr14:49586662:G:A	20.4
chr14:49586662:G:C	20.1
chr14:49586662:G:T	20.2
chr14:49586663:C:A	21.0
chr14:49586663:C:G	21.3
chr14:49586663:C:T	21.5
chr14:49586664:T:A	19.33
chr14:49586664:T:C	19.4
chr14:49586664:T:G	19.32
chr14:49586665:G:A	19.7
chr14:49586665:G:C	19.36
chr14:49586665:G:T	19.45
chr14:49586666:T:A	7.294
chr14:49586666:T:C	7.961
chr14:49586666:T:G	7.435
chr14:49586667:A:C	17.52
chr14:49586667:A:G	17.76
chr14:49586667:A:T	17.48
chr14:49586668:G:A	21.2
chr14:49586668:G:C	21.0
chr14:49586668:G:T	21.0
chr14:49586669:T:A	20.5
chr14:49586669:T:C	20.7
chr14:49586669:T:G	20.7
chr14:49586670:G:A	19.67
chr14:49586670:G:C	19.52
chr14:49586670:G:T	19.43
chr14:49586671:C:A	17.12
chr14:49586671:C:G	17.45
chr14:49586671:C:T	17.41
chr14:49586672:G:A	21.2
chr14:49586672:G:C	21.1
chr14:49586672:G:T	21.1
chr14:49586673:C:A	21.1
chr14:49586673:C:G	21.1
chr14:49586673:C:T	21.3
chr14:49586674:T:A	20.4
chr14:49586674:T:C	20.7
chr14:49586674:T:G	20.5
chr14:49586675:A:C	18.39
chr14:49586675:A:G	18.54
chr14:49586675:A:T	18.19
chr14:49586676:T:A	18.89
chr14:49586676:T:C	19.29
chr14:49586676:T:G	19.05
chr14:49586677:G:A	19.79
chr14:49586677:G:C	19.43
chr14:49586677:G:T	19.56
chr14:49586678:C:A	21.2
chr14:49586678:C:G	21.2
chr14:49586678:C:T	21.4
chr14:49586679:C:A	20.5
chr14:49586679:C:G	20.5
chr14:49586679:C:T	20.7
chr14:49586680:G:A	20.5
chr14:49586680:G:C	20.1
chr14:49586680:G:T	19.92
chr14:49586681:A:C	20.5
chr14:49586681:A:G	20.5
chr14:49586681:A:T	20.4
chr14:49586682:T:A	20.5
chr14:49586682:T:C	20.7
chr14:49586682:T:G	20.6
chr14:49586683:C:A	19.92
chr14:49586683:C:G	19.91
chr14:49586683:C:T	20.1
chr14:49586684:G:A	19.34
chr14:49586684:G:C	19.11
chr14:49586684:G:T	18.98
chr14:49586685:G:A	19.72
chr14:49586685:G:C	19.51
chr14:49586685:G:T	19.48
chr14:49586686:G:A	21.3
chr14:49586686:G:C	21.2
chr14:49586686:G:T	21.0
chr14:49586687:T:A	20.6
chr14:49586687:T:C	20.7
chr14:49586687:T:G	20.8
chr14:49586688:G:A	21.4
chr14:49586688:G:C	21.1
chr14:49586688:G:T	21.2
chr14:49586689:T:A	19.64
chr14:49586689:T:C	19.95
chr14:49586689:T:G	19.77
chr14:49586690:C:A	21.2
chr14:49586690:C:G	21.2
chr14:49586690:C:T	21.4
chr14:49586691:C:A	20.4
chr14:49586691:C:G	20.5
chr14:49586691:C:T	20.7
chr14:49586692:G:A	21.4
chr14:49586692:G:C	21.3
chr14:49586692:G:T	21.1
chr14:49586693:C:A	21.1
chr14:49586693:C:G	21.2
chr14:49586693:C:T	21.4
chr14:49586694:A:C	20.6
chr14:49586694:A:G	20.7
chr14:49586694:A:T	20.6
chr14:49586695:C:A	19.72
chr14:49586695:C:G	19.73
chr14:49586695:C:T	20.1
chr14:49586696:T:A	19.02
chr14:49586696:T:C	19.22
chr14:49586696:T:G	18.88
chr14:49586697:A:C	19.17
chr14:49586697:A:G	19.37
chr14:49586697:A:T	19.3
chr14:49586698:A:C	20.4
chr14:49586698:A:G	20.5
chr14:49586698:A:T	20.3
chr14:49586699:G:A	21.0
chr14:49586699:G:C	20.8
chr14:49586699:G:T	20.9
chr14:49586700:T:A	19.2
chr14:49586700:T:C	19.24
chr14:49586700:T:G	19.17
chr14:49586701:T:A	19.08
chr14:49586701:T:C	19.26
chr14:49586701:T:G	19.13
chr14:49586702:C:A	20.9
chr14:49586702:C:G	20.7
chr14:49586702:C:T	20.9
chr14:49586703:G:A	21.2
chr14:49586703:G:C	21.0
chr14:49586703:G:T	20.9
chr14:49586704:G:A	20.4
chr14:49586704:G:C	20.3
chr14:49586704:G:T	20.2
chr14:49586705:C:A	20.4
chr14:49586705:C:G	20.5
chr14:49586705:C:T	20.9
chr14:49586706:A:C	19.53
chr14:49586706:A:G	19.54
chr14:49586706:A:T	19.45
chr14:49586707:T:A	19.82
chr14:49586707:T:C	19.93
chr14:49586707:T:G	19.79
chr14:49586708:C:A	19.95
chr14:49586708:C:G	19.74
chr14:49586708:C:T	20.3
chr14:49586709:A:C	18.94
chr14:49586709:A:G	19.05
chr14:49586709:A:T	18.89
chr14:49586710:A:C	18.9
chr14:49586710:A:G	19.26
chr14:49586710:A:T	18.88
chr14:49586711:T:A	19.5
chr14:49586711:T:C	19.8
chr14:49586711:T:G	19.75
chr14:49586712:A:C	19.44
chr14:49586712:A:G	19.68
chr14:49586712:A:T	19.48
chr14:49586713:T:A	21.0
chr14:49586713:T:C	21.0
chr14:49586713:T:G	21.1
chr14:49586714:G:A	20.8
chr14:49586714:G:C	20.3
chr14:49586714:G:T	20.5
chr14:49586715:G:A	21.4
chr14:49586715:G:C	21.3
chr14:49586715:G:T	21.4
chr14:49586716:T:A	20.9
chr14:49586716:T:C	20.9
chr14:49586716:T:G	21.0
chr14:49586717:G:A	21.7
chr14:49586717:G:C	21.3
chr14:49586717:G:T	21.4
chr14:49586718:A:C	18.94
chr14:49586718:A:G	18.97
chr14:49586718:A:T	18.93
chr14:49586719:C:A	19.11
chr14:49586719:C:G	19.33
chr14:49586719:C:T	19.56
chr14:49586720:C:A	19.35
chr14:49586720:C:G	19.35
chr14:49586720:C:T	19.59
chr14:49586721:T:A	17.33
chr14:49586721:T:C	17.65
chr14:49586721:T:G	17.25
chr14:49586722:C:A	18.75
chr14:49586722:C:G	18.82
chr14:49586722:C:T	18.98
chr14:49586723:C:A	19.67
chr14:49586723:C:G	19.76
chr14:49586723:C:T	19.98
chr14:49586724:C:A	19.36
chr14:49586724:C:G	19.47
chr14:49586724:C:T	19.62
chr14:49586725:G:A	20.6
chr14:49586725:G:C	20.3
chr14:49586725:G:T	20.2
chr14:49586726:G:A	21.4
chr14:49586726:G:C	21.3
chr14:49586726:G:T	21.3
chr14:49586727:G:A	21.3
chr14:49586727:G:C	21.1
chr14:49586727:G:T	21.2
chr14:49586728:A:C	19.13
chr14:49586728:A:G	19.74
chr14:49586728:A:T	19.36
chr14:49586729:G:A	20.5
chr14:49586729:G:C	20.3
chr14:49586729:G:T	20.2
chr14:49586730:C:A	19.39
chr14:49586730:C:G	20.1
chr14:49586730:C:T	19.77
chr14:49586731:G:A	21.3
chr14:49586731:G:C	21.1
chr14:49586731:G:T	21.1
chr14:49586732:G:A	21.2
chr14:49586732:G:C	21.1
chr14:49586732:G:T	21.0
chr14:49586733:G:A	19.7
chr14:49586733:G:C	19.57
chr14:49586733:G:T	19.49
chr14:49586734:G:A	20.3
chr14:49586734:G:C	20.2
chr14:49586734:G:T	20.1
chr14:49586735:G:A	18.81
chr14:49586735:G:C	18.48
chr14:49586735:G:T	18.46
chr14:49586736:A:C	11.47
chr14:49586736:A:G	12.05
chr14:49586736:A:T	11.51
chr14:49586737:C:A	18.62
chr14:49586737:C:G	18.74
chr14:49586737:C:T	18.9
chr14:49586738:C:A	21.0
chr14:49586738:C:G	21.0
chr14:49586738:C:T	21.2
chr14:49586739:A:C	20.4
chr14:49586739:A:G	20.4
chr14:49586739:A:T	20.2
chr14:49586740:C:A	20.3
chr14:49586740:C:G	20.3
chr14:49586740:C:T	20.5
chr14:49586741:C:A	19.55
chr14:49586741:C:G	19.62
chr14:49586741:C:T	20.3
chr14:49586742:A:C	19.68
chr14:49586742:A:G	19.91
chr14:49586742:A:T	19.71
chr14:49586743:G:A	21.1
chr14:49586743:G:C	21.0
chr14:49586743:G:T	21.0
chr14:49586744:G:A	21.2
chr14:49586744:G:C	21.1
chr14:49586744:G:T	21.0
chr14:49586745:T:A	19.25
chr14:49586745:T:C	19.51
chr14:49586745:T:G	19.39
chr14:49586746:T:A	19.98
chr14:49586746:T:C	19.89
chr14:49586746:T:G	19.8
chr14:49586747:G:A	19.89
chr14:49586747:G:C	19.6
chr14:49586747:G:T	19.58
chr14:49586748:C:A	20.5
chr14:49586748:C:G	20.6
chr14:49586748:C:T	20.8
chr14:49586749:C:A	21.3
chr14:49586749:C:G	21.4
chr14:49586749:C:T	21.4
chr14:49586750:T:A	19.61
chr14:49586750:T:C	19.8
chr14:49586750:T:G	19.68
chr14:49586751:A:C	19.86
chr14:49586751:A:G	20.1
chr14:49586751:A:T	19.94
chr14:49586752:A:C	19.9
chr14:49586752:A:G	20.5
chr14:49586752:A:T	19.83
chr14:49586753:G:A	20.5
chr14:49586753:G:C	20.3
chr14:49586753:G:T	20.4
chr14:49586754:G:A	21.2
chr14:49586754:G:C	21.2
chr14:49586754:G:T	21.4
chr14:49586755:A:C	19.73
chr14:49586755:A:G	20.5
chr14:49586755:A:T	19.92
chr14:49586756:G:A	20.5
chr14:49586756:G:C	20.3
chr14:49586756:G:T	20.2
chr14:49586757:G:A	20.3
chr14:49586757:G:C	20.2
chr14:49586757:G:T	19.98
chr14:49586758:G:A	21.2
chr14:49586758:G:C	21.0
chr14:49586758:G:T	20.9
chr14:49586759:G:A	21.3
chr14:49586759:G:C	21.1
chr14:49586759:G:T	21.1
chr14:49586760:T:A	17.65
chr14:49586760:T:C	17.86
chr14:49586760:T:G	18.01
chr14:49586761:G:A	20.6
chr14:49586761:G:C	20.1
chr14:49586761:G:T	20.3
chr14:49586762:A:C	20.2
chr14:49586762:A:G	20.4
chr14:49586762:A:T	20.3
chr14:49586763:A:C	20.3
chr14:49586763:A:G	20.4
chr14:49586763:A:T	20.2
chr14:49586764:C:A	21.1
chr14:49586764:C:G	21.2
chr14:49586764:C:T	21.3
chr14:49586765:C:A	20.5
chr14:49586765:C:G	20.5
chr14:49586765:C:T	20.6
chr14:49586766:G:A	20.5
chr14:49586766:G:C	20.3
chr14:49586766:G:T	20.2
chr14:49586767:G:A	21.1
chr14:49586767:G:C	20.9
chr14:49586767:G:T	20.8
chr14:49586768:C:A	21.0
chr14:49586768:C:G	21.2
chr14:49586768:C:T	21.3
chr14:49586769:C:A	20.3
chr14:49586769:C:G	20.3
chr14:49586769:C:T	20.5
chr14:49586770:C:A	21.1
chr14:49586770:C:G	21.1
chr14:49586770:C:T	21.4
chr14:49586771:A:C	20.5
chr14:49586771:A:G	20.7
chr14:49586771:A:T	20.4
chr14:49586772:G:A	21.2
chr14:49586772:G:C	21.1
chr14:49586772:G:T	21.0
chr14:49586773:G:A	19.06
chr14:49586773:G:C	18.86
chr14:49586773:G:T	18.8
chr14:49586774:T:A	19.08
chr14:49586774:T:C	19.3
chr14:49586774:T:G	19.16
chr14:49586775:C:A	21.5
chr14:49586775:C:G	21.5
chr14:49586775:C:T	21.5
chr14:49586776:G:A	20.9
chr14:49586776:G:C	20.5
chr14:49586776:G:T	20.4
chr14:49586777:G:A	21.3
chr14:49586777:G:C	21.2
chr14:49586777:G:T	21.3
chr14:49586778:A:C	18.88
chr14:49586778:A:G	19.12
chr14:49586778:A:T	19.09
chr14:49586779:A:C	18.12
chr14:49586779:A:G	18.11
chr14:49586779:A:T	17.98
chr14:49586780:A:C	18.69
chr14:49586780:A:G	18.82
chr14:49586780:A:T	18.73
chr14:49586781:C:A	21.1
chr14:49586781:C:G	21.4
chr14:49586781:C:T	21.3
chr14:49586782:G:A	20.3
chr14:49586782:G:C	19.82
chr14:49586782:G:T	19.85
chr14:49586783:G:A	21.1
chr14:49586783:G:C	21.0
chr14:49586783:G:T	21.2
chr14:49586784:A:C	20.5
chr14:49586784:A:G	21.1
chr14:49586784:A:T	20.7
chr14:49586785:G:A	21.0
chr14:49586785:G:C	20.9
chr14:49586785:G:T	20.8
chr14:49586786:C:A	21.0
chr14:49586786:C:G	21.0
chr14:49586786:C:T	21.4
chr14:49586787:A:C	20.4
chr14:49586787:A:G	20.7
chr14:49586787:A:T	20.3
chr14:49586788:G:A	19.34
chr14:49586788:G:C	19.15
chr14:49586788:G:T	19.05
chr14:49586789:G:A	19.55
chr14:49586789:G:C	19.35
chr14:49586789:G:T	19.27
chr14:49586790:T:A	20.2
chr14:49586790:T:C	20.2
chr14:49586790:T:G	20.2
chr14:49586791:C:A	20.3
chr14:49586791:C:G	20.2
chr14:49586791:C:T	20.5
chr14:49586792:A:C	20.3
chr14:49586792:A:G	20.3
chr14:49586792:A:T	20.3
chr14:49586793:A:C	19.72
chr14:49586793:A:G	19.85
chr14:49586793:A:T	19.82
chr14:49586794:A:C	19.37
chr14:49586794:A:G	19.48
chr14:49586794:A:T	19.39
chr14:49586795:A:C	17.27
chr14:49586795:A:G	17.42
chr14:49586795:A:T	17.22
chr14:49586796:C:A	21.2
chr14:49586796:C:G	21.3
chr14:49586796:C:T	21.4
chr14:49586797:T:A	20.6
chr14:49586797:T:C	20.9
chr14:49586797:T:G	20.6
chr14:49586798:C:A	21.2
chr14:49586798:C:G	21.3
chr14:49586798:C:T	21.4
chr14:49586799:C:A	21.2
chr14:49586799:C:G	21.3
chr14:49586799:C:T	21.6
chr14:49586800:C:A	21.2
chr14:49586800:C:G	21.5
chr14:49586800:C:T	21.5
chr14:49586801:G:A	20.3
chr14:49586801:G:C	20.2
chr14:49586801:G:T	19.97
chr14:49586802:T:A	19.43
chr14:49586802:T:C	19.56
chr14:49586802:T:G	19.45
chr14:49586803:G:A	20.4
chr14:49586803:G:C	20.1
chr14:49586803:G:T	20.2
chr14:49586804:C:A	21.0
chr14:49586804:C:G	21.0
chr14:49586804:C:T	21.3
chr14:49586805:T:A	19.53
chr14:49586805:T:C	19.63
chr14:49586805:T:G	19.52
chr14:49586806:G:A	21.3
chr14:49586806:G:C	21.1
chr14:49586806:G:T	21.2
chr14:49586807:A:C	20.5
chr14:49586807:A:G	20.6
chr14:49586807:A:T	20.5
chr14:49586808:T:A	19.44
chr14:49586808:T:C	19.88
chr14:49586808:T:G	19.52
chr14:49586809:C:A	21.2
chr14:49586809:C:G	21.2
chr14:49586809:C:T	21.5
chr14:49586810:A:C	18.66
chr14:49586810:A:G	18.76
chr14:49586810:A:T	18.57
chr14:49586811:G:A	20.1
chr14:49586811:G:C	19.83
chr14:49586811:G:T	19.86
chr14:49586812:T:A	18.62
chr14:49586812:T:C	18.86
chr14:49586812:T:G	18.66
chr14:49586813:A:C	18.81
chr14:49586813:A:G	18.98
chr14:49586813:A:T	18.75
chr14:49586814:G:A	19.83
chr14:49586814:G:C	19.68
chr14:49586814:G:T	19.63
chr14:49586815:T:A	19.32
chr14:49586815:T:C	19.42
chr14:49586815:T:G	19.84
chr14:49586816:G:A	19.51
chr14:49586816:G:C	19.19
chr14:49586816:G:T	19.11
chr14:49586817:G:A	19.8
chr14:49586817:G:C	19.6
chr14:49586817:G:T	19.6
chr14:49586818:G:A	20.9
chr14:49586818:G:C	20.8
chr14:49586818:G:T	20.8
chr14:49586819:A:C	19.54
chr14:49586819:A:G	19.76
chr14:49586819:A:T	19.61
chr14:49586820:T:A	18.45
chr14:49586820:T:C	18.64
chr14:49586820:T:G	18.64
chr14:49586821:C:A	20.2
chr14:49586821:C:G	20.3
chr14:49586821:C:T	20.4
chr14:49586822:G:A	20.4
chr14:49586822:G:C	20.3
chr14:49586822:G:T	20.2
chr14:49586823:C:A	21.1
chr14:49586823:C:G	21.4
chr14:49586823:C:T	21.4
chr14:49586824:G:A	20.3
chr14:49586824:G:C	20.2
chr14:49586824:G:T	19.79
chr14:49586825:C:A	19.21
chr14:49586825:C:G	19.25
chr14:49586825:C:T	19.51
chr14:49586826:C:A	20.3
chr14:49586826:C:G	20.4
chr14:49586826:C:T	20.6
chr14:49586827:T:A	19.23
chr14:49586827:T:C	19.64
chr14:49586827:T:G	19.28
chr14:49586828:G:A	20.5
chr14:49586828:G:C	20.2
chr14:49586828:G:T	20.4
chr14:49586829:T:A	20.3
chr14:49586829:T:C	20.5
chr14:49586829:T:G	20.4
chr14:49586830:G:A	21.1
chr14:49586830:G:C	20.8
chr14:49586830:G:T	21.0
chr14:49586831:A:C	20.3
chr14:49586831:A:G	20.3
chr14:49586831:A:T	20.4
chr14:49586832:A:C	20.4
chr14:49586832:A:G	20.6
chr14:49586832:A:T	20.4
chr14:49586833:T:A	18.86
chr14:49586833:T:C	19.27
chr14:49586833:T:G	19.04
chr14:49586834:A:C	20.2
chr14:49586834:A:G	20.3
chr14:49586834:A:T	19.99
chr14:49586835:G:A	20.8
chr14:49586835:G:C	20.7
chr14:49586835:G:T	20.6
chr14:49586836:C:A	18.34
chr14:49586836:C:G	18.45
chr14:49586836:C:T	18.62
chr14:49586837:C:A	20.6
chr14:49586837:C:G	20.7
chr14:49586837:C:T	20.9
chr14:49586838:A:C	19.34
chr14:49586838:A:G	19.33
chr14:49586838:A:T	19.13
chr14:49586839:C:A	20.1
chr14:49586839:C:G	19.98
chr14:49586839:C:T	20.4
chr14:49586840:T:A	18.46
chr14:49586840:T:C	18.68
chr14:49586840:T:G	18.52
chr14:49586841:G:A	19.09
chr14:49586841:G:C	18.77
chr14:49586841:G:T	18.78
chr14:49586842:C:A	14.76
chr14:49586842:C:G	14.83
chr14:49586842:C:T	15.33
chr14:49586843:A:C	18.63
chr14:49586843:A:G	18.72
chr14:49586843:A:T	18.57
chr14:49586844:C:A	20.6
chr14:49586844:C:G	20.7
chr14:49586844:C:T	21.1
chr14:49586845:T:A	20.0
chr14:49586845:T:C	20.5
chr14:49586845:T:G	20.1
chr14:49586846:C:A	20.7
chr14:49586846:C:G	20.8
chr14:49586846:C:T	20.9
chr14:49586847:C:A	20.8
chr14:49586847:C:G	20.9
chr14:49586847:C:T	21.3
chr14:49586848:A:C	20.3
chr14:49586848:A:G	20.3
chr14:49586848:A:T	20.1
chr14:49586849:G:A	20.8
chr14:49586849:G:C	20.7
chr14:49586849:G:T	20.6
chr14:49586850:C:A	20.7
chr14:49586850:C:G	20.9
chr14:49586850:C:T	21.0
chr14:49586851:C:A	20.6
chr14:49586851:C:G	20.6
chr14:49586851:C:T	21.0
chr14:49586852:T:A	20.1
chr14:49586852:T:C	20.2
chr14:49586852:T:G	20.1
chr14:49586853:G:A	20.8
chr14:49586853:G:C	20.5
chr14:49586853:G:T	20.3
chr14:49586854:G:A	19.2
chr14:49586854:G:C	19.09
chr14:49586854:G:T	18.99
chr14:49586855:G:A	18.75
chr14:49586855:G:C	18.49
chr14:49586855:G:T	18.49
chr14:49586856:C:A	19.39
chr14:49586856:C:G	19.32
chr14:49586856:C:T	19.83
chr14:49586857:A:C	18.3
chr14:49586857:A:G	18.37
chr14:49586857:A:T	18.28
chr14:49586858:A:C	18.38
chr14:49586858:A:G	18.5
chr14:49586858:A:T	18.44
chr14:49586859:C:A	14.3
chr14:49586859:C:G	14.21
chr14:49586859:C:T	14.68
chr14:49586860:A:C	18.44
chr14:49586860:A:G	18.57
chr14:49586860:A:T	18.5
chr14:49586861:T:A	16.49
chr14:49586861:T:C	17.15
chr14:49586861:T:G	16.67
chr14:49586862:A:C	18.99
chr14:49586862:A:G	19.09
chr14:49586862:A:T	18.91
chr14:49586863:G:A	19.64
chr14:49586863:G:C	19.46
chr14:49586863:G:T	19.38
chr14:49586864:C:A	16.48
chr14:49586864:C:G	16.51
chr14:49586864:C:T	16.88
chr14:49586865:G:A	19.36
chr14:49586865:G:C	19.15
chr14:49586865:G:T	19.4
chr14:49586866:A:C	20.2
chr14:49586866:A:G	20.2
chr14:49586866:A:T	20.2
chr14:49586867:G:A	20.9
chr14:49586867:G:C	20.7
chr14:49586867:G:T	20.8
chr14:49586868:A:C	20.2
chr14:49586868:A:G	20.3
chr14:49586868:A:T	20.2
chr14:49586869:C:A	21.0
chr14:49586869:C:G	20.8
chr14:49586869:C:T	21.0
chr14:49586870:C:A	19.11
chr14:49586870:C:G	19.16
chr14:49586870:C:T	19.35
chr14:49586871:C:A	19.62
chr14:49586871:C:G	19.76
chr14:49586871:C:T	19.88
chr14:49586872:C:A	6.647
chr14:49586872:C:G	6.666
chr14:49586872:C:T	7.659
chr14:49586873:G:A	18.1
chr14:49586873:G:C	18.01
chr14:49586873:G:T	17.45
chr14:49586874:T:A	17.4
chr14:49586874:T:C	17.83
chr14:49586874:T:G	17.45
chr14:49586875:C:A	19.79
chr14:49586875:C:G	20.2
chr14:49586875:C:T	20.2
chr14:49586876:T:A	19.89
chr14:49586876:T:C	20.4
chr14:49586876:T:G	19.98
chr14:49586877:C:A	19.2
chr14:49586877:C:G	19.08
chr14:49586877:C:T	19.17
chr14:49586878:T:A	17.67
chr14:49586878:T:C	17.79
chr14:49586878:T:G	17.67
chr14:49862550:A:C	19.8
chr14:49862550:A:G	19.86
chr14:49862550:A:T	19.88
chr14:49862551:A:C	19.72
chr14:49862551:A:G	19.8
chr14:49862551:A:T	19.84
chr14:49862552:G:A	20.7
chr14:49862552:G:C	20.5
chr14:49862552:G:T	20.4
chr14:49862553:A:C	19.74
chr14:49862553:A:G	20.2
chr14:49862553:A:T	19.68
chr14:49862554:G:A	20.6
chr14:49862554:G:C	20.6
chr14:49862554:G:T	20.5
chr14:49862555:A:C	19.8
chr14:49862555:A:G	20.3
chr14:49862555:A:T	19.8
chr14:49862556:C:A	18.64
chr14:49862556:C:G	18.79
chr14:49862556:C:T	18.96
chr14:49862557:G:A	12.38
chr14:49862557:G:C	11.28
chr14:49862557:G:T	11.32
chr14:49862558:G:A	20.5
chr14:49862558:G:C	20.3
chr14:49862558:G:T	20.2
chr14:49862559:G:A	20.6
chr14:49862559:G:C	20.4
chr14:49862559:G:T	20.3
chr14:49862560:G:A	20.5
chr14:49862560:G:C	20.3
chr14:49862560:G:T	20.5
chr14:49862561:T:A	19.95
chr14:49862561:T:C	20.1
chr14:49862561:T:G	19.85
chr14:49862562:C:A	20.7
chr14:49862562:C:G	20.7
chr14:49862562:C:T	20.9
chr14:49862563:T:A	19.85
chr14:49862563:T:C	19.86
chr14:49862563:T:G	19.88
chr14:49862564:C:A	21.0
chr14:49862564:C:G	20.8
chr14:49862564:C:T	21.1
chr14:49862565:G:A	18.58
chr14:49862565:G:C	18.09
chr14:49862565:G:T	18.15
chr14:49862566:C:A	20.5
chr14:49862566:C:G	20.6
chr14:49862566:C:T	20.8
chr14:49862567:T:A	20.1
chr14:49862567:T:C	20.3
chr14:49862567:T:G	20.1
chr14:49862568:A:C	17.65
chr14:49862568:A:G	17.93
chr14:49862568:A:T	17.6
chr14:49862569:T:A	20.1
chr14:49862569:T:C	20.3
chr14:49862569:T:G	19.99
chr14:49862570:G:A	17.43
chr14:49862570:G:C	16.9
chr14:49862570:G:T	17.12
chr14:49862571:T:A	19.95
chr14:49862571:T:C	20.2
chr14:49862571:T:G	19.99
chr14:49862572:T:A	19.89
chr14:49862572:T:C	20.1
chr14:49862572:T:G	19.94
chr14:49862573:G:A	20.9
chr14:49862573:G:C	20.4
chr14:49862573:G:T	20.5
chr14:49862574:C:A	18.71
chr14:49862574:C:G	18.78
chr14:49862574:C:T	18.85
chr14:49862575:T:A	18.73
chr14:49862575:T:C	18.95
chr14:49862575:T:G	18.71
chr14:49862576:C:A	20.8
chr14:49862576:C:G	20.5
chr14:49862576:C:T	21.0
chr14:49862577:A:C	19.79
chr14:49862577:A:G	19.97
chr14:49862577:A:T	19.67
chr14:49862578:G:A	20.7
chr14:49862578:G:C	20.4
chr14:49862578:G:T	20.4
chr14:49862579:G:A	20.6
chr14:49862579:G:C	20.4
chr14:49862579:G:T	20.3
chr14:49862580:C:A	20.5
chr14:49862580:C:G	20.7
chr14:49862580:C:T	20.8
chr14:49862581:T:A	19.78
chr14:49862581:T:C	19.93
chr14:49862581:T:G	19.97
chr14:49862582:G:A	19.86
chr14:49862582:G:C	19.35
chr14:49862582:G:T	19.3
chr14:49862583:G:A	19.56
chr14:49862583:G:C	19.41
chr14:49862583:G:T	19.33
chr14:49862584:A:C	19.87
chr14:49862584:A:G	20.2
chr14:49862584:A:T	19.9
chr14:49862585:G:A	20.9
chr14:49862585:G:C	20.3
chr14:49862585:G:T	20.3
chr14:49862586:T:A	19.77
chr14:49862586:T:C	19.97
chr14:49862586:T:G	19.88
chr14:49862587:G:A	15.0
chr14:49862587:G:C	14.63
chr14:49862587:G:T	14.48
chr14:49862588:C:A	20.4
chr14:49862588:C:G	20.4
chr14:49862588:C:T	20.7
chr14:49862589:A:C	19.76
chr14:49862589:A:G	19.96
chr14:49862589:A:T	19.75
chr14:49862590:G:A	19.77
chr14:49862590:G:C	19.43
chr14:49862590:G:T	19.5
chr14:49862591:T:A	19.8
chr14:49862591:T:C	20.0
chr14:49862591:T:G	19.99
chr14:49862592:G:A	20.6
chr14:49862592:G:C	20.4
chr14:49862592:G:T	20.4
chr14:49862593:G:A	18.2
chr14:49862593:G:C	18.07
chr14:49862593:G:T	17.94
chr14:49862594:C:A	20.5
chr14:49862594:C:G	20.6
chr14:49862594:C:T	20.8
chr14:49862595:T:A	19.78
chr14:49862595:T:C	19.99
chr14:49862595:T:G	19.86
chr14:49862596:A:C	19.99
chr14:49862596:A:G	20.3
chr14:49862596:A:T	19.93
chr14:49862597:T:A	19.97
chr14:49862597:T:C	20.4
chr14:49862597:T:G	20.2
chr14:49862598:T:A	20.2
chr14:49862598:T:C	20.1
chr14:49862598:T:G	19.98
chr14:49862599:C:A	20.8
chr14:49862599:C:G	20.6
chr14:49862599:C:T	20.9
chr14:49862600:A:C	19.74
chr14:49862600:A:G	19.82
chr14:49862600:A:T	19.63
chr14:49862601:C:A	20.7
chr14:49862601:C:G	20.5
chr14:49862601:C:T	20.8
chr14:49862602:A:C	19.6
chr14:49862602:A:G	19.9
chr14:49862602:A:T	19.56
chr14:49862603:G:A	20.2
chr14:49862603:G:C	19.86
chr14:49862603:G:T	19.78
chr14:49862604:G:A	19.67
chr14:49862604:G:C	19.45
chr14:49862604:G:T	19.41
chr14:49862605:C:A	20.2
chr14:49862605:C:G	20.5
chr14:49862605:C:T	20.7
chr14:49862606:G:A	19.89
chr14:49862606:G:C	19.94
chr14:49862606:G:T	19.66
chr14:49862607:C:A	20.1
chr14:49862607:C:G	20.2
chr14:49862607:C:T	20.5
chr14:49862608:G:A	19.93
chr14:49862608:G:C	19.64
chr14:49862608:G:T	19.73
chr14:49862609:A:C	17.3
chr14:49862609:A:G	17.33
chr14:49862609:A:T	17.09
chr14:49862610:T:A	19.77
chr14:49862610:T:C	19.95
chr14:49862610:T:G	19.72
chr14:49862611:C:A	20.3
chr14:49862611:C:G	20.3
chr14:49862611:C:T	20.5
chr14:49862612:C:A	19.86
chr14:49862612:C:G	19.91
chr14:49862612:C:T	20.1
chr14:49862613:C:A	20.3
chr14:49862613:C:G	20.4
chr14:49862613:C:T	20.7
chr14:49862614:A:C	20.5
chr14:49862614:A:G	19.94
chr14:49862614:A:T	19.94
chr14:49862615:C:A	20.5
chr14:49862615:C:G	20.6
chr14:49862615:C:T	20.8
chr14:49862616:T:A	19.87
chr14:49862616:T:C	20.2
chr14:49862616:T:G	19.91
chr14:49862617:A:C	19.93
chr14:49862617:A:G	20.2
chr14:49862617:A:T	19.88
chr14:49862618:C:A	20.6
chr14:49862618:C:G	20.7
chr14:49862618:C:T	20.9
chr14:49862619:T:A	19.73
chr14:49862619:T:C	20.1
chr14:49862619:T:G	19.85
chr14:49862620:G:A	20.8
chr14:49862620:G:C	20.4
chr14:49862620:G:T	20.6
chr14:49862621:A:C	19.8
chr14:49862621:A:G	20.2
chr14:49862621:A:T	19.79
chr14:49862622:T:A	20.1
chr14:49862622:T:C	20.3
chr14:49862622:T:G	19.95
chr14:49862623:C:A	20.9
chr14:49862623:C:G	20.6
chr14:49862623:C:T	21.0
chr14:49862624:A:C	19.89
chr14:49862624:A:G	20.1
chr14:49862624:A:T	19.93
chr14:49862625:G:A	20.8
chr14:49862625:G:C	20.5
chr14:49862625:G:T	20.5
chr14:49862626:C:A	20.7
chr14:49862626:C:G	20.7
chr14:49862626:C:T	20.9
chr14:49862627:A:C	20.1
chr14:49862627:A:G	20.3
chr14:49862627:A:T	20.1
chr14:49862628:C:A	20.9
chr14:49862628:C:G	21.0
chr14:49862628:C:T	21.2
chr14:49862629:G:A	19.91
chr14:49862629:G:C	19.57
chr14:49862629:G:T	19.48
chr14:49862630:G:A	21.0
chr14:49862630:G:C	20.9
chr14:49862630:G:T	20.8
chr14:49862631:G:A	19.79
chr14:49862631:G:C	19.61
chr14:49862631:G:T	19.55
chr14:49862632:A:C	20.1
chr14:49862632:A:G	20.5
chr14:49862632:A:T	20.2
chr14:49862633:G:A	21.0
chr14:49862633:G:C	20.9
chr14:49862633:G:T	20.7
chr14:49862634:T:A	18.14
chr14:49862634:T:C	18.32
chr14:49862634:T:G	18.18
chr14:49862635:T:A	20.2
chr14:49862635:T:C	20.3
chr14:49862635:T:G	20.3
chr14:49862636:T:A	20.3
chr14:49862636:T:C	20.5
chr14:49862636:T:G	20.2
chr14:49862637:T:A	19.48
chr14:49862637:T:C	19.48
chr14:49862637:T:G	19.46
chr14:49862638:G:A	21.2
chr14:49862638:G:C	21.0
chr14:49862638:G:T	21.0
chr14:49862639:A:C	20.5
chr14:49862639:A:G	20.5
chr14:49862639:A:T	20.4
chr14:49862640:C:A	20.8
chr14:49862640:C:G	20.9
chr14:49862640:C:T	21.1
chr14:49862641:C:A	20.8
chr14:49862641:C:G	21.0
chr14:49862641:C:T	21.1
chr14:49862642:T:A	20.2
chr14:49862642:T:C	20.5
chr14:49862642:T:G	20.2
chr14:49862643:G:A	21.2
chr14:49862643:G:C	20.7
chr14:49862643:G:T	20.7
chr14:49862644:C:A	20.8
chr14:49862644:C:G	20.8
chr14:49862644:C:T	21.1
chr14:49862645:T:A	20.5
chr14:49862645:T:C	20.9
chr14:49862645:T:G	20.3
chr14:49862646:C:A	21.1
chr14:49862646:C:G	21.0
chr14:49862646:C:T	21.1
chr14:49862647:C:A	19.98
chr14:49862647:C:G	19.93
chr14:49862647:C:T	20.5
chr14:49862648:G:A	20.3
chr14:49862648:G:C	20.4
chr14:49862648:G:T	19.82
chr14:49862649:T:A	20.3
chr14:49862649:T:C	20.4
chr14:49862649:T:G	20.3
chr14:49862650:T:A	17.97
chr14:49862650:T:C	17.98
chr14:49862650:T:G	17.93
chr14:49862651:T:A	19.81
chr14:49862651:T:C	19.79
chr14:49862651:T:G	19.6
chr14:49862652:C:A	20.4
chr14:49862652:C:G	20.3
chr14:49862652:C:T	20.5
chr14:49862653:C:A	19.94
chr14:49862653:C:G	19.97
chr14:49862653:C:T	20.4
chr14:49862654:G:A	20.5
chr14:49862654:G:C	20.5
chr14:49862654:G:T	20.4
chr14:49862655:A:C	19.49
chr14:49862655:A:G	19.6
chr14:49862655:A:T	19.4
chr14:49862656:C:A	21.0
chr14:49862656:C:G	21.0
chr14:49862656:C:T	21.2
chr14:49862657:C:A	20.8
chr14:49862657:C:G	20.8
chr14:49862657:C:T	20.9
chr14:49862658:T:A	20.2
chr14:49862658:T:C	20.4
chr14:49862658:T:G	20.3
chr14:49862659:G:A	20.9
chr14:49862659:G:C	20.6
chr14:49862659:G:T	20.6
chr14:49862660:G:A	19.65
chr14:49862660:G:C	19.5
chr14:49862660:G:T	19.43
chr14:49862661:G:A	20.6
chr14:49862661:G:C	20.6
chr14:49862661:G:T	20.4
chr14:49862662:C:A	20.6
chr14:49862662:C:G	20.7
chr14:49862662:C:T	20.8
chr14:49862663:C:A	19.18
chr14:49862663:C:G	19.26
chr14:49862663:C:T	19.52
chr14:49862664:G:A	21.0
chr14:49862664:G:C	20.9
chr14:49862664:G:T	20.8
chr14:49862665:G:A	20.8
chr14:49862665:G:C	20.6
chr14:49862665:G:T	20.5
chr14:49862666:T:A	18.88
chr14:49862666:T:C	19.13
chr14:49862666:T:G	18.93
chr14:49862667:T:A	19.44
chr14:49862667:T:C	19.54
chr14:49862667:T:G	19.48
chr14:49862668:C:A	21.1
chr14:49862668:C:G	20.8
chr14:49862668:C:T	21.2
chr14:49862669:A:C	19.08
chr14:49862669:A:G	18.85
chr14:49862669:A:T	18.7
chr14:49862670:C:A	20.8
chr14:49862670:C:G	20.8
chr14:49862670:C:T	21.0
chr14:49862671:C:A	20.7
chr14:49862671:C:G	20.8
chr14:49862671:C:T	21.0
chr14:49862672:C:A	20.7
chr14:49862672:C:G	20.8
chr14:49862672:C:T	21.0
chr14:49862673:C:A	19.63
chr14:49862673:C:G	19.72
chr14:49862673:C:T	19.95
chr14:49862674:T:A	20.5
chr14:49862674:T:C	21.0
chr14:49862674:T:G	20.3
chr14:49862675:C:A	21.3
chr14:49862675:C:G	21.1
chr14:49862675:C:T	21.2
chr14:49862676:C:A	20.8
chr14:49862676:C:G	20.8
chr14:49862676:C:T	21.0
chr14:49862677:T:A	20.2
chr14:49862677:T:C	20.7
chr14:49862677:T:G	20.2
chr14:49862678:T:A	20.3
chr14:49862678:T:C	20.4
chr14:49862678:T:G	20.3
chr14:49862679:A:C	20.1
chr14:49862679:A:G	20.3
chr14:49862679:A:T	19.99
chr14:49862680:G:A	20.9
chr14:49862680:G:C	20.9
chr14:49862680:G:T	20.7
chr14:49862681:G:A	21.0
chr14:49862681:G:C	20.9
chr14:49862681:G:T	20.7
chr14:49862682:C:A	20.7
chr14:49862682:C:G	20.9
chr14:49862682:C:T	21.0
chr14:49862683:A:C	20.2
chr14:49862683:A:G	20.3
chr14:49862683:A:T	20.4
chr14:49862684:A:C	20.4
chr14:49862684:A:G	20.4
chr14:49862684:A:T	20.3
chr14:49862685:C:A	20.8
chr14:49862685:C:G	20.7
chr14:49862685:C:T	20.9
chr14:49862686:C:A	20.8
chr14:49862686:C:G	20.8
chr14:49862686:C:T	21.0
chr14:49862687:T:A	19.96
chr14:49862687:T:C	20.4
chr14:49862687:T:G	20.1
chr14:49862688:G:A	20.2
chr14:49862688:G:C	19.54
chr14:49862688:G:T	19.49
chr14:49862689:G:A	20.7
chr14:49862689:G:C	20.5
chr14:49862689:G:T	20.5
chr14:49862690:T:A	19.82
chr14:49862690:T:C	20.1
chr14:49862690:T:G	20.1
chr14:49862691:G:A	20.8
chr14:49862691:G:C	20.5
chr14:49862691:G:T	20.5
chr14:49862692:G:A	19.19
chr14:49862692:G:C	19.01
chr14:49862692:G:T	18.92
chr14:49862693:T:A	13.21
chr14:49862693:T:C	13.46
chr14:49862693:T:G	12.9
chr14:49862694:C:A	18.75
chr14:49862694:C:G	18.76
chr14:49862694:C:T	19.03
chr14:49862695:C:A	18.69
chr14:49862695:C:G	18.71
chr14:49862695:C:T	19.34
chr14:49862696:C:A	18.15
chr14:49862696:C:G	18.22
chr14:49862696:C:T	18.41
chr14:49862697:C:A	20.2
chr14:49862697:C:G	20.3
chr14:49862697:C:T	20.6
chr14:49862698:C:A	20.4
chr14:49862698:C:G	20.4
chr14:49862698:C:T	20.6
chr14:49862699:G:A	20.4
chr14:49862699:G:C	20.6
chr14:49862699:G:T	19.86
chr14:49862700:C:A	20.7
chr14:49862700:C:G	20.9
chr14:49862700:C:T	21.0
chr14:49862701:T:A	20.5
chr14:49862701:T:C	20.9
chr14:49862701:T:G	20.3
chr14:49862702:C:A	20.9
chr14:49862702:C:G	20.8
chr14:49862702:C:T	21.0
chr14:49862703:C:A	19.92
chr14:49862703:C:G	19.7
chr14:49862703:C:T	20.1
chr14:49862704:C:A	20.3
chr14:49862704:C:G	20.6
chr14:49862704:C:T	20.7
chr14:49862705:G:A	21.1
chr14:49862705:G:C	20.8
chr14:49862705:G:T	20.6
chr14:49862706:G:A	20.9
chr14:49862706:G:C	20.6
chr14:49862706:G:T	20.5
chr14:49862707:G:A	18.42
chr14:49862707:G:C	18.2
chr14:49862707:G:T	18.15
chr14:49862708:A:C	17.82
chr14:49862708:A:G	18.08
chr14:49862708:A:T	17.91
chr14:49862709:G:A	19.12
chr14:49862709:G:C	18.63
chr14:49862709:G:T	18.67
chr14:49862710:G:A	21.0
chr14:49862710:G:C	20.8
chr14:49862710:G:T	20.6
chr14:49862711:T:A	20.3
chr14:49862711:T:C	20.3
chr14:49862711:T:G	20.3
chr14:49862712:C:A	21.0
chr14:49862712:C:G	20.9
chr14:49862712:C:T	21.3
chr14:49862713:A:C	20.5
chr14:49862713:A:G	20.3
chr14:49862713:A:T	20.3
chr14:49862714:C:A	20.9
chr14:49862714:C:G	20.8
chr14:49862714:C:T	21.0
chr14:49862715:C:A	21.0
chr14:49862715:C:G	20.9
chr14:49862715:C:T	21.4
chr14:49862716:A:C	20.7
chr14:49862716:A:G	20.5
chr14:49862716:A:T	20.3
chr14:49862717:T:A	20.3
chr14:49862717:T:C	20.4
chr14:49862717:T:G	20.2
chr14:49862718:A:C	20.4
chr14:49862718:A:G	20.6
chr14:49862718:A:T	20.2
chr14:49862719:T:A	20.2
chr14:49862719:T:C	20.6
chr14:49862719:T:G	20.2
chr14:49862720:T:A	20.3
chr14:49862720:T:C	20.3
chr14:49862720:T:G	20.3
chr14:49862721:G:A	21.1
chr14:49862721:G:C	20.7
chr14:49862721:G:T	20.8
chr14:49862722:A:C	20.3
chr14:49862722:A:G	20.4
chr14:49862722:A:T	20.2
chr14:49862723:T:A	19.45
chr14:49862723:T:C	19.6
chr14:49862723:T:G	19.54
chr14:49862724:G:A	21.3
chr14:49862724:G:C	20.9
chr14:49862724:G:T	20.8
chr14:49862725:C:A	19.61
chr14:49862725:C:G	19.71
chr14:49862725:C:T	19.87
chr14:49862726:C:A	20.9
chr14:49862726:C:G	20.9
chr14:49862726:C:T	21.1
chr14:49862727:G:A	20.3
chr14:49862727:G:C	20.2
chr14:49862727:G:T	20.3
chr14:49862728:A:C	20.1
chr14:49862728:A:G	20.1
chr14:49862728:A:T	19.94
chr14:49862729:A:C	20.2
chr14:49862729:A:G	20.1
chr14:49862729:A:T	19.92
chr14:49862730:C:A	20.9
chr14:49862730:C:G	20.8
chr14:49862730:C:T	21.0
chr14:49862731:T:A	19.38
chr14:49862731:T:C	19.58
chr14:49862731:T:G	19.28
chr14:49862732:T:A	20.3
chr14:49862732:T:C	20.4
chr14:49862732:T:G	20.3
chr14:49862733:A:C	20.1
chr14:49862733:A:G	20.3
chr14:49862733:A:T	20.2
chr14:49862734:G:A	20.9
chr14:49862734:G:C	20.7
chr14:49862734:G:T	20.6
chr14:49862735:T:A	20.2
chr14:49862735:T:C	20.4
chr14:49862735:T:G	20.3
chr14:49862736:G:A	21.0
chr14:49862736:G:C	20.7
chr14:49862736:G:T	20.7
chr14:49862737:C:A	20.2
chr14:49862737:C:G	20.3
chr14:49862737:C:T	20.5
chr14:49862738:G:A	20.9
chr14:49862738:G:C	20.8
chr14:49862738:G:T	20.7
chr14:49862739:G:A	21.0
chr14:49862739:G:C	20.9
chr14:49862739:G:T	20.9
chr14:49862740:A:C	20.3
chr14:49862740:A:G	20.3
chr14:49862740:A:T	20.1
chr14:49862741:C:A	21.0
chr14:49862741:C:G	20.9
chr14:49862741:C:T	21.1
chr14:49862742:A:C	20.9
chr14:49862742:A:G	20.4
chr14:49862742:A:T	20.2
chr14:49862743:C:A	21.0
chr14:49862743:C:G	20.9
chr14:49862743:C:T	21.1
chr14:49862744:C:A	19.73
chr14:49862744:C:G	19.73
chr14:49862744:C:T	19.92
chr14:49862745:C:A	20.8
chr14:49862745:C:G	20.9
chr14:49862745:C:T	21.0
chr14:49862746:G:A	20.6
chr14:49862746:G:C	20.6
chr14:49862746:G:T	20.5
chr14:49862747:A:C	19.77
chr14:49862747:A:G	19.85
chr14:49862747:A:T	19.98
chr14:49862748:T:A	19.79
chr14:49862748:T:C	20.1
chr14:49862748:T:G	19.86
chr14:49862749:C:A	20.7
chr14:49862749:C:G	20.9
chr14:49862749:C:T	21.1
chr14:49862750:G:A	20.4
chr14:49862750:G:C	20.3
chr14:49862750:G:T	20.3
chr14:49862751:G:A	20.7
chr14:49862751:G:C	20.5
chr14:49862751:G:T	20.4
chr14:49862752:C:A	20.8
chr14:49862752:C:G	20.7
chr14:49862752:C:T	20.8
chr14:49862753:A:C	20.2
chr14:49862753:A:G	20.2
chr14:49862753:A:T	19.94
chr14:49862754:T:A	18.09
chr14:49862754:T:C	18.39
chr14:49862754:T:G	18.15
chr14:49862755:A:C	19.95
chr14:49862755:A:G	20.2
chr14:49862755:A:T	19.87
chr14:49862756:G:A	20.6
chr14:49862756:G:C	20.3
chr14:49862756:G:T	20.3
chr14:49862757:C:A	20.7
chr14:49862757:C:G	20.7
chr14:49862757:C:T	20.8
chr14:49862758:G:A	18.77
chr14:49862758:G:C	18.73
chr14:49862758:G:T	18.4
chr14:49862759:C:A	20.6
chr14:49862759:C:G	20.6
chr14:49862759:C:T	20.8
chr14:49862760:A:C	20.2
chr14:49862760:A:G	20.3
chr14:49862760:A:T	19.91
chr14:49862761:C:A	20.7
chr14:49862761:C:G	20.8
chr14:49862761:C:T	20.9
chr14:49862762:T:A	17.0
chr14:49862762:T:C	17.32
chr14:49862762:T:G	17.04
chr14:49862763:A:C	10.01
chr14:49862763:A:G	10.52
chr14:49862763:A:T	9.902
chr14:49862764:C:A	19.78
chr14:49862764:C:G	19.78
chr14:49862764:C:T	20.1
chr14:49862765:A:C	20.2
chr14:49862765:A:G	20.3
chr14:49862765:A:T	19.98
chr14:49862766:G:A	20.9
chr14:49862766:G:C	20.8
chr14:49862766:G:T	20.4
chr14:49862767:C:A	20.8
chr14:49862767:C:G	20.9
chr14:49862767:C:T	21.1
chr14:49862768:C:A	20.7
chr14:49862768:C:G	20.9
chr14:49862768:C:T	21.0
chr14:49862769:C:A	20.7
chr14:49862769:C:G	20.8
chr14:49862769:C:T	21.0
chr14:49862770:A:C	20.2
chr14:49862770:A:G	20.4
chr14:49862770:A:T	20.2
chr14:49862771:G:A	20.9
chr14:49862771:G:C	20.7
chr14:49862771:G:T	20.7
chr14:49862772:A:C	20.1
chr14:49862772:A:G	20.4
chr14:49862772:A:T	20.1
chr14:49862773:A:C	20.3
chr14:49862773:A:G	20.3
chr14:49862773:A:T	20.1
chr14:49862774:C:A	20.7
chr14:49862774:C:G	20.8
chr14:49862774:C:T	21.0
chr14:49862775:T:A	20.5
chr14:49862775:T:C	20.9
chr14:49862775:T:G	20.3
chr14:49862776:C:A	21.1
chr14:49862776:C:G	20.8
chr14:49862776:C:T	20.9
chr14:49862777:C:A	20.9
chr14:49862777:C:G	20.8
chr14:49862777:C:T	21.0
chr14:49862778:T:A	20.2
chr14:49862778:T:C	20.5
chr14:49862778:T:G	20.2
chr14:49862779:G:A	21.0
chr14:49862779:G:C	20.7
chr14:49862779:G:T	20.6
chr14:49862780:G:A	17.33
chr14:49862780:G:C	17.13
chr14:49862780:G:T	16.99
chr14:49862781:G:A	14.18
chr14:49862781:G:C	13.97
chr14:49862781:G:T	13.81
chr14:49862782:C:A	20.7
chr14:49862782:C:G	20.8
chr14:49862782:C:T	21.0
chr14:49862783:T:A	19.71
chr14:49862783:T:C	19.87
chr14:49862783:T:G	19.78
chr14:49862784:C:A	21.0
chr14:49862784:C:G	20.8
chr14:49862784:C:T	21.2
chr14:49862785:A:C	20.3
chr14:49862785:A:G	20.4
chr14:49862785:A:T	20.4
chr14:49862786:A:C	20.3
chr14:49862786:A:G	20.5
chr14:49862786:A:T	20.3
chr14:49862787:G:A	20.8
chr14:49862787:G:C	20.7
chr14:49862787:G:T	20.5
chr14:49862788:C:A	20.9
chr14:49862788:C:G	21.0
chr14:49862788:C:T	21.2
chr14:49862789:G:A	21.1
chr14:49862789:G:C	20.8
chr14:49862789:G:T	21.0
chr14:49862790:A:C	20.2
chr14:49862790:A:G	20.2
chr14:49862790:A:T	19.95
chr14:49862791:T:A	19.98
chr14:49862791:T:C	20.5
chr14:49862791:T:G	20.0
chr14:49862792:C:A	20.8
chr14:49862792:C:G	20.8
chr14:49862792:C:T	21.0
chr14:49862793:C:A	20.6
chr14:49862793:C:G	20.6
chr14:49862793:C:T	20.7
chr14:49862794:T:A	20.2
chr14:49862794:T:C	20.7
chr14:49862794:T:G	20.0
chr14:49862795:C:A	20.7
chr14:49862795:C:G	20.6
chr14:49862795:C:T	20.8
chr14:49862796:C:A	20.2
chr14:49862796:C:G	20.4
chr14:49862796:C:T	20.6
chr14:49862797:C:A	1.83
chr14:49862797:C:G	1.968
chr14:49862797:C:T	2.174
chr14:49862798:A:C	16.33
chr14:49862798:A:G	15.85
chr14:49862798:A:T	15.57
chr14:49862799:C:A	14.83
chr14:49862799:C:G	14.96
chr14:49862799:C:T	15.1
chr14:49862800:C:A	20.4
chr14:49862800:C:G	20.5
chr14:49862800:C:T	20.7
chr14:49862801:T:A	20.2
chr14:49862801:T:C	20.9
chr14:49862801:T:G	20.2
chr14:49862802:C:A	21.1
chr14:49862802:C:G	20.9
chr14:49862802:C:T	21.1
chr14:49862803:A:C	20.6
chr14:49862803:A:G	20.3
chr14:49862803:A:T	20.3
chr14:49862804:G:A	21.0
chr14:49862804:G:C	21.3
chr14:49862804:G:T	20.8
chr14:49862805:C:A	20.8
chr14:49862805:C:G	20.9
chr14:49862805:C:T	21.0
chr14:49862806:C:A	20.8
chr14:49862806:C:G	21.0
chr14:49862806:C:T	21.1
chr14:49862807:T:A	20.3
chr14:49862807:T:C	20.7
chr14:49862807:T:G	20.3
chr14:49862808:C:A	21.0
chr14:49862808:C:G	20.8
chr14:49862808:C:T	21.0
chr14:49862809:C:A	20.7
chr14:49862809:C:G	20.9
chr14:49862809:C:T	21.0
chr14:49862810:C:A	20.6
chr14:49862810:C:G	20.8
chr14:49862810:C:T	20.8
chr14:49862811:G:A	15.85
chr14:49862811:G:C	15.43
chr14:49862811:G:T	15.53
chr14:49862812:A:C	15.62
chr14:49862812:A:G	15.56
chr14:49862812:A:T	15.33
chr14:49862813:G:A	20.8
chr14:49862813:G:C	20.8
chr14:49862813:G:T	20.6
chr14:49862814:T:A	18.89
chr14:49862814:T:C	19.19
chr14:49862814:T:G	18.87
chr14:49862815:A:C	20.4
chr14:49862815:A:G	20.4
chr14:49862815:A:T	20.3
chr14:49862816:G:A	21.2
chr14:49862816:G:C	21.1
chr14:49862816:G:T	20.8
chr14:49862817:C:A	21.1
chr14:49862817:C:G	21.1
chr14:49862817:C:T	21.3
chr14:49862818:T:A	20.4
chr14:49862818:T:C	20.5
chr14:49862818:T:G	20.4
chr14:49862819:G:A	20.4
chr14:49862819:G:C	19.97
chr14:49862819:G:T	19.8
chr14:49862820:G:A	21.1
chr14:49862820:G:C	21.0
chr14:49862820:G:T	21.0
chr14:49862821:G:A	21.0
chr14:49862821:G:C	20.7
chr14:49862821:G:T	20.7
chr14:49862822:A:C	20.3
chr14:49862822:A:G	20.4
chr14:49862822:A:T	20.6
chr14:49862823:C:A	18.79
chr14:49862823:C:G	18.85
chr14:49862823:C:T	19.08
chr14:49862824:T:A	20.4
chr14:49862824:T:C	20.5
chr14:49862824:T:G	20.5
chr14:49862825:A:C	20.3
chr14:49862825:A:G	20.4
chr14:49862825:A:T	20.3
chr14:49862826:C:A	21.0
chr14:49862826:C:G	21.0
chr14:49862826:C:T	21.2
chr14:49862827:A:C	20.4
chr14:49862827:A:G	20.5
chr14:49862827:A:T	20.3
chr14:49862828:G:A	21.2
chr14:49862828:G:C	21.1
chr14:49862828:G:T	20.9
chr14:49862829:G:A	21.1
chr14:49862829:G:C	20.7
chr14:49862829:G:T	20.8
chr14:49862830:C:A	21.3
chr14:49862830:C:G	21.3
chr14:49862830:C:T	21.5
chr14:49862831:A:C	16.95
chr14:49862831:A:G	16.89
chr14:49862831:A:T	16.69
chr14:49862832:C:A	19.79
chr14:49862832:C:G	19.99
chr14:49862832:C:T	20.2
chr14:49862833:G:A	21.9
chr14:49862833:G:C	22.0
chr14:49862833:G:T	21.5
chr14:49862834:C:A	21.8
chr14:49862834:C:G	21.9
chr14:49862834:C:T	22.1
chr14:49862835:G:A	21.9
chr14:49862835:G:C	21.4
chr14:49862835:G:T	21.4
chr14:49862836:C:A	21.0
chr14:49862836:C:G	21.1
chr14:49862836:C:T	21.2
chr14:49862837:C:A	21.1
chr14:49862837:C:G	21.1
chr14:49862837:C:T	21.4
chr14:49862838:A:C	20.9
chr14:49862838:A:G	20.5
chr14:49862838:A:T	20.3
chr14:49862839:C:A	20.9
chr14:49862839:C:G	20.9
chr14:49862839:C:T	21.1
chr14:49862840:C:A	21.0
chr14:49862840:C:G	21.0
chr14:49862840:C:T	21.3
chr14:49862841:G:A	14.4
chr14:49862841:G:C	14.76
chr14:49862841:G:T	14.03
chr14:49862842:C:A	21.0
chr14:49862842:C:G	21.2
chr14:49862842:C:T	21.5
chr14:49862843:G:A	19.8
chr14:49862843:G:C	19.7
chr14:49862843:G:T	19.24
chr14:49862844:C:A	19.22
chr14:49862844:C:G	19.49
chr14:49862844:C:T	19.59
chr14:49862845:C:A	20.5
chr14:49862845:C:G	20.6
chr14:49862845:C:T	20.8
chr14:49862846:C:A	20.5
chr14:49862846:C:G	20.5
chr14:49862846:C:T	20.8
chr14:49862847:G:A	20.9
chr14:49862847:G:C	20.5
chr14:49862847:G:T	20.5
chr14:49862848:G:A	20.6
chr14:49862848:G:C	20.3
chr14:49862848:G:T	20.3
chr14:49862849:C:A	19.75
chr14:49862849:C:G	20.4
chr14:49862849:C:T	20.4
chr15:65296051:A:C	9.22
chr15:65296051:A:G	9.343
chr15:65296051:A:T	11.59
chr15:65296052:T:A	13.42
chr15:65296052:T:C	13.96
chr15:65296052:T:G	13.46
chr15:65296053:A:C	8.939
chr15:65296053:A:G	9.35
chr15:65296053:A:T	8.907
chr15:65296054:C:A	16.56
chr15:65296054:C:G	16.84
chr15:65296054:C:T	16.79
chr15:65296055:T:A	14.56
chr15:65296055:T:C	14.88
chr15:65296055:T:G	14.64
chr15:65296056:C:A	14.21
chr15:65296056:C:G	14.18
chr15:65296056:C:T	14.67
chr15:65296057:T:A	14.27
chr15:65296057:T:C	14.48
chr15:65296057:T:G	14.55
chr15:65296058:G:A	14.02
chr15:65296058:G:C	12.52
chr15:65296058:G:T	13.13
chr15:65296059:G:A	17.72
chr15:65296059:G:C	17.45
chr15:65296059:G:T	16.7
chr15:65296060:T:A	17.15
chr15:65296060:T:C	17.29
chr15:65296060:T:G	16.21
chr15:65296061:T:A	17.2
chr15:65296061:T:C	17.34
chr15:65296061:T:G	17.28
chr15:65296062:T:A	17.33
chr15:65296062:T:C	17.42
chr15:65296062:T:G	17.31
chr15:65296063:C:A	15.86
chr15:65296063:C:G	15.81
chr15:65296063:C:T	16.06
chr15:65296064:T:A	16.36
chr15:65296064:T:C	16.76
chr15:65296064:T:G	16.49
chr15:65296065:C:A	18.64
chr15:65296065:C:G	18.62
chr15:65296065:C:T	18.98
chr15:65296066:T:A	16.65
chr15:65296066:T:C	16.73
chr15:65296066:T:G	16.61
chr15:65296067:T:A	17.42
chr15:65296067:T:C	17.56
chr15:65296067:T:G	17.47
chr15:65296068:C:A	18.68
chr15:65296068:C:G	18.37
chr15:65296068:C:T	19.68
chr15:65296069:A:C	17.51
chr15:65296069:A:G	17.64
chr15:65296069:A:T	17.37
chr15:65296070:G:A	8.895
chr15:65296070:G:C	8.224
chr15:65296070:G:T	9.17
chr15:65296071:A:C	16.11
chr15:65296071:A:G	16.07
chr15:65296071:A:T	16.26
chr15:65296072:T:A	12.85
chr15:65296072:T:C	13.18
chr15:65296072:T:G	12.95
chr15:65296073:C:A	16.29
chr15:65296073:C:G	15.41
chr15:65296073:C:T	15.91
chr15:65296074:G:A	17.84
chr15:65296074:G:C	17.59
chr15:65296074:G:T	17.37
chr15:65296075:C:A	0.657
chr15:65296075:C:G	0.686
chr15:65296075:C:T	1.419
chr15:65296076:A:C	16.33
chr15:65296076:A:G	16.68
chr15:65296076:A:T	16.6
chr15:65296077:T:A	15.76
chr15:65296077:T:C	15.97
chr15:65296077:T:G	15.8
chr15:65296078:A:C	17.52
chr15:65296078:A:G	17.7
chr15:65296078:A:T	17.65
chr15:65296079:A:C	17.62
chr15:65296079:A:G	17.62
chr15:65296079:A:T	17.74
chr15:65296080:A:C	16.06
chr15:65296080:A:G	16.14
chr15:65296080:A:T	16.05
chr15:65296081:T:A	17.35
chr15:65296081:T:C	17.59
chr15:65296081:T:G	17.5
chr15:65296082:C:A	18.44
chr15:65296082:C:G	18.14
chr15:65296082:C:T	18.63
chr15:65296083:T:A	17.65
chr15:65296083:T:C	17.95
chr15:65296083:T:G	17.75
chr15:65296084:T:A	17.7
chr15:65296084:T:C	17.83
chr15:65296084:T:G	17.66
chr15:65296085:T:A	17.85
chr15:65296085:T:C	17.78
chr15:65296085:T:G	17.69
chr15:65296086:C:A	18.12
chr15:65296086:C:G	17.1
chr15:65296086:C:T	17.96
chr15:65296087:G:A	18.94
chr15:65296087:G:C	19.12
chr15:65296087:G:T	18.65
chr15:65296088:C:A	17.37
chr15:65296088:C:G	17.31
chr15:65296088:C:T	17.72
chr15:65296089:C:A	17.25
chr15:65296089:C:G	17.2
chr15:65296089:C:T	17.78
chr15:65296090:T:A	16.61
chr15:65296090:T:C	16.91
chr15:65296090:T:G	16.61
chr15:65296091:T:A	17.48
chr15:65296091:T:C	17.6
chr15:65296091:T:G	17.49
chr15:65296092:T:A	15.12
chr15:65296092:T:C	16.73
chr15:65296092:T:G	16.67
chr15:65296093:T:A	17.7
chr15:65296093:T:C	17.91
chr15:65296093:T:G	17.78
chr15:65296094:A:C	17.69
chr15:65296094:A:G	17.83
chr15:65296094:A:T	17.63
chr15:65296095:C:A	18.77
chr15:65296095:C:G	19.1
chr15:65296095:C:T	19.12
chr15:65296096:T:A	17.73
chr15:65296096:T:C	17.88
chr15:65296096:T:G	17.71
chr15:65296097:A:C	17.38
chr15:65296097:A:G	17.58
chr15:65296097:A:T	17.65
chr15:65296098:A:C	17.8
chr15:65296098:A:G	17.93
chr15:65296098:A:T	18.61
chr15:65296099:A:C	17.91
chr15:65296099:A:G	17.93
chr15:65296099:A:T	18.13
chr15:65296100:G:A	19.3
chr15:65296100:G:C	19.05
chr15:65296100:G:T	19.5
chr15:65296101:A:C	16.26
chr15:65296101:A:G	16.6
chr15:65296101:A:T	16.5
chr15:65296102:T:A	17.53
chr15:65296102:T:C	17.52
chr15:65296102:T:G	17.51
chr15:65296103:T:A	17.73
chr15:65296103:T:C	17.52
chr15:65296103:T:G	17.54
chr15:65296104:T:A	17.76
chr15:65296104:T:C	17.77
chr15:65296104:T:G	17.5
chr15:65296105:C:A	18.4
chr15:65296105:C:G	18.64
chr15:65296105:C:T	18.42
chr15:65296106:C:A	16.52
chr15:65296106:C:G	16.26
chr15:65296106:C:T	16.96
chr15:65296107:G:A	17.22
chr15:65296107:G:C	17.04
chr15:65296107:G:T	16.98
chr15:65296108:T:A	16.46
chr15:65296108:T:C	16.81
chr15:65296108:T:G	17.27
chr15:65296109:G:A	19.58
chr15:65296109:G:C	18.16
chr15:65296109:G:T	18.95
chr15:65296110:G:A	15.14
chr15:65296110:G:C	15.6
chr15:65296110:G:T	16.39
chr15:65296111:A:C	16.68
chr15:65296111:A:G	17.8
chr15:65296111:A:T	16.99
chr15:65296112:G:A	17.02
chr15:65296112:G:C	16.97
chr15:65296112:G:T	17.39
chr15:65296113:A:C	14.18
chr15:65296113:A:G	15.72
chr15:65296113:A:T	14.14
chr15:65296114:G:A	15.52
chr15:65296114:G:C	15.26
chr15:65296114:G:T	15.3
chr15:65296115:G:A	2.25
chr15:65296115:G:C	1.94
chr15:65296115:G:T	2.951
chr15:65296116:A:C	15.95
chr15:65296116:A:G	16.35
chr15:65296116:A:T	16.33
chr15:65296117:A:C	11.97
chr15:65296117:A:G	12.17
chr15:65296117:A:T	11.84
chr15:65296118:C:A	11.79
chr15:65296118:C:G	10.56
chr15:65296118:C:T	12.59
chr15:65296119:A:C	8.042
chr15:65296119:A:G	8.314
chr15:65296119:A:T	8.414
chr15:65296120:A:C	4.337
chr15:65296120:A:G	4.934
chr15:65296120:A:T	4.362
chr15:65296121:C:A	0.012
chr15:65296121:C:G	0.009
chr15:65296121:C:T	0.015
chr15:65296122:T:A	8.474
chr15:65296122:T:C	9.173
chr15:65296122:T:G	8.706
chr15:65296123:C:A	4.553
chr15:65296123:C:G	4.759
chr15:65296123:C:T	5.385
chr15:65296124:T:A	12.17
chr15:65296124:T:C	12.5
chr15:65296124:T:G	12.31
chr15:65296125:G:A	12.66
chr15:65296125:G:C	11.87
chr15:65296125:G:T	12.99
chr15:65296126:A:C	12.66
chr15:65296126:A:G	13.16
chr15:65296126:A:T	13.03
chr15:65296127:G:A	11.03
chr15:65296127:G:C	10.61
chr15:65296127:G:T	10.61
chr15:65296128:T:A	9.741
chr15:65296128:T:C	10.24
chr15:65296128:T:G	9.904
chr15:65296129:C:A	0.006
chr15:65296129:C:G	0.006
chr15:65296129:C:T	0.008
chr15:65296130:T:A	2.769
chr15:65296130:T:C	1.675
chr15:65296130:T:G	1.694
chr15:65296131:T:A	1.841
chr15:65296131:T:C	2.073
chr15:65296131:T:G	1.9
chr15:65296132:A:C	0.095
chr15:65296132:A:G	0.105
chr15:65296132:A:T	0.096
chr15:65296133:A:C	0.766
chr15:65296133:A:G	0.79
chr15:65296133:A:T	0.707
chr15:65296134:C:A	0.011
chr15:65296134:C:G	0.012
chr15:65296134:C:T	0.015
chr15:65296135:C:A	0.144
chr15:65296135:C:G	0.165
chr15:65296135:C:T	0.178
chr15:65296136:C:A	0.005
chr15:65296136:C:G	0.013
chr15:65296136:C:T	0.016
chr15:65296137:A:C	9.492
chr15:65296137:A:G	9.777
chr15:65296137:A:T	10.04
chr15:65296138:A:C	12.27
chr15:65296138:A:G	12.81
chr15:65296138:A:T	12.64
chr15:65296139:T:A	8.278
chr15:65296139:T:C	11.76
chr15:65296139:T:G	11.52
chr15:65296140:T:A	13.02
chr15:65296140:T:C	13.28
chr15:65296140:T:G	13.1
chr15:65296141:T:A	13.21
chr15:65296141:T:C	13.51
chr15:65296141:T:G	13.47
chr15:65296142:T:A	11.68
chr15:65296142:T:C	12.06
chr15:65296142:T:G	11.89
chr15:65296143:T:A	11.67
chr15:65296143:T:C	12.11
chr15:65296143:T:G	11.8
chr15:65296144:T:A	8.213
chr15:65296144:T:C	8.094
chr15:65296144:T:G	7.691
chr15:65296145:G:A	14.69
chr15:65296145:G:C	14.06
chr15:65296145:G:T	14.62
chr15:65296146:A:C	11.22
chr15:65296146:A:G	12.1
chr15:65296146:A:T	11.4
chr15:65296147:G:A	4.03
chr15:65296147:G:C	3.591
chr15:65296147:G:T	3.393
chr15:65296148:G:A	7.817
chr15:65296148:G:C	7.902
chr15:65296148:G:T	8.048
chr15:65296149:C:A	4.718
chr15:65296149:C:G	6.331
chr15:65296149:C:T	6.549
chr15:65296150:C:A	1.785
chr15:65296150:C:G	1.999
chr15:65296150:C:T	2.718
chr15:65296151:T:A	9.042
chr15:65296151:T:C	9.372
chr15:65296151:T:G	9.172
chr15:65296152:T:A	12.53
chr15:65296152:T:C	12.28
chr15:65296152:T:G	12.06
chr15:65296153:G:A	7.303
chr15:65296153:G:C	6.581
chr15:65296153:G:T	6.632
chr15:65296154:C:A	0.005
chr15:65296154:C:G	0.005
chr15:65296154:C:T	0.007
chr15:65296155:T:A	0.198
chr15:65296155:T:C	0.221
chr15:65296155:T:G	0.203
chr15:65296156:T:A	0.176
chr15:65296156:T:C	0.206
chr15:65296156:T:G	0.189
chr15:65296157:T:A	0.002
chr15:65296157:T:C	0.002
chr15:65296157:T:G	0.002
chr15:65296158:G:A	0.001
chr15:65296158:G:C	0.001
chr15:65296158:G:T	0.001
chr15:65296159:G:A	0.05
chr15:65296159:G:C	0.043
chr15:65296159:G:T	0.046
chr15:65296160:C:A	7.444
chr15:65296160:C:G	7.76
chr15:65296160:C:T	10.6
chr15:65296161:A:C	4.624
chr15:65296161:A:G	4.969
chr15:65296161:A:T	5.623
chr15:65296162:A:C	0.573
chr15:65296162:A:G	1.427
chr15:65296162:A:T	0.564
chr15:65296163:G:A	6.758
chr15:65296163:G:C	6.467
chr15:65296163:G:T	6.119
chr15:65296164:G:A	3.994
chr15:65296164:G:C	4.346
chr15:65296164:G:T	5.162
chr15:65296165:C:A	7.51
chr15:65296165:C:G	9.975
chr15:65296165:C:T	8.873
chr15:65296166:T:A	2.096
chr15:65296166:T:C	2.489
chr15:65296166:T:G	2.285
chr15:65304677:A:C	11.01
chr15:65304677:A:G	11.11
chr15:65304677:A:T	12.63
chr15:65304678:T:A	12.2
chr15:65304678:T:C	12.54
chr15:65304678:T:G	12.21
chr15:65304679:A:C	9.156
chr15:65304679:A:G	9.374
chr15:65304679:A:T	8.955
chr15:65304680:C:A	16.24
chr15:65304680:C:G	16.51
chr15:65304680:C:T	16.42
chr15:65304681:T:A	14.58
chr15:65304681:T:C	14.89
chr15:65304681:T:G	14.65
chr15:65304682:C:A	16.46
chr15:65304682:C:G	16.45
chr15:65304682:C:T	16.86
chr15:65304683:T:A	15.47
chr15:65304683:T:C	15.63
chr15:65304683:T:G	15.73
chr15:65304684:G:A	15.49
chr15:65304684:G:C	14.31
chr15:65304684:G:T	14.71
chr15:65304685:G:A	16.73
chr15:65304685:G:C	16.47
chr15:65304685:G:T	15.67
chr15:65304686:T:A	17.38
chr15:65304686:T:C	17.55
chr15:65304686:T:G	16.55
chr15:65304687:T:A	16.02
chr15:65304687:T:C	16.22
chr15:65304687:T:G	16.11
chr15:65304688:T:A	17.58
chr15:65304688:T:C	17.71
chr15:65304688:T:G	17.59
chr15:65304689:C:A	17.33
chr15:65304689:C:G	17.35
chr15:65304689:C:T	17.41
chr15:65304690:T:A	15.9
chr15:65304690:T:C	16.26
chr15:65304690:T:G	15.99
chr15:65304691:C:A	16.62
chr15:65304691:C:G	16.57
chr15:65304691:C:T	17.03
chr15:65304692:T:A	16.6
chr15:65304692:T:C	16.68
chr15:65304692:T:G	16.55
chr15:65304693:T:A	15.0
chr15:65304693:T:C	15.17
chr15:65304693:T:G	15.04
chr15:65304694:C:A	16.23
chr15:65304694:C:G	15.91
chr15:65304694:C:T	17.25
chr15:65304695:A:C	16.03
chr15:65304695:A:G	16.19
chr15:65304695:A:T	15.88
chr15:65304696:G:A	13.88
chr15:65304696:G:C	13.29
chr15:65304696:G:T	13.84
chr15:65304697:A:C	14.4
chr15:65304697:A:G	14.5
chr15:65304697:A:T	14.67
chr15:65304698:T:A	14.97
chr15:65304698:T:C	15.21
chr15:65304698:T:G	15.05
chr15:65304699:C:A	16.45
chr15:65304699:C:G	15.29
chr15:65304699:C:T	16.08
chr15:65304700:G:A	16.31
chr15:65304700:G:C	14.93
chr15:65304700:G:T	15.39
chr15:65304701:T:A	5.48
chr15:65304701:T:C	5.94
chr15:65304701:T:G	5.512
chr15:65304702:A:C	14.64
chr15:65304702:A:G	15.09
chr15:65304702:A:T	14.86
chr15:65304703:T:A	14.07
chr15:65304703:T:C	14.31
chr15:65304703:T:G	14.17
chr15:65304704:A:C	16.04
chr15:65304704:A:G	15.83
chr15:65304704:A:T	14.1
chr15:65304705:A:C	16.81
chr15:65304705:A:G	16.85
chr15:65304705:A:T	16.87
chr15:65304706:A:C	13.81
chr15:65304706:A:G	14.1
chr15:65304706:A:T	13.94
chr15:65304707:T:A	15.35
chr15:65304707:T:C	15.59
chr15:65304707:T:G	15.45
chr15:65304708:C:A	15.43
chr15:65304708:C:G	14.92
chr15:65304708:C:T	15.65
chr15:65304709:T:A	16.23
chr15:65304709:T:C	16.46
chr15:65304709:T:G	16.3
chr15:65304710:T:A	15.04
chr15:65304710:T:C	15.17
chr15:65304710:T:G	15.02
chr15:65304711:T:A	16.64
chr15:65304711:T:C	16.54
chr15:65304711:T:G	16.53
chr15:65304712:C:A	19.38
chr15:65304712:C:G	18.42
chr15:65304712:C:T	19.15
chr15:65304713:G:A	18.48
chr15:65304713:G:C	18.71
chr15:65304713:G:T	18.2
chr15:65304714:C:A	17.77
chr15:65304714:C:G	17.64
chr15:65304714:C:T	18.12
chr15:65304715:C:A	17.98
chr15:65304715:C:G	18.0
chr15:65304715:C:T	18.51
chr15:65304716:T:A	18.13
chr15:65304716:T:C	18.38
chr15:65304716:T:G	18.01
chr15:65304717:T:A	18.13
chr15:65304717:T:C	18.31
chr15:65304717:T:G	18.24
chr15:65304718:T:A	18.14
chr15:65304718:T:C	18.16
chr15:65304718:T:G	18.19
chr15:65304719:T:A	17.99
chr15:65304719:T:C	18.34
chr15:65304719:T:G	18.2
chr15:65304720:A:C	17.81
chr15:65304720:A:G	17.89
chr15:65304720:A:T	17.72
chr15:65304721:C:A	17.58
chr15:65304721:C:G	18.01
chr15:65304721:C:T	17.92
chr15:65304722:T:A	16.7
chr15:65304722:T:C	16.88
chr15:65304722:T:G	16.82
chr15:65304723:A:C	17.79
chr15:65304723:A:G	18.05
chr15:65304723:A:T	18.09
chr15:65304724:A:C	17.9
chr15:65304724:A:G	18.05
chr15:65304724:A:T	18.72
chr15:65304725:A:C	16.9
chr15:65304725:A:G	16.89
chr15:65304725:A:T	17.05
chr15:65304726:G:A	18.58
chr15:65304726:G:C	18.33
chr15:65304726:G:T	18.7
chr15:65304727:A:C	16.67
chr15:65304727:A:G	16.91
chr15:65304727:A:T	16.87
chr15:65304728:T:A	18.34
chr15:65304728:T:C	18.21
chr15:65304728:T:G	18.23
chr15:65304729:T:A	18.4
chr15:65304729:T:C	18.37
chr15:65304729:T:G	18.16
chr15:65304730:T:A	18.32
chr15:65304730:T:C	18.39
chr15:65304730:T:G	18.07
chr15:65304731:C:A	17.54
chr15:65304731:C:G	17.61
chr15:65304731:C:T	17.38
chr15:65304732:C:A	17.56
chr15:65304732:C:G	17.29
chr15:65304732:C:T	17.82
chr15:65304733:G:A	19.12
chr15:65304733:G:C	18.94
chr15:65304733:G:T	18.85
chr15:65304734:T:A	17.72
chr15:65304734:T:C	17.97
chr15:65304734:T:G	18.44
chr15:65304735:G:A	19.41
chr15:65304735:G:C	17.95
chr15:65304735:G:T	18.63
chr15:65304736:G:A	18.2
chr15:65304736:G:C	18.73
chr15:65304736:G:T	19.45
chr15:65304737:A:C	16.54
chr15:65304737:A:G	17.63
chr15:65304737:A:T	16.93
chr15:65304738:G:A	18.72
chr15:65304738:G:C	18.63
chr15:65304738:G:T	19.0
chr15:65304739:A:C	16.41
chr15:65304739:A:G	17.76
chr15:65304739:A:T	16.44
chr15:65304740:G:A	16.81
chr15:65304740:G:C	16.53
chr15:65304740:G:T	16.67
chr15:65304741:G:A	13.37
chr15:65304741:G:C	13.08
chr15:65304741:G:T	13.85
chr15:65304742:A:C	16.14
chr15:65304742:A:G	16.53
chr15:65304742:A:T	16.57
chr15:65304743:A:C	15.61
chr15:65304743:A:G	15.7
chr15:65304743:A:T	15.47
chr15:65304744:C:A	16.55
chr15:65304744:C:G	15.97
chr15:65304744:C:T	17.06
chr15:65304745:A:C	13.53
chr15:65304745:A:G	13.65
chr15:65304745:A:T	14.03
chr15:65304746:A:C	13.48
chr15:65304746:A:G	13.81
chr15:65304746:A:T	13.51
chr15:65304747:C:A	4.861
chr15:65304747:C:G	4.281
chr15:65304747:C:T	5.471
chr15:65304748:T:A	14.8
chr15:65304748:T:C	15.19
chr15:65304748:T:G	14.88
chr15:65304749:C:A	13.83
chr15:65304749:C:G	13.93
chr15:65304749:C:T	14.29
chr15:65304750:T:A	13.19
chr15:65304750:T:C	13.42
chr15:65304750:T:G	13.22
chr15:65304751:G:A	15.51
chr15:65304751:G:C	14.97
chr15:65304751:G:T	15.76
chr15:65304752:A:C	14.36
chr15:65304752:A:G	14.87
chr15:65304752:A:T	14.67
chr15:65304753:G:A	15.16
chr15:65304753:G:C	14.96
chr15:65304753:G:T	15.25
chr15:65304754:T:A	12.76
chr15:65304754:T:C	13.07
chr15:65304754:T:G	12.83
chr15:65304755:C:A	7.89
chr15:65304755:C:G	7.811
chr15:65304755:C:T	8.654
chr15:65304756:T:A	10.57
chr15:65304756:T:C	9.665
chr15:65304756:T:G	9.567
chr15:65304757:T:A	5.162
chr15:65304757:T:C	5.376
chr15:65304757:T:G	5.264
chr15:65304758:A:C	6.901
chr15:65304758:A:G	7.024
chr15:65304758:A:T	7.751
chr15:65304759:A:C	4.246
chr15:65304759:A:G	5.065
chr15:65304759:A:T	4.9
chr15:65304760:G:A	0.022
chr15:65304760:G:C	0.013
chr15:65304760:G:T	0.02
chr15:65304761:C:A	5.739
chr15:65304761:C:G	7.0
chr15:65304761:C:T	7.539
chr15:65304762:T:A	0.373
chr15:65304762:T:C	0.406
chr15:65304762:T:G	0.369
chr15:65304763:A:C	14.43
chr15:65304763:A:G	14.56
chr15:65304763:A:T	14.32
chr15:65304764:A:C	13.58
chr15:65304764:A:G	14.25
chr15:65304764:A:T	13.71
chr15:65304765:T:A	15.03
chr15:65304765:T:C	15.25
chr15:65304765:T:G	15.08
chr15:65304766:T:A	15.37
chr15:65304766:T:C	15.36
chr15:65304766:T:G	15.26
chr15:65304767:T:A	15.36
chr15:65304767:T:C	15.53
chr15:65304767:T:G	15.46
chr15:65304768:T:A	15.19
chr15:65304768:T:C	15.5
chr15:65304768:T:G	15.34
chr15:65304769:T:A	15.39
chr15:65304769:T:C	15.57
chr15:65304769:T:G	15.29
chr15:65304770:T:A	12.21
chr15:65304770:T:C	12.22
chr15:65304770:T:G	11.9
chr15:65304771:G:A	16.6
chr15:65304771:G:C	16.01
chr15:65304771:G:T	17.37
chr15:65304772:A:C	11.9
chr15:65304772:A:G	12.85
chr15:65304772:A:T	12.39
chr15:65304773:G:A	9.454
chr15:65304773:G:C	9.036
chr15:65304773:G:T	9.001
chr15:65304774:G:A	16.02
chr15:65304774:G:C	16.09
chr15:65304774:G:T	16.01
chr15:65304775:C:A	12.82
chr15:65304775:C:G	13.67
chr15:65304775:C:T	13.74
chr15:65304776:C:A	13.16
chr15:65304776:C:G	13.09
chr15:65304776:C:T	13.81
chr15:65304777:T:A	14.44
chr15:65304777:T:C	14.67
chr15:65304777:T:G	14.46
chr15:65304778:T:A	13.38
chr15:65304778:T:C	13.18
chr15:65304778:T:G	12.99
chr15:65304779:G:A	8.905
chr15:65304779:G:C	8.328
chr15:65304779:G:T	8.315
chr15:65304780:T:A	0.006
chr15:65304780:T:C	0.006
chr15:65304780:T:G	0.007
chr15:65304781:T:A	0.087
chr15:65304781:T:C	0.106
chr15:65304781:T:G	0.088
chr15:65304782:C:A	0.037
chr15:65304782:C:G	0.036
chr15:65304782:C:T	0.041
chr15:65304783:C:A	0.001
chr15:65304783:C:G	0.001
chr15:65304783:C:T	0.001
chr15:65304784:G:A	0.035
chr15:65304784:G:C	0.031
chr15:65304784:G:T	0.026
chr15:65304785:A:C	0.037
chr15:65304785:A:G	0.036
chr15:65304785:A:T	0.039
chr15:65304786:C:A	0.822
chr15:65304786:C:G	0.699
chr15:65304786:C:T	1.959
chr15:65304787:A:C	3.016
chr15:65304787:A:G	2.782
chr15:65304787:A:T	3.088
chr15:65304788:A:C	1.272
chr15:65304788:A:G	2.549
chr15:65304788:A:T	1.234
chr15:65304789:G:A	9.56
chr15:65304789:G:C	9.256
chr15:65304789:G:T	9.622
chr15:65304790:G:A	13.12
chr15:65304790:G:C	13.47
chr15:65304790:G:T	14.01
chr15:65304791:C:A	12.9
chr15:65304791:C:G	14.42
chr15:65304791:C:T	13.83
chr15:65304792:T:A	11.02
chr15:65304792:T:C	11.55
chr15:65304792:T:G	11.32
chr15:67839939:A:C	0.217
chr15:67839939:A:G	0.252
chr15:67839939:A:T	0.329
chr15:67839940:A:C	16.01
chr15:67839940:A:G	15.63
chr15:67839940:A:T	16.27
chr15:67839941:A:C	17.65
chr15:67839941:A:G	17.81
chr15:67839941:A:T	17.67
chr15:67839942:A:C	18.24
chr15:67839942:A:G	18.25
chr15:67839942:A:T	18.16
chr15:67839943:A:C	16.77
chr15:67839943:A:G	16.93
chr15:67839943:A:T	16.6
chr15:67839944:T:A	18.53
chr15:67839944:T:C	18.84
chr15:67839944:T:G	18.6
chr15:67839945:A:C	17.79
chr15:67839945:A:G	18.18
chr15:67839945:A:T	17.76
chr15:67839946:T:A	16.74
chr15:67839946:T:C	17.43
chr15:67839946:T:G	16.94
chr15:67839947:G:A	19.0
chr15:67839947:G:C	17.71
chr15:67839947:G:T	17.81
chr15:67839948:G:A	19.54
chr15:67839948:G:C	18.52
chr15:67839948:G:T	19.04
chr15:67839949:A:C	17.27
chr15:67839949:A:G	17.47
chr15:67839949:A:T	17.41
chr15:67839950:A:C	17.64
chr15:67839950:A:G	17.83
chr15:67839950:A:T	17.53
chr15:67839951:C:A	19.05
chr15:67839951:C:G	18.9
chr15:67839951:C:T	19.94
chr15:67839952:G:A	20.2
chr15:67839952:G:C	19.64
chr15:67839952:G:T	18.99
chr15:67839953:C:A	20.3
chr15:67839953:C:G	19.92
chr15:67839953:C:T	20.7
chr15:67839954:T:A	19.58
chr15:67839954:T:C	19.56
chr15:67839954:T:G	19.42
chr15:67839955:T:A	20.3
chr15:67839955:T:C	19.17
chr15:67839955:T:G	19.24
chr15:67839956:C:A	19.66
chr15:67839956:C:G	18.07
chr15:67839956:C:T	19.41
chr15:67839957:A:C	19.19
chr15:67839957:A:G	19.38
chr15:67839957:A:T	18.99
chr15:67839958:C:A	19.8
chr15:67839958:C:G	19.26
chr15:67839958:C:T	20.2
chr15:67839959:G:A	20.2
chr15:67839959:G:C	19.03
chr15:67839959:G:T	20.1
chr15:67839960:A:C	19.37
chr15:67839960:A:G	19.25
chr15:67839960:A:T	19.15
chr15:67839961:A:C	19.0
chr15:67839961:A:G	19.29
chr15:67839961:A:T	18.98
chr15:67839962:T:A	18.95
chr15:67839962:T:C	19.02
chr15:67839962:T:G	18.82
chr15:67839963:T:A	18.51
chr15:67839963:T:C	18.49
chr15:67839963:T:G	18.65
chr15:67839964:T:A	19.33
chr15:67839964:T:C	19.2
chr15:67839964:T:G	19.0
chr15:67839965:G:A	20.3
chr15:67839965:G:C	19.53
chr15:67839965:G:T	19.48
chr15:67839966:C:A	20.1
chr15:67839966:C:G	20.2
chr15:67839966:C:T	21.0
chr15:67839967:G:A	20.5
chr15:67839967:G:C	20.1
chr15:67839967:G:T	19.78
chr15:67839968:T:A	19.28
chr15:67839968:T:C	19.28
chr15:67839968:T:G	19.08
chr15:67839969:G:A	20.2
chr15:67839969:G:C	19.7
chr15:67839969:G:T	19.64
chr15:67839970:T:A	19.22
chr15:67839970:T:C	19.36
chr15:67839970:T:G	19.03
chr15:67839971:C:A	20.4
chr15:67839971:C:G	20.3
chr15:67839971:C:T	20.6
chr15:67839972:A:C	19.12
chr15:67839972:A:G	19.29
chr15:67839972:A:T	19.08
chr15:67839973:T:A	19.18
chr15:67839973:T:C	19.66
chr15:67839973:T:G	18.68
chr15:67839974:C:A	20.9
chr15:67839974:C:G	20.6
chr15:67839974:C:T	20.3
chr15:67839975:C:A	19.24
chr15:67839975:C:G	18.8
chr15:67839975:C:T	19.35
chr15:67839976:T:A	19.03
chr15:67839976:T:C	20.0
chr15:67839976:T:G	19.01
chr15:67839977:T:A	19.63
chr15:67839977:T:C	19.21
chr15:67839977:T:G	19.05
chr15:67839978:G:A	20.4
chr15:67839978:G:C	19.59
chr15:67839978:G:T	19.57
chr15:67839979:C:A	20.4
chr15:67839979:C:G	20.2
chr15:67839979:C:T	20.6
chr15:67839980:G:A	21.1
chr15:67839980:G:C	20.8
chr15:67839980:G:T	20.4
chr15:67839981:C:A	19.76
chr15:67839981:C:G	19.82
chr15:67839981:C:T	20.1
chr15:67839982:A:C	19.02
chr15:67839982:A:G	19.23
chr15:67839982:A:T	18.9
chr15:67839983:G:A	20.4
chr15:67839983:G:C	19.65
chr15:67839983:G:T	19.54
chr15:67839984:G:A	19.91
chr15:67839984:G:C	18.54
chr15:67839984:G:T	19.51
chr15:67839985:G:A	19.91
chr15:67839985:G:C	19.77
chr15:67839985:G:T	19.58
chr15:67839986:G:A	20.2
chr15:67839986:G:C	19.6
chr15:67839986:G:T	19.65
chr15:67839987:C:A	20.2
chr15:67839987:C:G	20.3
chr15:67839987:C:T	20.3
chr15:67839988:C:A	20.1
chr15:67839988:C:G	19.76
chr15:67839988:C:T	20.8
chr15:67839989:A:C	19.48
chr15:67839989:A:G	19.34
chr15:67839989:A:T	19.01
chr15:67839990:T:A	19.17
chr15:67839990:T:C	19.45
chr15:67839990:T:G	18.99
chr15:67839991:G:A	20.4
chr15:67839991:G:C	19.65
chr15:67839991:G:T	19.6
chr15:67839992:C:A	19.84
chr15:67839992:C:G	19.79
chr15:67839992:C:T	20.3
chr15:67839993:T:A	19.12
chr15:67839993:T:C	19.4
chr15:67839993:T:G	19.19
chr15:67839994:A:C	19.36
chr15:67839994:A:G	19.38
chr15:67839994:A:T	19.56
chr15:67839995:A:C	19.14
chr15:67839995:A:G	19.3
chr15:67839995:A:T	19.1
chr15:67839996:T:A	19.11
chr15:67839996:T:C	19.52
chr15:67839996:T:G	18.68
chr15:67839997:C:A	20.2
chr15:67839997:C:G	20.0
chr15:67839997:C:T	20.6
chr15:67839998:T:A	19.81
chr15:67839998:T:C	19.74
chr15:67839998:T:G	19.56
chr15:67839999:T:A	20.8
chr15:67839999:T:C	19.45
chr15:67839999:T:G	19.94
chr15:67840000:C:A	20.9
chr15:67840000:C:G	19.52
chr15:67840000:C:T	20.1
chr15:67840001:T:A	19.36
chr15:67840001:T:C	19.99
chr15:67840001:T:G	19.17
chr15:67840002:C:A	20.5
chr15:67840002:C:G	19.83
chr15:67840002:C:T	20.1
chr15:67840003:T:A	18.92
chr15:67840003:T:C	19.3
chr15:67840003:T:G	19.09
chr15:67840004:G:A	19.08
chr15:67840004:G:C	18.62
chr15:67840004:G:T	18.13
chr15:67840005:T:A	17.7
chr15:67840005:T:C	17.92
chr15:67840005:T:G	17.7
chr15:67840006:A:C	17.39
chr15:67840006:A:G	17.75
chr15:67840006:A:T	17.42
chr15:67840007:T:A	18.26
chr15:67840007:T:C	18.57
chr15:67840007:T:G	18.35
chr15:67840008:C:A	19.63
chr15:67840008:C:G	19.41
chr15:67840008:C:T	20.2
chr15:67840009:G:A	19.1
chr15:67840009:G:C	18.08
chr15:67840009:G:T	18.42
chr15:67840010:T:A	17.67
chr15:67840010:T:C	18.03
chr15:67840010:T:G	17.85
chr15:67840011:T:A	18.61
chr15:67840011:T:C	18.06
chr15:67840011:T:G	18.0
chr15:67840012:C:A	20.3
chr15:67840012:C:G	19.16
chr15:67840012:C:T	19.64
chr15:67840013:C:A	19.58
chr15:67840013:C:G	19.12
chr15:67840013:C:T	20.6
chr15:67840014:A:C	17.31
chr15:67840014:A:G	17.26
chr15:67840014:A:T	17.8
chr15:67840015:A:C	17.86
chr15:67840015:A:G	18.38
chr15:67840015:A:T	17.8
chr15:67840016:T:A	17.82
chr15:67840016:T:C	17.84
chr15:67840016:T:G	17.67
chr15:67840017:T:A	17.23
chr15:67840017:T:C	18.63
chr15:67840017:T:G	18.51
chr15:67840018:T:A	19.63
chr15:67840018:T:C	19.46
chr15:67840018:T:G	19.38
chr15:67840019:T:A	19.47
chr15:67840019:T:C	19.53
chr15:67840019:T:G	19.34
chr15:67840020:A:C	19.25
chr15:67840020:A:G	19.42
chr15:67840020:A:T	19.21
chr15:67840021:G:A	19.69
chr15:67840021:G:C	19.51
chr15:67840021:G:T	19.35
chr15:67840022:T:A	18.14
chr15:67840022:T:C	18.56
chr15:67840022:T:G	18.15
chr15:67840023:A:C	17.83
chr15:67840023:A:G	18.33
chr15:67840023:A:T	17.82
chr15:67840024:T:A	18.07
chr15:67840024:T:C	18.44
chr15:67840024:T:G	18.01
chr15:67840025:A:C	17.95
chr15:67840025:A:G	18.2
chr15:67840025:A:T	17.9
chr15:67840026:T:A	18.55
chr15:67840026:T:C	19.09
chr15:67840026:T:G	18.55
chr15:67840027:G:A	19.5
chr15:67840027:G:C	18.86
chr15:67840027:G:T	18.85
chr15:67840028:T:A	18.1
chr15:67840028:T:C	18.34
chr15:67840028:T:G	18.25
chr15:67840029:G:A	20.6
chr15:67840029:G:C	19.83
chr15:67840029:G:T	19.83
chr15:67840030:C:A	19.09
chr15:67840030:C:G	18.94
chr15:67840030:C:T	19.44
chr15:67840031:T:A	17.21
chr15:67840031:T:C	17.33
chr15:67840031:T:G	17.31
chr15:67840032:G:A	20.5
chr15:67840032:G:C	18.9
chr15:67840032:G:T	18.78
chr15:67840033:C:A	19.23
chr15:67840033:C:G	18.85
chr15:67840033:C:T	19.09
chr15:67840034:C:A	19.38
chr15:67840034:C:G	19.7
chr15:67840034:C:T	19.78
chr15:67840035:G:A	19.6
chr15:67840035:G:C	19.42
chr15:67840035:G:T	19.84
chr15:67840036:A:C	19.1
chr15:67840036:A:G	19.27
chr15:67840036:A:T	19.07
chr15:67840037:A:C	17.65
chr15:67840037:A:G	17.79
chr15:67840037:A:T	17.61
chr15:67840038:G:A	18.48
chr15:67840038:G:C	18.23
chr15:67840038:G:T	17.86
chr15:67840039:C:A	18.39
chr15:67840039:C:G	18.17
chr15:67840039:C:T	18.48
chr15:67840040:G:A	15.82
chr15:67840040:G:C	15.48
chr15:67840040:G:T	15.57
chr15:67840041:A:C	16.79
chr15:67840041:A:G	16.97
chr15:67840041:A:T	16.82
chr15:67840042:G:A	16.62
chr15:67840042:G:C	16.24
chr15:67840042:G:T	16.25
chr15:67840043:C:A	17.97
chr15:67840043:C:G	17.88
chr15:67840043:C:T	18.49
chr15:67840044:A:C	17.67
chr15:67840044:A:G	17.47
chr15:67840044:A:T	17.24
chr15:67840045:C:A	16.44
chr15:67840045:C:G	16.44
chr15:67840045:C:T	17.14
chr19:893484:G:A	15.41
chr19:893484:G:C	15.33
chr19:893484:G:T	15.99
chr19:893485:T:A	16.07
chr19:893485:T:C	16.31
chr19:893485:T:G	16.52
chr19:893486:G:A	16.42
chr19:893486:G:C	15.68
chr19:893486:G:T	15.87
chr19:893487:C:A	15.48
chr19:893487:C:G	15.6
chr19:893487:C:T	16.02
chr19:893488:T:A	17.1
chr19:893488:T:C	17.29
chr19:893488:T:G	17.11
chr19:893489:C:A	12.75
chr19:893489:C:G	12.61
chr19:893489:C:T	12.93
chr19:893490:G:A	17.02
chr19:893490:G:C	16.62
chr19:893490:G:T	16.84
chr19:893491:C:A	18.34
chr19:893491:C:G	18.73
chr19:893491:C:T	19.16
chr19:893492:T:A	17.91
chr19:893492:T:C	18.22
chr19:893492:T:G	17.99
chr19:893493:T:A	17.51
chr19:893493:T:C	17.79
chr19:893493:T:G	17.59
chr19:893494:C:A	18.7
chr19:893494:C:G	18.27
chr19:893494:C:T	18.83
chr19:893495:G:A	17.62
chr19:893495:G:C	17.34
chr19:893495:G:T	17.16
chr19:893496:G:A	19.33
chr19:893496:G:C	18.92
chr19:893496:G:T	19.1
chr19:893497:C:A	17.43
chr19:893497:C:G	17.62
chr19:893497:C:T	19.29
chr19:893498:A:C	18.67
chr19:893498:A:G	18.68
chr19:893498:A:T	18.53
chr19:893499:G:A	18.8
chr19:893499:G:C	18.34
chr19:893499:G:T	18.5
chr19:893500:C:A	17.83
chr19:893500:C:G	18.38
chr19:893500:C:T	18.78
chr19:893501:A:C	18.83
chr19:893501:A:G	19.01
chr19:893501:A:T	18.63
chr19:893502:C:A	17.32
chr19:893502:C:G	17.39
chr19:893502:C:T	18.09
chr19:893503:A:C	17.11
chr19:893503:A:G	17.78
chr19:893503:A:T	17.11
chr19:893504:T:A	17.64
chr19:893504:T:C	17.89
chr19:893504:T:G	17.68
chr19:893505:A:C	16.93
chr19:893505:A:G	17.3
chr19:893505:A:T	17.01
chr19:893506:T:A	17.43
chr19:893506:T:C	18.08
chr19:893506:T:G	17.48
chr19:893507:A:C	18.62
chr19:893507:A:G	19.04
chr19:893507:A:T	18.57
chr19:893508:C:A	19.17
chr19:893508:C:G	19.47
chr19:893508:C:T	19.57
chr19:893509:T:A	17.92
chr19:893509:T:C	18.11
chr19:893509:T:G	17.93
chr19:893510:A:C	17.37
chr19:893510:A:G	17.98
chr19:893510:A:T	17.47
chr19:893511:A:C	16.93
chr19:893511:A:G	17.06
chr19:893511:A:T	17.2
chr19:893512:A:C	18.59
chr19:893512:A:G	18.72
chr19:893512:A:T	18.78
chr19:893513:A:C	18.63
chr19:893513:A:G	18.77
chr19:893513:A:T	18.77
chr19:893514:T:A	16.8
chr19:893514:T:C	17.36
chr19:893514:T:G	16.83
chr19:893515:T:A	17.85
chr19:893515:T:C	17.32
chr19:893515:T:G	17.36
chr19:893516:G:A	20.4
chr19:893516:G:C	19.33
chr19:893516:G:T	19.25
chr19:893517:G:A	18.87
chr19:893517:G:C	18.31
chr19:893517:G:T	19.47
chr19:893518:A:C	17.37
chr19:893518:A:G	17.45
chr19:893518:A:T	18.01
chr19:893519:A:C	18.87
chr19:893519:A:G	18.83
chr19:893519:A:T	18.69
chr19:893520:C:A	18.47
chr19:893520:C:G	18.47
chr19:893520:C:T	18.89
chr19:893521:G:A	18.57
chr19:893521:G:C	17.74
chr19:893521:G:T	18.03
chr19:893522:A:C	16.84
chr19:893522:A:G	17.2
chr19:893522:A:T	16.8
chr19:893523:T:A	18.26
chr19:893523:T:C	18.55
chr19:893523:T:G	18.1
chr19:893524:A:C	17.63
chr19:893524:A:G	17.87
chr19:893524:A:T	17.59
chr19:893525:C:A	18.11
chr19:893525:C:G	18.63
chr19:893525:C:T	19.08
chr19:893526:A:C	17.16
chr19:893526:A:G	17.48
chr19:893526:A:T	17.04
chr19:893527:G:A	20.3
chr19:893527:G:C	19.94
chr19:893527:G:T	20.5
chr19:893528:A:C	17.98
chr19:893528:A:G	18.83
chr19:893528:A:T	18.15
chr19:893529:G:A	19.91
chr19:893529:G:C	19.42
chr19:893529:G:T	20.6
chr19:893530:A:C	19.34
chr19:893530:A:G	18.85
chr19:893530:A:T	20.2
chr19:893531:A:C	18.44
chr19:893531:A:G	18.61
chr19:893531:A:T	18.69
chr19:893532:G:A	20.1
chr19:893532:G:C	19.46
chr19:893532:G:T	19.7
chr19:893533:A:C	17.58
chr19:893533:A:G	18.48
chr19:893533:A:T	18.12
chr19:893534:T:A	17.42
chr19:893534:T:C	17.64
chr19:893534:T:G	17.48
chr19:893535:T:A	16.43
chr19:893535:T:C	16.56
chr19:893535:T:G	16.37
chr19:893536:A:C	18.68
chr19:893536:A:G	18.86
chr19:893536:A:T	18.57
chr19:893537:G:A	20.7
chr19:893537:G:C	20.2
chr19:893537:G:T	20.2
chr19:893538:C:A	18.44
chr19:893538:C:G	18.57
chr19:893538:C:T	19.38
chr19:893539:A:C	17.97
chr19:893539:A:G	18.54
chr19:893539:A:T	18.19
chr19:893540:T:A	16.95
chr19:893540:T:C	17.45
chr19:893540:T:G	17.62
chr19:893541:G:A	19.08
chr19:893541:G:C	17.91
chr19:893541:G:T	18.23
chr19:893542:G:A	18.14
chr19:893542:G:C	17.94
chr19:893542:G:T	17.81
chr19:893543:C:A	17.29
chr19:893543:C:G	17.56
chr19:893543:C:T	17.64
chr19:893544:C:A	18.08
chr19:893544:C:G	18.31
chr19:893544:C:T	18.53
chr19:893545:C:A	17.41
chr19:893545:C:G	17.81
chr19:893545:C:T	18.22
chr19:893546:C:A	17.44
chr19:893546:C:G	17.5
chr19:893546:C:T	18.49
chr19:893547:T:A	19.11
chr19:893547:T:C	19.43
chr19:893547:T:G	19.22
chr19:893548:G:A	20.2
chr19:893548:G:C	19.76
chr19:893548:G:T	19.84
chr19:893549:C:A	21.1
chr19:893549:C:G	21.3
chr19:893549:C:T	21.2
chr19:893550:G:A	17.14
chr19:893550:G:C	16.84
chr19:893550:G:T	16.94
chr19:893551:C:A	18.43
chr19:893551:C:G	18.47
chr19:893551:C:T	19.41
chr19:893552:A:C	16.25
chr19:893552:A:G	16.34
chr19:893552:A:T	16.76
chr19:893553:A:C	18.26
chr19:893553:A:G	19.44
chr19:893553:A:T	18.36
chr19:893554:G:A	18.38
chr19:893554:G:C	18.17
chr19:893554:G:T	18.13
chr19:893555:G:A	17.33
chr19:893555:G:C	17.62
chr19:893555:G:T	17.88
chr19:893556:A:C	18.53
chr19:893556:A:G	19.58
chr19:893556:A:T	19.0
chr19:893557:T:A	18.27
chr19:893557:T:C	18.46
chr19:893557:T:G	18.33
chr19:893558:G:A	18.73
chr19:893558:G:C	18.3
chr19:893558:G:T	18.36
chr19:893559:A:C	17.92
chr19:893559:A:G	18.29
chr19:893559:A:T	18.14
chr19:893560:C:A	18.02
chr19:893560:C:G	18.0
chr19:893560:C:T	18.57
chr19:893561:A:C	17.58
chr19:893561:A:G	17.83
chr19:893561:A:T	17.79
chr19:893562:C:A	16.75
chr19:893562:C:G	17.27
chr19:893562:C:T	17.8
chr19:893563:G:A	18.72
chr19:893563:G:C	18.2
chr19:893563:G:T	18.04
chr19:893564:C:A	17.97
chr19:893564:C:G	18.08
chr19:893564:C:T	18.87
chr19:893565:A:C	18.92
chr19:893565:A:G	19.07
chr19:893565:A:T	19.22
chr19:893566:A:C	18.18
chr19:893566:A:G	18.17
chr19:893566:A:T	18.24
chr19:893567:A:C	17.03
chr19:893567:A:G	17.34
chr19:893567:A:T	17.36
chr19:893568:T:A	17.01
chr19:893568:T:C	17.3
chr19:893568:T:G	17.05
chr19:893569:T:A	17.27
chr19:893569:T:C	17.46
chr19:893569:T:G	17.51
chr19:893570:C:A	18.29
chr19:893570:C:G	17.59
chr19:893570:C:T	18.33
chr19:893571:G:A	18.87
chr19:893571:G:C	17.76
chr19:893571:G:T	18.3
chr19:893572:T:A	16.93
chr19:893572:T:C	17.26
chr19:893572:T:G	17.1
chr19:893573:G:A	18.83
chr19:893573:G:C	17.42
chr19:893573:G:T	19.04
chr19:893574:A:C	18.33
chr19:893574:A:G	18.25
chr19:893574:A:T	19.33
chr19:893575:A:C	17.46
chr19:893575:A:G	17.72
chr19:893575:A:T	17.59
chr19:893576:G:A	19.0
chr19:893576:G:C	18.56
chr19:893576:G:T	18.57
chr19:893577:C:A	17.06
chr19:893577:C:G	17.84
chr19:893577:C:T	17.66
chr19:893578:G:A	16.76
chr19:893578:G:C	16.07
chr19:893578:G:T	16.38
chr19:893579:T:A	17.52
chr19:893579:T:C	17.77
chr19:893579:T:G	17.56
chr19:893580:T:A	16.42
chr19:893580:T:C	16.53
chr19:893580:T:G	16.29
chr19:893581:C:A	17.5
chr19:893581:C:G	17.11
chr19:893581:C:T	17.61
chr19:893582:C:A	16.23
chr19:893582:C:G	16.24
chr19:893582:C:T	17.25
chr19:893583:A:C	15.76
chr19:893583:A:G	16.35
chr19:893583:A:T	15.57
chr19:893584:T:A	17.09
chr19:893584:T:C	17.47
chr19:893584:T:G	17.15
chr19:893585:A:C	17.4
chr19:893585:A:G	17.77
chr19:893585:A:T	17.2
chr19:893586:T:A	15.66
chr19:893586:T:C	15.9
chr19:893586:T:G	15.77
chr19:893587:T:A	18.07
chr19:893587:T:C	18.05
chr19:893587:T:G	18.04
chr19:893588:T:A	14.38
chr19:893588:T:C	14.69
chr19:893588:T:G	14.56
chr19:893589:T:A	16.84
chr19:893589:T:C	16.14
chr19:893589:T:G	16.49
chr19:893590:T:A	8.37
chr19:893590:T:C	8.593
chr19:893590:T:G	8.479
chr19:1021522:G:A	10.42
chr19:1021522:G:C	10.54
chr19:1021522:G:T	11.9
chr19:1021523:T:A	7.662
chr19:1021523:T:C	8.231
chr19:1021523:T:G	8.675
chr19:1021524:G:A	9.419
chr19:1021524:G:C	8.015
chr19:1021524:G:T	8.248
chr19:1021525:C:A	5.789
chr19:1021525:C:G	6.011
chr19:1021525:C:T	6.627
chr19:1021526:T:A	10.39
chr19:1021526:T:C	11.1
chr19:1021526:T:G	10.55
chr19:1021527:C:A	7.45
chr19:1021527:C:G	7.141
chr19:1021527:C:T	7.643
chr19:1021528:G:A	9.332
chr19:1021528:G:C	8.565
chr19:1021528:G:T	9.089
chr19:1021529:C:A	9.256
chr19:1021529:C:G	10.12
chr19:1021529:C:T	10.6
chr19:1021530:T:A	11.52
chr19:1021530:T:C	11.96
chr19:1021530:T:G	11.72
chr19:1021531:T:A	11.08
chr19:1021531:T:C	11.58
chr19:1021531:T:G	11.18
chr19:1021532:C:A	12.11
chr19:1021532:C:G	11.65
chr19:1021532:C:T	11.95
chr19:1021533:G:A	13.4
chr19:1021533:G:C	13.01
chr19:1021533:G:T	12.5
chr19:1021534:G:A	10.3
chr19:1021534:G:C	9.757
chr19:1021534:G:T	10.11
chr19:1021535:C:A	9.502
chr19:1021535:C:G	9.685
chr19:1021535:C:T	12.99
chr19:1021536:A:C	13.29
chr19:1021536:A:G	13.26
chr19:1021536:A:T	13.06
chr19:1021537:G:A	12.76
chr19:1021537:G:C	12.01
chr19:1021537:G:T	12.77
chr19:1021538:C:A	13.02
chr19:1021538:C:G	12.95
chr19:1021538:C:T	14.07
chr19:1021539:A:C	14.59
chr19:1021539:A:G	14.95
chr19:1021539:A:T	14.51
chr19:1021540:C:A	14.69
chr19:1021540:C:G	14.71
chr19:1021540:C:T	15.57
chr19:1021541:A:C	13.45
chr19:1021541:A:G	14.29
chr19:1021541:A:T	13.42
chr19:1021542:T:A	15.27
chr19:1021542:T:C	15.59
chr19:1021542:T:G	15.27
chr19:1021543:A:C	13.71
chr19:1021543:A:G	14.15
chr19:1021543:A:T	13.68
chr19:1021544:T:A	13.6
chr19:1021544:T:C	14.35
chr19:1021544:T:G	13.62
chr19:1021545:A:C	15.17
chr19:1021545:A:G	15.62
chr19:1021545:A:T	15.17
chr19:1021546:C:A	15.05
chr19:1021546:C:G	15.51
chr19:1021546:C:T	15.68
chr19:1021547:T:A	14.33
chr19:1021547:T:C	14.76
chr19:1021547:T:G	14.4
chr19:1021548:A:C	14.24
chr19:1021548:A:G	14.55
chr19:1021548:A:T	14.42
chr19:1021549:A:C	14.29
chr19:1021549:A:G	14.4
chr19:1021549:A:T	14.65
chr19:1021550:A:C	12.88
chr19:1021550:A:G	13.07
chr19:1021550:A:T	10.77
chr19:1021551:A:C	14.46
chr19:1021551:A:G	14.61
chr19:1021551:A:T	14.61
chr19:1021552:T:A	14.15
chr19:1021552:T:C	14.82
chr19:1021552:T:G	14.19
chr19:1021553:T:A	14.49
chr19:1021553:T:C	13.94
chr19:1021553:T:G	13.86
chr19:1021554:G:A	17.44
chr19:1021554:G:C	15.76
chr19:1021554:G:T	16.33
chr19:1021555:G:A	15.35
chr19:1021555:G:C	14.67
chr19:1021555:G:T	16.06
chr19:1021556:A:C	14.62
chr19:1021556:A:G	14.63
chr19:1021556:A:T	15.32
chr19:1021557:A:C	12.36
chr19:1021557:A:G	12.53
chr19:1021557:A:T	12.08
chr19:1021558:C:A	12.07
chr19:1021558:C:G	11.85
chr19:1021558:C:T	13.12
chr19:1021559:G:A	13.02
chr19:1021559:G:C	11.9
chr19:1021559:G:T	12.49
chr19:1021560:A:C	11.81
chr19:1021560:A:G	12.31
chr19:1021560:A:T	11.78
chr19:1021561:T:A	14.29
chr19:1021561:T:C	14.84
chr19:1021561:T:G	14.24
chr19:1021562:A:C	13.12
chr19:1021562:A:G	13.43
chr19:1021562:A:T	12.84
chr19:1021563:C:A	12.53
chr19:1021563:C:G	13.28
chr19:1021563:C:T	14.05
chr19:1021564:A:C	14.18
chr19:1021564:A:G	14.51
chr19:1021564:A:T	13.99
chr19:1021565:G:A	12.63
chr19:1021565:G:C	12.29
chr19:1021565:G:T	13.28
chr19:1021566:A:C	12.19
chr19:1021566:A:G	13.35
chr19:1021566:A:T	12.35
chr19:1021567:G:A	14.56
chr19:1021567:G:C	13.82
chr19:1021567:G:T	15.18
chr19:1021568:A:C	13.4
chr19:1021568:A:G	12.64
chr19:1021568:A:T	14.61
chr19:1021569:A:C	14.87
chr19:1021569:A:G	15.05
chr19:1021569:A:T	15.28
chr19:1021570:G:A	13.53
chr19:1021570:G:C	12.75
chr19:1021570:G:T	13.11
chr19:1021571:A:C	12.48
chr19:1021571:A:G	13.81
chr19:1021571:A:T	13.46
chr19:1021572:T:A	14.99
chr19:1021572:T:C	15.17
chr19:1021572:T:G	14.98
chr19:1021573:T:A	13.52
chr19:1021573:T:C	13.81
chr19:1021573:T:G	13.78
chr19:1021574:A:C	14.74
chr19:1021574:A:G	15.1
chr19:1021574:A:T	14.63
chr19:1021575:G:A	13.05
chr19:1021575:G:C	12.52
chr19:1021575:G:T	12.67
chr19:1021576:C:A	13.87
chr19:1021576:C:G	14.16
chr19:1021576:C:T	14.89
chr19:1021577:A:C	13.07
chr19:1021577:A:G	13.89
chr19:1021577:A:T	13.49
chr19:1021578:T:A	13.69
chr19:1021578:T:C	14.41
chr19:1021578:T:G	14.51
chr19:1021579:G:A	14.51
chr19:1021579:G:C	13.0
chr19:1021579:G:T	13.4
chr19:1021580:G:A	15.01
chr19:1021580:G:C	14.85
chr19:1021580:G:T	14.73
chr19:1021581:C:A	15.73
chr19:1021581:C:G	15.62
chr19:1021581:C:T	16.24
chr19:1021582:C:A	13.9
chr19:1021582:C:G	14.27
chr19:1021582:C:T	14.54
chr19:1021583:C:A	14.4
chr19:1021583:C:G	14.81
chr19:1021583:C:T	15.36
chr19:1021584:C:A	14.01
chr19:1021584:C:G	14.19
chr19:1021584:C:T	15.09
chr19:1021585:T:A	14.52
chr19:1021585:T:C	14.97
chr19:1021585:T:G	14.7
chr19:1021586:G:A	15.03
chr19:1021586:G:C	14.75
chr19:1021586:G:T	14.73
chr19:1021587:C:A	15.6
chr19:1021587:C:G	16.08
chr19:1021587:C:T	16.58
chr19:1021588:G:A	16.83
chr19:1021588:G:C	16.42
chr19:1021588:G:T	16.59
chr19:1021589:C:A	15.94
chr19:1021589:C:G	15.92
chr19:1021589:C:T	16.74
chr19:1021590:A:C	15.73
chr19:1021590:A:G	16.05
chr19:1021590:A:T	16.46
chr19:1021591:A:C	15.46
chr19:1021591:A:G	16.76
chr19:1021591:A:T	15.66
chr19:1021592:G:A	16.54
chr19:1021592:G:C	15.95
chr19:1021592:G:T	16.44
chr19:1021593:G:A	16.26
chr19:1021593:G:C	16.6
chr19:1021593:G:T	16.92
chr19:1021594:A:C	16.22
chr19:1021594:A:G	17.29
chr19:1021594:A:T	16.66
chr19:1021595:T:A	15.6
chr19:1021595:T:C	15.86
chr19:1021595:T:G	15.9
chr19:1021596:G:A	16.66
chr19:1021596:G:C	16.43
chr19:1021596:G:T	16.32
chr19:1021597:A:C	15.64
chr19:1021597:A:G	16.06
chr19:1021597:A:T	15.78
chr19:1021598:C:A	15.93
chr19:1021598:C:G	16.0
chr19:1021598:C:T	16.49
chr19:1021599:A:C	15.7
chr19:1021599:A:G	15.96
chr19:1021599:A:T	15.7
chr19:1021600:C:A	16.46
chr19:1021600:C:G	16.88
chr19:1021600:C:T	16.83
chr19:1021601:G:A	15.08
chr19:1021601:G:C	14.82
chr19:1021601:G:T	14.68
chr19:1021602:C:A	15.55
chr19:1021602:C:G	15.7
chr19:1021602:C:T	16.57
chr19:1021603:A:C	15.21
chr19:1021603:A:G	15.43
chr19:1021603:A:T	15.41
chr19:1021604:A:C	15.51
chr19:1021604:A:G	15.27
chr19:1021604:A:T	15.35
chr19:1021605:A:C	14.79
chr19:1021605:A:G	15.17
chr19:1021605:A:T	14.85
chr19:1021606:T:A	14.51
chr19:1021606:T:C	15.0
chr19:1021606:T:G	14.6
chr19:1021607:T:A	11.7
chr19:1021607:T:C	12.05
chr19:1021607:T:G	12.42
chr19:1021608:C:A	13.24
chr19:1021608:C:G	12.13
chr19:1021608:C:T	13.4
chr19:1021609:G:A	14.25
chr19:1021609:G:C	12.96
chr19:1021609:G:T	13.52
chr19:1021610:T:A	13.97
chr19:1021610:T:C	14.55
chr19:1021610:T:G	14.17
chr19:1021611:G:A	14.45
chr19:1021611:G:C	12.4
chr19:1021611:G:T	14.76
chr19:1021612:A:C	14.41
chr19:1021612:A:G	14.28
chr19:1021612:A:T	15.42
chr19:1021613:A:C	12.78
chr19:1021613:A:G	12.8
chr19:1021613:A:T	13.12
chr19:1021614:G:A	12.93
chr19:1021614:G:C	12.49
chr19:1021614:G:T	12.48
chr19:1021615:C:A	12.35
chr19:1021615:C:G	13.56
chr19:1021615:C:T	13.18
chr19:1021616:G:A	13.93
chr19:1021616:G:C	13.3
chr19:1021616:G:T	13.67
chr19:1021617:T:A	10.97
chr19:1021617:T:C	11.55
chr19:1021617:T:G	11.14
chr19:1021618:T:A	13.98
chr19:1021618:T:C	14.28
chr19:1021618:T:G	14.17
chr19:1021619:C:A	12.27
chr19:1021619:C:G	11.52
chr19:1021619:C:T	12.58
chr19:1021620:C:A	11.21
chr19:1021620:C:G	11.31
chr19:1021620:C:T	12.57
chr19:1021621:A:C	9.061
chr19:1021621:A:G	9.793
chr19:1021621:A:T	8.8
chr19:1021622:T:A	12.28
chr19:1021622:T:C	12.88
chr19:1021622:T:G	12.33
chr19:1021623:A:C	9.923
chr19:1021623:A:G	10.59
chr19:1021623:A:T	6.78
chr19:1021624:T:A	8.658
chr19:1021624:T:C	8.916
chr19:1021624:T:G	8.691
chr19:1021625:T:A	10.98
chr19:1021625:T:C	11.21
chr19:1021625:T:G	11.2
chr19:1021626:T:A	11.51
chr19:1021626:T:C	12.13
chr19:1021626:T:G	11.69
chr19:1021627:T:A	12.74
chr19:1021627:T:C	11.71
chr19:1021627:T:G	12.28
chr19:1021628:T:A	6.435
chr19:1021628:T:C	7.348
chr19:1021628:T:G	6.589
chr2:121530881:A:C	13.55
chr2:121530881:A:G	13.41
chr2:121530881:A:T	14.25
chr2:121530882:C:A	18.72
chr2:121530882:C:G	17.92
chr2:121530882:C:T	18.49
chr2:121530883:C:A	18.92
chr2:121530883:C:G	18.48
chr2:121530883:C:T	19.49
chr2:121530884:A:C	16.08
chr2:121530884:A:G	16.03
chr2:121530884:A:T	15.83
chr2:121530885:T:A	18.13
chr2:121530885:T:C	18.89
chr2:121530885:T:G	18.25
chr2:121530886:C:A	19.55
chr2:121530886:C:G	19.22
chr2:121530886:C:T	19.67
chr2:121530887:C:A	19.23
chr2:121530887:C:G	19.38
chr2:121530887:C:T	19.86
chr2:121530888:T:A	18.4
chr2:121530888:T:C	18.73
chr2:121530888:T:G	18.37
chr2:121530889:T:A	18.64
chr2:121530889:T:C	18.75
chr2:121530889:T:G	18.62
chr2:121530890:T:A	17.91
chr2:121530890:T:C	17.92
chr2:121530890:T:G	17.85
chr2:121530891:T:A	18.77
chr2:121530891:T:C	18.83
chr2:121530891:T:G	18.71
chr2:121530892:C:A	20.2
chr2:121530892:C:G	20.0
chr2:121530892:C:T	20.2
chr2:121530893:T:A	18.69
chr2:121530893:T:C	19.08
chr2:121530893:T:G	18.76
chr2:121530894:T:A	19.33
chr2:121530894:T:C	18.98
chr2:121530894:T:G	19.06
chr2:121530895:G:A	20.4
chr2:121530895:G:C	19.4
chr2:121530895:G:T	19.52
chr2:121530896:G:A	19.62
chr2:121530896:G:C	19.53
chr2:121530896:G:T	19.42
chr2:121530897:G:A	19.67
chr2:121530897:G:C	19.47
chr2:121530897:G:T	19.41
chr2:121530898:G:A	18.6
chr2:121530898:G:C	18.51
chr2:121530898:G:T	18.49
chr2:121530899:T:A	16.63
chr2:121530899:T:C	16.71
chr2:121530899:T:G	16.96
chr2:121530900:T:A	18.29
chr2:121530900:T:C	18.24
chr2:121530900:T:G	18.39
chr2:121530901:G:A	19.49
chr2:121530901:G:C	19.46
chr2:121530901:G:T	19.4
chr2:121530902:C:A	16.45
chr2:121530902:C:G	17.5
chr2:121530902:C:T	16.63
chr2:121530903:G:A	19.69
chr2:121530903:G:C	19.57
chr2:121530903:G:T	19.51
chr2:121530904:C:A	8.839
chr2:121530904:C:G	8.359
chr2:121530904:C:T	10.1
chr2:121530905:T:A	19.1
chr2:121530905:T:C	19.12
chr2:121530905:T:G	18.8
chr2:121530906:A:C	16.68
chr2:121530906:A:G	16.98
chr2:121530906:A:T	16.78
chr2:121530907:C:A	19.16
chr2:121530907:C:G	19.54
chr2:121530907:C:T	19.39
chr2:121530908:T:A	18.06
chr2:121530908:T:C	18.18
chr2:121530908:T:G	18.07
chr2:121530909:G:A	17.1
chr2:121530909:G:C	16.82
chr2:121530909:G:T	16.96
chr2:121530910:T:A	15.98
chr2:121530910:T:C	16.11
chr2:121530910:T:G	16.09
chr2:121530911:C:A	18.63
chr2:121530911:C:G	18.77
chr2:121530911:C:T	18.95
chr2:121530912:C:A	19.67
chr2:121530912:C:G	19.45
chr2:121530912:C:T	20.4
chr2:121530913:A:C	16.16
chr2:121530913:A:G	15.91
chr2:121530913:A:T	15.96
chr2:121530914:A:C	18.53
chr2:121530914:A:G	18.91
chr2:121530914:A:T	18.63
chr2:121530915:T:A	17.17
chr2:121530915:T:C	17.25
chr2:121530915:T:G	17.16
chr2:121530916:G:A	19.78
chr2:121530916:G:C	19.05
chr2:121530916:G:T	19.82
chr2:121530917:A:C	18.48
chr2:121530917:A:G	18.38
chr2:121530917:A:T	18.62
chr2:121530918:G:A	0.169
chr2:121530918:G:C	0.14
chr2:121530918:G:T	0.147
chr2:121530919:C:A	18.6
chr2:121530919:C:G	19.18
chr2:121530919:C:T	19.17
chr2:121530920:G:A	16.79
chr2:121530920:G:C	16.38
chr2:121530920:G:T	16.38
chr2:121530921:C:A	0.001
chr2:121530921:C:G	0.001
chr2:121530921:C:T	0.001
chr2:121530922:A:C	0.001
chr2:121530922:A:G	0.001
chr2:121530922:A:T	0.001
chr2:121530923:T:A	14.82
chr2:121530923:T:C	15.5
chr2:121530923:T:G	14.88
chr2:121530924:A:C	13.01
chr2:121530924:A:G	13.21
chr2:121530924:A:T	12.93
chr2:121530925:G:A	18.65
chr2:121530925:G:C	18.51
chr2:121530925:G:T	18.39
chr2:121530926:T:A	11.94
chr2:121530926:T:C	12.25
chr2:121530926:T:G	12.84
chr2:121530927:G:A	19.09
chr2:121530927:G:C	18.82
chr2:121530927:G:T	19.62
chr2:121530928:A:C	17.89
chr2:121530928:A:G	18.35
chr2:121530928:A:T	17.96
chr2:121530929:G:A	18.68
chr2:121530929:G:C	18.44
chr2:121530929:G:T	18.52
chr2:121530930:G:A	17.59
chr2:121530930:G:C	17.38
chr2:121530930:G:T	17.28
chr2:121530931:G:A	0.413
chr2:121530931:G:C	0.349
chr2:121530931:G:T	0.349
chr2:121530932:C:A	11.43
chr2:121530932:C:G	11.45
chr2:121530932:C:T	13.69
chr2:121530933:A:C	17.39
chr2:121530933:A:G	17.5
chr2:121530933:A:T	17.51
chr2:121530934:G:A	18.41
chr2:121530934:G:C	18.05
chr2:121530934:G:T	18.3
chr2:121530935:T:A	18.57
chr2:121530935:T:C	18.77
chr2:121530935:T:G	18.51
chr2:121530936:A:C	18.58
chr2:121530936:A:G	18.61
chr2:121530936:A:T	18.54
chr2:121530937:C:A	19.72
chr2:121530937:C:G	20.0
chr2:121530937:C:T	20.1
chr2:121530938:T:A	18.4
chr2:121530938:T:C	18.52
chr2:121530938:T:G	18.38
chr2:121530939:G:A	19.23
chr2:121530939:G:C	19.04
chr2:121530939:G:T	19.03
chr2:121530940:C:A	19.18
chr2:121530940:C:G	19.26
chr2:121530940:C:T	19.61
chr2:121530941:T:A	17.83
chr2:121530941:T:C	18.01
chr2:121530941:T:G	18.04
chr2:121530942:A:C	14.67
chr2:121530942:A:G	14.81
chr2:121530942:A:T	14.56
chr2:121530943:A:C	16.96
chr2:121530943:A:G	17.37
chr2:121530943:A:T	16.91
chr2:121530944:C:A	17.55
chr2:121530944:C:G	17.52
chr2:121530944:C:T	18.04
chr2:121530945:G:A	0.252
chr2:121530945:G:C	0.328
chr2:121530945:G:T	0.166
chr2:121530946:C:A	15.55
chr2:121530946:C:G	15.54
chr2:121530946:C:T	15.85
chr2:121530947:C:A	13.03
chr2:121530947:C:G	13.13
chr2:121530947:C:T	13.81
chr2:121530948:T:A	9.897
chr2:121530948:T:C	11.08
chr2:121530948:T:G	10.35
chr2:121530949:G:A	0.018
chr2:121530949:G:C	0.01
chr2:121530949:G:T	0.015
chr2:121530950:A:C	0.027
chr2:121530950:A:G	0.024
chr2:121530950:A:T	0.033
chr2:121530951:A:C	6.243
chr2:121530951:A:G	6.063
chr2:121530951:A:T	6.044
chr2:121530952:C:A	15.76
chr2:121530952:C:G	15.66
chr2:121530952:C:T	16.3
chr2:121530953:A:C	15.03
chr2:121530953:A:G	14.95
chr2:121530953:A:T	14.63
chr2:121530954:A:C	14.93
chr2:121530954:A:G	14.98
chr2:121530954:A:T	14.8
chr2:121530955:C:A	15.98
chr2:121530955:C:G	15.69
chr2:121530955:C:T	16.47
chr2:121530956:A:C	14.95
chr2:121530956:A:G	15.05
chr2:121530956:A:T	14.65
chr2:121530957:C:A	15.53
chr2:121530957:C:G	15.56
chr2:121530957:C:T	15.87
chr2:121530958:A:C	0.012
chr2:121530958:A:G	0.012
chr2:121530958:A:T	0.011
chr2:121530959:C:A	0.967
chr2:121530959:C:G	1.041
chr2:121530959:C:T	1.198
chr2:121530960:C:A	0.018
chr2:121530960:C:G	0.018
chr2:121530960:C:T	0.028
chr2:121530961:C:A	12.68
chr2:121530961:C:G	12.44
chr2:121530961:C:T	13.5
chr2:121530962:G:A	16.79
chr2:121530962:G:C	16.32
chr2:121530962:G:T	16.22
chr2:121530963:C:A	15.96
chr2:121530963:C:G	16.0
chr2:121530963:C:T	16.66
chr2:121530964:A:C	13.68
chr2:121530964:A:G	13.9
chr2:121530964:A:T	13.73
chr2:121530965:T:A	8.419
chr2:121530965:T:C	9.118
chr2:121530965:T:G	8.327
chr2:121530966:C:A	14.99
chr2:121530966:C:G	14.53
chr2:121530966:C:T	15.4
chr2:121530967:A:C	1.945
chr2:121530967:A:G	1.739
chr2:121530967:A:T	1.73
chr2:121530968:A:C	0.094
chr2:121530968:A:G	0.111
chr2:121530968:A:T	0.087
chr2:121530969:C:A	0.024
chr2:121530969:C:G	0.02
chr2:121530969:C:T	0.036
chr2:121530970:T:A	5.908
chr2:121530970:T:C	6.565
chr2:121530970:T:G	6.078
chr2:121530971:A:C	1.723
chr2:121530971:A:G	1.944
chr2:121530971:A:T	1.663
chr2:121530972:G:A	0.002
chr2:121530972:G:C	0.002
chr2:121530972:G:T	0.003
chr2:121530973:A:C	2.722
chr2:121530973:A:G	3.688
chr2:121530973:A:T	2.996
chr2:121530974:G:A	10.43
chr2:121530974:G:C	9.945
chr2:121530974:G:T	10.29
chr2:121530975:C:A	3.552
chr2:121530975:C:G	3.879
chr2:121530975:C:T	5.542
chr2:121530976:T:A	1.618
chr2:121530976:T:C	1.907
chr2:121530976:T:G	1.745
chr2:121530977:T:A	3.288
chr2:121530977:T:C	3.746
chr2:121530977:T:G	3.386
chr2:121530978:T:A	0.004
chr2:121530978:T:C	0.004
chr2:121530978:T:G	0.004
chr2:121530979:T:A	0.762
chr2:121530979:T:C	0.711
chr2:121530979:T:G	0.592
chr2:121530980:G:A	11.97
chr2:121530980:G:C	10.35
chr2:121530980:G:T	11.28
chr2:121530981:C:A	12.66
chr2:121530981:C:G	12.5
chr2:121530981:C:T	13.83
chr2:121530982:T:A	10.8
chr2:121530982:T:C	11.22
chr2:121530982:T:G	11.15
chr2:121530983:T:A	8.573
chr2:121530983:T:C	8.456
chr2:121530983:T:G	8.312
chr2:121530984:T:A	7.441
chr2:121530984:T:C	10.72
chr2:121530984:T:G	10.34
chr2:121530985:A:C	5.575
chr2:121530985:A:G	5.531
chr2:121530985:A:T	2.528
chr2:121530986:T:A	0.001
chr2:121530986:T:C	0.001
chr2:121530986:T:G	0.001
chr2:121530987:T:A	0.118
chr2:121530987:T:C	0.152
chr2:121530987:T:G	0.119
chr2:121530988:T:A	9.214
chr2:121530988:T:C	9.481
chr2:121530988:T:G	8.812
chr2:121530989:T:A	8.7
chr2:121530989:T:C	7.335
chr2:121530989:T:G	7.776
chr2:121530990:G:A	18.84
chr2:121530990:G:C	17.63
chr2:121530990:G:T	18.55
chr2:121530991:G:A	16.41
chr2:121530991:G:C	16.15
chr2:121530991:G:T	16.68
chr2:121530992:T:A	16.28
chr2:121530992:T:C	16.61
chr2:121530992:T:G	16.76
chr2:121530993:G:A	19.09
chr2:121530993:G:C	18.32
chr2:121530993:G:T	18.57
chr2:121530994:C:A	18.34
chr2:121530994:C:G	18.35
chr2:121530994:C:T	19.27
chr2:121530995:A:C	17.73
chr2:121530995:A:G	17.76
chr2:121530995:A:T	17.84
chr2:121530996:A:C	17.67
chr2:121530996:A:G	18.03
chr2:121530996:A:T	17.81
chr2:121530997:T:A	16.46
chr2:121530997:T:C	17.91
chr2:121530997:T:G	17.8
chr2:121530998:T:A	17.75
chr2:121530998:T:C	18.03
chr2:121530998:T:G	17.78
chr2:121530999:T:A	17.88
chr2:121530999:T:C	17.95
chr2:121530999:T:G	17.99
chr2:121531000:T:A	17.96
chr2:121531000:T:C	18.18
chr2:121531000:T:G	17.86
chr2:121531001:T:A	18.43
chr2:121531001:T:C	17.95
chr2:121531001:T:G	18.05
chr2:121531002:G:A	19.87
chr2:121531002:G:C	18.81
chr2:121531002:G:T	18.78
chr2:121531003:G:A	18.86
chr2:121531003:G:C	19.14
chr2:121531003:G:T	19.54
chr2:121531004:A:C	18.04
chr2:121531004:A:G	18.32
chr2:121531004:A:T	18.74
chr2:121531005:A:C	15.89
chr2:121531005:A:G	16.06
chr2:121531005:A:T	16.99
chr2:121531006:A:C	13.09
chr2:121531006:A:G	13.12
chr2:121531006:A:T	13.25
chr2:121531007:A:C	10.07
chr2:121531007:A:G	10.32
chr2:121531007:A:T	10.14
chr22:42615244:A:C	14.63
chr22:42615244:A:G	14.31
chr22:42615244:A:T	15.56
chr22:42615245:T:A	15.47
chr22:42615245:T:C	15.78
chr22:42615245:T:G	15.33
chr22:42615246:G:A	18.04
chr22:42615246:G:C	17.08
chr22:42615246:G:T	17.02
chr22:42615247:C:A	18.02
chr22:42615247:C:G	17.92
chr22:42615247:C:T	18.59
chr22:42615248:C:A	17.33
chr22:42615248:C:G	17.46
chr22:42615248:C:T	17.85
chr22:42615249:T:A	16.81
chr22:42615249:T:C	17.0
chr22:42615249:T:G	16.77
chr22:42615250:T:A	16.74
chr22:42615250:T:C	16.93
chr22:42615250:T:G	16.81
chr22:42615251:A:C	17.87
chr22:42615251:A:G	18.03
chr22:42615251:A:T	17.89
chr22:42615252:A:C	16.39
chr22:42615252:A:G	16.48
chr22:42615252:A:T	16.48
chr22:42615253:A:C	15.67
chr22:42615253:A:G	17.26
chr22:42615253:A:T	16.99
chr22:42615254:C:A	19.04
chr22:42615254:C:G	18.99
chr22:42615254:C:T	19.45
chr22:42615255:T:A	18.1
chr22:42615255:T:C	18.34
chr22:42615255:T:G	18.31
chr22:42615256:T:A	18.4
chr22:42615256:T:C	18.59
chr22:42615256:T:G	18.35
chr22:42615257:A:C	18.5
chr22:42615257:A:G	18.85
chr22:42615257:A:T	18.49
chr22:42615258:T:A	18.64
chr22:42615258:T:C	19.14
chr22:42615258:T:G	18.74
chr22:42615259:G:A	20.3
chr22:42615259:G:C	19.38
chr22:42615259:G:T	20.2
chr22:42615260:A:C	18.68
chr22:42615260:A:G	19.36
chr22:42615260:A:T	18.72
chr22:42615261:G:A	18.96
chr22:42615261:G:C	18.53
chr22:42615261:G:T	18.46
chr22:42615262:T:A	18.01
chr22:42615262:T:C	18.23
chr22:42615262:T:G	18.06
chr22:42615263:A:C	18.81
chr22:42615263:A:G	19.05
chr22:42615263:A:T	19.36
chr22:42615264:A:C	18.0
chr22:42615264:A:G	18.71
chr22:42615264:A:T	17.91
chr22:42615265:G:A	19.73
chr22:42615265:G:C	19.09
chr22:42615265:G:T	19.25
chr22:42615266:G:A	19.87
chr22:42615266:G:C	19.53
chr22:42615266:G:T	20.2
chr22:42615267:A:C	17.85
chr22:42615267:A:G	18.03
chr22:42615267:A:T	18.83
chr22:42615268:A:C	18.43
chr22:42615268:A:G	18.57
chr22:42615268:A:T	18.67
chr22:42615269:A:C	18.42
chr22:42615269:A:G	18.66
chr22:42615269:A:T	18.34
chr22:42615270:A:C	17.56
chr22:42615270:A:G	17.82
chr22:42615270:A:T	17.46
chr22:42615271:T:A	17.28
chr22:42615271:T:C	18.78
chr22:42615271:T:G	18.55
chr22:42615272:A:C	18.48
chr22:42615272:A:G	18.67
chr22:42615272:A:T	18.33
chr22:42615273:A:C	18.43
chr22:42615273:A:G	19.0
chr22:42615273:A:T	18.46
chr22:42615274:C:A	19.39
chr22:42615274:C:G	19.47
chr22:42615274:C:T	20.4
chr22:42615275:G:A	19.03
chr22:42615275:G:C	18.12
chr22:42615275:G:T	18.6
chr22:42615276:A:C	18.28
chr22:42615276:A:G	18.77
chr22:42615276:A:T	18.3
chr22:42615277:T:A	17.35
chr22:42615277:T:C	17.62
chr22:42615277:T:G	17.38
chr22:42615278:T:A	16.14
chr22:42615278:T:C	16.27
chr22:42615278:T:G	16.13
chr22:42615279:C:A	20.3
chr22:42615279:C:G	19.76
chr22:42615279:C:T	20.3
chr22:42615280:G:A	18.81
chr22:42615280:G:C	18.46
chr22:42615280:G:T	18.21
chr22:42615281:G:A	19.4
chr22:42615281:G:C	19.18
chr22:42615281:G:T	18.95
chr22:42615282:G:A	18.58
chr22:42615282:G:C	18.2
chr22:42615282:G:T	18.13
chr22:42615283:G:A	19.55
chr22:42615283:G:C	19.18
chr22:42615283:G:T	19.32
chr22:42615284:T:A	18.65
chr22:42615284:T:C	18.89
chr22:42615284:T:G	19.52
chr22:42615285:G:A	19.89
chr22:42615285:G:C	19.46
chr22:42615285:G:T	19.65
chr22:42615286:A:C	18.93
chr22:42615286:A:G	19.27
chr22:42615286:A:T	18.73
chr22:42615287:C:A	18.65
chr22:42615287:C:G	18.94
chr22:42615287:C:T	19.17
chr22:42615288:G:A	20.1
chr22:42615288:G:C	19.89
chr22:42615288:G:T	19.42
chr22:42615289:C:A	19.54
chr22:42615289:C:G	19.55
chr22:42615289:C:T	19.82
chr22:42615290:C:A	19.41
chr22:42615290:C:G	19.66
chr22:42615290:C:T	19.93
chr22:42615291:C:A	18.43
chr22:42615291:C:G	18.77
chr22:42615291:C:T	19.3
chr22:42615292:G:A	18.19
chr22:42615292:G:C	17.67
chr22:42615292:G:T	17.68
chr22:42615293:A:C	14.05
chr22:42615293:A:G	13.93
chr22:42615293:A:T	14.24
chr22:42615294:A:C	15.28
chr22:42615294:A:G	15.78
chr22:42615294:A:T	15.39
chr22:42615295:T:A	18.68
chr22:42615295:T:C	19.13
chr22:42615295:T:G	18.7
chr22:42615296:C:A	18.69
chr22:42615296:C:G	18.7
chr22:42615296:C:T	18.91
chr22:42615297:C:A	19.47
chr22:42615297:C:G	19.47
chr22:42615297:C:T	19.74
chr22:42615298:T:A	18.57
chr22:42615298:T:C	18.97
chr22:42615298:T:G	18.59
chr22:42615299:C:A	19.55
chr22:42615299:C:G	19.34
chr22:42615299:C:T	19.96
chr22:42615300:A:C	17.88
chr22:42615300:A:G	17.99
chr22:42615300:A:T	17.71
chr22:42615301:C:A	19.48
chr22:42615301:C:G	19.67
chr22:42615301:C:T	20.2
chr22:42615302:T:A	17.72
chr22:42615302:T:C	18.01
chr22:42615302:T:G	17.79
chr22:42615303:G:A	16.83
chr22:42615303:G:C	16.52
chr22:42615303:G:T	16.44
chr22:42615304:C:A	18.18
chr22:42615304:C:G	18.48
chr22:42615304:C:T	18.85
chr22:42615305:T:A	12.55
chr22:42615305:T:C	12.92
chr22:42615305:T:G	12.69
chr22:42615306:A:C	14.62
chr22:42615306:A:G	14.94
chr22:42615306:A:T	14.33
chr22:42615307:A:C	18.7
chr22:42615307:A:G	19.19
chr22:42615307:A:T	18.92
chr22:42615308:T:A	17.12
chr22:42615308:T:C	17.67
chr22:42615308:T:G	17.22
chr22:42615309:G:A	18.78
chr22:42615309:G:C	18.22
chr22:42615309:G:T	18.38
chr22:42615310:T:A	18.61
chr22:42615310:T:C	18.88
chr22:42615310:T:G	18.67
chr22:42615311:G:A	19.71
chr22:42615311:G:C	19.32
chr22:42615311:G:T	19.88
chr22:42615312:A:C	18.57
chr22:42615312:A:G	18.89
chr22:42615312:A:T	18.66
chr22:42615313:G:A	19.59
chr22:42615313:G:C	19.41
chr22:42615313:G:T	19.56
chr22:42615314:A:C	17.58
chr22:42615314:A:G	18.05
chr22:42615314:A:T	18.08
chr22:42615315:C:A	15.16
chr22:42615315:C:G	15.54
chr22:42615315:C:T	16.17
chr22:42615316:G:A	19.61
chr22:42615316:G:C	18.97
chr22:42615316:G:T	19.48
chr22:42615317:A:C	18.9
chr22:42615317:A:G	18.56
chr22:42615317:A:T	19.11
chr22:42615318:A:C	18.59
chr22:42615318:A:G	19.05
chr22:42615318:A:T	18.78
chr22:42615319:T:A	18.48
chr22:42615319:T:C	18.79
chr22:42615319:T:G	18.62
chr22:42615320:T:A	17.61
chr22:42615320:T:C	17.81
chr22:42615320:T:G	17.74
chr22:42615321:T:A	18.53
chr22:42615321:T:C	18.84
chr22:42615321:T:G	18.59
chr22:42615322:T:A	18.95
chr22:42615322:T:C	18.93
chr22:42615322:T:G	18.72
chr22:42615323:T:A	18.78
chr22:42615323:T:C	18.83
chr22:42615323:T:G	18.59
chr22:42615324:G:A	19.79
chr22:42615324:G:C	19.21
chr22:42615324:G:T	19.07
chr22:42615325:A:C	14.73
chr22:42615325:A:G	15.65
chr22:42615325:A:T	14.8
chr22:42615326:G:A	16.24
chr22:42615326:G:C	15.88
chr22:42615326:G:T	15.75
chr22:42615327:C:A	17.45
chr22:42615327:C:G	18.17
chr22:42615327:C:T	18.33
chr22:42615328:G:A	18.13
chr22:42615328:G:C	17.36
chr22:42615328:G:T	17.44
chr22:42615329:G:A	19.51
chr22:42615329:G:C	19.19
chr22:42615329:G:T	19.07
chr22:42615330:G:A	19.67
chr22:42615330:G:C	19.21
chr22:42615330:G:T	19.12
chr22:42615331:T:A	18.62
chr22:42615331:T:C	18.91
chr22:42615331:T:G	18.67
chr22:42615332:A:C	17.86
chr22:42615332:A:G	18.02
chr22:42615332:A:T	17.95
chr22:42615333:A:C	16.96
chr22:42615333:A:G	17.17
chr22:42615333:A:T	17.19
chr22:42615334:A:C	17.35
chr22:42615334:A:G	18.29
chr22:42615334:A:T	17.44
chr22:42615335:G:A	17.72
chr22:42615335:G:C	17.28
chr22:42615335:G:T	17.43
chr22:42615336:G:A	18.92
chr22:42615336:G:C	18.67
chr22:42615336:G:T	18.54
chr22:42615337:T:A	17.47
chr22:42615337:T:C	17.64
chr22:42615337:T:G	18.08
chr22:42615338:C:A	1.858
chr22:42615338:C:G	1.431
chr22:42615338:C:T	2.288
chr22:42615339:G:A	14.52
chr22:42615339:G:C	14.42
chr22:42615339:G:T	14.28
chr22:42615340:C:A	8.054
chr22:42615340:C:G	8.056
chr22:42615340:C:T	9.035
chr22:42615341:C:A	11.5
chr22:42615341:C:G	11.66
chr22:42615341:C:T	12.43
chr22:42615342:C:A	13.53
chr22:42615342:C:G	13.8
chr22:42615342:C:T	14.35
chr22:42615343:T:A	12.36
chr22:42615343:T:C	13.04
chr22:42615343:T:G	12.47
chr22:42615344:C:A	1.253
chr22:42615344:C:G	3.219
chr22:42615344:C:T	4.935
chr22:42615345:A:C	0.578
chr22:42615345:A:G	0.618
chr22:42615345:A:T	1.426
chr22:42615346:A:C	10.13
chr22:42615346:A:G	11.9
chr22:42615346:A:T	9.807
chr22:42615347:G:A	16.77
chr22:42615347:G:C	16.28
chr22:42615347:G:T	16.23
chr22:42615348:G:A	18.98
chr22:42615348:G:C	18.71
chr22:42615348:G:T	18.81
chr22:42615349:T:A	15.82
chr22:42615349:T:C	15.98
chr22:42615349:T:G	16.22
chr22:42615350:G:A	19.0
chr22:42615350:G:C	18.38
chr22:42615350:G:T	18.61
chr22:42615351:A:C	18.93
chr22:42615351:A:G	18.84
chr22:42615351:A:T	18.65
chr22:42615352:C:A	17.98
chr22:42615352:C:G	18.08
chr22:42615352:C:T	18.3
chr22:42615353:C:A	18.55
chr22:42615353:C:G	18.62
chr22:42615353:C:T	19.02
chr22:42615354:C:A	18.72
chr22:42615354:C:G	18.79
chr22:42615354:C:T	19.5
chr22:42615355:G:A	19.89
chr22:42615355:G:C	19.46
chr22:42615355:G:T	19.13
chr22:42615356:C:A	18.59
chr22:42615356:C:G	18.73
chr22:42615356:C:T	19.33
chr22:42615357:C:A	18.42
chr22:42615357:C:G	18.37
chr22:42615357:C:T	18.92
chr22:42615358:T:A	18.94
chr22:42615358:T:C	19.19
chr22:42615358:T:G	18.86
chr22:42615359:A:C	18.71
chr22:42615359:A:G	19.66
chr22:42615359:A:T	18.76
chr22:42615360:C:A	19.71
chr22:42615360:C:G	20.2
chr22:42615360:C:T	19.83
chr22:42615361:T:A	18.54
chr22:42615361:T:C	19.08
chr22:42615361:T:G	18.63
chr22:42615362:T:A	18.85
chr22:42615362:T:C	18.81
chr22:42615362:T:G	19.26
chr22:42615363:T:A	18.86
chr22:42615363:T:C	18.98
chr22:42615363:T:G	18.71
chr22:42615364:G:A	19.34
chr22:42615364:G:C	19.07
chr22:42615364:G:T	19.02
chr22:42615365:C:A	18.68
chr22:42615365:C:G	18.86
chr22:42615365:C:T	19.13
chr22:42615366:G:A	19.09
chr22:42615366:G:C	18.25
chr22:42615366:G:T	18.49
chr22:42615367:G:A	19.42
chr22:42615367:G:C	19.56
chr22:42615367:G:T	19.14
chr22:42615368:G:A	19.42
chr22:42615368:G:C	19.08
chr22:42615368:G:T	19.17
chr22:42615369:A:C	18.5
chr22:42615369:A:G	19.34
chr22:42615369:A:T	18.91
chr22:42615370:T:A	18.46
chr22:42615370:T:C	18.79
chr22:42615370:T:G	18.71
chr22:42615371:G:A	18.3
chr22:42615371:G:C	17.95
chr22:42615371:G:T	17.97
chr22:42615372:C:A	19.1
chr22:42615372:C:G	19.46
chr22:42615372:C:T	19.63
chr22:42615373:C:A	19.08
chr22:42615373:C:G	19.42
chr22:42615373:C:T	19.74
chr22:42615374:T:A	16.16
chr22:42615374:T:C	16.29
chr22:42615374:T:G	16.17
chr22:42615375:G:A	11.94
chr22:42615375:G:C	11.2
chr22:42615375:G:T	11.04
chr22:42615376:G:A	16.19
chr22:42615376:G:C	15.84
chr22:42615376:G:T	15.95
chr22:42615377:G:A	17.54
chr22:42615377:G:C	17.55
chr22:42615377:G:T	17.97
chr22:42615378:A:C	0.546
chr22:42615378:A:G	1.263
chr22:42615378:A:T	0.773
chr22:42615379:G:A	11.55
chr22:42615379:G:C	10.98
chr22:42615379:G:T	10.89
chr22:42615380:T:A	1.253
chr22:42615380:T:C	1.522
chr22:42615380:T:G	1.534
chr22:42615381:T:A	0.015
chr22:42615381:T:C	0.015
chr22:42615381:T:G	0.014
chr22:42615382:G:A	16.11
chr22:42615382:G:C	15.83
chr22:42615382:G:T	15.71
chr22:42615383:C:A	15.62
chr22:42615383:C:G	15.67
chr22:42615383:C:T	16.01
chr22:42615384:G:A	15.89
chr22:42615384:G:C	15.79
chr22:42615384:G:T	15.84
chr22:42615385:A:C	14.2
chr22:42615385:A:G	14.38
chr22:42615385:A:T	14.11
chr22:42615386:T:A	15.7
chr22:42615386:T:C	15.91
chr22:42615386:T:G	15.74
chr22:42615387:C:A	15.39
chr22:42615387:C:G	15.5
chr22:42615387:C:T	15.67
chr22:42615388:T:A	16.93
chr22:42615388:T:C	17.28
chr22:42615388:T:G	17.13
chr22:42615389:G:A	16.87
chr22:42615389:G:C	16.52
chr22:42615389:G:T	16.57
chr22:42615390:C:A	16.51
chr22:42615390:C:G	16.52
chr22:42615390:C:T	17.05
chr22:42615391:C:A	16.1
chr22:42615391:C:G	16.41
chr22:42615391:C:T	16.69
chr22:42615392:C:A	14.44
chr22:42615392:C:G	14.39
chr22:42615392:C:T	15.5
chr22:42615393:G:A	16.11
chr22:42615393:G:C	15.55
chr22:42615393:G:T	15.41
chr6:52995621:G:A	20.3
chr6:52995621:G:C	19.73
chr6:52995621:G:T	20.4
chr6:52995622:A:C	19.42
chr6:52995622:A:G	19.9
chr6:52995622:A:T	19.69
chr6:52995623:T:A	19.54
chr6:52995623:T:C	19.77
chr6:52995623:T:G	19.61
chr6:52995624:G:A	20.4
chr6:52995624:G:C	20.3
chr6:52995624:G:T	20.3
chr6:52995625:T:A	19.76
chr6:52995625:T:C	20.1
chr6:52995625:T:G	20.2
chr6:52995626:G:A	20.5
chr6:52995626:G:C	20.2
chr6:52995626:G:T	20.6
chr6:52995627:A:C	19.9
chr6:52995627:A:G	20.4
chr6:52995627:A:T	19.88
chr6:52995628:G:A	20.8
chr6:52995628:G:C	20.6
chr6:52995628:G:T	20.6
chr6:52995629:G:A	19.86
chr6:52995629:G:C	19.59
chr6:52995629:G:T	19.49
chr6:52995630:G:A	20.7
chr6:52995630:G:C	20.5
chr6:52995630:G:T	20.5
chr6:52995631:C:A	20.7
chr6:52995631:C:G	21.2
chr6:52995631:C:T	21.1
chr6:52995632:G:A	21.0
chr6:52995632:G:C	20.7
chr6:52995632:G:T	20.9
chr6:52995633:A:C	20.2
chr6:52995633:A:G	20.3
chr6:52995633:A:T	20.2
chr6:52995634:T:A	19.96
chr6:52995634:T:C	20.2
chr6:52995634:T:G	19.96
chr6:52995635:C:A	20.6
chr6:52995635:C:G	20.7
chr6:52995635:C:T	20.8
chr6:52995636:T:A	20.2
chr6:52995636:T:C	20.3
chr6:52995636:T:G	20.3
chr6:52995637:G:A	20.8
chr6:52995637:G:C	20.5
chr6:52995637:G:T	20.5
chr6:52995638:G:A	19.79
chr6:52995638:G:C	19.61
chr6:52995638:G:T	19.73
chr6:52995639:C:A	18.92
chr6:52995639:C:G	19.58
chr6:52995639:C:T	19.81
chr6:52995640:T:A	19.34
chr6:52995640:T:C	19.72
chr6:52995640:T:G	19.41
chr6:52995641:G:A	20.6
chr6:52995641:G:C	20.4
chr6:52995641:G:T	20.4
chr6:52995642:C:A	20.9
chr6:52995642:C:G	21.0
chr6:52995642:C:T	21.1
chr6:52995643:G:A	20.8
chr6:52995643:G:C	20.8
chr6:52995643:G:T	20.8
chr6:52995644:A:C	20.3
chr6:52995644:A:G	20.3
chr6:52995644:A:T	20.4
chr6:52995645:C:A	20.8
chr6:52995645:C:G	20.9
chr6:52995645:C:T	21.2
chr6:52995646:A:C	20.3
chr6:52995646:A:G	20.3
chr6:52995646:A:T	20.1
chr6:52995647:T:A	20.3
chr6:52995647:T:C	20.4
chr6:52995647:T:G	20.2
chr6:52995648:C:A	20.9
chr6:52995648:C:G	20.9
chr6:52995648:C:T	21.2
chr6:52995649:T:A	19.52
chr6:52995649:T:C	19.79
chr6:52995649:T:G	19.55
chr6:52995650:G:A	21.1
chr6:52995650:G:C	20.8
chr6:52995650:G:T	20.8
chr6:52995651:T:A	20.6
chr6:52995651:T:C	20.6
chr6:52995651:T:G	20.4
chr6:52995652:C:A	21.2
chr6:52995652:C:G	20.9
chr6:52995652:C:T	21.2
chr6:52995653:A:C	20.7
chr6:52995653:A:G	20.7
chr6:52995653:A:T	20.4
chr6:52995654:C:A	20.9
chr6:52995654:C:G	20.9
chr6:52995654:C:T	21.1
chr6:52995655:C:A	20.9
chr6:52995655:C:G	20.9
chr6:52995655:C:T	21.1
chr6:52995656:C:A	20.9
chr6:52995656:C:G	20.9
chr6:52995656:C:T	21.0
chr6:52995657:C:A	20.6
chr6:52995657:C:G	20.7
chr6:52995657:C:T	20.9
chr6:52995658:A:C	20.4
chr6:52995658:A:G	20.5
chr6:52995658:A:T	20.3
chr6:52995659:T:A	19.74
chr6:52995659:T:C	19.97
chr6:52995659:T:G	19.77
chr6:52995660:T:A	20.4
chr6:52995660:T:C	20.6
chr6:52995660:T:G	20.4
chr6:52995661:G:A	21.0
chr6:52995661:G:C	20.6
chr6:52995661:G:T	20.8
chr6:52995662:A:C	20.4
chr6:52995662:A:G	20.8
chr6:52995662:A:T	20.5
chr6:52995663:T:A	20.2
chr6:52995663:T:C	20.5
chr6:52995663:T:G	20.4
chr6:52995664:C:A	21.2
chr6:52995664:C:G	21.1
chr6:52995664:C:T	21.1
chr6:52995665:G:A	21.1
chr6:52995665:G:C	21.0
chr6:52995665:G:T	20.8
chr6:52995666:C:A	20.5
chr6:52995666:C:G	20.6
chr6:52995666:C:T	20.9
chr6:52995667:C:A	20.7
chr6:52995667:C:G	20.8
chr6:52995667:C:T	21.2
chr6:52995668:A:C	20.2
chr6:52995668:A:G	20.3
chr6:52995668:A:T	20.1
chr6:52995669:G:A	20.8
chr6:52995669:G:C	20.5
chr6:52995669:G:T	20.5
chr6:52995670:G:A	20.9
chr6:52995670:G:C	20.7
chr6:52995670:G:T	20.6
chr6:52995671:G:A	21.0
chr6:52995671:G:C	20.8
chr6:52995671:G:T	20.9
chr6:52995672:T:A	20.4
chr6:52995672:T:C	20.5
chr6:52995672:T:G	20.5
chr6:52995673:T:A	20.4
chr6:52995673:T:C	20.4
chr6:52995673:T:G	20.3
chr6:52995674:G:A	20.3
chr6:52995674:G:C	19.83
chr6:52995674:G:T	19.93
chr6:52995675:A:C	19.72
chr6:52995675:A:G	19.99
chr6:52995675:A:T	19.63
chr6:52995676:T:A	19.74
chr6:52995676:T:C	19.82
chr6:52995676:T:G	19.66
chr6:52995677:T:A	20.5
chr6:52995677:T:C	20.7
chr6:52995677:T:G	20.6
chr6:52995678:C:A	21.4
chr6:52995678:C:G	21.4
chr6:52995678:C:T	21.6
chr6:52995679:G:A	19.74
chr6:52995679:G:C	19.33
chr6:52995679:G:T	19.32
chr6:52995680:G:A	21.2
chr6:52995680:G:C	21.1
chr6:52995680:G:T	21.1
chr6:52995681:C:A	20.2
chr6:52995681:C:G	20.6
chr6:52995681:C:T	20.7
chr6:52995682:T:A	20.5
chr6:52995682:T:C	20.7
chr6:52995682:T:G	20.6
chr6:52995683:G:A	21.3
chr6:52995683:G:C	20.9
chr6:52995683:G:T	21.2
chr6:52995684:A:C	20.5
chr6:52995684:A:G	20.5
chr6:52995684:A:T	20.5
chr6:52995685:T:A	20.5
chr6:52995685:T:C	20.6
chr6:52995685:T:G	20.5
chr6:52995686:C:A	21.2
chr6:52995686:C:G	21.2
chr6:52995686:C:T	21.3
chr6:52995687:T:A	20.6
chr6:52995687:T:C	20.6
chr6:52995687:T:G	20.7
chr6:52995688:G:A	21.2
chr6:52995688:G:C	20.9
chr6:52995688:G:T	20.9
chr6:52995689:G:A	21.2
chr6:52995689:G:C	21.0
chr6:52995689:G:T	21.0
chr6:52995690:C:A	20.8
chr6:52995690:C:G	21.2
chr6:52995690:C:T	21.3
chr6:52995691:T:A	20.4
chr6:52995691:T:C	20.6
chr6:52995691:T:G	20.6
chr6:52995692:G:A	21.1
chr6:52995692:G:C	20.8
chr6:52995692:G:T	20.8
chr6:52995693:G:A	21.0
chr6:52995693:G:C	20.8
chr6:52995693:G:T	20.9
chr6:52995694:C:A	21.0
chr6:52995694:C:G	21.3
chr6:52995694:C:T	21.3
chr6:52995695:T:A	20.5
chr6:52995695:T:C	20.6
chr6:52995695:T:G	20.4
chr6:52995696:A:C	20.6
chr6:52995696:A:G	20.6
chr6:52995696:A:T	20.5
chr6:52995697:G:A	21.0
chr6:52995697:G:C	20.8
chr6:52995697:G:T	20.8
chr6:52995698:G:A	21.1
chr6:52995698:G:C	20.8
chr6:52995698:G:T	20.9
chr6:52995699:C:A	21.2
chr6:52995699:C:G	21.5
chr6:52995699:C:T	21.6
chr6:52995700:G:A	20.3
chr6:52995700:G:C	19.96
chr6:52995700:G:T	20.2
chr6:52995701:G:A	19.3
chr6:52995701:G:C	19.12
chr6:52995701:G:T	19.04
chr6:52995702:G:A	21.1
chr6:52995702:G:C	21.0
chr6:52995702:G:T	20.9
chr6:52995703:T:A	20.6
chr6:52995703:T:C	20.7
chr6:52995703:T:G	20.7
chr6:52995704:G:A	21.1
chr6:52995704:G:C	21.0
chr6:52995704:G:T	21.0
chr6:52995705:T:A	20.4
chr6:52995705:T:C	20.5
chr6:52995705:T:G	20.4
chr6:52995706:C:A	20.9
chr6:52995706:C:G	20.9
chr6:52995706:C:T	21.2
chr6:52995707:C:A	20.9
chr6:52995707:C:G	21.0
chr6:52995707:C:T	21.1
chr6:52995708:C:A	20.9
chr6:52995708:C:G	21.0
chr6:52995708:C:T	21.2
chr6:52995709:C:A	21.0
chr6:52995709:C:G	21.2
chr6:52995709:C:T	21.2
chr6:52995710:T:A	18.68
chr6:52995710:T:C	18.85
chr6:52995710:T:G	18.77
chr6:52995711:T:A	20.6
chr6:52995711:T:C	20.9
chr6:52995711:T:G	20.6
chr6:52995712:C:A	21.2
chr6:52995712:C:G	21.2
chr6:52995712:C:T	21.4
chr6:52995713:C:A	21.1
chr6:52995713:C:G	21.1
chr6:52995713:C:T	21.4
chr6:52995714:T:A	19.78
chr6:52995714:T:C	19.94
chr6:52995714:T:G	19.6
chr6:52995715:C:A	21.0
chr6:52995715:C:G	21.0
chr6:52995715:C:T	21.2
chr6:52995716:C:A	21.0
chr6:52995716:C:G	21.0
chr6:52995716:C:T	21.1
chr6:52995717:C:A	21.0
chr6:52995717:C:G	21.1
chr6:52995717:C:T	21.2
chr6:52995718:T:A	19.5
chr6:52995718:T:C	19.76
chr6:52995718:T:G	19.48
chr6:52995719:C:A	20.4
chr6:52995719:C:G	20.2
chr6:52995719:C:T	20.5
chr6:52995720:A:C	18.99
chr6:52995720:A:G	18.9
chr6:52995720:A:T	18.83
chr6:52995721:C:A	19.67
chr6:52995721:C:G	19.75
chr6:52995721:C:T	19.99
chr6:52995722:C:A	21.0
chr6:52995722:C:G	21.0
chr6:52995722:C:T	21.3
chr6:52995723:G:A	20.2
chr6:52995723:G:C	20.1
chr6:52995723:G:T	19.99
chr6:52995724:C:A	16.73
chr6:52995724:C:G	16.86
chr6:52995724:C:T	16.96
chr6:52995725:T:A	20.2
chr6:52995725:T:C	20.5
chr6:52995725:T:G	20.2
chr6:52995726:C:A	20.9
chr6:52995726:C:G	20.9
chr6:52995726:C:T	21.1
chr6:52995727:C:A	21.1
chr6:52995727:C:G	21.1
chr6:52995727:C:T	21.2
chr6:52995728:A:C	19.58
chr6:52995728:A:G	19.75
chr6:52995728:A:T	19.56
chr6:52995729:T:A	18.56
chr6:52995729:T:C	18.67
chr6:52995729:T:G	18.38
chr6:52995730:G:A	21.3
chr6:52995730:G:C	21.1
chr6:52995730:G:T	21.2
chr6:52995731:T:A	19.85
chr6:52995731:T:C	20.1
chr6:52995731:T:G	19.84
chr6:52995732:G:A	21.3
chr6:52995732:G:C	21.1
chr6:52995732:G:T	21.0
chr6:52995733:C:A	21.1
chr6:52995733:C:G	21.3
chr6:52995733:C:T	21.5
chr6:52995734:G:A	20.9
chr6:52995734:G:C	20.4
chr6:52995734:G:T	20.3
chr6:52995735:T:A	20.6
chr6:52995735:T:C	20.8
chr6:52995735:T:G	20.6
chr6:52995736:C:A	21.1
chr6:52995736:C:G	21.2
chr6:52995736:C:T	21.4
chr6:52995737:C:A	20.5
chr6:52995737:C:G	20.3
chr6:52995737:C:T	20.5
chr6:52995738:C:A	20.5
chr6:52995738:C:G	20.3
chr6:52995738:C:T	20.6
chr6:52995739:T:A	20.8
chr6:52995739:T:C	21.0
chr6:52995739:T:G	20.6
chr6:52995740:C:A	21.0
chr6:52995740:C:G	21.3
chr6:52995740:C:T	21.2
chr6:52995741:C:A	21.2
chr6:52995741:C:G	21.1
chr6:52995741:C:T	21.4
chr6:52995742:C:A	21.3
chr6:52995742:C:G	21.2
chr6:52995742:C:T	21.7
chr6:52995743:G:A	20.6
chr6:52995743:G:C	20.4
chr6:52995743:G:T	20.4
chr6:52995744:A:C	20.6
chr6:52995744:A:G	20.5
chr6:52995744:A:T	20.8
chr6:52995745:A:C	19.65
chr6:52995745:A:G	19.82
chr6:52995745:A:T	19.78
chr6:52995746:G:A	21.2
chr6:52995746:G:C	21.0
chr6:52995746:G:T	21.0
chr6:52995747:C:A	21.0
chr6:52995747:C:G	21.2
chr6:52995747:C:T	21.3
chr6:52995748:T:A	20.5
chr6:52995748:T:C	20.7
chr6:52995748:T:G	20.6
chr6:52995749:G:A	20.9
chr6:52995749:G:C	20.7
chr6:52995749:G:T	20.7
chr6:52995750:C:A	19.7
chr6:52995750:C:G	19.82
chr6:52995750:C:T	20.3
chr6:52995751:G:A	21.3
chr6:52995751:G:C	21.1
chr6:52995751:G:T	21.1
chr6:52995752:C:A	20.4
chr6:52995752:C:G	20.3
chr6:52995752:C:T	20.7
chr6:52995753:G:A	20.5
chr6:52995753:G:C	20.3
chr6:52995753:G:T	20.7
chr6:52995754:C:A	20.9
chr6:52995754:C:G	20.9
chr6:52995754:C:T	21.1
chr6:52995755:T:A	20.6
chr6:52995755:T:C	20.7
chr6:52995755:T:G	20.4
chr6:52995756:C:A	20.3
chr6:52995756:C:G	20.3
chr6:52995756:C:T	20.6
chr6:52995757:G:A	21.2
chr6:52995757:G:C	20.9
chr6:52995757:G:T	20.9
chr6:52995758:G:A	20.9
chr6:52995758:G:C	20.9
chr6:52995758:G:T	20.8
chr6:52995759:T:A	20.3
chr6:52995759:T:C	20.5
chr6:52995759:T:G	20.5
chr6:52995760:C:A	18.97
chr6:52995760:C:G	18.85
chr6:52995760:C:T	19.09
chr6:52995761:G:A	21.2
chr6:52995761:G:C	21.0
chr6:52995761:G:T	21.0
chr6:52995762:A:C	20.4
chr6:52995762:A:G	20.5
chr6:52995762:A:T	20.6
chr6:52995763:A:C	20.4
chr6:52995763:A:G	20.7
chr6:52995763:A:T	20.6
chr6:52995764:G:A	21.1
chr6:52995764:G:C	21.0
chr6:52995764:G:T	21.0
chr6:52995765:A:C	20.5
chr6:52995765:A:G	20.8
chr6:52995765:A:T	20.4
chr6:52995766:G:A	20.9
chr6:52995766:G:C	20.7
chr6:52995766:G:T	20.7
chr6:52995767:G:A	21.2
chr6:52995767:G:C	21.1
chr6:52995767:G:T	21.2
chr6:52995768:A:C	20.6
chr6:52995768:A:G	20.8
chr6:52995768:A:T	20.5
chr6:52995769:C:A	20.3
chr6:52995769:C:G	20.2
chr6:52995769:C:T	20.6
chr6:52995770:G:A	21.2
chr6:52995770:G:C	21.1
chr6:52995770:G:T	21.0
chr6:52995771:A:C	19.49
chr6:52995771:A:G	19.52
chr6:52995771:A:T	19.4
chr6:52995772:C:A	20.9
chr6:52995772:C:G	20.9
chr6:52995772:C:T	21.0
chr6:52995773:C:A	19.96
chr6:52995773:C:G	19.98
chr6:52995773:C:T	20.3
chr6:52995774:A:C	13.0
chr6:52995774:A:G	13.26
chr6:52995774:A:T	12.84
chr6:52995775:T:A	17.43
chr6:52995775:T:C	17.67
chr6:52995775:T:G	17.38
chr6:52995776:C:A	20.8
chr6:52995776:C:G	20.8
chr6:52995776:C:T	20.9
chr6:52995777:C:A	20.7
chr6:52995777:C:G	20.9
chr6:52995777:C:T	21.0
chr6:52995778:C:A	20.7
chr6:52995778:C:G	20.9
chr6:52995778:C:T	21.0
chr6:52995779:C:A	19.39
chr6:52995779:C:G	19.46
chr6:52995779:C:T	20.1
chr6:52995780:G:A	20.9
chr6:52995780:G:C	20.5
chr6:52995780:G:T	20.5
chr6:52995781:A:C	14.05
chr6:52995781:A:G	14.23
chr6:52995781:A:T	14.0
chr6:52995782:T:A	18.65
chr6:52995782:T:C	18.98
chr6:52995782:T:G	18.71
chr6:52995783:A:C	19.18
chr6:52995783:A:G	19.36
chr6:52995783:A:T	19.15
chr6:52995784:G:A	20.9
chr6:52995784:G:C	20.8
chr6:52995784:G:T	20.8
chr6:52995785:A:C	20.5
chr6:52995785:A:G	21.0
chr6:52995785:A:T	20.5
chr6:52995786:G:A	19.96
chr6:52995786:G:C	19.68
chr6:52995786:G:T	19.83
chr6:52995787:G:A	19.94
chr6:52995787:G:C	19.84
chr6:52995787:G:T	20.3
chr6:52995788:A:C	19.77
chr6:52995788:A:G	20.4
chr6:52995788:A:T	19.57
chr6:52995789:G:A	19.0
chr6:52995789:G:C	18.62
chr6:52995789:G:T	18.58
chr6:52995790:G:A	21.0
chr6:52995790:G:C	20.8
chr6:52995790:G:T	20.9
chr6:52995791:A:C	20.5
chr6:52995791:A:G	20.8
chr6:52995791:A:T	20.5
chr6:52995792:C:A	19.45
chr6:52995792:C:G	19.5
chr6:52995792:C:T	19.81
chr6:52995793:C:A	21.2
chr6:52995793:C:G	21.2
chr6:52995793:C:T	21.4
chr6:52995794:G:A	21.3
chr6:52995794:G:C	20.8
chr6:52995794:G:T	20.8
chr6:52995795:G:A	9.882
chr6:52995795:G:C	9.534
chr6:52995795:G:T	9.388
chr6:52995796:T:A	18.72
chr6:52995796:T:C	18.73
chr6:52995796:T:G	18.63
chr6:52995797:C:A	20.3
chr6:52995797:C:G	20.5
chr6:52995797:C:T	20.7
chr6:52995798:T:A	17.2
chr6:52995798:T:C	17.42
chr6:52995798:T:G	17.07
chr6:52995799:T:A	19.65
chr6:52995799:T:C	19.8
chr6:52995799:T:G	19.7
chr6:52995800:C:A	21.5
chr6:52995800:C:G	21.5
chr6:52995800:C:T	21.4
chr6:52995801:G:A	21.3
chr6:52995801:G:C	21.0
chr6:52995801:G:T	21.1
chr6:52995802:G:A	21.1
chr6:52995802:G:C	20.9
chr6:52995802:G:T	20.8
chr6:52995803:T:A	20.3
chr6:52995803:T:C	20.5
chr6:52995803:T:G	20.6
chr6:52995804:C:A	21.3
chr6:52995804:C:G	21.1
chr6:52995804:C:T	21.5
chr6:52995805:A:C	18.26
chr6:52995805:A:G	18.46
chr6:52995805:A:T	18.57
chr6:52995806:A:C	20.6
chr6:52995806:A:G	21.0
chr6:52995806:A:T	20.6
chr6:52995807:G:A	21.3
chr6:52995807:G:C	21.1
chr6:52995807:G:T	21.1
chr6:52995808:G:A	21.0
chr6:52995808:G:C	20.9
chr6:52995808:G:T	20.9
chr6:52995809:G:A	21.0
chr6:52995809:G:C	20.9
chr6:52995809:G:T	21.0
chr6:52995810:T:A	20.6
chr6:52995810:T:C	20.7
chr6:52995810:T:G	20.4
chr6:52995811:A:C	20.6
chr6:52995811:A:G	20.8
chr6:52995811:A:T	20.5
chr6:52995812:T:A	20.5
chr6:52995812:T:C	20.6
chr6:52995812:T:G	20.4
chr6:52995813:A:C	20.5
chr6:52995813:A:G	20.6
chr6:52995813:A:T	20.6
chr6:52995814:C:A	21.2
chr6:52995814:C:G	21.1
chr6:52995814:C:T	22.0
chr6:52995815:G:A	21.2
chr6:52995815:G:C	21.0
chr6:52995815:G:T	21.2
chr6:52995816:A:C	20.4
chr6:52995816:A:G	20.7
chr6:52995816:A:T	20.5
chr6:52995817:G:A	20.2
chr6:52995817:G:C	19.78
chr6:52995817:G:T	19.9
chr6:52995818:T:A	20.2
chr6:52995818:T:C	20.4
chr6:52995818:T:G	20.3
chr6:52995819:A:C	20.2
chr6:52995819:A:G	20.3
chr6:52995819:A:T	19.99
chr6:52995820:G:A	20.8
chr6:52995820:G:C	20.6
chr6:52995820:G:T	20.6
chr6:52995821:C:A	20.7
chr6:52995821:C:G	20.9
chr6:52995821:C:T	21.0
chr6:52995822:T:A	19.19
chr6:52995822:T:C	19.37
chr6:52995822:T:G	19.26
chr6:52995823:G:A	19.73
chr6:52995823:G:C	19.68
chr6:52995823:G:T	19.65
chr6:52995824:C:A	18.64
chr6:52995824:C:G	18.93
chr6:52995824:C:T	19.08
chr6:52995825:G:A	19.91
chr6:52995825:G:C	19.82
chr6:52995825:G:T	19.83
chr6:52995826:C:A	20.6
chr6:52995826:C:G	20.7
chr6:52995826:C:T	20.9
chr6:52995827:T:A	20.2
chr6:52995827:T:C	20.5
chr6:52995827:T:G	20.1
chr6:52995828:C:A	19.62
chr6:52995828:C:G	19.69
chr6:52995828:C:T	19.88
chr6:52995829:C:A	20.6
chr6:52995829:C:G	20.7
chr6:52995829:C:T	20.8
chr6:52995830:C:A	19.64
chr6:52995830:C:G	19.71
chr6:52995830:C:T	19.91
chr6:52995831:C:A	19.68
chr6:52995831:C:G	19.71
chr6:52995831:C:T	20.1
chr6:52995832:T:A	19.14
chr6:52995832:T:C	19.44
chr6:52995832:T:G	19.28
chr6:52995833:G:A	19.71
chr6:52995833:G:C	19.5
chr6:52995833:G:T	19.48
chr6:52995834:C:A	19.37
chr6:52995834:C:G	19.45
chr6:52995834:C:T	19.82
chr6:52995835:T:A	18.84
chr6:52995835:T:C	19.04
chr6:52995835:T:G	18.92
chr6:52995836:A:C	18.56
chr6:52995836:A:G	18.88
chr6:52995836:A:T	18.48
chr6:52995837:G:A	20.5
chr6:52995837:G:C	20.3
chr6:52995837:G:T	20.3
chr6:52995838:A:C	19.73
chr6:52995838:A:G	19.77
chr6:52995838:A:T	19.74
chr6:52995839:A:C	19.11
chr6:52995839:A:G	19.1
chr6:52995839:A:T	19.0
chr6:52995840:C:A	20.3
chr6:52995840:C:G	20.4
chr6:52995840:C:T	20.6
chr6:52995841:C:A	19.28
chr6:52995841:C:G	19.35
chr6:52995841:C:T	19.54
chr6:52995842:T:A	19.72
chr6:52995842:T:C	20.2
chr6:52995842:T:G	19.86
chr6:52995843:C:A	20.4
chr6:52995843:C:G	20.4
chr6:52995843:C:T	20.6
chr6:52995844:C:A	20.3
chr6:52995844:C:G	20.4
chr6:52995844:C:T	20.7
chr6:52995845:A:C	18.94
chr6:52995845:A:G	19.15
chr6:52995845:A:T	18.97
chr6:52995846:A:C	19.91
chr6:52995846:A:G	19.96
chr6:52995846:A:T	19.88
chr6:52995847:A:C	18.61
chr6:52995847:A:G	18.84
chr6:52995847:A:T	18.67
chr6:52995848:C:A	18.72
chr6:52995848:C:G	18.8
chr6:52995848:C:T	19.2
chr6:52995849:A:C	19.91
chr6:52995849:A:G	20.2
chr6:52995849:A:T	20.1
chr6:52995850:A:C	19.05
chr6:52995850:A:G	19.11
chr6:52995850:A:T	19.19
chr6:52995851:G:A	20.6
chr6:52995851:G:C	20.3
chr6:52995851:G:T	20.3
chr6:52995852:C:A	19.23
chr6:52995852:C:G	19.47
chr6:52995852:C:T	19.46
chr6:52995853:T:A	19.67
chr6:52995853:T:C	19.84
chr6:52995853:T:G	19.82
chr6:52995854:C:A	20.3
chr6:52995854:C:G	20.4
chr6:52995854:C:T	20.6
chr6:52995855:T:A	19.55
chr6:52995855:T:C	19.71
chr6:52995855:T:G	19.72
chr6:52995856:C:A	20.2
chr6:52995856:C:G	20.2
chr6:52995856:C:T	20.6
chr6:52995857:A:C	19.64
chr6:52995857:A:G	19.79
chr6:52995857:A:T	19.94
chr6:52995858:A:C	19.57
chr6:52995858:A:G	19.91
chr6:52995858:A:T	19.53
chr6:52995859:G:A	20.4
chr6:52995859:G:C	20.1
chr6:52995859:G:T	20.2
chr6:52995860:G:A	20.5
chr6:52995860:G:C	20.4
chr6:52995860:G:T	20.4
chr6:52995861:T:A	19.81
chr6:52995861:T:C	19.97
chr6:52995861:T:G	19.86
chr6:52995862:C:A	20.4
chr6:52995862:C:G	20.3
chr6:52995862:C:T	20.5
chr6:52995863:C:A	20.2
chr6:52995863:C:G	20.3
chr6:52995863:C:T	20.6
chr6:52995864:A:C	19.72
chr6:52995864:A:G	19.94
chr6:52995864:A:T	19.66
chr6:52995865:T:A	19.5
chr6:52995865:T:C	19.75
chr6:52995865:T:G	19.73
chr6:52995866:T:A	19.85
chr6:52995866:T:C	19.98
chr6:52995866:T:G	19.88
chr6:52995867:T:A	19.81
chr6:52995867:T:C	19.83
chr6:52995867:T:G	19.68
chr6:52995868:G:A	20.4
chr6:52995868:G:C	20.1
chr6:52995868:G:T	20.3
chr6:52995869:T:A	19.74
chr6:52995869:T:C	19.9
chr6:52995869:T:G	19.7
chr6:52995870:A:C	19.65
chr6:52995870:A:G	19.76
chr6:52995870:A:T	19.71
chr6:52995871:G:A	20.5
chr6:52995871:G:C	20.3
chr6:52995871:G:T	20.3
chr6:52995872:G:A	20.4
chr6:52995872:G:C	20.3
chr6:52995872:G:T	20.5
chr6:52995873:A:C	19.89
chr6:52995873:A:G	20.3
chr6:52995873:A:T	19.94
chr6:52995874:G:A	20.5
chr6:52995874:G:C	20.1
chr6:52995874:G:T	20.4
chr6:52995875:A:C	19.81
chr6:52995875:A:G	19.79
chr6:52995875:A:T	19.89
chr6:52995876:A:C	19.59
chr6:52995876:A:G	19.81
chr6:52995876:A:T	19.65
chr6:52995877:C:A	20.7
chr6:52995877:C:G	20.7
chr6:52995877:C:T	21.0
chr6:52995878:G:A	18.96
chr6:52995878:G:C	18.56
chr6:52995878:G:T	18.66
chr6:52995879:T:A	19.6
chr6:52995879:T:C	19.81
chr6:52995879:T:G	19.67
chr6:52995880:A:C	19.65
chr6:52995880:A:G	19.78
chr6:52995880:A:T	19.58
chr6:52995881:G:A	20.3
chr6:52995881:G:C	20.1
chr6:52995881:G:T	20.0
chr6:52995882:G:A	19.51
chr6:52995882:G:C	19.15
chr6:52995882:G:T	19.1
chr6:52995883:G:A	20.4
chr6:52995883:G:C	20.2
chr6:52995883:G:T	20.2
chr6:52995884:T:A	19.58
chr6:52995884:T:C	19.84
chr6:52995884:T:G	19.65
chr6:52995885:A:C	19.63
chr6:52995885:A:G	19.9
chr6:52995885:A:T	19.62
chr6:52995886:G:A	20.1
chr6:52995886:G:C	19.89
chr6:52995886:G:T	19.87
chr6:52995887:T:A	19.53
chr6:52995887:T:C	19.65
chr6:52995887:T:G	19.78
chr6:52995888:C:A	20.2
chr6:52995888:C:G	20.1
chr6:52995888:C:T	20.6
chr6:52995889:A:C	19.55
chr6:52995889:A:G	19.67
chr6:52995889:A:T	19.73
chr6:52995890:A:C	19.5
chr6:52995890:A:G	19.8
chr6:52995890:A:T	19.59
chr6:52995891:G:A	20.2
chr6:52995891:G:C	19.87
chr6:52995891:G:T	19.9
chr6:52995892:C:A	20.2
chr6:52995892:C:G	20.3
chr6:52995892:C:T	20.6
chr6:52995893:T:A	19.69
chr6:52995893:T:C	19.8
chr6:52995893:T:G	19.71
chr6:52995894:T:A	19.69
chr6:52995894:T:C	19.86
chr6:52995894:T:G	19.7
chr6:52995895:C:A	20.3
chr6:52995895:C:G	20.3
chr6:52995895:C:T	20.4
chr6:52995896:C:A	20.3
chr6:52995896:C:G	20.3
chr6:52995896:C:T	20.6
chr6:52995897:A:C	19.66
chr6:52995897:A:G	19.7
chr6:52995897:A:T	19.73
chr6:52995898:A:C	19.56
chr6:52995898:A:G	19.66
chr6:52995898:A:T	19.59
chr6:52995899:G:A	20.4
chr6:52995899:G:C	20.2
chr6:52995899:G:T	20.3
chr6:52995900:A:C	19.36
chr6:52995900:A:G	19.41
chr6:52995900:A:T	19.25
chr6:52995901:C:A	19.76
chr6:52995901:C:G	19.95
chr6:52995901:C:T	20.3
chr6:52995902:T:A	19.21
chr6:52995902:T:C	19.72
chr6:52995902:T:G	19.22
chr6:52995903:C:A	18.89
chr6:52995903:C:G	18.9
chr6:52995903:C:T	19.19
chr6:52995904:C:A	19.7
chr6:52995904:C:G	19.76
chr6:52995904:C:T	20.5
chr6:52995905:A:C	19.23
chr6:52995905:A:G	19.4
chr6:52995905:A:T	19.16
chr6:52995906:G:A	20.2
chr6:52995906:G:C	19.88
chr6:52995906:G:T	19.86
chr6:52995907:A:C	18.04
chr6:52995907:A:G	18.23
chr6:52995907:A:T	18.12
chr6:52995908:C:A	19.74
chr6:52995908:C:G	19.78
chr6:52995908:C:T	20.3
chr6:52995909:A:C	19.22
chr6:52995909:A:G	19.38
chr6:52995909:A:T	19.16
chr6:52995910:C:A	19.71
chr6:52995910:C:G	19.73
chr6:52995910:C:T	20.3
chr6:52995911:A:C	19.2
chr6:52995911:A:G	19.47
chr6:52995911:A:T	19.15
chr6:52995912:T:A	19.39
chr6:52995912:T:C	19.66
chr6:52995912:T:G	19.26
chr6:52995913:C:A	19.91
chr6:52995913:C:G	19.92
chr6:52995913:C:T	20.2
chr6:52995914:C:A	19.69
chr6:52995914:C:G	19.75
chr6:52995914:C:T	20.2
chr6:52995915:A:C	19.25
chr6:52995915:A:G	19.4
chr6:52995915:A:T	19.29
chr6:52995916:A:C	19.56
chr6:52995916:A:G	19.4
chr6:52995916:A:T	19.35
chr6:52995917:A:C	17.9
chr6:52995917:A:G	18.13
chr6:52995917:A:T	17.92
chr6:52995918:T:A	19.4
chr6:52995918:T:C	19.65
chr6:52995918:T:G	19.57
chr6:52995919:G:A	20.2
chr6:52995919:G:C	20.1
chr6:52995919:G:T	19.95
chr6:52995920:A:C	18.4
chr6:52995920:A:G	18.79
chr6:52995920:A:T	18.47
chr6:52995921:G:A	20.2
chr6:52995921:G:C	19.67
chr6:52995921:G:T	19.73
chr6:52995922:G:A	20.1
chr6:52995922:G:C	19.81
chr6:52995922:G:T	19.69
chr6:52995923:C:A	20.2
chr6:52995923:C:G	20.5
chr6:52995923:C:T	20.6
chr6:52995924:G:A	18.18
chr6:52995924:G:C	17.84
chr6:52995924:G:T	17.89
chr6:52995925:C:A	19.9
chr6:52995925:C:G	19.9
chr6:52995925:C:T	20.3
chr6:52995926:T:A	19.29
chr6:52995926:T:C	19.51
chr6:52995926:T:G	19.34
chr6:52995927:G:A	20.1
chr6:52995927:G:C	19.78
chr6:52995927:G:T	19.76
chr6:52995928:C:A	19.79
chr6:52995928:C:G	19.82
chr6:52995928:C:T	20.4
chr6:52995929:A:C	18.58
chr6:52995929:A:G	18.93
chr6:52995929:A:T	18.58
chr6:52995930:T:A	10.51
chr6:52995930:T:C	11.52
chr6:52995930:T:G	11.05
chr6:52995931:G:A	20.2
chr6:52995931:G:C	19.79
chr6:52995931:G:T	19.81
chr6:52995932:T:A	18.48
chr6:52995932:T:C	18.83
chr6:52995932:T:G	18.68
chr6:52995933:G:A	20.5
chr6:52995933:G:C	19.99
chr6:52995933:G:T	19.84
chr6:52995934:G:A	19.3
chr6:52995934:G:C	18.9
chr6:52995934:G:T	19.18
chr6:52995935:C:A	19.14
chr6:52995935:C:G	19.16
chr6:52995935:C:T	19.77
chr6:52995936:A:C	19.31
chr6:52995936:A:G	19.5
chr6:52995936:A:T	19.26
chr6:52995937:G:A	19.17
chr6:52995937:G:C	18.97
chr6:52995937:G:T	19.05
chr6:52995938:T:A	18.41
chr6:52995938:T:C	18.64
chr6:52995938:T:G	18.46
chr6:52995939:C:A	15.82
chr6:52995939:C:G	15.85
chr6:52995939:C:T	16.19
chr6:52995940:T:A	19.13
chr6:52995940:T:C	19.33
chr6:52995940:T:G	19.15
chr6:52995941:G:A	19.89
chr6:52995941:G:C	19.72
chr6:52995941:G:T	19.69
chr6:52995942:C:A	18.73
chr6:52995942:C:G	18.74
chr6:52995942:C:T	19.33
chr6:52995943:C:A	19.43
chr6:52995943:C:G	19.52
chr6:52995943:C:T	19.91
chr6:52995944:T:A	17.45
chr6:52995944:T:C	17.71
chr6:52995944:T:G	17.39
chr6:52995945:T:A	18.63
chr6:52995945:T:C	18.81
chr6:52995945:T:G	18.74
chr6:52995946:T:A	9.976
chr6:52995946:T:C	10.6
chr6:52995946:T:G	10.01
chr6:52995947:C:A	16.73
chr6:52995947:C:G	16.89
chr6:52995947:C:T	16.9
chr6:52995948:T:A	18.2
chr6:52995948:T:C	18.41
chr6:52995948:T:G	18.28
chr9:35657751:A:C	0.205
chr9:35657751:A:G	0.217
chr9:35657751:A:T	0.179
chr9:35657752:C:A	0.06
chr9:35657752:C:G	0.07
chr9:35657752:C:T	0.079
chr9:35657753:A:C	2.186
chr9:35657753:A:G	2.489
chr9:35657753:A:T	2.061
chr9:35657754:G:A	13.24
chr9:35657754:G:C	12.78
chr9:35657754:G:T	12.57
chr9:35657755:C:A	11.65
chr9:35657755:C:G	11.56
chr9:35657755:C:T	12.13
chr9:35657756:C:A	15.55
chr9:35657756:C:G	15.43
chr9:35657756:C:T	15.88
chr9:35657757:G:A	19.33
chr9:35657757:G:C	18.97
chr9:35657757:G:T	18.77
chr9:35657758:C:A	9.015
chr9:35657758:C:G	9.244
chr9:35657758:C:T	10.18
chr9:35657759:G:A	13.66
chr9:35657759:G:C	13.46
chr9:35657759:G:T	12.94
chr9:35657760:C:A	20.4
chr9:35657760:C:G	20.6
chr9:35657760:C:T	20.8
chr9:35657761:T:A	17.45
chr9:35657761:T:C	17.81
chr9:35657761:T:G	17.52
chr9:35657762:G:A	21.6
chr9:35657762:G:C	21.1
chr9:35657762:G:T	21.2
chr9:35657763:A:C	19.92
chr9:35657763:A:G	20.2
chr9:35657763:A:T	19.96
chr9:35657764:G:A	21.7
chr9:35657764:G:C	21.4
chr9:35657764:G:T	21.4
chr9:35657765:A:C	20.9
chr9:35657765:A:G	21.0
chr9:35657765:A:T	20.8
chr9:35657766:A:C	20.9
chr9:35657766:A:G	21.1
chr9:35657766:A:T	20.9
chr9:35657767:T:A	21.1
chr9:35657767:T:C	21.3
chr9:35657767:T:G	21.1
chr9:35657768:G:A	20.1
chr9:35657768:G:C	19.52
chr9:35657768:G:T	19.55
chr9:35657769:A:C	21.1
chr9:35657769:A:G	21.1
chr9:35657769:A:T	21.0
chr9:35657770:G:A	22.0
chr9:35657770:G:C	21.7
chr9:35657770:G:T	21.6
chr9:35657771:C:A	22.0
chr9:35657771:C:G	21.8
chr9:35657771:C:T	22.2
chr9:35657772:C:A	21.9
chr9:35657772:C:G	21.8
chr9:35657772:C:T	22.2
chr9:35657773:C:A	21.7
chr9:35657773:C:G	21.7
chr9:35657773:C:T	22.0
chr9:35657774:C:A	21.9
chr9:35657774:C:G	22.1
chr9:35657774:C:T	22.3
chr9:35657775:G:A	21.9
chr9:35657775:G:C	21.8
chr9:35657775:G:T	22.0
chr9:35657776:T:A	21.0
chr9:35657776:T:C	21.1
chr9:35657776:T:G	21.0
chr9:35657777:G:A	16.84
chr9:35657777:G:C	16.29
chr9:35657777:G:T	16.27
chr9:35657778:T:A	12.61
chr9:35657778:T:C	12.92
chr9:35657778:T:G	13.17
chr9:35657779:G:A	17.24
chr9:35657779:G:C	16.94
chr9:35657779:G:T	16.92
chr9:35657780:G:A	21.5
chr9:35657780:G:C	21.4
chr9:35657780:G:T	21.3
chr9:35657781:T:A	20.9
chr9:35657781:T:C	20.8
chr9:35657781:T:G	20.8
chr9:35657782:T:A	20.2
chr9:35657782:T:C	20.4
chr9:35657782:T:G	20.3
chr9:35657783:G:A	15.61
chr9:35657783:G:C	15.6
chr9:35657783:G:T	15.25
chr9:35657784:G:A	19.35
chr9:35657784:G:C	18.92
chr9:35657784:G:T	18.87
chr9:35657785:T:A	10.57
chr9:35657785:T:C	10.79
chr9:35657785:T:G	11.08
chr9:35657786:G:A	16.55
chr9:35657786:G:C	16.27
chr9:35657786:G:T	16.19
chr9:35657787:C:A	16.13
chr9:35657787:C:G	15.91
chr9:35657787:C:T	16.44
chr9:35657788:G:A	16.65
chr9:35657788:G:C	16.11
chr9:35657788:G:T	15.95
chr9:35657789:C:A	11.99
chr9:35657789:C:G	11.86
chr9:35657789:C:T	12.75
chr9:35657790:G:A	0.002
chr9:35657790:G:C	0.001
chr9:35657790:G:T	0.001
chr9:35657791:G:A	0.011
chr9:35657791:G:C	0.009
chr9:35657791:G:T	0.008
chr9:35657792:A:C	0.196
chr9:35657792:A:G	0.247
chr9:35657792:A:T	0.217
chr9:35657793:C:A	0.024
chr9:35657793:C:G	0.022
chr9:35657793:C:T	0.028
chr9:35657794:A:C	5.001
chr9:35657794:A:G	5.11
chr9:35657794:A:T	4.896
chr9:35657795:C:A	16.55
chr9:35657795:C:G	16.63
chr9:35657795:C:T	16.87
chr9:35657796:G:A	20.3
chr9:35657796:G:C	20.4
chr9:35657796:G:T	19.78
chr9:35657797:C:A	19.85
chr9:35657797:C:G	19.75
chr9:35657797:C:T	20.3
chr9:35657798:A:C	15.44
chr9:35657798:A:G	14.82
chr9:35657798:A:T	14.82
chr9:35657799:C:A	20.9
chr9:35657799:C:G	20.9
chr9:35657799:C:T	21.2
chr9:35657800:T:A	18.64
chr9:35657800:T:C	18.85
chr9:35657800:T:G	18.61
chr9:35657801:G:A	21.4
chr9:35657801:G:C	20.9
chr9:35657801:G:T	21.0
chr9:35657802:C:A	21.0
chr9:35657802:C:G	20.9
chr9:35657802:C:T	21.3
chr9:35657803:C:A	21.0
chr9:35657803:C:G	21.1
chr9:35657803:C:T	21.5
chr9:35657804:T:A	20.2
chr9:35657804:T:C	20.7
chr9:35657804:T:G	20.3
chr9:35657805:G:A	21.2
chr9:35657805:G:C	20.7
chr9:35657805:G:T	20.6
chr9:35657806:C:A	14.79
chr9:35657806:C:G	14.9
chr9:35657806:C:T	15.48
chr9:35657807:G:A	21.7
chr9:35657807:G:C	21.2
chr9:35657807:G:T	20.8
chr9:35657808:T:A	19.74
chr9:35657808:T:C	20.3
chr9:35657808:T:G	20.1
chr9:35657809:A:C	11.93
chr9:35657809:A:G	11.03
chr9:35657809:A:T	10.52
chr9:35657810:A:C	19.8
chr9:35657810:A:G	19.93
chr9:35657810:A:T	19.96
chr9:35657811:C:A	20.4
chr9:35657811:C:G	20.5
chr9:35657811:C:T	20.5
chr9:35657812:T:A	19.16
chr9:35657812:T:C	19.4
chr9:35657812:T:G	19.23
chr9:35657813:A:C	8.346
chr9:35657813:A:G	9.776
chr9:35657813:A:T	8.963
chr9:35657814:G:A	9.227
chr9:35657814:G:C	8.842
chr9:35657814:G:T	8.148
chr9:35657815:A:C	0.252
chr9:35657815:A:G	0.325
chr9:35657815:A:T	0.272
chr9:35657816:G:A	0.004
chr9:35657816:G:C	0.003
chr9:35657816:G:T	0.003
chr9:35657817:G:A	0.355
chr9:35657817:G:C	0.208
chr9:35657817:G:T	0.235
chr9:35657818:G:A	0.572
chr9:35657818:G:C	0.513
chr9:35657818:G:T	0.409
chr9:35657819:A:C	0.764
chr9:35657819:A:G	0.792
chr9:35657819:A:T	0.417
chr9:35657820:G:A	6.266
chr9:35657820:G:C	6.413
chr9:35657820:G:T	6.138
chr9:35657821:C:A	2.644
chr9:35657821:C:G	2.402
chr9:35657821:C:T	2.869
chr9:35657822:T:A	13.2
chr9:35657822:T:C	13.22
chr9:35657822:T:G	12.98
chr9:35657823:G:A	18.92
chr9:35657823:G:C	18.02
chr9:35657823:G:T	18.24
chr9:35657824:A:C	17.22
chr9:35657824:A:G	17.43
chr9:35657824:A:T	17.38
chr9:35657825:C:A	18.21
chr9:35657825:C:G	18.64
chr9:35657825:C:T	18.8
chr9:35657826:G:A	17.13
chr9:35657826:G:C	16.21
chr9:35657826:G:T	16.33
chr9:35657827:G:A	17.28
chr9:35657827:G:C	17.24
chr9:35657827:G:T	17.23
chr9:35657828:A:C	11.9
chr9:35657828:A:G	12.2
chr9:35657828:A:T	11.81
chr9:35657829:T:A	0.007
chr9:35657829:T:C	0.007
chr9:35657829:T:G	0.008
chr9:35657830:G:A	10.54
chr9:35657830:G:C	9.422
chr9:35657830:G:T	9.682
chr9:35657831:A:C	10.65
chr9:35657831:A:G	11.29
chr9:35657831:A:T	10.38
chr9:35657832:C:A	17.22
chr9:35657832:C:G	17.45
chr9:35657832:C:T	17.6
chr9:35657833:G:A	0.038
chr9:35657833:G:C	0.046
chr9:35657833:G:T	0.018
chr9:35657834:C:A	0.532
chr9:35657834:C:G	0.455
chr9:35657834:C:T	0.851
chr9:35657835:C:A	7.816
chr9:35657835:C:G	10.85
chr9:35657835:C:T	11.48
chr9:35657836:C:A	10.85
chr9:35657836:C:G	10.87
chr9:35657836:C:T	13.72
chr9:35657837:C:A	10.77
chr9:35657837:C:G	10.81
chr9:35657837:C:T	11.13
chr9:35657838:C:A	1.278
chr9:35657838:C:G	1.401
chr9:35657838:C:T	2.213
chr9:35657839:G:A	6.845
chr9:35657839:G:C	7.624
chr9:35657839:G:T	5.371
chr9:35657840:C:A	11.24
chr9:35657840:C:G	11.24
chr9:35657840:C:T	12.68
chr9:35657841:G:A	0.006
chr9:35657841:G:C	0.007
chr9:35657841:G:T	0.004
chr9:35657842:C:A	0.22
chr9:35657842:C:G	0.266
chr9:35657842:C:T	0.309
chr9:35657843:C:A	17.77
chr9:35657843:C:G	17.9
chr9:35657843:C:T	18.36
chr9:35657844:A:C	16.56
chr9:35657844:A:G	16.28
chr9:35657844:A:T	15.9
chr9:35657845:C:A	16.59
chr9:35657845:C:G	16.52
chr9:35657845:C:T	16.92
chr9:35657846:G:A	13.93
chr9:35657846:G:C	13.75
chr9:35657846:G:T	12.64
chr9:35657847:C:A	18.58
chr9:35657847:C:G	18.66
chr9:35657847:C:T	18.98
chr9:35657848:C:A	18.94
chr9:35657848:C:G	18.91
chr9:35657848:C:T	19.56
chr9:35657849:G:A	20.5
chr9:35657849:G:C	20.5
chr9:35657849:G:T	20.1
chr9:35657850:C:A	19.7
chr9:35657850:C:G	19.82
chr9:35657850:C:T	20.2
chr9:35657851:T:A	18.97
chr9:35657851:T:C	19.25
chr9:35657851:T:G	18.98
chr9:35657852:C:A	19.94
chr9:35657852:C:G	19.67
chr9:35657852:C:T	20.3
chr9:35657853:A:C	1.455
chr9:35657853:A:G	1.627
chr9:35657853:A:T	1.17
chr9:35657854:G:A	17.21
chr9:35657854:G:C	16.9
chr9:35657854:G:T	16.78
chr9:35657855:C:A	17.88
chr9:35657855:C:G	17.91
chr9:35657855:C:T	18.41
chr9:35657856:G:A	12.56
chr9:35657856:G:C	11.74
chr9:35657856:G:T	11.82
chr9:35657857:G:A	0.458
chr9:35657857:G:C	0.35
chr9:35657857:G:T	0.311
chr9:35657858:G:A	1.405
chr9:35657858:G:C	1.095
chr9:35657858:G:T	0.987
chr9:35657859:A:C	9.005
chr9:35657859:A:G	9.291
chr9:35657859:A:T	8.615
chr9:35657860:T:A	0.007
chr9:35657860:T:C	0.013
chr9:35657860:T:G	0.008
chr9:35657861:A:C	0.205
chr9:35657861:A:G	0.291
chr9:35657861:A:T	0.198
chr9:35657862:C:A	0.939
chr9:35657862:C:G	0.946
chr9:35657862:C:T	3.202
chr9:35657863:G:A	15.8
chr9:35657863:G:C	15.67
chr9:35657863:G:T	15.28
chr9:35657864:C:A	18.91
chr9:35657864:C:G	19.11
chr9:35657864:C:T	19.3
chr9:35657865:T:A	12.29
chr9:35657865:T:C	12.77
chr9:35657865:T:G	12.41
chr9:35657866:T:A	18.91
chr9:35657866:T:C	18.55
chr9:35657866:T:G	18.64
chr9:35657867:C:A	19.67
chr9:35657867:C:G	19.45
chr9:35657867:C:T	19.82
chr9:35657868:T:A	18.47
chr9:35657868:T:C	18.7
chr9:35657868:T:G	18.44
chr9:35657869:T:A	14.56
chr9:35657869:T:C	14.59
chr9:35657869:T:G	14.54
chr9:35657870:G:A	7.854
chr9:35657870:G:C	6.95
chr9:35657870:G:T	6.996
chr9:35657871:G:A	19.0
chr9:35657871:G:C	18.71
chr9:35657871:G:T	18.65
chr9:35657872:C:A	19.44
chr9:35657872:C:G	19.96
chr9:35657872:C:T	19.77
chr9:35657873:G:A	16.98
chr9:35657873:G:C	15.55
chr9:35657873:G:T	16.13
chr9:35657874:G:A	18.14
chr9:35657874:G:C	17.84
chr9:35657874:G:T	17.69
chr9:35657875:A:C	0.003
chr9:35657875:A:G	0.003
chr9:35657875:A:T	0.003
chr9:35657876:C:A	0.101
chr9:35657876:C:G	0.106
chr9:35657876:C:T	0.129
chr9:35657877:T:A	6.533
chr9:35657877:T:C	7.107
chr9:35657877:T:G	6.598
chr9:35657878:T:A	7.446
chr9:35657878:T:C	7.498
chr9:35657878:T:G	7.676
chr9:35657879:T:A	0.586
chr9:35657879:T:C	0.557
chr9:35657879:T:G	0.581
chr9:35657880:G:A	0.076
chr9:35657880:G:C	0.061
chr9:35657880:G:T	0.054
chr9:35657881:G:A	0.14
chr9:35657881:G:C	0.139
chr9:35657881:G:T	0.117
chr9:35657882:A:C	0.007
chr9:35657882:A:G	0.011
chr9:35657882:A:T	0.008
chr9:35657883:G:A	15.22
chr9:35657883:G:C	15.12
chr9:35657883:G:T	14.41
chr9:35657884:T:A	12.52
chr9:35657884:T:C	12.85
chr9:35657884:T:G	13.02
chr9:35657885:G:A	15.65
chr9:35657885:G:C	13.67
chr9:35657885:G:T	15.15
chr9:35657886:G:A	6.042
chr9:35657886:G:C	5.082
chr9:35657886:G:T	5.017
chr9:35657887:G:A	0.351
chr9:35657887:G:C	0.246
chr9:35657887:G:T	0.242
chr9:35657888:A:C	0.08
chr9:35657888:A:G	0.081
chr9:35657888:A:T	0.077
chr9:35657889:A:C	0.003
chr9:35657889:A:G	0.003
chr9:35657889:A:T	0.003
chr9:35657890:G:A	5.804
chr9:35657890:G:C	4.786
chr9:35657890:G:T	4.647
chr9:35657891:C:A	10.3
chr9:35657891:C:G	10.25
chr9:35657891:C:T	11.0
chr9:35657892:G:A	6.347
chr9:35657892:G:C	4.984
chr9:35657892:G:T	4.639
chr9:35657893:G:A	8.64
chr9:35657893:G:C	7.729
chr9:35657893:G:T	7.577
chr9:35657894:G:A	13.26
chr9:35657894:G:C	12.46
chr9:35657894:G:T	12.54
chr9:35657895:G:A	5.558
chr9:35657895:G:C	5.17
chr9:35657895:G:T	5.198
chr9:35657896:A:C	0.007
chr9:35657896:A:G	0.007
chr9:35657896:A:T	0.007
chr9:35657897:A:C	0.088
chr9:35657897:A:G	0.098
chr9:35657897:A:T	0.082
chr9:35657898:T:A	0.004
chr9:35657898:T:C	0.006
chr9:35657898:T:G	0.004
chr9:35657899:G:A	10.95
chr9:35657899:G:C	9.552
chr9:35657899:G:T	9.312
chr9:35657900:T:A	10.07
chr9:35657900:T:C	10.66
chr9:35657900:T:G	9.898
chr9:35657901:C:A	14.08
chr9:35657901:C:G	14.1
chr9:35657901:C:T	14.5
chr9:35657902:T:A	6.948
chr9:35657902:T:C	8.021
chr9:35657902:T:G	7.012
chr9:35657903:A:C	3.112
chr9:35657903:A:G	3.65
chr9:35657903:A:T	3.046
chr9:35657904:C:A	16.23
chr9:35657904:C:G	16.03
chr9:35657904:C:T	16.88
chr9:35657905:G:A	16.87
chr9:35657905:G:C	16.48
chr9:35657905:G:T	16.32
chr9:35657906:T:A	10.59
chr9:35657906:T:C	11.13
chr9:35657906:T:G	10.58
chr9:35657907:G:A	14.07
chr9:35657907:G:C	13.41
chr9:35657907:G:T	13.41
chr9:35657908:C:A	16.09
chr9:35657908:C:G	16.19
chr9:35657908:C:T	16.77
chr9:35657909:G:A	0.028
chr9:35657909:G:C	0.011
chr9:35657909:G:T	0.009
chr9:35657910:T:A	0.008
chr9:35657910:T:C	0.011
chr9:35657910:T:G	0.009
chr9:35657911:A:C	4.732
chr9:35657911:A:G	6.073
chr9:35657911:A:T	4.446
chr9:35657912:T:A	0.054
chr9:35657912:T:C	0.061
chr9:35657912:T:G	0.045
chr9:35657913:G:A	11.63
chr9:35657913:G:C	10.85
chr9:35657913:G:T	10.75
chr9:35657914:C:A	17.64
chr9:35657914:C:G	17.88
chr9:35657914:C:T	18.11
chr9:35657915:A:C	13.21
chr9:35657915:A:G	13.6
chr9:35657915:A:T	13.2
chr9:35657916:C:A	16.76
chr9:35657916:C:G	16.9
chr9:35657916:C:T	17.34
chr9:35657917:G:A	16.22
chr9:35657917:G:C	15.68
chr9:35657917:G:T	15.8
chr9:35657918:T:A	0.01
chr9:35657918:T:C	0.011
chr9:35657918:T:G	0.012
chr9:35657919:G:A	15.77
chr9:35657919:G:C	15.33
chr9:35657919:G:T	15.3
chr9:35657920:G:A	18.72
chr9:35657920:G:C	18.28
chr9:35657920:G:T	18.29
chr9:35657921:C:A	18.38
chr9:35657921:C:G	18.48
chr9:35657921:C:T	18.76
chr9:35657922:A:C	18.11
chr9:35657922:A:G	17.93
chr9:35657922:A:T	17.59
chr9:35657923:C:A	18.38
chr9:35657923:C:G	18.51
chr9:35657923:C:T	18.87
chr9:35657924:T:A	17.56
chr9:35657924:T:C	18.06
chr9:35657924:T:G	17.6
chr9:35657925:C:A	10.44
chr9:35657925:C:G	10.52
chr9:35657925:C:T	10.43
chr9:35657926:T:A	16.68
chr9:35657926:T:C	17.07
chr9:35657926:T:G	16.52
chr9:35657927:C:A	17.52
chr9:35657927:C:G	17.42
chr9:35657927:C:T	17.64
chr9:35657928:T:A	17.41
chr9:35657928:T:C	17.81
chr9:35657928:T:G	17.54
chr9:35657929:G:A	16.68
chr9:35657929:G:C	15.93
chr9:35657929:G:T	15.92
chr9:35657930:C:A	18.07
chr9:35657930:C:G	18.16
chr9:35657930:C:T	18.59
chr9:35657931:C:A	15.66
chr9:35657931:C:G	15.61
chr9:35657931:C:T	16.0
chr9:35657932:C:A	0.003
chr9:35657932:C:G	0.004
chr9:35657932:C:T	0.005
chr9:35657933:G:A	0.015
chr9:35657933:G:C	0.01
chr9:35657933:G:T	0.01
chr9:35657934:A:C	0.001
chr9:35657934:A:G	0.001
chr9:35657934:A:T	0.001
chr9:35657935:G:A	15.96
chr9:35657935:G:C	15.58
chr9:35657935:G:T	15.48
chr9:35657936:G:A	17.77
chr9:35657936:G:C	17.48
chr9:35657936:G:T	17.42
chr9:35657937:T:A	19.22
chr9:35657937:T:C	19.53
chr9:35657937:T:G	19.19
chr9:35657938:C:A	20.4
chr9:35657938:C:G	20.4
chr9:35657938:C:T	20.6
chr9:35657939:C:A	20.6
chr9:35657939:C:G	20.5
chr9:35657939:C:T	20.9
chr9:35657940:G:A	20.9
chr9:35657940:G:C	20.6
chr9:35657940:G:T	20.2
chr9:35657941:G:A	19.64
chr9:35657941:G:C	19.53
chr9:35657941:G:T	19.59
chr9:35657942:G:A	20.8
chr9:35657942:G:C	20.5
chr9:35657942:G:T	20.4
chr9:35657943:G:A	20.9
chr9:35657943:G:C	20.6
chr9:35657943:G:T	20.6
chr9:35657944:A:C	20.1
chr9:35657944:A:G	20.4
chr9:35657944:A:T	20.2
chr9:35657945:C:A	20.8
chr9:35657945:C:G	20.8
chr9:35657945:C:T	21.0
chr9:35657946:T:A	20.1
chr9:35657946:T:C	20.4
chr9:35657946:T:G	19.98
chr9:35657947:T:A	20.3
chr9:35657947:T:C	20.3
chr9:35657947:T:G	19.99
chr9:35657948:T:A	19.62
chr9:35657948:T:C	19.42
chr9:35657948:T:G	19.44
chr9:35657949:C:A	21.0
chr9:35657949:C:G	21.1
chr9:35657949:C:T	21.0
chr9:35657950:C:A	20.5
chr9:35657950:C:G	20.5
chr9:35657950:C:T	21.0
chr9:35657951:C:A	20.5
chr9:35657951:C:G	19.33
chr9:35657951:C:T	20.9
chr9:35657952:C:A	20.3
chr9:35657952:C:G	20.4
chr9:35657952:C:T	20.7
chr9:35657953:T:A	18.68
chr9:35657953:T:C	18.84
chr9:35657953:T:G	18.52
chr9:35657954:A:C	17.46
chr9:35657954:A:G	17.94
chr9:35657954:A:T	17.54
chr9:35657955:G:A	20.3
chr9:35657955:G:C	19.89
chr9:35657955:G:T	19.81
chr9:35657956:G:A	19.71
chr9:35657956:G:C	19.16
chr9:35657956:G:T	19.32
chr9:35657957:C:A	17.92
chr9:35657957:C:G	17.92
chr9:35657957:C:T	18.21
chr9:35657958:G:A	0.212
chr9:35657958:G:C	0.13
chr9:35657958:G:T	0.16
chr9:35657959:G:A	0.013
chr9:35657959:G:C	0.013
chr9:35657959:G:T	0.012
chr9:35657960:A:C	0.113
chr9:35657960:A:G	0.122
chr9:35657960:A:T	0.099
chr9:35657961:A:C	0.21
chr9:35657961:A:G	0.223
chr9:35657961:A:T	0.188
chr9:35657962:A:C	0.011
chr9:35657962:A:G	0.013
chr9:35657962:A:T	0.011
chr9:35657963:G:A	0.498
chr9:35657963:G:C	0.336
chr9:35657963:G:T	0.316
chr9:35657964:G:A	0.048
chr9:35657964:G:C	0.015
chr9:35657964:G:T	0.04
chr9:35657965:G:A	0.07
chr9:35657965:G:C	0.049
chr9:35657965:G:T	0.053
chr9:35657966:G:A	0.035
chr9:35657966:G:C	0.025
chr9:35657966:G:T	0.025
chr9:35657967:A:C	12.22
chr9:35657967:A:G	12.96
chr9:35657967:A:T	12.07
chr9:35657968:G:A	15.78
chr9:35657968:G:C	15.12
chr9:35657968:G:T	15.17
chr9:35657969:G:A	13.94
chr9:35657969:G:C	13.23
chr9:35657969:G:T	13.25
chr9:35657970:A:C	15.24
chr9:35657970:A:G	15.5
chr9:35657970:A:T	15.26
chr9:35657971:A:C	15.88
chr9:35657971:A:G	16.09
chr9:35657971:A:T	15.87
chr9:35657972:C:A	14.71
chr9:35657972:C:G	14.8
chr9:35657972:C:T	15.09
chr9:35657973:A:C	0.001
chr9:35657973:A:G	0.001
chr9:35657973:A:T	0.001
chr9:35657974:G:A	0.2
chr9:35657974:G:C	0.142
chr9:35657974:G:T	0.109
chr9:35657975:A:C	3.9
chr9:35657975:A:G	4.339
chr9:35657975:A:T	3.591
chr9:35657976:G:A	14.95
chr9:35657976:G:C	14.66
chr9:35657976:G:T	14.53
chr9:35657977:T:A	15.29
chr9:35657977:T:C	15.44
chr9:35657977:T:G	15.13
chr9:35657978:C:A	15.27
chr9:35657978:C:G	15.17
chr9:35657978:C:T	15.49
chr9:35657979:C:A	16.7
chr9:35657979:C:G	16.59
chr9:35657979:C:T	16.75
chr9:35657980:T:A	0.321
chr9:35657980:T:C	0.366
chr9:35657980:T:G	0.272
chr9:35657981:C:A	2.947
chr9:35657981:C:G	2.295
chr9:35657981:C:T	3.324
chr9:35657982:A:C	9.703
chr9:35657982:A:G	10.37
chr9:35657982:A:T	9.327
chr9:35657983:G:A	15.47
chr9:35657983:G:C	15.13
chr9:35657983:G:T	14.89
chr9:35657984:T:A	6.99
chr9:35657984:T:C	7.61
chr9:35657984:T:G	7.201
chr9:35657985:G:A	0.001
chr9:35657985:G:C	0.001
chr9:35657985:G:T	0.001
chr9:35657986:T:A	3.427
chr9:35657986:T:C	4.038
chr9:35657986:T:G	3.946
chr9:35657987:G:A	18.93
chr9:35657987:G:C	18.47
chr9:35657987:G:T	18.45
chr9:35657988:T:A	17.23
chr9:35657988:T:C	17.57
chr9:35657988:T:G	17.26
chr9:35657989:A:C	14.83
chr9:35657989:A:G	15.29
chr9:35657989:A:T	14.78
chr9:35657990:G:A	20.1
chr9:35657990:G:C	19.82
chr9:35657990:G:T	19.32
chr9:35657991:C:A	18.95
chr9:35657991:C:G	18.95
chr9:35657991:C:T	19.19
chr9:35657992:C:A	19.69
chr9:35657992:C:G	19.81
chr9:35657992:C:T	20.1
chr9:35657993:T:A	17.02
chr9:35657993:T:C	17.38
chr9:35657993:T:G	17.09
chr9:35657994:A:C	18.82
chr9:35657994:A:G	19.29
chr9:35657994:A:T	18.95
chr9:35657995:G:A	20.2
chr9:35657995:G:C	19.68
chr9:35657995:G:T	19.62
chr9:35657996:G:A	18.26
chr9:35657996:G:C	17.89
chr9:35657996:G:T	17.83
chr9:35657997:A:C	14.19
chr9:35657997:A:G	14.1
chr9:35657997:A:T	13.87
chr9:35657998:T:A	15.55
chr9:35657998:T:C	15.95
chr9:35657998:T:G	15.56
chr9:35657999:A:C	15.67
chr9:35657999:A:G	15.84
chr9:35657999:A:T	15.59
chr9:35658000:C:A	20.1
chr9:35658000:C:G	20.2
chr9:35658000:C:T	20.5
chr9:35658001:A:C	19.19
chr9:35658001:A:G	19.44
chr9:35658001:A:T	19.06
chr9:35658002:G:A	20.3
chr9:35658002:G:C	19.81
chr9:35658002:G:T	19.77
chr9:35658003:G:A	20.4
chr9:35658003:G:C	20.1
chr9:35658003:G:T	19.83
chr9:35658004:C:A	19.96
chr9:35658004:C:G	20.2
chr9:35658004:C:T	20.3
chr9:35658005:C:A	18.19
chr9:35658005:C:G	18.2
chr9:35658005:C:T	18.68
chr9:35658006:T:A	19.17
chr9:35658006:T:C	19.69
chr9:35658006:T:G	19.14
chr9:35658007:T:A	19.5
chr9:35658007:T:C	19.14
chr9:35658007:T:G	19.13
chr9:35658008:C:A	20.3
chr9:35658008:C:G	19.85
chr9:35658008:C:T	20.4
chr9:35658009:A:C	17.71
chr9:35658009:A:G	17.94
chr9:35658009:A:T	17.7
chr9:35658010:G:A	17.28
chr9:35658010:G:C	16.93
chr9:35658010:G:T	16.82
chr9:35658011:C:A	16.72
chr9:35658011:C:G	16.59
chr9:35658011:C:T	17.13
chr9:35658012:A:C	11.61
chr9:35658012:A:G	11.57
chr9:35658012:A:T	10.98
chr9:35658013:C:A	16.41
chr9:35658013:C:G	16.35
chr9:35658013:C:T	16.87
chr9:35658014:G:A	12.89
chr9:35658014:G:C	12.03
chr9:35658014:G:T	12.73
chr9:35658015:A:C	1.231
chr9:35658015:A:G	1.328
chr9:35658015:A:T	1.32
chr9:35658016:A:C	0.002
chr9:35658016:A:G	0.002
chr9:35658016:A:T	0.002
chr9:35658017:C:A	1.748
chr9:35658017:C:G	4.68
chr9:35658017:C:T	5.556
chr9:35658018:C:A	0.126
chr9:35658018:C:G	0.153
chr9:35658018:C:T	0.195
chr9:134164439:A:C	0.002
chr9:134164439:A:G	0.003
chr9:134164439:A:T	0.003
chr9:134164440:A:C	9.572
chr9:134164440:A:G	7.759
chr9:134164440:A:T	8.611
chr9:134164441:A:C	16.41
chr9:134164441:A:G	15.91
chr9:134164441:A:T	15.71
chr9:134164442:A:C	15.45
chr9:134164442:A:G	15.51
chr9:134164442:A:T	15.3
chr9:134164443:A:C	16.51
chr9:134164443:A:G	16.52
chr9:134164443:A:T	16.53
chr9:134164444:A:C	15.64
chr9:134164444:A:G	16.59
chr9:134164444:A:T	15.49
chr9:134164445:C:A	18.38
chr9:134164445:C:G	18.22
chr9:134164445:C:T	19.03
chr9:134164446:G:A	2.591
chr9:134164446:G:C	0.896
chr9:134164446:G:T	2.067
chr9:134164447:A:C	1.067
chr9:134164447:A:G	1.328
chr9:134164447:A:T	1.088
chr9:134164448:T:A	14.18
chr9:134164448:T:C	14.83
chr9:134164448:T:G	14.99
chr9:134164449:G:A	18.53
chr9:134164449:G:C	17.61
chr9:134164449:G:T	17.91
chr9:134164450:G:A	17.67
chr9:134164450:G:C	17.36
chr9:134164450:G:T	17.35
chr9:134164451:T:A	16.43
chr9:134164451:T:C	16.69
chr9:134164451:T:G	16.52
chr9:134164452:T:A	16.94
chr9:134164452:T:C	17.22
chr9:134164452:T:G	16.96
chr9:134164453:A:C	17.48
chr9:134164453:A:G	17.59
chr9:134164453:A:T	17.41
chr9:134164454:G:A	20.1
chr9:134164454:G:C	19.62
chr9:134164454:G:T	19.54
chr9:134164455:A:C	17.88
chr9:134164455:A:G	18.01
chr9:134164455:A:T	17.83
chr9:134164456:T:A	19.13
chr9:134164456:T:C	19.25
chr9:134164456:T:G	19.16
chr9:134164457:G:A	19.28
chr9:134164457:G:C	18.46
chr9:134164457:G:T	18.36
chr9:134164458:C:A	20.2
chr9:134164458:C:G	19.97
chr9:134164458:C:T	20.4
chr9:134164459:C:A	19.19
chr9:134164459:C:G	18.85
chr9:134164459:C:T	19.84
chr9:134164460:A:C	18.62
chr9:134164460:A:G	19.02
chr9:134164460:A:T	18.15
chr9:134164461:C:A	20.5
chr9:134164461:C:G	20.4
chr9:134164461:C:T	20.8
chr9:134164462:G:A	15.94
chr9:134164462:G:C	14.85
chr9:134164462:G:T	15.85
chr9:134164463:A:C	19.44
chr9:134164463:A:G	19.62
chr9:134164463:A:T	19.22
chr9:134164464:A:C	17.77
chr9:134164464:A:G	18.17
chr9:134164464:A:T	17.74
chr9:134164465:G:A	21.1
chr9:134164465:G:C	20.9
chr9:134164465:G:T	20.8
chr9:134164466:T:A	19.46
chr9:134164466:T:C	19.91
chr9:134164466:T:G	19.61
chr9:134164467:A:C	19.53
chr9:134164467:A:G	20.2
chr9:134164467:A:T	19.47
chr9:134164468:G:A	16.97
chr9:134164468:G:C	16.38
chr9:134164468:G:T	16.68
chr9:134164469:G:A	19.75
chr9:134164469:G:C	19.22
chr9:134164469:G:T	19.19
chr9:134164470:T:A	18.18
chr9:134164470:T:C	19.04
chr9:134164470:T:G	19.0
chr9:134164471:G:A	20.6
chr9:134164471:G:C	20.2
chr9:134164471:G:T	20.2
chr9:134164472:G:A	19.71
chr9:134164472:G:C	19.11
chr9:134164472:G:T	19.13
chr9:134164473:C:A	19.72
chr9:134164473:C:G	19.8
chr9:134164473:C:T	19.97
chr9:134164474:A:C	19.68
chr9:134164474:A:G	19.88
chr9:134164474:A:T	19.86
chr9:134164475:A:C	17.45
chr9:134164475:A:G	17.79
chr9:134164475:A:T	17.23
chr9:134164476:T:A	19.77
chr9:134164476:T:C	20.3
chr9:134164476:T:G	19.74
chr9:134164477:G:A	21.1
chr9:134164477:G:C	20.3
chr9:134164477:G:T	20.3
chr9:134164478:C:A	20.8
chr9:134164478:C:G	20.5
chr9:134164478:C:T	20.8
chr9:134164479:C:A	20.4
chr9:134164479:C:G	20.4
chr9:134164479:C:T	20.6
chr9:134164480:T:A	19.67
chr9:134164480:T:C	20.7
chr9:134164480:T:G	19.64
chr9:134164481:T:A	20.2
chr9:134164481:T:C	19.76
chr9:134164481:T:G	19.59
chr9:134164482:A:C	19.63
chr9:134164482:A:G	19.66
chr9:134164482:A:T	19.55
chr9:134164483:A:C	20.3
chr9:134164483:A:G	20.3
chr9:134164483:A:T	19.47
chr9:134164484:C:A	20.5
chr9:134164484:C:G	20.3
chr9:134164484:C:T	20.6
chr9:134164485:C:A	20.7
chr9:134164485:C:G	20.6
chr9:134164485:C:T	21.5
chr9:134164486:G:A	19.34
chr9:134164486:G:C	19.63
chr9:134164486:G:T	18.87
chr9:134164487:T:A	19.45
chr9:134164487:T:C	19.67
chr9:134164487:T:G	19.55
chr9:134164488:A:C	19.46
chr9:134164488:A:G	19.9
chr9:134164488:A:T	19.4
chr9:134164489:T:A	19.69
chr9:134164489:T:C	20.4
chr9:134164489:T:G	19.63
chr9:134164490:G:A	20.5
chr9:134164490:G:C	20.3
chr9:134164490:G:T	20.1
chr9:134164491:C:A	15.19
chr9:134164491:C:G	15.06
chr9:134164491:C:T	15.87
chr9:134164492:G:A	21.0
chr9:134164492:G:C	20.4
chr9:134164492:G:T	20.2
chr9:134164493:T:A	19.55
chr9:134164493:T:C	20.3
chr9:134164493:T:G	19.47
chr9:134164494:G:A	20.8
chr9:134164494:G:C	20.2
chr9:134164494:G:T	20.3
chr9:134164495:T:A	19.51
chr9:134164495:T:C	19.83
chr9:134164495:T:G	19.6
chr9:134164496:T:A	19.73
chr9:134164496:T:C	19.82
chr9:134164496:T:G	19.84
chr9:134164497:G:A	21.3
chr9:134164497:G:C	20.4
chr9:134164497:G:T	20.5
chr9:134164498:T:A	17.66
chr9:134164498:T:C	17.78
chr9:134164498:T:G	17.6
chr9:134164499:C:A	10.16
chr9:134164499:C:G	9.637
chr9:134164499:C:T	10.8
chr9:134164500:A:C	19.48
chr9:134164500:A:G	19.7
chr9:134164500:A:T	19.47
chr9:134164501:G:A	19.47
chr9:134164501:G:C	19.06
chr9:134164501:G:T	19.23
chr9:134164502:G:A	18.59
chr9:134164502:G:C	18.17
chr9:134164502:G:T	17.91
chr9:134164503:C:A	20.3
chr9:134164503:C:G	20.4
chr9:134164503:C:T	20.5
chr9:134164504:C:A	20.3
chr9:134164504:C:G	20.3
chr9:134164504:C:T	20.5
chr9:134164505:C:A	17.92
chr9:134164505:C:G	18.06
chr9:134164505:C:T	18.4
chr9:134164506:G:A	12.38
chr9:134164506:G:C	11.64
chr9:134164506:G:T	12.22
chr9:134164507:A:C	16.36
chr9:134164507:A:G	16.51
chr9:134164507:A:T	16.35
chr9:134164508:G:A	15.44
chr9:134164508:G:C	15.29
chr9:134164508:G:T	15.14
chr9:134164509:G:A	13.66
chr9:134164509:G:C	13.24
chr9:134164509:G:T	13.07
chr9:134164510:G:A	20.2
chr9:134164510:G:C	20.3
chr9:134164510:G:T	19.91
chr9:134164511:C:A	19.01
chr9:134164511:C:G	19.19
chr9:134164511:C:T	19.54
chr9:134164512:C:A	19.19
chr9:134164512:C:G	19.19
chr9:134164512:C:T	19.43
chr9:134164513:T:A	19.05
chr9:134164513:T:C	20.4
chr9:134164513:T:G	18.85
chr9:134164514:C:A	21.2
chr9:134164514:C:G	20.9
chr9:134164514:C:T	21.0
chr9:134164515:T:A	18.87
chr9:134164515:T:C	18.9
chr9:134164515:T:G	18.95
chr9:134164516:T:A	20.9
chr9:134164516:T:C	20.9
chr9:134164516:T:G	20.3
chr9:134164517:C:A	21.3
chr9:134164517:C:G	20.9
chr9:134164517:C:T	21.0
chr9:134164518:C:A	20.5
chr9:134164518:C:G	20.4
chr9:134164518:C:T	21.2
chr9:134164519:A:C	20.4
chr9:134164519:A:G	19.74
chr9:134164519:A:T	19.66
chr9:134164520:T:A	20.4
chr9:134164520:T:C	21.0
chr9:134164520:T:G	19.78
chr9:134164521:C:A	20.8
chr9:134164521:C:G	20.6
chr9:134164521:C:T	20.3
chr9:134164522:C:A	19.3
chr9:134164522:C:G	18.96
chr9:134164522:C:T	19.45
chr9:134164523:T:A	19.37
chr9:134164523:T:C	20.4
chr9:134164523:T:G	19.39
chr9:134164524:T:A	20.1
chr9:134164524:T:C	19.66
chr9:134164524:T:G	19.52
chr9:134164525:G:A	20.9
chr9:134164525:G:C	20.3
chr9:134164525:G:T	20.2
chr9:134164526:T:A	19.51
chr9:134164526:T:C	19.67
chr9:134164526:T:G	19.47
chr9:134164527:C:A	20.6
chr9:134164527:C:G	20.3
chr9:134164527:C:T	20.8
chr9:134164528:A:C	19.52
chr9:134164528:A:G	19.58
chr9:134164528:A:T	19.75
chr9:134164529:A:C	17.68
chr9:134164529:A:G	17.82
chr9:134164529:A:T	17.61
chr9:134164530:G:A	20.2
chr9:134164530:G:C	19.87
chr9:134164530:G:T	19.84
chr9:134164531:G:A	20.2
chr9:134164531:G:C	18.68
chr9:134164531:G:T	19.83
chr9:134164532:G:A	20.2
chr9:134164532:G:C	19.95
chr9:134164532:G:T	19.87
chr9:134164533:G:A	20.3
chr9:134164533:G:C	20.0
chr9:134164533:G:T	19.97
chr9:134164534:A:C	19.32
chr9:134164534:A:G	19.52
chr9:134164534:A:T	19.43
chr9:134164535:G:A	20.7
chr9:134164535:G:C	20.2
chr9:134164535:G:T	20.3
chr9:134164536:T:A	19.59
chr9:134164536:T:C	19.62
chr9:134164536:T:G	19.49
chr9:134164537:G:A	20.7
chr9:134164537:G:C	20.1
chr9:134164537:G:T	19.94
chr9:134164538:C:A	20.3
chr9:134164538:C:G	20.2
chr9:134164538:C:T	20.4
chr9:134164539:T:A	19.47
chr9:134164539:T:C	19.65
chr9:134164539:T:G	19.51
chr9:134164540:A:C	19.44
chr9:134164540:A:G	19.52
chr9:134164540:A:T	19.46
chr9:134164541:A:C	19.92
chr9:134164541:A:G	19.55
chr9:134164541:A:T	19.42
chr9:134164542:C:A	20.3
chr9:134164542:C:G	20.3
chr9:134164542:C:T	20.6
chr9:134164543:C:A	20.4
chr9:134164543:C:G	20.4
chr9:134164543:C:T	20.7
chr9:134164544:T:A	19.66
chr9:134164544:T:C	20.6
chr9:134164544:T:G	19.55
chr9:134164545:T:A	20.9
chr9:134164545:T:C	19.82
chr9:134164545:T:G	20.3
chr9:134164546:C:A	21.7
chr9:134164546:C:G	20.8
chr9:134164546:C:T	21.2
chr9:134164547:T:A	19.85
chr9:134164547:T:C	20.9
chr9:134164547:T:G	19.75
chr9:134164548:C:A	21.0
chr9:134164548:C:G	20.6
chr9:134164548:C:T	20.8
chr9:134164549:T:A	20.6
chr9:134164549:T:C	20.7
chr9:134164549:T:G	19.91
chr9:134164550:C:A	21.3
chr9:134164550:C:G	20.6
chr9:134164550:C:T	20.6
chr9:134164551:C:A	20.9
chr9:134164551:C:G	20.5
chr9:134164551:C:T	20.9
chr9:134164552:T:A	19.57
chr9:134164552:T:C	20.3
chr9:134164552:T:G	19.68
chr9:134164553:T:A	20.5
chr9:134164553:T:C	19.65
chr9:134164553:T:G	19.73
chr9:134164554:T:A	20.3
chr9:134164554:T:C	19.59
chr9:134164554:T:G	19.49
chr9:134164555:C:A	19.91
chr9:134164555:C:G	19.5
chr9:134164555:C:T	19.96
chr9:134164556:A:C	19.7
chr9:134164556:A:G	19.41
chr9:134164556:A:T	19.41
chr9:134164557:T:A	19.39
chr9:134164557:T:C	19.54
chr9:134164557:T:G	19.35
chr9:134164558:A:C	19.04
chr9:134164558:A:G	19.25
chr9:134164558:A:T	19.02
chr9:134164559:C:A	19.92
chr9:134164559:C:G	19.79
chr9:134164559:C:T	20.4
chr9:134164560:A:C	19.14
chr9:134164560:A:G	18.89
chr9:134164560:A:T	19.3
chr9:134164561:A:C	18.49
chr9:134164561:A:G	18.64
chr9:134164561:A:T	18.46
chr9:134164562:C:A	19.67
chr9:134164562:C:G	19.15
chr9:134164562:C:T	19.89
chr9:134164563:A:C	18.28
chr9:134164563:A:G	17.69
chr9:134164563:A:T	17.58
chr9:134164564:C:A	17.96
chr9:134164564:C:G	18.03
chr9:134164564:C:T	18.22
